threshold,accuracy,precision,recall,f1,macro_precision,macro_recall,macro_f1,recall_123,recall_45,auc_pr,auc_roc,method
0.0,0.6225812340270171,0.6225812340270171,1.0,0.767396073578219,0.3112906170135086,0.5,0.3836980367891095,0.0,1.0,0.8311530819334549,0.7473337461467155,5-class P4+P5
0.001,0.6225812340270171,0.6225812340270171,1.0,0.767396073578219,0.3112906170135086,0.5,0.3836980367891095,0.0,1.0,0.8311530819334549,0.7473337461467155,5-class P4+P5
0.002,0.6225812340270171,0.6225812340270171,1.0,0.767396073578219,0.3112906170135086,0.5,0.3836980367891095,0.0,1.0,0.8311530819334549,0.7473337461467155,5-class P4+P5
0.003,0.6225812340270171,0.6225812340270171,1.0,0.767396073578219,0.3112906170135086,0.5,0.3836980367891095,0.0,1.0,0.8311530819334549,0.7473337461467155,5-class P4+P5
0.004,0.6225812340270171,0.6225812340270171,1.0,0.767396073578219,0.3112906170135086,0.5,0.3836980367891095,0.0,1.0,0.8311530819334549,0.7473337461467155,5-class P4+P5
0.005,0.6225812340270171,0.6225812340270171,1.0,0.767396073578219,0.3112906170135086,0.5,0.3836980367891095,0.0,1.0,0.8311530819334549,0.7473337461467155,5-class P4+P5
0.006,0.6225812340270171,0.6225812340270171,1.0,0.767396073578219,0.3112906170135086,0.5,0.3836980367891095,0.0,1.0,0.8311530819334549,0.7473337461467155,5-class P4+P5
0.007,0.6225812340270171,0.6225812340270171,1.0,0.767396073578219,0.3112906170135086,0.5,0.3836980367891095,0.0,1.0,0.8311530819334549,0.7473337461467155,5-class P4+P5
0.008,0.6225812340270171,0.6225812340270171,1.0,0.767396073578219,0.3112906170135086,0.5,0.3836980367891095,0.0,1.0,0.8311530819334549,0.7473337461467155,5-class P4+P5
0.009000000000000001,0.6225812340270171,0.6225812340270171,1.0,0.767396073578219,0.3112906170135086,0.5,0.3836980367891095,0.0,1.0,0.8311530819334549,0.7473337461467155,5-class P4+P5
0.01,0.6225812340270171,0.6225812340270171,1.0,0.767396073578219,0.3112906170135086,0.5,0.3836980367891095,0.0,1.0,0.8311530819334549,0.7473337461467155,5-class P4+P5
0.011,0.6225812340270171,0.6225812340270171,1.0,0.767396073578219,0.3112906170135086,0.5,0.3836980367891095,0.0,1.0,0.8311530819334549,0.7473337461467155,5-class P4+P5
0.012,0.6225812340270171,0.6225812340270171,1.0,0.767396073578219,0.3112906170135086,0.5,0.3836980367891095,0.0,1.0,0.8311530819334549,0.7473337461467155,5-class P4+P5
0.013000000000000001,0.6225812340270171,0.6225812340270171,1.0,0.767396073578219,0.3112906170135086,0.5,0.3836980367891095,0.0,1.0,0.8311530819334549,0.7473337461467155,5-class P4+P5
0.014,0.6225812340270171,0.6225812340270171,1.0,0.767396073578219,0.3112906170135086,0.5,0.3836980367891095,0.0,1.0,0.8311530819334549,0.7473337461467155,5-class P4+P5
0.015,0.6225812340270171,0.6225812340270171,1.0,0.767396073578219,0.3112906170135086,0.5,0.3836980367891095,0.0,1.0,0.8311530819334549,0.7473337461467155,5-class P4+P5
0.016,0.6225812340270171,0.6225812340270171,1.0,0.767396073578219,0.3112906170135086,0.5,0.3836980367891095,0.0,1.0,0.8311530819334549,0.7473337461467155,5-class P4+P5
0.017,0.6225812340270171,0.6225812340270171,1.0,0.767396073578219,0.3112906170135086,0.5,0.3836980367891095,0.0,1.0,0.8311530819334549,0.7473337461467155,5-class P4+P5
0.018000000000000002,0.6225812340270171,0.6225812340270171,1.0,0.767396073578219,0.3112906170135086,0.5,0.3836980367891095,0.0,1.0,0.8311530819334549,0.7473337461467155,5-class P4+P5
0.019,0.6225812340270171,0.6225812340270171,1.0,0.767396073578219,0.3112906170135086,0.5,0.3836980367891095,0.0,1.0,0.8311530819334549,0.7473337461467155,5-class P4+P5
0.02,0.6225812340270171,0.6225812340270171,1.0,0.767396073578219,0.3112906170135086,0.5,0.3836980367891095,0.0,1.0,0.8311530819334549,0.7473337461467155,5-class P4+P5
0.021,0.6225812340270171,0.6225812340270171,1.0,0.767396073578219,0.3112906170135086,0.5,0.3836980367891095,0.0,1.0,0.8311530819334549,0.7473337461467155,5-class P4+P5
0.022,0.6225812340270171,0.6225812340270171,1.0,0.767396073578219,0.3112906170135086,0.5,0.3836980367891095,0.0,1.0,0.8311530819334549,0.7473337461467155,5-class P4+P5
0.023,0.6225812340270171,0.6225812340270171,1.0,0.767396073578219,0.3112906170135086,0.5,0.3836980367891095,0.0,1.0,0.8311530819334549,0.7473337461467155,5-class P4+P5
0.024,0.6225812340270171,0.6225812340270171,1.0,0.767396073578219,0.3112906170135086,0.5,0.3836980367891095,0.0,1.0,0.8311530819334549,0.7473337461467155,5-class P4+P5
0.025,0.6225812340270171,0.6225812340270171,1.0,0.767396073578219,0.3112906170135086,0.5,0.3836980367891095,0.0,1.0,0.8311530819334549,0.7473337461467155,5-class P4+P5
0.026000000000000002,0.6225812340270171,0.6225812340270171,1.0,0.767396073578219,0.3112906170135086,0.5,0.3836980367891095,0.0,1.0,0.8311530819334549,0.7473337461467155,5-class P4+P5
0.027,0.6225812340270171,0.6225812340270171,1.0,0.767396073578219,0.3112906170135086,0.5,0.3836980367891095,0.0,1.0,0.8311530819334549,0.7473337461467155,5-class P4+P5
0.028,0.6225812340270171,0.6225812340270171,1.0,0.767396073578219,0.3112906170135086,0.5,0.3836980367891095,0.0,1.0,0.8311530819334549,0.7473337461467155,5-class P4+P5
0.029,0.6225812340270171,0.6225812340270171,1.0,0.767396073578219,0.3112906170135086,0.5,0.3836980367891095,0.0,1.0,0.8311530819334549,0.7473337461467155,5-class P4+P5
0.03,0.6225812340270171,0.6225812340270171,1.0,0.767396073578219,0.3112906170135086,0.5,0.3836980367891095,0.0,1.0,0.8311530819334549,0.7473337461467155,5-class P4+P5
0.031,0.6225812340270171,0.6225812340270171,1.0,0.767396073578219,0.3112906170135086,0.5,0.3836980367891095,0.0,1.0,0.8311530819334549,0.7473337461467155,5-class P4+P5
0.032,0.6225812340270171,0.6225812340270171,1.0,0.767396073578219,0.3112906170135086,0.5,0.3836980367891095,0.0,1.0,0.8311530819334549,0.7473337461467155,5-class P4+P5
0.033,0.6225812340270171,0.6225812340270171,1.0,0.767396073578219,0.3112906170135086,0.5,0.3836980367891095,0.0,1.0,0.8311530819334549,0.7473337461467155,5-class P4+P5
0.034,0.6225812340270171,0.6225812340270171,1.0,0.767396073578219,0.3112906170135086,0.5,0.3836980367891095,0.0,1.0,0.8311530819334549,0.7473337461467155,5-class P4+P5
0.035,0.6225812340270171,0.6225812340270171,1.0,0.767396073578219,0.3112906170135086,0.5,0.3836980367891095,0.0,1.0,0.8311530819334549,0.7473337461467155,5-class P4+P5
0.036000000000000004,0.6225812340270171,0.6225812340270171,1.0,0.767396073578219,0.3112906170135086,0.5,0.3836980367891095,0.0,1.0,0.8311530819334549,0.7473337461467155,5-class P4+P5
0.037,0.6225812340270171,0.6225812340270171,1.0,0.767396073578219,0.3112906170135086,0.5,0.3836980367891095,0.0,1.0,0.8311530819334549,0.7473337461467155,5-class P4+P5
0.038,0.6225812340270171,0.6225812340270171,1.0,0.767396073578219,0.3112906170135086,0.5,0.3836980367891095,0.0,1.0,0.8311530819334549,0.7473337461467155,5-class P4+P5
0.039,0.6225812340270171,0.6225812340270171,1.0,0.767396073578219,0.3112906170135086,0.5,0.3836980367891095,0.0,1.0,0.8311530819334549,0.7473337461467155,5-class P4+P5
0.04,0.6225812340270171,0.6225812340270171,1.0,0.767396073578219,0.3112906170135086,0.5,0.3836980367891095,0.0,1.0,0.8311530819334549,0.7473337461467155,5-class P4+P5
0.041,0.6226725082146769,0.6226380648105888,1.0,0.7674392439243924,0.8113190324052943,0.5001209189842806,0.38396140145929486,0.0002418379685610641,1.0,0.8311530819334549,0.7473337461467155,5-class P4+P5
0.042,0.6226725082146769,0.6226380648105888,1.0,0.7674392439243924,0.8113190324052943,0.5001209189842806,0.38396140145929486,0.0002418379685610641,1.0,0.8311530819334549,0.7473337461467155,5-class P4+P5
0.043000000000000003,0.6226725082146769,0.6226380648105888,1.0,0.7674392439243924,0.8113190324052943,0.5001209189842806,0.38396140145929486,0.0002418379685610641,1.0,0.8311530819334549,0.7473337461467155,5-class P4+P5
0.044,0.6226725082146769,0.6226380648105888,1.0,0.7674392439243924,0.8113190324052943,0.5001209189842806,0.38396140145929486,0.0002418379685610641,1.0,0.8311530819334549,0.7473337461467155,5-class P4+P5
0.045,0.6226725082146769,0.6226380648105888,1.0,0.7674392439243924,0.8113190324052943,0.5001209189842806,0.38396140145929486,0.0002418379685610641,1.0,0.8311530819334549,0.7473337461467155,5-class P4+P5
0.046,0.6226725082146769,0.6226380648105888,1.0,0.7674392439243924,0.8113190324052943,0.5001209189842806,0.38396140145929486,0.0002418379685610641,1.0,0.8311530819334549,0.7473337461467155,5-class P4+P5
0.047,0.6226725082146769,0.6226380648105888,1.0,0.7674392439243924,0.8113190324052943,0.5001209189842806,0.38396140145929486,0.0002418379685610641,1.0,0.8311530819334549,0.7473337461467155,5-class P4+P5
0.048,0.6226725082146769,0.6226380648105888,1.0,0.7674392439243924,0.8113190324052943,0.5001209189842806,0.38396140145929486,0.0002418379685610641,1.0,0.8311530819334549,0.7473337461467155,5-class P4+P5
0.049,0.6226725082146769,0.6226380648105888,1.0,0.7674392439243924,0.8113190324052943,0.5001209189842806,0.38396140145929486,0.0002418379685610641,1.0,0.8311530819334549,0.7473337461467155,5-class P4+P5
0.05,0.6226725082146769,0.6226380648105888,1.0,0.7674392439243924,0.8113190324052943,0.5001209189842806,0.38396140145929486,0.0002418379685610641,1.0,0.8311530819334549,0.7473337461467155,5-class P4+P5
0.051000000000000004,0.6226725082146769,0.6226380648105888,1.0,0.7674392439243924,0.8113190324052943,0.5001209189842806,0.38396140145929486,0.0002418379685610641,1.0,0.8311530819334549,0.7473337461467155,5-class P4+P5
0.052000000000000005,0.6226725082146769,0.6226380648105888,1.0,0.7674392439243924,0.8113190324052943,0.5001209189842806,0.38396140145929486,0.0002418379685610641,1.0,0.8311530819334549,0.7473337461467155,5-class P4+P5
0.053,0.6226725082146769,0.6226380648105888,1.0,0.7674392439243924,0.8113190324052943,0.5001209189842806,0.38396140145929486,0.0002418379685610641,1.0,0.8311530819334549,0.7473337461467155,5-class P4+P5
0.054,0.6227637824023367,0.6226949059704218,1.0,0.7674824191279888,0.8113474529852109,0.500241837968561,0.384224651671802,0.0004836759371221282,1.0,0.8311530819334549,0.7473337461467155,5-class P4+P5
0.055,0.6227637824023367,0.6226949059704218,1.0,0.7674824191279888,0.8113474529852109,0.500241837968561,0.384224651671802,0.0004836759371221282,1.0,0.8311530819334549,0.7473337461467155,5-class P4+P5
0.056,0.6227637824023367,0.6226949059704218,1.0,0.7674824191279888,0.8113474529852109,0.500241837968561,0.384224651671802,0.0004836759371221282,1.0,0.8311530819334549,0.7473337461467155,5-class P4+P5
0.057,0.6227637824023367,0.6226949059704218,1.0,0.7674824191279888,0.8113474529852109,0.500241837968561,0.384224651671802,0.0004836759371221282,1.0,0.8311530819334549,0.7473337461467155,5-class P4+P5
0.058,0.6227637824023367,0.6226949059704218,1.0,0.7674824191279888,0.8113474529852109,0.500241837968561,0.384224651671802,0.0004836759371221282,1.0,0.8311530819334549,0.7473337461467155,5-class P4+P5
0.059000000000000004,0.6227637824023367,0.6226949059704218,1.0,0.7674824191279888,0.8113474529852109,0.500241837968561,0.384224651671802,0.0004836759371221282,1.0,0.8311530819334549,0.7473337461467155,5-class P4+P5
0.06,0.6227637824023367,0.6226949059704218,1.0,0.7674824191279888,0.8113474529852109,0.500241837968561,0.384224651671802,0.0004836759371221282,1.0,0.8311530819334549,0.7473337461467155,5-class P4+P5
0.061,0.6228550565899964,0.6227517575093582,1.0,0.7675255991898279,0.8113758787546791,0.5003627569528416,0.384487787511782,0.0007255139056831923,1.0,0.8311530819334549,0.7473337461467155,5-class P4+P5
0.062,0.6228550565899964,0.6227517575093582,1.0,0.7675255991898279,0.8113758787546791,0.5003627569528416,0.384487787511782,0.0007255139056831923,1.0,0.8311530819334549,0.7473337461467155,5-class P4+P5
0.063,0.6228550565899964,0.6227517575093582,1.0,0.7675255991898279,0.8113758787546791,0.5003627569528416,0.384487787511782,0.0007255139056831923,1.0,0.8311530819334549,0.7473337461467155,5-class P4+P5
0.064,0.6228550565899964,0.6227517575093582,1.0,0.7675255991898279,0.8113758787546791,0.5003627569528416,0.384487787511782,0.0007255139056831923,1.0,0.8311530819334549,0.7473337461467155,5-class P4+P5
0.065,0.6228550565899964,0.6227517575093582,1.0,0.7675255991898279,0.8113758787546791,0.5003627569528416,0.384487787511782,0.0007255139056831923,1.0,0.8311530819334549,0.7473337461467155,5-class P4+P5
0.066,0.6230376049653158,0.6228654917359145,1.0,0.7676119738915147,0.8114327458679573,0.5006045949214026,0.3850137164143564,0.0012091898428053204,1.0,0.8311530819334549,0.7473337461467155,5-class P4+P5
0.067,0.6230376049653158,0.6228654917359145,1.0,0.7676119738915147,0.8114327458679573,0.5006045949214026,0.3850137164143564,0.0012091898428053204,1.0,0.8311530819334549,0.7473337461467155,5-class P4+P5
0.068,0.6231288791529755,0.6229223744292237,1.0,0.7676551685330032,0.8114611872146118,0.5007255139056832,0.3852765096468445,0.0014510278113663846,1.0,0.8311530819334549,0.7473337461467155,5-class P4+P5
0.069,0.6231288791529755,0.6229223744292237,1.0,0.7676551685330032,0.8114611872146118,0.5007255139056832,0.3852765096468445,0.0014510278113663846,1.0,0.8311530819334549,0.7473337461467155,5-class P4+P5
0.07,0.6231288791529755,0.6229223744292237,1.0,0.7676551685330032,0.8114611872146118,0.5007255139056832,0.3852765096468445,0.0014510278113663846,1.0,0.8311530819334549,0.7473337461467155,5-class P4+P5
0.07100000000000001,0.6231288791529755,0.6229223744292237,1.0,0.7676551685330032,0.8114611872146118,0.5007255139056832,0.3852765096468445,0.0014510278113663846,1.0,0.8311530819334549,0.7473337461467155,5-class P4+P5
0.07200000000000001,0.6232201533406353,0.6229792675130149,1.0,0.7676983680360158,0.8114896337565074,0.5008464328899638,0.3855391888465931,0.0016928657799274486,1.0,0.8311530819334549,0.7473337461467155,5-class P4+P5
0.073,0.6232201533406353,0.6229792675130149,1.0,0.7676983680360158,0.8114896337565074,0.5008464328899638,0.3855391888465931,0.0016928657799274486,1.0,0.8311530819334549,0.7473337461467155,5-class P4+P5
0.074,0.6232201533406353,0.6229792675130149,1.0,0.7676983680360158,0.8114896337565074,0.5008464328899638,0.3855391888465931,0.0016928657799274486,1.0,0.8311530819334549,0.7473337461467155,5-class P4+P5
0.075,0.6232201533406353,0.6229792675130149,1.0,0.7676983680360158,0.8114896337565074,0.5008464328899638,0.3855391888465931,0.0016928657799274486,1.0,0.8311530819334549,0.7473337461467155,5-class P4+P5
0.076,0.623311427528295,0.6230361709901352,1.0,0.7677415724013732,0.8115180854950677,0.5009673518742442,0.3858017540983453,0.0019347037484885128,1.0,0.8311530819334549,0.7473337461467155,5-class P4+P5
0.077,0.623311427528295,0.6230361709901352,1.0,0.7677415724013732,0.8115180854950677,0.5009673518742442,0.3858017540983453,0.0019347037484885128,1.0,0.8311530819334549,0.7473337461467155,5-class P4+P5
0.078,0.623311427528295,0.6230361709901352,1.0,0.7677415724013732,0.8115180854950677,0.5009673518742442,0.3858017540983453,0.0019347037484885128,1.0,0.8311530819334549,0.7473337461467155,5-class P4+P5
0.079,0.623311427528295,0.6230361709901352,1.0,0.7677415724013732,0.8115180854950677,0.5009673518742442,0.3858017540983453,0.0019347037484885128,1.0,0.8311530819334549,0.7473337461467155,5-class P4+P5
0.08,0.623311427528295,0.6230361709901352,1.0,0.7677415724013732,0.8115180854950677,0.5009673518742442,0.3858017540983453,0.0019347037484885128,1.0,0.8311530819334549,0.7473337461467155,5-class P4+P5
0.081,0.6234027017159547,0.623093084863433,1.0,0.7677847816298965,0.8115465424317165,0.5010882708585248,0.3860642054867629,0.002176541717049577,1.0,0.8311530819334549,0.7473337461467155,5-class P4+P5
0.082,0.6234027017159547,0.6231155778894473,0.9998533939305088,0.7677586400990656,0.7661032434901782,0.5011358868080596,0.38629128338769003,0.0024183796856106408,0.9998533939305088,0.8311530819334549,0.7473337461467155,5-class P4+P5
0.083,0.6234027017159547,0.6231155778894473,0.9998533939305088,0.7677586400990656,0.7661032434901782,0.5011358868080596,0.38629128338769003,0.0024183796856106408,0.9998533939305088,0.8311530819334549,0.7473337461467155,5-class P4+P5
0.084,0.6234027017159547,0.6231155778894473,0.9998533939305088,0.7677586400990656,0.7661032434901782,0.5011358868080596,0.38629128338769003,0.0024183796856106408,0.9998533939305088,0.8311530819334549,0.7473337461467155,5-class P4+P5
0.085,0.6234027017159547,0.6231155778894473,0.9998533939305088,0.7677586400990656,0.7661032434901782,0.5011358868080596,0.38629128338769003,0.0024183796856106408,0.9998533939305088,0.8311530819334549,0.7473337461467155,5-class P4+P5
0.08600000000000001,0.6234939759036144,0.623172514619883,0.9998533939305088,0.7678018575851393,0.7699195906432748,0.5012568057923402,0.38655344868646885,0.002660217654171705,0.9998533939305088,0.8311530819334549,0.7473337461467155,5-class P4+P5
0.08700000000000001,0.6234939759036144,0.623172514619883,0.9998533939305088,0.7678018575851393,0.7699195906432748,0.5012568057923402,0.38655344868646885,0.002660217654171705,0.9998533939305088,0.8311530819334549,0.7473337461467155,5-class P4+P5
0.088,0.6234027017159547,0.6231380791373481,0.9997067878610174,0.7677324926818284,0.7346459626455971,0.5011835027575946,0.3865181267652151,0.002660217654171705,0.9997067878610174,0.8311530819334549,0.7473337461467155,5-class P4+P5
0.089,0.6236765242789339,0.623308957952468,0.9997067878610174,0.7678621699228647,0.749154478976234,0.5015462597104362,0.38730376624305124,0.003385731559854897,0.9997067878610174,0.8311530819334549,0.7473337461467155,5-class P4+P5
0.09,0.6236765242789339,0.623308957952468,0.9997067878610174,0.7678621699228647,0.749154478976234,0.5015462597104362,0.38730376624305124,0.003385731559854897,0.9997067878610174,0.8311530819334549,0.7473337461467155,5-class P4+P5
0.091,0.6236765242789339,0.6233315048454928,0.9995601817915262,0.767836026803311,0.7283324190894132,0.501593875659971,0.3875298602593487,0.0036275695284159614,0.9995601817915262,0.8311530819334549,0.7473337461467155,5-class P4+P5
0.092,0.6241328952172326,0.6236391912908242,0.9994135757220349,0.7680261378999549,0.7318195956454121,0.5022460865309086,0.38906114587305435,0.005078597339782346,0.9994135757220349,0.8311530819334549,0.7473337461467155,5-class P4+P5
0.093,0.6242241694048923,0.6236962488563587,0.9994135757220349,0.7680694045405893,0.7349250475051023,0.5023670055151892,0.3893218928494823,0.00532043530834341,0.9994135757220349,0.8311530819334549,0.7473337461467155,5-class P4+P5
0.094,0.624315443592552,0.623753316863391,0.9994135757220349,0.768112676056338,0.7378025843576215,0.5024879244994697,0.3895825273602209,0.005562273276904474,0.9994135757220349,0.8311530819334549,0.7473337461467155,5-class P4+P5
0.095,0.6244067177802117,0.6238103953147877,0.9994135757220349,0.7681559524480253,0.7404766262288224,0.5026088434837502,0.38984304948848536,0.005804111245465538,0.9994135757220349,0.8311530819334549,0.7473337461467155,5-class P4+P5
0.096,0.6245892661555312,0.6239472720615159,0.9992669696525436,0.7682163989856298,0.7338486360307579,0.5028982974018461,0.39058768113428355,0.0065296251511487305,0.9992669696525436,0.8311530819334549,0.7473337461467155,5-class P4+P5
0.097,0.624680540343191,0.6240043943971436,0.9992669696525436,0.7682596934174932,0.7362446214409961,0.5030192163861267,0.3908476969966545,0.006771463119709794,0.9992669696525436,0.8311530819334549,0.7473337461467155,5-class P4+P5
0.098,0.624680540343191,0.6240043943971436,0.9992669696525436,0.7682596934174932,0.7362446214409961,0.5030192163861267,0.3908476969966545,0.006771463119709794,0.9992669696525436,0.8311530819334549,0.7473337461467155,5-class P4+P5
0.099,0.624680540343191,0.6240271037450783,0.9991203635830523,0.7682335700597452,0.7262992661582535,0.5030668323356616,0.39107122148071194,0.007013301088270859,0.9991203635830523,0.8311530819334549,0.7473337461467155,5-class P4+P5
0.1,0.6250456370938299,0.6242557479160942,0.9991203635830523,0.7684068102379074,0.7352047970349702,0.5035505082727837,0.39210949040884346,0.007980652962515114,0.9991203635830523,0.8311530819334549,0.7473337461467155,5-class P4+P5
0.101,0.6251369112814896,0.6243129351410773,0.9991203635830523,0.7684501324914021,0.7371564675705387,0.5036714272570643,0.3923687788205514,0.008222490931076179,0.9991203635830523,0.8311530819334549,0.7473337461467155,5-class P4+P5
0.10200000000000001,0.6252281854691494,0.6243701328447091,0.9991203635830523,0.7684934596301308,0.7390143347150375,0.5037923462413448,0.39262795586870525,0.008464328899637243,0.9991203635830523,0.8311530819334549,0.7473337461467155,5-class P4+P5
0.10300000000000001,0.6252281854691494,0.6243701328447091,0.9991203635830523,0.7684934596301308,0.7390143347150375,0.5037923462413448,0.39262795586870525,0.008464328899637243,0.9991203635830523,0.8311530819334549,0.7473337461467155,5-class P4+P5
0.10400000000000001,0.6251369112814896,0.6243357155946491,0.9989737575135611,0.768424020298844,0.7288345244639912,0.5037190432065992,0.39259122968497384,0.008464328899637243,0.9989737575135611,0.8311530819334549,0.7473337461467155,5-class P4+P5
0.105,0.6252281854691494,0.6243929258682306,0.9989737575135611,0.7684673508514718,0.730801114096906,0.5038399621908797,0.3928502383745152,0.008706166868198308,0.9989737575135611,0.8311530819334549,0.7473337461467155,5-class P4+P5
0.106,0.625319459656809,0.6244501466275659,0.9989737575135611,0.7685106862910956,0.7326796187683284,0.5039608811751602,0.3931091359189386,0.00894800483675937,0.9989737575135611,0.8311530819334549,0.7473337461467155,5-class P4+P5
0.107,0.625684556407448,0.6247019988996882,0.9988271514440697,0.7686579793535285,0.732350999449844,0.5044921730618173,0.39436483197067107,0.010157194679564692,0.9988271514440697,0.8311530819334549,0.7473337461467155,5-class P4+P5
0.108,0.6257758305951077,0.6247592847317744,0.9988271514440697,0.7687013426604987,0.7339482698168676,0.5046130920460977,0.3946230076895422,0.010399032648125755,0.9988271514440697,0.8311530819334549,0.7473337461467155,5-class P4+P5
0.109,0.6258671047827674,0.6248394789946798,0.9986805453745785,0.7687186142300965,0.7290864061640066,0.5047816269799132,0.39510172774049584,0.010882708585247884,0.9986805453745785,0.8311530819334549,0.7473337461467155,5-class P4+P5
0.11,0.6260496531580869,0.624954128440367,0.9986805453745785,0.7688053721573275,0.7321199213630407,0.5050234649484743,0.39561719335616313,0.011366384522370012,0.9986805453745785,0.8311530819334549,0.7473337461467155,5-class P4+P5
0.111,0.6262322015334063,0.6250688199669664,0.9986805453745785,0.768892149669846,0.7349482030869314,0.5052653029170353,0.39613221840754403,0.01185006045949214,0.9986805453745785,0.8311530819334549,0.7473337461467155,5-class P4+P5
0.112,0.6261409273457467,0.6250344131412315,0.9985339393050873,0.7688226662151484,0.7277714438587514,0.5051919998822897,0.3960946902844936,0.01185006045949214,0.9985339393050873,0.8311530819334549,0.7473337461467155,5-class P4+P5
0.113,0.6264147499087258,0.6252295262578039,0.9983873332355959,0.7689267769434879,0.726677263128902,0.5056023727846661,0.39708544134147483,0.012817412333736396,0.9983873332355959,0.8311530819334549,0.7473337461467155,5-class P4+P5
0.114,0.6268711208470245,0.6255166712593001,0.9983873332355959,0.7691438897673368,0.7330481907021138,0.5062069677060688,0.3983683292794819,0.014026602176541718,0.9983873332355959,0.8311530819334549,0.7473337461467155,5-class P4+P5
0.115,0.627053669222344,0.6256316031235646,0.9983873332355959,0.7692307692307693,0.7353510128293879,0.5064488056746299,0.3988807198507627,0.014510278113663845,0.9983873332355959,0.8311530819334549,0.7473337461467155,5-class P4+P5
0.116,0.6272362175976633,0.625746577230543,0.9983873332355959,0.7693176683235426,0.7375308228618469,0.5066906436431909,0.39939267446595383,0.014993954050785973,0.9983873332355959,0.8311530819334549,0.7473337461467155,5-class P4+P5
0.117,0.6273274917853231,0.6258040801323286,0.9983873332355959,0.7693611252330114,0.73857771574184,0.5068115626274715,0.3996484884896347,0.015235792019347038,0.9983873332355959,0.8311530819334549,0.7473337461467155,5-class P4+P5
0.11800000000000001,0.6275100401606426,0.6259191176470589,0.9983873332355959,0.7694480537822722,0.7405911377708978,0.5070534005960325,0.40015979036774496,0.015719467956469165,0.9983873332355959,0.8311530819334549,0.7473337461467155,5-class P4+P5
0.11900000000000001,0.6275100401606426,0.6259422687994116,0.9982407271661047,0.7694220012430081,0.7360480574766288,0.5071010165455675,0.4003767969661516,0.015961305925030228,0.9982407271661047,0.8311530819334549,0.7473337461467155,5-class P4+P5
0.12,0.627692588535962,0.6260573740345715,0.9982407271661047,0.7695089563202803,0.7380286870172857,0.5073428545141285,0.4008873369976253,0.016444981862152357,0.9982407271661047,0.8311530819334549,0.7473337461467155,5-class P4+P5
0.121,0.628057685286601,0.6262877115526122,0.9982407271661047,0.7696829254507432,0.7417152843477346,0.5078265304512507,0.40190711809394236,0.017412333736396616,0.9982407271661047,0.8311530819334549,0.7473337461467155,5-class P4+P5
0.122,0.6281489594742606,0.6263453224174409,0.9982407271661047,0.76972643002487,0.7425844259146028,0.5079474494355312,0.4021617932114871,0.01765417170495768,0.9982407271661047,0.8311530819334549,0.7473337461467155,5-class P4+P5
0.123,0.6284227820372399,0.6265182186234818,0.9982407271661047,0.7698569732602182,0.7450772911299227,0.5083102063883728,0.4029251714513262,0.01837968561064087,0.9982407271661047,0.8311530819334549,0.7473337461467155,5-class P4+P5
0.124,0.6287878787878788,0.6267488954344624,0.9982407271661047,0.7700310998020922,0.7481570564128834,0.5087938823254949,0.40394150211301677,0.019347037484885126,0.9982407271661047,0.8311530819334549,0.7473337461467155,5-class P4+P5
0.125,0.6286053304125593,0.6266801693979009,0.9979475150271221,0.7698919866538483,0.7388719995925674,0.5086472762560036,0.40386299498216177,0.019347037484885126,0.9979475150271221,0.8311530819334549,0.7473337461467155,5-class P4+P5
0.126,0.6286053304125593,0.6266801693979009,0.9979475150271221,0.7698919866538483,0.7388719995925674,0.5086472762560036,0.40386299498216177,0.019347037484885126,0.9979475150271221,0.8311530819334549,0.7473337461467155,5-class P4+P5
0.127,0.628696604600219,0.6267612118979649,0.9978009089576308,0.7699095022624435,0.7360610183201164,0.508815811189819,0.4043309326057019,0.019830713422007255,0.9978009089576308,0.8311530819334549,0.7473337461467155,5-class P4+P5
0.128,0.6287878787878788,0.6268189353472094,0.9978009089576308,0.7699530516431925,0.7368788554287068,0.5089367301740996,0.40458436895885114,0.020072551390568318,0.9978009089576308,0.8311530819334549,0.7473337461467155,5-class P4+P5
0.129,0.6289704271631983,0.6269344141488578,0.9978009089576308,0.7700401651864004,0.7384672070744289,0.5091785681426606,0.40509092084585663,0.020556227327690448,0.9978009089576308,0.8311530819334549,0.7473337461467155,5-class P4+P5
0.13,0.6291529755385177,0.627049935507647,0.9978009089576308,0.7701272984441301,0.7399955559891176,0.5094204061112217,0.40559704549301145,0.021039903264812577,0.9978009089576308,0.8311530819334549,0.7473337461467155,5-class P4+P5
0.131,0.6291529755385177,0.6270967741935484,0.9975076968186483,0.77007526455775,0.7333597078514912,0.5095156380102914,0.40602324887873353,0.021523579201934703,0.9975076968186483,0.8311530819334549,0.7473337461467155,5-class P4+P5
0.132,0.6292442497261774,0.6271545764586598,0.9975076968186483,0.7701188455008489,0.7341380358928813,0.509636556994572,0.40627583010544566,0.02176541717049577,0.9975076968186483,0.8311530819334549,0.7473337461467155,5-class P4+P5
0.133,0.6293355239138372,0.6272123893805309,0.9975076968186483,0.7701624313769879,0.7349024909865618,0.5097574759788526,0.40652830501208576,0.022007255139056832,0.9975076968186483,0.8311530819334549,0.7473337461467155,5-class P4+P5
0.134,0.6295180722891566,0.6273280472063434,0.9975076968186483,0.7702496179317372,0.7363912963304444,0.5099993139474136,0.40703293617434916,0.02249093107617896,0.9975076968186483,0.8311530819334549,0.7473337461467155,5-class P4+P5
0.135,0.6297006206644761,0.6274672569636598,0.997361090749157,0.7703108192266319,0.7347862600607773,0.5102887678655096,0.4077489610371804,0.023216444981862153,0.997361090749157,0.8311530819334549,0.7473337461467155,5-class P4+P5
0.136,0.6296093464768163,0.6274564074176584,0.9970678786101744,0.7702151755379388,0.7282581182387438,0.5102630807802988,0.4079203817482733,0.023458282950423216,0.9970678786101744,0.8311530819334549,0.7473337461467155,5-class P4+P5
0.137,0.6296093464768163,0.6274564074176584,0.9970678786101744,0.7702151755379388,0.7282581182387438,0.5102630807802988,0.4079203817482733,0.023458282950423216,0.9970678786101744,0.8311530819334549,0.7473337461467155,5-class P4+P5
0.138,0.6299744432274553,0.6276880479926166,0.9970678786101744,0.7703896692342547,0.7311993958971348,0.510746756717421,0.40892603762464613,0.02442563482466747,0.9970678786101744,0.8311530819334549,0.7473337461467155,5-class P4+P5
0.139,0.630065717415115,0.6277695716395865,0.9969212725406832,0.7704072962102759,0.7292073664649545,0.5109152916512364,0.4093877288752718,0.0249093107617896,0.9969212725406832,0.8311530819334549,0.7473337461467155,5-class P4+P5
0.14,0.6301569916027747,0.6278511404561825,0.996774666471192,0.7704249291784703,0.7273113969997448,0.5110838265850518,0.4098487855653027,0.02539298669891173,0.996774666471192,0.8311530819334549,0.7473337461467155,5-class P4+P5
0.14100000000000001,0.6302482657904345,0.6279327544799557,0.9966280604017006,0.7704425681418938,0.7255048387784393,0.5112523615188672,0.4103092090416386,0.025876662636033856,0.9966280604017006,0.8311530819334549,0.7473337461467155,5-class P4+P5
0.14200000000000002,0.6303395399780942,0.6280380741151464,0.9963348482627181,0.770434191134792,0.7214264444649806,0.5114685124022176,0.4109782196891758,0.026602176541717048,0.9963348482627181,0.8311530819334549,0.7473337461467155,5-class P4+P5
0.14300000000000002,0.630430814165754,0.6281198003327787,0.9961882421932268,0.7704518396734509,0.7198570016156647,0.511637047336033,0.41143701274568867,0.027085852478839177,0.9961882421932268,0.8311530819334549,0.7473337461467155,5-class P4+P5
0.14400000000000002,0.6305220883534136,0.6282252843799131,0.9958950300542443,0.7704434614948396,0.7162105442878586,0.5118531982193834,0.4121034511775273,0.02781136638452237,0.9958950300542443,0.8311530819334549,0.7473337461467155,5-class P4+P5
0.145,0.6307959109163929,0.6284233900814211,0.9957484239847529,0.7705485279936468,0.7162387220677375,0.5122635711217598,0.41305852736362236,0.028778718258766628,0.9957484239847529,0.8311530819334549,0.7473337461467155,5-class P4+P5
0.146,0.6307959109163929,0.6284233900814211,0.9957484239847529,0.7705485279936468,0.7162387220677375,0.5122635711217598,0.41305852736362236,0.028778718258766628,0.9957484239847529,0.8311530819334549,0.7473337461467155,5-class P4+P5
0.147,0.6309784592917123,0.6285634950018512,0.9956018179152617,0.7706099290780142,0.7155975369746098,0.5125530250398558,0.4137630937669054,0.02950423216444982,0.9956018179152617,0.8311530819334549,0.7473337461467155,5-class P4+P5
0.148,0.631069733479372,0.6286216791631954,0.9956018179152617,0.7706536541080345,0.7162716238953233,0.5126739440241362,0.4140115285465546,0.029746070133010883,0.9956018179152617,0.8311530819334549,0.7473337461467155,5-class P4+P5
0.149,0.6314348302300109,0.6288545235669969,0.9956018179152617,0.7708286038592509,0.7188858605096131,0.5131576199612584,0.415004236691974,0.030713422007255138,0.9956018179152617,0.8311530819334549,0.7473337461467155,5-class P4+P5
0.15,0.6314348302300109,0.628902269569245,0.9953086057762791,0.7707765667574932,0.7150722527970448,0.5132528518603282,0.41541621633964043,0.031197097944377267,0.9953086057762791,0.8311530819334549,0.7473337461467155,5-class P4+P5
0.151,0.6315261044176707,0.6289605336297943,0.9953086057762791,0.7708203235878512,0.7157148347161317,0.5133737708446087,0.4156638271418428,0.03143893591293833,0.9953086057762791,0.8311530819334549,0.7473337461467155,5-class P4+P5
0.152,0.6317999269806499,0.6291593289461489,0.9951619997067879,0.7709256104486087,0.7157772692634936,0.5137841437469852,0.4166111083391347,0.03240628778718259,0.9951619997067879,0.8311530819334549,0.7473337461467155,5-class P4+P5
0.153,0.6317999269806499,0.6292311972549384,0.994722181498314,0.7708475346512156,0.7105693558529027,0.51392699159559,0.41722506723275726,0.03313180169286578,0.994722181498314,0.8311530819334549,0.7473337461467155,5-class P4+P5
0.154,0.6319824753559693,0.6293479269084501,0.994722181498314,0.7709351210089762,0.7118168205970822,0.514168829564151,0.41771814055089185,0.03361547762998791,0.994722181498314,0.8311530819334549,0.7473337461467155,5-class P4+P5
0.155,0.6319824753559693,0.6293959357891806,0.9944289693593314,0.7708830548926014,0.7085527164979423,0.5142640614632208,0.4181258111736999,0.03409915356711004,0.9944289693593314,0.8311530819334549,0.7473337461467155,5-class P4+P5
0.156,0.6319824753559693,0.6294199535962877,0.9942823632898402,0.7708570129574903,0.7069751701683096,0.5143116774127556,0.4183293405843985,0.0343409915356711,0.9942823632898402,0.8311530819334549,0.7473337461467155,5-class P4+P5
0.157,0.6321650237312888,0.629560857859066,0.994135757220349,0.770918599363347,0.706672320821425,0.5146011313308516,0.4190241144964883,0.03506650544135429,0.994135757220349,0.8311530819334549,0.7473337461467155,5-class P4+P5
0.158,0.6322562979189486,0.629619312906221,0.994135757220349,0.7709624239668013,0.7072827747326804,0.5147220503151322,0.4192696868734724,0.03530834340991536,0.994135757220349,0.8311530819334549,0.7473337461467155,5-class P4+P5
0.159,0.6324388462942679,0.6297603566784321,0.9939891511508576,0.7710240518564849,0.7069854414971108,0.5150115042332281,0.41996289298026557,0.03603385731559855,0.9939891511508576,0.8311530819334549,0.7473337461467155,5-class P4+P5
0.16,0.6325301204819277,0.6298429805816222,0.9938425450813664,0.7710418562329391,0.7061132001353707,0.5151800391670436,0.4204100223863402,0.036517533252720676,0.9938425450813664,0.8311530819334549,0.7473337461467155,5-class P4+P5
0.161,0.6326213946695874,0.6299498047964306,0.9935493329423838,0.7710336196598214,0.7038637912871042,0.5153961900503938,0.42105800530648585,0.03724304715840387,0.9935493329423838,0.8311530819334549,0.7473337461467155,5-class P4+P5
0.162,0.6327126688572472,0.6300325430032543,0.9934027268728925,0.7710514337733273,0.7030759729941645,0.5155647249842092,0.42150357666526145,0.037726723095526,0.9934027268728925,0.8311530819334549,0.7473337461467155,5-class P4+P5
0.163,0.6328952172325666,0.6301497256579559,0.9934027268728925,0.7711391828838057,0.7042374244053327,0.5158065629527704,0.421991905872516,0.038210399032648126,0.9934027268728925,0.8311530819334549,0.7473337461467155,5-class P4+P5
0.164,0.6328952172325666,0.6301739373081574,0.9932561208034013,0.7711131345322103,0.7028918467028592,0.5158541789023052,0.422192511966566,0.03845223700120919,0.9932561208034013,0.8311530819334549,0.7473337461467155,5-class P4+P5
0.165,0.6329864914202263,0.6302567919612951,0.99310951473391,0.771130969320963,0.7021476267498783,0.5160227138361206,0.42263663363584414,0.03893591293833132,0.99310951473391,0.8311530819334549,0.7473337461467155,5-class P4+P5
0.166,0.6331690397955458,0.6303983618763961,0.9929629086644187,0.7711927127810988,0.7019916337683867,0.5163121677542166,0.42332352455250016,0.03966142684401451,0.9929629086644187,0.8311530819334549,0.7473337461467155,5-class P4+P5
0.167,0.6337166849215042,0.6307749627421758,0.9928163025949275,0.771430198781113,0.7040238450074515,0.5170852976094347,0.4249803117900972,0.04135429262394196,0.9928163025949275,0.8311530819334549,0.7473337461467155,5-class P4+P5
0.168,0.6342643300474626,0.6311765802722357,0.9925230904559449,0.7716418761041773,0.7047187249187266,0.5179060434141877,0.42682895637969465,0.04328899637243047,0.9925230904559449,0.8311530819334549,0.7473337461467155,5-class P4+P5
0.169,0.634446878422782,0.6313187838089909,0.9923764843864537,0.7717038134868609,0.7045482807933843,0.5181954973322836,0.4275090365214117,0.044014510278113664,0.9923764843864537,0.8311530819334549,0.7473337461467155,5-class P4+P5
0.17,0.6349032493610807,0.6316133246244284,0.9923764843864537,0.771923822556734,0.7070200514335532,0.5188000922536863,0.42871454045074925,0.04522370012091898,0.9923764843864537,0.8311530819334549,0.7473337461467155,5-class P4+P5
0.171,0.6349032493610807,0.6316624661626061,0.9920832722474711,0.7718717919470742,0.704720121970192,0.5188953241527561,0.42910629341529133,0.045707376058041115,0.9920832722474711,0.8311530819334549,0.7473337461467155,5-class P4+P5
0.17200000000000001,0.6351770719240599,0.6318394024276377,0.9920832722474711,0.7720038788431921,0.7061636036528433,0.5192580811055977,0.4298275500127853,0.04643288996372431,0.9920832722474711,0.8311530819334549,0.7473337461467155,5-class P4+P5
0.17300000000000001,0.6351770719240599,0.6318640268957788,0.9919366661779798,0.7719778652518683,0.7050449166736958,0.5193056970551326,0.43002269945230875,0.046674727932285366,0.9919366661779798,0.8311530819334549,0.7473337461467155,5-class P4+P5
0.17400000000000002,0.6354508944870391,0.6320904588356229,0.9916434540389972,0.7720579842483735,0.7042805235354586,0.5197636859070439,0.43113149781894755,0.04788391777509069,0.9916434540389972,0.8311530819334549,0.7473337461467155,5-class P4+P5
0.17500000000000002,0.6359985396129975,0.6324698400822968,0.991496847969506,0.7722964485554413,0.7059687603453308,0.5205368157622621,0.4327603206851786,0.049576783555018135,0.991496847969506,0.8311530819334549,0.7473337461467155,5-class P4+P5
0.176,0.6359072654253377,0.632435465768799,0.9913502419000146,0.7722263461428653,0.7044753086419753,0.5204635127275163,0.43271467341241926,0.049576783555018135,0.9913502419000146,0.8311530819334549,0.7473337461467155,5-class P4+P5
0.177,0.6359985396129975,0.6325194124801198,0.9912036358305234,0.7722444317532838,0.7039001556782621,0.5206320476613319,0.4331462958402948,0.05006045949214027,0.9912036358305234,0.8311530819334549,0.7473337461467155,5-class P4+P5
0.178,0.6359985396129975,0.6325690219934488,0.9909104236915408,0.7721923911801668,0.7018933670852853,0.5207272795604017,0.4335315110689758,0.05054413542926239,0.9909104236915408,0.8311530819334549,0.7473337461467155,5-class P4+P5
0.179,0.6363636363636364,0.6328307893997566,0.9907638176220496,0.7723428571428571,0.7026969831475317,0.5212585714470587,0.43467550835384017,0.05175332527206771,0.9907638176220496,0.8311530819334549,0.7473337461467155,5-class P4+P5
0.18,0.636820007301935,0.6331521739130435,0.9906172115525583,0.7725375864631567,0.7039000306184935,0.5219107823179963,0.43605381246669944,0.053204353083434096,0.9906172115525583,0.8311530819334549,0.7473337461467155,5-class P4+P5
0.181,0.6367287331142752,0.6331177958954175,0.990470605483067,0.7724674136748227,0.7025238102284105,0.5218374792832505,0.43600746249351996,0.053204353083434096,0.990470605483067,0.8311530819334549,0.7473337461467155,5-class P4+P5
0.182,0.6369112814895947,0.633261460579357,0.9903239994135757,0.7725297346752058,0.7024438790786058,0.5221269332013465,0.43667173894700617,0.05392986698911729,0.9903239994135757,0.8311530819334549,0.7473337461467155,5-class P4+P5
0.183,0.6371851040525739,0.6334396099024756,0.9903239994135757,0.7726622819559622,0.7037061063211008,0.5224896901541881,0.43738151369087924,0.05465538089480049,0.9903239994135757,0.8311530819334549,0.7473337461467155,5-class P4+P5
0.184,0.6370938298649143,0.6334302598255324,0.9900307872745931,0.7725660679556114,0.7014608926246306,0.5224640030689773,0.43752456896651903,0.05489721886336155,0.9900307872745931,0.8311530819334549,0.7473337461467155,5-class P4+P5
0.185,0.6375502008032129,0.6337525811901633,0.9898841812051019,0.772761087267525,0.7026378799990551,0.5231162139399149,0.43889350284043366,0.05634824667472793,0.9898841812051019,0.8311530819334549,0.7473337461467155,5-class P4+P5
0.186,0.6376414749908725,0.6339126350399249,0.9892977569271367,0.7727012481392419,0.6995929734685156,0.523427596722335,0.4398818881272008,0.057557436517533256,0.9892977569271367,0.8311530819334549,0.7473337461467155,5-class P4+P5
0.187,0.6380065717415115,0.6341509256648811,0.9892977569271367,0.7728782499140991,0.7012024469594247,0.5239112726594571,0.44082114742895967,0.05852478839177751,0.9892977569271367,0.8311530819334549,0.7473337461467155,5-class P4+P5
0.188,0.6381891201168309,0.6342953840368525,0.9891511508576455,0.7729407721388475,0.7011602312033792,0.5242007265775531,0.4414771215880587,0.0592503022974607,0.9891511508576455,0.8311530819334549,0.7473337461467155,5-class P4+P5
0.189,0.6382803943044907,0.6343802896370133,0.9890045447881542,0.7729590375250645,0.7007305174893141,0.5243692615113685,0.4418979616613431,0.05973397823458283,0.9890045447881542,0.8311530819334549,0.7473337461467155,5-class P4+P5
0.19,0.6380978459291712,0.6343873517786561,0.9882715144406978,0.7727402991918382,0.6959815546772068,0.5243655032904819,0.4423611910292897,0.060459492140266025,0.9882715144406978,0.8311530819334549,0.7473337461467155,5-class P4+P5
0.191,0.6380978459291712,0.6344886042569222,0.9876850901627328,0.7726360456448191,0.6929839470988752,0.5245559670886215,0.44310317819911427,0.061426844014510276,0.9876850901627328,0.8311530819334549,0.7473337461467155,5-class P4+P5
0.192,0.6387367652427893,0.6349071718028461,0.9876850901627328,0.7729463056447912,0.6957144554666403,0.5254023999785853,0.44473208139382414,0.06311970979443772,0.9876850901627328,0.8311530819334549,0.7473337461467155,5-class P4+P5
0.193,0.6390105878057686,0.6350867269984917,0.9876850901627328,0.7730793505077744,0.696853708326832,0.5257651569314268,0.4454288119926782,0.06384522370012091,0.9876850901627328,0.8311530819334549,0.7473337461467155,5-class P4+P5
0.194,0.639193136181088,0.6352574985851727,0.9873918780237502,0.773115996097113,0.6961598227389141,0.5261022267990577,0.44625949058586994,0.06481257557436518,0.9873918780237502,0.8311530819334549,0.7473337461467155,5-class P4+P5
0.195,0.6394669587440672,0.6354373054061704,0.9873918780237502,0.7732491389207807,0.6972704734313765,0.5264649837518993,0.4469540440819398,0.06553808948004837,0.9873918780237502,0.8311530819334549,0.7473337461467155,5-class P4+P5
0.196,0.6396495071193866,0.6356596468032865,0.9868054537457851,0.7732337736932797,0.6952140195869294,0.5268972855185999,0.4481450965312245,0.06698911729141475,0.9868054537457851,0.8311530819334549,0.7473337461467155,5-class P4+P5
0.197,0.6393756845564075,0.6356589147286822,0.9857792112593461,0.7729179837921719,0.6895225790574628,0.5268678402125025,0.4487235609189089,0.067956469165659,0.9857792112593461,0.8311530819334549,0.7473337461467155,5-class P4+P5
0.198,0.639193136181088,0.635615661055419,0.9853393930508723,0.7727507904570279,0.6869177781716885,0.5267688500925461,0.44880621214239486,0.06819830713422008,0.9853393930508723,0.8311530819334549,0.7473337461467155,5-class P4+P5
0.199,0.6393756845564075,0.6358129850463752,0.9848995748423984,0.7727612584114568,0.6858552104719056,0.5271535359097119,0.4498060435703693,0.06940749697702539,0.9848995748423984,0.8311530819334549,0.7473337461467155,5-class P4+P5
0.2,0.6397407813070464,0.6361053229778367,0.984606362703416,0.772886817423327,0.686143113750225,0.5277324437459039,0.451080514381198,0.07085852478839177,0.984606362703416,0.8311530819334549,0.7473337461467155,5-class P4+P5
0.201,0.6401058780576853,0.636346408944476,0.984606362703416,0.7730647482014389,0.6875761895468648,0.528216119683026,0.45199413297222046,0.07182587666263604,0.984606362703416,0.8311530819334549,0.7473337461467155,5-class P4+P5
0.202,0.640197152245345,0.63645843207887,0.9843131505644334,0.7730569948186529,0.6867795845898035,0.5284322705663763,0.4525786955599209,0.07255139056831923,0.9843131505644334,0.8311530819334549,0.7473337461467155,5-class P4+P5
0.203,0.6404709748083242,0.6366913299184216,0.9840199384254508,0.7731382825548581,0.6867031528819161,0.5288902594182876,0.4536168440692514,0.07376058041112454,0.9840199384254508,0.8311530819334549,0.7473337461467155,5-class P4+P5
0.20400000000000001,0.6404709748083242,0.6367691723614275,0.9835801202169769,0.7730598605749841,0.6850512528473804,0.5290331072668923,0.45414793248288177,0.07448609431680774,0.9835801202169769,0.8311530819334549,0.7473337461467155,5-class P4+P5
0.20500000000000002,0.6406535231836437,0.6369160653247247,0.9834335141474857,0.7731228029735493,0.6852033156812303,0.5293225611849883,0.45477811567848336,0.07521160822249093,0.9834335141474857,0.8311530819334549,0.7473337461467155,5-class P4+P5
0.20600000000000002,0.6409273457466228,0.6371235869668471,0.9832869080779945,0.7732303435554531,0.6856946606162907,0.5297329340873649,0.455633576685702,0.0761789600967352,0.9832869080779945,0.8311530819334549,0.7473337461467155,5-class P4+P5
0.20700000000000002,0.6411098941219423,0.6372707402831892,0.9831403020085031,0.7732933579335793,0.6858409128667677,0.5300223880054608,0.4562613900000646,0.07690447400241839,0.9831403020085031,0.8311530819334549,0.7473337461467155,5-class P4+P5
0.20800000000000002,0.6412924424972618,0.6374180055138321,0.9829936959390119,0.773356401384083,0.6859858906287696,0.5303118419235567,0.45688817444532237,0.07762998790810158,0.9829936959390119,0.8311530819334549,0.7473337461467155,5-class P4+P5
0.209,0.6419313618108798,0.6378424657534246,0.9829936959390119,0.7736687243985462,0.6882906022460817,0.5311582748135204,0.4584657227583471,0.07932285368802902,0.9829936959390119,0.8311530819334549,0.7473337461467155,5-class P4+P5
0.21,0.6422051843738591,0.6380771061399334,0.9827004838000293,0.7737504328754473,0.6882181539568847,0.5316162636654318,0.45948751473689503,0.08053204353083435,0.9827004838000293,0.8311530819334549,0.7473337461467155,5-class P4+P5
0.211,0.6423877327491785,0.638198609920975,0.9827004838000293,0.7738397598706996,0.6888564793534235,0.5318581016339928,0.45993644488739865,0.08101571946795647,0.9827004838000293,0.8311530819334549,0.7473337461467155,5-class P4+P5
0.212,0.6429353778751369,0.6385633990663999,0.9827004838000293,0.7741078646494977,0.6907413945223067,0.532583615539676,0.4612811852633644,0.08246674727932285,0.9827004838000293,0.8311530819334549,0.7473337461467155,5-class P4+P5
0.213,0.6432092004381161,0.6387723980175372,0.982553877730538,0.774215907121816,0.6911534403880789,0.5329939884420526,0.4621242614539282,0.08343409915356712,0.982553877730538,0.8311530819334549,0.7473337461467155,5-class P4+P5
0.214,0.6434830230010953,0.6389815962620388,0.9824072716610468,0.7743240120175642,0.6915590284082049,0.533404361344429,0.4629656550096509,0.08440145102781137,0.9824072716610468,0.8311530819334549,0.7473337461467155,5-class P4+P5
0.215,0.6437568455640745,0.6391644410530332,0.9824072716610468,0.774458249060965,0.6924635764587199,0.5337671182972706,0.46363459446753486,0.08512696493349456,0.9824072716610468,0.8311530819334549,0.7473337461467155,5-class P4+P5
0.216,0.6439393939393939,0.6394194041252865,0.9816742413135904,0.7744173943214018,0.6905774706576846,0.5342470360135062,0.4649311479076158,0.086819830713422,0.9816742413135904,0.8311530819334549,0.7473337461467155,5-class P4+P5
0.217,0.6441219423147134,0.6396749521988527,0.980941210966134,0.7743764828424281,0.6887890890026522,0.5347269537297417,0.4662208477697349,0.08851269649334946,0.980941210966134,0.8311530819334549,0.7473337461467155,5-class P4+P5
0.218,0.6448521358159912,0.6401913875598086,0.9807946048966427,0.7747090498523537,0.6906490534636989,0.5357419215535209,0.4681560763159635,0.09068923821039904,0.9807946048966427,0.8311530819334549,0.7473337461467155,5-class P4+P5
0.219,0.644943410003651,0.6403332375754094,0.9803547866881689,0.7746756255792401,0.6895623302886793,0.536005688386406,0.468878260293923,0.09165659008464329,0.9803547866881689,0.8311530819334549,0.7473337461467155,5-class P4+P5
0.22,0.6453997809419496,0.640639969342786,0.9803547866881689,0.7749000521467061,0.6909763553277637,0.5366102833078088,0.46997742774969087,0.09286577992744861,0.9803547866881689,0.8311530819334549,0.7473337461467155,5-class P4+P5
0.221,0.6457648776925885,0.6410207214121258,0.9796217563407125,0.7749492606552624,0.6898712629617021,0.5373320389926053,0.4716829011654285,0.09504232164449819,0.9796217563407125,0.8311530819334549,0.7473337461467155,5-class P4+P5
0.222,0.6460387002555678,0.6412866058569371,0.9791819381322386,0.7750058018101648,0.6894048556086904,0.5378376437940516,0.4728322422224477,0.09649334945586457,0.9791819381322386,0.8311530819334549,0.7473337461467155,5-class P4+P5
0.223,0.6465863453815262,0.641683482271548,0.9790353320627474,0.7752495936846994,0.6906049469645537,0.5386107736492697,0.47430284978854953,0.09818621523579202,0.9790353320627474,0.8311530819334549,0.7473337461467155,5-class P4+P5
0.224,0.6467688937568455,0.6418340863212535,0.9788887259932562,0.7753135160241523,0.6907181281515852,0.5389002275673657,0.4749007853158304,0.09891172914147521,0.9788887259932562,0.8311530819334549,0.7473337461467155,5-class P4+P5
0.225,0.6467688937568455,0.6419432419432419,0.978302301715291,0.7752091078066915,0.6890643125937244,0.5390906913655052,0.47555174300044967,0.09987908101571946,0.978302301715291,0.8311530819334549,0.7473337461467155,5-class P4+P5
0.226,0.6467688937568455,0.6420525657071339,0.9777158774373259,0.7751046025104602,0.6874586202876618,0.5392811551636448,0.47620026043890357,0.10084643288996373,0.9777158774373259,0.8311530819334549,0.7473337461467155,5-class P4+P5
0.227,0.6467688937568455,0.6421620580017343,0.9771294531593608,0.775,0.6858990532642987,0.5394716189617844,0.4768463497453311,0.10181378476420798,0.9771294531593608,0.8311530819334549,0.7473337461467155,5-class P4+P5
0.228,0.646951442132165,0.6422858244193891,0.9771294531593608,0.7750901267589254,0.6864278863029588,0.5397134569303454,0.4772777744528611,0.10229746070133011,0.9771294531593608,0.8311530819334549,0.7473337461467155,5-class P4+P5
0.229,0.646951442132165,0.6423132530120482,0.9769828470898695,0.775063968364736,0.6860447504302927,0.5397610728798803,0.4774386847760915,0.10253929866989117,0.9769828470898695,0.8311530819334549,0.7473337461467155,5-class P4+P5
0.23,0.6470427163198248,0.6424026224450443,0.9768362410203782,0.7750828825684872,0.6859273386197824,0.5399296078136958,0.4778148042848793,0.1030229746070133,0.9768362410203782,0.8311530819334549,0.7473337461467155,5-class P4+P5
0.231,0.6472252646951442,0.6426365566492955,0.9762498167424132,0.7750683815398941,0.6849546419610114,0.5403619095803964,0.47888542781794874,0.10447400241837969,0.9762498167424132,0.8311530819334549,0.7473337461467155,5-class P4+P5
0.232,0.6473165388828039,0.6427536931543884,0.9759566046034306,0.7750611246943765,0.6844820218693477,0.5405780604637467,0.47941902876036946,0.10519951632406288,0.9759566046034306,0.8311530819334549,0.7473337461467155,5-class P4+P5
0.233,0.6476816356334428,0.6430296589701479,0.9758099985339393,0.7752154670393664,0.6851511931214376,0.5411093523504038,0.4804347377390925,0.10640870616686819,0.9758099985339393,0.8311530819334549,0.7473337461467155,5-class P4+P5
0.234,0.6477729098211026,0.6430917874396135,0.9758099985339393,0.7752606138256363,0.6854072798584205,0.5412302713346843,0.48064865747177193,0.10665054413542926,0.9758099985339393,0.8311530819334549,0.7473337461467155,5-class P4+P5
0.23500000000000001,0.6481380065717415,0.643368136117556,0.975663392464448,0.775415088843577,0.6860631530260983,0.5417615632213413,0.4816616206804782,0.10785973397823458,0.975663392464448,0.8311530819334549,0.7473337461467155,5-class P4+P5
0.23600000000000002,0.6484118291347207,0.643554781935983,0.975663392464448,0.7755506351241114,0.6868180413744955,0.5421243201741829,0.48230163335152937,0.10858524788391777,0.975663392464448,0.8311530819334549,0.7473337461467155,5-class P4+P5
0.23700000000000002,0.6487769258853596,0.6438594793380432,0.9753701803254655,0.7756791418911041,0.6870982789948643,0.5427032280103748,0.4834679862460985,0.11003627569528417,0.9753701803254655,0.8311530819334549,0.7473337461467155,5-class P4+P5
0.23800000000000002,0.6490507484483388,0.6441022661243463,0.9750769681864829,0.7757625240566863,0.6871304981415383,0.5431612168622862,0.4844185128153316,0.11124546553808948,0.9750769681864829,0.8311530819334549,0.7473337461467155,5-class P4+P5
0.23900000000000002,0.6489594742606791,0.6440957086118376,0.9747837560475003,0.775664955669622,0.6861868748430436,0.5431355297770755,0.48451871944554925,0.11148730350665055,0.9747837560475003,0.8311530819334549,0.7473337461467155,5-class P4+P5
0.24,0.649324571011318,0.6444013572467281,0.9744905439085179,0.7757936507936508,0.6864752496062034,0.5437144376132674,0.48567739491106326,0.11293833131801694,0.9744905439085179,0.8311530819334549,0.7473337461467155,5-class P4+P5
0.241,0.6495983935742972,0.644673006015913,0.974050725700044,0.7758509955041747,0.6861826568541103,0.5442200424147137,0.48677607246473104,0.11438935912938332,0.974050725700044,0.8311530819334549,0.7473337461467155,5-class P4+P5
0.242,0.6498722161372764,0.6449169822312846,0.9737575135610614,0.7759345794392524,0.6862332247533895,0.5446780312666251,0.4877168723573557,0.11559854897218863,0.9737575135610614,0.8311530819334549,0.7473337461467155,5-class P4+P5
0.243,0.6502373128879153,0.6452239821202993,0.9734643014220788,0.7760635811126695,0.6865217654962399,0.5452569391028169,0.4888651238896681,0.11704957678355501,0.9734643014220788,0.8311530819334549,0.7473337461467155,5-class P4+P5
0.244,0.650693683826214,0.6455659276546091,0.9733176953525876,0.7762642502192342,0.6873662971606378,0.5459091499737545,0.49006680370333455,0.1185006045949214,0.9733176953525876,0.8311530819334549,0.7473337461467155,5-class P4+P5
0.245,0.6508762322015335,0.6457198443579767,0.9731710892830964,0.7763288696567452,0.6875048925931895,0.5461986038918505,0.49063793306158815,0.11922611850060459,0.9731710892830964,0.8311530819334549,0.7473337461467155,5-class P4+P5
0.246,0.6507849580138737,0.6457704662708069,0.9725846650051312,0.7761787761787762,0.6859891862832805,0.5462681487057095,0.4910366691188609,0.11995163240628778,0.9725846650051312,0.8311530819334549,0.7473337461467155,5-class P4+P5
0.247,0.6512413289521723,0.6461133839859731,0.97243805893564,0.776379703868438,0.6868248079350154,0.5469203595766471,0.49223130271142107,0.12140266021765417,0.97243805893564,0.8311530819334549,0.7473337461467155,5-class P4+P5
0.248,0.6516064257028112,0.6464223045427958,0.9721448467966574,0.776509163299959,0.6871080004089337,0.5474992674128389,0.49336527893944776,0.12285368802902055,0.9721448467966574,0.8311530819334549,0.7473337461467155,5-class P4+P5
0.249,0.6519715224534501,0.646760343481655,0.9717050285881835,0.7766125724998535,0.6870807367125789,0.5481257911985657,0.4946453322957661,0.12454655380894801,0.9717050285881835,0.8311530819334549,0.7473337461467155,5-class P4+P5
0.25,0.6526104417670683,0.6472024216385118,0.9717050285881835,0.7769311921228461,0.688636175854221,0.5489722240885295,0.4960944620408045,0.12623941958887544,0.9717050285881835,0.8311530819334549,0.7473337461467155,5-class P4+P5
0.251,0.6527929901423878,0.6474728712484114,0.9709719982407272,0.776891495601173,0.6875603695994463,0.5494521418047651,0.4972487095447247,0.1279322853688029,0.9709719982407272,0.8311530819334549,0.7473337461467155,5-class P4+P5
0.252,0.6532493610806864,0.6478762967312586,0.9705321800322534,0.7770409061564646,0.6877592865770115,0.5501995845747724,0.4987195091012161,0.12986698911729141,0.9705321800322534,0.8311530819334549,0.7473337461467155,5-class P4+P5
0.253,0.6534319094560058,0.6480321127863716,0.970385573962762,0.7771059583211036,0.6878974580104364,0.5504890384928683,0.4992767847787597,0.13059250302297462,0.970385573962762,0.8311530819334549,0.7473337461467155,5-class P4+P5
0.254,0.6536144578313253,0.6482461297276112,0.9699457557542882,0.7771186938391965,0.6874563981971389,0.5508737243100341,0.5001253653433444,0.13180169286577992,0.9699457557542882,0.8311530819334549,0.7473337461467155,5-class P4+P5
0.255,0.6539795545819642,0.6485585408903707,0.9696525436153057,0.7772489570480051,0.6877357348251325,0.551452632146226,0.5012343293312782,0.1332527206771463,0.9696525436153057,0.8311530819334549,0.7473337461467155,5-class P4+P5
0.256,0.6539795545819642,0.6486459968602826,0.9692127254068318,0.7771703991065656,0.6868884434563193,0.5515954799948306,0.5016695024722458,0.1339782345828295,0.9692127254068318,0.8311530819334549,0.7473337461467155,5-class P4+P5
0.257,0.6541621029572837,0.6488317298252504,0.9689195132678493,0.7772093843711413,0.6867535272502876,0.5519325498624615,0.502366160075479,0.13494558645707377,0.9689195132678493,0.8311530819334549,0.7473337461467155,5-class P4+P5
0.258,0.6546184738955824,0.649267669320751,0.9683330889898841,0.7773331764152054,0.6867028001776169,0.5527276085820038,0.5039573568127267,0.13712212817412334,0.9683330889898841,0.8311530819334549,0.7473337461467155,5-class P4+P5
0.259,0.6549835706462213,0.6495524736893873,0.9681864829203929,0.7774899929361903,0.687260394005657,0.5532589004686608,0.5049107153957961,0.13833131801692866,0.9681864829203929,0.8311530819334549,0.7473337461467155,5-class P4+P5
0.26,0.6553486673968602,0.6498376144080307,0.9680398768509016,0.7776469202685196,0.6878118889650215,0.5537901923553178,0.5058619996880123,0.139540507859734,0.9680398768509016,0.8311530819334549,0.7473337461467155,5-class P4+P5
0.261,0.6555312157721797,0.6500246184145742,0.9677466647119191,0.7776861451460886,0.6876839696317565,0.5541272622229486,0.5065497176297704,0.14050785973397822,0.9677466647119191,0.8311530819334549,0.7473337461467155,5-class P4+P5
0.262,0.6562614092734574,0.6506261709890543,0.9673068465034452,0.7779742954840231,0.6885032695436069,0.5552374619457976,0.5085831073379712,0.14316807738814993,0.9673068465034452,0.8311530819334549,0.7473337461467155,5-class P4+P5
0.263,0.6565352318364367,0.6508484609313339,0.967160240433954,0.7780857462994634,0.6888388646120084,0.5556478348481741,0.5093254160357055,0.1441354292623942,0.967160240433954,0.8311530819334549,0.7473337461467155,5-class P4+P5
0.264,0.6564439576487769,0.6508735564110157,0.9667204222254802,0.7779613025011798,0.6878610206297503,0.5556697637124982,0.5095451673796222,0.14461910519951632,0.9667204222254802,0.8311530819334549,0.7473337461467155,5-class P4+P5
0.265,0.6565352318364367,0.6509974323523603,0.9664272100864976,0.7779548002596329,0.6875469089472646,0.5558859145958486,0.5100247314490511,0.14534461910519952,0.9664272100864976,0.8311530819334549,0.7473337461467155,5-class P4+P5
0.266,0.6567177802117561,0.6512754597587502,0.9656941797390411,0.777915559492176,0.6866828605207053,0.556365832312084,0.5111197246928431,0.14703748488512697,0.9656941797390411,0.8311530819334549,0.7473337461467155,5-class P4+P5
0.267,0.6569916027747353,0.651528643514396,0.9654009676000587,0.7780009451795841,0.6867772781765149,0.5568238211639955,0.5119940520440457,0.1482466747279323,0.9654009676000587,0.8311530819334549,0.7473337461467155,5-class P4+P5
0.268,0.6573566995253742,0.6518767950876498,0.9649611493915848,0.7781061591204634,0.6868231472527888,0.5574503449497223,0.5132020583347612,0.14993954050785974,0.9649611493915848,0.8311530819334549,0.7473337461467155,5-class P4+P5
0.269,0.6573566995253742,0.6520273619510261,0.9642281190441284,0.7779749231133192,0.685622426660208,0.5576884246973968,0.5138875414927108,0.15114873035066506,0.9642281190441284,0.8311530819334549,0.7473337461467155,5-class P4+P5
0.27,0.6577217962760131,0.6523766994145083,0.9637883008356546,0.7780802461829802,0.6856877808790403,0.5583149484831236,0.5150871913005048,0.1528415961305925,0.9637883008356546,0.8311530819334549,0.7473337461467155,5-class P4+P5
0.271,0.6576305220883534,0.6524329692154915,0.9632018765576895,0.7779290746551418,0.6845686290772717,0.5583844932969826,0.5154333682377481,0.15356711003627568,0.9632018765576895,0.8311530819334549,0.7473337461467155,5-class P4+P5
0.272,0.6582694414019715,0.6529172050491999,0.9630552704881982,0.7782253287525175,0.685676479619572,0.5592785421364812,0.5169456663643304,0.15550181378476421,0.9630552704881982,0.8311530819334549,0.7473337461467155,5-class P4+P5
0.273,0.6585432639649507,0.6532338308457711,0.9624688462102331,0.7782585501748562,0.6853365622220026,0.5598317628874624,0.5180719451925659,0.15719467956469166,0.9624688462102331,0.8311530819334549,0.7473337461467155,5-class P4+P5
0.274,0.6587258123402702,0.6534860557768924,0.961882421932268,0.778245655655062,0.6848216305085335,0.560264064654163,0.5189981000508531,0.15864570737605804,0.961882421932268,0.8311530819334549,0.7473337461467155,5-class P4+P5
0.275,0.6589083607155897,0.6537387836490528,0.9612959976543028,0.7782327458311079,0.6843207957122154,0.5606963664208636,0.5199205618110292,0.16009673518742443,0.9612959976543028,0.8311530819334549,0.7473337461467155,5-class P4+P5
0.276,0.6592734574662286,0.6540303272146848,0.9611493915848116,0.778391214010092,0.6848477816330935,0.5612276583075206,0.5208316835789556,0.16130592503022975,0.9611493915848116,0.8311530819334549,0.7473337461467155,5-class P4+P5
0.277,0.6599123767798467,0.6544873714685036,0.9611493915848116,0.7787148117353605,0.686136124498895,0.5620740911974844,0.5221914618393002,0.1629987908101572,0.9611493915848116,0.8311530819334549,0.7473337461467155,5-class P4+P5
0.278,0.6602774735304856,0.6548416108723893,0.9607095733763378,0.7788210125980509,0.6862195409472589,0.5627006149832112,0.5233601522470979,0.16469165659008464,0.9607095733763378,0.8311530819334549,0.7473337461467155,5-class P4+P5
0.279,0.6607338444687842,0.6551689662067587,0.9607095733763378,0.7790524876656958,0.6871232671704652,0.5633052099046139,0.5243267940391753,0.16590084643288996,0.9607095733763378,0.8311530819334549,0.7473337461467155,5-class P4+P5
0.28,0.6610989412194231,0.6554932959775865,0.9604163612373552,0.7791852512637526,0.687414007656153,0.5638841177408058,0.5253587625751763,0.16735187424425635,0.9604163612373552,0.8311530819334549,0.7473337461467155,5-class P4+P5
0.281,0.6609163928441036,0.6555177248147407,0.9596833308898989,0.7789611471410721,0.6860062850877827,0.5638803595199192,0.5256216117683813,0.16807738814993953,0.9596833308898989,0.8311530819334549,0.7473337461467155,5-class P4+P5
0.28200000000000003,0.6613727637824023,0.6559085897564398,0.9593901187509163,0.7791403738540302,0.6864834062163201,0.5645801863403916,0.5268404254878285,0.169770253929867,0.9593901187509163,0.8311530819334549,0.7473337461467155,5-class P4+P5
0.28300000000000003,0.661829134720701,0.6563629064632678,0.9588036944729512,0.7792672028596962,0.6865483887155048,0.5653752450599339,0.528311190663318,0.17194679564691656,0.9588036944729512,0.8311530819334549,0.7473337461467155,5-class P4+P5
0.28400000000000003,0.6621029572836802,0.6565920273119791,0.9586570884034599,0.7793802145411204,0.6868717408375342,0.5657856179623103,0.5290120090632336,0.17291414752116083,0.9586570884034599,0.8311530819334549,0.7473337461467155,5-class P4+P5
0.28500000000000003,0.6621029572836802,0.6567179177972063,0.9580706641254948,0.7792749821130456,0.6860704016846728,0.5659760817604499,0.529520759539013,0.17388149939540506,0.9580706641254948,0.8311530819334549,0.7473337461467155,5-class P4+P5
0.28600000000000003,0.6623767798466593,0.6569475165895837,0.9579240580560036,0.7793880837359098,0.6863945503739998,0.5663864546628264,0.5302188232090628,0.17484885126964933,0.9579240580560036,0.8311530819334549,0.7473337461467155,5-class P4+P5
0.28700000000000003,0.662833150784958,0.6573729240060393,0.9574842398475297,0.7795416567199809,0.686668832228289,0.5671338974328338,0.5315473993452503,0.17678355501813786,0.9574842398475297,0.8311530819334549,0.7473337461467155,5-class P4+P5
0.28800000000000003,0.6631069733479372,0.6576032225579054,0.9573376337780384,0.7796549459733747,0.6869887457818766,0.5675442703352103,0.5322417337888574,0.1777509068923821,0.9573376337780384,0.8311530819334549,0.7473337461467155,5-class P4+P5
0.289,0.6633807959109164,0.6579610769385903,0.9566046034305821,0.7796630421794719,0.6865358801439824,0.5681451070357264,0.5334341496169877,0.17968561064087063,0.9566046034305821,0.8311530819334549,0.7473337461467155,5-class P4+P5
0.29,0.6636546184738956,0.6582240161453078,0.9563113912915995,0.779750164365549,0.6866645893346042,0.5686030958876377,0.5342487552188679,0.18089480048367593,0.9563113912915995,0.8311530819334549,0.7473337461467155,5-class P4+P5
0.291,0.663837166849215,0.6584528378105433,0.9558715730831256,0.7797643963403695,0.6864370450912299,0.5689877817048035,0.5349968638090362,0.18210399032648125,0.9558715730831256,0.8311530819334549,0.7473337461467155,5-class P4+P5
0.292,0.663837166849215,0.6586130206227254,0.9551385427356692,0.7796326213127506,0.6855095178301597,0.5692258614524779,0.5356135793618956,0.18331318016928658,0.9551385427356692,0.8311530819334549,0.7473337461467155,5-class P4+P5
0.293,0.6639284410368748,0.6588401983604898,0.9544055123882129,0.779547359597653,0.6847689363895473,0.5695848601844329,0.5364147546548725,0.18476420798065296,0.9544055123882129,0.8311530819334549,0.7473337461467155,5-class P4+P5
0.294,0.664202263599854,0.6591369529983793,0.9539656941797391,0.7796082190139579,0.6847345281597063,0.5700904649858792,0.5373419520055419,0.18621523579201935,0.9539656941797391,0.8311530819334549,0.7473337461467155,5-class P4+P5
0.295,0.6643848119751734,0.6593673965936739,0.9535258759712653,0.7796224153431226,0.6845371781503169,0.570475150803045,0.5380798129900997,0.18742442563482467,0.9535258759712653,0.8311530819334549,0.7473337461467155,5-class P4+P5
0.296,0.6644760861628332,0.6595636732623034,0.9529394516933001,0.7795634444710962,0.6840052698736585,0.570786533585465,0.5387504006159911,0.18863361547763,0.9529394516933001,0.8311530819334549,0.7473337461467155,5-class P4+P5
0.297,0.6645673603504929,0.659727863525589,0.9524996334848262,0.7795308656788049,0.683654545481206,0.5710503004183503,0.5392981431197763,0.18960096735187423,0.9524996334848262,0.8311530819334549,0.7473337461467155,5-class P4+P5
0.298,0.6645673603504929,0.6598577235772358,0.9519132092068612,0.7794250045015305,0.6829754567706967,0.5712407642164898,0.5397791562214376,0.1905683192261185,0.9519132092068612,0.8311530819334549,0.7473337461467155,5-class P4+P5
0.299,0.6644760861628332,0.6599532092360899,0.9511801788594048,0.7792457362478982,0.6819766046180449,0.5713579249798838,0.5401932103292723,0.19153567110036276,0.9511801788594048,0.8311530819334549,0.7473337461467155,5-class P4+P5
0.3,0.6642935377875137,0.6599491094147583,0.9505937545814397,0.7790460170611558,0.6809913540000405,0.5713065508094622,0.5403015880976118,0.19201934703748488,0.9505937545814397,0.8311530819334549,0.7473337461467155,5-class P4+P5
0.301,0.6649324571011318,0.6604196374006926,0.9505937545814397,0.7793737604423343,0.6821430348690634,0.572152983699426,0.5415928161210344,0.19371221281741233,0.9505937545814397,0.8311530819334549,0.7473337461467155,5-class P4+P5
0.302,0.6649324571011318,0.6605504587155964,0.9500073303034746,0.7792676327340509,0.6814968698464543,0.5723434474975656,0.5420670676451924,0.1946795646916566,0.9500073303034746,0.8311530819334549,0.7473337461467155,5-class P4+P5
0.303,0.6652062796641109,0.6607853136155023,0.9498607242339833,0.7793816913268374,0.681826192863355,0.572753820399942,0.5427366269725371,0.19564691656590086,0.9498607242339833,0.8311530819334549,0.7473337461467155,5-class P4+P5
0.304,0.6652975538517707,0.6610498366013072,0.9489810878170356,0.7792692469752603,0.6810403822181794,0.573160435081432,0.5436259426044446,0.1973397823458283,0.9489810878170356,0.8311530819334549,0.7473337461467155,5-class P4+P5
0.305,0.66557137641475,0.6614173228346457,0.9482480574695792,0.779277108433735,0.6807511423009253,0.573761271781948,0.5447590361445783,0.1992744860943168,0.9482480574695792,0.8311530819334549,0.7473337461467155,5-class P4+P5
0.306,0.6657539247900693,0.6616518268345103,0.9478082392611054,0.779291224686596,0.6806149429531201,0.5741459575991137,0.545472680012471,0.20048367593712213,0.9478082392611054,0.8311530819334549,0.7473337461467155,5-class P4+P5
0.307,0.6658451989777291,0.6618189266693978,0.9473684210526315,0.7792583659933675,0.6803222150125512,0.574409724431999,0.5460023761635694,0.2014510278113664,0.9473684210526315,0.8311530819334549,0.7473337461467155,5-class P4+P5
0.308,0.6657539247900693,0.6619833863193518,0.9463421785661926,0.7790248612116824,0.6791244732426635,0.5746221170944628,0.5466285354747551,0.20290205562273278,0.9463421785661926,0.8311530819334549,0.7473337461467155,5-class P4+P5
0.309,0.6656626506024096,0.6620817080681585,0.9456091482187362,0.7788444122441587,0.678240195055496,0.5747392778578566,0.5470217574400827,0.20386940749697702,0.9456091482187362,0.8311530819334549,0.7473337461467155,5-class P4+P5
0.31,0.6658451989777291,0.6622843056696796,0.9453159360797537,0.7788850637192728,0.6782733003758235,0.5750763477254875,0.5476124665001593,0.20483675937122128,0.9453159360797537,0.8311530819334549,0.7473337461467155,5-class P4+P5
0.311,0.6657539247900693,0.6623496762257169,0.9447295118017885,0.7787311178247734,0.6775481062465178,0.5751458925393464,0.5478884981141771,0.20556227327690446,0.9447295118017885,0.8311530819334549,0.7473337461467155,5-class P4+P5
0.312,0.6663015699160277,0.6628253935590082,0.9444362996628061,0.7789600967351874,0.6782194874019778,0.5759666383440996,0.5491970997451068,0.207496977025393,0.9444362996628061,0.8311530819334549,0.7473337461467155,5-class P4+P5
0.313,0.6664841182913472,0.6630289302995985,0.9441430875238235,0.7790008467400508,0.6782562189711991,0.5763037082117304,0.5497830563190771,0.20846432889963723,0.9441430875238235,0.8311530819334549,0.7473337461467155,5-class P4+P5
0.314,0.666575392479007,0.6631644004944376,0.9438498753848409,0.7789944945247746,0.678136687426706,0.5765198590950806,0.5501883117245832,0.20918984280532044,0.9438498753848409,0.8311530819334549,0.7473337461467155,5-class P4+P5
0.315,0.6671230376049653,0.663743293437887,0.9431168450373846,0.7791437049597287,0.6783906340607156,0.5774834527484384,0.5518241214185567,0.21185006045949215,0.9431168450373846,0.8311530819334549,0.7473337461467155,5-class P4+P5
0.316,0.667214311792625,0.6640148775699969,0.9422372086204369,0.7790303030303031,0.6777396235931425,0.5778900674299282,0.5526711012564671,0.2135429262394196,0.9422372086204369,0.8311530819334549,0.7473337461467155,5-class P4+P5
0.317,0.6676706827309237,0.6644600744724866,0.9417973904119631,0.7791861240827218,0.6781151304039452,0.5786375101999356,0.5538932648811175,0.2154776299879081,0.9417973904119631,0.8311530819334549,0.7473337461467155,5-class P4+P5
0.318,0.6678532311062432,0.6646316225165563,0.9416507843424717,0.7792538671519563,0.6782910434564206,0.5789269641180315,0.5543588296511578,0.2162031438935913,0.9416507843424717,0.8311530819334549,0.7473337461467155,5-class P4+P5
0.319,0.6682183278568821,0.6649751449875725,0.9413575722034893,0.7793894519633429,0.6786414186476324,0.5795058719542234,0.5552881022466208,0.21765417170495768,0.9413575722034893,0.8311530819334549,0.7473337461467155,5-class P4+P5
0.32,0.6680357794815626,0.6649399088271861,0.9409177539950154,0.7792144721665756,0.6779454145362924,0.579406881834267,0.5552626874530249,0.21789600967351874,0.9409177539950154,0.8311530819334549,0.7473337461467155,5-class P4+P5
0.321,0.6681270536692223,0.665111456713323,0.9404779357865416,0.7791813433742257,0.6777120975404907,0.5796706486671523,0.5557676823371313,0.218863361547763,0.9404779357865416,0.8311530819334549,0.7473337461467155,5-class P4+P5
0.322,0.6682183278568821,0.6652489626556016,0.940184723647559,0.7791750197436365,0.6776092837594118,0.5798867995505026,0.5561624502497305,0.2195888754534462,0.940184723647559,0.8311530819334549,0.7473337461467155,5-class P4+P5
0.323,0.6684921504198612,0.66559351957628,0.9395982993695939,0.779209726443769,0.6775593822448092,0.5804400203014838,0.5571259177806541,0.22128174123337363,0.9395982993695939,0.8311530819334549,0.7473337461467155,5-class P4+P5
0.324,0.6684921504198612,0.6656967681596175,0.9391584811611201,0.7791291656531257,0.677184468100814,0.5805828681500884,0.5574504643188818,0.22200725513905684,0.9391584811611201,0.8311530819334549,0.7473337461467155,5-class P4+P5
0.325,0.6690397955458196,0.6662157944022474,0.9387186629526463,0.7793330087633885,0.677717562628633,0.5814512299043764,0.5588270883233001,0.2241837968561064,0.9387186629526463,0.8311530819334549,0.7473337461467155,5-class P4+P5
0.326,0.6693136181087989,0.6664238134887593,0.9387186629526463,0.7794753180351817,0.678167396358623,0.581813986857218,0.5593528331923127,0.2249093107617896,0.9387186629526463,0.8311530819334549,0.7473337461467155,5-class P4+P5
0.327,0.6694961664841182,0.6667361400583577,0.9379856326051899,0.7794359505390753,0.6778533641468258,0.5822939045734534,0.5602366285907387,0.22660217654171705,0.9379856326051899,0.8311530819334549,0.7473337461467155,5-class P4+P5
0.328,0.669587440671778,0.6669796557120501,0.9372526022577334,0.7793490186517128,0.6773993829253175,0.5826529033054084,0.5609422172808146,0.22805320435308343,0.9372526022577334,0.8311530819334549,0.7473337461467155,5-class P4+P5
0.329,0.6696787148594378,0.6671189979123173,0.936959390118751,0.7793427230046949,0.6773094989561587,0.5828690541887588,0.561328048129094,0.22877871825876664,0.936959390118751,0.8311530819334549,0.7473337461467155,5-class P4+P5
0.33,0.6694048922964586,0.6670845085135276,0.9362263597712945,0.7790655117725998,0.6762754429769373,0.5827443769835916,0.5613341331969197,0.22926239419588876,0.9362263597712945,0.8311530819334549,0.7473337461467155,5-class P4+P5
0.331,0.6701350857977364,0.6677476723506643,0.9357865415628207,0.7793650793650794,0.6771093408281597,0.5838545767064406,0.5630375649898427,0.23192261185006047,0.9357865415628207,0.8311530819334549,0.7473337461467155,5-class P4+P5
0.332,0.6702263599853961,0.6679581151832461,0.9352001172848556,0.7793048683647914,0.6767955583028606,0.5841659594888607,0.5636282508219914,0.2331318016928658,0.9352001172848556,0.8311530819334549,0.7473337461467155,5-class P4+P5
0.333,0.6704089083607155,0.6682742713357098,0.9344670869373992,0.7792652362613852,0.6765207745959226,0.5846458772050962,0.5644930539311608,0.23482466747279324,0.9344670869373992,0.8311530819334549,0.7473337461467155,5-class P4+P5
0.334,0.6712303760496532,0.6689054465316403,0.9344670869373992,0.7796941896024465,0.6778304387528559,0.585734148063621,0.5660427078900403,0.2370012091898428,0.9344670869373992,0.8311530819334549,0.7473337461467155,5-class P4+P5
0.335,0.6712303760496532,0.6690828868578632,0.9337340565899428,0.7795593635250918,0.6772693487873171,0.5859722278112954,0.5665564226096385,0.23821039903264812,0.9337340565899428,0.8311530819334549,0.7473337461467155,5-class P4+P5
0.336,0.6713216502373129,0.6694023569023569,0.9327078141035039,0.7794180704441042,0.6766433272115091,0.5864264584423202,0.5674430606381967,0.24014510278113663,0.9327078141035039,0.8311530819334549,0.7473337461467155,5-class P4+P5
0.337,0.671960569550931,0.6700748392537156,0.9319747837560475,0.7796173657100809,0.6771068546166468,0.5875109710799584,0.5691448712918713,0.2430471584038694,0.9319747837560475,0.8311530819334549,0.7473337461467155,5-class P4+P5
0.338,0.6725994888645491,0.670605612998523,0.9318281776865562,0.7799251487821339,0.6779956346454049,0.588405019919457,0.5704364742663565,0.24498186215235793,0.9318281776865562,0.8311530819334549,0.7473337461467155,5-class P4+P5
0.339,0.6724169404892296,0.6706801858893113,0.9309485412696086,0.7796672601141875,0.6770739639123976,0.5884488776481054,0.5706979373663592,0.24594921402660216,0.9309485412696086,0.8311530819334549,0.7473337461467155,5-class P4+P5
0.34,0.6724169404892296,0.6709329384387561,0.9299222987831697,0.7794777265745008,0.6763452974484061,0.5887821892948497,0.5713957729909935,0.24764207980652964,0.9299222987831697,0.8311530819334549,0.7473337461467155,5-class P4+P5
0.341,0.6730558598028478,0.6714663843303335,0.9297756927136783,0.7797860568056068,0.6772288903782706,0.5896762381343482,0.5726773004538129,0.24957678355501814,0.9297756927136783,0.8311530819334549,0.7473337461467155,5-class P4+P5
0.342,0.6733296823658269,0.6717888935989826,0.9293358745052045,0.7798486805683705,0.6773418152205439,0.5901818429357946,0.5734787169420101,0.2510278113663845,0.9293358745052045,0.8311530819334549,0.7473337461467155,5-class P4+P5
0.343,0.6735122307411464,0.6720407297411964,0.9288960562967307,0.7798633762077666,0.6773161763889228,0.5905665287529602,0.5741096856316954,0.25223700120918985,0.9288960562967307,0.8311530819334549,0.7473337461467155,5-class P4+P5
0.34400000000000003,0.6732384081781673,0.6720824041626845,0.9278698138102918,0.7795294987067373,0.6761971475004456,0.590537083446863,0.5742906570022935,0.2532043530834341,0.9278698138102918,0.8311530819334549,0.7473337461467155,5-class P4+P5
0.34500000000000003,0.6733296823658269,0.672336806293855,0.9271367834628353,0.7794416712885931,0.6758458225017662,0.590896082178818,0.574945110050629,0.2546553808948005,0.9271367834628353,0.8311530819334549,0.7473337461467155,5-class P4+P5
0.34600000000000003,0.6738773274917853,0.672876304023845,0.9266969652543615,0.7796484736355227,0.6763869356226779,0.5917644439331058,0.5762381388714738,0.25683192261185006,0.9266969652543615,0.8311530819334549,0.7473337461467155,5-class P4+P5
0.34700000000000003,0.6737860533041256,0.6729519548311494,0.9261105409763964,0.7794916090819348,0.6758641227310622,0.5918339887469648,0.5764568844848664,0.25755743651753327,0.9261105409763964,0.8311530819334549,0.7473337461467155,5-class P4+P5
0.34800000000000003,0.6744249726177437,0.6736022193768673,0.9255241166984313,0.779719631939727,0.6764475743348983,0.5928708854350682,0.5780045965259047,0.26021765417170495,0.9255241166984313,0.8311530819334549,0.7473337461467155,5-class P4+P5
0.34900000000000003,0.6747900693683826,0.674001281777398,0.9250842984899574,0.7798306865228944,0.676712058705512,0.593497409220795,0.5789535698280383,0.2619105199516324,0.9250842984899574,0.8311530819334549,0.7473337461467155,5-class P4+P5
0.35000000000000003,0.6748813435560423,0.6741476969114032,0.924791086350975,0.7798244529608109,0.676661090481968,0.5937135601041452,0.5793088082732203,0.2626360338573156,0.924791086350975,0.8311530819334549,0.7473337461467155,5-class P4+P5
0.35100000000000003,0.6750638919313618,0.6743663779274944,0.9244978742119924,0.7798664358149888,0.6767470518920962,0.594050629971776,0.5798286882907697,0.26360338573155984,0.9244978742119924,0.8311530819334549,0.7473337461467155,5-class P4+P5
0.352,0.675337714494341,0.6747323340471092,0.9239114499340273,0.7799022337726625,0.6767844838552377,0.5946038507227573,0.5807005517672216,0.2652962515114873,0.9239114499340273,0.8311530819334549,0.7473337461467155,5-class P4+P5
0.353,0.6757028112449799,0.675096442348907,0.9236182377950447,0.7800408592831053,0.6771418172335668,0.5951827585589492,0.5815467362920128,0.2667472793228537,0.9236182377950447,0.8311530819334549,0.7473337461467155,5-class P4+P5
0.354,0.6761591821832785,0.6756843800322061,0.922738601378097,0.7801189885969261,0.6772693685657679,0.5960730491775612,0.5829265303095433,0.2694074969770254,0.922738601378097,0.8311530819334549,0.7473337461467155,5-class P4+P5
0.355,0.6765242789339175,0.6761259808663872,0.922152177100132,0.7802034234681221,0.6774459305420866,0.596747188912823,0.5839510552033078,0.2713422007255139,0.922152177100132,0.8311530819334549,0.7473337461467155,5-class P4+P5
0.356,0.6767068273092369,0.6764990849391753,0.9212725406831843,0.7801365611421477,0.6771817560268762,0.5972747225785934,0.5848287080098881,0.27327690447400244,0.9212725406831843,0.8311530819334549,0.7473337461467155,5-class P4+P5
0.357,0.676341730558598,0.6764357289085228,0.9203929042662367,0.7797789094522419,0.6761283122154554,0.5970767423386806,0.5847259435385134,0.27376058041112455,0.9203929042662367,0.8311530819334549,0.7473337461467155,5-class P4+P5
0.358,0.6770719240598758,0.6772104069955738,0.9196598739187802,0.7800298433225565,0.6767623210406103,0.5982821739605992,0.5864802614004684,0.27690447400241835,0.9196598739187802,0.8311530819334549,0.7473337461467155,5-class P4+P5
0.359,0.6770719240598758,0.6774019237004215,0.9189268435713238,0.779892994898594,0.6763404216270752,0.5985202537082738,0.5869317663770119,0.2781136638452237,0.9189268435713238,0.8311530819334549,0.7473337461467155,5-class P4+P5
0.36,0.6774370208105148,0.6776948859336145,0.9189268435713238,0.7800871188550094,0.6768673609515758,0.599003929645396,0.5875786501498601,0.279081015719468,0.9189268435713238,0.8311530819334549,0.7473337461467155,5-class P4+P5
0.361,0.6776195691858342,0.678033993720905,0.9181938132238675,0.7800473284344253,0.6767133319389865,0.5994838473616315,0.5883495952045716,0.2807738814993954,0.9181938132238675,0.8311530819334549,0.7473337461467155,5-class P4+P5
0.362,0.6781672143117926,0.678590785907859,0.9177539950153937,0.7802567618097969,0.6772503322953507,0.6003522091159194,0.5895828643689285,0.282950423216445,0.9177539950153937,0.8311530819334549,0.7473337461467155,5-class P4+P5
0.363,0.6782584884994524,0.6787418655097613,0.9174607828764111,0.7802506078174677,0.6772165548746963,0.6005683599992696,0.5899209094273848,0.2836759371221282,0.9174607828764111,0.8311530819334549,0.7473337461467155,5-class P4+P5
0.364,0.6785323110624315,0.6791182538820719,0.916874358598446,0.7802869619463506,0.6772809357561476,0.6011215807502508,0.5907555176953786,0.28536880290205563,0.916874358598446,0.8311530819334549,0.7473337461467155,5-class P4+P5
0.365,0.6788061336254108,0.6794565217391304,0.9164345403899722,0.7803507895886649,0.6774275774982668,0.601627185551697,0.59149944843548,0.286819830713422,0.9164345403899722,0.8311530819334549,0.7473337461467155,5-class P4+P5
0.366,0.6790799561883899,0.6799129014697877,0.9155549039730245,0.7803323753592403,0.6773364620279486,0.602275638201748,0.5925027945201213,0.2889963724304716,0.9155549039730245,0.8311530819334549,0.7473337461467155,5-class P4+P5
0.367,0.6792625045637094,0.6801787076386618,0.9151150857645507,0.7803475434429303,0.6773574819812196,0.6026603240189138,0.5930821247819995,0.29020556227327693,0.9151150857645507,0.8311530819334549,0.7473337461467155,5-class P4+P5
0.368,0.6798101496896678,0.6807025199083669,0.9148218736255681,0.7805854390793094,0.6779700413963299,0.6034810698236668,0.594208992328311,0.2921402660217654,0.9148218736255681,0.8311530819334549,0.7473337461467155,5-class P4+P5
0.369,0.6799926980649872,0.6809300294727649,0.9145286614865855,0.7806282067325742,0.678069471560895,0.6038181396912976,0.5946985890323917,0.2931076178960097,0.9145286614865855,0.8311530819334549,0.7473337461467155,5-class P4+P5
0.37,0.6802665206279664,0.681311475409836,0.9139422372086204,0.7806649552313568,0.6781418949585172,0.6043713604422788,0.5955167900209974,0.29480048367593714,0.9139422372086204,0.8311530819334549,0.7473337461467155,5-class P4+P5
0.371,0.6807228915662651,0.6818430557075627,0.9133558129306554,0.7807995989472365,0.6784696312072722,0.605166419161821,0.5966477000446629,0.2969770253929867,0.9133558129306554,0.8311530819334549,0.7473337461467155,5-class P4+P5
0.372,0.6809054399415845,0.6821518571272049,0.9127693886526902,0.7807875595685979,0.6784187388424434,0.6055987209285216,0.5973018951431186,0.29842805320435306,0.9127693886526902,0.8311530819334549,0.7473337461467155,5-class P4+P5
0.373,0.6812705366922235,0.6825710211692443,0.9123295704442164,0.7809009913414481,0.6786971473437304,0.6062252447142484,0.5981840075555583,0.3001209189842805,0.9123295704442164,0.8311530819334549,0.7473337461467155,5-class P4+P5
0.374,0.6820007301935013,0.6832912226738438,0.9118897522357425,0.781210751067571,0.6794761563989834,0.6073354444370974,0.5996902118731309,0.30278113663845224,0.9118897522357425,0.8311530819334549,0.7473337461467155,5-class P4+P5
0.375,0.6815443592552026,0.6831574318381706,0.9110101158187949,0.7808004020858202,0.6784066729083327,0.607016545212904,0.5994077072981228,0.3030229746070133,0.9110101158187949,0.8311530819334549,0.7473337461467155,5-class P4+P5
0.376,0.6819094560058415,0.6836195508586526,0.9104236915408298,0.780886513674945,0.6786153309848819,0.6076906849481658,0.6003650147865319,0.3049576783555018,0.9104236915408298,0.8311530819334549,0.7473337461467155,5-class P4+P5
0.377,0.6823658269441402,0.6841583066916547,0.9098372672628647,0.781021897810219,0.6789491798710263,0.608485743667708,0.6014744040546112,0.30713422007255137,0.9098372672628647,0.8311530819334549,0.7473337461467155,5-class P4+P5
0.378,0.6823658269441402,0.6842801985659128,0.9093974490543909,0.7809391917411558,0.6787344937832208,0.6086285915163128,0.6017208404772821,0.3078597339782346,0.9093974490543909,0.8311530819334549,0.7473337461467155,5-class P4+P5
0.379,0.6825483753194597,0.684553384122778,0.9089576308459171,0.7809547801990175,0.6787695830566496,0.6090132773334784,0.6022771912264561,0.3090689238210399,0.9089576308459171,0.8311530819334549,0.7473337461467155,5-class P4+P5
0.38,0.6828221978824388,0.6848618784530387,0.9086644187069345,0.7810471929935102,0.6789996695518079,0.6094712661853898,0.6029056524477566,0.3102781136638452,0.9086644187069345,0.8311530819334549,0.7473337461467155,5-class P4+P5
0.381,0.6830047462577583,0.6852589641434262,0.9077847822899868,0.7809800088289084,0.6788273987383797,0.6099987998511602,0.6037022257191611,0.31221281741233375,0.9077847822899868,0.8311530819334549,0.7473337461467155,5-class P4+P5
0.382,0.683461117196057,0.6857617728531856,0.907344964081513,0.7811435062476335,0.6792351070376752,0.6107462426211676,0.6047161645976051,0.31414752116082223,0.907344964081513,0.8311530819334549,0.7473337461467155,5-class P4+P5
0.383,0.6837349397590361,0.686196182867288,0.9066119337340566,0.7811532874376302,0.6792606428739731,0.6113470793216836,0.6055791112299189,0.31608222490931076,0.9066119337340566,0.8311530819334549,0.7473337461467155,5-class P4+P5
0.384,0.6839174881343556,0.6865555555555556,0.9058789033866002,0.7811137096264459,0.679167348329925,0.6118269970379192,0.6062849782740668,0.3177750906892382,0.9058789033866002,0.8311530819334549,0.7473337461467155,5-class P4+P5
0.385,0.683461117196057,0.6865887590428492,0.9044128426916874,0.7805896495001898,0.6778961045341085,0.6116985616118655,0.6063118571772158,0.31898428053204353,0.9044128426916874,0.8311530819334549,0.7473337461467155,5-class P4+P5
0.386,0.684465133260314,0.6876813211336755,0.9035332062747398,0.7809668630805296,0.6788456756119732,0.6133143661361606,0.6084635261723419,0.3230955259975816,0.9035332062747398,0.8311530819334549,0.7473337461467155,5-class P4+P5
0.387,0.6842825848849945,0.6879052090319696,0.9022137516493183,0.7806177459250333,0.6780322065060346,0.6135010717134137,0.6088605409852994,0.32478839177750907,0.9022137516493183,0.8311530819334549,0.7473337461467155,5-class P4+P5
0.388,0.6849215041986126,0.6884860691507217,0.902067145579827,0.7809366670897322,0.6788146046595609,0.6143951205529123,0.6100003452445736,0.3267230955259976,0.902067145579827,0.8311530819334549,0.7473337461467155,5-class P4+P5
0.389,0.6842825848849945,0.6883262379565315,0.9007476909544055,0.7803391122118499,0.6774143505053594,0.6139772312087626,0.6096342763005722,0.3272067714631197,0.9007476909544055,0.8311530819334549,0.7473337461467155,5-class P4+P5
0.39,0.6840087623220154,0.6885172297676507,0.8992816302594927,0.7799109980928163,0.6764520687187057,0.6140906337512699,0.6099490286484787,0.32889963724304716,0.8992816302594927,0.8311530819334549,0.7473337461467155,5-class P4+P5
0.391,0.6841913106973347,0.6888414428587482,0.8986952059815276,0.7798982188295165,0.6764576684395831,0.6145229355179705,0.6105563445568771,0.3303506650544135,0.8986952059815276,0.8311530819334549,0.7473337461467155,5-class P4+P5
0.392,0.6846476816356335,0.6893990546927752,0.8981087817035626,0.7800343795759852,0.6768251312111219,0.6153179942375129,0.6116126772980651,0.33252720677146314,0.8981087817035626,0.8311530819334549,0.7473337461467155,5-class P4+P5
0.393,0.6850127783862724,0.6898805499211179,0.8975223574255974,0.7801210576616757,0.6770728398020576,0.6159921339727745,0.6125150889080455,0.3344619105199516,0.8975223574255974,0.8311530819334549,0.7473337461467155,5-class P4+P5
0.394,0.6848302300109529,0.6900677200902935,0.8963495088696672,0.7797972068107901,0.676379279892475,0.6161312236004927,0.6128162731213315,0.335912938331318,0.8963495088696672,0.8311530819334549,0.7473337461467155,5-class P4+P5
0.395,0.6849215041986126,0.690274483226025,0.8959096906611934,0.7797626642848029,0.6763307746610392,0.6163949904333779,0.6131900849477878,0.33688029020556226,0.8959096906611934,0.8311530819334549,0.7473337461467155,5-class P4+P5
0.396,0.6851953267615918,0.6906808414385885,0.8953232663832282,0.7797995275490008,0.6764662485338638,0.6169482111843589,0.6139356095098181,0.3385731559854897,0.8953232663832282,0.8311530819334549,0.7473337461467155,5-class P4+P5
0.397,0.685469149324571,0.6910882119805232,0.8947368421052632,0.7798364426271402,0.6766029295196734,0.6175014319353401,0.6146786047001516,0.34026602176541715,0.8947368421052632,0.8311530819334549,0.7473337461467155,5-class P4+P5
0.398,0.6857429718875502,0.691540031753232,0.8940038117578067,0.7798452586482512,0.6766867604977572,0.6181022686358562,0.6154925320819766,0.3422007255139057,0.8940038117578067,0.8311530819334549,0.7473337461467155,5-class P4+P5
0.399,0.6859255202628697,0.6919146036793096,0.8932707814103504,0.7798041850643118,0.6766549762582594,0.6185821863520917,0.6161550758257119,0.3438935912938331,0.8932707814103504,0.8311530819334549,0.7473337461467155,5-class P4+P5
0.4,0.6859255202628697,0.6921327876307413,0.892537751062894,0.7796631875520267,0.6763904678894447,0.6188202660997663,0.6165194412740276,0.34510278113663845,0.892537751062894,0.8311530819334549,0.7473337461467155,5-class P4+P5
0.401,0.6864731653888281,0.6929124886052871,0.8915115085764551,0.7797653394883631,0.6767314736604417,0.6198790916521937,0.617911173307127,0.3482466747279323,0.8915115085764551,0.8311530819334549,0.7473337461467155,5-class P4+P5
0.402,0.6865644395764877,0.6932998516151124,0.8904852660900161,0.7796175073803107,0.6764904725045949,0.6203333222832185,0.618560728413694,0.3501813784764208,0.8904852660900161,0.8311530819334549,0.7473337461467155,5-class P4+P5
0.403,0.6864731653888281,0.6935299497027893,0.8894590236035772,0.7793692594257821,0.6760222212282062,0.6205457149456822,0.6189137011302015,0.3516324062877872,0.8894590236035772,0.8311530819334549,0.7473337461467155,5-class P4+P5
0.404,0.6860167944505294,0.6934431857191898,0.8884327811171383,0.7789203084832905,0.6750932662921614,0.6202744316710238,0.6186792978184714,0.3521160822249093,0.8884327811171383,0.8311530819334549,0.7473337461467155,5-class P4+P5
0.405,0.6857429718875502,0.6935151237396884,0.8874065386306993,0.7785709691941604,0.6744056767711009,0.6202449863649264,0.6187370011773097,0.35308343409915355,0.8874065386306993,0.8311530819334549,0.7473337461467155,5-class P4+P5
0.406,0.6861993428258488,0.694046116783297,0.8869667204222255,0.7787360020594671,0.6748479802317557,0.6209924291349338,0.6196786379923944,0.3550181378476421,0.8869667204222255,0.8311530819334549,0.7473337461467155,5-class P4+P5
0.40700000000000003,0.6858342460752099,0.6940392787412427,0.8859404779357866,0.7783359093250901,0.674053876809483,0.620842064844556,0.619587754161292,0.3557436517533253,0.8859404779357866,0.8311530819334549,0.7473337461467155,5-class P4+P5
0.40800000000000003,0.6859255202628697,0.6943422263109476,0.8852074475883301,0.7782432171167107,0.6739410246598986,0.6212010635765108,0.6200832973777455,0.35719467956469164,0.8852074475883301,0.8311530819334549,0.7473337461467155,5-class P4+P5
0.40900000000000003,0.6859255202628697,0.6946107784431138,0.8843278111713825,0.7780715898097388,0.6736698258412752,0.6214867592737203,0.620501379421804,0.35864570737605805,0.8843278111713825,0.8311530819334549,0.7473337461467155,5-class P4+P5
0.41000000000000003,0.6863818912011683,0.6951008645533141,0.8840345990323999,0.7782653588022715,0.6741615677435575,0.6221865860941926,0.6213645996006371,0.3603385731559855,0.8840345990323999,0.8311530819334549,0.7473337461467155,5-class P4+P5
0.41100000000000003,0.6864731653888281,0.6953611816293561,0.8834481747544348,0.7782010718667269,0.6740998047884772,0.6224979688766128,0.6217853608360873,0.3615477629987908,0.8834481747544348,0.8311530819334549,0.7473337461467155,5-class P4+P5
0.41200000000000003,0.6866557137641475,0.6958381502890173,0.8824219322679959,0.7781009630922371,0.6740248860725225,0.6230731184919182,0.6225545958140893,0.3637243047158404,0.8824219322679959,0.8311530819334549,0.7473337461467155,5-class P4+P5
0.41300000000000003,0.6872946330777656,0.6965381498205395,0.8819821140595221,0.7783671885108034,0.674702882585992,0.6240623992304866,0.6237667984698424,0.36614268440145104,0.8819821140595221,0.8311530819334549,0.7473337461467155,5-class P4+P5
0.41400000000000003,0.6876597298284045,0.6971349031434868,0.8811024776425744,0.7783965807537884,0.6749057813361974,0.6248317708648181,0.6247469766210982,0.3685610640870617,0.8811024776425744,0.8311530819334549,0.7473337461467155,5-class P4+P5
0.41500000000000004,0.6882986491420227,0.6979772146012555,0.8802228412256268,0.7785774492640861,0.6754541977849098,0.6259638994519912,0.6261511071254935,0.3717049576783555,0.8802228412256268,0.8311530819334549,0.7473337461467155,5-class P4+P5
0.41600000000000004,0.6881161007667032,0.6982296762170976,0.8789033866002053,0.7782176932563121,0.6748532347330214,0.6261506050292441,0.6264647267203928,0.37339782345828293,0.8789033866002053,0.8311530819334549,0.7473337461467155,5-class P4+P5
0.417,0.6887550200803213,0.6990313922277979,0.8781703562527489,0.7784275503573749,0.6754478284976442,0.6272351176668822,0.6277908987604108,0.3762998790810157,0.8781703562527489,0.8311530819334549,0.7473337461467155,5-class P4+P5
0.418,0.6889375684556407,0.6994273694051654,0.8774373259052924,0.778384705423332,0.6754744183415989,0.6277150353831178,0.6284026373764962,0.37799274486094314,0.8774373259052924,0.8311530819334549,0.7473337461467155,5-class P4+P5
0.419,0.6890288426433004,0.6997893258426966,0.8765576894883448,0.7782622844126261,0.6753507159893417,0.6281216500646077,0.6289356328126976,0.37968561064087064,0.8765576894883448,0.8311530819334549,0.7473337461467155,5-class P4+P5
0.42,0.688481197517342,0.699812382739212,0.8749450227239408,0.7776402371489999,0.6742472127864099,0.6279199116038083,0.6288018342533054,0.3808948004836759,0.8749450227239408,0.8311530819334549,0.7473337461467155,5-class P4+P5
0.421,0.688846294267981,0.7003287928604979,0.8743585984459756,0.7777270652670014,0.6745496423318883,0.62859405133907,0.629623988907265,0.38282950423216444,0.8743585984459756,0.8311530819334549,0.7473337461467155,5-class P4+P5
0.422,0.6895764877692588,0.7010818438381938,0.8740653863069932,0.7780750407830342,0.6753777897820659,0.6296566351123841,0.6308775082463828,0.3852478839177751,0.8740653863069932,0.8311530819334549,0.7473337461467155,5-class P4+P5
0.423,0.6896677619569186,0.7014960537165744,0.8730391438205541,0.7779229261920314,0.6752312048072131,0.6301108657434089,0.6314637351347918,0.3871825876662636,0.8730391438205541,0.8311530819334549,0.7473337461467155,5-class P4+P5
0.424,0.6900328587075575,0.7020648967551623,0.8723061134730978,0.7779811715481172,0.6754983895303421,0.6308326214282055,0.6323400416386293,0.3893591293833132,0.8723061134730978,0.8311530819334549,0.7473337461467155,5-class P4+P5
0.425,0.6898503103322381,0.702089975203684,0.8717196891951327,0.7777632439502943,0.6751302308668199,0.630781247257784,0.6323126095921813,0.3898428053204353,0.8717196891951327,0.8311530819334549,0.7473337461467155,5-class P4+P5
0.426,0.6898503103322381,0.7023767293366442,0.870840052778185,0.7775886896190601,0.6749178564650408,0.6310669429549933,0.6326894307305431,0.3912938331318017,0.870840052778185,0.8311530819334549,0.7473337461467155,5-class P4+P5
0.427,0.6898503103322381,0.7027603364530269,0.8696672042222549,0.7773555235224742,0.6746406056022589,0.6314478705512725,0.6331890399567258,0.3932285368802902,0.8696672042222549,0.8311530819334549,0.7473337461467155,5-class P4+P5
0.428,0.6894852135815991,0.7027636104851145,0.8686409617358158,0.7769472856018883,0.6739560626682999,0.6312975062608946,0.6330682373955387,0.3939540507859734,0.8686409617358158,0.8311530819334549,0.7473337461467155,5-class P4+P5
0.429,0.6891201168309602,0.7027668922930769,0.8676147192493769,0.7765385120062984,0.6732769372707987,0.6311471419705168,0.6329469171725646,0.3946795646916566,0.8676147192493769,0.8311530819334549,0.7473337461467155,5-class P4+P5
0.43,0.6890288426433004,0.7030209324452902,0.8665884767629379,0.7762820933744828,0.6729390376512165,0.6313595346329804,0.6332405528970274,0.39613059250302296,0.8665884767629379,0.8311530819334549,0.7473337461467155,5-class P4+P5
0.431,0.6889375684556407,0.7032757593805837,0.865562234276499,0.7760252365930599,0.6726062514200849,0.6315719272954442,0.6335323315581787,0.3975816203143894,0.865562234276499,0.8311530819334549,0.7473337461467155,5-class P4+P5
0.432,0.6891201168309602,0.7036860312537278,0.8648292039290426,0.7759800052617732,0.6726747295794484,0.6320518450116797,0.6341140336386386,0.3992744860943168,0.8648292039290426,0.8311530819334549,0.7473337461467155,5-class P4+P5
0.433,0.6893026652062797,0.704097479393143,0.8640961735815863,0.7759347024749869,0.6727450646482156,0.6325317627279152,0.6346935417136839,0.40096735187424426,0.8640961735815863,0.8311530819334549,0.7473337461467155,5-class P4+P5
0.434,0.6893026652062797,0.7045862770925637,0.8626301128866735,0.7756393356182442,0.6724466894100054,0.6330079222232642,0.6352974126162437,0.4033857315598549,0.8626301128866735,0.8311530819334549,0.7473337461467155,5-class P4+P5
0.435,0.6895764877692588,0.7050851523147038,0.8618970825392172,0.7756448314532621,0.6726342491902014,0.6336087589237802,0.6360084071378557,0.4053204353083434,0.8618970825392172,0.8311530819334549,0.7473337461467155,5-class P4+P5
0.436,0.6898503103322381,0.7054375225063018,0.8616038704002346,0.7757391763463569,0.6729092374436271,0.6340667477756916,0.6365382272264328,0.4065296251511487,0.8616038704002346,0.8311530819334549,0.7473337461467155,5-class P4+P5
0.437,0.6898503103322381,0.705684412931138,0.8608708400527781,0.775591071192709,0.6727663051372959,0.634304827523366,0.6368354174279646,0.40773881499395404,0.8608708400527781,0.8311530819334549,0.7473337461467155,5-class P4+P5
0.438,0.6897590361445783,0.7060452793834296,0.8595513854273567,0.7752727272727272,0.6724042384850784,0.6346124520848996,0.6372311772506262,0.40967351874244257,0.8595513854273567,0.8311530819334549,0.7473337461467155,5-class P4+P5
0.439,0.6898503103322381,0.706428657580509,0.858671749010409,0.775145579671784,0.6723512893906297,0.6350190667663895,0.6377198486594213,0.41136638452237,0.858671749010409,0.8311530819334549,0.7473337461467155,5-class P4+P5
0.44,0.6905805038335159,0.7073111782477342,0.8580853247324439,0.7754372019077902,0.6731259360093576,0.6361768824387734,0.6390390234891064,0.4142684401451028,0.8580853247324439,0.8311530819334549,0.7473337461467155,5-class P4+P5
0.441,0.6914932457101132,0.7083181983290955,0.8576455065239701,0.7758620689655172,0.6741442678705174,0.6375289201301834,0.6405656949043043,0.41741233373639663,0.8576455065239701,0.8311530819334549,0.7473337461467155,5-class P4+P5
0.442,0.691219423147134,0.7083636363636364,0.8567658701070224,0.775529161966691,0.6736570583887658,0.6374518588745511,0.6405054083477659,0.4181378476420798,0.8567658701070224,0.8311530819334549,0.7473337461467155,5-class P4+P5
0.443,0.6916757940854327,0.7090467516697024,0.856032839759566,0.7756376195536663,0.6740750112630026,0.6382945335436282,0.6414652508503453,0.42055622732769044,0.856032839759566,0.8311530819334549,0.7473337461467155,5-class P4+P5
0.444,0.6915845198977729,0.7092146851446632,0.8552998094121097,0.7754369641789061,0.6738381118031008,0.6384116943070222,0.6416150589284917,0.42152357920193473,0.8552998094121097,0.8311530819334549,0.7473337461467155,5-class P4+P5
0.445,0.6914932457101132,0.7095359883083668,0.8541269608561795,0.7751463544438532,0.6735293784893382,0.6386717029190208,0.6419336423382056,0.42321644498186217,0.8541269608561795,0.8311530819334549,0.7473337461467155,5-class P4+P5
0.446,0.6924059875867105,0.7108124618204031,0.8529541123002492,0.7754231640677063,0.674424635818177,0.6402618203581052,0.643720849337647,0.4275695284159613,0.8529541123002492,0.8311530819334549,0.7473337461467155,5-class P4+P5
0.447,0.6927710843373494,0.7114184310365929,0.8522210819527929,0.7754802561366062,0.674739736164616,0.6409835760429019,0.644532035582754,0.42974607013301086,0.8522210819527929,0.8311530819334549,0.7473337461467155,5-class P4+P5
0.448,0.6933187294633077,0.7121490744146132,0.8516346576748277,0.775670984110028,0.6752956876181676,0.6418995537467246,0.6455510963238342,0.4321644498186215,0.8516346576748277,0.8311530819334549,0.7473337461467155,5-class P4+P5
0.449,0.6934100036509675,0.7127058245269108,0.8503152030494062,0.7754529046059229,0.6751960634344987,0.6424490162768192,0.6461760424079521,0.43458282950423216,0.8503152030494062,0.8311530819334549,0.7473337461467155,5-class P4+P5
0.45,0.693227455275648,0.7128444881889764,0.8494355666324586,0.7751689076192387,0.6748451578144317,0.6424928740054675,0.6462373333155794,0.4355501813784764,0.8494355666324586,0.8311530819334549,0.7473337461467155,5-class P4+P5
0.451,0.6938663745892661,0.713722105782271,0.8487025362850023,0.7753817305116528,0.6754902268805907,0.6435773866431057,0.6474329855996659,0.43845223700120917,0.8487025362850023,0.8311530819334549,0.7473337461467155,5-class P4+P5
0.452,0.6931361810879884,0.7138088762516999,0.846503445242633,0.7745137491616365,0.674309391038302,0.6433242740118849,0.6471826100849599,0.44014510278113667,0.846503445242633,0.8311530819334549,0.7473337461467155,5-class P4+P5
0.453,0.6933187294633077,0.7142503404729479,0.8457704148951767,0.7744663713250101,0.6744228430395305,0.6438041917281204,0.6477122275786726,0.4418379685610641,0.8457704148951767,0.8311530819334549,0.7473337461467155,5-class P4+P5
0.454,0.6930449069003286,0.7144629124286778,0.8444509602697552,0.7740374924410401,0.6739211590477874,0.6438699783210928,0.6477955281240626,0.44328899637243047,0.8444509602697552,0.8311530819334549,0.7473337461467155,5-class P4+P5
0.455,0.6937751004016064,0.7152260307998013,0.8443043542002638,0.7744234518926915,0.6747617757304791,0.6448849461448719,0.6488966243694172,0.44546553808948003,0.8443043542002638,0.8311530819334549,0.7473337461467155,5-class P4+P5
0.456,0.693592552026287,0.7154764866882309,0.8431315056443337,0.774076317383404,0.674393486661456,0.64502403577259,0.6490543220264532,0.44691656590084644,0.8431315056443337,0.8311530819334549,0.7473337461467155,5-class P4+P5
0.457,0.6934100036509675,0.7158354114713217,0.8416654449494209,0.773667542618422,0.67399400001359,0.645258357299378,0.6493143256862439,0.44885126964933497,0.8416654449494209,0.8311530819334549,0.7473337461467155,5-class P4+P5
0.458,0.6929536327126689,0.7159815069348994,0.8400527781850169,0.7730706961683756,0.6732633575988415,0.6451775378228591,0.6492328650142104,0.45030229746070133,0.8400527781850169,0.8311530819334549,0.7473337461467155,5-class P4+P5
0.459,0.6934100036509675,0.7167000500751126,0.8393197478375605,0.7731784725504761,0.6737139064391735,0.6460202124919362,0.6501398486925265,0.452720677146312,0.8393197478375605,0.8311530819334549,0.7473337461467155,5-class P4+P5
0.46,0.6935012778386273,0.7171159874608151,0.8384401114206128,0.7730467693971343,0.6737206908119238,0.6464268271734261,0.6505762233719792,0.4544135429262394,0.8384401114206128,0.8311530819334549,0.7473337461467155,5-class P4+P5
0.461,0.6936838262139466,0.7174049441586147,0.8381468992816302,0.7730899256254226,0.6739016685975531,0.646763897041057,0.6509369875248707,0.45538089480048366,0.8381468992816302,0.8311530819334549,0.7473337461467155,5-class P4+P5
0.462,0.693592552026287,0.7176426237748178,0.8372672628646826,0.7728533730292984,0.6736978962770019,0.6469286737539858,0.6511119521812692,0.456590084643289,0.8372672628646826,0.8311530819334549,0.7473337461467155,5-class P4+P5
0.463,0.6934100036509675,0.717955175018887,0.8359478082392611,0.7724717198401408,0.6733438781531064,0.6471153793312387,0.6513078979673498,0.45828295042321643,0.8359478082392611,0.8311530819334549,0.7473337461467155,5-class P4+P5
0.464,0.693592552026287,0.7187421065925739,0.8343351414748571,0.7722369224506411,0.673393436443094,0.6478809927446837,0.6521159518150319,0.4614268440145103,0.8343351414748571,0.8311530819334549,0.7473337461467155,5-class P4+P5
0.465,0.6933187294633077,0.7189674807035303,0.8330156868494356,0.771801140994295,0.6729459087107563,0.6479467793376561,0.6521776990447268,0.46287787182587664,0.8330156868494356,0.8311530819334549,0.7473337461467155,5-class P4+P5
0.466,0.6935012778386273,0.7194828241855749,0.832136050432488,0.7717199184228416,0.673076919102895,0.6484743130034265,0.6527302730131426,0.46481257557436517,0.832136050432488,0.8311530819334549,0.7473337461467155,5-class P4+P5
0.467,0.6939576487769259,0.7202184404368809,0.8314030200850315,0.7718271520925485,0.6735420560393359,0.6493169876725037,0.6536148369580104,0.4672309552599758,0.8314030200850315,0.8311530819334549,0.7473337461467155,5-class P4+P5
0.468,0.6940489229645856,0.7207023794375875,0.8303767775985926,0.7716621253405994,0.6735575184239924,0.6497712183035285,0.6540832750596802,0.46916565900846435,0.8303767775985926,0.8311530819334549,0.7473337461467155,5-class P4+P5
0.46900000000000003,0.6940489229645856,0.7210962396430848,0.8293505351121536,0.7714441565525706,0.6734700098890448,0.6501045299502727,0.65442205067485,0.4708585247883918,0.8293505351121536,0.8311530819334549,0.7473337461467155,5-class P4+P5
0.47000000000000003,0.6941401971522454,0.7216969077434193,0.8280310804867321,0.7712159486584284,0.6734682621784189,0.6506539924803673,0.6549816838956285,0.4732769044740024,0.8280310804867321,0.8311530819334549,0.7473337461467155,5-class P4+P5
0.47100000000000003,0.6943227455275648,0.7221653442539032,0.8272980501392758,0.7711650153741032,0.6736224557042909,0.6511339101966028,0.6554739464667685,0.4749697702539299,0.8272980501392758,0.8311530819334549,0.7473337461467155,5-class P4+P5
0.47200000000000003,0.6947791164658634,0.7230275817831944,0.8262718076528368,0.7712096332785988,0.6740731075635364,0.6520718167647497,0.6564381499726327,0.47787182587666266,0.8262718076528368,0.8311530819334549,0.7473337461467155,5-class P4+P5
0.47300000000000003,0.6951442132165023,0.723628420917384,0.8256853833748717,0.7712955354697343,0.6744520925891679,0.6527459565000114,0.6571310737009317,0.47980652962515113,0.8256853833748717,0.8311530819334549,0.7473337461467155,5-class P4+P5
0.47400000000000003,0.6953267615918218,0.7240447703589348,0.8250989590969066,0.7712758667945732,0.6746205629991344,0.653178258266712,0.6575701553158435,0.48125755743651755,0.8250989590969066,0.8311530819334549,0.7473337461467155,5-class P4+P5
0.47500000000000003,0.6953267615918218,0.7245068969962615,0.8239261105409764,0.7710248319385375,0.6745385375884715,0.6535591858629912,0.6579421950802586,0.483192261185006,0.8239261105409764,0.8311530819334549,0.7473337461467155,5-class P4+P5
0.47600000000000003,0.6952354874041621,0.7250517063081696,0.8223134437765723,0.7706258157587415,0.6743270953901097,0.6539620423235946,0.6583244646434767,0.48561064087061667,0.8223134437765723,0.8311530819334549,0.7473337461467155,5-class P4+P5
0.47700000000000004,0.6950529390288427,0.7252135645871085,0.8214338073596247,0.7703306523681859,0.6740618906526874,0.6540059000522428,0.6583493044597208,0.48657799274486097,0.8214338073596247,0.8311530819334549,0.7473337461467155,5-class P4+P5
0.47800000000000004,0.6948703906535232,0.7255512321660181,0.8201143527342032,0.7699401280022022,0.6737737676541735,0.6541926056294958,0.6585102347096772,0.4882708585247884,0.8201143527342032,0.8311530819334549,0.7473337461467155,5-class P4+P5
0.47900000000000004,0.6955093099671413,0.7265046145846874,0.8193813223867468,0.7701529557668458,0.6744689790667844,0.655277118267134,0.6596101356287595,0.4911729141475212,0.8193813223867468,0.8311530819334549,0.7473337461467155,5-class P4+P5
0.48,0.6953267615918218,0.7267873421018362,0.8182084738308166,0.7697931034482759,0.6741962343710279,0.6554162078948521,0.6597211604667175,0.49262394195888753,0.8182084738308166,0.8311530819334549,0.7473337461467155,5-class P4+P5
0.481,0.6947791164658634,0.7268101761252446,0.8167424131359038,0.769156426894933,0.673493207175354,0.6551668534845179,0.6594233521493249,0.49359129383313183,0.8167424131359038,0.8311530819334549,0.7473337461467155,5-class P4+P5
0.482,0.6947791164658634,0.7273440564927423,0.8154229585104823,0.7688692286425214,0.6734332854237661,0.6555953970303319,0.6598241898183053,0.4957678355501814,0.8154229585104823,0.8311530819334549,0.7473337461467155,5-class P4+P5
0.483,0.6949616648411829,0.727653448501505,0.8151297463714998,0.7689116304798783,0.6736306458193799,0.6559324668979627,0.6601605132265164,0.49673518742442563,0.8151297463714998,0.8311530819334549,0.7473337461467155,5-class P4+P5
0.484,0.694231471339905,0.7277260202073219,0.8130772613986219,0.7680376679130314,0.6727085873150553,0.655631738317207,0.6597885796057794,0.49818621523579204,0.8130772613986219,0.8311530819334549,0.7473337461467155,5-class P4+P5
0.485,0.6941401971522454,0.727929584866001,0.8123442310511655,0.7678237372687591,0.6725772326243881,0.6557488990806009,0.6598845922605328,0.4991535671100363,0.8123442310511655,0.8311530819334549,0.7473337461467155,5-class P4+P5
0.486,0.694596568090544,0.7287087008029486,0.8116112007037092,0.7679289776668053,0.6730771845783126,0.656591573749678,0.6607192259564345,0.5015719467956469,0.8116112007037092,0.8311530819334549,0.7473337461467155,5-class P4+P5
0.487,0.6943227455275648,0.729023746701847,0.8101451400087963,0.7674467050899243,0.6727168496542411,0.6567049762921853,0.6607836640880322,0.5032648125755743,0.8101451400087963,0.8311530819334549,0.7473337461467155,5-class P4+P5
0.488,0.6947791164658634,0.7298083278255122,0.80941210966134,0.7675517864590574,0.6732202948475836,0.6575476509612626,0.6616127255441713,0.505683192261185,0.80941210966134,0.8311530819334549,0.7473337461467155,5-class P4+P5
0.489,0.6947791164658634,0.7301734410168145,0.8085324732443924,0.767357729233338,0.6731972112518689,0.6578333466584718,0.661869366075942,0.5071342200725514,0.8085324732443924,0.8311530819334549,0.7473337461467155,5-class P4+P5
0.49,0.6945052939028843,0.7304324754576811,0.8072130186189709,0.7669057733825475,0.672852282199291,0.6578991332514443,0.6618852976538052,0.5085852478839178,0.8072130186189709,0.8311530819334549,0.7473337461467155,5-class P4+P5
0.491,0.6939576487769259,0.7304012755779963,0.8058935639935493,0.7662926047257266,0.6721977223371032,0.6576021628915751,0.6615336123430351,0.509310761789601,0.8058935639935493,0.8311530819334549,0.7473337461467155,5-class P4+P5
0.492,0.6944140197152245,0.7310711909514305,0.8054537457850754,0.7664620535714286,0.6727137413635386,0.6583496056615825,0.6622700975354503,0.5112454655380895,0.8054537457850754,0.8311530819334549,0.7473337461467155,5-class P4+P5
0.493,0.6944140197152245,0.7315642085611415,0.8042808972291453,0.7662011173184358,0.6726956131032493,0.6587305332578617,0.6626053004927268,0.513180169286578,0.8042808972291453,0.8311530819334549,0.7473337461467155,5-class P4+P5
0.494,0.6940489229645856,0.7317301269205077,0.8029614426037238,0.7656927163427932,0.6722609147999254,0.6586754008665536,0.6624940047661902,0.5143893591293833,0.8029614426037238,0.8311530819334549,0.7473337461467155,5-class P4+P5
0.495,0.693592552026287,0.7319849986605947,0.8012021697698285,0.7650311471967522,0.6717231583560853,0.6586421973395696,0.6623844260573926,0.5160822249093108,0.8012021697698285,0.8311530819334549,0.7473337461467155,5-class P4+P5
0.496,0.6934100036509675,0.7324113856068744,0.7997361090749157,0.7645945756535146,0.6715078592800621,0.6588765188663575,0.662553731631546,0.5180169286577992,0.7997361090749157,0.8311530819334549,0.7473337461467155,5-class P4+P5
0.497,0.6928623585250091,0.7323830016137708,0.7984166544494942,0.763975590937785,0.6708790008068855,0.6585795485064883,0.6621968091854176,0.5187424425634825,0.7984166544494942,0.8311530819334549,0.7473337461467155,5-class P4+P5
0.498,0.693592552026287,0.7332974137931034,0.7981234423105117,0.7643383643383643,0.6717166570664271,0.6596421322798024,0.6632439180502308,0.5211608222490931,0.7981234423105117,0.8311530819334549,0.7473337461467155,5-class P4+P5
0.499,0.6934100036509675,0.7336032388663968,0.7969505937545814,0.763965989740707,0.6715111513000906,0.6597812219075205,0.6633265699256848,0.5226118500604595,0.7969505937545814,0.8311530819334549,0.7473337461467155,5-class P4+P5
0.5,0.6927710843373494,0.7336669822805356,0.7951913209206861,0.7631912199240186,0.6707908304610649,0.6595061804119755,0.6629673948411987,0.5238210399032648,0.7951913209206861,0.8311530819334549,0.7473337461467155,5-class P4+P5
0.501,0.6921321650237313,0.7335410457870496,0.7938718662952646,0.7625149616278251,0.670072145725086,0.6590882910678257,0.6624872122965951,0.524304715840387,0.7938718662952646,0.8311530819334549,0.7473337461467155,5-class P4+P5
0.502,0.6920408908360716,0.7340122199592668,0.7925524116698431,0.7621598759340195,0.6699857813803574,0.6593959156293593,0.6627263267839913,0.5262394195888754,0.7925524116698431,0.8311530819334549,0.7473337461467155,5-class P4+P5
0.503,0.6923147133990507,0.7348216716580452,0.7913795631139129,0.7620526575845274,0.6703194230866403,0.6601396001784801,0.6634020550672799,0.5288996372430471,0.7913795631139129,0.8311530819334549,0.7473337461467155,5-class P4+P5
0.504,0.6930449069003286,0.7360087360087361,0.7904999266969652,0.7622817558492967,0.671172412081503,0.6613926477499337,0.6645922623419053,0.532285368802902,0.7904999266969652,0.8311530819334549,0.7473337461467155,5-class P4+P5
0.505,0.6930449069003286,0.7365253077975377,0.7893270781410351,0.7620125964192201,0.671197376882861,0.6617735753462128,0.6649029695886102,0.5342200725513906,0.7893270781410351,0.8311530819334549,0.7473337461467155,5-class P4+P5
0.506,0.6927710843373494,0.7370009603512142,0.7875678053071398,0.7614457831325301,0.6709275322617811,0.6619822097877899,0.6650089720584466,0.5363966142684401,0.7875678053071398,0.8311530819334549,0.7473337461467155,5-class P4+P5
0.507,0.6930449069003286,0.7377612761276128,0.7865415628207008,0.7613708933513091,0.6712693459899737,0.6626782783873757,0.6656323708347542,0.5388149939540507,0.7865415628207008,0.8311530819334549,0.7473337461467155,5-class P4+P5
0.508,0.6926798101496897,0.7382068965517241,0.7846356839173142,0.7607135242697747,0.6709113273908107,0.6628136097942072,0.6656520050885922,0.5409915356711004,0.7846356839173142,0.8311530819334549,0.7473337461467155,5-class P4+P5
0.509,0.6929536327126689,0.7387760740433762,0.784049259639349,0.7607396870554766,0.6712443727763289,0.6633668305451884,0.666156904149236,0.5426844014510278,0.784049259639349,0.8311530819334549,0.7473337461467155,5-class P4+P5
0.51,0.6928623585250091,0.739202657807309,0.7828764110834189,0.7604129583481666,0.6711822506614251,0.6636268391571871,0.6663384227357968,0.5443772672309553,0.7828764110834189,0.8311530819334549,0.7473337461467155,5-class P4+P5
0.511,0.6927710843373494,0.7396310167845749,0.7817035625274886,0.7600855310049893,0.6711232212292236,0.6638868477691857,0.6665182793314721,0.5460701330108827,0.7817035625274886,0.8311530819334549,0.7473337461467155,5-class P4+P5
0.512,0.6924059875867105,0.7398860002780481,0.7802375018325759,0.7595261880976166,0.6707668109282879,0.6638793313274125,0.6664179433777524,0.5475211608222491,0.7802375018325759,0.8311530819334549,0.7473337461467155,5-class P4+P5
0.513,0.6921321650237313,0.7401114206128133,0.7790646532766456,0.7590886365259625,0.6705059221708134,0.66389750197085,0.6663601443279541,0.5487303506650544,0.7790646532766456,0.8311530819334549,0.7473337461467155,5-class P4+P5
0.514,0.6917670682730924,0.740234375,0.7778918047207154,0.7585960397455144,0.670143586655227,0.6637947536300071,0.666184300322082,0.5496977025392986,0.7778918047207154,0.8311530819334549,0.7473337461467155,5-class P4+P5
0.515,0.6918583424607521,0.7406734665362582,0.7771587743732591,0.7584776076691945,0.6702840878351204,0.6641537523619621,0.6664835731817109,0.551148730350665,0.7771587743732591,0.8311530819334549,0.7473337461467155,5-class P4+P5
0.516,0.6914932457101132,0.7407977606717985,0.7759859258173288,0.7579836746384075,0.6699265633587279,0.664051004021119,0.6663062093302785,0.5521160822249093,0.7759859258173288,0.8311530819334549,0.7473337461467155,5-class P4+P5
0.517,0.6913106973347937,0.7410626664797421,0.7749596833308899,0.7576322201519278,0.6697727666691151,0.6641424776993023,0.6663255345544761,0.5533252720677146,0.7749596833308899,0.8311530819334549,0.7473337461467155,5-class P4+P5
0.518,0.6917670682730924,0.7417860151642797,0.7745198651224161,0.7577996127088862,0.6703191943322702,0.6648899204693096,0.6670162576030314,0.5552599758162031,0.7745198651224161,0.8311530819334549,0.7473337461467155,5-class P4+P5
0.519,0.6915845198977729,0.742121553179516,0.7733470165664859,0.7574125924330534,0.6701772007061821,0.6650290100970278,0.667069067104664,0.5567110036275695,0.7733470165664859,0.8311530819334549,0.7473337461467155,5-class P4+P5
0.52,0.6914019715224534,0.7424584155624472,0.7721741680105556,0.7570247933884298,0.6700381150831397,0.6651680997247458,0.667120624779747,0.558162031438936,0.7721741680105556,0.8311530819334549,0.7473337461467155,5-class P4+P5
0.521,0.6914932457101132,0.7429741561926282,0.771294531593608,0.7568695151776723,0.6701967555156689,0.6655747144062356,0.6674484904227937,0.5598548972188634,0.771294531593608,0.8311530819334549,0.7473337461467155,5-class P4+P5
0.522,0.6911281489594743,0.7431036921771114,0.7701216830376778,0.7563714902807775,0.6698538785043004,0.6654719660653927,0.667265775058115,0.5608222490931076,0.7701216830376778,0.8311530819334549,0.7473337461467155,5-class P4+P5
0.523,0.6914932457101132,0.7438695960311835,0.7693886526902214,0.756413952147593,0.6703198274952124,0.6661937217501893,0.6679033424252151,0.5629987908101572,0.7693886526902214,0.8311530819334549,0.7473337461467155,5-class P4+P5
0.524,0.6917670682730924,0.7446717817561808,0.7683624102037825,0.7563316256584169,0.6707024044054002,0.6668897903497751,0.6684923991945382,0.5654171704957678,0.7683624102037825,0.8311530819334549,0.7473337461467155,5-class P4+P5
0.525,0.6915845198977729,0.7452265602735823,0.7667497434393784,0.7558349591733506,0.6706071856725961,0.6671717278260979,0.6686396398740531,0.5675937122128174,0.7667497434393784,0.8311530819334549,0.7473337461467155,5-class P4+P5
0.526,0.6915845198977729,0.7459977129788451,0.7651370766749743,0.7554461894767316,0.6707261292166953,0.6676955032709817,0.6690140150595517,0.5702539298669891,0.7651370766749743,0.8311530819334549,0.7473337461467155,5-class P4+P5
0.527,0.6914932457101132,0.7463840756122011,0.7641108341885354,0.7551434366850188,0.6707002180225616,0.6679078959334455,0.6691356058610096,0.5717049576783555,0.7641108341885354,0.8311530819334549,0.7473337461467155,5-class P4+P5
0.528,0.6909456005841548,0.7465193052963973,0.7624981674241313,0.7544241369306643,0.6702012420189682,0.6677061574726462,0.6688171890955636,0.5729141475211609,0.7624981674241313,0.8311530819334549,0.7473337461467155,5-class P4+P5
0.529,0.6907630522088354,0.7470850726932489,0.7608855006597273,0.7539221382916909,0.6701252252964872,0.6679880949489688,0.6689551752362187,0.5750906892382104,0.7608855006597273,0.8311530819334549,0.7473337461467155,5-class P4+P5
0.53,0.6904892296458561,0.7474747474747475,0.7594194399648145,0.7533997527452548,0.6699370756747807,0.6681014974914762,0.668943473970961,0.5767835550181378,0.7594194399648145,0.8311530819334549,0.7473337461467155,5-class P4+P5
0.531,0.690854326396495,0.7484085648148148,0.7583931974783756,0.753367800189325,0.6704456276101769,0.6689184850753426,0.669629247936697,0.5794437726723095,0.7583931974783756,0.8311530819334549,0.7473337461467155,5-class P4+P5
0.532,0.6907630522088354,0.7486600028972911,0.7576601671309192,0.753133197318566,0.6704069814634495,0.6690356458387365,0.6696784696900597,0.5804111245465539,0.7576601671309192,0.8311530819334549,0.7473337461467155,5-class P4+P5
0.533,0.6909456005841548,0.7494553376906318,0.756487318574989,0.7529549102582811,0.6707237386070453,0.6696584114035766,0.67016500082741,0.5828295042321644,0.756487318574989,0.8311530819334549,0.7473337461467155,5-class P4+P5
0.534,0.6907630522088354,0.7499635940002912,0.7550212578800762,0.7524839275277615,0.670653110279676,0.6698927329303646,0.6702594734915073,0.584764207980653,0.7550212578800762,0.8311530819334549,0.7473337461467155,5-class P4+P5
0.535,0.690854326396495,0.7503645377661126,0.7544348336021112,0.752394180861174,0.6708142845004306,0.6702041157127847,0.6705005035242345,0.5859733978234583,0.7544348336021112,0.8311530819334549,0.7473337461467155,5-class P4+P5
0.536,0.6909456005841548,0.7510597865809092,0.7532619850461809,0.7521592738984043,0.671034146024355,0.6707059622933444,0.6708675157370809,0.5881499395405079,0.7532619850461809,0.8311530819334549,0.7473337461467155,5-class P4+P5
0.537,0.6904892296458561,0.7513188745603752,0.7516493182817768,0.751484060095273,0.6706739580933532,0.6706251428168255,0.67064949345637,0.5896009673518743,0.7516493182817768,0.8311530819334549,0.7473337461467155,5-class P4+P5
0.538,0.6906717780211756,0.7519823788546256,0.7507696818648292,0.7513755410461448,0.6709743056839457,0.6711526764825959,0.6710627252386865,0.5915356711003628,0.7507696818648292,0.8311530819334549,0.7473337461467155,5-class P4+P5
0.539,0.6910368747718145,0.7527213886437187,0.7501832575868641,0.7514501798957339,0.6714544894156544,0.6718268162178577,0.6716373050690535,0.5934703748488512,0.7501832575868641,0.8311530819334549,0.7473337461467155,5-class P4+P5
0.54,0.6905805038335159,0.7528371407516581,0.7488638029614426,0.7508452153461708,0.6710721306731199,0.671650764842269,0.6713532602134177,0.5944377267230955,0.7488638029614426,0.8311530819334549,0.7473337461467155,5-class P4+P5
0.541,0.6903066812705367,0.7531010041346722,0.7476909544055124,0.7503862282056941,0.6708860661208733,0.6716689354857066,0.671262353194084,0.5956469165659009,0.7476909544055124,0.8311530819334549,0.7473337461467155,5-class P4+P5
0.542,0.6904892296458561,0.7538484310242747,0.7466647119190735,0.7502393754143036,0.6712099297978515,0.672244085101012,0.6717003715703791,0.5978234582829505,0.7466647119190735,0.8311530819334549,0.7473337461467155,5-class P4+P5
0.543,0.6903066812705367,0.7543026706231454,0.745345257293652,0.7497972125949414,0.6711503865449693,0.672430790678265,0.6717492828631515,0.5995163240628779,0.745345257293652,0.8311530819334549,0.7473337461467155,5-class P4+P5
0.544,0.6901241328952172,0.7547590719809637,0.7440258026682305,0.7493540051679587,0.6710940917560773,0.6726174962555179,0.6717966392518412,0.6012091898428054,0.7440258026682305,0.8311530819334549,0.7473337461467155,5-class P4+P5
0.545,0.6899415845198977,0.7549136390708755,0.7432927723207741,0.7490581369579671,0.670970970478834,0.6726137380346313,0.6717230983297298,0.6019347037484886,0.7432927723207741,0.8311530819334549,0.7473337461467155,5-class P4+P5
0.546,0.6900328587075575,0.7554064131245339,0.7425597419733176,0.7489279905367441,0.6711635688299686,0.6729727367665863,0.6719836709182647,0.6033857315598549,0.7425597419733176,0.8311530819334549,0.7473337461467155,5-class P4+P5
0.547,0.6899415845198977,0.7559043348281016,0.7413868934173875,0.7485752349937088,0.6712011125617301,0.6732327453785849,0.6721093053911527,0.6050785973397823,0.7413868934173875,0.8311530819334549,0.7473337461467155,5-class P4+P5
0.548,0.6898503103322381,0.7564813427244118,0.740067438791966,0.7481843782421818,0.6712595833397916,0.6735403699401185,0.6722627759588196,0.6070133010882709,0.740067438791966,0.8311530819334549,0.7473337461467155,5-class P4+P5
0.549,0.6897590361445783,0.756984079303094,0.7388945902360358,0.7478299577119965,0.6713026492374008,0.673800378552117,0.6723852741245859,0.6087061668681983,0.7388945902360358,0.8311530819334549,0.7473337461467155,5-class P4+P5
0.55,0.6893026652062797,0.7573429733393583,0.7371353174021404,0.7471025260029718,0.6710041250759798,0.6737671750251331,0.6721788067781068,0.6103990326481258,0.7371353174021404,0.8311530819334549,0.7473337461467155,5-class P4+P5
0.551,0.6887550200803213,0.7574339622641509,0.7356692567072277,0.7463929793247063,0.670566438532214,0.6735178206147989,0.6718026791260905,0.61136638452237,0.7356692567072277,0.8311530819334549,0.7473337461467155,5-class P4+P5
0.552,0.6885724717050018,0.7579839564098684,0.7342031960123149,0.7459040810247245,0.6705532566597514,0.6737521421415866,0.6718676463586611,0.6133010882708585,0.7342031960123149,0.8311530819334549,0.7473337461467155,5-class P4+P5
0.553,0.6882986491420227,0.7584218512898331,0.7327371353174021,0.7453582879725599,0.670438593991229,0.673865544684094,0.671820421483045,0.6149939540507859,0.7327371353174021,0.8311530819334549,0.7473337461467155,5-class P4+P5
0.554,0.6882073749543629,0.7588566215599818,0.7317108928309632,0.7450365726227796,0.6704764952970039,0.6740779373465577,0.6719075275610962,0.6164449818621524,0.7317108928309632,0.8311530819334549,0.7473337461467155,5-class P4+P5
0.555,0.6876597298284045,0.7591886533475675,0.7298050139275766,0.7442069068620123,0.6701148995312514,0.6739714307848281,0.6716113043801508,0.6181378476420798,0.7298050139275766,0.8311530819334549,0.7473337461467155,5-class P4+P5
0.556,0.6872033588901059,0.759400794863956,0.7283389532326638,0.7435456110154905,0.6698000802593455,0.6738429953587746,0.6713400063499491,0.6193470374848852,0.7283389532326638,0.8311530819334549,0.7473337461467155,5-class P4+P5
0.557,0.6869295363271267,0.7599264142265829,0.7267262864682598,0.7429556354916067,0.6697218355815974,0.6740040138508168,0.6713144190529929,0.6212817412333737,0.7267262864682598,0.8311530819334549,0.7473337461467155,5-class P4+P5
0.558,0.6876597298284045,0.7613409195755805,0.7258466500513121,0.7431702191534074,0.6706996535897215,0.6752570614222704,0.6723536237825724,0.6246674727932285,0.7258466500513121,0.8311530819334549,0.7473337461467155,5-class P4+P5
0.559,0.6875684556407448,0.7619488128276287,0.7245271954258906,0.742766964755392,0.6707954354965884,0.6755646859838038,0.6724874916746164,0.626602176541717,0.7245271954258906,0.8311530819334549,0.7473337461467155,5-class P4+P5
0.56,0.6874771814530851,0.7627223511214231,0.7229145286614865,0.7422851121481259,0.6709403338773448,0.6759675424444072,0.6726728134355282,0.6290205562273277,0.7229145286614865,0.8311530819334549,0.7473337461467155,5-class P4+P5
0.561,0.6879335523913838,0.7638845795842383,0.7218882861750476,0.7422929072133866,0.671631868506088,0.6769054490125541,0.6734020927044377,0.6319226118500605,0.7218882861750476,0.8311530819334549,0.7473337461467155,5-class P4+P5
0.562,0.6882073749543629,0.7651456159476717,0.7202756194106436,0.7420329255399486,0.672208971149139,0.6777919814102795,0.6740153093674368,0.6353083434099154,0.7202756194106436,0.8311530819334549,0.7473337461467155,5-class P4+P5
0.5630000000000001,0.6882986491420227,0.7660106216807248,0.7189561647852221,0.7417378809649853,0.6725310025399671,0.6783414439403741,0.6743561081657703,0.637726723095526,0.7189561647852221,0.8311530819334549,0.7473337461467155,5-class P4+P5
0.5640000000000001,0.6883899233296824,0.7664633192554356,0.718369740507257,0.7416376570304223,0.6727341798994688,0.6786528267227941,0.6745668165584395,0.6389359129383313,0.718369740507257,0.8311530819334549,0.7473337461467155,5-class P4+P5
0.5650000000000001,0.688481197517342,0.7673360527141513,0.7170502858818355,0.7413414172034861,0.6730613044015976,0.6792022892528887,0.6749038163222891,0.641354292623942,0.7170502858818355,0.8311530819334549,0.7473337461467155,5-class P4+P5
0.5660000000000001,0.6880248265790434,0.7674893884609338,0.715730831256414,0.7407070247306934,0.6727544874840033,0.6790262378773001,0.6745917712427808,0.6423216444981862,0.715730831256414,0.8311530819334549,0.7473337461467155,5-class P4+P5
0.5670000000000001,0.6879335523913838,0.7679584120982986,0.7147045887699751,0.7403751233958539,0.6728246921602604,0.6792386305397639,0.6746597108458167,0.6437726723095526,0.7147045887699751,0.8311530819334549,0.7473337461467155,5-class P4+P5
0.5680000000000001,0.6879335523913838,0.7688902940246601,0.713091922005571,0.7399406708754849,0.6731060541397599,0.6797624059846477,0.6749332561451012,0.6464328899637243,0.713091922005571,0.8311530819334549,0.7473337461467155,5-class P4+P5
0.5690000000000001,0.6879335523913838,0.7694013303769401,0.7122122855886234,0.7397030833650552,0.6732616302897195,0.680048101681857,0.6750811189868458,0.6478839177750907,0.7122122855886234,0.8311530819334549,0.7473337461467155,5-class P4+P5
0.5700000000000001,0.687842278203724,0.7700492297919644,0.7108928309632019,0.739289525842354,0.6733912171711486,0.6803557262433906,0.6751940010380748,0.6498186215235792,0.7108928309632019,0.8311530819334549,0.7473337461467155,5-class P4+P5
0.5710000000000001,0.6871120847024461,0.7701863354037267,0.7089869520598153,0.7383206106870229,0.6728844869235867,0.6800073817130999,0.674652815556857,0.6510278113663845,0.7089869520598153,0.8311530819334549,0.7473337461467155,5-class P4+P5
0.5720000000000001,0.6863818912011683,0.7704106087234383,0.7069344670869374,0.7373088685015291,0.6724099030417277,0.6797066531323441,0.6741345067145327,0.652478839177751,0.7069344670869374,0.8311530819334549,0.7473337461467155,5-class P4+P5
0.5730000000000001,0.6858342460752099,0.7704498159116376,0.7056150124615159,0.736608509335782,0.6720161587521662,0.6794096827724749,0.6737090488786555,0.653204353083434,0.7056150124615159,0.8311530819334549,0.7473337461467155,5-class P4+P5
0.5740000000000001,0.6851953267615918,0.7705391527599487,0.7040023456971118,0.7357695548915958,0.6715735560582131,0.6790870253273951,0.6732239805161219,0.6541717049576784,0.7040023456971118,0.8311530819334549,0.7473337461467155,5-class P4+P5
0.5750000000000001,0.6849215041986126,0.7709506192697443,0.7026828910716904,0.7352354655622028,0.6715061178222534,0.6791528119203676,0.6731169439598257,0.6556227327690447,0.7026828910716904,0.8311530819334549,0.7473337461467155,5-class P4+P5
0.5760000000000001,0.6851040525739321,0.7716357775987107,0.7019498607242339,0.7351450944265315,0.6718629319481662,0.679632729636603,0.6734469563962502,0.6573155985489721,0.7019498607242339,0.8311530819334549,0.7473337461467155,5-class P4+P5
0.577,0.6849215041986126,0.7719128329297821,0.7010702243072863,0.7347879532882606,0.6718207306845928,0.6796765873652514,0.6733741924714685,0.6582829504232165,0.7010702243072863,0.8311530819334549,0.7473337461467155,5-class P4+P5
0.578,0.6845564074479737,0.7722932513351675,0.6996041636123735,0.7341538461538462,0.6716814801787832,0.6796690709234782,0.6731810523408369,0.6597339782345828,0.6996041636123735,0.8311530819334549,0.7473337461467155,5-class P4+P5
0.579,0.6849215041986126,0.7731473974379763,0.6990177393344085,0.7342161995688328,0.6722283239016986,0.6803432106587399,0.6736970733388763,0.6616686819830714,0.6990177393344085,0.8311530819334549,0.7473337461467155,5-class P4+P5
0.58,0.684465133260314,0.7734959349593495,0.6974050725700044,0.7334823837791997,0.6720163819615723,0.680262391182221,0.6734182973587868,0.6631197097944377,0.6974050725700044,0.8311530819334549,0.7473337461467155,5-class P4+P5
0.581,0.684465133260314,0.7745674175644792,0.6956457997361091,0.7329883370665019,0.6723768764841029,0.6808337825766397,0.6736888143782036,0.6660217654171705,0.6956457997361091,0.8311530819334549,0.7473337461467155,5-class P4+P5
0.582,0.6842825848849945,0.7752128356254093,0.6941797390411963,0.7324619073400882,0.672466153786302,0.6810681041034277,0.6737006185926757,0.667956469165659,0.6941797390411963,0.8311530819334549,0.7473337461467155,5-class P4+P5
0.583,0.6841000365096751,0.7758620689655172,0.6927136783462835,0.7319340097591202,0.6725590657199144,0.6813024256302156,0.6737105889257772,0.6698911729141476,0.6927136783462835,0.8311530819334549,0.7473337461467155,5-class P4+P5
0.584,0.6837349397590361,0.7763504611330698,0.6911010115818795,0.7312495152408284,0.6724708898621943,0.6813425251379772,0.6735302903845788,0.671584038694075,0.6911010115818795,0.8311530819334549,0.7473337461467155,5-class P4+P5
0.585,0.6836436655713765,0.7771353048075335,0.6896349508869667,0.7307752058412303,0.672679420708886,0.6816977656490456,0.6736416414247091,0.6737605804111245,0.6896349508869667,0.8311530819334549,0.7473337461467155,5-class P4+P5
0.586,0.6833698430083972,0.7773915921880172,0.6886087084005278,0.73031174687087,0.6725785799767925,0.6816683203429483,0.6734772349118412,0.6747279322853688,0.6886087084005278,0.8311530819334549,0.7473337461467155,5-class P4+P5
0.587,0.6824571011317999,0.7772983737139064,0.6867028294971412,0.7291974780104304,0.6719149069380892,0.6810781378440967,0.6727068471133233,0.675453446191052,0.6867028294971412,0.8311530819334549,0.7473337461467155,5-class P4+P5
0.588,0.682092004381161,0.7776114437791084,0.6853833748717197,0.7285903529961817,0.6717749775529847,0.6810230054527886,0.6724788971721739,0.6766626360338573,0.6853833748717197,0.8311530819334549,0.7473337461467155,5-class P4+P5
0.589,0.6823658269441402,0.7786488740617181,0.6843571323852807,0.7284644194756554,0.6723318952046143,0.6817190740523744,0.6729393337483818,0.679081015719468,0.6843571323852807,0.8311530819334549,0.7473337461467155,5-class P4+P5
0.59,0.6828221978824388,0.7796723503844868,0.6837707081073157,0.7285792392408029,0.6730086721765618,0.6825141327719166,0.6735442029994771,0.6812575574365175,0.6837707081073157,0.8311530819334549,0.7473337461467155,5-class P4+P5
0.591,0.6827309236947792,0.7801976880549506,0.6827444656208767,0.7282251759186865,0.6731347373501142,0.6827265254343803,0.6735841950630486,0.6827085852478839,0.6827444656208767,0.8311530819334549,0.7473337461467155,5-class P4+P5
0.592,0.6825483753194597,0.7805942588551285,0.6817182231344378,0.7278134293316638,0.6731537007418271,0.6828179991125635,0.6735191517142225,0.6839177750906892,0.6817182231344378,0.8311530819334549,0.7473337461467155,5-class P4+P5
0.593,0.6816356334428624,0.7807919123841618,0.6793725260225774,0.7265600501724678,0.6726106544593583,0.6823706644623164,0.6728038346100434,0.6853688029020556,0.6793725260225774,0.8311530819334549,0.7473337461467155,5-class P4+P5
0.594,0.6819094560058415,0.7816616008105369,0.6786394956751209,0.7265165188731068,0.6731112930552485,0.6829715011628326,0.673215724809004,0.6873035066505442,0.6786394956751209,0.8311530819334549,0.7473337461467155,5-class P4+P5
0.595,0.6820007301935013,0.7821748689328598,0.6780530713971559,0.7264017590702058,0.6733598913373401,0.6832828839452527,0.6733991798183889,0.6885126964933495,0.6780530713971559,0.8311530819334549,0.7473337461467155,5-class P4+P5
0.596,0.6816356334428624,0.7825055094083743,0.6767336167717344,0.7257861635220125,0.6732381215224588,0.6832277515539446,0.6731628815869419,0.6897218863361547,0.6767336167717344,0.8311530819334549,0.7473337461467155,5-class P4+P5
0.597,0.6815443592552026,0.7831407205982325,0.6755607682158041,0.725383707201889,0.6734118429489585,0.6834877601659433,0.6732164544481261,0.6914147521160823,0.6755607682158041,0.8311530819334549,0.7473337461467155,5-class P4+P5
0.598,0.6816356334428624,0.7836595744680851,0.6749743439378391,0.7252678008821676,0.6736640718236903,0.6837991429483633,0.6733977893299727,0.6926239419588875,0.6749743439378391,0.8311530819334549,0.7473337461467155,5-class P4+P5
0.599,0.6820007301935013,0.7843872507243906,0.6746811317988565,0.7254098360655737,0.6741743681407373,0.6843780507845552,0.6738497575817894,0.694074969770254,0.6746811317988565,0.8311530819334549,0.7473337461467155,5-class P4+P5
0.6,0.6820007301935013,0.7851649290719536,0.6735082832429262,0.7250631313131313,0.6744629738405801,0.6847589783808343,0.6740034271284271,0.6960096735187424,0.6735082832429262,0.8311530819334549,0.7473337461467155,5-class P4+P5
0.601,0.6818181818181818,0.7856775740962824,0.6723354346869961,0.7246010428187707,0.6745344307285475,0.6848980680085525,0.6739495380508377,0.6974607013301088,0.6723354346869961,0.8311530819334549,0.7473337461467155,5-class P4+P5
0.602,0.6817269076305221,0.7863277224321539,0.6711625861310658,0.7241952068338211,0.6747182048078182,0.6851580766205511,0.6739974847417568,0.6991535671100363,0.6711625861310658,0.8311530819334549,0.7473337461467155,5-class P4+P5
0.603,0.681087988316904,0.7867609032925358,0.6691101011581879,0.7231817461575027,0.6744667756035909,0.6849782670240758,0.673539204618041,0.7008464328899637,0.6691101011581879,0.8311530819334549,0.7473337461467155,5-class P4+P5
0.604,0.6804490690032858,0.787097890003459,0.6672042222548014,0.7222089978576529,0.6741828839271258,0.6847508414780658,0.6730606703758133,0.7022974607013301,0.6672042222548014,0.8311530819334549,0.7473337461467155,5-class P4+P5
0.605,0.6800839722526469,0.7875476933749567,0.6657381615598886,0.7215380948597759,0.6741206674967268,0.6847433250362925,0.6728333905934268,0.7037484885126964,0.6657381615598886,0.8311530819334549,0.7473337461467155,5-class P4+P5
0.606,0.6799926980649872,0.7885117493472585,0.6641254947954846,0.720993156135604,0.6744324242802306,0.6851461814968958,0.6729297045390197,0.7061668681983071,0.6641254947954846,0.8311530819334549,0.7473337461467155,5-class P4+P5
0.607,0.6793537787513692,0.7888578414250786,0.6622196158920979,0.7200127520522834,0.6741612342880652,0.6849187559508857,0.6724463119578021,0.7076178960096735,0.6622196158920979,0.8311530819334549,0.7473337461467155,5-class P4+P5
0.608,0.6789886820007301,0.7892156862745098,0.6609001612666764,0.7193808345966648,0.674070085700184,0.6848636235595776,0.6721970811217677,0.7088270858524789,0.6609001612666764,0.8311530819334549,0.7473337461467155,5-class P4+P5
0.609,0.6785323110624315,0.789640035118525,0.6592874945022724,0.7186001917545541,0.6739494606309219,0.6847828040830588,0.6718799170777879,0.7102781136638452,0.6592874945022724,0.8311530819334549,0.7473337461467155,5-class P4+P5
0.61,0.6778933917488135,0.78989080662205,0.6575282216683771,0.7176574125930074,0.6736494578771486,0.6845077625875138,0.6713751845712301,0.7114873035066506,0.6575282216683771,0.8311530819334549,0.7473337461467155,5-class P4+P5
0.611,0.6769806498722162,0.7900318133616119,0.655329130626008,0.7164035579774021,0.6731397269903567,0.6840128119877319,0.6706156452030549,0.7126964933494558,0.655329130626008,0.8311530819334549,0.7473337461467155,5-class P4+P5
0.612,0.6767068273092369,0.7902283590015932,0.6544494942090603,0.7159582999198075,0.6730489825910547,0.6839357507320997,0.6704129563568535,0.713422007255139,0.6544494942090603,0.8311530819334549,0.7473337461467155,5-class P4+P5
0.613,0.6757028112449799,0.7902309058614565,0.6522504031666911,0.7146413942655209,0.6724342662991099,0.6833198811480372,0.6695498483852708,0.7143893591293833,0.6522504031666911,0.8311530819334549,0.7473337461467155,5-class P4+P5
0.614,0.6756115370573202,0.7907100907634811,0.6513707667497435,0.7143086816720258,0.6725707096125819,0.6834846578609661,0.6695487665116886,0.7155985489721887,0.6513707667497435,0.8311530819334549,0.7473337461467155,5-class P4+P5
0.615,0.6757940854326396,0.7917187221131536,0.6503445242633045,0.7141017385705087,0.6730870838288541,0.6840598074762714,0.6698670581554061,0.7177750906892382,0.6503445242633045,0.8311530819334549,0.7473337461467155,5-class P4+P5
0.616,0.6751551661190215,0.7921891795055536,0.6482920392904267,0.7130532935580102,0.6728902726705289,0.6838799978797961,0.6693881464109328,0.7194679564691656,0.6482920392904267,0.8311530819334549,0.7473337461467155,5-class P4+P5
0.617,0.6747900693683826,0.7922497308934338,0.647412402873479,0.7125453812020976,0.6726949137558956,0.6836820176398835,0.6690813487916552,0.7199516324062878,0.647412402873479,0.8311530819334549,0.7473337461467155,5-class P4+P5
0.618,0.6744249726177437,0.7929420237666547,0.6456531300395837,0.7117575757575758,0.6727575724164632,0.6837697330971799,0.6688702946419209,0.7218863361547763,0.6456531300395837,0.8311530819334549,0.7473337461467155,5-class P4+P5
0.619,0.6739686016794451,0.7932839862791118,0.6441870693446708,0.7110032362459547,0.672625009569314,0.6836412976711262,0.6685250687092421,0.7230955259975816,0.6441870693446708,0.8311530819334549,0.7473337461467155,5-class P4+P5
0.62,0.6735122307411464,0.7936278059377263,0.6427210086497581,0.7102470635884973,0.6724950517170223,0.6835128622450726,0.6681788260348674,0.7243047158403869,0.6427210086497581,0.8311530819334549,0.7473337461467155,5-class P4+P5
0.621,0.6725994888645491,0.7935729847494554,0.6408151297463714,0.7090599399789115,0.671933335252848,0.6829226797462208,0.6673756341864713,0.7250302297460701,0.6408151297463714,0.8311530819334549,0.7473337461467155,5-class P4+P5
0.622,0.6723256663015699,0.7941015838339706,0.63949567512095,0.7084619132694494,0.6719913007948912,0.6829884663391932,0.6672128278578962,0.7264812575574365,0.63949567512095,0.8311530819334549,0.7473337461467155,5-class P4+P5
0.623,0.6718692953632712,0.7944505293902884,0.6380296144260372,0.7076998129929263,0.6718692953632712,0.6828600309131395,0.6668635338760533,0.7276904474002418,0.6380296144260372,0.8311530819334549,0.7473337461467155,5-class P4+P5
0.624,0.6712303760496532,0.794726240615272,0.6362703415921419,0.7067252890408728,0.6716124378690554,0.6825849894175946,0.6663429145100522,0.7288996372430472,0.6362703415921419,0.8311530819334549,0.7473337461467155,5-class P4+P5
0.625,0.6710478276743337,0.7955171780268234,0.6348042808972292,0.7061317677756034,0.6718380375895046,0.6828193109443824,0.6662914228596093,0.7308343409915357,0.6348042808972292,0.8311530819334549,0.7473337461467155,5-class P4+P5
0.626,0.670591456736035,0.7953291651342406,0.6340712505497728,0.7056040460070152,0.6714956807911145,0.6824527957706542,0.6658653193880513,0.7308343409915357,0.6340712505497728,0.8311530819334549,0.7473337461467155,5-class P4+P5
0.627,0.6702263599853961,0.7958317963850977,0.63260518985486,0.7048925916850445,0.6714973943978253,0.6824452793288811,0.6656120834110402,0.7322853688029021,0.63260518985486,0.8311530819334549,0.7473337461467155,5-class P4+P5
0.628,0.6698612632347573,0.7964470762398224,0.630992523090456,0.7041308793456033,0.6715484660738017,0.6824853788366427,0.6653719329111623,0.7339782345828295,0.630992523090456,0.8311530819334549,0.7473337461467155,5-class P4+P5
0.629,0.6696787148594378,0.7971417965850037,0.6296730684650345,0.7035793267261856,0.6717390017407777,0.6826720844138957,0.665300948532628,0.735671100362757,0.6296730684650345,0.8311530819334549,0.7473337461467155,5-class P4+P5
0.63,0.6686746987951807,0.7970582759262708,0.6276205834921565,0.702263779527559,0.6711343304429922,0.6820085988802984,0.6644034947020512,0.7363966142684402,0.6276205834921565,0.8311530819334549,0.7473337461467155,5-class P4+P5
0.631,0.6677619569185834,0.7969012507000187,0.6258613106582612,0.7011003448842175,0.6705527864502059,0.6813708004319117,0.6635766774760106,0.7368802902055622,0.6258613106582612,0.8311530819334549,0.7473337461467155,5-class P4+P5
0.632,0.6679445052939029,0.7980895298745083,0.6246884621023311,0.7008223684210526,0.6711651138779698,0.681993565996752,0.6638853433573679,0.7392986698911729,0.6246884621023311,0.8311530819334549,0.7473337461467155,5-class P4+P5
0.633,0.6675794085432639,0.7986098065000939,0.6232224014074182,0.700098814229249,0.6711848961490351,0.6819860495549788,0.6636243456895631,0.7407496977025393,0.6232224014074182,0.8311530819334549,0.7473337461467155,5-class P4+P5
0.634,0.6675794085432639,0.7996229971724788,0.6219029467819968,0.6996536368134587,0.6716217976483523,0.6824145931007928,0.6637446602215669,0.7429262394195889,0.6219029467819968,0.8311530819334549,0.7473337461467155,5-class P4+P5
0.635,0.667214311792625,0.7996979422314517,0.6210233103650491,0.699125268196072,0.6714517277865157,0.68221661286088,0.6634282661176398,0.743409915356711,0.6210233103650491,0.8311530819334549,0.7473337461467155,5-class P4+P5
0.636,0.6668492150419861,0.7996597996597996,0.6202902800175927,0.6986459709379128,0.6712332537575256,0.6819710166714323,0.663098495673038,0.7436517533252721,0.6202902800175927,0.8311530819334549,0.7473337461467155,5-class P4+P5
0.637,0.6664841182913472,0.8000758006443055,0.6189708253921712,0.6979666060505869,0.6712124028754192,0.6819158842801243,0.6628206782036101,0.7448609431680774,0.6189708253921712,0.8311530819334549,0.7473337461467155,5-class P4+P5
0.638,0.6659364731653888,0.8011049723756906,0.6164785222108196,0.6967688483844242,0.6713602661072425,0.6819998415165343,0.6624466066754473,0.7475211608222491,0.6164785222108196,0.8311530819334549,0.7473337461467155,5-class P4+P5
0.639,0.6660277473530486,0.8021788990825688,0.6153056736548893,0.6964241267734174,0.6718791071233948,0.682501688097094,0.6626455759133341,0.7496977025392987,0.6153056736548893,0.8311530819334549,0.7473337461467155,5-class P4+P5
0.64,0.6657539247900693,0.8027602070155262,0.6139862190294678,0.6957966439607909,0.6719847384615878,0.6825674746900665,0.6624618220816716,0.7511487303506651,0.6139862190294678,0.8311530819334549,0.7473337461467155,5-class P4+P5
0.641,0.6651150054764513,0.8033102386451116,0.6119337340565899,0.6946825330781393,0.6718808137670003,0.6823876650935912,0.6619446015567554,0.7528415961305925,0.6119337340565899,0.8311530819334549,0.7473337461467155,5-class P4+P5
0.642,0.6651150054764513,0.8042471042471042,0.6107608855006598,0.6942754770435797,0.6722932197135798,0.6827685926898703,0.6620403719593845,0.754776299879081,0.6107608855006598,0.8311530819334549,0.7473337461467155,5-class P4+P5
0.643,0.6646586345381527,0.8046466602129719,0.6092948248057469,0.6934757216752878,0.6722249015103885,0.6826401572638165,0.661668346431035,0.7559854897218863,0.6092948248057469,0.8311530819334549,0.7473337461467155,5-class P4+P5
0.644,0.6646586345381527,0.8053561032408306,0.6084151883887993,0.693168531818941,0.6725384686460917,0.682925852961026,0.6617382204274822,0.7574365175332527,0.6084151883887993,0.8311530819334549,0.7473337461467155,5-class P4+P5
0.645,0.6639284410368748,0.8055285185906171,0.606655915554904,0.6920889780899816,0.672226366186527,0.6825298924812004,0.6610937154866223,0.7584038694074969,0.606655915554904,0.8311530819334549,0.7473337461467155,5-class P4+P5
0.646,0.6626506024096386,0.8054740957966764,0.604017006304061,0.6903485254691689,0.6715266387218273,0.6816941137929011,0.6599296757257633,0.7593712212817413,0.604017006304061,0.8311530819334549,0.7473337461467155,5-class P4+P5
0.647,0.6616465863453815,0.8054138877991369,0.6019645213311831,0.6889839751657019,0.6709725635649832,0.6810306282593037,0.6590121516977314,0.7600967351874244,0.6019645213311831,0.8311530819334549,0.7473337461467155,5-class P4+P5
0.648,0.6617378605330413,0.8066548533175822,0.6006450667057616,0.6885714285714286,0.6715765333458763,0.6815800907893983,0.6592078077735289,0.762515114873035,0.6006450667057616,0.8311530819334549,0.7473337461467155,5-class P4+P5
0.649,0.6611902154070829,0.8075173095944609,0.5984459756633924,0.6874368474233749,0.6716793462054663,0.6815688161267386,0.6587841869639792,0.7646916565900846,0.5984459756633924,0.8311530819334549,0.7473337461467155,5-class P4+P5
0.65,0.6611902154070829,0.8083713548899027,0.5974197331769535,0.6870679480694655,0.6720639530155346,0.6819021277734828,0.6588573571193099,0.7663845223700121,0.5974197331769535,0.8311530819334549,0.7473337461467155,5-class P4+P5
0.651,0.6609163928441036,0.8093625498007968,0.5956604603430582,0.6862596064521578,0.6723699541456813,0.68211076221506,0.6586893305818529,0.7685610640870617,0.5956604603430582,0.8311530819334549,0.7473337461467155,5-class P4+P5
0.652,0.660460021905805,0.8104104104104104,0.593461369300689,0.6851726472579553,0.6726100030579145,0.6822204065366807,0.6583549448651108,0.7709794437726724,0.593461369300689,0.8311530819334549,0.7473337461467155,5-class P4+P5
0.653,0.6601861993428259,0.8109193095142513,0.5922885207447588,0.6845717190544777,0.6727010340674704,0.6822385771801183,0.6581430165160607,0.7721886336154776,0.5922885207447588,0.8311530819334549,0.7473337461467155,5-class P4+P5
0.654,0.6599123767798467,0.8118073745718316,0.5906758539803548,0.6838085539714868,0.6729652591197219,0.6823995956721605,0.6579587793554116,0.7741233373639661,0.5906758539803548,0.8311530819334549,0.7473337461467155,5-class P4+P5
0.655,0.6599123767798467,0.812689432208527,0.5896496114939158,0.6834324553950722,0.6733665239950575,0.6827329073189047,0.6580246481274317,0.7758162031438935,0.5896496114939158,0.8311530819334549,0.7473337461467155,5-class P4+P5
0.656,0.6589083607155897,0.8125253344142683,0.5877437325905293,0.6820927264993619,0.6727854171241052,0.6820218058357725,0.6570845635056621,0.7762998790810157,0.5877437325905293,0.8311530819334549,0.7473337461467155,5-class P4+P5
0.657,0.658451989777291,0.812715823684745,0.586570884034599,0.6813692098092643,0.672643341976634,0.681798138510649,0.656675950301957,0.7770253929866989,0.586570884034599,0.8311530819334549,0.7473337461467155,5-class P4+P5
0.658,0.657447973713034,0.8129334965320277,0.5842251869227386,0.6798601040689244,0.6722414426829283,0.6812298848761213,0.655760849953787,0.7782345828295042,0.5842251869227386,0.8311530819334549,0.7473337461467155,5-class P4+P5
0.659,0.6576305220883534,0.8137775960752248,0.5836387626447735,0.6797575343635277,0.6727199326022562,0.6816621866428221,0.6559881896741651,0.7796856106408706,0.5836387626447735,0.8311530819334549,0.7473337461467155,5-class P4+P5
0.66,0.657447973713034,0.8146021328958163,0.582319308019352,0.679148499615286,0.6730083032900134,0.681848892220075,0.6558738092790086,0.781378476420798,0.582319308019352,0.8311530819334549,0.7473337461467155,5-class P4+P5
0.661,0.6577217962760131,0.8165326736755308,0.580706641254948,0.6787183002056203,0.6740321026035312,0.6827354246178005,0.6562536813528101,0.7847642079806529,0.580706641254948,0.8311530819334549,0.7473337461467155,5-class P4+P5
0.662,0.6569003285870756,0.8164530797850351,0.5790939744905439,0.6775881293421391,0.6735910380945443,0.6821709292041596,0.655481863364135,0.7852478839177751,0.5790939744905439,0.8311530819334549,0.7473337461467155,5-class P4+P5
0.663,0.656078860898138,0.8168984845339423,0.5768948834481747,0.6762330297301942,0.6733946731189014,0.6817968975886581,0.6547410038664597,0.7866989117291415,0.5768948834481747,0.8311530819334549,0.7473337461467155,5-class P4+P5
0.664,0.6551661190215408,0.8169131430951885,0.5749890045447882,0.674926862846326,0.6729569777214366,0.6812067150898065,0.6538871437652427,0.7874244256348246,0.5749890045447882,0.8311530819334549,0.7473337461467155,5-class P4+P5
0.665,0.6543446513326031,0.8168337510442774,0.5733763377803841,0.6737875786028081,0.6725219338878974,0.6806422196761654,0.6531123664148661,0.7879081015719468,0.5733763377803841,0.8311530819334549,0.7473337461467155,5-class P4+P5
0.666,0.6536144578313253,0.8167922948073701,0.5719102770854714,0.6727601966025696,0.6721501927111284,0.6801510272972702,0.6524246935509213,0.788391777509069,0.5719102770854714,0.8311530819334549,0.7473337461467155,5-class P4+P5
0.667,0.652701715954728,0.8170731707317073,0.5697111860431022,0.6713310875010797,0.6718430369787569,0.6796560766974882,0.6515823313654407,0.7896009673518742,0.5697111860431022,0.8311530819334549,0.7473337461467155,5-class P4+P5
0.668,0.6528842643300474,0.8184888138455044,0.568538337487172,0.6709923003720045,0.6725927504415685,0.6802788422623285,0.6518295801096958,0.7920193470374849,0.568538337487172,0.8311530819334549,0.7473337461467155,5-class P4+P5
0.669,0.652336619204089,0.8189326556543838,0.5669256707227679,0.6700164601923243,0.6725397959054723,0.680077103801529,0.6513357448034627,0.7932285368802902,0.5669256707227679,0.8311530819334549,0.7473337461467155,5-class P4+P5
0.67,0.6518802482657904,0.8194178882515403,0.5654596100278552,0.6691533657182512,0.6725509988545267,0.6799486683754754,0.6509287629823921,0.7944377267230955,0.5654596100278552,0.8311530819334549,0.7473337461467155,5-class P4+P5
0.671,0.6513326031398321,0.8194592292952949,0.5642867614719249,0.6683451988192395,0.6723114967374382,0.6796040820660713,0.650412737951086,0.7949214026602176,0.5642867614719249,0.8311530819334549,0.7473337461467155,5-class P4+P5
0.672,0.6510587805768528,0.8204360837964942,0.5626740947075209,0.6675363075050005,0.6726423808596997,0.6797651005581136,0.6501995375996144,0.7968561064087062,0.5626740947075209,0.8311530819334549,0.7473337461467155,5-class P4+P5
0.673,0.6507849580138737,0.8211451855028952,0.5613546400820995,0.6668408220132358,0.6728481370069697,0.6798308871510861,0.6499720028746654,0.7983071342200726,0.5613546400820995,0.8311530819334549,0.7473337461467155,5-class P4+P5
0.674,0.6502373128879153,0.821190629701268,0.5601817915261692,0.6660275405264076,0.6726134014760505,0.6794863008416819,0.6494537012844722,0.7987908101571947,0.5601817915261692,0.8311530819334549,0.7473337461467155,5-class P4+P5
0.675,0.6492332968236583,0.8210435532557137,0.5582759126227825,0.664630421502749,0.6720760659599239,0.6787751993585497,0.6484923847684031,0.7992744860943168,0.5582759126227825,0.8311530819334549,0.7473337461467155,5-class P4+P5
0.676,0.6487769258853596,0.8218229053907772,0.5565166397888872,0.6636363636363637,0.6722338449945837,0.6787419958315657,0.6480901451489687,0.8009673518742443,0.5565166397888872,0.8311530819334549,0.7473337461467155,5-class P4+P5
0.677,0.6480467323840818,0.822352685366384,0.5544641548160094,0.6623467600700526,0.6721484993608702,0.67844126725081,0.6474143255172985,0.8024183796856107,0.5544641548160094,0.8311530819334549,0.7473337461467155,5-class P4+P5
0.678,0.6474990872581234,0.822401394639355,0.5532913062600792,0.6615249780893953,0.6719200313859568,0.678096680941406,0.6468927499473829,0.8029020556227328,0.5532913062600792,0.8311530819334549,0.7473337461467155,5-class P4+P5
0.679,0.6478641840087623,0.8236836355691501,0.5527048819821141,0.6615195648359361,0.6726977513164767,0.6787708206766676,0.6472901229163512,0.8048367593712212,0.5527048819821141,0.8311530819334549,0.7473337461467155,5-class P4+P5
0.68,0.6473165388828039,0.8238773274917853,0.5513854273566926,0.6606358686105744,0.6725395086840871,0.6784738503167985,0.6467724279400963,0.8055622732769044,0.5513854273566926,0.8311530819334549,0.7473337461467155,5-class P4+P5
0.681,0.6470427163198248,0.8249010118785746,0.5497727605922885,0.6598046978094484,0.6729029240360112,0.6786348688088408,0.6465453076529462,0.807496977025393,0.5497727605922885,0.8311530819334549,0.7473337461467155,5-class P4+P5
0.682,0.6461299744432275,0.8252319929297393,0.5475736695499194,0.6583237860227373,0.6726471006639365,0.6781399182090588,0.6456786937685859,0.8087061668681983,0.5475736695499194,0.8311530819334549,0.7473337461467155,5-class P4+P5
0.683,0.645947426067908,0.8258750553832521,0.5465474270634805,0.6577856197617997,0.6728723305478819,0.678231391887242,0.6455232343869035,0.8099153567110037,0.5465474270634805,0.8311530819334549,0.7473337461467155,5-class P4+P5
0.684,0.6455823293172691,0.82688028482421,0.5447881542295852,0.6568272205037561,0.673189446033275,0.6783191073445387,0.6452013803754979,0.8118500604594922,0.5447881542295852,0.8311530819334549,0.7473337461467155,5-class P4+P5
0.685,0.6450346841913107,0.827378293881197,0.5431754874651811,0.6558102486945747,0.6731828178266744,0.6781173688837392,0.6446864302928259,0.8130592503022974,0.5431754874651811,0.8311530819334549,0.7473337461467155,5-class P4+P5
0.686,0.6446695874406718,0.8278101209135692,0.5420026389092508,0.6550899264640737,0.6732270943550898,0.6780146205428963,0.6443449632320368,0.8140266021765418,0.5420026389092508,0.8311530819334549,0.7473337461467155,5-class P4+P5
0.687,0.6432092004381161,0.827485380116959,0.5393637296584078,0.6530576018460992,0.6724216455116285,0.6769370038860358,0.6429214735393014,0.8145102781136638,0.5393637296584078,0.8311530819334549,0.7473337461467155,5-class P4+P5
0.6880000000000001,0.6428441036874771,0.8279206134415877,0.5381908811024776,0.6523322967569969,0.6724699663344094,0.6768342555451928,0.6425778965252564,0.8154776299879081,0.5381908811024776,0.8311530819334549,0.7473337461467155,5-class P4+P5
0.6890000000000001,0.6427528294998175,0.8292185730464326,0.5367248204075649,0.6516553933784265,0.6730560072081269,0.6771894960562612,0.6425193415000038,0.8176541717049577,0.5367248204075649,0.8311530819334549,0.7473337461467155,5-class P4+P5
0.6900000000000001,0.6423877327491785,0.8296615943674768,0.5355519718516346,0.6509265858873842,0.6731094481832806,0.6770867477154183,0.6421736222850094,0.8186215235792019,0.5355519718516346,0.8311530819334549,0.7473337461467155,5-class P4+P5
0.6910000000000001,0.6420226359985396,0.8302574618364092,0.5342325172262131,0.6501338090990187,0.6732374563636134,0.6770316153241103,0.6418301263772052,0.8198307134220073,0.5342325172262131,0.8311530819334549,0.7473337461467155,5-class P4+P5
0.6920000000000001,0.6417488134355605,0.83074463225217,0.5332062747397742,0.6495222787748907,0.673353465411582,0.6770021700180129,0.6415724900828621,0.8207980652962515,0.5332062747397742,0.8311530819334549,0.7473337461467155,5-class P4+P5
0.6930000000000001,0.6411098941219423,0.8309278350515464,0.5317402140448615,0.6484891829072055,0.6731638113203415,0.6766318966233982,0.6409516583937482,0.8215235792019348,0.5317402140448615,0.8311530819334549,0.7473337461467155,5-class P4+P5
0.6940000000000001,0.6405622489959839,0.8311509303928325,0.53042075941944,0.6475747270449257,0.6730341960763193,0.676334926263529,0.6404198835448134,0.8222490931076178,0.53042075941944,0.8311530819334549,0.7473337461467155,5-class P4+P5
0.6950000000000001,0.6394669587440672,0.8312947149780753,0.5280750623075795,0.6458669535592613,0.6726305977125013,0.6756457536447209,0.6393491674284502,0.8232164449818622,0.5280750623075795,0.8311530819334549,0.7473337461467155,5-class P4+P5
0.6960000000000001,0.6388280394304491,0.8319425127491887,0.5261691834041929,0.6446340368208352,0.6726710455947088,0.6754183280987107,0.6387316050300705,0.8246674727932285,0.5261691834041929,0.8311530819334549,0.7473337461467155,5-class P4+P5
0.6970000000000001,0.6387367652427893,0.8332945285215366,0.5247031227092802,0.6439366678661389,0.6732904109354418,0.6757735686097792,0.6386597011060965,0.8268440145102781,0.5247031227092802,0.8311530819334549,0.7473337461467155,5-class P4+P5
0.6980000000000001,0.6384629426798102,0.8348946135831382,0.5226506377364023,0.6428635830853845,0.673953439008141,0.676077434950426,0.6384080414271761,0.8295042321644498,0.5226506377364023,0.8311530819334549,0.7473337461467155,5-class P4+P5
0.6990000000000001,0.6379152975538518,0.8351338656646313,0.5213311831109808,0.641935192706923,0.6738374613482906,0.675780464590557,0.6378696548783391,0.830229746070133,0.5213311831109808,0.8311530819334549,0.7473337461467155,5-class P4+P5
0.7000000000000001,0.6373676524278934,0.835374470089496,0.5200117284855593,0.6410047890123791,0.6737230025559253,0.6754834942306878,0.6373304258570425,0.8309552599758162,0.5200117284855593,0.8311530819334549,0.7473337461467155,5-class P4+P5
0.7010000000000001,0.636820007301935,0.8365703458076741,0.5178126374431902,0.6396812460382143,0.6740766786953428,0.675472219568028,0.6367971047561575,0.8331318016928658,0.5178126374431902,0.8311530819334549,0.7473337461467155,5-class P4+P5
0.7020000000000001,0.6361810879883169,0.8370986920332937,0.5160533646092949,0.6384908398331217,0.6740670470979682,0.675197178072483,0.6361662356431822,0.8343409915356711,0.5160533646092949,0.8311530819334549,0.7473337461467155,5-class P4+P5
0.7030000000000001,0.6357247170500182,0.837708830548926,0.514587303914382,0.6375442739079102,0.6741751365277884,0.6750687426464292,0.6357155366420572,0.8355501813784765,0.514587303914382,0.8311530819334549,0.7473337461467155,5-class P4+P5
0.704,0.6349945235487404,0.8380450407283182,0.5128280310804867,0.6362892223738063,0.6740357907858636,0.6746727821666036,0.6349898983537072,0.8365175332527207,0.5128280310804867,0.8311530819334549,0.7473337461467155,5-class P4+P5
0.705,0.6338079591091639,0.8381892607753432,0.5103357278991351,0.6344086021505376,0.6736146950650198,0.6739103065130501,0.633806970667516,0.837484885126965,0.5103357278991351,0.8311530819334549,0.7473337461467155,5-class P4+P5
0.706,0.6336254107338445,0.8387641805454984,0.5094560914821874,0.6338927398759577,0.6738221313706503,0.6739541642416983,0.6336252153892028,0.8384522370012092,0.5094560914821874,0.8311530819334549,0.7473337461467155,5-class P4+P5
0.707,0.6321650237312888,0.8384671355808877,0.5068171822313444,0.6317616959064327,0.6730752186026786,0.672876547584838,0.6321645824535811,0.8389359129383314,0.5068171822313444,0.8311530819334549,0.7473337461467155,5-class P4+P5
0.708,0.6322562979189486,0.8393291200777832,0.5062307579533792,0.6315500685871056,0.6735376965486841,0.6731879303672579,0.6322549468379639,0.8401451027811366,0.5062307579533792,0.8311530819334549,0.7473337461467155,5-class P4+P5
0.709,0.632073749543629,0.8402439024390244,0.5050579093974491,0.6308946067209963,0.6739142499359649,0.6733270199949761,0.6320699946533741,0.841596130592503,0.5050579093974491,0.8311530819334549,0.7473337461467155,5-class P4+P5
0.71,0.6308871851040526,0.8402352364616515,0.5027122122855886,0.6290588882773803,0.6734267091399166,0.6725169283918875,0.630878217980652,0.8423216444981863,0.5027122122855886,0.8311530819334549,0.7473337461467155,5-class P4+P5
0.711,0.6305220883534136,0.8407471123126076,0.5015393637296585,0.6282828282828283,0.6735316801580462,0.6724141800510445,0.630508679610476,0.8432889963724305,0.5015393637296585,0.8311530819334549,0.7473337461467155,5-class P4+P5
0.712,0.6297006206644761,0.8408978786383818,0.4997800908957631,0.6269425287356322,0.6732742073574407,0.6718973005869384,0.6296803791635033,0.8440145102781137,0.4997800908957631,0.8311530819334549,0.7473337461467155,5-class P4+P5
0.713,0.6296093464768163,0.8417017066534751,0.4989004544788154,0.6264727540500736,0.6736354620349685,0.6720620772998672,0.6295832271336538,0.845223700120919,0.4989004544788154,0.8311530819334549,0.7473337461467155,5-class P4+P5
0.714,0.6291529755385177,0.8428642466434609,0.4969945755754288,0.6252882043714839,0.6740280275617074,0.6720764897224182,0.6291135212841248,0.8471584038694076,0.4969945755754288,0.8311530819334549,0.7473337461467155,5-class P4+P5
0.715,0.6282402336619204,0.8429855217174239,0.49508869667204225,0.6238108432622148,0.6737229766860501,0.6714863072235664,0.6281886873054421,0.8478839177750906,0.49508869667204225,0.8311530819334549,0.7473337461467155,5-class P4+P5
0.716,0.6274187659729829,0.8428035043804756,0.49362263597712946,0.6225961538461539,0.6733052143364812,0.6708741958603907,0.6273579183073595,0.8481257557436518,0.49362263597712946,0.8311530819334549,0.7473337461467155,5-class P4+P5
0.717,0.6275100401606426,0.8440482169763938,0.4927429995601818,0.6222345644728317,0.6739598698876808,0.6712808105418805,0.6274373830555715,0.8498186215235792,0.4927429995601818,0.8311530819334549,0.7473337461467155,5-class P4+P5
0.718,0.6268711208470245,0.844640605296343,0.4909837267262865,0.620990172445763,0.6740010350183617,0.6710057690463355,0.62678126274634,0.8510278113663845,0.4909837267262865,0.8311530819334549,0.7473337461467155,5-class P4+P5
0.719,0.6255932822197883,0.8446134347275032,0.48849142354493474,0.6189856957087126,0.6734834396572903,0.6701223744085012,0.6254806461676525,0.8517533252720677,0.48849142354493474,0.8311530819334549,0.7473337461467155,5-class P4+P5
0.72,0.6244067177802117,0.8444501018329938,0.4862923325025656,0.6171736905758676,0.6729364908709647,0.6692646668558777,0.6242725928468338,0.8522370012091899,0.4862923325025656,0.8311530819334549,0.7473337461467155,5-class P4+P5
0.721,0.6235852500912742,0.8447967271797494,0.484386453599179,0.6157286619455833,0.6727887113542466,0.6687954033413066,0.6234278372339723,0.8532043530834341,0.484386453599179,0.8311530819334549,0.7473337461467155,5-class P4+P5
0.722,0.6230376049653158,0.8457979953739398,0.4824805746957924,0.6144510828976848,0.6730759262078475,0.668688896779577,0.6228505414488423,0.8548972188633616,0.4824805746957924,0.8311530819334549,0.7473337461467155,5-class P4+P5
0.723,0.6230376049653158,0.8468677494199536,0.48160093827884476,0.6140186915887851,0.6736105032248842,0.6689745924767864,0.6228316790088056,0.856348246674728,0.48160093827884476,0.8311530819334549,0.7473337461467155,5-class P4+P5
0.724,0.6220335889010588,0.8473302229134266,0.4792552411669843,0.6122296095139994,0.6734537843223093,0.6684063388422588,0.6217918278140637,0.8575574365175332,0.4792552411669843,0.8311530819334549,0.7473337461467155,5-class P4+P5
0.725,0.6217597663380796,0.8486585048189633,0.4776425744025803,0.6112570356472795,0.6740131079665984,0.668567357334301,0.6214834769420188,0.8594921402660217,0.4776425744025803,0.8311530819334549,0.7473337461467155,5-class P4+P5
0.726,0.6210295728368017,0.8490714098875229,0.47588330156868497,0.6099210822998873,0.6739398827090777,0.6681713968544756,0.6207219894992514,0.8604594921402661,0.47588330156868497,0.8311530819334549,0.7473337461467155,5-class P4+P5
0.727,0.6205732018985031,0.8492396434189827,0.474857059082246,0.6091208274565115,0.673849729298402,0.667900113579817,0.6202472098619793,0.8609431680773881,0.474857059082246,0.8311530819334549,0.7473337461467155,5-class P4+P5
0.728,0.6205732018985031,0.8505263157894737,0.47383081659580706,0.6086055926937199,0.6744945720926128,0.6682334252265614,0.6202181271412981,0.8626360338573156,0.47383081659580706,0.8311530819334549,0.7473337461467155,5-class P4+P5
0.729,0.6203906535231837,0.8513727560718057,0.4728045741093681,0.6079743613912716,0.6748493244644743,0.6683248989047446,0.620009475661574,0.863845223700121,0.4728045741093681,0.8311530819334549,0.7473337461467155,5-class P4+P5
0.73,0.6194779116465864,0.8515376458112407,0.47089869520598154,0.6064382139148494,0.6745856380503865,0.6677347164058929,0.6190597289204957,0.8645707376058042,0.47089869520598154,0.8311530819334549,0.7473337461467155,5-class P4+P5
0.731,0.6192953632712669,0.8525811601915912,0.4697258466500513,0.6057283297098024,0.675040232777096,0.6678738060336109,0.6188440466161295,0.8660217654171705,0.4697258466500513,0.8311530819334549,0.7473337461467155,5-class P4+P5
0.732,0.6173786053304126,0.8521296544334316,0.46635390705175195,0.6028046238393027,0.6740919627559654,0.6664296742030222,0.616862780311974,0.8665054413542926,0.46635390705175195,0.8311530819334549,0.7473337461467155,5-class P4+P5
0.733,0.617196056955093,0.8529965063155066,0.465327664565313,0.6021627774615822,0.6744595523975598,0.6665211478812054,0.6166486710526908,0.8677146311970979,0.465327664565313,0.8311530819334549,0.7473337461467155,5-class P4+P5
0.734,0.6166484118291348,0.8539022414258709,0.4635683917314177,0.6009122006841505,0.6747106684862706,0.666367025369941,0.6160514638826442,0.8691656590084643,0.4635683917314177,0.8311530819334549,0.7473337461467155,5-class P4+P5
0.735,0.6161007667031764,0.854240043348686,0.4622489371059962,0.5998858447488584,0.6746768007521131,0.6660700550100719,0.6154692381639029,0.8698911729141475,0.4622489371059962,0.8311530819334549,0.7473337461467155,5-class P4+P5
0.736,0.615553121577218,0.8549659863945578,0.46063627034159216,0.598704268292683,0.6748391255966746,0.6658683165492725,0.6148742084280514,0.8711003627569528,0.46063627034159216,0.8311530819334549,0.7473337461467155,5-class P4+P5
0.737,0.6151880248265791,0.8557771100792133,0.45931681571617067,0.5977866819309292,0.6751126811533832,0.6658131841579644,0.6144663943337936,0.8723095525997582,0.45931681571617067,0.8311530819334549,0.7473337461467155,5-class P4+P5
0.738,0.6146403797006207,0.8565157750342935,0.4577041489517666,0.5965985094592012,0.6752829182926905,0.665611445697165,0.6138680123741926,0.8735187424425634,0.4577041489517666,0.8311530819334549,0.7473337461467155,5-class P4+P5
0.739,0.614184008762322,0.8573002754820936,0.45623808825685386,0.5955410965457851,0.6755106346015437,0.6654830102711113,0.6133625559511056,0.8747279322853688,0.45623808825685386,0.8311530819334549,0.7473337461467155,5-class P4+P5
0.74,0.6139101861993428,0.8579718154186239,0.4552118457704149,0.5948275862068966,0.6757488898546029,0.665453564965014,0.6130518684172559,0.8756952841596131,0.4552118457704149,0.8311530819334549,0.7473337461467155,5-class P4+P5
0.741,0.6130887185104053,0.8588104502501389,0.45301275472804575,0.5931471350417507,0.6758716562204758,0.6650795333495126,0.6121569661113218,0.8771463119709795,0.45301275472804575,0.8311530819334549,0.7473337461467155,5-class P4+P5
0.742,0.6119934282584885,0.8583379810373676,0.45125348189415043,0.5915249351398097,0.6752341194196336,0.664199896932565,0.6110167048580405,0.8771463119709795,0.45125348189415043,0.8311530819334549,0.7473337461467155,5-class P4+P5
0.743,0.6114457831325302,0.858902575587906,0.44978742119923765,0.5903973828538439,0.6753207352479075,0.6639505425222307,0.6104170263518287,0.8781136638452237,0.44978742119923765,0.8311530819334549,0.7473337461467155,5-class P4+P5
0.744,0.6109894121942314,0.859915611814346,0.4481747544348336,0.5892444101773323,0.675667845091067,0.6638697230457119,0.6098961301926884,0.8795646916565901,0.4481747544348336,0.8311530819334549,0.7473337461467155,5-class P4+P5
0.745,0.6108981380065718,0.8608916478555305,0.44729511801788596,0.588712011577424,0.6761285006681862,0.6640344997586407,0.6097626049053657,0.8807738814993954,0.44729511801788596,0.8311530819334549,0.7473337461467155,5-class P4+P5
0.746,0.6098941219423147,0.8606627017841971,0.44553584518399064,0.5871329211746522,0.6756512162119639,0.6632757823259735,0.6087048688918244,0.8810157194679564,0.44553584518399064,0.8311530819334549,0.7473337461467155,5-class P4+P5
0.747,0.6096202993793355,0.8613636363636363,0.4445096026975517,0.5864036360119911,0.6759077461000538,0.6632463370198762,0.60838633101265,0.8819830713422008,0.4445096026975517,0.8311530819334549,0.7473337461467155,5-class P4+P5
0.748,0.6095290251916758,0.8629745932058236,0.4431901480721302,0.5856257264626114,0.6766905704523684,0.6635539615814097,0.6082253589164972,0.8839177750906893,0.4431901480721302,0.8311530819334549,0.7473337461467155,5-class P4+P5
0.749,0.6086162833150784,0.8627900315095961,0.4415774813077261,0.5841737781225756,0.6762711041673901,0.6628685471834882,0.6072593028543913,0.8841596130592503,0.4415774813077261,0.8311530819334549,0.7473337461467155,5-class P4+P5
0.75,0.6076122672508215,0.8625646923519263,0.4398182084738308,0.5825808330905913,0.6757995967777284,0.662109829750821,0.6061961256643863,0.8844014510278113,0.4398182084738308,0.8311530819334549,0.7473337461467155,5-class P4+P5
0.751,0.6072471705001825,0.8632429313329486,0.4386453599179006,0.5817050646446972,0.6760139890309602,0.6620070814099781,0.6057772635051443,0.8853688029020557,0.4386453599179006,0.8311530819334549,0.7473337461467155,5-class P4+P5
0.752,0.6069733479372034,0.8633342964461138,0.4380589356399355,0.5812098813460417,0.6759633456880336,0.6618347882552761,0.6054802631149813,0.8856106408706167,0.4380589356399355,0.8311530819334549,0.7473337461467155,5-class P4+P5
0.753,0.6060606060606061,0.8631487387648594,0.43644626887553145,0.579746835443038,0.6755466619094046,0.6611493738573546,0.6045100780891535,0.8858524788391777,0.43644626887553145,0.8311530819334549,0.7473337461467155,5-class P4+P5
0.754,0.6053304125593282,0.8634643377001455,0.4348336021111274,0.578393135725429,0.6754497595959842,0.6607057974279942,0.6037126968949726,0.8865779927448609,0.4348336021111274,0.8311530819334549,0.7473337461467155,5-class P4+P5
0.755,0.6048740416210295,0.8643274853801169,0.43336754141621464,0.5772873742798554,0.675727967743137,0.6605773620019405,0.6031840007377343,0.8877871825876663,0.43336754141621464,0.8311530819334549,0.7473337461467155,5-class P4+P5
0.756,0.6046914932457101,0.8657461809635723,0.43204808679079315,0.5764303178484108,0.676384743024159,0.6607640675791935,0.6029238095616658,0.8894800483675938,0.43204808679079315,0.8311530819334549,0.7473337461467155,5-class P4+P5
0.757,0.6036874771814531,0.8657421068161699,0.43014220788740654,0.5747306562193928,0.676032147633009,0.6600529660960612,0.6018414860314192,0.8899637243047158,0.43014220788740654,0.8311530819334549,0.7473337461467155,5-class P4+P5
0.758,0.603048557867835,0.8661137440758294,0.42867614719249375,0.5735020103952143,0.675998824544511,0.6596826927014464,0.601134274510454,0.890689238210399,0.42867614719249375,0.8311530819334549,0.7473337461467155,5-class P4+P5
0.759,0.6022270901788974,0.8666269723131884,0.4267702682891072,0.5719056974459725,0.6759750630948593,0.6592134291868752,0.6002215156169515,0.8916565900846433,0.4267702682891072,0.8311530819334549,0.7473337461467155,5-class P4+P5
0.76,0.6019532676159182,0.8676031081888822,0.42559741973317694,0.5710632438280712,0.676377112570131,0.6592315998303128,0.5998781523525201,0.8928657799274486,0.42559741973317694,0.8311530819334549,0.7473337461467155,5-class P4+P5
0.761,0.6018619934282585,0.8684447108181,0.4248643893857206,0.570584760779681,0.6767738713560247,0.6593487605937067,0.599738526382694,0.8938331318016929,0.4248643893857206,0.8311530819334549,0.7473337461467155,5-class P4+P5
0.762,0.6014968966776195,0.8687293481525984,0.4239847529687729,0.5698522167487685,0.6767928896263189,0.6591507803537939,0.5993284209062666,0.894316807738815,0.4239847529687729,0.8311530819334549,0.7473337461467155,5-class P4+P5
0.763,0.6008579773640015,0.8700120918984281,0.421932267995895,0.5682693256984895,0.6772262342337328,0.6589709707573187,0.5985707147884793,0.8960096735187424,0.421932267995895,0.8311530819334549,0.7473337461467155,5-class P4+P5
0.764,0.5996714129244249,0.8706240487062404,0.419293358745052,0.5660003958044726,0.677131865312578,0.6582561110532998,0.5972471909566155,0.8972188633615478,0.419293358745052,0.8311530819334549,0.7473337461467155,5-class P4+P5
0.765,0.5994888645491055,0.8719046163252828,0.41812051018912183,0.5652001585414189,0.6777219893597787,0.658395200681018,0.5969824819779852,0.8986698911729142,0.41812051018912183,0.8311530819334549,0.7473337461467155,5-class P4+P5
0.766,0.5987586710478277,0.8718184605949095,0.41680105556370034,0.5639754017060107,0.677429698133712,0.6578563923525877,0.596188884284958,0.8989117291414752,0.41680105556370034,0.8311530819334549,0.7473337461467155,5-class P4+P5
0.767,0.5979372033588901,0.8719211822660099,0.4151883887992963,0.5625186215115702,0.6772034556893101,0.6572918969389469,0.5952844732990596,0.8993954050785974,0.4151883887992963,0.8311530819334549,0.7473337461467155,5-class P4+P5
0.768,0.5973895582329317,0.8721432983323039,0.41401554024336606,0.5614872253703151,0.6771315092335269,0.6569473106295427,0.5946725758168542,0.8998790810157195,0.41401554024336606,0.8311530819334549,0.7473337461467155,5-class P4+P5
0.769,0.5965680905439942,0.8720173535791758,0.4125494795484533,0.5601114649681529,0.6767901491663507,0.6563351992663669,0.5937779172446969,0.9001209189842805,0.4125494795484533,0.8311530819334549,0.7473337461467155,5-class P4+P5
0.77,0.594925155166119,0.8719950046831095,0.40947075208913647,0.5572625698324022,0.6762270908879239,0.6551585924895501,0.5919724693038189,0.9008464328899637,0.40947075208913647,0.8311530819334549,0.7473337461467155,5-class P4+P5
0.771,0.594286235852501,0.8733500942803268,0.4074182671162586,0.5556333100069979,0.676705919278059,0.6549787828930749,0.5911930929915752,0.9025392986698911,0.4074182671162586,0.8311530819334549,0.7473337461467155,5-class P4+P5
0.772,0.5937385907265426,0.8742893240682249,0.4058056003518546,0.5543206168018424,0.6770034553588878,0.6547770444322756,0.5905355704554285,0.9037484885126965,0.4058056003518546,0.8311530819334549,0.7473337461467155,5-class P4+P5
0.773,0.5932822197882439,0.8748019017432647,0.40463275179592434,0.5533279871692061,0.6771138081976162,0.654553377107152,0.5900017951931822,0.9044740024183797,0.40463275179592434,0.8311530819334549,0.7473337461467155,5-class P4+P5
0.774,0.5920043811610076,0.8749601275917065,0.40214044861457265,0.5510245078344717,0.676771714479909,0.6536699824693177,0.5885768240075671,0.9051995163240629,0.40214044861457265,0.8311530819334549,0.7473337461467155,5-class P4+P5
0.775,0.5909090909090909,0.87471964114066,0.40023456971118604,0.5491852745926373,0.6762877082538016,0.652837962001905,0.5873745921835367,0.905441354292624,0.40023456971118604,0.8311530819334549,0.7473337461467155,5-class P4+P5
0.776,0.5903614457831325,0.8754425490827165,0.39876850901627325,0.547945205479452,0.6764778040355613,0.6525886075915708,0.5867229365180971,0.9064087061668682,0.39876850901627325,0.8311530819334549,0.7473337461467155,5-class P4+P5
0.777,0.5897225264695144,0.8758888170652877,0.3973024483213605,0.5466464952092789,0.6764969396951979,0.652218334196956,0.5859847463126497,0.9071342200725514,0.3973024483213605,0.8311530819334549,0.7473337461467155,5-class P4+P5
0.778,0.5889923329682366,0.875810635538262,0.39598299369593903,0.5453811206461383,0.6762183258992123,0.6516795258685257,0.5851749444323388,0.9073760580411124,0.39598299369593903,0.8311530819334549,0.7473337461467155,5-class P4+P5
0.779,0.588535962029938,0.8770785784153896,0.39437032693153495,0.544093851132686,0.6767190331549632,0.6515987063920069,0.5845885090660103,0.9088270858524788,0.39437032693153495,0.8311530819334549,0.7473337461467155,5-class P4+P5
0.78,0.5878057685286601,0.877745001638807,0.39261105409763963,0.5425445705024311,0.6768231649560259,0.6512027459121814,0.5837307570120129,0.9097944377267231,0.39261105409763963,0.8311530819334549,0.7473337461467155,5-class P4+P5
0.781,0.586801752464403,0.8777997364953887,0.390705175194253,0.5407324743836868,0.676526130873957,0.6504916444290492,0.5826018240852486,0.9102781136638453,0.390705175194253,0.8311530819334549,0.7473337461467155,5-class P4+P5
0.782,0.5863453815261044,0.8788480635551142,0.3892391144993403,0.539524486892908,0.6769161552810228,0.6503632090029954,0.582024049577357,0.9114873035066505,0.3892391144993403,0.8311530819334549,0.7473337461467155,5-class P4+P5
0.783,0.5859802847754655,0.8796942505815886,0.38806626594341004,0.5385554425228891,0.6772323020870696,0.6502604606621524,0.5815604559080263,0.9124546553808948,0.38806626594341004,0.8311530819334549,0.7473337461467155,5-class P4+P5
0.784,0.5854326396495071,0.8799599866622208,0.38689341738747984,0.5374745417515275,0.6771925106114924,0.6499158743527484,0.5809271484807919,0.9129383313180169,0.38689341738747984,0.8311530819334549,0.7473337461467155,5-class P4+P5
0.785,0.5847024461482293,0.8798929407828705,0.38557396276205835,0.5361875637104995,0.6769240027122586,0.6493770660243181,0.5801083249059851,0.913180169286578,0.38557396276205835,0.8311530819334549,0.7473337461467155,5-class P4+P5
0.786,0.58442862358525,0.8807924781732707,0.3845477202756194,0.5353607510970507,0.6772977181540708,0.6493476207182208,0.5797417971616683,0.9141475211608222,0.3845477202756194,0.8311530819334549,0.7473337461467155,5-class P4+P5
0.787,0.5831507849580139,0.8807432432432433,0.38220202316375895,0.5330743277783457,0.6768648682449333,0.6484166101308517,0.5783004150638493,0.9146311970979444,0.38220202316375895,0.8311530819334549,0.7473337461467155,5-class P4+P5
0.788,0.5824205914567361,0.8806779661016949,0.38088256853833746,0.5317777095486644,0.6765992878222689,0.6478778018024214,0.5774776860073443,0.9148730350665054,0.38088256853833746,0.8311530819334549,0.7473337461467155,5-class P4+P5
0.789,0.5817816721431179,0.8806528391703502,0.37970971998240727,0.5306289694734686,0.6763838119744452,0.6474122965087369,0.5767548139548413,0.9151148730350666,0.37970971998240727,0.8311530819334549,0.7473337461467155,5-class P4+P5
0.79,0.5812340270171595,0.8809280109177755,0.3785368714264771,0.529532403609516,0.6763518559261774,0.6470677101993328,0.5761148860152843,0.9155985489721886,0.3785368714264771,0.8311530819334549,0.7473337461467155,5-class P4+P5
0.791,0.580412559328222,0.8818681318681318,0.37648438645359916,0.5276893044282338,0.676575537838591,0.6466460626342966,0.5751181557858387,0.916807738814994,0.37648438645359916,0.8311530819334549,0.7473337461467155,5-class P4+P5
0.792,0.5797736400146039,0.8823732321490169,0.37501832575868643,0.5263374485596708,0.6766340530858029,0.6462757892396818,0.5743563883218301,0.9175332527206771,0.37501832575868643,0.8311530819334549,0.7473337461467155,5-class P4+P5
0.793,0.5786783497626871,0.8826796251301632,0.3728192347163173,0.5242218099360957,0.6764481716982085,0.6455390006713388,0.5730855159426589,0.9182587666263603,0.3728192347163173,0.8311530819334549,0.7473337461467155,5-class P4+P5
0.794,0.5777656078860898,0.8825374695015685,0.3712065679519132,0.5226006191950464,0.6760900529157403,0.6448535862734173,0.5720514141630608,0.9185006045949214,0.3712065679519132,0.8311530819334549,0.7473337461467155,5-class P4+P5
0.795,0.5769441401971522,0.882703081232493,0.3695939011875092,0.5210292446005994,0.6759194418508143,0.6442890908597764,0.5710990113481134,0.9189842805320435,0.3695939011875092,0.8311530819334549,0.7473337461467155,5-class P4+P5
0.796,0.5757575757575758,0.8829749735636235,0.36724820407564873,0.5187409401532408,0.6756912064517219,0.6434789992566877,0.5697181116630412,0.9197097944377267,0.36724820407564873,0.8311530819334549,0.7473337461467155,5-class P4+P5
0.797,0.5750273822562979,0.8826440438317427,0.36607535551971854,0.5175129533678756,0.6752951977495123,0.6428925749787227,0.5689016406049947,0.9197097944377267,0.36607535551971854,0.8311530819334549,0.7473337461467155,5-class P4+P5
0.798,0.5750273822562979,0.8853684585261659,0.36460929482480575,0.5165109034267913,0.6766967492090753,0.6433687344740715,0.5687097751134933,0.9221281741233374,0.36460929482480575,0.8311530819334549,0.7473337461467155,5-class P4+P5
0.799,0.5745710113179993,0.8862660944206009,0.36328984019938426,0.5153374233128835,0.6770178511318691,0.6431926830984829,0.5681201146657952,0.9230955259975816,0.36328984019938426,0.8311530819334549,0.7473337461467155,5-class P4+P5
0.8,0.5741146403797006,0.8868940754039497,0.362116991643454,0.5142619196335624,0.6772005562431571,0.6429690157733594,0.5675486422481155,0.9238210399032648,0.362116991643454,0.8311530819334549,0.7473337461467155,5-class P4+P5
0.801,0.5726542533771449,0.8865196964221178,0.3596246884621023,0.5116812682519817,0.6765606175357628,0.6418437831669641,0.5658860739182661,0.9240628778718258,0.3596246884621023,0.8311530819334549,0.7473337461467155,5-class P4+P5
0.802,0.5716502373128879,0.8863471314451706,0.357865415628207,0.5098694516971279,0.676165518904736,0.641085065734297,0.564734515100408,0.924304715840387,0.357865415628207,0.8311530819334549,0.7473337461467155,5-class P4+P5
0.803,0.5714676889375685,0.887956204379562,0.3566925670722768,0.5089425792281143,0.6769381800865678,0.641224155362015,0.5644057078797846,0.9257557436517533,0.3566925670722768,0.8311530819334549,0.7473337461467155,5-class P4+P5
0.804,0.5705549470609712,0.8881144534115921,0.3549332942383815,0.5071750288048602,0.6767425243971691,0.6405863569136285,0.5633327630882368,0.9262394195888755,0.3549332942383815,0.8311530819334549,0.7473337461467155,5-class P4+P5
0.805,0.5698247535596933,0.8886430678466076,0.3533206274739774,0.5056120843386133,0.6767936348451864,0.6401427804842681,0.5624433311264114,0.9269649334945587,0.3533206274739774,0.8311530819334549,0.7473337461467155,5-class P4+P5
0.806,0.5688207374954363,0.8890538033395177,0.35126814250109956,0.503572929802438,0.6767021831126834,0.6394792949506707,0.5612411276956688,0.9276904474002419,0.35126814250109956,0.8311530819334549,0.7473337461467155,5-class P4+P5
0.807,0.5679992698064987,0.8898431665421956,0.34936226359771294,0.5017370249499947,0.6768616654165436,0.6390100314360996,0.560221610034008,0.9286577992744861,0.34936226359771294,0.8311530819334549,0.7473337461467155,5-class P4+P5
0.808,0.5669039795545819,0.8896396396396397,0.3474563846943263,0.49973642593568796,0.6764285993663708,0.6381780109686868,0.5589532696991548,0.9288996372430471,0.3474563846943263,0.8311530819334549,0.7473337461467155,5-class P4+P5
0.809,0.5652610441767069,0.8891830559757943,0.3446708693739921,0.49677760169043844,0.6757031738011792,0.6369061722928001,0.5570575563686385,0.9291414752116082,0.3446708693739921,0.8311530819334549,0.7473337461467155,5-class P4+P5
0.81,0.5648959474260679,0.8896054628224582,0.34379123295704445,0.49592894152479644,0.6758123467958446,0.6367081920528874,0.5565955426210895,0.9296251511487303,0.34379123295704445,0.8311530819334549,0.7473337461467155,5-class P4+P5
0.811,0.5646221248630887,0.8897757506651464,0.3432048086790793,0.4953449005501481,0.6758188062635041,0.6365358988981853,0.5562599302108686,0.9298669891172914,0.3432048086790793,0.8311530819334549,0.7473337461467155,5-class P4+P5
0.812,0.5638006571741512,0.8896946564885496,0.34173874798416654,0.4938036224976168,0.6755335086665397,0.6359237875350096,0.5552972887566265,0.9301088270858525,0.34173874798416654,0.8311530819334549,0.7473337461467155,5-class P4+P5
0.8130000000000001,0.5636181087988317,0.8917050691244239,0.34041929335874505,0.49273209549071617,0.6765158487384572,0.6361104931122625,0.5549269510848311,0.93180169286578,0.34041929335874505,0.8311530819334549,0.7473337461467155,5-class P4+P5
0.8140000000000001,0.5629791894852135,0.8929261693080789,0.3386600205248497,0.49107142857142855,0.6769565725259477,0.6358354516167175,0.55407698108034,0.9330108827085852,0.3386600205248497,0.8311530819334549,0.7473337461467155,5-class P4+P5
0.8150000000000001,0.5625228185469149,0.8945525291828794,0.3370473537604457,0.48961771909274837,0.6776602378802544,0.6357546321401987,0.5534104089433872,0.9344619105199516,0.3370473537604457,0.8311530819334549,0.7473337461467155,5-class P4+P5
0.8160000000000001,0.56078860898138,0.894076108277756,0.33411523237062013,0.4864461045891142,0.6769060213090933,0.6344094904295664,0.5513876193492533,0.9347037484885127,0.33411523237062013,0.8311530819334549,0.7473337461467155,5-class P4+P5
0.8170000000000001,0.5594194961664841,0.8943829113924051,0.33147632311977715,0.4836880949834207,0.6766646403188888,0.6334527927569865,0.5497322907457102,0.9354292623941959,0.33147632311977715,0.8311530819334549,0.7473337461467155,5-class P4+P5
0.8180000000000001,0.5582329317269076,0.8941504178272981,0.3294238381468993,0.48146560959931434,0.6761999276155323,0.6325474692548281,0.5483333772277061,0.9356711003627569,0.3294238381468993,0.8311530819334549,0.7473337461467155,5-class P4+P5
0.8190000000000001,0.5580503833515882,0.8950099800399202,0.3286908077994429,0.48080634784473514,0.6765903053672563,0.6325437110339415,0.5480465872387509,0.9363966142684401,0.3286908077994429,0.8311530819334549,0.7473337461467155,5-class P4+P5
0.8200000000000001,0.5571376414749909,0.8955403776617116,0.3267849288960563,0.47883995703544574,0.6765997624696889,0.6319535285350898,0.5469108529820936,0.9371221281741233,0.3267849288960563,0.8311530819334549,0.7473337461467155,5-class P4+P5
0.8210000000000001,0.5563161737860534,0.8954802259887006,0.32531886820114353,0.47725561888375095,0.6763317619681648,0.6313414171719139,0.5459297994521823,0.9373639661426844,0.32531886820114353,0.8311530819334549,0.7473337461467155,5-class P4+P5
0.8220000000000001,0.555768528660095,0.8961881589618816,0.32399941357572204,0.4759341014321094,0.6765393091629196,0.6310444468120449,0.5452145754685299,0.9380894800483676,0.32399941357572204,0.8311530819334549,0.7473337461467155,5-class P4+P5
0.8230000000000001,0.5550383351588171,0.8964955175224124,0.32253335288080925,0.4743935309973046,0.6764881727814367,0.6305532544331495,0.5443107957273459,0.9385731559854897,0.32253335288080925,0.8311530819334549,0.7473337461467155,5-class P4+P5
0.8240000000000001,0.5538517707192406,0.8965941731637259,0.3203342618384401,0.4720241952905595,0.6761994225367872,0.629695546880526,0.5428715887152971,0.9390568319226118,0.3203342618384401,0.8311530819334549,0.7473337461467155,5-class P4+P5
0.8250000000000001,0.553030303030303,0.8965375103050288,0.3188682011435273,0.4704228398399481,0.6759358125968286,0.6290834355173501,0.5418833504371473,0.9392986698911729,0.3188682011435273,0.8311530819334549,0.7473337461467155,5-class P4+P5
0.8260000000000001,0.5523001095290252,0.8978405315614618,0.31696232224014076,0.46852313360060677,0.6764003780877033,0.6287350909870595,0.5408924900834383,0.9405078597339782,0.31696232224014076,0.8311530819334549,0.7473337461467155,5-class P4+P5
0.8270000000000001,0.55065717415115,0.8974036850921273,0.3141768069198065,0.46541426865023344,0.6757093122005922,0.6274632523111728,0.5389340098663274,0.9407496977025392,0.3141768069198065,0.8311530819334549,0.7473337461467155,5-class P4+P5
0.8280000000000001,0.5488316903979554,0.8968723584108199,0.3110980794604897,0.4619571133122891,0.6749204632566324,0.6260448075657951,0.5367545880903293,0.9409915356711004,0.3110980794604897,0.8311530819334549,0.7473337461467155,5-class P4+P5
0.8290000000000001,0.5483753194596568,0.8976645435244162,0.3099252309045594,0.46076721883173494,0.6752012986195502,0.6258211402406715,0.5361310968530534,0.9417170495767836,0.3099252309045594,0.8311530819334549,0.7473337461467155,5-class P4+P5
0.8300000000000001,0.5470062066447609,0.8983704974271012,0.3071397155842252,0.457773407625915,0.6751824657821962,0.6249120585176265,0.5343965400070165,0.9426844014510278,0.3071397155842252,0.8311530819334549,0.7473337461467155,5-class P4+P5
0.8310000000000001,0.5460934647681636,0.8986194995685937,0.3053804427503299,0.455848561111719,0.6750564504094415,0.6242742600692399,0.5332558393126121,0.9431680773881499,0.3053804427503299,0.8311530819334549,0.7473337461467155,5-class P4+P5
0.8320000000000001,0.5451807228915663,0.8992180712423979,0.30347456384694327,0.45379809273265376,0.6751116933517283,0.6236840775703882,0.5320831889888932,0.9438935912938331,0.30347456384694327,0.8311530819334549,0.7473337461467155,5-class P4+P5
0.833,0.5441767068273092,0.8990825688073395,0.30171529101304795,0.4518111964873765,0.6747633912457143,0.6229253601377212,0.530857949438814,0.9441354292623942,0.30171529101304795,0.8311530819334549,0.7473337461467155,5-class P4+P5
0.834,0.5430814165753924,0.8992520897492301,0.29966280604017004,0.4495271607653398,0.6745483067656666,0.6221409556198432,0.5294913070170902,0.9446191051995163,0.29966280604017004,0.8311530819334549,0.7473337461467155,5-class P4+P5
0.835,0.5420774005111354,0.9001774622892635,0.2974637149978009,0.4471625344352617,0.6747497286164773,0.6215250860357807,0.5281695666645422,0.9455864570737605,0.2974637149978009,0.8311530819334549,0.7473337461467155,5-class P4+P5
0.836,0.5409821102592187,0.9007155635062611,0.29526462395543174,0.444738876007508,0.6747270478081764,0.6207882974674377,0.5267646149776941,0.9463119709794438,0.29526462395543174,0.8311530819334549,0.7473337461467155,5-class P4+P5
0.837,0.5404344651332603,0.9011680143755616,0.29409177539950154,0.44346192107881066,0.6748108113114921,0.6204437111580338,0.526044990854213,0.9467956469165659,0.29409177539950154,0.8311530819334549,0.7473337461467155,5-class P4+P5
0.838,0.5397042716319824,0.9018987341772152,0.2924791086350975,0.4417137163732979,0.6749887083511876,0.6200001347286733,0.525073024038035,0.9475211608222491,0.2924791086350975,0.8311530819334549,0.7473337461467155,5-class P4+P5
0.839,0.538517707192406,0.9020501138952164,0.2902800175927283,0.4392191659272405,0.6747438105145526,0.6191424271760497,0.5235798062886823,0.9480048367593712,0.2902800175927283,0.8311530819334549,0.7473337461467155,5-class P4+P5
0.84,0.5377875136911281,0.9027968821641449,0.2886673508283243,0.43745834259053545,0.6749312046148359,0.6186988507466893,0.5226021379877541,0.9487303506650544,0.2886673508283243,0.8311530819334549,0.7473337461467155,5-class P4+P5
0.841,0.5371485943775101,0.9028545119705341,0.2874945022723941,0.4361169798732347,0.674787911722972,0.6182333454530048,0.5217971694009722,0.9489721886336154,0.2874945022723941,0.8311530819334549,0.7473337461467155,5-class P4+P5
0.842,0.5367834976268712,0.9034195933456562,0.28661486585544643,0.43516972732331666,0.6749809522688245,0.618035365213092,0.5212902864202257,0.9494558645707376,0.28661486585544643,0.8311530819334549,0.7473337461467155,5-class P4+P5
0.843,0.5362358525009128,0.903899721448468,0.2854420172995162,0.43387186629526464,0.6750809672909234,0.617690778903688,0.5205611940272798,0.9499395405078598,0.2854420172995162,0.8311530819334549,0.7473337461467155,5-class P4+P5
0.844,0.5356882073749544,0.9051401869158878,0.28397595660460345,0.4323178216716884,0.6755737232220093,0.6174414244933537,0.5197648099942104,0.950906892382104,0.28397595660460345,0.8311530819334549,0.7473337461467155,5-class P4+P5
0.845,0.5344103687477182,0.9045155221072436,0.28192347163172554,0.42986475913714095,0.6749078176787634,0.6164151820069148,0.5182104358740082,0.950906892382104,0.28192347163172554,0.8311530819334549,0.7473337461467155,5-class P4+P5
0.846,0.5334976268711209,0.9040642722117203,0.28045741093681276,0.42810786617433144,0.674430326151109,0.6156821516594584,0.5170982490794586,0.950906892382104,0.28045741093681276,0.8311530819334549,0.7473337461467155,5-class P4+P5
0.847,0.5323110624315444,0.9046256556986171,0.27811171382495237,0.42543171114599687,0.6744033572544332,0.6148720600563697,0.515547931915926,0.9516324062877872,0.27811171382495237,0.8311530819334549,0.7473337461467155,5-class P4+P5
0.848,0.5315808689302666,0.9058145122537242,0.27635244099105705,0.42350033700292067,0.6748227490846086,0.6144760995765443,0.5145172707305149,0.9525997581620315,0.27635244099105705,0.8311530819334549,0.7473337461467155,5-class P4+P5
0.849,0.5309419496166484,0.9070667957405615,0.27473977422665297,0.4217396196691797,0.6752994271166249,0.6141534421314643,0.5135953376656839,0.9535671100362757,0.27473977422665297,0.8311530819334549,0.7473337461467155,5-class P4+P5
0.85,0.5299379335523914,0.9077598828696926,0.2726872892537751,0.41939120631341603,0.675391112423956,0.613489956597867,0.5122565600651576,0.9542926239419589,0.2726872892537751,0.8311530819334549,0.7473337461467155,5-class P4+P5
0.851,0.5292077400511136,0.9094042343673068,0.2707814103503885,0.41730682331676455,0.6760466549987795,0.6131416120675763,0.5111802110458249,0.9555018137847642,0.2707814103503885,0.8311530819334549,0.7473337461467155,5-class P4+P5
0.852,0.5282037239868566,0.9093161546085233,0.2690221375164932,0.4152053399705849,0.6757366183649016,0.6123828946349092,0.5099051254278075,0.9557436517533253,0.2690221375164932,0.8311530819334549,0.7473337461467155,5-class P4+P5
0.853,0.5266520627966411,0.9093640460691037,0.2662366221961589,0.4118847811295078,0.6753539730289708,0.6112319749433032,0.507912758672284,0.9562273276904474,0.2662366221961589,0.8311530819334549,0.7473337461467155,5-class P4+P5
0.854,0.5257393209200438,0.9093198992443325,0.2646239554317549,0.40994776288893936,0.6750924543596537,0.6105465605453817,0.5067440630406852,0.9564691656590084,0.2646239554317549,0.8311530819334549,0.7473337461467155,5-class P4+P5
0.855,0.5251916757940854,0.909873417721519,0.2634511068758247,0.40859481582537516,0.6752351166104533,0.6102019742359777,0.5059899971167132,0.9569528415961306,0.2634511068758247,0.8311530819334549,0.7473337461467155,5-class P4+P5
0.856,0.5245527564804673,0.9108053007135576,0.2619850461809119,0.40692246385062053,0.6755494148664519,0.6098317008413628,0.5050835946338181,0.9576783555018138,0.2619850461809119,0.8311530819334549,0.7473337461467155,5-class P4+P5
0.857,0.5238225629791895,0.9112820512820513,0.2605189854859991,0.40519895108881543,0.6756054937733819,0.6093405084624676,0.5040986004207489,0.958162031438936,0.2605189854859991,0.8311530819334549,0.7473337461467155,5-class P4+P5
0.858,0.5224534501642936,0.9105943152454781,0.25831989444362996,0.4024668798538145,0.6748958717342566,0.6082409629412829,0.502388806299665,0.958162031438936,0.25831989444362996,0.8311530819334549,0.7473337461467155,5-class P4+P5
0.859,0.5217232566630157,0.911504424778761,0.25670722767922594,0.40059482955845344,0.6751766728210352,0.6077973865119225,0.5013604367989686,0.9588875453446191,0.25670722767922594,0.8311530819334549,0.7473337461467155,5-class P4+P5
0.86,0.5211756115370573,0.9120879120879121,0.2555343791232957,0.3992212551534585,0.6753363827990694,0.6074528002025185,0.5005969705205836,0.9593712212817412,0.2555343791232957,0.8311530819334549,0.7473337461467155,5-class P4+P5
0.861,0.5201715954728003,0.9124472573839663,0.2536285002199091,0.3969255477801996,0.6752633637913209,0.6067416987193863,0.4992585298582696,0.9598548972188634,0.2536285002199091,0.8311530819334549,0.7473337461467155,5-class P4+P5
0.862,0.5190763052208835,0.9123273113708821,0.2517226213165225,0.39457658278754454,0.6749205434967701,0.6059096782519735,0.4978409448876022,0.9600967351874244,0.2517226213165225,0.8311530819334549,0.7473337461467155,5-class P4+P5
0.863,0.5180722891566265,0.9126941617568292,0.2498167424131359,0.39226519337016574,0.6748529671145241,0.6051985767688413,0.49649557309161646,0.9605804111245465,0.2498167424131359,0.8311530819334549,0.7473337461467155,5-class P4+P5
0.864,0.51688572471705,0.9134199134199135,0.24747104530127548,0.3894336140269927,0.6749247129681912,0.6043884851657526,0.49487538135465775,0.9613059250302297,0.24747104530127548,0.8311530819334549,0.7473337461467155,5-class P4+P5
0.865,0.5156991602774735,0.9132569558101473,0.2454185603283976,0.38687312225560433,0.6745392528694494,0.6034831616635943,0.493330964506894,0.9615477629987909,0.2454185603283976,0.8311530819334549,0.7473337461467155,5-class P4+P5
0.866,0.514877692588536,0.9132821075740944,0.24395249963348484,0.38505148675228507,0.674344141152933,0.6028710503004183,0.49224689794694665,0.9617896009673519,0.24395249963348484,0.8311530819334549,0.7473337461467155,5-class P4+P5
0.867,0.513873676524279,0.9141274238227147,0.24190001466060695,0.38256434036633435,0.6745262843078168,0.602207564766821,0.49084562043154895,0.9625151148730351,0.24190001466060695,0.8311530819334549,0.7473337461467155,5-class P4+P5
0.868,0.5126871120847024,0.9148936170212766,0.2395543175487465,0.37969094922737306,0.6746223810297223,0.6013974731637324,0.48920661704134527,0.9632406287787183,0.2395543175487465,0.8311530819334549,0.7473337461467155,5-class P4+P5
0.869,0.5118656443957649,0.9158667419536984,0.2377950447148512,0.37756052141527,0.6749175843682482,0.6008805936996263,0.4880295099568842,0.9639661426844015,0.2377950447148512,0.8311530819334549,0.7473337461467155,5-class P4+P5
0.87,0.5112267250821467,0.9174259681093394,0.23618237795044714,0.3756558237145855,0.6755608101416262,0.6005579362545465,0.4870405102824896,0.9649334945586457,0.23618237795044714,0.8311530819334549,0.7473337461467155,5-class P4+P5
0.871,0.5104052573932092,0.9174785100286533,0.23471631725553438,0.37380340882558954,0.6753823990812032,0.5999458248913706,0.48594261554721707,0.9651753325272068,0.23471631725553438,0.8311530819334549,0.7473337461467155,5-class P4+P5
0.872,0.5094925155166119,0.9179664933564413,0.23295704442163906,0.3716089803554724,0.6754060109058629,0.599308026442984,0.48468173568671824,0.965659008464329,0.23295704442163906,0.8311530819334549,0.7473337461467155,5-class P4+P5
0.873,0.5083972252646951,0.9188558085230589,0.2307579533792699,0.3688774314506679,0.6755914875137203,0.598571237874641,0.4831380728788697,0.966384522370012,0.2307579533792699,0.8311530819334549,0.7473337461467155,5-class P4+P5
0.874,0.5074844833880978,0.9198585739540366,0.2288520744758833,0.3665179619629021,0.6758813336343247,0.5979810553757893,0.48182550330487944,0.9671100362756953,0.2288520744758833,0.8311530819334549,0.7473337461467155,5-class P4+P5
0.875,0.5069368382621394,0.9210682492581602,0.2275326198504618,0.36491888079003054,0.6763684467086832,0.5976840850159202,0.48098248977588953,0.9678355501813785,0.2275326198504618,0.8311530819334549,0.7473337461467155,5-class P4+P5
0.876,0.5062066447608616,0.9222022740873729,0.22591995308605775,0.36292981629769194,0.6767715732310855,0.5972405085865597,0.47990007953483704,0.9685610640870617,0.22591995308605775,0.8311530819334549,0.7473337461467155,5-class P4+P5
0.877,0.5048375319459657,0.9220072551390568,0.22357425597419733,0.35988200589970504,0.6763336641208078,0.59618857901491,0.47807302646700667,0.9688029020556227,0.22357425597419733,0.8311530819334549,0.7473337461467155,5-class P4+P5
0.878,0.5040160642570282,0.921580547112462,0.22225480134877584,0.3581384360973305,0.6759121723855726,0.5955288517021993,0.47700168867189896,0.9688029020556227,0.22225480134877584,0.8311530819334549,0.7473337461467155,5-class P4+P5
0.879,0.5031945965680905,0.9221813725490197,0.2206421345843718,0.3560865964746244,0.6760199012037248,0.5949643562885584,0.47583659640210896,0.9692865779927449,0.2206421345843718,0.8311530819334549,0.7473337461467155,5-class P4+P5
0.88,0.5020080321285141,0.922077922077922,0.2185896496114939,0.35340127992415266,0.6756765025316263,0.5940590327863999,0.4742366352121876,0.9695284159613059,0.2185896496114939,0.8311530819334549,0.7473337461467155,5-class P4+P5
0.881,0.5009127418765973,0.9225484072454716,0.21653716463861603,0.3507480408454049,0.6756515419444888,0.5932746282685221,0.4727053769831176,0.9700120918984281,0.21653716463861603,0.8311530819334549,0.7473337461467155,5-class P4+P5
0.882,0.5004563709382986,0.9233668341708543,0.2155109221521771,0.3494591703316296,0.6759615033733383,0.5930033449938636,0.4720108652606366,0.9704957678355501,0.2155109221521771,0.8311530819334549,0.7473337461467155,5-class P4+P5
0.883,0.4997261774370208,0.9235145385587863,0.2141914675267556,0.34773295251695824,0.6758601069154077,0.5924645366654334,0.4710017194296983,0.9707376058041113,0.2141914675267556,0.8311530819334549,0.7473337461467155,5-class P4+P5
0.884,0.4985396129974443,0.923961661341853,0.21199237648438646,0.3448604817553065,0.6758025748941189,0.5916068291128099,0.46933989635599127,0.9712212817412333,0.21199237648438646,0.8311530819334549,0.7473337461467155,5-class P4+P5
0.885,0.4968966776195692,0.9241736876215165,0.20906025509456092,0.34098517455762795,0.6755150813545806,0.5903826063864582,0.4670677275209161,0.9717049576783555,0.20906025509456092,0.8311530819334549,0.7473337461467155,5-class P4+P5
0.886,0.4963490324936108,0.9238776837996097,0.20818061867761326,0.3397942091409428,0.6752311234583567,0.5899427881779844,0.46634095878324994,0.9717049576783555,0.20818061867761326,0.8311530819334549,0.7473337461467155,5-class P4+P5
0.887,0.4953450164293538,0.9244415243101183,0.20627473977422664,0.33728874505573536,0.6752799099184681,0.5892316866948522,0.4649079144248387,0.9721886336154776,0.20627473977422664,0.8311530819334549,0.7473337461467155,5-class P4+P5
0.888,0.49379335523913837,0.9241516966067864,0.20363583052338366,0.33373378183565594,0.674759652386753,0.5880331510537112,0.4627897640411721,0.9724304715840387,0.20363583052338366,0.8311530819334549,0.7473337461467155,5-class P4+P5
0.889,0.4927893391748813,0.9235924932975871,0.20202316375897963,0.33152893059064115,0.6742328485084723,0.5872268176715092,0.46144797143547794,0.9724304715840387,0.20202316375897963,0.8311530819334549,0.7473337461467155,5-class P4+P5
0.89,0.4910551296093465,0.9226069246435845,0.19923764843864536,0.32770677598263803,0.6733144293153597,0.5858340600113421,0.45912435289071685,0.9724304715840387,0.19923764843864536,0.8311530819334549,0.7473337461467155,5-class P4+P5
0.891,0.49005111354508946,0.9243466299862448,0.1970385573962762,0.32483383685800604,0.6739708313054777,0.5852181904272796,0.45756981129400265,0.973397823458283,0.1970385573962762,0.8311530819334549,0.7473337461467155,5-class P4+P5
0.892,0.48895582329317266,0.9248956884561892,0.19498607242339833,0.32207289018040924,0.6739943876195634,0.5844337859094016,0.4559899351656459,0.973881499395405,0.19498607242339833,0.8311530819334549,0.7473337461467155,5-class P4+P5
0.893,0.4871303395399781,0.923836389280677,0.19205395103357278,0.3179997572520937,0.6730211512350124,0.5829677252144889,0.45352192938301317,0.973881499395405,0.19205395103357278,0.8311530819334549,0.7473337461467155,5-class P4+P5
0.894,0.48640014603870024,0.9246088193456614,0.19058789033866003,0.3160325756654917,0.673246818049794,0.5824765328355936,0.4524262257209446,0.9743651753325272,0.19058789033866003,0.8311530819334549,0.7473337461467155,5-class P4+P5
0.895,0.4858525009127419,0.9267241379310345,0.18912182964374724,0.31413612565445026,0.6742048125874327,0.5822271784252593,0.4514691139988435,0.9753325272067714,0.18912182964374724,0.8311530819334549,0.7473337461467155,5-class P4+P5
0.896,0.48493975903614456,0.9268115942028986,0.18750916287934322,0.3119131813193513,0.6740365406269296,0.5815417640273379,0.4501729133203131,0.9755743651753326,0.18750916287934322,0.8311530819334549,0.7473337461467155,5-class P4+P5
0.897,0.4842095655348667,0.9282576866764275,0.18589649611493916,0.3097593746182973,0.6746085096572961,0.5810981875979774,0.4490144778373818,0.9762998790810157,0.18589649611493916,0.8311530819334549,0.7473337461467155,5-class P4+P5
0.898,0.4833880978459292,0.9290465631929047,0.1842838293505351,0.3075605578664057,0.6748221465344926,0.5805336921843365,0.44778231707558164,0.9767835550181379,0.1842838293505351,0.8311530819334549,0.7473337461467155,5-class P4+P5
0.899,0.48174516246805404,0.9293764087152517,0.18135170796070957,0.3034838076545633,0.6746102822797038,0.5793094694579848,0.445419229408677,0.97726723095526,0.18135170796070957,0.8311530819334549,0.7473337461467155,5-class P4+P5
0.9,0.48092369477911645,0.9301972685887708,0.17973904119630552,0.3012655117336282,0.6748413194987847,0.5787449740443438,0.4441780982032695,0.9777509068923821,0.17973904119630552,0.8311530819334549,0.7473337461467155,5-class P4+P5
0.901,0.4791894852135816,0.9305019305019305,0.1766603137369887,0.2969443075406604,0.6745978237542258,0.5774474482832465,0.4416730815754911,0.9782345828295043,0.1766603137369887,0.8311530819334549,0.7473337461467155,5-class P4+P5
0.902,0.47809419496166483,0.9298519095869057,0.17490104090309339,0.29442250740375125,0.6740131045918608,0.5765678118662988,0.4401573718942279,0.9782345828295043,0.17490104090309339,0.8311530819334549,0.7473337461467155,5-class P4+P5
0.903,0.47681635633442865,0.9297553275453828,0.17270194986072424,0.291295746785361,0.6736711409117151,0.5755891853293947,0.4383272715408286,0.9784764207980653,0.17270194986072424,0.8311530819334549,0.7473337461467155,5-class P4+P5
0.904,0.47544724351953266,0.9289137380191693,0.17050285881835509,0.288120896816549,0.6729276027276391,0.5744896398082102,0.4364226133045821,0.9784764207980653,0.17050285881835509,0.8311530819334549,0.7473337461467155,5-class P4+P5
0.905,0.4743519532676159,0.9303079416531604,0.16830376777598594,0.28504034761018,0.6733930162904765,0.5737528512398672,0.4347190624534266,0.9792019347037485,0.16830376777598594,0.8311530819334549,0.7473337461467155,5-class P4+P5
0.906,0.47261774370208104,0.930635838150289,0.1652250403166691,0.2806274900398406,0.673168098654416,0.5724553254787699,0.4321725346452805,0.9796856106408706,0.1652250403166691,0.8311530819334549,0.7473337461467155,5-class P4+P5
0.907,0.47133990507484486,0.9327165685449958,0.16258613106582612,0.2769038701622971,0.673945056055031,0.5716195467904706,0.4301365847718405,0.9806529625151149,0.16258613106582612,0.8311530819334549,0.7473337461467155,5-class P4+P5
0.908,0.4704271631982475,0.9365895458440445,0.1602404339539657,0.27366049073610416,0.675721476364662,0.5711722121402234,0.42848494229422274,0.9821039903264812,0.1602404339539657,0.8311530819334549,0.7473337461467155,5-class P4+P5
0.909,0.4695144213216502,0.9360414866032843,0.15877437325905291,0.2714966156931562,0.6752357652426566,0.5704391817927671,0.427193693234837,0.9821039903264812,0.15877437325905291,0.8311530819334549,0.7473337461467155,5-class P4+P5
0.91,0.46823658269441404,0.9360210341805434,0.15657528221668376,0.26827430293896004,0.6749386882568534,0.569460555255863,0.42531994716840477,0.9823458282950424,0.15657528221668376,0.8311530819334549,0.7473337461467155,5-class P4+P5
0.911,0.4666849215041986,0.9366071428571429,0.15378976689634952,0.264198463669563,0.6748916153488642,0.568309635564257,0.4229875003910767,0.9828295042321644,0.15378976689634952,0.8311530819334549,0.7473337461467155,5-class P4+P5
0.912,0.46531580868930267,0.9365367180417045,0.15144406978448907,0.2607269056032307,0.6745507095739832,0.5672577059926073,0.42096968671639945,0.9830713422007256,0.15144406978448907,0.8311530819334549,0.7473337461467155,5-class P4+P5
0.913,0.4645856151880248,0.9376718606782768,0.14997800908957631,0.2585945399393327,0.6749687230406083,0.566766513613712,0.4197972699696663,0.9835550181378476,0.14997800908957631,0.8311530819334549,0.7473337461467155,5-class P4+P5
0.914,0.46367287331142754,0.9395348837209302,0.1480721301861897,0.2558257345491388,0.675718256555334,0.5661763311148602,0.4182952873658936,0.9842805320435308,0.1480721301861897,0.8311530819334549,0.7473337461467155,5-class P4+P5
0.915,0.4629426798101497,0.939906103286385,0.1467526755607682,0.2538676134922648,0.6757461969267836,0.5656375227864301,0.417180491474494,0.9845223700120919,0.1467526755607682,0.8311530819334549,0.7473337461467155,5-class P4+P5
0.916,0.46184738955823296,0.9400570884871551,0.14484679665738162,0.25101626016260165,0.6755812953793675,0.5648055023190173,0.41553662010979087,0.984764207980653,0.14484679665738162,0.8311530819334549,0.7473337461467155,5-class P4+P5
0.917,0.46102592186929536,0.9403846153846154,0.14338073596246884,0.24882330492303778,0.6755674589629813,0.5641933909558414,0.41428425939340985,0.985006045949214,0.14338073596246884,0.8311530819334549,0.7473337461467155,5-class P4+P5
0.918,0.4598393574297189,0.9413489736070382,0.14118164492009969,0.2455379908210097,0.6757988198348288,0.5633356834032179,0.41243348218900927,0.9854897218863361,0.14118164492009969,0.8311530819334549,0.7473337461467155,5-class P4+P5
0.919,0.4574662285505659,0.9407035175879397,0.13722328104383522,0.23950870010235414,0.6749496907285146,0.5614774204493662,0.4089143954541283,0.9857315598548972,0.13722328104383522,0.8311530819334549,0.7473337461467155,5-class P4+P5
0.92,0.45582329317269077,0.9396110542476971,0.13458437179299224,0.23544498589381893,0.6740344077732122,0.5601579658239447,0.40651376402527134,0.9857315598548972,0.13458437179299224,0.8311530819334549,0.7473337461467155,5-class P4+P5
0.921,0.4552756480467324,0.9419689119170984,0.13326491716757075,0.23349601849473414,0.6751181763068627,0.5598609954640756,0.40550632724255326,0.9864570737605804,0.13326491716757075,0.8311530819334549,0.7473337461467155,5-class P4+P5
0.922,0.45363271266885724,0.9408658922914467,0.13062600791672777,0.22940267765190525,0.6741995561966775,0.5585415408386541,0.403092175930025,0.9864570737605804,0.13062600791672777,0.8311530819334549,0.7473337461467155,5-class P4+P5
0.923,0.4522635998539613,0.9408602150537635,0.12828031080486732,0.22577731905560572,0.6739010829906759,0.5574896112670044,0.4010039056262422,0.9866989117291415,0.12828031080486732,0.8311530819334549,0.7473337461467155,5-class P4+P5
0.924,0.45153340635268346,0.941304347826087,0.12696085617944583,0.22374370236403565,0.6739702289150363,0.5569508029385741,0.3998543506527679,0.9869407496977025,0.12696085617944583,0.8311530819334549,0.7473337461467155,5-class P4+P5
0.925,0.4505293902884264,0.9425414364640884,0.12505497727605924,0.22081283976184313,0.6743848362302534,0.556239701455442,0.39822539633658205,0.9874244256348247,0.12505497727605924,0.8311530819334549,0.7473337461467155,5-class P4+P5
0.926,0.4488864549105513,0.9423728813559322,0.12226946195572497,0.2164547106151051,0.6739468418297881,0.5549678627795553,0.3957115169294025,0.9876662636033857,0.12226946195572497,0.8311530819334549,0.7473337461467155,5-class P4+P5
0.927,0.44806498722161375,0.9468822170900693,0.12021697698284708,0.21334720957460648,0.6760674712804162,0.5545462152145191,0.3941252743830853,0.9888754534461911,0.12021697698284708,0.8311530819334549,0.7473337461467155,5-class P4+P5
0.928,0.44642205184373857,0.9468085106382979,0.11743146166251282,0.20894743706795357,0.6756792305911569,0.5532743765386324,0.39159200565226393,0.9891172914147521,0.11743146166251282,0.8311530819334549,0.7473337461467155,5-class P4+P5
0.929,0.44505293902884263,0.9490909090909091,0.11479255241166984,0.20481297410410673,0.6765492054091402,0.5523176788660525,0.3893124172357068,0.9898428053204353,0.11479255241166984,0.8311530819334549,0.7473337461467155,5-class P4+P5
0.93,0.4436838262139467,0.9492574257425742,0.11244685529980941,0.20107484598243544,0.6763433364424342,0.5512657492944029,0.38717188353872173,0.9900846432889964,0.11244685529980941,0.8311530819334549,0.7473337461467155,5-class P4+P5
0.931,0.44258853596202996,0.9496221662468514,0.11054097639642281,0.1980302035456336,0.6762970110903613,0.5504337288269902,0.38543882702986376,0.9903264812575574,0.11054097639642281,0.8311530819334549,0.7473337461467155,5-class P4+P5
0.932,0.44149324571011317,0.9511568123393316,0.10848849142354494,0.19476246874588762,0.6768458457452209,0.5496493243091123,0.3836245097170366,0.9908101571946796,0.10848849142354494,0.8311530819334549,0.7473337461467155,5-class P4+P5
0.933,0.4403066812705367,0.9515072083879423,0.10643600645066706,0.19145569620253164,0.6767739122485184,0.5487440008069538,0.3817412484362742,0.9910519951632406,0.10643600645066706,0.8311530819334549,0.7473337461467155,5-class P4+P5
0.934,0.43893756845564075,0.9529569892473119,0.10394370326931535,0.1874421678783873,0.6772227171070089,0.547739687184839,0.3794951133530084,0.9915356711003628,0.10394370326931535,0.8311530819334549,0.7473337461467155,5-class P4+P5
0.935,0.43747718145308506,0.9519230769230769,0.10159800615745491,0.18360047688435555,0.6763917300923558,0.5465668386289089,0.37725592318770446,0.9915356711003628,0.10159800615745491,0.8311530819334549,0.7473337461467155,5-class P4+P5
0.936,0.4360167944505294,0.952112676056338,0.09910570297610322,0.1795246315230381,0.6761832168101327,0.5454416060225136,0.37493024566903593,0.9917775090689238,0.09910570297610322,0.8311530819334549,0.7473337461467155,5-class P4+P5
0.937,0.43528660094925153,0.9528571428571428,0.09778624835068171,0.17737003058103976,0.6764090706485402,0.5449027976940832,0.3737242759395366,0.9920193470374848,0.09778624835068171,0.8311530819334549,0.7473337461467155,5-class P4+P5
0.9380000000000001,0.4335523913837167,0.9528718703976435,0.09485412696085618,0.17253333333333334,0.676056447021338,0.5435576559834511,0.37095997779628087,0.992261185006046,0.09485412696085618,0.8311530819334549,0.7473337461467155,5-class P4+P5
0.9390000000000001,0.43263964950711936,0.9548872180451128,0.09309485412696085,0.16965001335826876,0.6768897269897122,0.5429198575350644,0.3693806700646883,0.992744860943168,0.09309485412696085,0.8311530819334549,0.7473337461467155,5-class P4+P5
0.9400000000000001,0.4312705366922234,0.9552469135802469,0.09074915701510043,0.1657517739991967,0.6767891533364953,0.5418679279634148,0.36716585445788263,0.9929866989117292,0.09074915701510043,0.8311530819334549,0.7473337461467155,5-class P4+P5
0.9410000000000001,0.4295363271266886,0.9538950715421304,0.08796364169476616,0.1610738255033557,0.6757467998361373,0.5404751703032477,0.3644533835026113,0.9929866989117292,0.08796364169476616,0.8311530819334549,0.7473337461467155,5-class P4+P5
0.9420000000000001,0.42798466593647316,0.9526143790849673,0.08547133851341446,0.15686802098748823,0.674779734012708,0.5392290187125718,0.3620171308749859,0.9929866989117292,0.08547133851341446,0.8311530819334549,0.7473337461467155,5-class P4+P5
0.9430000000000001,0.4262504563709383,0.9510961214165261,0.0826858231930802,0.1521445913137308,0.6736567165029171,0.5378362610524047,0.35928377310203025,0.9929866989117292,0.0826858231930802,0.8311530819334549,0.7473337461467155,5-class P4+P5
0.9440000000000001,0.42488134355604235,0.9545454545454546,0.0800469139422372,0.14770729068037333,0.6751251926040062,0.5368795633798248,0.35686211699801434,0.9937122128174123,0.0800469139422372,0.8311530819334549,0.7473337461467155,5-class P4+P5
0.9450000000000001,0.4235122307411464,0.9582577132486388,0.07740800469139422,0.1432447097124254,0.6767261656103838,0.5359228657072449,0.3544284071258138,0.9944377267230955,0.07740800469139422,0.8311530819334549,0.7473337461467155,5-class P4+P5
0.9460000000000001,0.4218692953632713,0.9603024574669187,0.07447588330156868,0.1382312925170068,0.6774275306419661,0.5346986429808932,0.35163178415165,0.9949214026602177,0.07447588330156868,0.8311530819334549,0.7473337461467155,5-class P4+P5
0.9470000000000001,0.4201350857977364,0.9624505928853755,0.07139715584225187,0.13293298758018288,0.6781630954857499,0.5334011172197958,0.3486742414760702,0.9954050785973397,0.07139715584225187,0.8311530819334549,0.7473337461467155,5-class P4+P5
0.9480000000000001,0.41903979554581966,0.9634146341463414,0.06949127693886527,0.12963216190345958,0.678429411874394,0.5325690967523831,0.3468216977747999,0.9956469165659009,0.06949127693886527,0.8311530819334549,0.7473337461467155,5-class P4+P5
0.9490000000000001,0.4180357794815626,0.9625779625779626,0.06787861017446123,0.126814571350315,0.677804494415473,0.531762763370181,0.345200577940729,0.9956469165659009,0.06787861017446123,0.8311530819334549,0.7473337461467155,5-class P4+P5
0.9500000000000001,0.4163928441036875,0.9671772428884027,0.0647998827151444,0.12146194009343227,0.6797977842216087,0.5305861565933643,0.3422671187415364,0.9963724304715841,0.0647998827151444,0.8311530819334549,0.7473337461467155,5-class P4+P5
0.9510000000000001,0.41484118291347205,0.9659090909090909,0.0623075795337927,0.11706376532158105,0.6788465195891974,0.5293400050026884,0.3397413564168481,0.9963724304715841,0.0623075795337927,0.8311530819334549,0.7473337461467155,5-class P4+P5
0.9520000000000001,0.41338079591091637,0.964622641509434,0.05996188242193227,0.11290545203588682,0.6779056997900379,0.5281671564467582,0.33735543277460806,0.9963724304715841,0.05996188242193227,0.8311530819334549,0.7473337461467155,5-class P4+P5
0.9530000000000001,0.41228550565899963,0.9681372549019608,0.05790939744905439,0.10928205837598562,0.6794611189185572,0.5273827519288803,0.3353738494563303,0.9968561064087061,0.05790939744905439,0.8311530819334549,0.7473337461467155,5-class P4+P5
0.9540000000000001,0.4112814895947426,0.9696202531645569,0.056150124615159065,0.1061529933481153,0.6800094448286567,0.5266240344962131,0.333629027975092,0.9970979443772672,0.056150124615159065,0.8311530819334549,0.7473337461467155,5-class P4+P5
0.9550000000000001,0.409456005841548,0.968,0.05321800322533353,0.10088938299055031,0.6788303562990265,0.5251579738013004,0.3306159336806516,0.9970979443772672,0.05321800322533353,0.8311530819334549,0.7473337461467155,5-class P4+P5
0.9560000000000001,0.40872581234027017,0.9698630136986301,0.05189854859991204,0.0985249095463401,0.6796251146295058,0.5246191654728701,0.3293113478873898,0.9973397823458283,0.05189854859991204,0.8311530819334549,0.7473337461467155,5-class P4+P5
0.9570000000000001,0.4072654253377145,0.9711815561959655,0.04940624541856033,0.09402901785714286,0.6800011843568196,0.5234939328664748,0.3267893325856523,0.9975816203143894,0.04940624541856033,0.8311530819334549,0.7473337461467155,5-class P4+P5
0.9580000000000001,0.40617013508579775,0.972972972972973,0.047500366515173725,0.09057869723231758,0.6806877479003997,0.522661912399062,0.3248665270956276,0.9978234582829504,0.047500366515173725,0.8311530819334549,0.7473337461467155,5-class P4+P5
0.9590000000000001,0.4054399415845199,0.9723076923076923,0.04632751795924351,0.08844108592219424,0.6802089679674103,0.5220754881210969,0.32364625066799135,0.9978234582829504,0.04632751795924351,0.8311530819334549,0.7473337461467155,5-class P4+P5
0.96,0.40407082876962397,0.9709677419354839,0.04412842691687436,0.0844201374281307,0.6792655730154593,0.5209759425999124,0.32135221065304104,0.9978234582829504,0.04412842691687436,0.8311530819334549,0.7473337461467155,5-class P4+P5
0.961,0.40279299014238773,0.9727891156462585,0.0419293358745052,0.08039353478566409,0.6799323556096608,0.5199973160630084,0.3191046541266295,0.9980652962515115,0.0419293358745052,0.8311530819334549,0.7473337461467155,5-class P4+P5
0.962,0.401697699890471,0.9716312056737588,0.04017006304060988,0.07715049978882163,0.6791358201874509,0.5191176796460607,0.3172571325333466,0.9980652962515115,0.04017006304060988,0.8311530819334549,0.7473337461467155,5-class P4+P5
0.963,0.40096750638919315,0.9742647058823529,0.038850608415188385,0.07472155646411956,0.6803184255731495,0.5185788713176305,0.31592208466299304,0.9983071342200726,0.038850608415188385,0.8311530819334549,0.7473337461467155,5-class P4+P5
0.964,0.3999634903249361,0.9768339768339769,0.037091335581293065,0.07146892655367232,0.6814150252497453,0.5178201538849633,0.3141190371711188,0.9985489721886336,0.037091335581293065,0.8311530819334549,0.7473337461467155,5-class P4+P5
0.965,0.3991420226359985,0.983739837398374,0.03547866881688902,0.06848733550304231,0.6847270615563299,0.5172556584713224,0.3125191813924777,0.9990326481257558,0.03547866881688902,0.8311530819334549,0.7473337461467155,5-class P4+P5
0.966,0.398320554947061,0.9914163090128756,0.033866002052484974,0.06549475474907854,0.6884247450128259,0.5166911630576814,0.3109140216066028,0.9995163240628778,0.033866002052484974,0.8311530819334549,0.7473337461467155,5-class P4+P5
0.967,0.3972252646951442,0.9909502262443439,0.03210672921858965,0.06219823913660892,0.6879762775376355,0.5158115266407337,0.30904128500206374,0.9995163240628778,0.03210672921858965,0.8311530819334549,0.7473337461467155,5-class P4+P5
0.968,0.39576487769258856,0.9902439024390244,0.02976103210672922,0.05778536863079989,0.6873366289239118,0.5146386780848036,0.3065361076661993,0.9995163240628778,0.02976103210672922,0.8311530819334549,0.7473337461467155,5-class P4+P5
0.969,0.3950346841913107,0.9898477157360406,0.028588183550799003,0.055571387859789115,0.6869956117484924,0.5140522538068384,0.3052799869337887,0.9995163240628778,0.028588183550799003,0.8311530819334549,0.7473337461467155,5-class P4+P5
0.97,0.3936655713764147,0.989010989010989,0.02638909250842985,0.051406540054262456,0.6863098382961015,0.5129527082856539,0.3029183749972835,0.9995163240628778,0.02638909250842985,0.8311530819334549,0.7473337461467155,5-class P4+P5
0.971,0.39247900693683824,0.9881656804733728,0.02448321360504325,0.04778254649499285,0.6856560301875532,0.5119997688339606,0.3008648692801998,0.9995163240628778,0.02448321360504325,0.8311530819334549,0.7473337461467155,5-class P4+P5
0.972,0.3910186199342826,0.9933774834437086,0.02199091042369154,0.043029259896729774,0.6879890656459635,0.5108745362275653,0.29822145725760185,0.999758162031439,0.02199091042369154,0.8311530819334549,0.7473337461467155,5-class P4+P5
0.973,0.39001460387002557,0.9928571428571429,0.020378243659287493,0.03993679069099267,0.6875343406593406,0.5100682028453632,0.2964716392756682,0.999758162031439,0.020378243659287493,0.8311530819334549,0.7473337461467155,5-class P4+P5
0.974,0.3889193136181088,0.9921875,0.01861897082539217,0.036552021873650885,0.6869877285740672,0.5091885664284156,0.2945575052895622,0.999758162031439,0.01861897082539217,0.8311530819334549,0.7473337461467155,5-class P4+P5
0.975,0.38837166849215043,1.0,0.017592728338953232,0.0345771502665322,0.6907991878922112,0.5087963641694766,0.2934892297321573,1.0,0.017592728338953232,0.8311530819334549,0.7473337461467155,5-class P4+P5
0.976,0.3877327491785323,1.0,0.016566485852514294,0.03259301990193251,0.6906760121737526,0.5082832429262572,0.2923680815893693,1.0,0.016566485852514294,0.8311530819334549,0.7473337461467155,5-class P4+P5
0.977,0.38663745892661555,1.0,0.01480721301861897,0.029182317249349898,0.6904652233993551,0.5074036065093095,0.29044172566937143,1.0,0.01480721301861897,0.8311530819334549,0.7473337461467155,5-class P4+P5
0.978,0.38572471705001826,1.0,0.013341152323706201,0.026331018518518517,0.6902899217671422,0.5066705761618531,0.2888321759259259,1.0,0.013341152323706201,0.8311530819334549,0.7473337461467155,5-class P4+P5
0.979,0.3853596202993793,1.0,0.012754728045741093,0.025188187608569775,0.6902198914343546,0.5063773640228706,0.28818726895757735,1.0,0.012754728045741093,0.8311530819334549,0.7473337461467155,5-class P4+P5
0.98,0.3845381526104418,1.0,0.011435273420319601,0.022611972749673866,0.6900625114910829,0.5057176367101598,0.2867339488073954,1.0,0.011435273420319601,0.8311530819334549,0.7473337461467155,5-class P4+P5
0.981,0.38289521723256664,1.0,0.008796364169476616,0.017439325679407064,0.6897485315712188,0.5043981820847383,0.28381779336994106,1.0,0.008796364169476616,0.8311530819334549,0.7473337461467155,5-class P4+P5
0.982,0.3822562979189485,1.0,0.007770121683037678,0.015420424789060227,0.689626708245437,0.5038850608415189,0.2826802882024833,1.0,0.007770121683037678,0.8311530819334549,0.7473337461467155,5-class P4+P5
0.983,0.3815261044176707,1.0,0.006597273127107462,0.013108068744538305,0.68948767299056,0.5032986365635538,0.28137790782700794,1.0,0.006597273127107462,0.8311530819334549,0.7473337461467155,5-class P4+P5
0.984,0.38088718510405256,1.0,0.005571030640668524,0.0110803324099723,0.6893661842828357,0.5027855153203342,0.28023624007730397,1.0,0.005571030640668524,0.8311530819334549,0.7473337461467155,5-class P4+P5
0.985,0.3804308141657539,1.0,0.004838000293212139,0.009629413481178874,0.6892795019683238,0.5024190001466061,0.27941956794393646,1.0,0.004838000293212139,0.8311530819334549,0.7473337461467155,5-class P4+P5
0.986,0.3798831690397955,1.0,0.003958363876264477,0.007885514018691588,0.6891755878854424,0.5019791819381323,0.2784382429360585,1.0,0.003958363876264477,0.8311530819334549,0.7473337461467155,5-class P4+P5
0.987,0.37897042716319823,1.0,0.002492303181351708,0.004972214097689383,0.6890026510649968,0.5012461515906759,0.2767994943382171,1.0,0.002492303181351708,0.8311530819334549,0.7473337461467155,5-class P4+P5
0.988,0.3785140562248996,1.0,0.0017592728338953233,0.0035123664569003364,0.6889163011695907,0.5008796364169477,0.275978611771457,1.0,0.0017592728338953233,0.8311530819334549,0.7473337461467155,5-class P4+P5
0.989,0.37833150784958014,1.0,0.0014660606949127694,0.0029278290147855364,0.6888817832998355,0.5007330303474564,0.27564997643962535,1.0,0.0014660606949127694,0.8311530819334549,0.7473337461467155,5-class P4+P5
0.99,0.3782402336619204,1.0,0.0013194546254214924,0.0026354319180087846,0.6888645290947292,0.5006597273127108,0.2754855982027386,1.0,0.0013194546254214924,0.8311530819334549,0.7473337461467155,5-class P4+P5
0.991,0.3778751369112815,1.0,0.0007330303474563847,0.001464986815118664,0.6887955437859556,0.5003665151737282,0.2748276809987034,1.0,0.0007330303474563847,0.8311530819334549,0.7473337461467155,5-class P4+P5
0.992,0.3778751369112815,1.0,0.0007330303474563847,0.001464986815118664,0.6887955437859556,0.5003665151737282,0.2748276809987034,1.0,0.0007330303474563847,0.8311530819334549,0.7473337461467155,5-class P4+P5
0.993,0.37769258853596205,1.0,0.00043981820847383083,0.0008792497069167644,0.6887610700264768,0.500219909104237,0.27449847957244033,1.0,0.00043981820847383083,0.8311530819334549,0.7473337461467155,5-class P4+P5
0.994,0.37751004016064255,1.0,0.00014660606949127694,0.0002931691586045148,0.6887266088544044,0.5000733030347456,0.27416911605710215,1.0,0.00014660606949127694,0.8311530819334549,0.7473337461467155,5-class P4+P5
0.995,0.37751004016064255,1.0,0.00014660606949127694,0.0002931691586045148,0.6887266088544044,0.5000733030347456,0.27416911605710215,1.0,0.00014660606949127694,0.8311530819334549,0.7473337461467155,5-class P4+P5
0.996,0.37751004016064255,1.0,0.00014660606949127694,0.0002931691586045148,0.6887266088544044,0.5000733030347456,0.27416911605710215,1.0,0.00014660606949127694,0.8311530819334549,0.7473337461467155,5-class P4+P5
0.997,0.37741876597298285,0.0,0.0,0.0,0.18870938298649143,0.5,0.27400437346762974,1.0,0.0,0.8311530819334549,0.7473337461467155,5-class P4+P5
0.998,0.37741876597298285,0.0,0.0,0.0,0.18870938298649143,0.5,0.27400437346762974,1.0,0.0,0.8311530819334549,0.7473337461467155,5-class P4+P5
0.999,0.37741876597298285,0.0,0.0,0.0,0.18870938298649143,0.5,0.27400437346762974,1.0,0.0,0.8311530819334549,0.7473337461467155,5-class P4+P5
1.0,0.37741876597298285,0.0,0.0,0.0,0.18870938298649143,0.5,0.27400437346762974,1.0,0.0,0.8311530819334549,0.7473337461467155,5-class P4+P5
