threshold,accuracy,precision,recall,f1,macro_precision,macro_recall,macro_f1,recall_123,recall_45,auc_pr,auc_roc,method
0.0,0.6225812340270171,0.6225812340270171,1.0,0.767396073578219,0.3112906170135086,0.5,0.3836980367891095,0.0,1.0,0.8366095599173242,0.7527446978505636,rank average: binary + expected + P45
0.001,0.6225812340270171,0.6225812340270171,1.0,0.767396073578219,0.3112906170135086,0.5,0.3836980367891095,0.0,1.0,0.8366095599173242,0.7527446978505636,rank average: binary + expected + P45
0.002,0.6224899598393574,0.6225467822911912,0.9998533939305088,0.7673267326732673,0.3112733911455956,0.4999266969652544,0.38366336633663367,0.0,0.9998533939305088,0.8366095599173242,0.7527446978505636,rank average: binary + expected + P45
0.003,0.6227637824023367,0.6227173119065011,0.9998533939305088,0.7674562538682271,0.6863586559532506,0.500289453918096,0.38445293969081806,0.0007255139056831923,0.9998533939305088,0.8366095599173242,0.7527446978505636,rank average: binary + expected + P45
0.004,0.6231288791529755,0.6229448301059555,0.9998533939305088,0.7676290168270583,0.7489724150529777,0.5007731298552182,0.3855041053239805,0.0016928657799274486,0.9998533939305088,0.8366095599173242,0.7527446978505636,rank average: binary + expected + P45
0.005,0.6234027017159547,0.6231380791373481,0.9997067878610174,0.7677324926818284,0.7346459626455971,0.5011835027575946,0.3865181267652151,0.002660217654171705,0.9997067878610174,0.8366095599173242,0.7527446978505636,rank average: binary + expected + P45
0.006,0.6236765242789339,0.6233540599853694,0.9994135757220349,0.7678098777946725,0.7116770299926847,0.501641491609506,0.3877557210874686,0.0038694074969770256,0.9994135757220349,0.8366095599173242,0.7527446978505636,rank average: binary + expected + P45
0.007,0.6238590726542533,0.6235132662397073,0.9991203635830523,0.7678440651230917,0.6963720177352383,0.5019785614771368,0.38872856945171647,0.0048367593712212815,0.9991203635830523,0.8366095599173242,0.7527446978505636,rank average: binary + expected + P45
0.008,0.6244067177802117,0.6239010989010989,0.9988271514440697,0.7680514063468801,0.7008394383394383,0.5027993072818898,0.3907387216342408,0.006771463119709794,0.9988271514440697,0.8366095599173242,0.7527446978505636,rank average: binary + expected + P45
0.009000000000000001,0.6247718145308506,0.6241297178453646,0.9988271514440697,0.7682246152111406,0.7120648589226823,0.5032829832190119,0.39177697826425295,0.007738814993954051,0.9988271514440697,0.8366095599173242,0.7527446978505636,rank average: binary + expected + P45
0.01,0.625319459656809,0.6244957829116244,0.9986805453745785,0.7684584578938463,0.7184978914558122,0.50405611307423,0.393552681014817,0.0094316807738815,0.9986805453745785,0.8366095599173242,0.7527446978505636,rank average: binary + expected + P45
0.011,0.6255932822197883,0.6246904521691278,0.9985339393050873,0.768562401263823,0.7180056034430544,0.5044664859766065,0.3945486313864483,0.010399032648125755,0.9985339393050873,0.8366095599173242,0.7527446978505636,rank average: binary + expected + P45
0.012,0.6261409273457467,0.6250803268153861,0.9982407271661047,0.7687704640397426,0.7173020681695979,0.5052872317813595,0.3965338742304478,0.012333736396614269,0.9982407271661047,0.8366095599173242,0.7527446978505636,rank average: binary + expected + P45
0.013000000000000001,0.6265060240963856,0.6253559944878273,0.9979475150271221,0.7688919010504913,0.714086447948139,0.5058661396175513,0.3979980189988548,0.013784764207980653,0.9979475150271221,0.8366095599173242,0.7527446978505636,rank average: binary + expected + P45
0.014,0.6272362175976633,0.6258159418957433,0.9979475150271221,0.7692394620861114,0.7243003760111628,0.5068334914917956,0.40004450560404287,0.015719467956469165,0.9979475150271221,0.8366095599173242,0.7527446978505636,rank average: binary + expected + P45
0.015,0.6281489594742606,0.6264150943396226,0.9978009089576308,0.7696483093972634,0.7307899647522289,0.5080902972841359,0.40280806383256446,0.01837968561064087,0.9978009089576308,0.8366095599173242,0.7527446978505636,rank average: binary + expected + P45
0.016,0.6285140562248996,0.626715799170889,0.997361090749157,0.7697442860375651,0.7242489886943554,0.5087168210698627,0.40446609958157764,0.020072551390568318,0.997361090749157,0.8366095599173242,0.7527446978505636,rank average: binary + expected + P45
0.017,0.6290617013508579,0.6271327123489809,0.9969212725406832,0.769927536231884,0.7206460021921897,0.5095851828241506,0.4066210185867518,0.022249093107617895,0.9969212725406832,0.8366095599173242,0.7527446978505636,rank average: binary + expected + P45
0.018000000000000002,0.6295180722891566,0.6274690788259184,0.9966280604017006,0.7700934579439253,0.719472244330992,0.510285009644623,0.408302542925451,0.023941958887545346,0.9966280604017006,0.8366095599173242,0.7527446978505636,rank average: binary + expected + P45
0.019,0.630065717415115,0.6278403842601146,0.9964814543322094,0.7703292344307814,0.721612499822365,0.511058139499841,0.41001807559757125,0.025634824667472793,0.9964814543322094,0.8366095599173242,0.7527446978505636,rank average: binary + expected + P45
0.02,0.6308871851040526,0.6283865002311604,0.9963348482627181,0.770696303016557,0.7255407678460766,0.5121940263079008,0.41247630866449925,0.028053204353083436,0.9963348482627181,0.8366095599173242,0.7527446978505636,rank average: binary + expected + P45
0.021,0.6314348302300109,0.6288068129223364,0.9958950300542443,0.7708806173399909,0.7229001384873119,0.5130623880621886,0.41459142807298055,0.030229746070133012,0.9958950300542443,0.8366095599173242,0.7527446978505636,rank average: binary + expected + P45
0.022,0.6317999269806499,0.6291353906032805,0.9953086057762791,0.7709516238928004,0.7175979983319433,0.5137365277974503,0.4164060445045397,0.03216444981862152,0.9953086057762791,0.8366095599173242,0.7527446978505636,rank average: binary + expected + P45
0.023,0.6323475721066083,0.6294853963838665,0.9953086057762791,0.7712143587413381,0.7211754467299449,0.5144620417031335,0.4178877181537624,0.03361547762998791,0.9953086057762791,0.8366095599173242,0.7527446978505636,rank average: binary + expected + P45
0.024,0.6327126688572472,0.629815278938086,0.994722181498314,0.7712856655678072,0.7165469837313381,0.5151361814383952,0.4196863714592162,0.035550181378476424,0.994722181498314,0.8366095599173242,0.7527446978505636,rank average: binary + expected + P45
0.025,0.6332603139832056,0.6302146241754157,0.9944289693593314,0.7714968152866242,0.7166617162327855,0.5159569272431482,0.4215617163309276,0.037484885126964934,0.9944289693593314,0.8366095599173242,0.7527446978505636,rank average: binary + expected + P45
0.026000000000000002,0.6333515881708652,0.6303216211191671,0.994135757220349,0.7714887081176404,0.7141507095494826,0.5161730781264986,0.4222086974698518,0.038210399032648126,0.994135757220349,0.8366095599173242,0.7527446978505636,rank average: binary + expected + P45
0.027,0.633442862358525,0.6304287175671905,0.9938425450813664,0.7714805963354956,0.7117660829215263,0.5163892290098488,0.4228541755305878,0.03893591293833132,0.9938425450813664,0.8366095599173242,0.7527446978505636,rank average: binary + expected + P45
0.028,0.6341730558598029,0.6308980921358771,0.9938425450813664,0.7718319480815211,0.7159229797172277,0.5173565808840931,0.4248023063003096,0.04087061668681983,0.9938425450813664,0.8366095599173242,0.7527446978505636,rank average: binary + expected + P45
0.029,0.6345381526104418,0.631230783564707,0.9932561208034013,0.7719038395807224,0.7124763783294387,0.5180307206193548,0.4265668807816416,0.042805320435308346,0.9932561208034013,0.8366095599173242,0.7527446978505636,rank average: binary + expected + P45
0.03,0.635815991237678,0.6320552290325591,0.9932561208034013,0.7725199543899658,0.7189812010141698,0.5197235863992823,0.429947076920509,0.04619105199516324,0.9932561208034013,0.8366095599173242,0.7527446978505636,rank average: binary + expected + P45
0.031,0.6363636363636364,0.6324092224400262,0.9932561208034013,0.772784304779286,0.7215544054586962,0.5204491003049655,0.43138986824163017,0.047642079806529625,0.9932561208034013,0.8366095599173242,0.7527446978505636,rank average: binary + expected + P45
0.032,0.6370938298649143,0.6329563510608468,0.9928163025949275,0.7730593607305936,0.7211474362308126,0.5215593000278144,0.43388851460937694,0.05030229746070133,0.9928163025949275,0.8366095599173242,0.7527446978505636,rank average: binary + expected + P45
0.033,0.6369112814895947,0.6329374357056018,0.9922298783169623,0.7728674203494348,0.7157082615790367,0.5215079258573929,0.43418268698235724,0.05078597339782346,0.9922298783169623,0.8366095599173242,0.7527446978505636,rank average: binary + expected + P45
0.034,0.6380065717415115,0.6337236533957845,0.9917900601084885,0.7733196159122085,0.7172176985840133,0.523101801517364,0.437610894912626,0.05441354292623942,0.9917900601084885,0.8366095599173242,0.7527446978505636,rank average: binary + expected + P45
0.035,0.6382803943044907,0.6339771235702232,0.9913502419000146,0.7733745067764625,0.7152644238540771,0.5236074063188102,0.4388906432187397,0.055864570737605805,0.9913502419000146,0.8366095599173242,0.7527446978505636,rank average: binary + expected + P45
0.036000000000000004,0.6385542168674698,0.6342058354442255,0.9910570297610322,0.7734553775743707,0.71440931502851,0.5240653951707216,0.4399767862601095,0.05707376058041112,0.9910570297610322,0.8366095599173242,0.7527446978505636,rank average: binary + expected + P45
0.037,0.6388280394304491,0.6344600938967137,0.9906172115525583,0.7735103886440386,0.712654883549664,0.5245709999721679,0.44124742580141585,0.05852478839177751,0.9906172115525583,0.8366095599173242,0.7527446978505636,rank average: binary + expected + P45
0.038,0.6392844103687477,0.6347834257258291,0.990470605483067,0.7737059092991296,0.713557847048218,0.5252232108431054,0.44260835033301804,0.05997581620314389,0.990470605483067,0.8366095599173242,0.7527446978505636,rank average: binary + expected + P45
0.039,0.6398320554947061,0.6351923257782376,0.9901773933440845,0.7739200183339062,0.713880992610481,0.5260439566478584,0.4443848633616593,0.06191051995163241,0.9901773933440845,0.8366095599173242,0.7527446978505636,rank average: binary + expected + P45
0.04,0.6405622489959839,0.6356705882352941,0.9901773933440845,0.7742749054224464,0.7166268349031455,0.5270113085221027,0.446250753203834,0.06384522370012091,0.9901773933440845,0.8366095599173242,0.7527446978505636,rank average: binary + expected + P45
0.041,0.6412924424972618,0.6363036303630363,0.9892977569271367,0.7744749225295535,0.7141632111929141,0.5282643560935563,0.44920803638738044,0.06723095525997581,0.9892977569271367,0.8366095599173242,0.7527446978505636,rank average: binary + expected + P45
0.042,0.6419313618108798,0.6368013595166163,0.9888579387186629,0.7747085510825246,0.7140050753627037,0.5292536368321247,0.45136850092468084,0.06964933494558646,0.9888579387186629,0.8366095599173242,0.7527446978505636,rank average: binary + expected + P45
0.043000000000000003,0.6422964585615188,0.6371455576559546,0.9882715144406978,0.7747830584449169,0.712189800104573,0.5299277765673864,0.45300890896087564,0.07158403869407497,0.9882715144406978,0.8366095599173242,0.7527446978505636,rank average: binary + expected + P45
0.044,0.642570281124498,0.6374302204560507,0.9876850901627328,0.7748131109833237,0.7101879784450795,0.5304809973183676,0.45441230515995024,0.07327690447400242,0.9876850901627328,0.8366095599173242,0.7527446978505636,rank average: binary + expected + P45
0.045,0.6427528294998175,0.6376811594202898,0.9869520598152763,0.774772701116354,0.707311757655007,0.5309609150346031,0.4557586487496194,0.07496977025392987,0.9869520598152763,0.8366095599173242,0.7527446978505636,rank average: binary + expected + P45
0.046,0.6433917488134355,0.6381828528072838,0.9865122416068025,0.7750071983875612,0.7074409409667487,0.5319501957731715,0.4578796713292545,0.0773881499395405,0.9865122416068025,0.8366095599173242,0.7527446978505636,rank average: binary + expected + P45
0.047,0.6442132165023732,0.6387807425695565,0.9862190294678199,0.7753573075149839,0.7088021359906607,0.5331336985307661,0.4602663730557376,0.08004836759371221,0.9862190294678199,0.8366095599173242,0.7527446978505636,rank average: binary + expected + P45
0.048,0.6443957648776926,0.6389812791029175,0.9857792112593461,0.7753690036900369,0.7074814016761701,0.5335183843479319,0.46123966821979956,0.08125755743651754,0.9857792112593461,0.8366095599173242,0.7527446978505636,rank average: binary + expected + P45
0.049,0.6452172325666301,0.6395282480502188,0.9857792112593461,0.775771560426882,0.7100356172377791,0.5346066552064566,0.46326266463555155,0.08343409915356712,0.9857792112593461,0.8366095599173242,0.7527446978505636,rank average: binary + expected + P45
0.05,0.6452172325666301,0.6396344945745288,0.985192786981381,0.775668032550355,0.7075950250650422,0.5347971190045961,0.4639517916295941,0.08440145102781137,0.985192786981381,0.8366095599173242,0.7527446978505636,rank average: binary + expected + P45
0.051000000000000004,0.645947426067908,0.6401753382885458,0.9848995748423984,0.7759745885070748,0.7086158076724114,0.5358597027779102,0.4660817036509705,0.086819830713422,0.9848995748423984,0.8366095599173242,0.7527446978505636,rank average: binary + expected + P45
0.052000000000000005,0.6463125228185469,0.6404730116345604,0.984606362703416,0.776102155197319,0.7085343781577057,0.5364386106141021,0.4673127496942078,0.08827085852478839,0.984606362703416,0.8366095599173242,0.7527446978505636,rank average: binary + expected + P45
0.053,0.6463125228185469,0.6405266170578134,0.9843131505644334,0.7760503958851066,0.7073941102166704,0.5365338425131719,0.46765201503953746,0.08875453446191052,0.9843131505644334,0.8366095599173242,0.7527446978505636,rank average: binary + expected + P45
0.054,0.6462212486308871,0.6405727923627685,0.9837267262864683,0.7759019426456985,0.7049017807967689,0.5366033873270311,0.4681069505256222,0.08948004836759371,0.9837267262864683,0.8366095599173242,0.7527446978505636,rank average: binary + expected + P45
0.055,0.6474078130704637,0.6414498852333589,0.9832869080779945,0.7764079411934942,0.7067249426166795,0.5383181819712826,0.4714833664975022,0.09334945586457073,0.9832869080779945,0.8366095599173242,0.7527446978505636,rank average: binary + expected + P45
0.056,0.6474078130704637,0.641531100478469,0.9828470898695206,0.7763302646054079,0.7051529020178906,0.5384610298198873,0.471983274944376,0.09407496977025392,0.9828470898695206,0.8366095599173242,0.7527446978505636,rank average: binary + expected + P45
0.057,0.6485943775100401,0.6424120410315406,0.9824072716610468,0.7768374681196383,0.706920306230056,0.5401758244641389,0.4753286053044543,0.09794437726723096,0.9824072716610468,0.8366095599173242,0.7527446978505636,rank average: binary + expected + P45
0.058,0.6487769258853596,0.6426172886884775,0.981967453452573,0.7768499188123406,0.7059240289596234,0.5405605102813046,0.4762570073924599,0.09915356711003627,0.981967453452573,0.8366095599173242,0.7527446978505636,rank average: binary + expected + P45
0.059000000000000004,0.6496896677619569,0.6432619344923638,0.9818208473830816,0.7772748375116063,0.7078694993562736,0.5418173160736448,0.4785946837130681,0.10181378476420798,0.9818208473830816,0.8366095599173242,0.7527446978505636,rank average: binary + expected + P45
0.06,0.6501460387002556,0.643598615916955,0.9816742413135904,0.7774746008708273,0.7085746702773181,0.5424695269445824,0.47984035142751946,0.10326481257557436,0.9816742413135904,0.8366095599173242,0.7527446978505636,rank average: binary + expected + P45
0.061,0.6506024096385542,0.6440465877370295,0.980941210966134,0.7775711795467751,0.7073848458967334,0.5433122016136595,0.48172476459261343,0.105683192261185,0.980941210966134,0.8366095599173242,0.7527446978505636,rank average: binary + expected + P45
0.062,0.6508762322015335,0.644315992292871,0.9805013927576601,0.7776292076042091,0.7067066072575465,0.5438178064151058,0.4828498404822149,0.10713422007255138,0.9805013927576601,0.8366095599173242,0.7527446978505636,rank average: binary + expected + P45
0.063,0.6507849580138737,0.6443930189952752,0.9797683624102038,0.7774546300604932,0.7042477915489196,0.5439349671784998,0.48343070486075507,0.10810157194679565,0.9797683624102038,0.8366095599173242,0.7527446978505636,rank average: binary + expected + P45
0.064,0.6512413289521723,0.6447596988998263,0.9794751502712212,0.7776290519699703,0.7045347316047953,0.5446347939989722,0.4848179093641351,0.1097944377267231,0.9794751502712212,0.8366095599173242,0.7527446978505636,rank average: binary + expected + P45
0.065,0.6518802482657904,0.645223606684053,0.97932854420173,0.7779201117969023,0.7056963804564543,0.5455288428384708,0.48646955357679644,0.11172914147521161,0.97932854420173,0.8366095599173242,0.7527446978505636,rank average: binary + expected + P45
0.066,0.652336619204089,0.6456479690522243,0.9787421199237648,0.778043237573568,0.705129179331307,0.546323901558013,0.4881586425712504,0.11390568319226119,0.9787421199237648,0.8366095599173242,0.7527446978505636,rank average: binary + expected + P45
0.067,0.652336619204089,0.645760743321719,0.9781556956457997,0.7779397189995919,0.7034893460198338,0.5465143653561526,0.4887807441394261,0.11487303506650544,0.9781556956457997,0.8366095599173242,0.7527446978505636,rank average: binary + expected + P45
0.068,0.6527929901423878,0.6462433349491032,0.9772760592288521,0.7780112044817927,0.7022168312811039,0.5474046559747646,0.49076439621074563,0.11753325272067715,0.9772760592288521,0.8366095599173242,0.7527446978505636,rank average: binary + expected + P45
0.069,0.6532493610806864,0.6466705494078819,0.976689634950887,0.7781346726625007,0.701775641676418,0.5481997146943068,0.49242920728552053,0.11970979443772672,0.976689634950887,0.8366095599173242,0.7527446978505636,rank average: binary + expected + P45
0.07,0.6535231836436656,0.6469159786304031,0.9763964228119044,0.7782192100958167,0.7016728153363816,0.5486577035462182,0.4933631496684255,0.12091898428053205,0.9763964228119044,0.8366095599173242,0.7527446978505636,rank average: binary + expected + P45
0.07100000000000001,0.6537970062066447,0.6471617418351477,0.9761032106729218,0.7783038167046583,0.7015748828936218,0.5491156923981296,0.49429452754866476,0.12212817412333736,0.9761032106729218,0.8366095599173242,0.7527446978505636,rank average: binary + expected + P45
0.07200000000000001,0.654070828769624,0.6474078397043089,0.9758099985339393,0.7783884925739679,0.7014816976299323,0.549573681250041,0.49522335231609,0.12333736396614269,0.9758099985339393,0.8366095599173242,0.7527446978505636,rank average: binary + expected + P45
0.073,0.6542533771449434,0.6476487196962321,0.9752235742559742,0.7783758483501053,0.7004666956145393,0.5500059830167416,0.49624186608376636,0.12478839177750907,0.9752235742559742,0.8366095599173242,0.7527446978505636,rank average: binary + expected + P45
0.074,0.6549835706462213,0.6481824383588344,0.9750769681864829,0.7787144362486829,0.7017890609060359,0.5510209508405208,0.49805287029825446,0.12696493349455865,0.9750769681864829,0.8366095599173242,0.7527446978505636,rank average: binary + expected + P45
0.075,0.6552573932092004,0.6484878048780488,0.9744905439085179,0.7787475836213461,0.7010144406826504,0.551574171591502,0.4992684416764033,0.1286577992744861,0.9744905439085179,0.8366095599173242,0.7527446978505636,rank average: binary + expected + P45
0.076,0.6553486673968602,0.6487252124645893,0.9736109074915702,0.7786375894008676,0.6991887536592765,0.5519807862729919,0.5003612339258149,0.13035066505441353,0.9736109074915702,0.8366095599173242,0.7527446978505636,rank average: binary + expected + P45
0.077,0.6561701350857977,0.6493252493643653,0.9734643014220788,0.7790227019416907,0.7006900219424566,0.5531166730810515,0.5023582163356963,0.13276904474002418,0.9734643014220788,0.8366095599173242,0.7527446978505636,rank average: binary + expected + P45
0.078,0.6564439576487769,0.649662195241359,0.9727312710746225,0.7790301749442292,0.699662860743156,0.5537175097815676,0.5037012293335332,0.1347037484885127,0.9727312710746225,0.8366095599173242,0.7527446978505636,rank average: binary + expected + P45
0.079,0.6569916027747353,0.6501029109085563,0.97243805893564,0.7792528195488722,0.7002174581103207,0.5545382555863205,0.5052156078104426,0.13663845223700122,0.97243805893564,0.8366095599173242,0.7527446978505636,rank average: binary + expected + P45
0.08,0.6573566995253742,0.6503873688339707,0.9722914528661487,0.7794100364320131,0.7006877555632305,0.5550695474729777,0.5061741641089367,0.13784764207980654,0.9722914528661487,0.8366095599173242,0.7527446978505636,rank average: binary + expected + P45
0.081,0.6582694414019715,0.6510554737358861,0.9721448467966574,0.7798424085616841,0.7023111350521194,0.5563263532653178,0.5083476209135367,0.14050785973397822,0.9721448467966574,0.8366095599173242,0.7527446978505636,rank average: binary + expected + P45
0.082,0.6583607155896313,0.6511787819253438,0.9718516346576749,0.7798364802070467,0.7018780507564863,0.5565425041486681,0.5088349576763191,0.14123337363966143,0.9718516346576749,0.8366095599173242,0.7527446978505636,rank average: binary + expected + P45
0.083,0.6587258123402702,0.6515240904621435,0.971411816449201,0.7799423224059796,0.7017162437043543,0.5571690279343949,0.5100687023531625,0.14292623941958887,0.971411816449201,0.8366095599173242,0.7527446978505636,rank average: binary + expected + P45
0.084,0.6594560058415481,0.6520968694624926,0.9711186043102185,0.780257965722363,0.7026148507713466,0.558231611707709,0.5119615391149824,0.14534461910519952,0.9711186043102185,0.8366095599173242,0.7527446978505636,rank average: binary + expected + P45
0.085,0.6596385542168675,0.6524053627760252,0.9702389678932708,0.7801945181255526,0.7012026813880126,0.5587591453734794,0.5132021711306962,0.14727932285368803,0.9702389678932708,0.8366095599173242,0.7527446978505636,rank average: binary + expected + P45
0.08600000000000001,0.6597298284045272,0.6526201519786835,0.9695059375458144,0.7801108882859502,0.6999431258070817,0.5591181441054344,0.5140973965431365,0.1487303506650544,0.9695059375458144,0.8366095599173242,0.7527446978505636,rank average: binary + expected + P45
0.08700000000000001,0.6599123767798467,0.6528093216154833,0.9692127254068318,0.7801510502714185,0.6997460359585257,0.5594552139730652,0.5147733494709228,0.14969770253929868,0.9692127254068318,0.8366095599173242,0.7527446978505636,rank average: binary + expected + P45
0.088,0.659821102592187,0.6528656126482213,0.9686263011288667,0.7800011805678532,0.6984423757021011,0.5595247587869243,0.5151263195134579,0.15042321644498186,0.9686263011288667,0.8366095599173242,0.7527446978505636,rank average: binary + expected + P45
0.089,0.6596385542168675,0.6528574253509987,0.9680398768509016,0.7798051372896369,0.6969750309652856,0.5594733846165029,0.515279301616488,0.150906892382104,0.9680398768509016,0.8366095599173242,0.7527446978505636,rank average: binary + expected + P45
0.09,0.6599123767798467,0.6531723250519648,0.9674534525729365,0.7798392814937367,0.6964572059023013,0.5600266053674839,0.5164232494076543,0.15259975816203145,0.9674534525729365,0.8366095599173242,0.7527446978505636,rank average: binary + expected + P45
0.091,0.6600036509675064,0.6534192269573835,0.9665738161559888,0.7797291703624859,0.6950698906149504,0.5604332200489739,0.5174390702842223,0.1542926239419589,0.9665738161559888,0.8366095599173242,0.7527446978505636,rank average: binary + expected + P45
0.092,0.6600949251551661,0.6536057930760837,0.9659873918780237,0.7796710448467637,0.6942314679666133,0.5607446028313939,0.5181788357966354,0.15550181378476421,0.9659873918780237,0.8366095599173242,0.7527446978505636,rank average: binary + expected + P45
0.093,0.6600949251551661,0.653697270471464,0.9655475736695499,0.779592803030303,0.6934774661097388,0.5608874506799987,0.5185842803030303,0.1562273276904474,0.9655475736695499,0.8366095599173242,0.7527446978505636,rank average: binary + expected + P45
0.094,0.6603687477181454,0.653953118792213,0.9652543615305673,0.7796790810586772,0.6935306134501605,0.56134543953191,0.519443362946221,0.15743651753325272,0.9652543615305673,0.8366095599173242,0.7527446978505636,rank average: binary + expected + P45
0.095,0.661464037970062,0.6547950656585754,0.9649611493915848,0.7801813548272388,0.695207267342562,0.5628916992423463,0.5220613065066935,0.1608222490931076,0.9649611493915848,0.8366095599173242,0.7527446978505636,rank average: binary + expected + P45
0.096,0.6613727637824023,0.6548839988051379,0.9642281190441284,0.7800047438330171,0.6938165886687244,0.5630088600057401,0.5225301056724515,0.16178960096735187,0.9642281190441284,0.8366095599173242,0.7527446978505636,rank average: binary + expected + P45
0.097,0.6612814895947426,0.6549730914889376,0.963495088696672,0.7798279442301987,0.6924540077835144,0.5631260207691341,0.5229968275629934,0.16275695284159614,0.963495088696672,0.8366095599173242,0.7527446978505636,rank average: binary + expected + P45
0.098,0.6616465863453815,0.6553892215568863,0.9627620583492157,0.7798824297844547,0.6920108500946824,0.5638477764539307,0.5244314535039409,0.1649334945586457,0.9627620583492157,0.8366095599173242,0.7527446978505636,rank average: binary + expected + P45
0.099,0.6621942314713399,0.6559064561263243,0.9621756340712505,0.780055862601771,0.6921637543789516,0.5647637541577535,0.5261144603077684,0.16735187424425635,0.9621756340712505,0.8366095599173242,0.7527446978505636,rank average: binary + expected + P45
0.1,0.6626506024096386,0.6563907516765088,0.9614426037237942,0.7801570306923626,0.691925945786441,0.5656064288268305,0.5277255741697107,0.169770253929867,0.9614426037237942,0.8366095599173242,0.7527446978505636,rank average: binary + expected + P45
0.101,0.6626506024096386,0.6565474401362589,0.9607095733763378,0.7800261873586478,0.690837822632232,0.5658445085745051,0.5283692580628856,0.1709794437726723,0.9607095733763378,0.8366095599173242,0.7527446978505636,rank average: binary + expected + P45
0.10200000000000001,0.6630156991602775,0.6569365031597953,0.9601231490983727,0.7801072066706373,0.6906769648524407,0.5665186483097667,0.5296475119647602,0.17291414752116083,0.9601231490983727,0.8366095599173242,0.7527446978505636,rank average: binary + expected + P45
0.10300000000000001,0.6635633442862359,0.6574269358240434,0.9596833308898989,0.7803075455954226,0.691075830274384,0.5673870100640547,0.531174419466975,0.1750906892382104,0.9596833308898989,0.8366095599173242,0.7527446978505636,rank average: binary + expected + P45
0.10400000000000001,0.6639284410368748,0.6577228419254346,0.9595367248204075,0.7804674457429048,0.6915479881268964,0.5679183019507116,0.5320625166457715,0.17629987908101571,0.9595367248204075,0.8366095599173242,0.7527446978505636,rank average: binary + expected + P45
0.105,0.6642935377875137,0.6580508900734184,0.959243512681425,0.7806012884753042,0.6918092555006776,0.5684972097869035,0.5330745370115448,0.1777509068923821,0.959243512681425,0.8366095599173242,0.7527446978505636,rank average: binary + expected + P45
0.106,0.6645673603504929,0.6584407735697019,0.9583638762644774,0.7805839154576393,0.6910880910650066,0.5691456624369545,0.5343942238531659,0.1799274486094317,0.9583638762644774,0.8366095599173242,0.7527446978505636,rank average: binary + expected + P45
0.107,0.664841182913472,0.6587677725118484,0.9577774519865122,0.78061895089019,0.6907890835610253,0.5696988831879357,0.535458296473313,0.18162031438935913,0.9577774519865122,0.8366095599173242,0.7527446978505636,rank average: binary + expected + P45
0.108,0.6651150054764513,0.6590633831247477,0.9573376337780384,0.7806802558431466,0.6906958136997784,0.570204487989382,0.536394536565216,0.18307134220072552,0.9573376337780384,0.8366095599173242,0.7527446978505636,rank average: binary + expected + P45
0.109,0.6651150054764513,0.6591276252019386,0.9570444216390559,0.780627802690583,0.6903052574678894,0.5702997198884517,0.5366412581989641,0.18355501813784764,0.9570444216390559,0.8366095599173242,0.7527446978505636,rank average: binary + expected + P45
0.11,0.6657539247900693,0.6596583442838371,0.9567512095000733,0.7809022376450879,0.6910709407214106,0.5712413846774853,0.5382002531049603,0.18573155985489723,0.9567512095000733,0.8366095599173242,0.7527446978505636,rank average: binary + expected + P45
0.111,0.666210295728368,0.6600242767550071,0.9566046034305821,0.7811097144909319,0.6916943813681578,0.5718935955484228,0.5392580272742844,0.1871825876662636,0.9566046034305821,0.8366095599173242,0.7527446978505636,rank average: binary + expected + P45
0.112,0.6667579408543264,0.6606201864612891,0.9557249670136344,0.7812331475822398,0.6915233285247622,0.5729048051513154,0.5411047989490751,0.19008464328899638,0.9557249670136344,0.8366095599173242,0.7527446978505636,rank average: binary + expected + P45
0.113,0.6675794085432639,0.6613214249467168,0.9552851488051606,0.7815761065131342,0.6924014196356431,0.5741359238584449,0.5431362777697402,0.19298669891172915,0.9552851488051606,0.8366095599173242,0.7527446978505636,rank average: binary + expected + P45
0.114,0.6678532311062432,0.6616541353383458,0.9546987245271954,0.7816119546300186,0.6921376601287779,0.574689144609426,0.544168522561723,0.1946795646916566,0.9546987245271954,0.8366095599173242,0.7527446978505636,rank average: binary + expected + P45
0.115,0.6684008762322016,0.662057747051647,0.9546987245271954,0.7818934982289728,0.6930824449543949,0.5754146585151092,0.5452759593904141,0.19613059250302298,0.9546987245271954,0.8366095599173242,0.7527446978505636,rank average: binary + expected + P45
0.116,0.66894852135816,0.6626604196374007,0.9538190881102477,0.7820181501292145,0.6929295068310026,0.5764258681180018,0.5470872089542337,0.19903264812575575,0.9538190881102477,0.8366095599173242,0.7527446978505636,rank average: binary + expected + P45
0.117,0.6686746987951807,0.6626567438067081,0.9529394516933001,0.7817197835237523,0.6913981190698755,0.5763488068623694,0.5472400507925463,0.19975816203143892,0.9529394516933001,0.8366095599173242,0.7527446978505636,rank average: binary + expected + P45
0.11800000000000001,0.6691310697334794,0.6630279534788819,0.9527928456238088,0.7819286530710461,0.6919992453702901,0.577001017733307,0.5482719461233468,0.2012091898428053,0.9527928456238088,0.8366095599173242,0.7527446978505636,rank average: binary + expected + P45
0.11900000000000001,0.6693136181087989,0.663296568627451,0.9522064213458438,0.7819177752362607,0.6916139200525571,0.5774333195000078,0.5491019334758394,0.2026602176541717,0.9522064213458438,0.8366095599173242,0.7527446978505636,rank average: binary + expected + P45
0.12,0.6688572471705002,0.6632913981794006,0.9507403606509309,0.7814194481262803,0.6891520604128556,0.577304884073954,0.5493472852223422,0.20386940749697702,0.9507403606509309,0.8366095599173242,0.7527446978505636,rank average: binary + expected + P45
0.121,0.6692223439211391,0.6636633561994472,0.9503005424424571,0.7815288160115746,0.6892749077044334,0.5779314078596808,0.5504188031973726,0.20556227327690446,0.9503005424424571,0.8366095599173242,0.7527446978505636,rank average: binary + expected + P45
0.122,0.66894852135816,0.6636270491803279,0.9495675120950008,0.781255654061878,0.6880008155600636,0.5778067306545137,0.5504477482464708,0.2060459492140266,0.9495675120950008,0.8366095599173242,0.7527446978505636,rank average: binary + expected + P45
0.123,0.6692223439211391,0.6639319044200594,0.949127693886527,0.781317885590152,0.6879825497204032,0.57831233545596,0.5513331000984468,0.207496977025393,0.949127693886527,0.8366095599173242,0.7527446978505636,rank average: binary + expected + P45
0.124,0.6696787148594378,0.6644074758677346,0.9485412696085618,0.7814481550818286,0.6881150679831284,0.5791073941755022,0.5526893306700008,0.20967351874244256,0.9485412696085618,0.8366095599173242,0.7527446978505636,rank average: binary + expected + P45
0.125,0.6696787148594378,0.6646441793500617,0.9475150271221229,0.7812632215170746,0.6870298818828231,0.5794407058222464,0.5534786388934357,0.21136638452237,0.9475150271221229,0.8366095599173242,0.7527446978505636,rank average: binary + expected + P45
0.126,0.6700438116100766,0.665121549237742,0.9466353907051752,0.7812934841793212,0.6867274412855378,0.5802100774565779,0.5548674368695231,0.21378476420798065,0.9466353907051752,0.8366095599173242,0.7527446978505636,rank average: binary + expected + P45
0.127,0.6699525374224169,0.6651551066680408,0.9461955724967014,0.7811667877027354,0.6861290297905247,0.5802320063209021,0.5550228890258295,0.21426844014510277,0.9461955724967014,0.8366095599173242,0.7527446978505636,rank average: binary + expected + P45
0.128,0.6701350857977364,0.6654286598576292,0.9456091482187362,0.78115538331113,0.6858418041964314,0.5806643080876027,0.5558240792065098,0.21571946795646915,0.9456091482187362,0.8366095599173242,0.7527446978505636,rank average: binary + expected + P45
0.129,0.6699525374224169,0.6655304204111145,0.9445829057322973,0.7808750454490365,0.6845299160879101,0.5807557817657859,0.5562415892679563,0.21692865779927448,0.9445829057322973,0.8366095599173242,0.7527446978505636,rank average: binary + expected + P45
0.13,0.6698612632347573,0.6656327543424317,0.9438498753848409,0.7806948402352513,0.6836730749905305,0.5808729425291799,0.5566142590177917,0.21789600967351874,0.9438498753848409,0.8366095599173242,0.7527446978505636,rank average: binary + expected + P45
0.131,0.6705001825483753,0.6661492290179033,0.9437032693153496,0.7809997573404514,0.6845827351586036,0.5817669913686785,0.5579648749856273,0.21983071342200725,0.9437032693153496,0.8366095599173242,0.7527446978505636,rank average: binary + expected + P45
0.132,0.6710478276743337,0.6666666666666666,0.9432634511068758,0.781204468188441,0.6850574712643678,0.5826353531229663,0.5593522340942205,0.22200725513905684,0.9432634511068758,0.8366095599173242,0.7527446978505636,rank average: binary + expected + P45
0.133,0.6721431179262505,0.6675313894365467,0.9431168450373846,0.7817474784299429,0.686684572656105,0.5841339968838676,0.5615741425886421,0.22515114873035066,0.9431168450373846,0.8366095599173242,0.7527446978505636,rank average: binary + expected + P45
0.134,0.6725082146768894,0.6678782843493613,0.942823632898402,0.7818844984802431,0.6869911391603627,0.5847129047200595,0.5624911324330911,0.22660217654171705,0.942823632898402,0.8366095599173242,0.7527446978505636,rank average: binary + expected + P45
0.135,0.6726907630522089,0.6682267290691628,0.9419439964814543,0.7818203942565101,0.686462357823172,0.58524043838583,0.5634814169967722,0.22853688029020555,0.9419439964814543,0.8366095599173242,0.7527446978505636,rank average: binary + expected + P45
0.136,0.6732384081781673,0.668643979602456,0.9419439964814543,0.7821059038344492,0.6873286713157046,0.5859659522915132,0.5645297851897528,0.22998790810157194,0.9419439964814543,0.8366095599173242,0.7527446978505636,rank average: binary + expected + P45
0.137,0.6731471339905075,0.6687851635757449,0.9410643600645067,0.7818990194287107,0.6863807997554718,0.586130729004442,0.5649891965885588,0.23119709794437726,0.9410643600645067,0.8366095599173242,0.7527446978505636,rank average: binary + expected + P45
0.138,0.6736947791164659,0.6693800876643707,0.9403313297170502,0.7820520636468938,0.6865823291305841,0.5870943226577996,0.5665569811790468,0.23385731559854897,0.9403313297170502,0.8366095599173242,0.7527446978505636,rank average: binary + expected + P45
0.139,0.6742424242424242,0.6699059561128526,0.9398915115085764,0.7822585565249223,0.6870453301487784,0.5879626844120875,0.5679088471811353,0.23603385731559856,0.9398915115085764,0.8366095599173242,0.7527446978505636,rank average: binary + expected + P45
0.14,0.6744249726177437,0.6701526877222338,0.9394516933001026,0.782274308734664,0.6869414801595387,0.5883473702292532,0.568565260715677,0.23724304715840386,0.9394516933001026,0.8366095599173242,0.7527446978505636,rank average: binary + expected + P45
0.14100000000000001,0.6750638919313618,0.6707866345448832,0.9388652690221375,0.7825024437927663,0.687416028415096,0.5893842669173566,0.5701834008285621,0.23990326481257557,0.9388652690221375,0.8366095599173242,0.7527446978505636,rank average: binary + expected + P45
0.14200000000000002,0.6752464403066812,0.6712141882673943,0.9376924204662073,0.7823853211009174,0.6866932889479929,0.5900070324821968,0.5713436853616777,0.24232164449818622,0.9376924204662073,0.8366095599173242,0.7527446978505636,rank average: binary + expected + P45
0.14300000000000002,0.675337714494341,0.6714285714285714,0.9371059961882422,0.7823266629949207,0.6863410266613609,0.5903184152646168,0.5719208256636783,0.24353083434099154,0.9371059961882422,0.8366095599173242,0.7527446978505636,rank average: binary + expected + P45
0.14400000000000002,0.6755202628696605,0.6716417910447762,0.9368127840492596,0.7823691460055097,0.6863756805431925,0.5906554851322476,0.5724648312060899,0.24449818621523578,0.9368127840492596,0.8366095599173242,0.7527446978505636,rank average: binary + expected + P45
0.145,0.6756115370573202,0.6718930863937704,0.9360797537018033,0.7822837539818672,0.6859121316346003,0.5910144838642027,0.5731390137124798,0.24594921402660216,0.9360797537018033,0.8366095599173242,0.7527446978505636,rank average: binary + expected + P45
0.146,0.6759766338079591,0.67228484146213,0.9356399354933295,0.7823954885374524,0.6861082443810992,0.5916410076499296,0.574120216580266,0.24764207980652964,0.9356399354933295,0.8366095599173242,0.7527446978505636,rank average: binary + expected + P45
0.147,0.6758853596202994,0.6723956136651202,0.934906905145873,0.7822140447715424,0.6853825894412557,0.5917581684133235,0.5744492731437523,0.24860943168077387,0.934906905145873,0.8366095599173242,0.7527446978505636,rank average: binary + expected + P45
0.148,0.6759766338079591,0.6725757096127466,0.9344670869373992,0.7821818628052521,0.6851722361451157,0.5920219352462087,0.5749170803160568,0.24957678355501814,0.9344670869373992,0.8366095599173242,0.7527446978505636,rank average: binary + expected + P45
0.149,0.6759766338079591,0.6727580014788211,0.9337340565899428,0.7820481335952849,0.6845992828079129,0.5922600149938831,0.5754124025017676,0.25078597339782344,0.9337340565899428,0.8366095599173242,0.7527446978505636,rank average: binary + expected + P45
0.15,0.6767068273092369,0.6733636459765253,0.9335874505204516,0.7824057009460622,0.6855810891657144,0.5932749828176623,0.5768613524254628,0.25296251511487305,0.9335874505204516,0.8366095599173242,0.7527446978505636,rank average: binary + expected + P45
0.151,0.6770719240598758,0.6737588652482269,0.9331476323119777,0.7825178264076715,0.6857859932602963,0.5939015066033891,0.5778287218501859,0.2546553808948005,0.9331476323119777,0.8366095599173242,0.7527446978505636,rank average: binary + expected + P45
0.152,0.6771631982475356,0.6741251325556734,0.9319747837560475,0.7823518552704449,0.6850311114940884,0.5944033531839488,0.5787752917051747,0.25683192261185006,0.9319747837560475,0.8366095599173242,0.7527446978505636,rank average: binary + expected + P45
0.153,0.6770719240598758,0.674201422052425,0.9313883594780824,0.7821965033243043,0.6844588323569365,0.5944728979978078,0.5789952170820534,0.25755743651753327,0.9313883594780824,0.8366095599173242,0.7527446978505636,rank average: binary + expected + P45
0.154,0.6773457466228551,0.6746014877789586,0.930655329130626,0.7822068880537244,0.6843253234496345,0.5950737346983239,0.5799786420553783,0.25949214026602174,0.930655329130626,0.8366095599173242,0.7527446978505636,rank average: binary + expected + P45
0.155,0.6775282949981745,0.6748564135290364,0.9302155109221522,0.7822227701411576,0.6842750536113651,0.5954584205154896,0.5805998716235758,0.26070133010882707,0.9302155109221522,0.8366095599173242,0.7527446978505636,rank average: binary + expected + P45
0.156,0.677710843373494,0.675149063032368,0.9296290866441871,0.7822118053413927,0.6841218460941891,0.5958907222821903,0.5813147112336021,0.2621523579201935,0.9296290866441871,0.8366095599173242,0.7527446978505636,rank average: binary + expected + P45
0.157,0.6779846659364732,0.6755517645804456,0.9288960562967307,0.7822222222222223,0.6840028956066464,0.5964915589827063,0.5822875816993465,0.264087061668682,0.9288960562967307,0.8366095599173242,0.7527446978505636,rank average: binary + expected + P45
0.158,0.6781672143117926,0.675770831110637,0.9286028441577482,0.7822650364332469,0.6840635583222168,0.5968286288503373,0.5828079291994845,0.26505441354292625,0.9286028441577482,0.8366095599173242,0.7527446978505636,rank average: binary + expected + P45
0.159,0.6786235852500913,0.6763574176998718,0.9277232077408004,0.7823453050627434,0.684116208849936,0.5977189194689492,0.5841979358792356,0.26771463119709793,0.9277232077408004,0.8366095599173242,0.7527446978505636,rank average: binary + expected + P45
0.16,0.6790799561883899,0.6767946934845405,0.9274299956018179,0.7825333993072736,0.6845750968976463,0.5984187462894217,0.5852082038319097,0.2694074969770254,0.9274299956018179,0.8366095599173242,0.7527446978505636,rank average: binary + expected + P45
0.161,0.6789886820007301,0.6768736616702355,0.9268435713238528,0.7823773281356352,0.6840432664786822,0.5984882911032807,0.5854157550085236,0.2701330108827086,0.9268435713238528,0.8366095599173242,0.7527446978505636,rank average: binary + expected + P45
0.162,0.6795363271266885,0.6774228130360206,0.9264037531153789,0.7825871570995108,0.6845345023411061,0.5993566528575686,0.5866779269793927,0.27230955259975814,0.9264037531153789,0.8366095599173242,0.7527446978505636,rank average: binary + expected + P45
0.163,0.6798101496896678,0.677755123940337,0.9259639349069051,0.7826517967781909,0.6846319908034,0.5998622576590148,0.5874450945082915,0.27376058041112455,0.9259639349069051,0.8366095599173242,0.7527446978505636,rank average: binary + expected + P45
0.164,0.6802665206279664,0.6781954887218045,0.9256707227679226,0.7828404934597979,0.6850880238262729,0.6005620844794873,0.5884449829347078,0.275453446191052,0.9256707227679226,0.8366095599173242,0.7527446978505636,rank average: binary + expected + P45
0.165,0.6804490690032858,0.678494623655914,0.9250842984899574,0.7828298492649339,0.6849598722144303,0.600994386246188,0.5891355255649484,0.27690447400241835,0.9250842984899574,0.8366095599173242,0.7527446978505636,rank average: binary + expected + P45
0.166,0.6805403431909456,0.678759823447088,0.9243512681425011,0.7827436374922409,0.684610865532782,0.601353384978143,0.5897516877568064,0.27835550181378477,0.9243512681425011,0.8366095599173242,0.7527446978505636,rank average: binary + expected + P45
0.167,0.6809967141292442,0.6792412157792628,0.9239114499340273,0.7829057705447543,0.6849722169480342,0.6021008277481503,0.5908335837069204,0.2802902055622733,0.9239114499340273,0.8366095599173242,0.7527446978505636,rank average: binary + expected + P45
0.168,0.6809967141292442,0.6793572044866264,0.9234716317255535,0.7828248306717206,0.6846904787278738,0.602243675596755,0.5911030838356025,0.28101571946795645,0.9234716317255535,0.8366095599173242,0.7527446978505636,rank average: binary + expected + P45
0.169,0.681087988316904,0.679740680713128,0.9222987831696232,0.7826573774570789,0.6840796290102971,0.6027455221773146,0.5919798196401227,0.28319226118500607,0.9222987831696232,0.8366095599173242,0.7527446978505636,rank average: binary + expected + P45
0.17,0.6811792625045637,0.6800476087426964,0.9214191467526756,0.7825437340471892,0.6836644111391428,0.6031521368588045,0.5926738160747145,0.2848851269649335,0.9214191467526756,0.8366095599173242,0.7527446978505636,rank average: binary + expected + P45
0.171,0.6812705366922235,0.6802772663273042,0.9208327224747105,0.7824841161081351,0.6834352089036405,0.6034635196412247,0.5931881147287005,0.28609431680773884,0.9208327224747105,0.8366095599173242,0.7527446978505636,rank average: binary + expected + P45
0.17200000000000001,0.6811792625045637,0.6803989592367736,0.9200996921272541,0.7822997818635089,0.6828669161079942,0.6035806804046185,0.5934679410425436,0.2870616686819831,0.9200996921272541,0.8366095599173242,0.7527446978505636,rank average: binary + expected + P45
0.17300000000000001,0.6814530850675429,0.680737927292458,0.9196598739187802,0.7823646794711898,0.682988148023024,0.6040862852060649,0.5942116113489373,0.28851269649334943,0.9196598739187802,0.8366095599173242,0.7527446978505636,rank average: binary + expected + P45
0.17400000000000002,0.6815443592552026,0.6808903365906623,0.9193666617797976,0.7823591790905121,0.6829423046069005,0.6043024360894151,0.5945463639033584,0.28923821039903264,0.9193666617797976,0.8366095599173242,0.7527446978505636,rank average: binary + expected + P45
0.17500000000000002,0.6819094560058415,0.6813437703848663,0.9187802375018326,0.7824458455583994,0.6831064699478371,0.6049765758246769,0.5955331213198412,0.29117291414752117,0.9187802375018326,0.8366095599173242,0.7527446978505636,rank average: binary + expected + P45
0.176,0.6819094560058415,0.6815806662312214,0.9179006010848849,0.7822827512963079,0.6825982427201305,0.6052622715218863,0.5960524679428194,0.2926239419588875,0.9179006010848849,0.8366095599173242,0.7527446978505636,rank average: binary + expected + P45
0.177,0.6822745527564804,0.6819965126416739,0.9174607828764111,0.782396699381134,0.6828521889051067,0.6058887953076131,0.5969464477463573,0.29431680773881497,0.9174607828764111,0.8366095599173242,0.7527446978505636,rank average: binary + expected + P45
0.178,0.6822745527564804,0.6821553228621291,0.916874358598446,0.7822878228782287,0.6825206144511988,0.6060792591057527,0.5972894457967034,0.29528415961305926,0.916874358598446,0.8366095599173242,0.7527446978505636,rank average: binary + expected + P45
0.179,0.6821832785688208,0.6824789594491201,0.9154082979035332,0.7819661865998747,0.6815825898518428,0.6064344996168209,0.5979841030609606,0.2974607013301088,0.9154082979035332,0.8366095599173242,0.7527446978505636,rank average: binary + expected + P45
0.18,0.6819094560058415,0.6825744308231173,0.914235449347603,0.7816005514821082,0.6805729296972729,0.6064526702602586,0.5981890246915159,0.29866989117291415,0.914235449347603,0.8366095599173242,0.7527446978505636,rank average: binary + expected + P45
0.181,0.6820007301935013,0.6829696238622656,0.9130626007916728,0.7814303638644918,0.6800803481314595,0.6069545168408182,0.5990206072503973,0.3008464328899637,0.9130626007916728,0.8366095599173242,0.7527446978505636,rank average: binary + expected + P45
0.182,0.6826396495071194,0.6836151987700417,0.912622782583199,0.7816914673196459,0.6807265183039397,0.6079437975793867,0.6003695431836324,0.30326481257557436,0.912622782583199,0.8366095599173242,0.7527446978505636,rank average: binary + expected + P45
0.183,0.6827309236947792,0.6838922484881803,0.9118897522357425,0.7816034179442071,0.6804737975380182,0.6083027963113417,0.6009418023677006,0.3047158403869408,0.9118897522357425,0.8366095599173242,0.7527446978505636,rank average: binary + expected + P45
0.184,0.6832785688207375,0.6843842852426544,0.9117431461662513,0.7818707568518984,0.6811434534827504,0.6090759261665597,0.6019613611041638,0.3064087061668682,0.9117431461662513,0.8366095599173242,0.7527446978505636,rank average: binary + expected + P45
0.185,0.6839174881343556,0.6850341635441922,0.9113033279577775,0.782132746146587,0.6817838192853798,0.6100652069051282,0.6032983823802571,0.30882708585247887,0.9113033279577775,0.8366095599173242,0.7527446978505636,rank average: binary + expected + P45
0.186,0.6838262139466958,0.6851218705194662,0.9107169036798124,0.7819738167170192,0.6813645350479809,0.6101347517189872,0.6034703080929054,0.309552599758162,0.9107169036798124,0.8366095599173242,0.7527446978505636,rank average: binary + expected + P45
0.187,0.6831872946330778,0.6850011044842059,0.9092508429848996,0.7813543307086614,0.6797771032410515,0.6097644783243724,0.6031999415676818,0.3102781136638452,0.9092508429848996,0.8366095599173242,0.7527446978505636,rank average: binary + expected + P45
0.188,0.6837349397590361,0.6854963519787751,0.9091042369154083,0.7816222348269994,0.6804445110679216,0.6105376081795905,0.6042106211355841,0.31197097944377267,0.9091042369154083,0.8366095599173242,0.7527446978505636,rank average: binary + expected + P45
0.189,0.6841913106973347,0.6859988931931378,0.9086644187069345,0.7817860746720484,0.6808443190588281,0.6112850509495978,0.6052259303347032,0.3139056831922612,0.9086644187069345,0.8366095599173242,0.7527446978505636,rank average: binary + expected + P45
0.19,0.6845564074479737,0.6864679153274964,0.9080779944289693,0.7818732643271901,0.6810508226404683,0.6119591906848595,0.6061640547080908,0.3158403869407497,0.9080779944289693,0.8366095599173242,0.7527446978505636,rank average: binary + expected + P45
0.191,0.6845564074479737,0.6865506153675573,0.9077847822899868,0.7818181818181819,0.6809108265273511,0.6120544225839293,0.6063241106719368,0.31632406287787185,0.9077847822899868,0.8366095599173242,0.7527446978505636,rank average: binary + expected + P45
0.192,0.6841000365096751,0.6865837405597512,0.906318721595074,0.7812954186413902,0.679613591591351,0.6119259871578756,0.6063533114235372,0.3175332527206772,0.906318721595074,0.8366095599173242,0.7527446978505636,rank average: binary + expected + P45
0.193,0.6846476816356335,0.6872913420876919,0.9054390851781263,0.7814259505282469,0.6799400872875008,0.6129371967607682,0.6077481922993405,0.32043530834340994,0.9054390851781263,0.8366095599173242,0.7527446978505636,rank average: binary + expected + P45
0.194,0.6849215041986126,0.6877298562353727,0.90470605483067,0.7814359883500064,0.6799718368418417,0.6135380334612842,0.6085996548484258,0.3223700120918984,0.90470605483067,0.8366095599173242,0.7527446978505636,rank average: binary + expected + P45
0.195,0.6849215041986126,0.6880652004019203,0.9035332062747398,0.7812143490936747,0.6794503090553874,0.6139189610575634,0.6092247161184057,0.32430471584038695,0.9035332062747398,0.8366095599173242,0.7527446978505636,rank average: binary + expected + P45
0.196,0.6846476816356335,0.6881287726358148,0.9025069637883009,0.7808714403500983,0.6786415007457681,0.613889515751466,0.6093128560578807,0.3252720677146312,0.9025069637883009,0.8366095599173242,0.7527446978505636,rank average: binary + expected + P45
0.197,0.6847389558232931,0.6883741747790086,0.9019205395103357,0.7808097474298769,0.678511010123531,0.614200898533886,0.6097743894770444,0.3264812575574365,0.9019205395103357,0.8366095599173242,0.7527446978505636,rank average: binary + expected + P45
0.198,0.6857429718875502,0.6893497757847533,0.9014807213018619,0.7812718378756115,0.6796454183442431,0.6156738552095766,0.6116697870304973,0.3298669891172914,0.9014807213018619,0.8366095599173242,0.7527446978505636,rank average: binary + expected + P45
0.199,0.6858342460752099,0.6897248736664795,0.900454478815423,0.781126796388147,0.6793334265943318,0.6161280858406014,0.6123545394808501,0.33180169286577993,0.900454478815423,0.8366095599173242,0.7527446978505636,rank average: binary + expected + P45
0.2,0.6863818912011683,0.6902754356379989,0.9001612666764404,0.7813693051667091,0.6799266552280242,0.6169488316453544,0.6134089908661177,0.33373639661426846,0.9001612666764404,0.8366095599173242,0.7527446978505636,rank average: binary + expected + P45
0.201,0.6870208105147865,0.6909479846881333,0.8997214484679665,0.7816340826593644,0.6805752459602672,0.6179381123839228,0.6146856192005149,0.33615477629987905,0.8997214484679665,0.8366095599173242,0.7527446978505636,rank average: binary + expected + P45
0.202,0.6872946330777656,0.691397000789266,0.8989884181205102,0.7816443594646272,0.6806290226754188,0.6185389490844388,0.6155087756821689,0.3380894800483676,0.8989884181205102,0.8366095599173242,0.7527446978505636,rank average: binary + expected + P45
0.203,0.6872033588901059,0.6915349887133183,0.8982553877730538,0.7814552643326318,0.6802140592421553,0.6186561098478328,0.615731644363395,0.3390568319226118,0.8982553877730538,0.8366095599173242,0.7527446978505636,rank average: binary + expected + P45
0.20400000000000001,0.6877510040160643,0.6922641936213526,0.8973757513561061,0.7815871799782927,0.6805691829033915,0.6196673194507254,0.6170697941818172,0.3419588875453446,0.8973757513561061,0.8366095599173242,0.7527446978505636,rank average: binary + expected + P45
0.20500000000000002,0.6879335523913838,0.6925951086956522,0.8967893270781411,0.7815754168529995,0.6805725072668468,0.620099621217426,0.6176610108709797,0.343409915356711,0.8967893270781411,0.8366095599173242,0.7527446978505636,rank average: binary + expected + P45
0.20600000000000002,0.687842278203724,0.6928223154552671,0.8957630845917021,0.7813299232736572,0.6800564548731647,0.6203120138798897,0.6180246555143797,0.34486094316807736,0.8957630845917021,0.8366095599173242,0.7527446978505636,rank average: binary + expected + P45
0.20700000000000002,0.6872033588901059,0.6926657584014533,0.8944436299662806,0.7807281335977989,0.6787351138375981,0.6198941245357401,0.6176440286005865,0.34534461910519954,0.8944436299662806,0.8366095599173242,0.7527446978505636,rank average: binary + expected + P45
0.20800000000000002,0.6876597298284045,0.6931908605206321,0.8940038117578067,0.7808938404405174,0.679156801265411,0.6206415673057474,0.6186007174874973,0.347279322853688,0.8940038117578067,0.8366095599173242,0.7527446978505636,rank average: binary + expected + P45
0.209,0.6880248265790434,0.6936824132043256,0.8934173874798417,0.7809816737152377,0.6794068445570223,0.6213157070410091,0.6194791020019259,0.34921402660217654,0.8934173874798417,0.8366095599173242,0.7527446978505636,rank average: binary + expected + P45
0.21,0.6890288426433004,0.6947296372347707,0.8928309632018766,0.7814204144479374,0.6804698414484356,0.6228362796662346,0.621382143982862,0.3528415961305925,0.8928309632018766,0.8366095599173242,0.7527446978505636,rank average: binary + expected + P45
0.211,0.6890288426433004,0.6951303155006858,0.8915115085764551,0.7811677050549168,0.679992693982227,0.6232648232120486,0.6220200814412216,0.3550181378476421,0.8915115085764551,0.8366095599173242,0.7527446978505636,rank average: binary + expected + P45
0.212,0.6890288426433004,0.6955774518790101,0.8900454478815423,0.7808862306257637,0.6794763381477635,0.6237409827073975,0.6227234862071142,0.35743651753325273,0.8900454478815423,0.8366095599173242,0.7527446978505636,rank average: binary + expected + P45
0.213,0.6893939393939394,0.6959412978674616,0.889898841812051,0.7810589976195071,0.6798864949498453,0.6242722745940545,0.6233760995320019,0.35864570737605805,0.889898841812051,0.8366095599173242,0.7527446978505636,rank average: binary + expected + P45
0.214,0.68921139101862,0.6961865380197565,0.8885793871866295,0.7807045791202422,0.6792043801209894,0.6244589801713075,0.6237117257386645,0.3603385731559855,0.8885793871866295,0.8366095599173242,0.7527446978505636,rank average: binary + expected + P45
0.215,0.6894852135815991,0.6965168410162088,0.888286175047647,0.780798969072165,0.6794502680933946,0.6249169690232189,0.6242855921706256,0.3615477629987908,0.888286175047647,0.8366095599173242,0.7527446978505636,rank average: binary + expected + P45
0.216,0.6889375684556407,0.6964429607459423,0.8869667204222255,0.7802424555068351,0.6783228466136058,0.6246199986633497,0.6240375300644732,0.36227327690447403,0.8869667204222255,0.8366095599173242,0.7527446978505636,rank average: binary + expected + P45
0.217,0.688846294267981,0.6966343937298294,0.8860870840052778,0.7800219397302703,0.6779224600228094,0.6247847753762785,0.6243055918448701,0.3634824667472793,0.8860870840052778,0.8366095599173242,0.7527446978505636,rank average: binary + expected + P45
0.218,0.6890288426433004,0.6969766905146549,0.8855006597273127,0.7800090398398657,0.6779643277900785,0.6252170771429792,0.6248683331495049,0.3649334945586457,0.8855006597273127,0.8366095599173242,0.7527446978505636,rank average: binary + expected + P45
0.219,0.6893026652062797,0.6974003466204506,0.8849142354493476,0.7800465236495219,0.6781221637491649,0.6257702978939603,0.6255732928999629,0.36662636033857315,0.8849142354493476,0.8366095599173242,0.7527446978505636,rank average: binary + expected + P45
0.22,0.68921139101862,0.6975479990747167,0.8841812051018912,0.7798538824594298,0.6777783285416874,0.6258874586573543,0.6257686790109407,0.3675937122128174,0.8841812051018912,0.8366095599173242,0.7527446978505636,rank average: binary + expected + P45
0.221,0.6894852135815991,0.697881699270749,0.8838879929629087,0.7799482535575679,0.6780301892987323,0.6263454475092657,0.6263349451296829,0.3688029020556227,0.8838879929629087,0.8366095599173242,0.7527446978505636,rank average: binary + expected + P45
0.222,0.690215407082877,0.6986666666666667,0.8834481747544348,0.7802667357244594,0.6788056628056628,0.6274556472321147,0.6276836307759321,0.37146311970979445,0.8834481747544348,0.8366095599173242,0.7527446978505636,rank average: binary + expected + P45
0.223,0.6901241328952172,0.6988623171581146,0.8825685383374872,0.780045351473923,0.6784234728403724,0.6276204239450435,0.6279414653000308,0.3726723095525998,0.8825685383374872,0.8366095599173242,0.7527446978505636,rank average: binary + expected + P45
0.224,0.6904892296458561,0.6994649918585718,0.8816889019205395,0.7800765289577793,0.6786129030539678,0.6283897955793749,0.6289108965441907,0.3750906892382104,0.8816889019205395,0.8366095599173242,0.7527446978505636,rank average: binary + expected + P45
0.225,0.6911281489594743,0.7001747233546884,0.8812490837120657,0.7803453200051927,0.6792733591467663,0.6293790763179433,0.6301050301224858,0.377509068923821,0.8812490837120657,0.8366095599173242,0.7527446978505636,rank average: binary + expected + P45
0.226,0.6911281489594743,0.7004081632653061,0.8805160533646093,0.7802026500389712,0.6790575045641944,0.6296171560656179,0.6304328167321928,0.37871825876662635,0.8805160533646093,0.8366095599173242,0.7527446978505636,rank average: binary + expected + P45
0.227,0.6915845198977729,0.7010514018691589,0.8797830230171529,0.7803133736428061,0.6794071700497715,0.6304598307346949,0.6314673590002424,0.381136638452237,0.8797830230171529,0.8366095599173242,0.7527446978505636,rank average: binary + expected + P45
0.228,0.6917670682730924,0.7013093289689034,0.8794898108781704,0.7803577235772358,0.6795472539931944,0.6307969006023257,0.6318799479137518,0.38210399032648124,0.8794898108781704,0.8366095599173242,0.7527446978505636,rank average: binary + expected + P45
0.229,0.6921321650237313,0.7017790262172284,0.8790499926696965,0.7804751057598438,0.6798696126111018,0.6314234243880525,0.632638652620261,0.3837968561064087,0.8790499926696965,0.8366095599173242,0.7527446978505636,rank average: binary + expected + P45
0.23,0.6918583424607521,0.7018160515524312,0.8781703562527489,0.7801510810106799,0.6792847296176034,0.6313463631324203,0.6326014709507335,0.3845223700120919,0.8781703562527489,0.8366095599173242,0.7527446978505636,rank average: binary + expected + P45
0.231,0.6917670682730924,0.7019230769230769,0.8775839319747838,0.7799856668186853,0.6790093144088202,0.6314159079462794,0.6327171972673344,0.3852478839177751,0.8775839319747838,0.8366095599173242,0.7527446978505636,rank average: binary + expected + P45
0.232,0.6921321650237313,0.7023474178403756,0.8772907198358012,0.7801316732937879,0.6793756793635375,0.6319948157824713,0.6334077937310516,0.38669891172914145,0.8772907198358012,0.8366095599173242,0.7527446978505636,rank average: binary + expected + P45
0.233,0.6919496166484118,0.7024676850763807,0.8764110834188535,0.7798578044485031,0.6789116839118616,0.6320386735111196,0.6335089052633034,0.38766626360338574,0.8764110834188535,0.8366095599173242,0.7527446978505636,rank average: binary + expected + P45
0.234,0.6918583424607521,0.7026709024591128,0.8755314470019059,0.7796344647519582,0.6785637784578836,0.6322034502240484,0.6337492712109305,0.38887545344619107,0.8755314470019059,0.8366095599173242,0.7527446978505636,rank average: binary + expected + P45
0.23500000000000001,0.6924059875867105,0.7032630462952055,0.8752382348629233,0.7798824297844547,0.6791548308087296,0.6330241960288014,0.634715525707132,0.39081015719467954,0.8752382348629233,0.8366095599173242,0.7527446978505636,rank average: binary + expected + P45
0.23600000000000002,0.69258853596203,0.703716814159292,0.8743585984459756,0.7798117154811716,0.6791457911989527,0.6335517296945719,0.6353713958300659,0.3927448609431681,0.8743585984459756,0.8366095599173242,0.7527446978505636,rank average: binary + expected + P45
0.23700000000000002,0.6931361810879884,0.7043601559730592,0.8739187802375018,0.7800314053912588,0.6796971257201838,0.6344200914488597,0.6363947008851285,0.39492140266021764,0.8739187802375018,0.8366095599173242,0.7527446978505636,rank average: binary + expected + P45
0.23800000000000002,0.6927710843373494,0.7043169722057954,0.8730391438205541,0.7796543597800472,0.679027738401978,0.634222111208947,0.6362105433619947,0.3954050785973398,0.8730391438205541,0.8366095599173242,0.7527446978505636,rank average: binary + expected + P45
0.23900000000000002,0.6927710843373494,0.7046558464636892,0.8720129013341152,0.7794522343074303,0.6787692751205125,0.6345554228556912,0.6366434103867978,0.39709794437726725,0.8720129013341152,0.8366095599173242,0.7527446978505636,rank average: binary + expected + P45
0.24,0.6927710843373494,0.7048985885422844,0.8712798709866588,0.7793076317859953,0.6785879081325283,0.6347935026033658,0.636951113190295,0.3983071342200726,0.8712798709866588,0.8366095599173242,0.7527446978505636,rank average: binary + expected + P45
0.241,0.6930449069003286,0.7055397051830719,0.8701070224307287,0.779229304798792,0.6786346324657497,0.6355371871524864,0.6378554070033786,0.40096735187424426,0.8701070224307287,0.8366095599173242,0.7527446978505636,rank average: binary + expected + P45
0.242,0.6935012778386273,0.7061554947017502,0.8695205981527635,0.7793692509855453,0.6790456785202141,0.6363322458720286,0.6387880325459705,0.4031438935912938,0.8695205981527635,0.8366095599173242,0.7527446978505636,rank average: binary + expected + P45
0.243,0.6943227455275648,0.706962327134001,0.8693739920832723,0.7798014333618253,0.6799998551557855,0.6374681326800884,0.6400872003449436,0.4055622732769045,0.8693739920832723,0.8366095599173242,0.7527446978505636,rank average: binary + expected + P45
0.244,0.6947791164658634,0.7075325295451832,0.8689341738747984,0.7799710488222135,0.6804432713642938,0.6382155754500958,0.6409536507143536,0.407496977025393,0.8689341738747984,0.8366095599173242,0.7527446978505636,rank average: binary + expected + P45
0.245,0.6951442132165023,0.7079698888756124,0.8686409617358158,0.7801184990125082,0.6808113843295727,0.6387944832862876,0.6416212846148528,0.40894800483675936,0.8686409617358158,0.8366095599173242,0.7527446978505636,rank average: binary + expected + P45
0.246,0.6949616648411829,0.7080492764023442,0.8679079313883595,0.7798708997497036,0.6804215553495343,0.638790725065401,0.6416442165910479,0.40967351874244257,0.8679079313883595,0.8366095599173242,0.7527446978505636,rank average: binary + expected + P45
0.247,0.6949616648411829,0.7084481725584182,0.8667350828324293,0.7796386654358434,0.6801528492052911,0.6391716526616802,0.6421169905892529,0.4116082224909311,0.8667350828324293,0.8366095599173242,0.7527446978505636,rank average: binary + expected + P45
0.248,0.6947791164658634,0.7086784299603889,0.865562234276499,0.7793030623020063,0.6796725483135277,0.6393107422893982,0.6423142530444943,0.41305925030229745,0.865562234276499,0.8366095599173242,0.7527446978505636,rank average: binary + expected + P45
0.249,0.6943227455275648,0.7087542087542088,0.8640961735815863,0.7787540463764286,0.6788089225589226,0.6391823068633445,0.6422183516014984,0.4142684401451028,0.8640961735815863,0.8366095599173242,0.7527446978505636,rank average: binary + expected + P45
0.25,0.6943227455275648,0.7090055381651817,0.8633631432341299,0.7786077874000132,0.6786537124788172,0.639420386611019,0.6425094942895424,0.4154776299879081,0.8633631432341299,0.8366095599173242,0.7527446978505636,rank average: binary + expected + P45
0.251,0.694231471339905,0.7090711962414167,0.862923325025656,0.7784684565533659,0.6784527355971679,0.6394423154753431,0.6425479248893486,0.4159613059250302,0.862923325025656,0.8366095599173242,0.7527446978505636,rank average: binary + expected + P45
0.252,0.694596568090544,0.7095140479922827,0.8626301128866735,0.7786158528516607,0.6788276210671139,0.640021223311535,0.6432061317803464,0.41741233373639663,0.8626301128866735,0.8366095599173242,0.7527446978505636,rank average: binary + expected + P45
0.253,0.6943227455275648,0.7096618357487923,0.8614572643307433,0.7782266075094365,0.6782614111479388,0.6400393939549727,0.6432610060010844,0.41862152357920196,0.8614572643307433,0.8366095599173242,0.7527446978505636,rank average: binary + expected + P45
0.254,0.694231471339905,0.709880275728625,0.8605776279137957,0.777998674618953,0.6779769819283243,0.6402041706679015,0.6434701669781954,0.41983071342200723,0.8605776279137957,0.8366095599173242,0.7527446978505636,rank average: binary + expected + P45
0.255,0.6940489229645856,0.7099116543628222,0.8599912036358305,0.7777777777777778,0.6776442787224435,0.6401527964974799,0.6434290177699669,0.4203143893591294,0.8599912036358305,0.8366095599173242,0.7527446978505636,rank average: binary + expected + P45
0.256,0.6948703906535232,0.7108901285471744,0.8594047793578654,0.7781243777792527,0.6785077949008935,0.6414315311541443,0.6448693473994875,0.4234582829504232,0.8594047793578654,0.8366095599173242,0.7527446978505636,rank average: binary + expected + P45
0.257,0.6948703906535232,0.7110949259529011,0.8588183550799003,0.7780065077362375,0.6783951450956558,0.6416219949522839,0.6450954762524759,0.4244256348246675,0.8588183550799003,0.8366095599173242,0.7527446978505636,rank average: binary + expected + P45
0.258,0.6949616648411829,0.711437948219278,0.8580853247324439,0.7779106858054227,0.6783646318597306,0.6419809936842389,0.6455112869586555,0.42587666263603385,0.8580853247324439,0.8366095599173242,0.7527446978505636,rank average: binary + expected + P45
0.259,0.6953267615918218,0.7120418848167539,0.8573522943849875,0.7779699348144207,0.6786603882705716,0.6427027493690355,0.6463272180614703,0.4280532043530834,0.8573522943849875,0.8366095599173242,0.7527446978505636,rank average: binary + expected + P45
0.26,0.6954180357794816,0.7125427037579307,0.8561794458290574,0.7777851767996271,0.6785539605746176,0.6432045959495952,0.6469056413367243,0.43022974607013303,0.8561794458290574,0.8366095599173242,0.7527446978505636,rank average: binary + expected + P45
0.261,0.6957831325301205,0.7130987292277615,0.8555930215510922,0.7778740419860046,0.6788798119443281,0.6438787356848569,0.6476600555955794,0.4321644498186215,0.8555930215510922,0.8366095599173242,0.7527446978505636,rank average: binary + expected + P45
0.262,0.6960569550930996,0.7136736442649039,0.8547133851341445,0.7778519012675117,0.6790470840628431,0.6445271883349077,0.6483885337022331,0.4343409915356711,0.8547133851341445,0.8366095599173242,0.7527446978505636,rank average: binary + expected + P45
0.263,0.6958744067177802,0.7137081955163542,0.8541269608561795,0.7776294714361986,0.6787302166267772,0.6444758141644864,0.6483412946095544,0.43482466747279325,0.8541269608561795,0.8366095599173242,0.7527446978505636,rank average: binary + expected + P45
0.264,0.6960569550930996,0.7139879857790854,0.8538337487171969,0.7776739217519028,0.6788946717034048,0.6448128840321172,0.6487158186780858,0.4357920193470375,0.8538337487171969,0.8366095599173242,0.7527446978505636,rank average: binary + expected + P45
0.265,0.6962395034684191,0.7144260282381829,0.8531007183697406,0.7776292930642791,0.6789846256452388,0.6452928017483528,0.6492523084958597,0.43748488512696493,0.8531007183697406,0.8366095599173242,0.7527446978505636,rank average: binary + expected + P45
0.266,0.6965133260313984,0.7152179266190594,0.8516346576748277,0.7774877869236432,0.6790627388917456,0.6461317181965432,0.6501874291197351,0.4406287787182588,0.8516346576748277,0.8366095599173242,0.7527446978505636,rank average: binary + expected + P45
0.267,0.6964220518437386,0.7155012948575656,0.8506084151883888,0.7772270596115204,0.6787903383314875,0.646344110859007,0.6504296283448607,0.44207980652962514,0.8506084151883888,0.8366095599173242,0.7527446978505636,rank average: binary + expected + P45
0.268,0.6968784227820373,0.7160493827160493,0.8503152030494062,0.777427786341398,0.6792781927585849,0.6470439376794794,0.6511942250259415,0.4437726723095526,0.8503152030494062,0.8366095599173242,0.7527446978505636,rank average: binary + expected + P45
0.269,0.6968784227820373,0.7162629757785467,0.8497287787714412,0.7773083886541944,0.6791859571630163,0.647234401477619,0.6514060160159099,0.4447400241837969,0.8497287787714412,0.8366095599173242,0.7527446978505636,rank average: binary + expected + P45
0.27,0.696604600219058,0.716532507739938,0.8482627180765284,0.7768528464017186,0.6786411237068313,0.6473478040201264,0.651539308035523,0.4464328899637243,0.8482627180765284,0.8366095599173242,0.7527446978505636,rank average: binary + expected + P45
0.271,0.696604600219058,0.716908572137452,0.8472364755900894,0.7766429243381267,0.678488828383061,0.6476811156668706,0.6519060994379111,0.44812575574365177,0.8472364755900894,0.8366095599173242,0.7527446978505636,rank average: binary + expected + P45
0.272,0.6964220518437386,0.7170537821388647,0.8463568391731418,0.7763582571274878,0.6781482335823412,0.6477249733955188,0.651957537654653,0.449093107617896,0.8463568391731418,0.8366095599173242,0.7527446978505636,rank average: binary + expected + P45
0.273,0.69596568090544,0.7171478347436535,0.844890778478229,0.7757959211146261,0.6774095338101829,0.6475965379694651,0.6518242539662429,0.45030229746070133,0.844890778478229,0.8366095599173242,0.7527446978505636,rank average: binary + expected + P45
0.274,0.695600584154801,0.7171150971599403,0.8440111420612814,0.775405751229039,0.6768635595089318,0.6473985577295525,0.6516133952237507,0.45078597339782345,0.8440111420612814,0.8366095599173242,0.7527446978505636,rank average: binary + expected + P45
0.275,0.6956918583424607,0.7174753648496944,0.8432781117138249,0.7753066451004178,0.6768731026358032,0.6477575564615075,0.6520016403336412,0.45223700120918986,0.8432781117138249,0.8366095599173242,0.7527446978505636,rank average: binary + expected + P45
0.276,0.695600584154801,0.7176573426573427,0.8425450813663685,0.7751028390316272,0.6766712764847094,0.6478747172249013,0.6521285760878877,0.4532043530834341,0.8425450813663685,0.8366095599173242,0.7527446978505636,rank average: binary + expected + P45
0.277,0.6955093099671413,0.7180032528462404,0.8413722328104384,0.774807614418793,0.6764164087383413,0.6481347258368999,0.6524080337520846,0.45489721886336154,0.8413722328104384,0.8366095599173242,0.7527446978505636,rank average: binary + expected + P45
0.278,0.6951442132165023,0.7180804410474878,0.8401993842545081,0.7743548169166329,0.6758469432128196,0.648031977496057,0.652296958387993,0.4558645707376058,0.8401993842545081,0.8366095599173242,0.7527446978505636,rank average: binary + expected + P45
0.279,0.6952354874041621,0.7184989959839357,0.8393197478375605,0.7742240854689296,0.6758492302543507,0.6484385921775468,0.6527304619398557,0.4575574365175333,0.8393197478375605,0.8366095599173242,0.7527446978505636,rank average: binary + expected + P45
0.28,0.6949616648411829,0.7186125424154832,0.8382935053511216,0.7738530247665448,0.6754116396638936,0.6484091468714496,0.652696066630539,0.4585247883917775,0.8382935053511216,0.8366095599173242,0.7527446978505636,rank average: binary + expected + P45
0.281,0.6946878422782037,0.7187814702920443,0.8371206567951913,0.773450728073146,0.6749617842828084,0.6484273175148871,0.6527110923141719,0.45973397823458284,0.8371206567951913,0.8366095599173242,0.7527446978505636,rank average: binary + expected + P45
0.28200000000000003,0.6948703906535232,0.7192938209331652,0.8362410203782437,0.7733712968612297,0.6750798252055119,0.6489548511806575,0.6532685279167202,0.4616686819830713,0.8362410203782437,0.8366095599173242,0.7527446978505636,rank average: binary + expected + P45
0.28300000000000003,0.6953267615918218,0.7198586037116526,0.8359478082392611,0.7735721069054402,0.6755800432067324,0.64965467800113,0.6540106001751748,0.4633615477629988,0.8359478082392611,0.8366095599173242,0.7527446978505636,rank average: binary + expected + P45
0.28400000000000003,0.6948703906535232,0.7197927199191102,0.8349215657528222,0.7730944139007669,0.6749423520751925,0.6493833947264716,0.653715336216298,0.46384522370012093,0.8349215657528222,0.8366095599173242,0.7527446978505636,rank average: binary + expected + P45
0.28500000000000003,0.6951442132165023,0.7204001519564391,0.8340419293358745,0.7730669927979344,0.6751722891197691,0.6500318473765225,0.6543956037106158,0.4660217654171705,0.8340419293358745,0.8366095599173242,0.7527446978505636,rank average: binary + expected + P45
0.28600000000000003,0.6951442132165023,0.7208476081715518,0.8328690807799443,0.7728200244864645,0.6750579504272394,0.6504127749728017,0.6547872660573792,0.46795646916565903,0.8328690807799443,0.8366095599173242,0.7527446978505636,rank average: binary + expected + P45
0.28700000000000003,0.6954180357794816,0.7214031520081342,0.832136050432488,0.772823201034788,0.6753064982838599,0.6510136116733177,0.6554134003235688,0.4698911729141475,0.832136050432488,0.8366095599173242,0.7527446978505636,rank average: binary + expected + P45
0.28800000000000003,0.6953267615918218,0.7215367001653734,0.8315496261545228,0.7726467783680697,0.6751463791618466,0.6510831564871767,0.6554796824067182,0.4706166868198307,0.8315496261545228,0.8366095599173242,0.7527446978505636,rank average: binary + expected + P45
0.289,0.6960569550930996,0.722441697463999,0.8311098079460489,0.7729751840741751,0.6759522736274644,0.6521933562100257,0.6566422027494012,0.4732769044740024,0.8311098079460489,0.8366095599173242,0.7527446978505636,rank average: binary + expected + P45
0.29,0.6967871485943775,0.7234069722896181,0.8305233836680839,0.7732732732732732,0.6767434861448091,0.6533511718824095,0.6578487578487578,0.47617896009673516,0.8305233836680839,0.8366095599173242,0.7527446978505636,rank average: binary + expected + P45
0.291,0.6966958744067178,0.7237145049884881,0.829497141181645,0.7730036204658788,0.6765481384088393,0.6535635645448733,0.6580541270210598,0.47762998790810157,0.829497141181645,0.8366095599173242,0.7527446978505636,rank average: binary + expected + P45
0.292,0.6964220518437386,0.7238375816574869,0.828470898695206,0.7726278370248838,0.6761455294759331,0.6535341192387759,0.6580052968759784,0.4785973397823458,0.828470898695206,0.8366095599173242,0.7527446978505636,rank average: binary + expected + P45
0.293,0.6963307776560789,0.723974358974359,0.8278844744172409,0.7724505847753231,0.6759922491956712,0.6536036640526349,0.6580672893702428,0.479322853688029,0.8278844744172409,0.8366095599173242,0.7527446978505636,rank average: binary + expected + P45
0.294,0.6961482292807594,0.7240184757505773,0.8272980501392758,0.7722203215874102,0.675734728071367,0.6535522898822135,0.6580027193794252,0.47980652962515113,0.8272980501392758,0.8366095599173242,0.7527446978505636,rank average: binary + expected + P45
0.295,0.6958744067177802,0.724199974296363,0.8261252015833456,0.7718120805369127,0.6753283336048743,0.653570460525651,0.6579990635242703,0.48101571946795646,0.8261252015833456,0.8366095599173242,0.7527446978505636,rank average: binary + expected + P45
0.296,0.6960569550930996,0.7246749903462479,0.8253921712358891,0.7717614804660726,0.6754846555120007,0.6540503782418865,0.6584838541363414,0.4827085852478839,0.8253921712358891,0.8366095599173242,0.7527446978505636,rank average: binary + expected + P45
0.297,0.6958744067177802,0.7250096736747066,0.8240727166104677,0.7713736791546589,0.675180453446782,0.6542370838191395,0.6586494997027041,0.48440145102781135,0.8240727166104677,0.8366095599173242,0.7527446978505636,rank average: binary + expected + P45
0.298,0.69596568090544,0.725452196382429,0.82319308019352,0.7712382391319278,0.6752260981912145,0.6546436985006294,0.6590513056630936,0.4860943168077388,0.82319308019352,0.8366095599173242,0.7527446978505636,rank average: binary + expected + P45
0.299,0.6960569550930996,0.7257793299702496,0.8226066559155549,0.7711654755360088,0.6752927657603186,0.6549550812830496,0.6593599116810478,0.4873035066505441,0.8226066559155549,0.8366095599173242,0.7527446978505636,rank average: binary + expected + P45
0.3,0.6956918583424607,0.725812718559772,0.8215804134291159,0.7707330490991611,0.6748074411964239,0.6548047169926716,0.6591792789593498,0.4880290205562273,0.8215804134291159,0.8366095599173242,0.7527446978505636,rank average: binary + expected + P45
0.301,0.6952354874041621,0.725810635538262,0.8204075648731858,0.7702154015552956,0.6742115408128772,0.6545810496675482,0.6589188374799917,0.48875453446191053,0.8204075648731858,0.8366095599173242,0.7527446978505636,rank average: binary + expected + P45
0.302,0.6951442132165023,0.7260683205611118,0.8195279284562381,0.7699724517906336,0.6740565735442956,0.654745826380477,0.6590663124754034,0.48996372430471585,0.8195279284562381,0.8366095599173242,0.7527446978505636,rank average: binary + expected + P45
0.303,0.6949616648411829,0.7264089548353507,0.8182084738308166,0.769580805295091,0.6737758186947911,0.6549325319577299,0.659223448003917,0.4916565900846433,0.8182084738308166,0.8366095599173242,0.7527446978505636,rank average: binary + expected + P45
0.304,0.6948703906535232,0.7266684045881127,0.817328837413869,0.7693369212723383,0.6736265287252379,0.6550973086706589,0.6593685549885078,0.4928657799274486,0.817328837413869,0.8366095599173242,0.7527446978505636,rank average: binary + expected + P45
0.305,0.6951442132165023,0.7271303666971161,0.8168890192053951,0.7694007180336924,0.6739204824679021,0.6556029134721051,0.6598753724794202,0.494316807738815,0.8168890192053951,0.8366095599173242,0.7527446978505636,rank average: binary + expected + P45
0.306,0.6950529390288427,0.7271540469973891,0.8165958070664125,0.7692838892341689,0.6738015380618013,0.6555772263868943,0.6598404374175151,0.49455864570737607,0.8165958070664125,0.8366095599173242,0.7527446978505636,rank average: binary + expected + P45
0.307,0.6950529390288427,0.7273915316257188,0.8160093827884475,0.769156360118842,0.6737744583068062,0.6557676901850339,0.6600184274044942,0.4955259975816203,0.8160093827884475,0.8366095599173242,0.7527446978505636,rank average: binary + expected + P45
0.308,0.6949616648411829,0.7277130514465244,0.8149831403020085,0.7688796680497926,0.6736243882496415,0.6559800828474975,0.6602047293550091,0.4969770253929867,0.8149831403020085,0.8366095599173242,0.7527446978505636,rank average: binary + expected + P45
0.309,0.6946878422782037,0.7279045371098872,0.8138102917460783,0.7684640409773655,0.673261577864253,0.6559982534909352,0.6601864746079058,0.49818621523579204,0.8138102917460783,0.8366095599173242,0.7527446978505636,rank average: binary + expected + P45
0.31,0.6947791164658634,0.7281196693347329,0.8135170796070957,0.7684531228361723,0.6733551869912046,0.6562144043742855,0.6603979134930527,0.4989117291414752,0.8135170796070957,0.8366095599173242,0.7527446978505636,rank average: binary + expected + P45
0.311,0.6947791164658634,0.7284193929838392,0.8127840492596393,0.7682926829268293,0.6733277831884816,0.6564524841219599,0.6606169296987088,0.5001209189842806,0.8127840492596393,0.8366095599173242,0.7527446978505636,rank average: binary + expected + P45
0.312,0.6950529390288427,0.728887134964483,0.8123442310511655,0.7683560978991888,0.6736266324792599,0.6569580889234061,0.6611175602328098,0.5015719467956469,0.8123442310511655,0.8366095599173242,0.7527446978505636,rank average: binary + expected + P45
0.313,0.6950529390288427,0.7293698919061429,0.8111713824952353,0.7680988408412577,0.6735870231044068,0.6573390165196854,0.6614644770495429,0.5035066505441355,0.8111713824952353,0.8366095599173242,0.7527446978505636,rank average: binary + expected + P45
0.314,0.6951442132165023,0.730133544889594,0.8095587157308313,0.767797552836485,0.6736432534350711,0.6579837109488498,0.6620603067051714,0.5064087061668682,0.8095587157308313,0.8366095599173242,0.7527446978505636,rank average: binary + expected + P45
0.315,0.6954180357794816,0.730667372881356,0.8089722914528662,0.767828567452863,0.6739412070047203,0.6585369316998309,0.6625984593465403,0.5081015719467956,0.8089722914528662,0.8366095599173242,0.7527446978505636,rank average: binary + expected + P45
0.316,0.6954180357794816,0.7310957813743698,0.8079460489664272,0.7676022007103559,0.6739153570417782,0.6588702433465752,0.6628954999315053,0.5097944377267231,0.8079460489664272,0.8366095599173242,0.7527446978505636,rank average: binary + expected + P45
0.317,0.69596568090544,0.7318628753654,0.8075062307579534,0.7678260263469715,0.6745320207730789,0.659738605100863,0.6637543879256338,0.5119709794437727,0.8075062307579534,0.8366095599173242,0.7527446978505636,rank average: binary + expected + P45
0.318,0.6961482292807594,0.7323662496672877,0.806773200410497,0.7677711893965818,0.6747246704466595,0.6602185228170986,0.6642076218858322,0.5136638452237001,0.806773200410497,0.8366095599173242,0.7527446978505636,rank average: binary + expected + P45
0.319,0.696604600219058,0.7332888592394929,0.805746957924058,0.7678122380553227,0.6752257644940602,0.6611564293852454,0.6651067509391937,0.5165659008464328,0.805746957924058,0.8366095599173242,0.7527446978505636,rank average: binary + expected + P45
0.32,0.6966958744067178,0.7335113484646195,0.8054537457850754,0.7678009922437286,0.6753246298006883,0.6613725802685957,0.6653108368665032,0.517291414752116,0.8054537457850754,0.8366095599173242,0.7527446978505636,rank average: binary + expected + P45
0.321,0.6974260679079957,0.7344209681733084,0.805160533646093,0.7681656059864326,0.6761524047307025,0.6624351640419098,0.6663631129892756,0.5197097944377267,0.805160533646093,0.8366095599173242,0.7527446978505636,rank average: binary + expected + P45
0.322,0.6974260679079957,0.7347977497990892,0.8042808972291453,0.7679708826205641,0.6761381299138712,0.6627208597391192,0.6666083921299542,0.5211608222490931,0.8042808972291453,0.8366095599173242,0.7527446978505636,rank average: binary + expected + P45
0.323,0.697608616283315,0.7352467811158798,0.8036944729511801,0.7679484485536177,0.6763376762722256,0.6631531615058198,0.6670128621288063,0.5226118500604595,0.8036944729511801,0.8366095599173242,0.7527446978505636,rank average: binary + expected + P45
0.324,0.6975173420956553,0.7354639452128374,0.8029614426037238,0.7677319876647042,0.6762244205972994,0.6632703222692138,0.667094669918171,0.5235792019347038,0.8029614426037238,0.8366095599173242,0.7527446978505636,rank average: binary + expected + P45
0.325,0.6977911646586346,0.7358870967741935,0.8026682304647412,0.7678283430334478,0.6765328544166758,0.6637283111211252,0.667537227326422,0.524788391777509,0.8026682304647412,0.8366095599173242,0.7527446978505636,rank average: binary + expected + P45
0.326,0.6975173420956553,0.7361616161616161,0.8013487758393197,0.7673732977677945,0.6762088171433966,0.6637940977140976,0.6675374185160392,0.5262394195888754,0.8013487758393197,0.8366095599173242,0.7527446978505636,rank average: binary + expected + P45
0.327,0.6974260679079957,0.7365721997300945,0.8001759272833895,0.7670578314946244,0.6760977185903716,0.6640541063260962,0.6677367011919157,0.5279322853688029,0.8001759272833895,0.8366095599173242,0.7527446978505636,rank average: binary + expected + P45
0.328,0.6970609711573567,0.7365576871115914,0.7992962908664418,0.7666455740701681,0.675678956105036,0.6638561260861835,0.6674949810785227,0.528415961305925,0.7992962908664418,0.8366095599173242,0.7527446978505636,rank average: binary + expected + P45
0.329,0.6971522453450164,0.7367851831823712,0.7990030787274593,0.766633844422563,0.6757823078036048,0.6640722769695337,0.6676943591751494,0.5291414752116083,0.7990030787274593,0.8366095599173242,0.7527446978505636,rank average: binary + expected + P45
0.33,0.6974260679079957,0.7374052004333694,0.7982700483800029,0.7666314677930306,0.6760934176858897,0.6646731136700499,0.6682515065707075,0.5310761789600967,0.7982700483800029,0.8366095599173242,0.7527446978505636,rank average: binary + expected + P45
0.331,0.6972435195326762,0.7377204884667571,0.7970971998240727,0.7662603058276373,0.6758875727330997,0.6648122032977679,0.6683263710202816,0.5325272067714631,0.7970971998240727,0.8366095599173242,0.7527446978505636,rank average: binary + expected + P45
0.332,0.6973347937203359,0.7382732834806254,0.7960709573376338,0.7660835214446953,0.675995847516486,0.6652664339287927,0.6687191133593693,0.5344619105199516,0.7960709573376338,0.8366095599173242,0.7527446978505636,rank average: binary + expected + P45
0.333,0.6975173420956553,0.7387988560533841,0.7953379269901774,0.7660265461733974,0.6762081742209904,0.6657463516450282,0.669151631372708,0.5361547762998791,0.7953379269901774,0.8366095599173242,0.7527446978505636,rank average: binary + expected + P45
0.334,0.6974260679079957,0.738958560523446,0.7947515027122123,0.7658402203856749,0.6761091145158666,0.6658158964588873,0.6691870347576343,0.5368802902055623,0.7947515027122123,0.8366095599173242,0.7527446978505636,rank average: binary + expected + P45
0.335,0.6968784227820373,0.7389404696886948,0.7934320480867908,0.7652173913043478,0.6754999705271667,0.6655189260990182,0.6688195878885586,0.5376058041112455,0.7934320480867908,0.8366095599173242,0.7527446978505636,rank average: binary + expected + P45
0.336,0.696969696969697,0.7394337299958966,0.7925524116698431,0.7650721766204359,0.6756153560816246,0.665925540780508,0.6691684790557193,0.5392986698911729,0.7925524116698431,0.8366095599173242,0.7527446978505636,rank average: binary + expected + P45
0.337,0.6965133260313984,0.7395176760756371,0.7912329570444216,0.7645017352503718,0.6751169572286332,0.6657494894049194,0.6689183897604355,0.5402660217654172,0.7912329570444216,0.8366095599173242,0.7527446978505636,rank average: binary + expected + P45
0.338,0.696604600219058,0.7400137268359643,0.790353320627474,0.7643555933645257,0.6752370459295594,0.6661561040864092,0.6692646529466748,0.5419588875453446,0.790353320627474,0.8366095599173242,0.7527446978505636,rank average: binary + expected + P45
0.339,0.696604600219058,0.7404097346349512,0.7894736842105263,0.7641549595572584,0.6752550981075923,0.6664417997836187,0.6694911405614381,0.543409915356711,0.7894736842105263,0.8366095599173242,0.7527446978505636,rank average: binary + expected + P45
0.34,0.6960569550930996,0.7403938851397879,0.7881542295851048,0.7635279079676183,0.674662436480584,0.6661448294237495,0.6691202758228896,0.5441354292623942,0.7881542295851048,0.8366095599173242,0.7527446978505636,rank average: binary + expected + P45
0.341,0.6956918583424607,0.7403832896732386,0.7872745931681572,0.7631092795225238,0.674269419613827,0.6659468491838367,0.6688728331779499,0.5446191051995163,0.7872745931681572,0.8366095599173242,0.7527446978505636,rank average: binary + expected + P45
0.342,0.6957831325301205,0.7409505388228792,0.7862483506817183,0.7629276619958746,0.6744021117998205,0.6664010798148616,0.6692519374540686,0.5465538089480049,0.7862483506817183,0.8366095599173242,0.7527446978505636,rank average: binary + expected + P45
0.343,0.695600584154801,0.7410788381742739,0.7855153203342619,0.7626503451711621,0.6742162843582051,0.6663973215939749,0.6692020330359054,0.5472793228536881,0.7855153203342619,0.8366095599173242,0.7527446978505636,rank average: binary + expected + P45
0.34400000000000003,0.6955093099671413,0.741376922011359,0.7846356839173142,0.7623931623931623,0.6741404278239829,0.6665620983069038,0.6693063372941421,0.5484885126964933,0.7846356839173142,0.8366095599173242,0.7527446978505636,rank average: binary + expected + P45
0.34500000000000003,0.6949616648411829,0.7412286784079878,0.7836094414308752,0.761830102622577,0.6735515888702155,0.6661698960479647,0.6688592137478367,0.5487303506650544,0.7836094414308752,0.8366095599173242,0.7527446978505636,rank average: binary + expected + P45
0.34600000000000003,0.6952354874041621,0.7417384059983338,0.7831696232224014,0.7618911787777223,0.6738793255351285,0.6666755008494111,0.6693218094420998,0.5501813784764208,0.7831696232224014,0.8366095599173242,0.7527446978505636,rank average: binary + expected + P45
0.34700000000000003,0.6947791164658634,0.7418277924607038,0.7818501685969799,0.7613133476088508,0.6734092506237684,0.6664994494738224,0.6690646717796216,0.551148730350665,0.7818501685969799,0.8366095599173242,0.7527446978505636,rank average: binary + expected + P45
0.34800000000000003,0.6952354874041621,0.7424791086350975,0.7815569564579974,0.7615170344975359,0.6739408255039894,0.6671992762942949,0.6697232498995074,0.5528415961305925,0.7815569564579974,0.8366095599173242,0.7527446978505636,rank average: binary + expected + P45
0.34900000000000003,0.6948703906535232,0.7426060267857143,0.7803841079020671,0.7610265208378011,0.673573340742382,0.667096527953452,0.6695451927677583,0.5538089480048367,0.7803841079020671,0.8366095599173242,0.7527446978505636,rank average: binary + expected + P45
0.35000000000000003,0.6946878422782037,0.7428052528639285,0.7795044714851195,0.7607124973174046,0.6734036796178515,0.6671403856821003,0.6695280626004646,0.5547762998790811,0.7795044714851195,0.8366095599173242,0.7527446978505636,rank average: binary + expected + P45
0.35100000000000003,0.6949616648411829,0.7431846777575842,0.7793578654156282,0.7608415629025332,0.6737222363281742,0.6675507585844768,0.6699143566591275,0.5557436517533253,0.7793578654156282,0.8366095599173242,0.7527446978505636,rank average: binary + expected + P45
0.352,0.6953267615918218,0.7437368789363191,0.7790646532766456,0.7609909780896463,0.674151304857821,0.6681296664206686,0.6704527002202574,0.5571946795646917,0.7790646532766456,0.8366095599173242,0.7527446978505636,rank average: binary + expected + P45
0.353,0.6956918583424607,0.7443587946741416,0.7786248350681718,0.7611063341931785,0.674587144000248,0.6687561902063954,0.6710257663927179,0.5588875453446192,0.7786248350681718,0.8366095599173242,0.7527446978505636,rank average: binary + expected + P45
0.354,0.695600584154801,0.7447346251053075,0.7775985925817329,0.7608118769274905,0.674532153449889,0.6689685828688592,0.6711576011566804,0.5603385731559855,0.7775985925817329,0.8366095599173242,0.7527446978505636,rank average: binary + expected + P45
0.355,0.6955093099671413,0.745249824067558,0.7762791379563114,0.7604480827229643,0.6744945562820261,0.6692762074303927,0.6713585267108435,0.562273276904474,0.7762791379563114,0.8366095599173242,0.7527446978505636,rank average: binary + expected + P45
0.356,0.6955093099671413,0.7456647398843931,0.7753995015393638,0.7602414833980163,0.6745408866390643,0.6695619031276021,0.6715686036644996,0.5637243047158403,0.7753995015393638,0.8366095599173242,0.7527446978505636,rank average: binary + expected + P45
0.357,0.6952354874041621,0.7459734388245267,0.7740800469139423,0.7597668897042953,0.6743018302941612,0.6696276897205745,0.6715345118682465,0.5651753325272068,0.7740800469139423,0.8366095599173242,0.7527446978505636,rank average: binary + expected + P45
0.358,0.6951442132165023,0.7463552724699222,0.7730538044275033,0.7594699697537087,0.6742570502673435,0.6698400823830382,0.6716612245977613,0.5666263603385732,0.7730538044275033,0.8366095599173242,0.7527446978505636,rank average: binary + expected + P45
0.359,0.6957831325301205,0.7472356110008506,0.7727605922885208,0.7597837837837838,0.6750017111898153,0.6707817471720718,0.6725384017836425,0.5688029020556228,0.7727605922885208,0.8366095599173242,0.7527446978505636,rank average: binary + expected + P45
0.36,0.6956918583424607,0.7476914334422503,0.7715877437325905,0.7594516594516595,0.6749690253757077,0.6710417557840704,0.6726965202375039,0.5704957678355502,0.7715877437325905,0.8366095599173242,0.7527446978505636,rank average: binary + expected + P45
0.361,0.6954180357794816,0.748006833712984,0.770268289107169,0.7589743589743589,0.674740955005017,0.6711075423770427,0.6726568832184303,0.5719467956469165,0.770268289107169,0.8366095599173242,0.7527446978505636,rank average: binary + expected + P45
0.362,0.6955093099671413,0.7485380116959064,0.7693886526902214,0.7588201272411799,0.6749027194094235,0.6715141570585327,0.6729744200562335,0.573639661426844,0.7693886526902214,0.8366095599173242,0.7527446978505636,rank average: binary + expected + P45
0.363,0.6956918583424607,0.7490358520211399,0.7688022284122563,0.7587903342497467,0.6751500372621502,0.6719464588252333,0.6733383068034889,0.5750906892382104,0.7688022284122563,0.8366095599173242,0.7527446978505636,rank average: binary + expected + P45
0.364,0.69596568090544,0.7497137950772753,0.7680691980647999,0.7587805054674488,0.6755121394741215,0.6725472955257494,0.6738490951377722,0.5770253929866989,0.7680691980647999,0.8366095599173242,0.7527446978505636,rank average: binary + expected + P45
0.365,0.69596568090544,0.75,0.7674827737868348,0.7586406782117238,0.6755533199195172,0.672737759323889,0.6739819098123099,0.5779927448609432,0.7674827737868348,0.8366095599173242,0.7527446978505636,rank average: binary + expected + P45
0.366,0.6961482292807594,0.7505740528128588,0.7667497434393784,0.7585756762636885,0.675813606145647,0.6732176770401246,0.6743758597987162,0.5796856106408707,0.7667497434393784,0.8366095599173242,0.7527446978505636,rank average: binary + expected + P45
0.367,0.6967871485943775,0.7514733362081357,0.7664565313003958,0.758890985629264,0.6765618744056432,0.674159341829158,0.6752409194190088,0.5818621523579202,0.7664565313003958,0.8366095599173242,0.7527446978505636,rank average: binary + expected + P45
0.368,0.6975173420956553,0.7527749747729566,0.7655768948834482,0.759121965401948,0.6774574052765008,0.6754123894006117,0.6763478357792179,0.585247883917775,0.7655768948834482,0.8366095599173242,0.7527446978505636,rank average: binary + expected + P45
0.369,0.697608616283315,0.753175519630485,0.7649904706054831,0.7590370208742454,0.6776056346911115,0.6757237721830318,0.6765906652821552,0.5864570737605804,0.7649904706054831,0.8366095599173242,0.7527446978505636,rank average: binary + expected + P45
0.37,0.6975173420956553,0.7536525386952119,0.7638176220495528,0.7587010339303917,0.6775930267060032,0.6759837807950304,0.6767337402471718,0.5881499395405079,0.7638176220495528,0.8366095599173242,0.7527446978505636,rank average: binary + expected + P45
0.371,0.6972435195326762,0.7539866628008118,0.7624981674241313,0.7582185290473067,0.6773876142983852,0.6760495673880028,0.6766803618018176,0.5896009673518743,0.7624981674241313,0.8366095599173242,0.7527446978505636,rank average: binary + expected + P45
0.372,0.6971522453450164,0.7542458992596893,0.7617651370766749,0.7579868708971553,0.6773442429664565,0.6761667281513968,0.6767256958728645,0.5905683192261185,0.7617651370766749,0.8366095599173242,0.7527446978505636,rank average: binary + expected + P45
0.373,0.6966958744067178,0.7545110593713621,0.760152470312271,0.7573212590374644,0.6769617001068368,0.676085908674878,0.6765070828585545,0.5920193470374849,0.760152470312271,0.8366095599173242,0.7527446978505636,rank average: binary + expected + P45
0.374,0.6963307776560789,0.7548133022170361,0.7586864096173581,0.7567449001974117,0.6766749437914449,0.6760783922331046,0.6763688071114563,0.5934703748488512,0.7586864096173581,0.8366095599173242,0.7527446978505636,rank average: binary + expected + P45
0.375,0.6957831325301205,0.7549707602339182,0.7570737428529541,0.7560207891076788,0.6761977221966481,0.6758766537723053,0.6760348764348235,0.5946795646916566,0.7570737428529541,0.8366095599173242,0.7527446978505636,rank average: binary + expected + P45
0.376,0.69596568090544,0.7555653192735794,0.7563407125054977,0.7559528170561945,0.676474520101906,0.6763565714885409,0.6764152321998872,0.5963724304715841,0.7563407125054977,0.8366095599173242,0.7527446978505636,rank average: binary + expected + P45
0.377,0.6964220518437386,0.7562692476902771,0.7560475003665151,0.756158357771261,0.677022706997181,0.6770563983090133,0.6770395270481062,0.5980652962515115,0.7560475003665151,0.8366095599173242,0.7527446978505636,rank average: binary + expected + P45
0.378,0.696604600219058,0.7567170753193364,0.7556076821580413,0.7561619718309859,0.6772728923038178,0.6774410841261791,0.6773563482343334,0.5992744860943168,0.7556076821580413,0.8366095599173242,0.7527446978505636,rank average: binary + expected + P45
0.379,0.6965133260313984,0.7569832402234636,0.754874651810585,0.7559274755927475,0.6772398146230463,0.677558244889573,0.6773967212684452,0.600241837968561,0.754874651810585,0.8366095599173242,0.7527446978505636,rank average: binary + expected + P45
0.38,0.6960569550930996,0.7571828495653455,0.7534085911156722,0.7552910052910053,0.6768643919210753,0.6774298094635193,0.6771397222986819,0.6014510278113664,0.7534085911156722,0.8366095599173242,0.7527446978505636,rank average: binary + expected + P45
0.381,0.695600584154801,0.7570796460176992,0.7525289546987245,0.7547974413646056,0.6764325433153631,0.677110910239326,0.6767610116220213,0.6016928657799274,0.7525289546987245,0.8366095599173242,0.7527446978505636,rank average: binary + expected + P45
0.382,0.695600584154801,0.7574593796159528,0.7517959243512682,0.7546170259730705,0.6765079984558502,0.6773489899870004,0.6769119260378511,0.6029020556227328,0.7517959243512682,0.8366095599173242,0.7527446978505636,rank average: binary + expected + P45
0.383,0.695600584154801,0.7579165433560225,0.7509162879343205,0.754400176743501,0.6766000058371346,0.6776346856842098,0.6770920840515777,0.6043530834340991,0.7509162879343205,0.8366095599173242,0.7527446978505636,rank average: binary + expected + P45
0.384,0.6952354874041621,0.7580788615475837,0.7497434393783903,0.7538881108572271,0.6763078393248607,0.6775319373433668,0.676884139311178,0.6053204353083435,0.7497434393783903,0.8366095599173242,0.7527446978505636,rank average: binary + expected + P45
0.385,0.6948703906535232,0.7580884535470466,0.7488638029614426,0.7534478943874917,0.6759859052941491,0.677333957103454,0.6766162014736453,0.6058041112454655,0.7488638029614426,0.8366095599173242,0.7527446978505636,rank average: binary + expected + P45
0.386,0.6943227455275648,0.7580261593341261,0.7476909544055124,0.7528230865746549,0.6754889547853222,0.67698937079405,0.6761843520879971,0.6062877871825877,0.7476909544055124,0.8366095599173242,0.7527446978505636,rank average: binary + expected + P45
0.387,0.6944140197152245,0.7584461973507962,0.7471045301275473,0.7527326440177252,0.6756592563341188,0.6773007535764701,0.6764141003175105,0.607496977025393,0.7471045301275473,0.8366095599173242,0.7527446978505636,rank average: binary + expected + P45
0.388,0.6941401971522454,0.7586463923673226,0.7460782876411084,0.7523098529085668,0.675462555882343,0.6772713082703727,0.6762861443953546,0.6084643288996372,0.7460782876411084,0.8366095599173242,0.7527446978505636,rank average: binary + expected + P45
0.389,0.6935012778386273,0.7587804513525631,0.744319014807213,0.7514801657785672,0.6749353604945699,0.6769962667748277,0.6758591305083312,0.6096735187424426,0.744319014807213,0.8366095599173242,0.7527446978505636,rank average: binary + expected + P45
0.39,0.6928623585250091,0.7587601078167115,0.7428529541123002,0.7507222757241278,0.6743777163674488,0.676625993380213,0.6753730242284017,0.6103990326481258,0.7428529541123002,0.8366095599173242,0.7527446978505636,rank average: binary + expected + P45
0.391,0.6926798101496897,0.759075907590759,0.7418267116258613,0.7503521909987395,0.6742931985506243,0.6767174670583962,0.6753541370423964,0.611608222490931,0.7418267116258613,0.8366095599173242,0.7527446978505636,rank average: binary + expected + P45
0.392,0.6919496166484118,0.7590198436560432,0.7402140448614573,0.749498997995992,0.673654903240661,0.6762738906290358,0.6747850482336875,0.6123337363966143,0.7402140448614573,0.8366095599173242,0.7527446978505636,rank average: binary + expected + P45
0.393,0.6918583424607521,0.7592954990215264,0.7394810145140008,0.7492572786690433,0.6736426486528917,0.6763910513924296,0.6748180332739155,0.6133010882708585,0.7394810145140008,0.8366095599173242,0.7527446978505636,rank average: binary + expected + P45
0.394,0.6919496166484118,0.7598793363499246,0.7386013780970532,0.7490892870418556,0.673860148988647,0.6767976660739196,0.6751001334157394,0.6149939540507859,0.7386013780970532,0.8366095599173242,0.7527446978505636,rank average: binary + expected + P45
0.395,0.6918583424607521,0.760235685148814,0.7377217416801055,0.7488095238095238,0.6738692836627169,0.6769624427868484,0.6751601915553758,0.6162031438935913,0.7377217416801055,0.8366095599173242,0.7527446978505636,rank average: binary + expected + P45
0.396,0.6917670682730924,0.7609090909090909,0.7362556809851928,0.7483794054094329,0.6739577594123048,0.6773176832979169,0.6753320887605403,0.6183796856106408,0.7362556809851928,0.8366095599173242,0.7527446978505636,rank average: binary + expected + P45
0.397,0.691219423147134,0.7607706310679612,0.7352294384987539,0.7477820025348543,0.673465058888701,0.676925481038978,0.6748675867480719,0.618621523579202,0.7352294384987539,0.8366095599173242,0.7527446978505636,rank average: binary + expected + P45
0.398,0.6909456005841548,0.7608992860397995,0.7343498020818062,0.7473888391524918,0.6732692176826027,0.6768484197833458,0.674705232928385,0.6193470374848852,0.7343498020818062,0.8366095599173242,0.7527446978505636,rank average: binary + expected + P45
0.399,0.6909456005841548,0.7614553204445121,0.7333235595953672,0.7471247199402539,0.6734105870515243,0.6771817314300899,0.6749000741217346,0.6210399032648126,0.7333235595953672,0.8366095599173242,0.7527446978505636,rank average: binary + expected + P45
0.4,0.6911281489594743,0.7621662852784135,0.7324439231784196,0.7470095693779905,0.6737439015576343,0.6777092650958603,0.6752854782222661,0.6229746070133011,0.7324439231784196,0.8366095599173242,0.7527446978505636,rank average: binary + expected + P45
0.401,0.6914019715224534,0.7627558814543233,0.7320041049699457,0.7470636642477744,0.6741217048994972,0.6782148698973066,0.6756968409009498,0.6244256348246675,0.7320041049699457,0.8366095599173242,0.7527446978505636,rank average: binary + expected + P45
0.402,0.6913106973347937,0.7632022041940916,0.7309778624835068,0.7467425490489741,0.6741627118641722,0.6784272625597703,0.6757783789881469,0.6258766626360338,0.7309778624835068,0.8366095599173242,0.7527446978505636,rank average: binary + expected + P45
0.403,0.6914932457101132,0.7637590065920589,0.7303914382055418,0.7467026378896883,0.6744578926486123,0.678859564326471,0.6761057540522204,0.6273276904474002,0.7303914382055418,0.8366095599173242,0.7527446978505636,rank average: binary + expected + P45
0.404,0.6911281489594743,0.7637759017651573,0.7295118017885941,0.74625074985003,0.67416446518116,0.6786615840865582,0.675830598805612,0.6278113663845224,0.7295118017885941,0.8366095599173242,0.7527446978505636,rank average: binary + expected + P45
0.405,0.6906717780211756,0.7637565324316016,0.7284855593021551,0.7457042094995122,0.6737883785753513,0.6783903008118998,0.6754729550700822,0.6282950423216445,0.7284855593021551,0.8366095599173242,0.7527446978505636,rank average: binary + expected + P45
0.406,0.6903979554581964,0.763972286374134,0.7274593168157162,0.7452688495043557,0.6736247892305549,0.6783608555058025,0.6753333544869382,0.6292623941958888,0.7274593168157162,0.8366095599173242,0.7527446978505636,rank average: binary + expected + P45
0.40700000000000003,0.6907630522088354,0.7647693968841586,0.7268728925377511,0.7453397474443776,0.674135201460188,0.6790349952410641,0.675876193424791,0.6311970979443773,0.7268728925377511,0.8366095599173242,0.7527446978505636,rank average: binary + expected + P45
0.40800000000000003,0.6909456005841548,0.7651690597498843,0.7265796803987685,0.7453752443976538,0.6743907366175186,0.679372065108695,0.6761471067588455,0.6321644498186215,0.7265796803987685,0.8366095599173242,0.7527446978505636,rank average: binary + expected + P45
0.40900000000000003,0.6909456005841548,0.765496985623744,0.7259932561208035,0.745221971407073,0.6744801620786427,0.6795625289068346,0.6762528321428778,0.6331318016928658,0.7259932561208035,0.8366095599173242,0.7527446978505636,rank average: binary + expected + P45
0.41000000000000003,0.6913106973347937,0.7663001393836146,0.7254068318428383,0.7452929658081037,0.6749927013877397,0.6802366686420963,0.6767928808655992,0.6350665054413543,0.7254068318428383,0.8366095599173242,0.7527446978505636,rank average: binary + expected + P45
0.41100000000000003,0.690854326396495,0.7664494103041589,0.7240873772174168,0.7446664153788164,0.6746697406130724,0.6800606172665077,0.6764849366127341,0.6360338573155986,0.7240873772174168,0.8366095599173242,0.7527446978505636,rank average: binary + expected + P45
0.41200000000000003,0.690215407082877,0.7665266759993778,0.7224747104530127,0.7438490566037735,0.6741844778273893,0.6797379598214277,0.676011344279721,0.6370012091898428,0.7224747104530127,0.8366095599173242,0.7527446978505636,rank average: binary + expected + P45
0.41300000000000003,0.6898503103322381,0.7665472667808753,0.721595074036065,0.7433922368222323,0.6739020788149139,0.6795399795815149,0.6757330272923157,0.6374848851269649,0.721595074036065,0.8366095599173242,0.7527446978505636,rank average: binary + expected + P45
0.41400000000000003,0.6893939393939394,0.7667811426787386,0.7201290133411523,0.7427232176608453,0.6736103515591496,0.6794115441554613,0.6754491160267382,0.6386940749697703,0.7201290133411523,0.8366095599173242,0.7527446978505636,rank average: binary + expected + P45
0.41500000000000004,0.6895764877692588,0.7673545966228893,0.7195425890631872,0.7426798819701899,0.6739185263816201,0.679843845922162,0.6757677730725015,0.6401451027811367,0.7195425890631872,0.8366095599173242,0.7527446978505636,rank average: binary + expected + P45
0.41600000000000004,0.6891201168309602,0.7674236491777604,0.718369740507257,0.74208693018325,0.6735827499881364,0.6796201785970384,0.6754312436351582,0.6408706166868199,0.718369740507257,0.8366095599173242,0.7527446978505636,rank average: binary + expected + P45
0.417,0.6886637458926615,0.7675768989328311,0.7170502858818355,0.741453801258243,0.6732736152604819,0.6794441272214498,0.6751196062146244,0.6418379685610641,0.7170502858818355,0.8366095599173242,0.7527446978505636,rank average: binary + expected + P45
0.418,0.688481197517342,0.7678403017918893,0.7161706494648878,0.7411059698096033,0.6732105296508424,0.6794879849500981,0.6750552188376691,0.6428053204353084,0.7161706494648878,0.8366095599173242,0.7527446978505636,rank average: binary + expected + P45
0.419,0.688481197517342,0.7680931403398363,0.715730831256414,0.7409880853001442,0.6732857006047008,0.6796308327987028,0.6751305623982118,0.6435308343409916,0.715730831256414,0.8366095599173242,0.7527446978505636,rank average: binary + expected + P45
0.42,0.6877510040160643,0.7678008821676119,0.7145579827004838,0.7402232515756701,0.6726374202504726,0.6790444085207377,0.6744693977196663,0.6435308343409916,0.7145579827004838,0.8366095599173242,0.7527446978505636,rank average: binary + expected + P45
0.421,0.6882073749543629,0.7687450670876085,0.7139715584225187,0.7403466099118273,0.6732710403605106,0.6798394672402799,0.6751070646635426,0.6457073760580411,0.7139715584225187,0.8366095599173242,0.7527446978505636,rank average: binary + expected + P45
0.422,0.6879335523913838,0.7688053097345132,0.7132385280750623,0.7399802266332041,0.6730802693875677,0.6797147900351128,0.6749085202548653,0.6461910519951632,0.7132385280750623,0.8366095599173242,0.7527446978505636,rank average: binary + expected + P45
0.423,0.6882073749543629,0.7695108437549469,0.7126521037970972,0.7399908661896788,0.6735029967858589,0.6802680107860939,0.6753293742847186,0.6478839177750907,0.7126521037970972,0.8366095599173242,0.7527446978505636,rank average: binary + expected + P45
0.424,0.6877510040160643,0.7698412698412699,0.7110394370326931,0.7392729212712446,0.6732582637866142,0.6801871913095752,0.6750624645032142,0.6493349455864571,0.7110394370326931,0.8366095599173242,0.7527446978505636,rank average: binary + expected + P45
0.425,0.6872946330777656,0.7699157258705677,0.709866588476763,0.7386727688787186,0.6729372929759951,0.6799635239844517,0.6747215241803273,0.6500604594921403,0.709866588476763,0.8366095599173242,0.7527446978505636,rank average: binary + expected + P45
0.426,0.6863818912011683,0.7697211155378486,0.7081073156428677,0.7376298106291997,0.6721923244854379,0.679325725536065,0.6739419470568866,0.6505441354292624,0.7081073156428677,0.8366095599173242,0.7527446978505636,rank average: binary + expected + P45
0.427,0.6867469879518072,0.7704708699122107,0.7076674974343938,0.7377349839523154,0.6727007941545705,0.6799522493217918,0.6744419311331937,0.6522370012091898,0.7076674974343938,0.8366095599173242,0.7527446978505636,rank average: binary + expected + P45
0.428,0.6869295363271267,0.771149848072925,0.7069344670869374,0.7376472387945541,0.6730510031349103,0.6804321670380273,0.6747751921512938,0.6539298669891173,0.7069344670869374,0.8366095599173242,0.7527446978505636,rank average: binary + expected + P45
0.429,0.6865644395764877,0.771350745072905,0.7057616185310072,0.7370999846884091,0.6728439833529954,0.6803294186971843,0.6745386929091763,0.6548972188633615,0.7057616185310072,0.8366095599173242,0.7527446978505636,rank average: binary + expected + P45
0.43,0.6867469879518072,0.7722088353413654,0.7047353760445683,0.7369308600337268,0.6732530120481928,0.6809045683124897,0.6749170429200892,0.6570737605804111,0.7047353760445683,0.8366095599173242,0.7527446978505636,rank average: binary + expected + P45
0.431,0.6872033588901059,0.773005148005148,0.7044421639055857,0.7371327759453862,0.6738443461544728,0.6816043951329621,0.6754959654374818,0.6587666263603386,0.7044421639055857,0.8366095599173242,0.7527446978505636,rank average: binary + expected + P45
0.432,0.6871120847024461,0.773056494447127,0.7041489517666032,0.7369955500997392,0.6737936910354969,0.6815787080477513,0.6754362747119556,0.6590084643288996,0.7041489517666032,0.8366095599173242,0.7527446978505636,rank average: binary + expected + P45
0.433,0.6863818912011683,0.7730279077270528,0.7025362850021991,0.7360983102918587,0.6732492912610458,0.6811351316183909,0.6748417777280256,0.6597339782345828,0.7025362850021991,0.8366095599173242,0.7527446978505636,rank average: binary + expected + P45
0.434,0.6861993428258488,0.7733074810147035,0.7016566485852515,0.7357417371252882,0.6732071283823255,0.6811789893470392,0.6747681950061399,0.660701330108827,0.7016566485852515,0.8366095599173242,0.7527446978505636,rank average: binary + expected + P45
0.435,0.6866557137641475,0.7741100323624596,0.7013634364462689,0.7359433889700793,0.6738012473370087,0.6818788161675118,0.6753446043716966,0.6623941958887546,0.7013634364462689,0.8366095599173242,0.7527446978505636,rank average: binary + expected + P45
0.436,0.6863818912011683,0.7745336577453366,0.7000439818208474,0.7354073617742184,0.6737414688225744,0.6819446027604841,0.6752322491147588,0.6638452237001209,0.7000439818208474,0.8366095599173242,0.7527446978505636,rank average: binary + expected + P45
0.437,0.6862906170135086,0.7750325097529259,0.6990177393344085,0.7350651352809682,0.673840151629169,0.6821569954229478,0.675285112667892,0.6652962515114873,0.6990177393344085,0.8366095599173242,0.7527446978505636,rank average: binary + expected + P45
0.438,0.6866557137641475,0.775805926408336,0.6985779211259346,0.735169328087634,0.6743591327097767,0.6827835192086746,0.6757755233577069,0.6669891172914147,0.6985779211259346,0.8366095599173242,0.7527446978505636,rank average: binary + expected + P45
0.439,0.6864731653888281,0.7763630427685276,0.6972584665005132,0.734687572410597,0.6744134054422348,0.6829702247859277,0.6757654259152818,0.6686819830713422,0.6972584665005132,0.8366095599173242,0.7527446978505636,rank average: binary + expected + P45
0.44,0.6862906170135086,0.776651406147809,0.6963788300835655,0.7343278967303084,0.674379422082169,0.683014082514576,0.6756876252453771,0.6696493349455864,0.6963788300835655,0.8366095599173242,0.7527446978505636,rank average: binary + expected + P45
0.441,0.6863818912011683,0.7770502537240137,0.6959390118750917,0.734261407579273,0.6745783556633272,0.6832778493474612,0.6758592720372428,0.6706166868198307,0.6959390118750917,0.8366095599173242,0.7527446978505636,rank average: binary + expected + P45
0.442,0.6861993428258488,0.7773405476307591,0.695059375458144,0.7339009287925696,0.674546328993473,0.6833217070761095,0.6757805355706621,0.671584038694075,0.695059375458144,0.8366095599173242,0.7527446978505636,rank average: binary + expected + P45
0.443,0.6862906170135086,0.7779237844940867,0.6943263451106876,0.7337516461383531,0.6748082357145865,0.6836807058080645,0.6759950055639006,0.6730350665054413,0.6943263451106876,0.8366095599173242,0.7527446978505636,rank average: binary + expected + P45
0.444,0.6858342460752099,0.7781985838959328,0.6928602844157749,0.7330541337055995,0.6745795295068442,0.6835522703820107,0.6756865257128575,0.6742442563482467,0.6928602844157749,0.8366095599173242,0.7527446978505636,rank average: binary + expected + P45
0.445,0.6858342460752099,0.778565539983512,0.6922738601378097,0.7328884060220394,0.674704974040008,0.6837427341801503,0.6757728092596349,0.6752116082224909,0.6922738601378097,0.8366095599173242,0.7527446978505636,rank average: binary + expected + P45
0.446,0.685469149324571,0.7787873781595903,0.6911010115818795,0.732328724561131,0.6745252411907476,0.6836399858393074,0.6755248402624199,0.6761789600967352,0.6911010115818795,0.8366095599173242,0.7527446978505636,rank average: binary + expected + P45
0.447,0.6855604235122308,0.7794701986754967,0.6902213751649319,0.7321359147811212,0.6748246029992617,0.6840466005207972,0.6757574944582879,0.6778718258766626,0.6902213751649319,0.8366095599173242,0.7527446978505636,rank average: binary + expected + P45
0.448,0.6853778751369113,0.7796750663129973,0.6894883448174755,0.7318135843771882,0.6747684836032899,0.6840428422999106,0.6756540049052295,0.6785973397823458,0.6894883448174755,0.8366095599173242,0.7527446978505636,rank average: binary + expected + P45
0.449,0.6851040525739321,0.7798439315955504,0.6886087084005278,0.7313920896916848,0.674637149256117,0.6839657810442784,0.6754666668132001,0.679322853688029,0.6886087084005278,0.8366095599173242,0.7527446978505636,rank average: binary + expected + P45
0.45,0.6848302300109529,0.7800133022946458,0.6877290719835801,0.730970003895598,0.6745068534945508,0.6838887197886462,0.675278986744538,0.6800483675937122,0.6877290719835801,0.8366095599173242,0.7527446978505636,rank average: binary + expected + P45
0.451,0.6846476816356335,0.7801264980026631,0.6871426477056151,0.7306882843557565,0.6744205650886396,0.6838373456182247,0.6751536764727147,0.6805320435308343,0.6871426477056151,0.8366095599173242,0.7527446978505636,rank average: binary + expected + P45
0.452,0.6843738590726542,0.7803901950975488,0.686116405219176,0.7302231237322515,0.6743249624408898,0.6838079003121273,0.6749862044876345,0.6814993954050786,0.686116405219176,0.8366095599173242,0.7527446978505636,rank average: binary + expected + P45
0.453,0.6846476816356335,0.7811560307383896,0.685529980941211,0.7302256578433669,0.6747832467575248,0.6843611210631085,0.6753819118431552,0.6831922611850061,0.685529980941211,0.8366095599173242,0.7527446978505636,rank average: binary + expected + P45
0.454,0.684465133260314,0.7814591700133868,0.6846503445242633,0.7298585606001406,0.6747657295850067,0.6844049787917568,0.6752968063560221,0.6841596130592503,0.6846503445242633,0.8366095599173242,0.7527446978505636,rank average: binary + expected + P45
0.455,0.6841913106973347,0.7818212309240316,0.6834774959683331,0.7293491864831039,0.6747079317047556,0.6844231494351943,0.6751478623037781,0.6853688029020556,0.6834774959683331,0.8366095599173242,0.7527446978505636,rank average: binary + expected + P45
0.456,0.6836436655713765,0.781696053736356,0.6824512534818942,0.7287100814026299,0.6742913382059104,0.6840309471762555,0.6746658988449227,0.6856106408706167,0.6824512534818942,0.8366095599173242,0.7527446978505636,rank average: binary + expected + P45
0.457,0.6829134720700986,0.781686584750042,0.6808385867174901,0.7277856135401974,0.6737944389353401,0.6835873707468949,0.6740567411963283,0.6863361547762998,0.6808385867174901,0.8366095599173242,0.7527446978505636,rank average: binary + expected + P45
0.458,0.6829134720700986,0.7820664082251811,0.680252162439525,0.7276148659244158,0.673931870248366,0.6837778345450346,0.6741371992867329,0.6873035066505442,0.680252162439525,0.8366095599173242,0.7527446978505636,rank average: binary + expected + P45
0.459,0.6826396495071194,0.7823370482944951,0.679225919953086,0.7271443145256219,0.6738463151683044,0.6837483892389372,0.6739658752255113,0.6882708585247884,0.679225919953086,0.8366095599173242,0.7527446978505636,rank average: binary + expected + P45
0.46,0.6831872946330778,0.7834179357021996,0.6787861017446122,0.7273584164637499,0.6746063122823325,0.684616750993225,0.6746475123381814,0.6904474002418379,0.6787861017446122,0.8366095599173242,0.7527446978505636,rank average: binary + expected + P45
0.461,0.6831872946330778,0.7839945744320108,0.6779064653276645,0.7271011872002516,0.6748165833804973,0.6849024466904344,0.6747656485332271,0.6918984280532043,0.6779064653276645,0.8366095599173242,0.7527446978505636,rank average: binary + expected + P45
0.462,0.6829134720700986,0.7842704263631731,0.6768802228412256,0.726628895184136,0.6747353315481283,0.6848730013843372,0.67459215293757,0.6928657799274486,0.6768802228412256,0.8366095599173242,0.7527446978505636,rank average: binary + expected + P45
0.463,0.682092004381161,0.7841334695267279,0.6752675560768215,0.725640015754234,0.6741407213828051,0.6843085059706961,0.6738756659003349,0.6933494558645708,0.6752675560768215,0.8366095599173242,0.7527446978505636,rank average: binary + expected + P45
0.464,0.6820007301935013,0.7843872507243906,0.6746811317988565,0.7254098360655737,0.6741743681407373,0.6843780507845552,0.6738497575817894,0.694074969770254,0.6746811317988565,0.8366095599173242,0.7527446978505636,rank average: binary + expected + P45
0.465,0.682092004381161,0.7850068306010929,0.6739481014514,0.7252504535773447,0.674464199614272,0.6847370495165102,0.6740491574871023,0.6955259975816203,0.6739481014514,0.8366095599173242,0.7527446978505636,rank average: binary + expected + P45
0.466,0.6814530850675429,0.7850419305151464,0.6724820407564873,0.724415666456096,0.6740582232274539,0.6843667761218954,0.673518386861266,0.6962515114873035,0.6724820407564873,0.8366095599173242,0.7527446978505636,rank average: binary + expected + P45
0.467,0.6813618108798831,0.7855917667238422,0.6714557982700484,0.7240534345111058,0.6742043890193539,0.6845791687843592,0.6735481512259665,0.6977025392986699,0.6714557982700484,0.8366095599173242,0.7527446978505636,rank average: binary + expected + P45
0.468,0.6814530850675429,0.7863159704314939,0.6705761618531008,0.7238487102389619,0.6745356851573698,0.684985783465849,0.6737639065535979,0.6993954050785973,0.6705761618531008,0.8366095599173242,0.7527446978505636,rank average: binary + expected + P45
0.46900000000000003,0.6809054399415845,0.7862924057172378,0.6694033132971705,0.7231548938866013,0.6741716446919845,0.684641197156445,0.6732965335439038,0.6998790810157195,0.6694033132971705,0.8366095599173242,0.7527446978505636,rank average: binary + expected + P45
0.47000000000000003,0.6807228915662651,0.7866137657409005,0.6685236768802229,0.7227769852591536,0.6741752682164475,0.6846850548850933,0.673202566225445,0.7008464328899637,0.6685236768802229,0.8366095599173242,0.7527446978505636,rank average: binary + expected + P45
0.47100000000000003,0.6807228915662651,0.7873076257997579,0.667497434393784,0.7224690574420819,0.6744386572841821,0.6850183665318376,0.6733316494773796,0.7025392986698912,0.667497434393784,0.8366095599173242,0.7527446978505636,rank average: binary + expected + P45
0.47200000000000003,0.6805403431909456,0.7877317622595738,0.6664711919073449,0.7220457433290979,0.6744830460285333,0.6851098402100206,0.6732546313212013,0.7037484885126964,0.6664711919073449,0.8366095599173242,0.7527446978505636,rank average: binary + expected + P45
0.47300000000000003,0.6808141657539248,0.7887421820708825,0.6655915554903973,0.7219527709310647,0.6750441679585182,0.6857582928600716,0.6736705472223614,0.7059250302297461,0.6655915554903973,0.8366095599173242,0.7527446978505636,rank average: binary + expected + P45
0.47400000000000003,0.6807228915662651,0.7893087236635905,0.6645653130039584,0.721585482330468,0.675202990260723,0.6859706855225354,0.6736938964925767,0.7073760580411125,0.6645653130039584,0.8366095599173242,0.7527446978505636,rank average: binary + expected + P45
0.47500000000000003,0.6805403431909456,0.789740010469377,0.6635390705175195,0.7211599745060548,0.6752527803543058,0.6860621592007186,0.6736141752872155,0.7085852478839177,0.6635390705175195,0.8366095599173242,0.7527446978505636,rank average: binary + expected + P45
0.47600000000000003,0.6799014238773274,0.789888033589923,0.6619264037531154,0.7202680067001676,0.6749058488560302,0.6857395017556387,0.6730940033500838,0.709552599758162,0.6619264037531154,0.8366095599173242,0.7527446978505636,rank average: binary + expected + P45
0.47700000000000004,0.6795363271266885,0.7900455660708027,0.6609001612666764,0.7197253931507943,0.674737068749687,0.6855891374652607,0.6728088873052853,0.7102781136638452,0.6609001612666764,0.8366095599173242,0.7527446978505636,rank average: binary + expected + P45
0.47800000000000004,0.6795363271266885,0.7907589599437808,0.6598739187802375,0.7194118117158156,0.6750147383305529,0.6859224491120051,0.6729307170080301,0.7119709794437726,0.6598739187802375,0.8366095599173242,0.7527446978505636,rank average: binary + expected + P45
0.47900000000000004,0.6788974078130705,0.7905013192612137,0.6588476762937986,0.7186950263873341,0.6745145564243842,0.6854093278687856,0.6723392206144623,0.7119709794437726,0.6588476762937986,0.8366095599173242,0.7527446978505636,rank average: binary + expected + P45
0.48,0.6782584884994524,0.7904476559746211,0.6575282216683771,0.7178871548619448,0.6740954675177915,0.684991438524636,0.6717820610244736,0.7124546553808948,0.6575282216683771,0.8366095599173242,0.7527446978505636,rank average: binary + expected + P45
0.481,0.6778933917488135,0.7907099964676793,0.6563553731124468,0.7172955219097973,0.6739723008405643,0.684888690183793,0.6715123277170155,0.713422007255139,0.6563553731124468,0.8366095599173242,0.7527446978505636,rank average: binary + expected + P45
0.482,0.6776195691858342,0.7908045977011494,0.6556223427649904,0.7168964411670408,0.6738403294108464,0.6847640129786259,0.6712926461875899,0.7139056831922612,0.6556223427649904,0.8366095599173242,0.7527446978505636,rank average: binary + expected + P45
0.483,0.6773457466228551,0.7911055988660525,0.6545961002785515,0.7164059366225431,0.6737907512402552,0.6847345676725285,0.6711065355813044,0.7148730350665055,0.6545961002785515,0.8366095599173242,0.7527446978505636,rank average: binary + expected + P45
0.484,0.6771631982475356,0.7914447994320198,0.6537164638616039,0.7160176635889202,0.6738133429704256,0.6847784254011768,0.6710044963815385,0.7158403869407497,0.6537164638616039,0.8366095599173242,0.7527446978505636,rank average: binary + expected + P45
0.485,0.6765242789339175,0.7912888888888889,0.6525436153056736,0.7152498794793508,0.6733596948665042,0.6843129201074922,0.6704286583114059,0.7160822249093107,0.6525436153056736,0.8366095599173242,0.7527446978505636,rank average: binary + expected + P45
0.486,0.6759766338079591,0.7913771601639052,0.6512241606802521,0.7144925205082837,0.6730608428556752,0.684015949747623,0.6699704636725845,0.7168077388149939,0.6512241606802521,0.8366095599173242,0.7527446978505636,rank average: binary + expected + P45
0.487,0.6756115370573202,0.7918527782740754,0.6497580999853394,0.7138025446931873,0.6730303264387731,0.6840084333058498,0.6697304276025448,0.7182587666263603,0.6497580999853394,0.8366095599173242,0.7527446978505636,rank average: binary + expected + P45
0.488,0.6755202628696605,0.792128801431127,0.6491716757073743,0.7135605511240029,0.6730863910249187,0.6840779781197089,0.6696947056219951,0.7189842805320436,0.6491716757073743,0.8366095599173242,0.7527446978505636,rank average: binary + expected + P45
0.489,0.6748813435560423,0.792286995515695,0.6475590089429702,0.7126492416908681,0.6727649435857606,0.683755320674629,0.6691661509000788,0.7199516324062878,0.6475590089429702,0.8366095599173242,0.7527446978505636,rank average: binary + expected + P45
0.49,0.6739686016794451,0.7920186949487686,0.6459463421785662,0.71156330749354,0.6721079938678574,0.6830699062767075,0.6683341306569295,0.7201934703748488,0.6459463421785662,0.8366095599173242,0.7527446978505636,rank average: binary + expected + P45
0.491,0.6741511500547646,0.7930412835767081,0.6449200996921273,0.7113518758085382,0.6726345260553166,0.6836450558920129,0.6686474383233806,0.7223700120918984,0.6449200996921273,0.8366095599173242,0.7527446978505636,rank average: binary + expected + P45
0.492,0.6738773274917853,0.7932466594438425,0.6440404632751796,0.7108989400436928,0.6725554079795809,0.6835679946363806,0.6684401535767506,0.7230955259975816,0.6440404632751796,0.8366095599173242,0.7527446978505636,rank average: binary + expected + P45
0.493,0.6734209565534867,0.7932718393922952,0.6430142207887407,0.7102834008097166,0.6722946630165825,0.6832967113617222,0.668046950352568,0.7235792019347037,0.6430142207887407,0.8366095599173242,0.7527446978505636,rank average: binary + expected + P45
0.494,0.6728733114275283,0.793685356559608,0.6412549479548453,0.7093739863769056,0.6721411172146066,0.6831425888504576,0.6676306257563025,0.7250302297460701,0.6412549479548453,0.8366095599173242,0.7527446978505636,rank average: binary + expected + P45
0.495,0.6727820372398685,0.793968023255814,0.6406685236768802,0.7091277890466532,0.672204114342507,0.6832121336643168,0.6675919533529917,0.7257557436517533,0.6406685236768802,0.8366095599173242,0.7527446978505636,rank average: binary + expected + P45
0.496,0.6725082146768894,0.7944980870832574,0.6393490690514587,0.7085296506904956,0.6722627622173192,0.6832779202572892,0.6674287495277098,0.7272067714631197,0.6393490690514587,0.8366095599173242,0.7527446978505636,rank average: binary + expected + P45
0.497,0.6722343921139102,0.7944930707512764,0.6387626447734936,0.7081674116212922,0.6721003365452288,0.6831056271025873,0.6671887333946993,0.7274486094316808,0.6387626447734936,0.8366095599173242,0.7527446978505636,rank average: binary + expected + P45
0.498,0.671960569550931,0.794703196347032,0.637883008356546,0.7077098243331165,0.6720277521600149,0.683028565846955,0.666978872233114,0.728174123337364,0.637883008356546,0.8366095599173242,0.7527446978505636,rank average: binary + expected + P45
0.499,0.6715954728002921,0.7948764867337603,0.636856765870107,0.7071463454338272,0.671887341891739,0.6828782015565771,0.6666834989167889,0.7288996372430472,0.636856765870107,0.8366095599173242,0.7527446978505636,rank average: binary + expected + P45
0.5,0.6712303760496532,0.7951586282780121,0.6356839173141768,0.7065341372005866,0.6717933791944304,0.6827754532157342,0.6664025738918475,0.7298669891172914,0.6356839173141768,0.8366095599173242,0.7527446978505636,rank average: binary + expected + P45
0.501,0.6709565534866739,0.7952625780389276,0.6349508869667204,0.7061221162468411,0.6716784759523131,0.682650776010567,0.6661766620632857,0.7303506650544136,0.6349508869667204,0.8366095599173242,0.7527446978505636,rank average: binary + expected + P45
0.502,0.6707740051113545,0.7958394698085419,0.6337780384107902,0.7056231127070921,0.6718154626377975,0.682789865638285,0.6660945048989442,0.7318016928657799,0.6337780384107902,0.8366095599173242,0.7527446978505636,rank average: binary + expected + P45
0.503,0.6703176341730559,0.7960878390847019,0.6324585837853687,0.7049019607843138,0.6716577898692428,0.6826138142626964,0.665726414635333,0.7327690447400241,0.6324585837853687,0.8366095599173242,0.7527446978505636,rank average: binary + expected + P45
0.504,0.6700438116100766,0.7968518518518518,0.6308459170209647,0.7041976924965224,0.6718240540756739,0.6827748327547387,0.6655855865227427,0.7347037484885127,0.6308459170209647,0.8366095599173242,0.7527446978505636,rank average: binary + expected + P45
0.505,0.6696787148594378,0.7973625557206538,0.6293798563260519,0.703482179434658,0.6718327495042609,0.6827673163129655,0.6653292219930063,0.7361547762998791,0.6293798563260519,0.8366095599173242,0.7527446978505636,rank average: binary + expected + P45
0.506,0.6687659729828405,0.7975391498881432,0.6271807652836827,0.7021748050882233,0.6713911772330559,0.6822723657131835,0.6645447891998122,0.7373639661426844,0.6271807652836827,0.8366095599173242,0.7527446978505636,rank average: binary + expected + P45
0.507,0.6687659729828405,0.79798356982823,0.6265943410057176,0.7019791410035312,0.6715810706284007,0.6824628295113231,0.6646002536039741,0.7383313180169286,0.6265943410057176,0.8366095599173242,0.7527446978505636,rank average: binary + expected + P45
0.508,0.668583424607521,0.7983539094650206,0.62571470458877,0.7015698200049314,0.6716368477806387,0.6825066872399714,0.6644842429937432,0.7392986698911729,0.62571470458877,0.8366095599173242,0.7527446978505636,rank average: binary + expected + P45
0.509,0.6688572471705002,0.799138092561364,0.6252748863802962,0.7015956571804574,0.6721264408348732,0.6830122920414177,0.6648228439685351,0.7407496977025393,0.6252748863802962,0.8366095599173242,0.7527446978505636,rank average: binary + expected + P45
0.51,0.6686746987951807,0.7997369904189366,0.6241020378243659,0.7010869565217391,0.672281064000521,0.6831513816691358,0.6647326674500588,0.7422007255139057,0.6241020378243659,0.8366095599173242,0.7527446978505636,rank average: binary + expected + P45
0.511,0.66894852135816,0.8006400602409639,0.6235156135464008,0.7010632160224182,0.6728218019135366,0.683704602420117,0.6650831981533505,0.7438935912938331,0.6235156135464008,0.8366095599173242,0.7527446978505636,rank average: binary + expected + P45
0.512,0.6687659729828405,0.8009049773755657,0.6227825831989444,0.7007010309278351,0.6728339465787949,0.6837008441992304,0.6649515167922102,0.7446191051995164,0.6227825831989444,0.8366095599173242,0.7527446978505636,rank average: binary + expected + P45
0.513,0.668583424607521,0.8015122873345936,0.6216097346430142,0.7001899099991743,0.6729940540096899,0.6838399338269485,0.6648587546118716,0.7460701330108828,0.6216097346430142,0.8366095599173242,0.7527446978505636,rank average: binary + expected + P45
0.514,0.6684921504198612,0.8018171493469619,0.6210233103650491,0.6999339061467283,0.6730749769297828,0.6839094786408075,0.6648119775431847,0.7467956469165659,0.6210233103650491,0.8366095599173242,0.7527446978505636,rank average: binary + expected + P45
0.515,0.668583424607521,0.8025417298937785,0.6202902800175927,0.6997436533531796,0.6734383526316183,0.6842684773727625,0.6649751976919681,0.7482466747279323,0.6202902800175927,0.8366095599173242,0.7527446978505636,rank average: binary + expected + P45
0.516,0.6684921504198612,0.8030792624976241,0.619410643600645,0.6993875186227446,0.6736204038563625,0.6844332540856913,0.6649531692808535,0.7494558645707377,0.619410643600645,0.8366095599173242,0.7527446978505636,rank average: binary + expected + P45
0.517,0.6681270536692223,0.8032755665587508,0.6183844011142061,0.6988071570576541,0.6735045668026006,0.6842828897953135,0.6646474809678514,0.7501813784764207,0.6183844011142061,0.8366095599173242,0.7527446978505636,rank average: binary + expected + P45
0.518,0.6678532311062432,0.8040902140672783,0.616771734349802,0.6980834646975856,0.6737082796402081,0.6844439082873557,0.6644895465287299,0.7521160822249093,0.616771734349802,0.8366095599173242,0.7527446978505636,rank average: binary + expected + P45
0.519,0.6674881343556043,0.8040566398775354,0.6160387040023457,0.697601062505188,0.6734942885251551,0.684198312097908,0.6641578551248697,0.7523579201934704,0.6160387040023457,0.8366095599173242,0.7527446978505636,rank average: binary + expected + P45
0.52,0.6673055859802848,0.8046815042210284,0.6148658554464155,0.6970830216903515,0.6736673537818234,0.6843374017256261,0.664059275801143,0.7538089480048368,0.6148658554464155,0.8366095599173242,0.7527446978505636,rank average: binary + expected + P45
0.521,0.6669404892296459,0.805,0.6136930068904852,0.6964478828716413,0.6736084086170953,0.6842346533847832,0.6637633206694674,0.754776299879081,0.6136930068904852,0.8366095599173242,0.7527446978505636,rank average: binary + expected + P45
0.522,0.6664841182913472,0.8050471970718551,0.6126667644040463,0.6958041958041958,0.6733822281976796,0.6839633701101248,0.6633566433566433,0.7552599758162032,0.6126667644040463,0.8366095599173242,0.7527446978505636,rank average: binary + expected + P45
0.523,0.6659364731653888,0.8048216007714561,0.6117871279870987,0.6951524237881059,0.6729878234319939,0.6835235519016509,0.6628396885748524,0.7552599758162032,0.6117871279870987,0.8366095599173242,0.7527446978505636,rank average: binary + expected + P45
0.524,0.66557137641475,0.8047885692218575,0.6110540976396422,0.6946666666666667,0.6727768361082457,0.6832779557122033,0.6625068603712672,0.7555018137847642,0.6110540976396422,0.8366095599173242,0.7527446978505636,rank average: binary + expected + P45
0.525,0.6652975538517707,0.8051470588235294,0.6100278551532033,0.694136291600634,0.6727877657628358,0.6832485104061059,0.662295395623959,0.7564691656590085,0.6100278551532033,0.8366095599173242,0.7527446978505636,rank average: binary + expected + P45
0.526,0.6651150054764513,0.8055447848003102,0.6091482187362557,0.6937139994991235,0.6728655279641427,0.6832923681347542,0.6621695941319236,0.7574365175332527,0.6091482187362557,0.8366095599173242,0.7527446978505636,rank average: binary + expected + P45
0.527,0.6646586345381527,0.8055933190910857,0.6081219762498168,0.6930659983291563,0.6726433962426326,0.6830210848600958,0.661761323445407,0.7579201934703749,0.6081219762498168,0.8366095599173242,0.7527446978505636,rank average: binary + expected + P45
0.528,0.6647499087258123,0.8062256809338522,0.6075355519718516,0.6929186522865981,0.6729718500955368,0.6833324676425159,0.6619050099941683,0.7591293833131801,0.6075355519718516,0.8366095599173242,0.7527446978505636,rank average: binary + expected + P45
0.529,0.6647499087258123,0.8070620366757706,0.6065093094854127,0.6925588013727295,0.6733423390926023,0.6836657792892602,0.6619843680722153,0.7608222490931076,0.6065093094854127,0.8366095599173242,0.7527446978505636,rank average: binary + expected + P45
0.53,0.6647499087258123,0.8076622361219703,0.6057762791379563,0.6923012482198208,0.6736085153212592,0.6839038590369346,0.6620403484206874,0.762031438935913,0.6057762791379563,0.8366095599173242,0.7527446978505636,rank average: binary + expected + P45
0.531,0.6637458926615553,0.8074887277004509,0.6038704002345697,0.6909914443885254,0.6730014091106866,0.6831927575538024,0.6611113378098783,0.762515114873035,0.6038704002345697,0.8366095599173242,0.7527446978505636,rank average: binary + expected + P45
0.532,0.6636546184738956,0.8080550098231827,0.6029907638176221,0.6906221140122576,0.6732058206292866,0.6833575342667313,0.661079480163813,0.7637243047158404,0.6029907638176221,0.8366095599173242,0.7527446978505636,rank average: binary + expected + P45
0.533,0.6634720700985761,0.8087076438140268,0.6018179152616918,0.6900899386399932,0.6734014409546325,0.6834966238944493,0.6609710801537461,0.7651753325272068,0.6018179152616918,0.8366095599173242,0.7527446978505636,rank average: binary + expected + P45
0.534,0.663198247535597,0.8090819348469891,0.6007916727752529,0.6895507319535588,0.6734257068565279,0.6834671785883519,0.660753821991142,0.7661426844014511,0.6007916727752529,0.8366095599173242,0.7527446978505636,rank average: binary + expected + P45
0.535,0.6625593282219788,0.8093069306930694,0.5991790060108488,0.6885687810630949,0.6731939326679028,0.6831445211432721,0.6601891808910734,0.7671100362756953,0.5991790060108488,0.8366095599173242,0.7527446978505636,rank average: binary + expected + P45
0.536,0.6622855056589997,0.8095615949216425,0.5982993695939012,0.6880795818580341,0.6731662581539742,0.6830674598876398,0.6599601889389672,0.7678355501813785,0.5982993695939012,0.8366095599173242,0.7527446978505636,rank average: binary + expected + P45
0.537,0.6617378605330413,0.8098269345534116,0.5968333088989884,0.687204591492235,0.6730025210800453,0.6828181054773056,0.6594806741244958,0.7688029020556227,0.5968333088989884,0.8366095599173242,0.7527446978505636,rank average: binary + expected + P45
0.538,0.6620116830960204,0.8106815464328417,0.5963934906905146,0.6872202044091562,0.6735287152844572,0.6833237102787519,0.6598019020655927,0.7702539298669892,0.5963934906905146,0.8366095599173242,0.7527446978505636,rank average: binary + expected + P45
0.539,0.661829134720701,0.8116,0.5949274299956018,0.6865747398697234,0.6738490261920752,0.6835580318055396,0.6597079427224942,0.7721886336154776,0.5949274299956018,0.8366095599173242,0.7527446978505636,rank average: binary + expected + P45
0.54,0.6619204089083607,0.812136991788504,0.594487611787128,0.686473675300491,0.6741382594360934,0.683821798638425,0.6598341836593562,0.7731559854897219,0.594487611787128,0.8366095599173242,0.7527446978505636,rank average: binary + expected + P45
0.541,0.6615553121577218,0.8122367101303912,0.5936079753701803,0.6859224123327122,0.6739964324391698,0.6836238183985122,0.6595058331206407,0.773639661426844,0.5936079753701803,0.8366095599173242,0.7527446978505636,rank average: binary + expected + P45
0.542,0.6620116830960204,0.8135559131134352,0.5930215510922152,0.686000169592131,0.6748260848989636,0.6844188771180544,0.6600274590425326,0.7758162031438935,0.5930215510922152,0.8366095599173242,0.7527446978505636,rank average: binary + expected + P45
0.543,0.661829134720701,0.8138597904915391,0.5922885207447588,0.6856173101400085,0.6748704826957028,0.6844151188971678,0.6598818258017116,0.7765417170495768,0.5922885207447588,0.8366095599173242,0.7527446978505636,rank average: binary + expected + P45
0.544,0.661464037970062,0.8139628732849071,0.5914088843278111,0.6850641080071326,0.6747314366424535,0.6842171386572551,0.6595522809399255,0.7770253929866989,0.5914088843278111,0.8366095599173242,0.7527446978505636,rank average: binary + expected + P45
0.545,0.6611902154070829,0.8142308469779664,0.5905292479108635,0.6845683208701564,0.6747140255858379,0.6841400774016229,0.6593188607505356,0.7777509068923821,0.5905292479108635,0.8366095599173242,0.7527446978505636,rank average: binary + expected + P45
0.546,0.6612814895947426,0.815032414910859,0.5897962175634072,0.6843582546568002,0.6751241808773565,0.6844990761335779,0.6594612543594194,0.7792019347037484,0.5897962175634072,0.8366095599173242,0.7527446978505636,rank average: binary + expected + P45
0.547,0.6606425702811245,0.8150253807106599,0.5884767629379857,0.6834667120721948,0.674798380953904,0.6840811867894281,0.6588689059082202,0.7796856106408706,0.5884767629379857,0.8366095599173242,0.7527446978505636,rank average: binary + expected + P45
0.548,0.6605512960934647,0.815757328990228,0.5874505204515467,0.6830307679195432,0.6750858120794951,0.6842935794518918,0.6588353564521578,0.781136638452237,0.5874505204515467,0.8366095599173242,0.7527446978505636,rank average: binary + expected + P45
0.549,0.660460021905805,0.8161060142711519,0.5868640961735816,0.6827562681221218,0.6751989334287507,0.6843631242657509,0.6587745605287616,0.7818621523579202,0.5868640961735816,0.8366095599173242,0.7527446978505636,rank average: binary + expected + P45
0.55,0.660460021905805,0.8168812589413448,0.5859844597566339,0.6824312788116783,0.6755526202343207,0.6846488199629602,0.6588269357384534,0.7833131801692865,0.5859844597566339,0.8366095599173242,0.7527446978505636,rank average: binary + expected + P45
0.551,0.6602774735304856,0.8171954964176049,0.5852514294091775,0.6820433965487784,0.6756048310617098,0.6846450617420736,0.6586779788936328,0.7840386940749697,0.5852514294091775,0.8366095599173242,0.7527446978505636,rank average: binary + expected + P45
0.552,0.6601861993428259,0.8182004930156122,0.583931974783756,0.6814954230473095,0.6760187747601056,0.6849526863036072,0.6586583052828252,0.7859733978234583,0.583931974783756,0.8366095599173242,0.7527446978505636,rank average: binary + expected + P45
0.553,0.6600949251551661,0.8193441946793153,0.5824659140888433,0.6808911739503,0.6764970523093645,0.6853079268146756,0.6586451573715569,0.7881499395405078,0.5824659140888433,0.8366095599173242,0.7527446978505636,rank average: binary + expected + P45
0.554,0.659821102592187,0.81976023150062,0.5814396716024043,0.6803327901192212,0.6765522308205945,0.6852784815085782,0.6584147126252011,0.7891172914147521,0.5814396716024043,0.8366095599173242,0.7527446978505636,rank average: binary + expected + P45
0.555,0.6590909090909091,0.8198590381426202,0.5798270048380003,0.6792614856161443,0.6762374120915319,0.6848349050792177,0.6577372977900533,0.7898428053204353,0.5798270048380003,0.8366095599173242,0.7527446978505636,rank average: binary + expected + P45
0.556,0.6587258123402702,0.8202410640066501,0.5786541562820701,0.678586778990802,0.676233813253325,0.6847321567383748,0.6574177206560197,0.7908101571946796,0.5786541562820701,0.8366095599173242,0.7527446978505636,rank average: binary + expected + P45
0.557,0.6587258123402702,0.820774354704413,0.578067732004105,0.6783655913978495,0.6764795050505159,0.6849226205365144,0.6574485680329385,0.7917775090689239,0.578067732004105,0.8366095599173242,0.7527446978505636,rank average: binary + expected + P45
0.558,0.658086893026652,0.8207803046108909,0.5767482773786835,0.6774582400551059,0.6761698050719553,0.6845047311923647,0.6568491433330492,0.7922611850060459,0.5767482773786835,0.8366095599173242,0.7527446978505636,rank average: binary + expected + P45
0.559,0.6575392479006937,0.8208237507840268,0.5755754288227533,0.6766632195794554,0.6759229721034989,0.6841601448829606,0.6563370424633792,0.7927448609431681,0.5755754288227533,0.8366095599173242,0.7527446978505636,rank average: binary + expected + P45
0.56,0.6579956188389924,0.8223573825503355,0.5748423984752968,0.6766761584260937,0.6768541922447864,0.6850028195520378,0.6568501396605912,0.7951632406287787,0.5748423984752968,0.8366095599173242,0.7527446978505636,rank average: binary + expected + P45
0.561,0.657447973713034,0.8222689075630252,0.5738161559888579,0.6759347206631552,0.676547623568472,0.6846106172930988,0.6563295711533761,0.7954050785973398,0.5738161559888579,0.8366095599173242,0.7527446978505636,rank average: binary + expected + P45
0.562,0.6571741511500547,0.8228354750368654,0.5726433074329277,0.6753112033195021,0.676677843815743,0.6846287879365365,0.6561010772978021,0.7966142684401452,0.5726433074329277,0.8366095599173242,0.7527446978505636,rank average: binary + expected + P45
0.5630000000000001,0.6568090543994158,0.8233678428058314,0.5713238528075062,0.67457157694305,0.6767490025534861,0.6845736555452283,0.6557835679656359,0.7978234582829504,0.5713238528075062,0.8366095599173242,0.7527446978505636,rank average: binary + expected + P45
0.5640000000000001,0.6565352318364367,0.8239406779661017,0.570151004251576,0.6739450654189412,0.6768837450125569,0.6845918261886659,0.6555531903124019,0.7990326481257557,0.570151004251576,0.8366095599173242,0.7527446978505636,rank average: binary + expected + P45
0.5650000000000001,0.6559875867104783,0.8241291418861513,0.5688315496261546,0.6730852632491977,0.6767092572426915,0.6842948558287967,0.6550440281381306,0.7997581620314389,0.5688315496261546,0.8366095599173242,0.7527446978505636,rank average: binary + expected + P45
0.5660000000000001,0.6555312157721797,0.8247708377744617,0.5672188828617505,0.6721681723419041,0.6767908458624903,0.684214036352278,0.6546417784786444,0.8012091898428053,0.5672188828617505,0.8366095599173242,0.7527446978505636,rank average: binary + expected + P45
0.5670000000000001,0.6551661190215408,0.8251763197264372,0.5660460343058202,0.6714782608695652,0.6768067356159668,0.6841112880114348,0.6543138519100036,0.8021765417170496,0.5660460343058202,0.8366095599173242,0.7527446978505636,rank average: binary + expected + P45
0.5680000000000001,0.6549835706462213,0.8253798416434839,0.5654596100278552,0.6711327649208283,0.6768153386157894,0.6840599138410135,0.6541496038080816,0.8026602176541717,0.5654596100278552,0.8366095599173242,0.7527446978505636,rank average: binary + expected + P45
0.5690000000000001,0.6549835706462213,0.8260776324254772,0.5647265796803987,0.670846394984326,0.6771417877684354,0.6842979935886879,0.6541803896670767,0.803869407496977,0.5647265796803987,0.8366095599173242,0.7527446978505636,rank average: binary + expected + P45
0.5700000000000001,0.6543446513326031,0.8259561667382896,0.5635537311244686,0.6699782135076253,0.6767832245941527,0.6838324882950033,0.6535672422333566,0.8041112454655381,0.5635537311244686,0.8366095599173242,0.7527446978505636,rank average: binary + expected + P45
0.5710000000000001,0.6541621029572837,0.8267241379310345,0.5623808825685384,0.6694005758659802,0.6770574457862899,0.6839715779227213,0.6534257687482231,0.8055622732769044,0.5623808825685384,0.8366095599173242,0.7527446978505636,rank average: binary + expected + P45
0.5720000000000001,0.6538882803943045,0.8268940211526009,0.5616478522210819,0.6689366160293347,0.6770086110823894,0.6838469007175543,0.6531716929831126,0.8060459492140266,0.5616478522210819,0.8366095599173242,0.7527446978505636,rank average: binary + expected + P45
0.5730000000000001,0.6537057320189851,0.8276683264775926,0.5604750036651517,0.6683566433566434,0.6772869011273871,0.6839859903452723,0.6530285890580008,0.807496977025393,0.5604750036651517,0.8366095599173242,0.7527446978505636,rank average: binary + expected + P45
0.5740000000000001,0.6528842643300474,0.8274739583333334,0.559008942970239,0.6672499781258203,0.6768119634136736,0.6833738789820964,0.6522360736760935,0.8077388149939541,0.559008942970239,0.8366095599173242,0.7527446978505636,rank average: binary + expected + P45
0.5750000000000001,0.6522453450164294,0.8276387377584331,0.5575428822753262,0.6662578836720392,0.6765925177551795,0.6830036055874817,0.6516312284213854,0.8084643288996373,0.5575428822753262,0.8366095599173242,0.7527446978505636,rank average: binary + expected + P45
0.5760000000000001,0.6516064257028112,0.8276614310645725,0.5562234276499047,0.6653222270933801,0.676307175042644,0.682585716243332,0.6510203026587106,0.8089480048367593,0.5562234276499047,0.8366095599173242,0.7527446978505636,rank average: binary + expected + P45
0.577,0.6510587805768528,0.8275786713286714,0.5551971851634657,0.6645608493463192,0.6760150409934893,0.6821935139843931,0.6504925026569922,0.8091898428053205,0.5551971851634657,0.8366095599173242,0.7527446978505636,rank average: binary + expected + P45
0.578,0.6504198612632348,0.8278886209164656,0.5535845183990618,0.6635037778949218,0.6758676880970131,0.6818708565393132,0.6498905404194457,0.8101571946795647,0.5535845183990618,0.8366095599173242,0.7527446978505636,rank average: binary + expected + P45
0.579,0.6498722161372764,0.8279499011206328,0.5524116698431315,0.6626802673232501,0.6756455204276076,0.6815262702299092,0.6493666991265208,0.8106408706166868,0.5524116698431315,0.8366095599173242,0.7527446978505636,rank average: binary + expected + P45
0.58,0.6494158451989778,0.8280493174812857,0.5513854273566926,0.6619730704919475,0.6754839665049086,0.6812549869552508,0.6489313641397078,0.811124546553809,0.5513854273566926,0.8366095599173242,0.7527446978505636,rank average: binary + expected + P45
0.581,0.649324571011318,0.8284454244762954,0.5507990030787274,0.6616766467065869,0.6756305926306099,0.6813245317691098,0.6488565120611374,0.8118500604594922,0.5507990030787274,0.8366095599173242,0.7527446978505636,rank average: binary + expected + P45
0.582,0.6492332968236583,0.8292790800530738,0.5497727605922885,0.6612007405448294,0.6759855145369503,0.6815369244315735,0.6487950906811573,0.8133010882708586,0.5497727605922885,0.8366095599173242,0.7527446978505636,rank average: binary + expected + P45
0.583,0.6486856516976999,0.8296362023070097,0.5483066998973758,0.6602524494659723,0.6759068108309243,0.6812875700212393,0.6482779775440983,0.8142684401451028,0.5483066998973758,0.8366095599173242,0.7527446978505636,rank average: binary + expected + P45
0.584,0.6485943775100401,0.830772656423959,0.5469872452719543,0.6596534653465347,0.6764072098825131,0.6815951945827727,0.6482229590883617,0.8162031438935913,0.5469872452719543,0.8366095599173242,0.7527446978505636,rank average: binary + expected + P45
0.585,0.6480467323840818,0.8308413300602544,0.545814396716024,0.6588214475314104,0.676192865802328,0.6812506082733687,0.6476953609004836,0.8166868198307135,0.545814396716024,0.8366095599173242,0.7527446978505636,rank average: binary + expected + P45
0.586,0.6478641840087623,0.8312094790968031,0.5450813663685676,0.6584026916947051,0.676286522673498,0.6812468500524822,0.6475287144666781,0.8174123337363967,0.5450813663685676,0.8366095599173242,0.7527446978505636,rank average: binary + expected + P45
0.587,0.6472252646951442,0.8312415956969968,0.5437619117431461,0.6574492599485953,0.6760150078885354,0.6808289607083324,0.6469107246210188,0.8178960096735187,0.5437619117431461,0.8366095599173242,0.7527446978505636,rank average: binary + expected + P45
0.588,0.6468601679445053,0.8315363881401617,0.5427356692567072,0.656790561518673,0.6759926713148533,0.6806785964179546,0.6465642816052807,0.8186215235792019,0.5427356692567072,0.8366095599173242,0.7527446978505636,rank average: binary + expected + P45
0.589,0.6472252646951442,0.8327330031517335,0.5422958510482334,0.6568409837521086,0.6767287981678225,0.6813051202036814,0.6469480531494134,0.8203143893591294,0.5422958510482334,0.8366095599173242,0.7527446978505636,rank average: binary + expected + P45
0.59,0.6467688937568455,0.8328445747800587,0.5412696085617945,0.656122267638173,0.6765786571585408,0.681033836929023,0.6465073713871106,0.8207980652962515,0.5412696085617945,0.8366095599173242,0.7527446978505636,rank average: binary + expected + P45
0.591,0.6465863453815262,0.8335218276408053,0.5402433660753555,0.6555772994129159,0.6768221226956896,0.6811253106072062,0.6463453507373857,0.8220072551390568,0.5402433660753555,0.8366095599173242,0.7527446978505636,rank average: binary + expected + P45
0.592,0.6460387002555678,0.8335978236227612,0.5390705175194253,0.6547364672364673,0.6766155657456816,0.6807807242978021,0.6458139265021288,0.822490931076179,0.5390705175194253,0.8366095599173242,0.7527446978505636,rank average: binary + expected + P45
0.593,0.6458561518802483,0.834432567659768,0.5378976689634951,0.6541272954180781,0.6769357532611997,0.6809198139255201,0.6456535111838848,0.8239419588875453,0.5378976689634951,0.8366095599173242,0.7527446978505636,rank average: binary + expected + P45
0.594,0.6452172325666301,0.8346259124087592,0.5364316082685823,0.6531012940651495,0.6767469184685305,0.6805495405309054,0.6450338822992228,0.8246674727932285,0.5364316082685823,0.8366095599173242,0.7527446978505636,rank average: binary + expected + P45
0.595,0.6453997809419496,0.8356195701874715,0.5358451839906172,0.652970075926753,0.6773053791380992,0.680981842297606,0.6452309556642256,0.8261185006045949,0.5358451839906172,0.8366095599173242,0.7527446978505636,rank average: binary + expected + P45
0.596,0.6450346841913107,0.8360843649701971,0.534672335434687,0.6522400071537154,0.6773688430856445,0.680879093956763,0.6448822367765967,0.8270858524788391,0.534672335434687,0.8366095599173242,0.7527446978505636,rank average: binary + expected + P45
0.597,0.6446695874406718,0.836551724137931,0.5334994868787568,0.6515083698863128,0.6774342029711756,0.6807763456159202,0.6445326971859644,0.8280532043530834,0.5334994868787568,0.8366095599173242,0.7527446978505636,rank average: binary + expected + P45
0.598,0.6444870390653523,0.8370967741935483,0.5326198504618092,0.6510169339664904,0.6776173109178141,0.6808202033445685,0.644362527070679,0.8290205562273277,0.5326198504618092,0.8366095599173242,0.7527446978505636,rank average: binary + expected + P45
0.599,0.6441219423147134,0.8371019843101062,0.5318868201143527,0.6504706409681758,0.6774606871112596,0.6805746071551207,0.6440044940454898,0.8292623941958888,0.5318868201143527,0.8366095599173242,0.7527446978505636,rank average: binary + expected + P45
0.6,0.6436655713764148,0.83769391062746,0.53042075941944,0.6495511669658887,0.6775481757446475,0.6804461717290671,0.6435650376233082,0.830471584038694,0.53042075941944,0.8366095599173242,0.7527446978505636,rank average: binary + expected + P45
0.601,0.6433004746257758,0.8383275261324041,0.5291013047940185,0.6487506740967104,0.6776963145622177,0.680391039337759,0.6432145730950825,0.8316807738814994,0.5291013047940185,0.8366095599173242,0.7527446978505636,rank average: binary + expected + P45
0.602,0.6432092004381161,0.8390777829529577,0.5282216683770709,0.6483130904183536,0.6780198281321378,0.6805558160506877,0.6431340389574403,0.8328899637243047,0.5282216683770709,0.8366095599173242,0.7527446978505636,rank average: binary + expected + P45
0.603,0.6429353778751369,0.8394399066511086,0.5273420319601232,0.6477579686655862,0.6780770212314156,0.6804787547950555,0.642868434638179,0.8336154776299879,0.5273420319601232,0.8366095599173242,0.7527446978505636,rank average: binary + expected + P45
0.604,0.6417488134355605,0.8391100702576112,0.5252895469872453,0.6461094581191957,0.6774072636660475,0.6795734312928972,0.641694411159219,0.8338573155985489,0.5252895469872453,0.8366095599173242,0.7527446978505636,rank average: binary + expected + P45
0.605,0.6414749908725812,0.8394743018070875,0.5244099105702976,0.6455513445226494,0.6774667998953287,0.6794963700372649,0.6414275651514447,0.8345828295042321,0.5244099105702976,0.8366095599173242,0.7527446978505636,rank average: binary + expected + P45
0.606,0.6409273457466228,0.8400471142520612,0.5227972438058935,0.6444966564250858,0.6775112638761424,0.6792946315764655,0.6408911458411617,0.8357920193470375,0.5227972438058935,0.8366095599173242,0.7527446978505636,rank average: binary + expected + P45
0.607,0.6408360715589632,0.8412961210974456,0.521477789180472,0.6438591727758168,0.6780796895618024,0.6796022561379991,0.6408101902726548,0.837726723095526,0.521477789180472,0.8366095599173242,0.7527446978505636,rank average: binary + expected + P45
0.608,0.640197152245345,0.8415183867141163,0.5200117284855593,0.642805364262414,0.6779168850941891,0.6792319827433843,0.6401779671624686,0.8384522370012092,0.5200117284855593,0.8366095599173242,0.7527446978505636,rank average: binary + expected + P45
0.609,0.6401058780576853,0.8429456625357483,0.5185456677906465,0.6420985749296542,0.6785734229838505,0.6795872232544526,0.6400947211500038,0.8406287787182588,0.5185456677906465,0.8366095599173242,0.7527446978505636,rank average: binary + expected + P45
0.61,0.6395582329317269,0.8430482560917344,0.5173728192347163,0.6412283092577451,0.6783926657120415,0.6792426369450486,0.6395504223959518,0.8411124546553809,0.5173728192347163,0.8366095599173242,0.7527446978505636,rank average: binary + expected + P45
0.611,0.6385542168674698,0.8427989456026839,0.515613546400821,0.6398035291977442,0.6778494212017547,0.6784839195123815,0.6385498686472326,0.841354292623942,0.515613546400821,0.8366095599173242,0.7527446978505636,rank average: binary + expected + P45
0.612,0.6382803943044907,0.8433445458913984,0.514587303914382,0.6391696257853046,0.6780013868697499,0.6784544742062841,0.6382781974658063,0.8423216444981863,0.514587303914382,0.8366095599173242,0.7527446978505636,rank average: binary + expected + P45
0.613,0.6380978459291712,0.8439306358381503,0.5137076674974344,0.6386585254716122,0.6782116436098453,0.6784983319349325,0.6380969745924657,0.8432889963724305,0.5137076674974344,0.8366095599173242,0.7527446978505636,rank average: binary + expected + P45
0.614,0.6376414749908725,0.8442405216131369,0.5125348189415042,0.6378398102536034,0.6781730854580725,0.678274664609809,0.6376413663140164,0.8440145102781137,0.5125348189415042,0.8366095599173242,0.7527446978505636,rank average: binary + expected + P45
0.615,0.6367287331142752,0.8441967530894112,0.5107755461076089,0.6364632809645597,0.6777727066076724,0.6776368661614223,0.6367285394242719,0.8444981862152358,0.5107755461076089,0.8366095599173242,0.7527446978505636,rank average: binary + expected + P45
0.616,0.635815991237678,0.8439854191980559,0.5091628793432048,0.6351499634235552,0.6772916425035741,0.6769514517635009,0.635814777630145,0.8447400241837969,0.5091628793432048,0.8366095599173242,0.7527446978505636,rank average: binary + expected + P45
0.617,0.635815991237678,0.844991469656349,0.5082832429262572,0.6347491761259612,0.6777853889942331,0.6772371474607102,0.6358128843862423,0.8461910519951632,0.5082832429262572,0.8366095599173242,0.7527446978505636,rank average: binary + expected + P45
0.618,0.6356334428623586,0.8455900317615441,0.5074036065093095,0.6342312625984974,0.6780041081144891,0.6772810051893585,0.6356280881095778,0.8471584038694076,0.5074036065093095,0.8366095599173242,0.7527446978505636,rank average: binary + expected + P45
0.619,0.6349032493610807,0.8457955381220887,0.5057909397449054,0.6330275229357798,0.6778054322862879,0.6768374287599981,0.6348937106142757,0.8478839177750906,0.5057909397449054,0.8366095599173242,0.7527446978505636,rank average: binary + expected + P45
0.62,0.6345381526104418,0.8461538461538461,0.5047646972584665,0.6323232323232323,0.6778322592174777,0.6766870644696201,0.63452488961471,0.8486094316807739,0.5047646972584665,0.8366095599173242,0.7527446978505636,rank average: binary + expected + P45
0.621,0.6347207009857613,0.8472530179847253,0.5041782729805014,0.6321691176470589,0.6784474456314811,0.6771193662363209,0.6347031230004692,0.8500604594921403,0.5041782729805014,0.8366095599173242,0.7527446978505636,rank average: binary + expected + P45
0.622,0.6342643300474626,0.8475790513833992,0.5030054244245712,0.6313368295151348,0.678421836056494,0.6768956989111974,0.6342412663377539,0.8507859733978235,0.5030054244245712,0.8366095599173242,0.7527446978505636,rank average: binary + expected + P45
0.623,0.6338079591091639,0.8479068615308397,0.5018325758686409,0.6305028550377602,0.6783977146214684,0.6766720315860738,0.6337786574808848,0.8515114873035067,0.5018325758686409,0.8366095599173242,0.7527446978505636,rank average: binary + expected + P45
0.624,0.6331690397955458,0.8479880774962743,0.5005131212432194,0.629482806305891,0.6781787429328413,0.6762541422419241,0.633132727147523,0.8519951632406287,0.5005131212432194,0.8366095599173242,0.7527446978505636,rank average: binary + expected + P45
0.625,0.632803943044907,0.8481831757093081,0.4996334848262718,0.6288402989205646,0.6781273330261732,0.6760561620020114,0.6327620622210517,0.8524788391777509,0.4996334848262718,0.8366095599173242,0.7527446978505636,rank average: binary + expected + P45
0.626,0.6321650237312888,0.8482655353132019,0.4983140302008503,0.6278167713335796,0.6779102896022047,0.6756382726578617,0.6321148093405538,0.8529625151148731,0.4983140302008503,0.8366095599173242,0.7527446978505636,rank average: binary + expected + P45
0.627,0.6314348302300109,0.8484848484848485,0.4967013634364463,0.6265951544294434,0.6777251184834123,0.6751946962285013,0.6313729061028096,0.8536880290205562,0.4967013634364463,0.8366095599173242,0.7527446978505636,rank average: binary + expected + P45
0.628,0.6308871851040526,0.8489570243779844,0.4952353027415335,0.6255555555555555,0.6777392259628205,0.674945341818167,0.6308123350131989,0.8546553808948005,0.4952353027415335,0.8366095599173242,0.7527446978505636,rank average: binary + expected + P45
0.629,0.6299744432274553,0.8487522056970003,0.49362263597712946,0.6242120875046347,0.677273513064554,0.6742599274202455,0.6298874173589337,0.8548972188633616,0.49362263597712946,0.8366095599173242,0.7527446978505636,rank average: binary + expected + P45
0.63,0.630065717415115,0.8496715512885296,0.49303621169916434,0.6239910937934874,0.6777651840466654,0.6745713102026656,0.6299691389204569,0.8561064087061668,0.49303621169916434,0.8366095599173242,0.7527446978505636,rank average: binary + expected + P45
0.631,0.6298831690397956,0.850126582278481,0.492303181351708,0.6235261349921084,0.6779179871141192,0.674567551981779,0.6297776083810736,0.85683192261185,0.492303181351708,0.8366095599173242,0.7527446978505636,rank average: binary + expected + P45
0.632,0.6291529755385177,0.8501777552056882,0.4908371206567952,0.6223626731108839,0.6776537108886804,0.6740763596028837,0.629033035649856,0.8573155985489722,0.4908371206567952,0.8366095599173242,0.7527446978505636,rank average: binary + expected + P45
0.633,0.6291529755385177,0.8507121057985758,0.49039730244832136,0.6221519575932298,0.6779186952683084,0.6742192074514883,0.629025615860868,0.8580411124546554,0.49039730244832136,0.8366095599173242,0.7527446978505636,rank average: binary + expected + P45
0.634,0.628696604600219,0.8507006369426752,0.4895176660313737,0.6214405360134003,0.6777326253978061,0.6739003082272951,0.6285601390437769,0.8582829504232165,0.4895176660313737,0.8366095599173242,0.7527446978505636,rank average: binary + expected + P45
0.635,0.628057685286601,0.8507920286152274,0.4881982114059522,0.6204005589194225,0.6775260909903743,0.6734824188831454,0.6279062828595502,0.8587666263603386,0.4881982114059522,0.8366095599173242,0.7527446978505636,rank average: binary + expected + P45
0.636,0.6272362175976633,0.8508074852601897,0.4865855446415482,0.6191009140085805,0.6772109715457575,0.6729179234695044,0.6270660959676504,0.8592503022974607,0.4865855446415482,0.8366095599173242,0.7527446978505636,rank average: binary + expected + P45
0.637,0.626688572471705,0.851299202469771,0.4851194839466354,0.6180425849831901,0.6772410568863214,0.6726685690591702,0.626497193955358,0.8602176541717049,0.4851194839466354,0.8366095599173242,0.7527446978505636,rank average: binary + expected + P45
0.638,0.6264147499087258,0.8517276946879835,0.48423984752968774,0.617440882325451,0.677347317250745,0.6725915078035379,0.6262090704323233,0.8609431680773881,0.48423984752968774,0.8366095599173242,0.7527446978505636,rank average: binary + expected + P45
0.639,0.6258671047827674,0.8520434557682359,0.48292039290426625,0.6164498923926266,0.6772911213961067,0.6722945374436688,0.6256414272653557,0.8616686819830713,0.48292039290426625,0.8366095599173242,0.7527446978505636,rank average: binary + expected + P45
0.64,0.6255932822197883,0.8526588845654993,0.4818941504178273,0.6157736980142375,0.6774912504787785,0.6722650921375715,0.6253485791601981,0.8626360338573156,0.4818941504178273,0.8366095599173242,0.7527446978505636,rank average: binary + expected + P45
0.641,0.625319459656809,0.8529106029106029,0.48116112007037093,0.6152404161589652,0.6775104505830449,0.6721404149324044,0.6250621719681244,0.8631197097944378,0.48116112007037093,0.8366095599173242,0.7527446978505636,rank average: binary + expected + P45
0.642,0.6251369112814896,0.8535695674830641,0.48028148365342327,0.6146918097382493,0.6777682060511696,0.6721842726610526,0.6248612341146592,0.864087061668682,0.48028148365342327,0.8366095599173242,0.7527446978505636,rank average: binary + expected + P45
0.643,0.6244067177802117,0.8536330371144799,0.4788154229585105,0.6135061519676904,0.6775177808293298,0.6716930802821574,0.6241077142439428,0.8645707376058042,0.4788154229585105,0.8366095599173242,0.7527446978505636,rank average: binary + expected + P45
0.644,0.6235852500912742,0.8534731323722149,0.4773493622635977,0.6122602482136141,0.6771216663121402,0.6710809689189814,0.6232638594739586,0.8648125755743652,0.4773493622635977,0.8366095599173242,0.7527446978505636,rank average: binary + expected + P45
0.645,0.6232201533406353,0.8535048569178262,0.47661633191614133,0.6116650987770461,0.6769972864412833,0.6708353727295338,0.6228862632690406,0.8650544135429262,0.47661633191614133,0.8366095599173242,0.7527446978505636,rank average: binary + expected + P45
0.646,0.6234027017159547,0.854885435870424,0.47588330156868497,0.611414579016764,0.6777570076404781,0.6713152904457693,0.6230439284317042,0.8667472793228537,0.47588330156868497,0.8366095599173242,0.7527446978505636,rank average: binary + expected + P45
0.647,0.621942314713399,0.8546465448768864,0.47324439231784193,0.6091715418003397,0.6770795058971422,0.6702376737889089,0.6215382191943187,0.8672309552599758,0.47324439231784193,0.8366095599173242,0.7527446978505636,rank average: binary + expected + P45
0.648,0.621303395399781,0.8553191489361702,0.4714851194839466,0.6078820527360362,0.6771731931451279,0.6699626322933638,0.6208592154069379,0.8684401451027811,0.4714851194839466,0.8366095599173242,0.7527446978505636,rank average: binary + expected + P45
0.649,0.6211208470244615,0.8558102345415778,0.47075208913649025,0.6073961978624799,0.677349870185836,0.6699588740724773,0.6206572664063259,0.8691656590084643,0.47075208913649025,0.8366095599173242,0.7527446978505636,rank average: binary + expected + P45
0.65,0.6211208470244615,0.8565705128205128,0.4701656648585251,0.6070989115002366,0.6777306252399846,0.6701493378706168,0.6206376729000258,0.8701330108827086,0.4701656648585251,0.8366095599173242,0.7527446978505636,rank average: binary + expected + P45
0.651,0.6201168309602044,0.8563387831680515,0.4684063920246298,0.6055724033358605,0.6772351355286624,0.6693906204379497,0.6195995819496204,0.8703748488512697,0.4684063920246298,0.8366095599173242,0.7527446978505636,rank average: binary + expected + P45
0.652,0.6198430083972253,0.8571812802582033,0.4672335434686996,0.6048012145364835,0.6775544422843931,0.6694087910813873,0.6192914891815452,0.871584038694075,0.4672335434686996,0.8366095599173242,0.7527446978505636,rank average: binary + expected + P45
0.653,0.6202081051478642,0.8584905660377359,0.4669403313297171,0.604880828031526,0.6783482363724423,0.6699876989175793,0.619635739558334,0.8730350665054414,0.4669403313297171,0.8366095599173242,0.7527446978505636,rank average: binary + expected + P45
0.654,0.6201168309602044,0.8594214652608814,0.4660606949127694,0.6043726235741445,0.6787805962104324,0.6701524756305081,0.6195142612252744,0.8742442563482467,0.4660606949127694,0.8366095599173242,0.7527446978505636,rank average: binary + expected + P45
0.655,0.6196604600219058,0.8594257854821236,0.46518105849582175,0.6036335964995719,0.6786115711551587,0.6698335764063148,0.6190376070926669,0.8744860943168078,0.46518105849582175,0.8366095599173242,0.7527446978505636,rank average: binary + expected + P45
0.656,0.6188389923329682,0.85966820777808,0.4634217856619264,0.6022099447513812,0.6784259434274381,0.6693166969422086,0.6181717324948426,0.8752116082224909,0.4634217856619264,0.8366095599173242,0.7527446978505636,rank average: binary + expected + P45
0.657,0.6188389923329682,0.8610428610428611,0.4623955431754875,0.6016787485692484,0.6791159732336203,0.669650008588953,0.6181302388278513,0.8769044740024183,0.4623955431754875,0.8366095599173242,0.7527446978505636,rank average: binary + expected + P45
0.658,0.6183826213946696,0.8614457831325302,0.4612226946195572,0.6007829657213788,0.6791484118291348,0.6694263412638294,0.6176394940504787,0.8776299879081015,0.4612226946195572,0.8366095599173242,0.7527446978505636,rank average: binary + expected + P45
0.659,0.6181087988316903,0.8615300246778174,0.46063627034159216,0.600305693542224,0.6790889964680645,0.6692540481091274,0.6173496311122515,0.8778718258766627,0.46063627034159216,0.8366095599173242,0.7527446978505636,rank average: binary + expected + P45
0.66,0.6172873311427528,0.861784140969163,0.45887699750769684,0.598871137472496,0.6789122780214466,0.6687371686450213,0.6164789407582394,0.8785973397823458,0.45887699750769684,0.8366095599173242,0.7527446978505636,rank average: binary + expected + P45
0.661,0.6170135085797737,0.8620689655172413,0.4581439671602404,0.5983151445529389,0.678954275419922,0.6686124914398541,0.6161818178721437,0.879081015719468,0.4581439671602404,0.8366095599173242,0.7527446978505636,rank average: binary + expected + P45
0.662,0.6163745892661555,0.8624031007751938,0.4566779064653277,0.59714367871178,0.6788867355727821,0.6682422180452394,0.6154984009030631,0.8798065296251512,0.4566779064653277,0.8366095599173242,0.7527446978505636,rank average: binary + expected + P45
0.663,0.6159182183278569,0.8626144879267277,0.45565166397888873,0.5963161933998465,0.6788252638192049,0.667970934770581,0.6150104643879455,0.8802902055622733,0.45565166397888873,0.8366095599173242,0.7527446978505636,rank average: binary + expected + P45
0.664,0.6154618473895582,0.8626251390433816,0.4547720275619411,0.5955649419218585,0.6786631129999516,0.6676520355463877,0.6145288824441828,0.8805320435308344,0.4547720275619411,0.8366095599173242,0.7527446978505636,rank average: binary + expected + P45
0.665,0.6154618473895582,0.8630289532293987,0.45447881542295854,0.5954095841736291,0.6788664592328416,0.6677472674454574,0.6145149494918063,0.8810157194679564,0.45447881542295854,0.8366095599173242,0.7527446978505636,rank average: binary + expected + P45
0.666,0.6147316538882804,0.8631284916201117,0.45301275472804575,0.594173637150274,0.6786493868078867,0.6672560750665621,0.6137404542279908,0.8814993954050786,0.45301275472804575,0.8366095599173242,0.7527446978505636,rank average: binary + expected + P45
0.667,0.6135450894487039,0.8630367667695762,0.4508136636856766,0.5922573189522342,0.678170621988873,0.6663983675139387,0.6124888260271233,0.8819830713422008,0.4508136636856766,0.8366095599173242,0.7527446978505636,rank average: binary + expected + P45
0.668,0.6132712668857248,0.8633295838020247,0.4500806333382202,0.5916931675821528,0.6782188459550664,0.6662736903087715,0.6121881529284843,0.8824667472793228,0.4500806333382202,0.8366095599173242,0.7527446978505636,rank average: binary + expected + P45
0.669,0.6129061701350857,0.8633802816901408,0.4493476029907638,0.5910712563880051,0.6781119609908981,0.6660280941193238,0.6117993835011684,0.8827085852478839,0.4493476029907638,0.8366095599173242,0.7527446978505636,rank average: binary + expected + P45
0.67,0.6124497991967871,0.8644211718086612,0.4477349362263598,0.5899169403129225,0.6784722051957222,0.665947274642805,0.6112761721810329,0.8841596130592503,0.4477349362263598,0.8366095599173242,0.7527446978505636,rank average: binary + expected + P45
0.671,0.6119934282584885,0.8648495173197047,0.44656208767042954,0.5889973895388185,0.6785237632334332,0.6657236073176815,0.610774950279825,0.8848851269649335,0.44656208767042954,0.8366095599173242,0.7527446978505636,rank average: binary + expected + P45
0.672,0.6115370573201898,0.8650725875320239,0.44553584518399064,0.5881556028643313,0.6784720723499162,0.6654523240430231,0.6102809453257569,0.8853688029020557,0.44553584518399064,0.8366095599173242,0.7527446978505636,rank average: binary + expected + P45
0.673,0.6109894121942314,0.8650499286733239,0.4445096026975517,0.5872554716250242,0.6782637913397488,0.6650601217840841,0.6096988561301369,0.8856106408706167,0.4445096026975517,0.8366095599173242,0.7527446978505636,rank average: binary + expected + P45
0.674,0.6105330412559328,0.8650657518582047,0.443629966280604,0.586490939044481,0.6781080971680404,0.6647412225598909,0.6092120010498865,0.8858524788391777,0.443629966280604,0.8366095599173242,0.7527446978505636,rank average: binary + expected + P45
0.675,0.6101679445052939,0.8657487091222031,0.4424571177246738,0.5856214223343359,0.6783228150698031,0.6646384742190479,0.608795200611373,0.886819830713422,0.4424571177246738,0.8366095599173242,0.7527446978505636,rank average: binary + expected + P45
0.676,0.609802847754655,0.8660149511213341,0.4415774813077261,0.5849111564229537,0.6783270797329056,0.6644404939791351,0.6083946120528615,0.8873035066505441,0.4415774813077261,0.8366095599173242,0.7527446978505636,rank average: binary + expected + P45
0.677,0.6094377510040161,0.8664936562860438,0.4405512388212872,0.5841189619982505,0.6784391358353296,0.6642901296887573,0.6079848014843701,0.8880290205562273,0.4405512388212872,0.8366095599173242,0.7527446978505636,rank average: binary + expected + P45
0.678,0.608798831690398,0.8666473821232282,0.4392317841958657,0.5829928001556723,0.6782896865276763,0.6638722403446076,0.607294921652531,0.8885126964933494,0.4392317841958657,0.8366095599173242,0.7527446978505636,rank average: binary + expected + P45
0.679,0.6082511865644395,0.8668407310704961,0.4380589356399355,0.5820023373587846,0.6781933046749471,0.6635276540352035,0.6067002411630749,0.8889963724304716,0.4380589356399355,0.8366095599173242,0.7527446978505636,rank average: binary + expected + P45
0.68,0.607429718875502,0.8671328671328671,0.43629966280604016,0.5805130205793426,0.6780507504191715,0.6630107745710975,0.605806729004827,0.8897218863361548,0.43629966280604016,0.8366095599173242,0.7527446978505636,rank average: binary + expected + P45
0.681,0.6065169769989047,0.8671737858396723,0.43454038997214484,0.578962789334896,0.677749800852975,0.6623729761227108,0.604824494127741,0.8902055622732769,0.43454038997214484,0.8366095599173242,0.7527446978505636,rank average: binary + expected + P45
0.682,0.6060606060606061,0.8678414096916299,0.43322093534672335,0.5779385879131625,0.6779281210820751,0.6621969247471222,0.604303882352953,0.8911729141475212,0.43322093534672335,0.8366095599173242,0.7527446978505636,rank average: binary + expected + P45
0.683,0.6058780576852866,0.8686303387334315,0.4323412989297757,0.5773296789350039,0.6782643824337704,0.6622407824757706,0.604071816211688,0.8921402660217654,0.4323412989297757,0.8366095599173242,0.7527446978505636,rank average: binary + expected + P45
0.684,0.6054216867469879,0.8695266272189349,0.4308752382348629,0.5762180178413882,0.6785595121311148,0.6621123470497168,0.6035389465861368,0.8933494558645707,0.4308752382348629,0.8366095599173242,0.7527446978505636,rank average: binary + expected + P45
0.685,0.6049653158086893,0.8697715811331949,0.429848995748424,0.5753532182103611,0.6785245512785288,0.6618410637750585,0.6030349708799245,0.8938331318016929,0.429848995748424,0.8366095599173242,0.7527446978505636,rank average: binary + expected + P45
0.686,0.6044176706827309,0.8697591436217663,0.42882275326198505,0.5744304791830322,0.678327484361917,0.6614488615161195,0.6024437525519527,0.8940749697702539,0.42882275326198505,0.8366095599173242,0.7527446978505636,rank average: binary + expected + P45
0.687,0.6033223804308142,0.869513287548522,0.42691687435859843,0.5726647000983284,0.6778222412502699,0.6606168410487067,0.6012701800610871,0.894316807738815,0.42691687435859843,0.8366095599173242,0.7527446978505636,rank average: binary + expected + P45
0.6880000000000001,0.6029572836801752,0.8702427329937069,0.42574402580266824,0.5717660956881275,0.678066634904781,0.6605140927078638,0.6008396583596329,0.8952841596130593,0.42574402580266824,0.8366095599173242,0.7527446978505636,rank average: binary + expected + P45
0.6890000000000001,0.6029572836801752,0.871132472213878,0.4251576015247031,0.5714285714285714,0.6785189042595547,0.6607045565060033,0.6007967546821483,0.8962515114873035,0.4251576015247031,0.8366095599173242,0.7527446978505636,rank average: binary + expected + P45
0.6900000000000001,0.6025921869295363,0.8718721736508893,0.4239847529687729,0.5705267311106728,0.6787689183478952,0.6606018081651603,0.6003644357099143,0.8972188633615478,0.4239847529687729,0.8366095599173242,0.7527446978505636,rank average: binary + expected + P45
0.6910000000000001,0.6021358159912377,0.8721281741233373,0.42295851048233396,0.5696514957054003,0.678741911329451,0.6603305248905019,0.5998558760034258,0.8977025392986699,0.42295851048233396,0.8366095599173242,0.7527446978505636,rank average: binary + expected + P45
0.6920000000000001,0.6021358159912377,0.8734830097087378,0.4220788740653863,0.5691410497182959,0.6794307998935334,0.6606162205877113,0.5997888377035736,0.8991535671100362,0.4220788740653863,0.8366095599173242,0.7527446978505636,rank average: binary + expected + P45
0.6930000000000001,0.6017707192405988,0.8737834549878345,0.42119923764843864,0.5684043921258285,0.6794582376660612,0.6604182403477985,0.5993763043404707,0.8996372430471584,0.42119923764843864,0.8366095599173242,0.7527446978505636,rank average: binary + expected + P45
0.6940000000000001,0.601679445052939,0.8748855660665242,0.420319601231491,0.5678352148940384,0.6799873851950019,0.6605830170607273,0.5992214842034099,0.9008464328899637,0.420319601231491,0.8366095599173242,0.7527446978505636,rank average: binary + expected + P45
0.6950000000000001,0.6007667031763417,0.874502601775329,0.4188535405365782,0.5664155432196669,0.6794804594258359,0.659849986713271,0.5982449840590892,0.9008464328899637,0.4188535405365782,0.8366095599173242,0.7527446978505636,rank average: binary + expected + P45
0.6960000000000001,0.6007667031763417,0.8751916590003067,0.41841372232810436,0.5661575084308669,0.6798310471739675,0.6599928345618756,0.598209777038764,0.9015719467956469,0.41841372232810436,0.8366095599173242,0.7527446978505636,rank average: binary + expected + P45
0.6970000000000001,0.6004928806133626,0.8757687576875769,0.4175340859111567,0.565472054005758,0.6800313155000709,0.6599157733062434,0.5978808872106668,0.9022974607013301,0.4175340859111567,0.8366095599173242,0.7527446978505636,rank average: binary + expected + P45
0.6980000000000001,0.6002190580503833,0.8763490595127968,0.41665444949420904,0.564785373608903,0.6802333914185272,0.6598387120506112,0.5975513633743368,0.9030229746070133,0.41665444949420904,0.8366095599173242,0.7527446978505636,rank average: binary + expected + P45
0.6990000000000001,0.6001277838627236,0.8774752475247525,0.4157748130772614,0.5642096886501542,0.6807754280088807,0.66000348876354,0.5973928112700134,0.9042321644498186,0.4157748130772614,0.8366095599173242,0.7527446978505636,rank average: binary + expected + P45
0.7000000000000001,0.5992150419861263,0.8770949720670391,0.41430875238234866,0.5627800458030469,0.6802723373394415,0.6592704584160836,0.5964123499720433,0.9042321644498186,0.41430875238234866,0.8366095599173242,0.7527446978505636,rank average: binary + expected + P45
0.7010000000000001,0.5983935742971888,0.8774555659494855,0.4125494795484533,0.5612285600319107,0.6801782927179354,0.6587535789519775,0.5954914257581296,0.9049576783555018,0.4125494795484533,0.8366095599173242,0.7527446978505636,rank average: binary + expected + P45
0.7020000000000001,0.5974808324205915,0.8775446288756655,0.41079020671455796,0.5596165368484122,0.6799162021101244,0.658115780503591,0.5944830036738279,0.905441354292624,0.41079020671455796,0.8366095599173242,0.7527446978505636,rank average: binary + expected + P45
0.7030000000000001,0.5972070098576122,0.8779033270558694,0.4100571763671016,0.55900869391426,0.6800070045832758,0.6579911032984238,0.594162053802993,0.905925030229746,0.4100571763671016,0.8366095599173242,0.7527446978505636,rank average: binary + expected + P45
0.704,0.5967506389193136,0.8786637251812165,0.4087377217416801,0.557934760856514,0.6802415375231535,0.6578150519228352,0.5936174895069615,0.9068923821039904,0.4087377217416801,0.8366095599173242,0.7527446978505636,rank average: binary + expected + P45
0.705,0.5965680905439942,0.8797848782031003,0.40771147925524115,0.5572029653376077,0.6807519644383044,0.6579065256010184,0.5933542068934476,0.9081015719467956,0.40771147925524115,0.8366095599173242,0.7527446978505636,rank average: binary + expected + P45
0.706,0.5960204454180358,0.8802794537948555,0.40639202462981966,0.5560682046138415,0.6808211666310002,0.6576095552411493,0.592721759315797,0.9088270858524788,0.40639202462981966,0.8366095599173242,0.7527446978505636,rank average: binary + expected + P45
0.707,0.5956553486673969,0.8806112702960841,0.405512388212872,0.5553101786789801,0.6808686549816952,0.6574115750012365,0.5922994408039253,0.909310761789601,0.405512388212872,0.8366095599173242,0.7527446978505636,rank average: binary + expected + P45
0.708,0.5948338809784592,0.8805111821086262,0.40404632751795927,0.5539141794794493,0.6805443720407685,0.6567994636380606,0.5913956818306869,0.909552599758162,0.40404632751795927,0.8366095599173242,0.7527446978505636,rank average: binary + expected + P45
0.709,0.5941949616648412,0.8812199036918138,0.4024336607535552,0.552536231884058,0.6806941247830323,0.6564768061929808,0.5906468734570591,0.9105199516324063,0.4024336607535552,0.8366095599173242,0.7527446978505636,rank average: binary + expected + P45
0.71,0.5940124132895217,0.8821256038647343,0.40155402433660753,0.5518839411646181,0.6810959187327748,0.656520663921629,0.5903921624728481,0.9114873035066505,0.40155402433660753,0.8366095599173242,0.7527446978505636,rank average: binary + expected + P45
0.711,0.5935560423512231,0.8826761473820297,0.40038117578067733,0.5508825012607161,0.6812261428846043,0.6562969965965055,0.5898531869477708,0.9122128174123337,0.40038117578067733,0.8366095599173242,0.7527446978505636,rank average: binary + expected + P45
0.712,0.5923694779116466,0.8824293601818772,0.3983286908077994,0.5488888888888889,0.6807094115877014,0.6553916730943471,0.5885470085470086,0.9124546553808948,0.3983286908077994,0.8366095599173242,0.7527446978505636,rank average: binary + expected + P45
0.713,0.591548010222709,0.8828328981723238,0.3965694179739041,0.5472938796155792,0.680646048680688,0.654874793630241,0.5876071958982527,0.913180169286578,0.3965694179739041,0.8366095599173242,0.7527446978505636,rank average: binary + expected + P45
0.714,0.5910003650967507,0.8828534031413613,0.3955431754874652,0.546319732712362,0.680477334482073,0.6544825913713022,0.5869945152967709,0.9134220072551391,0.3955431754874652,0.8366095599173242,0.7527446978505636,rank average: binary + expected + P45
0.715,0.5908178167214312,0.8837820091923835,0.39466353907051754,0.5456572413094152,0.6808922688186949,0.6545264490999505,0.5867348057937695,0.9143893591293834,0.39466353907051754,0.8366095599173242,0.7527446978505636,rank average: binary + expected + P45
0.716,0.5894487039065353,0.883206862421643,0.39246444802814834,0.5434429557450264,0.6801523271098752,0.6534269035787659,0.5852372324330439,0.9143893591293834,0.39246444802814834,0.8366095599173242,0.7527446978505636,rank average: binary + expected + P45
0.717,0.5889010587805769,0.8834822906322409,0.39129159947221814,0.5423694371062792,0.6801154364314324,0.6530823172693618,0.5846064252639929,0.9148730350665054,0.39129159947221814,0.8366095599173242,0.7527446978505636,rank average: binary + expected + P45
0.718,0.5877144943410003,0.8834886817576565,0.389092508429849,0.5402544529262087,0.6797347835347638,0.6522246097167383,0.5832735820517533,0.9153567110036276,0.389092508429849,0.8366095599173242,0.7527446978505636,rank average: binary + expected + P45
0.719,0.5868930266520628,0.8839076614252258,0.3873332355959537,0.5386340468909276,0.6796844695980152,0.6517077302526322,0.5823231381372502,0.9160822249093108,0.3873332355959537,0.8366095599173242,0.7527446978505636,rank average: binary + expected + P45
0.72,0.5862541073384447,0.8844086021505376,0.3858671749010409,0.5373073389813208,0.6797356293960708,0.6513374568580175,0.5815715398992447,0.916807738814994,0.3858671749010409,0.8366095599173242,0.7527446978505636,rank average: binary + expected + P45
0.721,0.586162833150785,0.8851465139777703,0.3852807506230758,0.5368743615934627,0.6800842122912515,0.6514070016718765,0.5814218367940915,0.9175332527206771,0.3852807506230758,0.8366095599173242,0.7527446978505636,rank average: binary + expected + P45
0.722,0.5855239138371668,0.8856562922868741,0.38381468992816303,0.5355425999795438,0.680140646143437,0.6510367282772617,0.5806678801298626,0.9182587666263603,0.38381468992816303,0.8366095599173242,0.7527446978505636,rank average: binary + expected + P45
0.723,0.5850675428988682,0.8859857482185273,0.3827884474417241,0.5346027846027847,0.6801635570909093,0.6507654450026032,0.5801307730655557,0.9187424425634825,0.3827884474417241,0.8366095599173242,0.7527446978505636,rank average: binary + expected + P45
0.724,0.5842460752099307,0.8861622358554874,0.38117578067732005,0.5330599692465402,0.6799921126921415,0.6502009495889624,0.5791893578238952,0.9192261185006046,0.38117578067732005,0.8366095599173242,0.7527446978505636,rank average: binary + expected + P45
0.725,0.5836071558963125,0.8861538461538462,0.3800029321213898,0.5319105273958548,0.6797846805168434,0.6497354442952777,0.5784655382335184,0.9194679564691657,0.3800029321213898,0.8366095599173242,0.7527446978505636,rank average: binary + expected + P45
0.726,0.582785688207375,0.8860672614962252,0.3785368714264771,0.530457113507961,0.6794797884203334,0.6491233329321019,0.5775386495518782,0.9197097944377267,0.3785368714264771,0.8366095599173242,0.7527446978505636,rank average: binary + expected + P45
0.727,0.5823293172690763,0.8864027538726333,0.3775106289400381,0.5295085338268558,0.6795074258743368,0.6488520496574435,0.5769978250949477,0.9201934703748489,0.3775106289400381,0.8366095599173242,0.7527446978505636,rank average: binary + expected + P45
0.728,0.5820554947060971,0.887085635359116,0.37663099252309046,0.5287640218174333,0.679771105520749,0.6487749884018112,0.5766411334999426,0.9209189842805321,0.37663099252309046,0.8366095599173242,0.7527446978505636,rank average: binary + expected + P45
0.729,0.5815991237677984,0.8871581862236068,0.3757513561061428,0.5279093717816684,0.6796643788437979,0.648456089177618,0.5761166265562989,0.9211608222490931,0.3757513561061428,0.8366095599173242,0.7527446978505636,rank average: binary + expected + P45
0.73,0.58105147864184,0.8882701009397842,0.3741386893417388,0.526511244068496,0.680062305202046,0.6482543507168186,0.5754180054030482,0.9223700120918984,0.3741386893417388,0.8366095599173242,0.7527446978505636,rank average: binary + expected + P45
0.731,0.5806863818912011,0.8889276982186518,0.3731124468552998,0.5256092523750516,0.680284929054958,0.6481039864264407,0.5749570632172936,0.9230955259975816,0.3731124468552998,0.8366095599173242,0.7527446978505636,rank average: binary + expected + P45
0.732,0.5803212851405622,0.8893169877408056,0.37223281043835216,0.5248036378668871,0.6803701344086079,0.6479060061865279,0.5745136201756795,0.9235792019347038,0.37223281043835216,0.8366095599173242,0.7527446978505636,rank average: binary + expected + P45
0.733,0.5801387367652427,0.8897858897858898,0.37164638616038703,0.5243019648397105,0.6805534851667823,0.6478546320161065,0.5742731846743888,0.9240628778718258,0.37164638616038703,0.8366095599173242,0.7527446978505636,rank average: binary + expected + P45
0.734,0.5795910916392845,0.8901021486438887,0.37047353760445684,0.5231884057971015,0.6805444832168562,0.6475100457067025,0.5736248917656745,0.924546553808948,0.37047353760445684,0.8366095599173242,0.7527446978505636,rank average: binary + expected + P45
0.735,0.5790434465133261,0.8909734513274337,0.36900747690954405,0.5218743520630313,0.6808206329321955,0.6472606912963681,0.5729378282408748,0.9255139056831923,0.36900747690954405,0.8366095599173242,0.7527446978505636,rank average: binary + expected + P45
0.736,0.5784958013873677,0.8915748311411305,0.36768802228412256,0.5206560099647083,0.6809587283545515,0.646963720936499,0.5722680603659671,0.9262394195888755,0.36768802228412256,0.8366095599173242,0.7527446978505636,rank average: binary + expected + P45
0.737,0.5778568820737495,0.8918629550321199,0.36636856765870107,0.5193806505247843,0.6809081760689174,0.6465458315923494,0.5715139073276538,0.9267230955259976,0.36636856765870107,0.8366095599173242,0.7527446978505636,rank average: binary + expected + P45
0.738,0.5767615918218327,0.8916786226685797,0.36446268875531446,0.5174315745655115,0.6804744729405582,0.6457138111249365,0.5702658157311017,0.9269649334945587,0.36446268875531446,0.8366095599173242,0.7527446978505636,rank average: binary + expected + P45
0.739,0.5760313983205549,0.8916486681065515,0.36314323412989297,0.5160954266069382,0.6802337251024321,0.6451750027965063,0.5694259314468948,0.9272067714631197,0.36314323412989297,0.8366095599173242,0.7527446978505636,rank average: binary + expected + P45
0.74,0.5753924790069368,0.8919407300325262,0.3618237795044715,0.5148101793909053,0.6801869970836706,0.6447571134523566,0.5686676667808146,0.9276904474002419,0.3618237795044715,0.8366095599173242,0.7527446978505636,rank average: binary + expected + P45
0.741,0.5752099306316174,0.8924302788844621,0.36123735522650635,0.5142976414109789,0.6803823145490036,0.6447057392819351,0.5684221378182226,0.9281741233373639,0.36123735522650635,0.8366095599173242,0.7527446978505636,rank average: binary + expected + P45
0.742,0.5745710113179993,0.8927272727272727,0.35991790060108486,0.5130080451363493,0.6803387765049963,0.6442878499377855,0.5676619514232107,0.9286577992744861,0.35991790060108486,0.8366095599173242,0.7527446978505636,rank average: binary + expected + P45
0.743,0.5742059145673604,0.8937180423666911,0.35874505204515467,0.5119782404017157,0.6807358768659934,0.6441851015969425,0.5671685907748074,0.9296251511487303,0.35874505204515467,0.8366095599173242,0.7527446978505636,rank average: binary + expected + P45
0.744,0.573658269441402,0.8937728937728938,0.3577188095587157,0.5109412626950057,0.6805966340977282,0.6437928993380035,0.5665296071585214,0.9298669891172914,0.3577188095587157,0.8366095599173242,0.7527446978505636,rank average: binary + expected + P45
0.745,0.5728368017524644,0.893710923133505,0.356252748863803,0.5094339622641509,0.6803142451044483,0.6431807879748277,0.5655802207053053,0.9301088270858525,0.356252748863803,0.8366095599173242,0.7527446978505636,rank average: binary + expected + P45
0.746,0.5729280759401242,0.8949115044247787,0.35581293065532915,0.5091786426098814,0.68095890602122,0.643444554807713,0.5655999037429406,0.9310761789600968,0.35581293065532915,0.8366095599173242,0.7527446978505636,rank average: binary + expected + P45
0.747,0.5726542533771449,0.8953789279112754,0.35507990030787273,0.5085030442998111,0.6811157153191087,0.6433198776025457,0.5652478082794066,0.9315598548972188,0.35507990030787273,0.8366095599173242,0.7527446978505636,rank average: binary + expected + P45
0.748,0.5714676889375685,0.8951672862453531,0.3530274153349949,0.5063610556198086,0.6806467933767293,0.6424145541003874,0.5638812777494253,0.93180169286578,0.3530274153349949,0.8366095599173242,0.7527446978505636,rank average: binary + expected + P45
0.749,0.5707374954362906,0.8948545861297539,0.3518545667790646,0.5051036514784805,0.6802650982377075,0.6418281298224223,0.5630522689659305,0.93180169286578,0.3518545667790646,0.8366095599173242,0.7527446978505636,rank average: binary + expected + P45
0.75,0.5695509309967142,0.8946381702287214,0.34980208180618677,0.5029510961214165,0.6797958615650785,0.6409228063202639,0.5616816008617385,0.932043530834341,0.34980208180618677,0.8366095599173242,0.7527446978505636,rank average: binary + expected + P45
0.751,0.5692771084337349,0.8951127819548872,0.3490690514587304,0.5022676932812994,0.6799575481616287,0.6407981291150968,0.5613261079229279,0.9325272067714632,0.3490690514587304,0.8366095599173242,0.7527446978505636,rank average: binary + expected + P45
0.752,0.5686381891201169,0.8951339117314221,0.34789620290280016,0.5010557432432432,0.6797764682076737,0.6403326238214122,0.5605761031328756,0.9327690447400242,0.34789620290280016,0.8366095599173242,0.7527446978505636,rank average: binary + expected + P45
0.753,0.5683643665571376,0.8953136810279667,0.3473097786248351,0.5004753353755149,0.6797868044129003,0.6401603306667102,0.5602416853655396,0.9330108827085852,0.3473097786248351,0.8366095599173242,0.7527446978505636,rank average: binary + expected + P45
0.754,0.5677254472435196,0.8956356736242884,0.3459903239994136,0.49915397631133673,0.6797611128606961,0.6397424413225605,0.5594678038268308,0.9334945586457074,0.3459903239994136,0.8366095599173242,0.7527446978505636,rank average: binary + expected + P45
0.755,0.5670865279299014,0.8956587966488957,0.34481747544348335,0.4979358526516354,0.67958209940488,0.6392769360288759,0.5587152187445903,0.9337363966142684,0.34481747544348335,0.8366095599173242,0.7527446978505636,rank average: binary + expected + P45
0.756,0.5669039795545819,0.8964858670741024,0.344084445096027,0.4972984426316347,0.6799531758013831,0.6392731778079893,0.5584383658680502,0.9344619105199516,0.344084445096027,0.8366095599173242,0.7527446978505636,rank average: binary + expected + P45
0.757,0.5662650602409639,0.8974260468689973,0.34247177833162296,0.49575551782682514,0.68024660418393,0.6389505203629094,0.5576151067673524,0.9354292623941959,0.34247177833162296,0.8366095599173242,0.7527446978505636,rank average: binary + expected + P45
0.758,0.5662650602409639,0.8989587350559198,0.34173874798416654,0.49521988527724664,0.6810350293717958,0.6391886001105839,0.5574995249717967,0.9366384522370013,0.34173874798416654,0.8366095599173242,0.7527446978505636,rank average: binary + expected + P45
0.759,0.5654435925520263,0.8986068111455109,0.34041929335874505,0.4937799043062201,0.6806101423142747,0.6385288727978732,0.5565565388645517,0.9366384522370013,0.34041929335874505,0.8366095599173242,0.7527446978505636,rank average: binary + expected + P45
0.76,0.5646221248630887,0.8994935722633425,0.33851341445535843,0.49190455901150404,0.6808231957156503,0.638059609283302,0.5555179134885051,0.9376058041112455,0.33851341445535843,0.8366095599173242,0.7527446978505636,rank average: binary + expected + P45
0.761,0.5638919313618109,0.8991793669402111,0.33734056589942824,0.4906183368869936,0.6804459416575535,0.6374731850053369,0.5546771863177388,0.9376058041112455,0.33734056589942824,0.8366095599173242,0.7527446978505636,rank average: binary + expected + P45
0.762,0.5629791894852135,0.8994106090373281,0.3355812930655329,0.48878923766816146,0.6802961973970376,0.6368353865569503,0.5535768283032343,0.9380894800483676,0.3355812930655329,0.8366095599173242,0.7527446978505636,rank average: binary + expected + P45
0.763,0.5624315443592552,0.8998027613412228,0.3344084445096027,0.4876015391192817,0.6803371958944566,0.6364908002475462,0.5528960228250119,0.9385731559854897,0.3344084445096027,0.8366095599173242,0.7527446978505636,rank average: binary + expected + P45
0.764,0.5617926250456371,0.8998416468725258,0.33323559595367247,0.4863592596555044,0.6801699337565476,0.6360252949538616,0.5521330719288267,0.9388149939540508,0.33323559595367247,0.8366095599173242,0.7527446978505636,rank average: binary + expected + P45
0.765,0.5605147864184009,0.899601593625498,0.3310365049113033,0.4839781373914907,0.6796729256311246,0.6350466684169576,0.5506290814133353,0.9390568319226118,0.3310365049113033,0.8366095599173242,0.7527446978505636,rank average: binary + expected + P45
0.766,0.5598758671047828,0.899640143942423,0.3298636563553731,0.48272902810555673,0.6795066479617496,0.6345811631232731,0.549863322631015,0.9392986698911729,0.3298636563553731,0.8366095599173242,0.7527446978505636,rank average: binary + expected + P45
0.767,0.559145673603505,0.900281463610776,0.32825098959096904,0.48109153416415984,0.6796247322776987,0.6341375866939126,0.5489399276660215,0.9400241837968561,0.32825098959096904,0.8366095599173242,0.7527446978505636,rank average: binary + expected + P45
0.768,0.5585980284775466,0.901010101010101,0.32693153496554755,0.479776247848537,0.6798412136933538,0.6338406163340434,0.5482267415526769,0.9407496977025392,0.32693153496554755,0.8366095599173242,0.7527446978505636,rank average: binary + expected + P45
0.769,0.5585980284775466,0.9026369168356998,0.3261985046180912,0.4792160241223347,0.6806789577701052,0.634078696081718,0.5480984286618327,0.9419588875453446,0.3261985046180912,0.8366095599173242,0.7527446978505636,rank average: binary + expected + P45
0.77,0.5582329317269076,0.9031339031339032,0.32531886820114353,0.47833584824315584,0.6808292177159103,0.6338807158418052,0.5476213038904556,0.9424425634824668,0.32531886820114353,0.8366095599173242,0.7527446978505636,rank average: binary + expected + P45
0.771,0.5575027382256298,0.903476482617587,0.32385280750623074,0.47679689186272395,0.6807947564069018,0.6333895234629098,0.5467172819269337,0.9429262394195889,0.32385280750623074,0.8366095599173242,0.7527446978505636,rank average: binary + expected + P45
0.772,0.5566812705366923,0.9034511092851274,0.322386746811318,0.4752025931928687,0.6805450805754433,0.6327774120997339,0.5457311851956285,0.9431680773881499,0.322386746811318,0.8366095599173242,0.7527446978505636,rank average: binary + expected + P45
0.773,0.5555859802847755,0.902972749793559,0.32062747397742264,0.47322297955209347,0.6799841485082161,0.6318977756827863,0.5444495196126558,0.9431680773881499,0.32062747397742264,0.8366095599173242,0.7527446978505636,rank average: binary + expected + P45
0.774,0.5544906900328587,0.9028239202657807,0.3187215950740361,0.47112363202947233,0.6795939910173078,0.6310657552153736,0.5431388876854766,0.943409915356711,0.3187215950740361,0.8366095599173242,0.7527446978505636,rank average: binary + expected + P45
0.775,0.5536692223439211,0.9034684496447973,0.31696232224014076,0.4692858693292815,0.6796917163557398,0.6305488757512675,0.5420929267893848,0.9441354292623942,0.31696232224014076,0.8366095599173242,0.7527446978505636,rank average: binary + expected + P45
0.776,0.5532128514056225,0.9039429530201343,0.3159360797537018,0.46822379141770776,0.6798062875226663,0.6302775924766091,0.5415015234730783,0.9446191051995163,0.3159360797537018,0.8366095599173242,0.7527446978505636,rank average: binary + expected + P45
0.777,0.5523001095290252,0.9038785834738617,0.3143234129892978,0.4664418579353856,0.6795138490528675,0.6295921780786875,0.5403991662504981,0.9448609431680773,0.3143234129892978,0.8366095599173242,0.7527446978505636,rank average: binary + expected + P45
0.778,0.5521175611537057,0.9055084745762711,0.3132971705028588,0.46552663108593834,0.6803019338912067,0.6296836517568708,0.540044754550117,0.9460701330108827,0.3132971705028588,0.8366095599173242,0.7527446978505636,rank average: binary + expected + P45
0.779,0.5513873676524279,0.9062233589087809,0.3116845037384548,0.463837678629868,0.680463595830697,0.6292400753275104,0.5390981253094417,0.9467956469165659,0.3116845037384548,0.8366095599173242,0.7527446978505636,rank average: binary + expected + P45
0.78,0.55065717415115,0.9059024807527801,0.31051165518252455,0.46249590566655746,0.6800921083271907,0.6286536510495453,0.5382345442235399,0.9467956469165659,0.31051165518252455,0.8366095599173242,0.7527446978505636,rank average: binary + expected + P45
0.781,0.5502920774005111,0.9064377682403434,0.3096320187655769,0.4615888973882636,0.6802650236981916,0.6284556708096325,0.5377453146137305,0.947279322853688,0.3096320187655769,0.8366095599173242,0.7527446978505636,rank average: binary + expected + P45
0.782,0.5502008032128514,0.9070967741935484,0.30919220055710306,0.46118521758145636,0.6805788586527932,0.6284775996739567,0.537579918833028,0.9477629987908102,0.30919220055710306,0.8366095599173242,0.7527446978505636,rank average: binary + expected + P45
0.783,0.5496531580868931,0.9075593952483801,0.30801935200117286,0.459938704028021,0.6806631601863935,0.6281330133645526,0.536872921206246,0.9482466747279323,0.30801935200117286,0.8366095599173242,0.7527446978505636,rank average: binary + expected + P45
0.784,0.5491055129609347,0.9083803734259661,0.3066998973757514,0.4585708022797019,0.680932357058528,0.6278360430046834,0.5361355731761349,0.9489721886336154,0.3066998973757514,0.8366095599173242,0.7527446978505636,rank average: binary + expected + P45
0.785,0.5479189485213581,0.9089316987740805,0.30435420026389093,0.45601317957166393,0.6808842073206196,0.6270259514015948,0.534635776949102,0.9496977025392986,0.30435420026389093,0.8366095599173242,0.7527446978505636,rank average: binary + expected + P45
0.786,0.5468236582694413,0.9084507042253521,0.3025949274299956,0.4539755856153085,0.6803308334576783,0.6261463149846471,0.5333299411811623,0.9496977025392986,0.3025949274299956,0.8366095599173242,0.7527446978505636,rank average: binary + expected + P45
0.787,0.546641109894122,0.9101769911504425,0.30156868494355665,0.4530338068494659,0.6811694523369508,0.6262377886628303,0.5329622311466564,0.950906892382104,0.30156868494355665,0.8366095599173242,0.7527446978505636,rank average: binary + expected + P45
0.788,0.5462760131434831,0.9107460035523979,0.300689048526609,0.4521106579962526,0.6813610532467872,0.6260398084229175,0.532465485552375,0.9513905683192261,0.300689048526609,0.8366095599173242,0.7527446978505636,rank average: binary + expected + P45
0.789,0.5458196422051844,0.9112795363352653,0.29966280604017004,0.4510150044130627,0.6815091587334539,0.6257685251482592,0.5318586852700432,0.9518742442563483,0.29966280604017004,0.8366095599173242,0.7527446978505636,rank average: binary + expected + P45
0.79,0.5453632712668858,0.9118173679498657,0.29863656355373114,0.4499171728326891,0.6816596585220551,0.6254972418736007,0.5312508785529239,0.9523579201934703,0.29863656355373114,0.8366095599173242,0.7527446978505636,rank average: binary + expected + P45
0.791,0.5446330777656079,0.9122412241224123,0.29717050285881835,0.44830255446201484,0.6816759131832579,0.6250060494947054,0.5303133721878805,0.9528415961305925,0.29717050285881835,0.8366095599173242,0.7527446978505636,rank average: binary + expected + P45
0.792,0.5439028842643301,0.9130434782608695,0.29555783609441433,0.4465610809613468,0.6818875370270968,0.624562473065345,0.5293427930615939,0.9535671100362757,0.29555783609441433,0.8366095599173242,0.7527446978505636,rank average: binary + expected + P45
0.793,0.5431726907630522,0.9134790528233151,0.29409177539950154,0.4449373405789065,0.6819107592883699,0.6240712806864497,0.5284012022785963,0.9540507859733979,0.29409177539950154,0.8366095599173242,0.7527446978505636,rank average: binary + expected + P45
0.794,0.5420774005111354,0.9133822181484876,0.2921858964961149,0.44274130845273796,0.6815600400065438,0.6232392602190369,0.5270488632278408,0.9542926239419589,0.2921858964961149,0.8366095599173242,0.7527446978505636,rank average: binary + expected + P45
0.795,0.5415297553851771,0.9139042357274402,0.29101304794018473,0.441454464583565,0.6816788938200042,0.6228946739096328,0.5263236406825248,0.954776299879081,0.29101304794018473,0.8366095599173242,0.7527446978505636,rank average: binary + expected + P45
0.796,0.5410733844468785,0.9140877598152425,0.2901334115232371,0.44046294235477407,0.6816485892694686,0.6225757746854396,0.525739749066912,0.9550181378476421,0.2901334115232371,0.8366095599173242,0.7527446978505636,rank average: binary + expected + P45
0.797,0.5404344651332603,0.9149628252788105,0.2886673508283243,0.43887217207177087,0.6819248474417678,0.6222055012908247,0.5248692725263406,0.9557436517533253,0.2886673508283243,0.8366095599173242,0.7527446978505636,rank average: binary + expected + P45
0.798,0.5399780941949617,0.9159271368519384,0.2874945022723941,0.4376255300156215,0.6822970908309607,0.6219818339657013,0.5242181704132162,0.9564691656590084,0.2874945022723941,0.8366095599173242,0.7527446978505636,rank average: binary + expected + P45
0.799,0.5397955458196422,0.9174096668230878,0.28661486585544643,0.43677390527256477,0.6830107824200424,0.6220256916943496,0.5238653476980109,0.9574365175332528,0.28661486585544643,0.8366095599173242,0.7527446978505636,rank average: binary + expected + P45
0.8,0.5389740781307046,0.9170593779453345,0.28529541123002494,0.4352007156435201,0.6826071170912998,0.6213659643816388,0.5228667623248058,0.9574365175332528,0.28529541123002494,0.8366095599173242,0.7527446978505636,rank average: binary + expected + P45
0.801,0.5379700620664476,0.9174181300427148,0.2833895323266383,0.43301971326164873,0.6825196650891616,0.6206548628985066,0.5215776323547924,0.9579201934703748,0.2833895323266383,0.8366095599173242,0.7527446978505636,rank average: binary + expected + P45
0.802,0.5372398685651698,0.9182990922121357,0.2817768655622343,0.43123177024904646,0.6827758577386979,0.6202112864691461,0.5205858805084285,0.958645707376058,0.2817768655622343,0.8366095599173242,0.7527446978505636,rank average: binary + expected + P45
0.803,0.5367834976268712,0.9181034482758621,0.2810438352147779,0.43035133011561344,0.6825519496679265,0.6198447712954179,0.520028391351739,0.958645707376058,0.2810438352147779,0.8366095599173242,0.7527446978505636,rank average: binary + expected + P45
0.804,0.5360533041255933,0.9185934489402697,0.2795777745198651,0.428683826008767,0.6826075352809456,0.6193535789165227,0.5190672299463734,0.9591293833131802,0.2795777745198651,0.8366095599173242,0.7527446978505636,rank average: binary + expected + P45
0.805,0.5353231106243155,0.9190891472868217,0.27811171382495237,0.4270118176702307,0.6826664809758445,0.6188623865376273,0.5181040511549128,0.9596130592503023,0.27811171382495237,0.8366095599173242,0.7527446978505636,rank average: binary + expected + P45
0.806,0.5343190945600584,0.9202933985330073,0.2759126227825832,0.4245431987367471,0.6830173086257225,0.6182465169535649,0.5167327368817877,0.9605804111245465,0.2759126227825832,0.8366095599173242,0.7527446978505636,rank average: binary + expected + P45
0.807,0.5334063526834611,0.9199017199017199,0.27444656208767043,0.42276422764227645,0.6825716423743551,0.6175134866061085,0.5156100549976088,0.9605804111245465,0.27444656208767043,0.8366095599173242,0.7527446978505636,rank average: binary + expected + P45
0.808,0.5326761591821833,0.92,0.27312710746224894,0.4212073253447886,0.6824274997200761,0.6169746782776783,0.5146752989803692,0.9608222490931076,0.27312710746224894,0.8366095599173242,0.7527446978505636,rank average: binary + expected + P45
0.809,0.5318546914932457,0.9196428571428571,0.27180765283682745,0.41959941156501074,0.6820250079897731,0.6163149509649676,0.5136620384784901,0.9608222490931076,0.27180765283682745,0.8366095599173242,0.7527446978505636,rank average: binary + expected + P45
0.81,0.5313070463672873,0.9194029850746268,0.2709280164198798,0.4185256482844525,0.6817560420566516,0.6158751327564937,0.5129857811027032,0.9608222490931076,0.2709280164198798,0.8366095599173242,0.7527446978505636,rank average: binary + expected + P45
0.811,0.5305768528660095,0.919080919080919,0.26975516786394954,0.41709169216819675,0.681396613214795,0.6152887084785286,0.5120831674990269,0.9608222490931076,0.26975516786394954,0.8366095599173242,0.7527446978505636,rank average: binary + expected + P45
0.812,0.5300292077400511,0.9192577733199598,0.26872892537751064,0.41588201928530916,0.681342789806599,0.6148965062195897,0.5113692756577726,0.9610640870616687,0.26872892537751064,0.8366095599173242,0.7527446978505636,rank average: binary + expected + P45
0.8130000000000001,0.5295728368017525,0.9194765978862607,0.267849288960563,0.414850136239782,0.6813349094905715,0.6145776069953963,0.5107675589623818,0.9613059250302297,0.267849288960563,0.8366095599173242,0.7527446978505636,rank average: binary + expected + P45
0.8140000000000001,0.5290251916757941,0.9192327107521454,0.2669696525436153,0.41376959781867756,0.6810648233426465,0.6141377887869225,0.51008846023657,0.9613059250302297,0.2669696525436153,0.8366095599173242,0.7527446978505636,rank average: binary + expected + P45
0.8150000000000001,0.5285688207374954,0.9198782961460447,0.26594341005717637,0.4126009325599909,0.681277082178098,0.6138665055122641,0.5094485720807425,0.9617896009673519,0.26594341005717637,0.8366095599173242,0.7527446978505636,rank average: binary + expected + P45
0.8160000000000001,0.5278386272362176,0.9199796126401631,0.2646239554317549,0.4110212911305932,0.6811372379411623,0.613327697183834,0.5085040190133886,0.9620314389359129,0.2646239554317549,0.8366095599173242,0.7527446978505636,rank average: binary + expected + P45
0.8170000000000001,0.5272909821102593,0.921025641025641,0.2633045008063334,0.4095314103294949,0.6815321409658518,0.6130307268239648,0.5077106865208086,0.9627569528415961,0.2633045008063334,0.8366095599173242,0.7527446978505636,rank average: binary + expected + P45
0.8180000000000001,0.5268346111719606,0.9208226221079692,0.262571470458877,0.4086242299794661,0.6813079928872994,0.6126642116502365,0.5071418730910566,0.9627569528415961,0.262571470458877,0.8366095599173242,0.7527446978505636,rank average: binary + expected + P45
0.8190000000000001,0.5265607886089814,0.922004132231405,0.26169183404192936,0.407673860911271,0.6818446381777867,0.6125871503946043,0.5066875575936058,0.9634824667472793,0.26169183404192936,0.8366095599173242,0.7527446978505636,rank average: binary + expected + P45
0.8200000000000001,0.5257393209200438,0.9216398546964193,0.26037237941650787,0.4060356652949246,0.6814423661564941,0.6119274230818936,0.505661406029413,0.9634824667472793,0.26037237941650787,0.8366095599173242,0.7527446978505636,rank average: binary + expected + P45
0.8210000000000001,0.5251004016064257,0.921793534932221,0.2591995308605776,0.40462295457146125,0.6813548334099034,0.611461917788209,0.5048241926884482,0.9637243047158404,0.2591995308605776,0.8366095599173242,0.7527446978505636,rank average: binary + expected + P45
0.8220000000000001,0.5249178532311063,0.9225941422594143,0.2586131065826125,0.4039848849192717,0.6817194506078141,0.6114105436177875,0.5045191895572912,0.9642079806529625,0.2586131065826125,0.8366095599173242,0.7527446978505636,rank average: binary + expected + P45
0.8230000000000001,0.5243702081051479,0.9232386961093586,0.2574402580266823,0.40261377966295997,0.6819087229166187,0.6110659573083834,0.5037559003705656,0.9646916565900846,0.2574402580266823,0.8366095599173242,0.7527446978505636,rank average: binary + expected + P45
0.8240000000000001,0.5240051113545089,0.9239704329461457,0.25656062160973464,0.40160642570281124,0.6821904691766703,0.6108679770684707,0.5032204288853528,0.9651753325272068,0.25656062160973464,0.8366095599173242,0.7527446978505636,rank average: binary + expected + P45
0.8250000000000001,0.5234574662285506,0.9259850905218318,0.2549479548453306,0.3998160708127371,0.6830850766554961,0.6106662386076713,0.5023374609720993,0.966384522370012,0.2549479548453306,0.8366095599173242,0.7527446978505636,rank average: binary + expected + P45
0.8260000000000001,0.5223621759766338,0.9259656652360515,0.253042075941944,0.39746689694876225,0.6827914555832699,0.6098342181402586,0.5009183732494624,0.9666263603385732,0.253042075941944,0.8366095599173242,0.7527446978505636,rank average: binary + expected + P45
0.8270000000000001,0.5217232566630157,0.925686591276252,0.25201583345550505,0.39617423369439964,0.6824828164645904,0.6093210968970391,0.5001122037445853,0.9666263603385732,0.25201583345550505,0.8366095599173242,0.7527446978505636,rank average: binary + expected + P45
0.8280000000000001,0.5208105147864184,0.9262072707542051,0.2502565606216097,0.3940443213296399,0.6825154646320131,0.6086832984486525,0.498879044722791,0.9671100362756953,0.2502565606216097,0.8366095599173242,0.7527446978505636,rank average: binary + expected + P45
0.8290000000000001,0.5203541438481197,0.9264705882352942,0.24937692420466206,0.3929767817950791,0.6825335397316822,0.6083643992244592,0.49826130677833924,0.9673518742442564,0.24937692420466206,0.8366095599173242,0.7527446978505636,rank average: binary + expected + P45
0.8300000000000001,0.5198977729098211,0.9272030651340997,0.24835068171822314,0.39176688251618874,0.6827931198164747,0.6080931159498008,0.4976023797381909,0.9678355501813785,0.24835068171822314,0.8366095599173242,0.7527446978505636,rank average: binary + expected + P45
0.8310000000000001,0.5194414019715224,0.9274725274725275,0.24747104530127548,0.3906955213516954,0.6828146350147226,0.6077742167256075,0.49698290497544834,0.9680773881499395,0.24747104530127548,0.8366095599173242,0.7527446978505636,rank average: binary + expected + P45
0.8320000000000001,0.517889740781307,0.9272626318711826,0.2448321360504325,0.3873811180700534,0.6823096337946847,0.6065756810844666,0.49496971629612524,0.9683192261185006,0.2448321360504325,0.8366095599173242,0.7527446978505636,rank average: binary + expected + P45
0.833,0.517250821467689,0.9274553571428571,0.24365928749450227,0.38592824799721354,0.6822457929319699,0.606110175790782,0.49411458643939177,0.9685610640870617,0.24365928749450227,0.8366095599173242,0.7527446978505636,rank average: binary + expected + P45
0.834,0.5169769989047097,0.9292532285233015,0.24263304500806335,0.38479423389909323,0.6831007287030677,0.6060807304846846,0.49359922063098916,0.9695284159613059,0.24263304500806335,0.8366095599173242,0.7527446978505636,rank average: binary + expected + P45
0.835,0.5161555312157722,0.9293785310734464,0.24116698431315056,0.3829589104877197,0.6829561934705355,0.6054686191215088,0.4925079065613285,0.969770253929867,0.24116698431315056,0.8366095599173242,0.7527446978505636,rank average: binary + expected + P45
0.836,0.5157904344651333,0.9297052154195011,0.24043395396569417,0.38206173558532325,0.6830314588846853,0.6052230229320611,0.4919988275735575,0.9700120918984281,0.24043395396569417,0.8366095599173242,0.7527446978505636,rank average: binary + expected + P45
0.837,0.5146951442132165,0.9297142857142857,0.23852807506230758,0.3796523159491308,0.6827585115297476,0.6043910024646484,0.4905532399024568,0.9702539298669891,0.23852807506230758,0.8366095599173242,0.7527446978505636,rank average: binary + expected + P45
0.838,0.513873676524279,0.9298447383553766,0.2370620143673948,0.377803738317757,0.682617931725155,0.6037788911014724,0.4894560932451577,0.9704957678355501,0.2370620143673948,0.8366095599173242,0.7527446978505636,rank average: binary + expected + P45
0.839,0.5134173055859803,0.930635838150289,0.23603577188095587,0.3765641445444977,0.6829095080627882,0.6035076078268141,0.4887835317438453,0.9709794437726723,0.23603577188095587,0.8366095599173242,0.7527446978505636,rank average: binary + expected + P45
0.84,0.5125958378970427,0.9307737056428156,0.2345697111860431,0.3747072599531616,0.6827734502015096,0.6028954964636383,0.4876826757438557,0.9712212817412333,0.2345697111860431,0.8366095599173242,0.7527446978505636,rank average: binary + expected + P45
0.841,0.5119569185834246,0.9320046893317703,0.23310365049113033,0.37293303623783275,0.6832455879091284,0.6025252230690235,0.4867280048578032,0.9719467956469166,0.23310365049113033,0.8366095599173242,0.7527446978505636,rank average: binary + expected + P45
0.842,0.5111354508944871,0.9321533923303835,0.23163758979621757,0.371066228276186,0.6831158927962251,0.6019131117058476,0.48562269311689266,0.9721886336154776,0.23163758979621757,0.8366095599173242,0.7527446978505636,rank average: binary + expected + P45
0.843,0.5104052573932092,0.9328579916815211,0.23017152910130478,0.3692380056444026,0.6832951664435859,0.6014219193269523,0.48458916988664047,0.9726723095525998,0.23017152910130478,0.8366095599173242,0.7527446978505636,rank average: binary + expected + P45
0.844,0.5094925155166119,0.9334931096464949,0.22841225626740946,0.36702002355712604,0.6833934806335199,0.6007841208785657,0.4833162999621422,0.9731559854897219,0.22841225626740946,0.8366095599173242,0.7527446978505636,rank average: binary + expected + P45
0.845,0.5086710478276744,0.9336550060313631,0.2269461955724967,0.3651373982780988,0.6832718996601213,0.6001720095153898,0.48220392581961224,0.973397823458283,0.2269461955724967,0.8366095599173242,0.7527446978505636,rank average: binary + expected + P45
0.846,0.5078495801387367,0.9338190649666059,0.22548013487758392,0.3632498819083609,0.6831518785999643,0.599559898152214,0.4810893860598038,0.973639661426844,0.22548013487758392,0.8366095599173242,0.7527446978505636,rank average: binary + expected + P45
0.847,0.5069368382621394,0.9339449541284404,0.2238674681131799,0.3611636707663198,0.6829900717429027,0.5988744837542924,0.4798535357398781,0.973881499395405,0.2238674681131799,0.8366095599173242,0.7527446978505636,rank average: binary + expected + P45
0.848,0.5061153705732019,0.9341133004926109,0.2224014074182671,0.35926583777383064,0.6828731954670513,0.5982623723911167,0.47873442627534635,0.9741233373639662,0.2224014074182671,0.8366095599173242,0.7527446978505636,rank average: binary + expected + P45
0.849,0.5052939028842643,0.9342839429634222,0.22093534672335435,0.3573630543040076,0.6827579406564943,0.5976502610279408,0.4776131193763694,0.9743651753325272,0.22093534672335435,0.8366095599173242,0.7527446978505636,rank average: binary + expected + P45
0.85,0.5043811610076671,0.9344159900062461,0.2193226799589503,0.3552600332462598,0.6826008330576394,0.5969648466300193,0.4763698238877704,0.9746070133010882,0.2193226799589503,0.8366095599173242,0.7527446978505636,rank average: binary + expected + P45
0.851,0.5035596933187295,0.935687263556116,0.21756340712505498,0.3530391340549542,0.6830517427705873,0.5964479671659132,0.47514970401377843,0.9753325272067714,0.21756340712505498,0.8366095599173242,0.7527446978505636,rank average: binary + expected + P45
0.852,0.5029207740051114,0.9370629370629371,0.2160973464301422,0.35120324040981654,0.6836012756294116,0.5960776937712984,0.4741664966659232,0.9760580411124546,0.2160973464301422,0.8366095599173242,0.7527446978505636,rank average: binary + expected + P45
0.853,0.5022818546914932,0.9367816091954023,0.21507110394370327,0.3498271133897699,0.6833002827659653,0.5955645725280789,0.4733239078963637,0.9760580411124546,0.21507110394370327,0.8366095599173242,0.7527446978505636,rank average: binary + expected + P45
0.854,0.5009127418765973,0.9361702127659575,0.21287201290133412,0.3468705207835643,0.6826518262128565,0.5944650270068944,0.47151502405500223,0.9760580411124546,0.21287201290133412,0.8366095599173242,0.7527446978505636,rank average: binary + expected + P45
0.855,0.49981745162468055,0.9362394274560832,0.2109661339979475,0.34434075137592723,0.682420594925621,0.5936330065394816,0.47001603010732323,0.9762998790810157,0.2109661339979475,0.8366095599173242,0.7527446978505636,rank average: binary + expected + P45
0.856,0.49890470974808326,0.9358218729535036,0.20950007330303475,0.3423574508864399,0.6819845391917799,0.5928999761920252,0.4688047944494128,0.9762998790810157,0.20950007330303475,0.8366095599173242,0.7527446978505636,rank average: binary + expected + P45
0.857,0.4979006936838262,0.9359313077939234,0.20774080046913942,0.3400119976004799,0.6817974691903318,0.5921412587593581,0.4674207443257611,0.9765417170495768,0.20774080046913942,0.8366095599173242,0.7527446978505636,rank average: binary + expected + P45
0.858,0.49707922599488863,0.936127744510978,0.20627473977422664,0.33805862566074,0.6816997550440218,0.5915291473961822,0.4662768842168875,0.9767835550181379,0.20627473977422664,0.8366095599173242,0.7527446978505636,rank average: binary + expected + P45
0.859,0.49589266155531214,0.9361559139784946,0.20422225480134878,0.33529907329401853,0.6814281893508866,0.5906238238940238,0.464642846946208,0.9770253929866989,0.20422225480134878,0.8366095599173242,0.7527446978505636,rank average: binary + expected + P45
0.86,0.49525374224169405,0.9358541525995948,0.20319601231490983,0.33389544688026984,0.6811196884370005,0.5901107026508043,0.4637882818530666,0.9770253929866989,0.20319601231490983,0.8366095599173242,0.7527446978505636,rank average: binary + expected + P45
0.861,0.49461482292807596,0.936141304347826,0.20202316375897963,0.332328469793802,0.6811136719967725,0.5896451973571198,0.46288205558858175,0.97726723095526,0.20202316375897963,0.8366095599173242,0.7527446978505636,rank average: binary + expected + P45
0.862,0.49370208105147867,0.9368998628257887,0.2002638909250843,0.32999154487256915,0.6812842123141367,0.5890073989087332,0.4615555905247464,0.9777509068923821,0.2002638909250843,0.8366095599173242,0.7527446978505636,rank average: binary + expected + P45
0.863,0.49269806498722163,0.9376299376299376,0.1983580120216977,0.32744433688286545,0.6814187741340059,0.588296297425601,0.46010259048129204,0.9782345828295043,0.1983580120216977,0.8366095599173242,0.7527446978505636,rank average: binary + expected + P45
0.864,0.49187659729828404,0.9372384937238494,0.1970385573962762,0.3256208358570563,0.6810221034046678,0.5876365701128903,0.4589955244672995,0.9782345828295043,0.1970385573962762,0.8366095599173242,0.7527446978505636,rank average: binary + expected + P45
0.865,0.49069003285870755,0.9366643209007741,0.1951326784928896,0.32297985925746175,0.6804454273617662,0.5866836306611969,0.4573933678145392,0.9782345828295043,0.1951326784928896,0.8366095599173242,0.7527446978505636,rank average: binary + expected + P45
0.866,0.4895947426067908,0.936124911284599,0.19337340565899427,0.32053462940461724,0.679909109041273,0.5858039942442492,0.45591122641112314,0.9782345828295043,0.19337340565899427,0.8366095599173242,0.7527446978505636,rank average: binary + expected + P45
0.867,0.48922964585615186,0.9359430604982206,0.19278698138102918,0.31971796742037445,0.6797294613558007,0.5855107821052667,0.4554164877288924,0.9782345828295043,0.19278698138102918,0.8366095599173242,0.7527446978505636,rank average: binary + expected + P45
0.868,0.4882256297918949,0.9360632183908046,0.19102770854713386,0.3173018385486424,0.6795539847704755,0.5847520646725995,0.4540009448236314,0.9784764207980653,0.19102770854713386,0.8366095599173242,0.7527446978505636,rank average: binary + expected + P45
0.869,0.4874041621029573,0.9362780593772628,0.18956164785222107,0.3152889539136796,0.6794706223779264,0.5841399533094237,0.4528304725804722,0.9787182587666263,0.18956164785222107,0.8366095599173242,0.7527446978505636,rank average: binary + expected + P45
0.87,0.48667396860167944,0.9384615384615385,0.18780237501832575,0.31297336916687024,0.6804183409125543,0.5837439928295982,0.45162000820284354,0.9796856106408706,0.18780237501832575,0.8366095599173242,0.7527446978505636,rank average: binary + expected + P45
0.871,0.48576122672508215,0.9380073800738007,0.186336314323413,0.31090998043052837,0.6799712975777815,0.5830109624821418,0.45037345264974293,0.9796856106408706,0.186336314323413,0.8366095599173242,0.7527446978505636,rank average: binary + expected + P45
0.872,0.48457466228550566,0.9374068554396423,0.18443043542002638,0.3082200171505574,0.6793857659765301,0.5820580230304485,0.4487496187287444,0.9796856106408706,0.18443043542002638,0.8366095599173242,0.7527446978505636,rank average: binary + expected + P45
0.873,0.48375319459656807,0.9389600602863603,0.18267116258613106,0.30584192439862545,0.6799899480993542,0.5815411435663425,0.4474574341551395,0.9804111245465538,0.18267116258613106,0.8366095599173242,0.7527446978505636,rank average: binary + expected + P45
0.874,0.4825666301569916,0.9390243902439024,0.18061867761325318,0.30296323619820487,0.6797465377183842,0.580635820064184,0.4457700279982243,0.9806529625151149,0.18061867761325318,0.8366095599173242,0.7527446978505636,rank average: binary + expected + P45
0.875,0.48183643665571374,0.9393241167434716,0.17929922298783169,0.30112027576018713,0.6797304238161112,0.5800970117357538,0.44470764676398655,0.9808948004836759,0.17929922298783169,0.8366095599173242,0.7527446978505636,rank average: binary + expected + P45
0.876,0.48147133990507485,0.9398148148148148,0.17856619264037532,0.300110878403351,0.6798970554405337,0.5798514155463061,0.44414750154310356,0.981136638452237,0.17856619264037532,0.8366095599173242,0.7527446978505636,rank average: binary + expected + P45
0.877,0.48028477546549836,0.9392049883086516,0.1766603137369887,0.29738400789733466,0.6793099272154237,0.5788984760946129,0.4425071835546928,0.981136638452237,0.1766603137369887,0.8366095599173242,0.7527446978505636,rank average: binary + expected + P45
0.878,0.4795545819642205,0.9395129615082483,0.17534085911156722,0.29552755127254754,0.6792989779140952,0.5783596677661826,0.44143869241149447,0.9813784764207981,0.17534085911156722,0.8366095599173242,0.7527446978505636,rank average: binary + expected + P45
0.879,0.4791894852135816,0.9407114624505929,0.17446122269461956,0.29433588919119463,0.6798284378603187,0.5781616875262698,0.44081759019085265,0.9818621523579202,0.17446122269461956,0.8366095599173242,0.7527446978505636,rank average: binary + expected + P45
0.88,0.4790069368382621,0.9427207637231504,0.17372819234716316,0.2933894528348601,0.6808149648082708,0.5781579293053832,0.4403914157336076,0.9825876662636034,0.17372819234716316,0.8366095599173242,0.7527446978505636,rank average: binary + expected + P45
0.881,0.4779116465863454,0.943593875906527,0.1716757073742853,0.29049863557429917,0.6810094958534179,0.5773735247875055,0.43875112284130124,0.9830713422007256,0.1716757073742853,0.8366095599173242,0.7527446978505636,rank average: binary + expected + P45
0.882,0.47718145308506754,0.943227899432279,0.17050285881835509,0.2888005959771542,0.6806543693397125,0.5767871005095403,0.4377326691821115,0.9830713422007256,0.17050285881835509,0.8366095599173242,0.7527446978505636,rank average: binary + expected + P45
0.883,0.47626871120847025,0.9442165709598032,0.16874358598445977,0.28631840796019903,0.6809508447897505,0.5761493020611537,0.436339711477216,0.9835550181378476,0.16874358598445977,0.8366095599173242,0.7527446978505636,rank average: binary + expected + P45
0.884,0.4752646951442132,0.9437086092715232,0.1671309192200557,0.2839706065512517,0.6804611983575507,0.5753429686789516,0.4349335133166833,0.9835550181378476,0.1671309192200557,0.8366095599173242,0.7527446978505636,rank average: binary + expected + P45
0.885,0.4741694048922965,0.9431438127090301,0.1653716463861604,0.28140202070599973,0.6799223161905806,0.574463332262004,0.43339622445879333,0.9835550181378476,0.1653716463861604,0.8366095599173242,0.7527446978505636,rank average: binary + expected + P45
0.886,0.4738043081416575,0.9436974789915966,0.164638616038704,0.28036449881413056,0.6801223417894702,0.5742177360725563,0.43282306661446046,0.9837968561064087,0.164638616038704,0.8366095599173242,0.7527446978505636,rank average: binary + expected + P45
0.887,0.4730741146403797,0.94331641285956,0.16346576748277378,0.27864550793452453,0.6797613371848444,0.5736313117945913,0.4317952537875225,0.9837968561064087,0.16346576748277378,0.8366095599173242,0.7527446978505636,rank average: binary + expected + P45
0.888,0.47261774370208104,0.9438297872340425,0.16258613106582612,0.2773886943471736,0.6799202100468342,0.573312412570398,0.4310915877599622,0.9840386940749698,0.16258613106582612,0.8366095599173242,0.7527446978505636,rank average: binary + expected + P45
0.889,0.4721613727637824,0.9443493150684932,0.16170649464887846,0.27612967830767304,0.6800822995448719,0.5729935133462046,0.43038689618177595,0.9842805320435308,0.16170649464887846,0.8366095599173242,0.7527446978505636,rank average: binary + expected + P45
0.89,0.47106608251186566,0.9460869565217391,0.1595074036065093,0.272989587253795,0.6807224503187933,0.5722567247778617,0.4286546099958811,0.985006045949214,0.1595074036065093,0.8366095599173242,0.7527446978505636,rank average: binary + expected + P45
0.891,0.47024461482292806,0.9456617002629273,0.15818794898108782,0.2710374277819643,0.6803193880835777,0.5715969974651509,0.42749004005585667,0.985006045949214,0.15818794898108782,0.8366095599173242,0.7527446978505636,rank average: binary + expected + P45
0.892,0.4693318729463308,0.9483526268922529,0.15613546400820993,0.2681268882175227,0.6814884257211188,0.5710544309158341,0.4259448874077304,0.9859733978234583,0.15613546400820993,0.8366095599173242,0.7527446978505636,rank average: binary + expected + P45
0.893,0.4684191310697335,0.9478885893980233,0.15466940331329718,0.2659440383161079,0.6810457881461315,0.5703214005683778,0.4246446475741364,0.9859733978234583,0.15466940331329718,0.8366095599173242,0.7527446978505636,rank average: binary + expected + P45
0.894,0.46768893756845564,0.9499545040946314,0.15305673654889312,0.2636363636363636,0.6819367731997962,0.5698778241390173,0.4234133790737564,0.9866989117291415,0.15305673654889312,0.8366095599173242,0.7527446978505636,rank average: binary + expected + P45
0.895,0.4665936473165389,0.9502304147465438,0.15115085764550654,0.2608145712117379,0.6818318520901192,0.5690458036716045,0.42178241055232046,0.9869407496977025,0.15115085764550654,0.8366095599173242,0.7527446978505636,rank average: binary + expected + P45
0.896,0.46595472800292076,0.9507434944237918,0.14997800908957631,0.2590857287577561,0.681950694580317,0.56858029837792,0.4208022293449858,0.9871825876662637,0.14997800908957631,0.8366095599173242,0.7527446978505636,rank average: binary + expected + P45
0.897,0.46531580868930267,0.952112676056338,0.14865855446415482,0.25716459548567083,0.6825066463893054,0.5681624090337702,0.4197558326066597,0.9876662636033857,0.14865855446415482,0.8366095599173242,0.7527446978505636,rank average: binary + expected + P45
0.898,0.4644030668127054,0.9525166191832859,0.14704588769975077,0.25476250952501905,0.6825089407135252,0.5674769946358488,0.41837712311982533,0.9879081015719468,0.14704588769975077,0.8366095599173242,0.7527446978505636,rank average: binary + expected + P45
0.899,0.4634903249361081,0.9529298751200769,0.14543322093534672,0.25235309081658613,0.6825163747763773,0.5667915802379273,0.41699505074637133,0.9881499395405079,0.14543322093534672,0.8366095599173242,0.7527446978505636,rank average: binary + expected + P45
0.9,0.4623037604965316,0.9532163742690059,0.14338073596246884,0.249267235886326,0.682398720870656,0.5658862567357689,0.4152130704849334,0.9883917775090689,0.14338073596246884,0.8366095599173242,0.7527446978505636,rank average: binary + expected + P45
0.901,0.4617561153705732,0.9547244094488189,0.14220788740653864,0.24754370294755645,0.683046309352176,0.5655416704263648,0.4142869491647196,0.9888754534461911,0.14220788740653864,0.8366095599173242,0.7527446978505636,rank average: binary + expected + P45
0.902,0.4611171960569551,0.9544103072348861,0.14118164492009969,0.24597701149425288,0.6827445122180261,0.5650285491831454,0.41335919172923125,0.9888754534461911,0.14118164492009969,0.8366095599173242,0.7527446978505636,rank average: binary + expected + P45
0.903,0.4598393574297189,0.9537688442211055,0.1391291599472218,0.24283520982599796,0.6821348989703058,0.5640023066967065,0.41149989776203416,0.9888754534461911,0.1391291599472218,0.8366095599173242,0.7527446978505636,rank average: binary + expected + P45
0.904,0.45819642205184374,0.9529170931422722,0.13649025069637882,0.23877917414721722,0.6813387950930321,0.562682852071285,0.40910192942871704,0.9888754534461911,0.13649025069637882,0.8366095599173242,0.7527446978505636,rank average: binary + expected + P45
0.905,0.4569185834246075,0.952232606438214,0.13443776572350094,0.2356115107913669,0.6807095184697824,0.561656609584846,0.40723101020882047,0.9888754534461911,0.13443776572350094,0.8366095599173242,0.7527446978505636,rank average: binary + expected + P45
0.906,0.4559145673603505,0.9535864978902954,0.13253188682011435,0.23271978375595315,0.6811797397525018,0.5609455081017137,0.4056195963254064,0.9893591293833132,0.13253188682011435,0.8366095599173242,0.7527446978505636,rank average: binary + expected + P45
0.907,0.4550930996714129,0.9531416400425985,0.13121243219469286,0.23067010309278352,0.6807736751675506,0.560285780789003,0.4044108005571323,0.9893591293833132,0.13121243219469286,0.8366095599173242,0.7527446978505636,rank average: binary + expected + P45
0.908,0.4534501642935378,0.9532100108813928,0.1284269168743586,0.22635658914728682,0.6804507760892966,0.5590139421131164,0.40191665189794484,0.9896009673518742,0.1284269168743586,0.8366095599173242,0.7527446978505636,rank average: binary + expected + P45
0.909,0.45244614822928075,0.9546460176991151,0.126521037970972,0.2234304207119741,0.6809640753039945,0.5583028406299841,0.40028925701842455,0.9900846432889964,0.126521037970972,0.8366095599173242,0.7527446978505636,rank average: binary + expected + P45
0.91,0.4516246805403432,0.9541899441340782,0.1252015833455505,0.22135821669258685,0.6805538727727344,0.5576431133172735,0.3990702044296972,0.9900846432889964,0.1252015833455505,0.8366095599173242,0.7527446978505636,rank average: binary + expected + P45
0.911,0.4505293902884264,0.9535673839184597,0.12344231051165518,0.2185877466251298,0.6800002113675492,0.5567634769003258,0.3974413958350874,0.9900846432889964,0.12344231051165518,0.8366095599173242,0.7527446978505636,rank average: binary + expected + P45
0.912,0.4494341000365097,0.9529276693455798,0.12168303767775986,0.21580863234529382,0.6794385495959431,0.5558838404833781,0.3958086762289057,0.9900846432889964,0.12168303767775986,0.8366095599173242,0.7527446978505636,rank average: binary + expected + P45
0.913,0.44843008397225265,0.9523255813953488,0.12007037091335582,0.2132534826194506,0.6789163564662957,0.5550775071011761,0.3943085626855949,0.9900846432889964,0.12007037091335582,0.8366095599173242,0.7527446978505636,rank average: binary + expected + P45
0.914,0.44760861628331505,0.9539551357733176,0.11845770414895176,0.21074595722483047,0.6795693178124675,0.5545130116875352,0.39293265286122175,0.9905683192261185,0.11845770414895176,0.8366095599173242,0.7527446978505636,rank average: binary + expected + P45
0.915,0.44696969696969696,0.9535714285714286,0.11743146166251282,0.20911108210416396,0.6792372761678812,0.5539998904443156,0.3919739678291503,0.9905683192261185,0.11743146166251282,0.8366095599173242,0.7527446978505636,rank average: binary + expected + P45
0.916,0.4462395034684191,0.9553140096618358,0.11596540096760005,0.20682442149300562,0.6799674313712023,0.5535086980654204,0.39072904451219026,0.9910519951632406,0.11596540096760005,0.8366095599173242,0.7527446978505636,rank average: binary + expected + P45
0.917,0.44496166484118294,0.9556650246305419,0.1137663099252309,0.20332765622952967,0.6798731274572268,0.5525300715285163,0.38872874862740575,0.9912938331318016,0.1137663099252309,0.8366095599173242,0.7527446978505636,rank average: binary + expected + P45
0.918,0.4443227455275648,0.9552795031055901,0.11274006743879196,0.2016784683975872,0.6795410420660449,0.5520169502852968,0.3877634957135633,0.9912938331318016,0.11274006743879196,0.8366095599173242,0.7527446978505636,rank average: binary + expected + P45
0.919,0.44386637458926614,0.957286432160804,0.11171382495235303,0.20007877116975187,0.6804640822221343,0.5517456670106384,0.3869229112931656,0.9917775090689238,0.11171382495235303,0.8366095599173242,0.7527446978505636,rank average: binary + expected + P45
0.92,0.4427710843373494,0.9566326530612245,0.1099545521184577,0.19723865877712032,0.6798991027791376,0.5508660305936908,0.3852622314644671,0.9917775090689238,0.1099545521184577,0.8366095599173242,0.7527446978505636,rank average: binary + expected + P45
0.921,0.4415845198977729,0.9559014267185474,0.1080486732150711,0.1941517386722866,0.67927619200434,0.5499130911419975,0.3834585509003891,0.9917775090689238,0.1080486732150711,0.8366095599173242,0.7527446978505636,rank average: binary + expected + P45
0.922,0.4410368747718145,0.9579500657030223,0.10687582465914089,0.19229754682141914,0.680201124072698,0.5495685048325935,0.3824711739689789,0.992261185006046,0.10687582465914089,0.8366095599173242,0.7527446978505636,rank average: binary + expected + P45
0.923,0.4408543263964951,0.9614873837981408,0.10614279431168451,0.19118035384209137,0.6819590207239259,0.5495647466117068,0.38196205584418697,0.9929866989117292,0.10614279431168451,0.8366095599173242,0.7527446978505636,rank average: binary + expected + P45
0.924,0.4396677619569186,0.9608108108108108,0.10423691540829791,0.1880703610633514,0.6813646849668775,0.5486118071600136,0.3801476465619175,0.9929866989117292,0.10423691540829791,0.8366095599173242,0.7527446978505636,rank average: binary + expected + P45
0.925,0.43829864914202266,0.9612724757952974,0.10189121829643748,0.18425238600212088,0.6813105269624391,0.5475598775883639,0.37796973420373303,0.9932285368802902,0.10189121829643748,0.8366095599173242,0.7527446978505636,rank average: binary + expected + P45
0.926,0.4376597298284045,0.9621848739495799,0.10071836974050725,0.18234903782349038,0.681639205184124,0.5470943722946793,0.3769086776374877,0.9934703748488513,0.10071836974050725,0.8366095599173242,0.7527446978505636,rank average: binary + expected + P45
0.927,0.4365644395764878,0.9615384615384616,0.09895909690661193,0.17944968762461783,0.6810813041064651,0.5462147358777316,0.37522070870910507,0.9934703748488513,0.09895909690661193,0.8366095599173242,0.7527446978505636,rank average: binary + expected + P45
0.928,0.4357429718875502,0.961038961038961,0.09763964228119044,0.17726909768432259,0.6806558928745424,0.5455550085650208,0.3739519540373273,0.9934703748488513,0.09763964228119044,0.8366095599173242,0.7527446978505636,rank average: binary + expected + P45
0.929,0.43501277838627234,0.9605839416058394,0.09646679372526022,0.1753264055422329,0.6802724985022673,0.5449685842870557,0.37282216431491766,0.9934703748488513,0.09646679372526022,0.8366095599173242,0.7527446978505636,rank average: binary + expected + P45
0.93,0.43410003650967505,0.96,0.09500073303034745,0.1728922091782284,0.6797860130337515,0.5442355539395993,0.3714072588621442,0.9934703748488513,0.09500073303034745,0.8366095599173242,0.7527446978505636,rank average: binary + expected + P45
0.931,0.4330047462577583,0.9592760180995475,0.09324146019645213,0.16996258685195084,0.6791911033857303,0.5433559175226517,0.36970544091696517,0.9934703748488513,0.09324146019645213,0.8366095599173242,0.7527446978505636,rank average: binary + expected + P45
0.932,0.43200073019350127,0.96,0.09148218736255681,0.16704591085530718,0.6793498932660587,0.5425972000899846,0.36806003734718823,0.9937122128174123,0.09148218736255681,0.8366095599173242,0.7527446978505636,rank average: binary + expected + P45
0.933,0.4313618108798832,0.9609984399375975,0.09030933880662659,0.1651031894934334,0.6797236504099039,0.5421316947963,0.3669806604906613,0.9939540507859734,0.09030933880662659,0.8366095599173242,0.7527446978505636,rank average: binary + expected + P45
0.934,0.4304490690032859,0.9618441971383148,0.08869667204222255,0.16241610738255033,0.6799634464920778,0.5414462803983785,0.3654702580890071,0.9941958887545345,0.08869667204222255,0.8366095599173242,0.7527446978505636,rank average: binary + expected + P45
0.935,0.42971887550200805,0.962843295638126,0.08737721741680106,0.16021505376344086,0.6803188133409745,0.5409074720699483,0.36424240803152697,0.9944377267230955,0.08737721741680106,0.8366095599173242,0.7527446978505636,rank average: binary + expected + P45
0.936,0.42853231106243156,0.9635761589403974,0.08532473244392318,0.15676767676767678,0.680445343766953,0.5400021485677899,0.3622935505395642,0.9946795646916566,0.08532473244392318,0.8366095599173242,0.7527446978505636,rank average: binary + expected + P45
0.937,0.42743702081051477,0.9628378378378378,0.08356545961002786,0.1537838931606637,0.6798461670856499,0.5391225121508423,0.3605666827690345,0.9946795646916566,0.08356545961002786,0.8366095599173242,0.7527446978505636,rank average: binary + expected + P45
0.9380000000000001,0.4262504563709383,0.9620034542314335,0.08165958070664125,0.15054054054054053,0.6791803914695762,0.5381695726991489,0.3586908876903364,0.9946795646916566,0.08165958070664125,0.8366095599173242,0.7527446978505636,rank average: binary + expected + P45
0.9390000000000001,0.4249726177437021,0.9610619469026549,0.07960709573376337,0.14703493095044678,0.6784426277675626,0.53714333021271,0.35666492520260873,0.9946795646916566,0.07960709573376337,0.8366095599173242,0.7527446978505636,rank average: binary + expected + P45
0.9400000000000001,0.4244249726177437,0.9622980251346499,0.07858085324732444,0.14529682840878286,0.6789564940559296,0.5367511279537711,0.35570882427732387,0.9949214026602177,0.07858085324732444,0.8366095599173242,0.7527446978505636,rank average: binary + expected + P45
0.9410000000000001,0.42342095655348666,0.9615384615384616,0.07696818648292039,0.14252748744400706,0.6783676937855612,0.5359447945715691,0.3541100826700957,0.9949214026602177,0.07696818648292039,0.8366095599173242,0.7527446978505636,rank average: binary + expected + P45
0.9420000000000001,0.4225994888645491,0.9626168224299065,0.07550212578800762,0.14002175095160413,0.6787462770627606,0.5353326832083931,0.35271216703941843,0.9951632406287787,0.07550212578800762,0.8366095599173242,0.7527446978505636,rank average: binary + expected + P45
0.9430000000000001,0.4215954728002921,0.9618320610687023,0.07388945902360358,0.1372362151123213,0.6781457084484616,0.5345263498261912,0.35110592248030426,0.9951632406287787,0.07388945902360358,0.8366095599173242,0.7527446978505636,rank average: binary + expected + P45
0.9440000000000001,0.4206827309236948,0.9647058823529412,0.07213018618970825,0.13422452598554085,0.6794140171864266,0.5338885513778046,0.34946601102102637,0.9956469165659009,0.07213018618970825,0.8366095599173242,0.7527446978505636,rank average: binary + expected + P45
0.9450000000000001,0.41995253742241695,0.9678714859437751,0.07066412549479549,0.13171198251127203,0.6808663224325875,0.5333973589989092,0.34811460840084263,0.9961305925030229,0.07066412549479549,0.8366095599173242,0.7527446978505636,rank average: binary + expected + P45
0.9460000000000001,0.41913106973347936,0.967280163599182,0.06934467086937399,0.12941176470588237,0.6804013314413222,0.5327376316861985,0.34679052829185364,0.9961305925030229,0.06934467086937399,0.8366095599173242,0.7527446978505636,rank average: binary + expected + P45
0.9470000000000001,0.4180357794815626,0.9664570230607966,0.06758539803547867,0.1263359824609482,0.6797644405312572,0.5318579952692508,0.3450210088847782,0.9961305925030229,0.06758539803547867,0.8366095599173242,0.7527446978505636,rank average: binary + expected + P45
0.9480000000000001,0.4173055859802848,0.9658848614072495,0.06641254947954846,0.1242798353909465,0.6793284324200355,0.5312715709912857,0.34383872770778345,0.9961305925030229,0.06641254947954846,0.8366095599173242,0.7527446978505636,rank average: binary + expected + P45
0.9490000000000001,0.41630156991602774,0.9650655021834061,0.0647998827151444,0.12144525346888309,0.6787129758964278,0.5304652376090837,0.34220967655334406,0.9961305925030229,0.0647998827151444,0.8366095599173242,0.7527446978505636,rank average: binary + expected + P45
0.9500000000000001,0.4152975538517707,0.9726651480637813,0.06260079167277526,0.11763085399449036,0.682348548169002,0.5298493680250213,0.3402104583922766,0.9970979443772672,0.06260079167277526,0.8366095599173242,0.7527446978505636,rank average: binary + expected + P45
0.9510000000000001,0.4145673603504929,0.9721577726218097,0.06142794311684504,0.11555432984004413,0.6819458696838264,0.5292629437470561,0.33901863831702067,0.9970979443772672,0.06142794311684504,0.8366095599173242,0.7527446978505636,rank average: binary + expected + P45
0.9520000000000001,0.4134720700985761,0.9713603818615751,0.05966867028294971,0.11243093922651934,0.6813241123505465,0.5283833073301084,0.3372269199949391,0.9970979443772672,0.05966867028294971,0.8366095599173242,0.7527446978505636,rank average: binary + expected + P45
0.9530000000000001,0.4121942314713399,0.9703703703703703,0.05761618531007184,0.10877387212842513,0.6805695089459661,0.5273570648436695,0.33513050136449857,0.9970979443772672,0.05761618531007184,0.8366095599173242,0.7527446978505636,rank average: binary + expected + P45
0.9540000000000001,0.411829134720701,0.9724310776942355,0.05688315496261545,0.1074792243767313,0.6815361791805459,0.5271114686542219,0.3344365901355478,0.9973397823458283,0.05688315496261545,0.8366095599173242,0.7527446978505636,rank average: binary + expected + P45
0.9550000000000001,0.41046002190580505,0.9713541666666666,0.0546840639202463,0.10353920888272033,0.6807205944948922,0.5260119231330374,0.3321802932290123,0.9973397823458283,0.0546840639202463,0.8366095599173242,0.7527446978505636,rank average: binary + expected + P45
0.9560000000000001,0.4097298284045272,0.9758064516129032,0.05321800322533353,0.1009314611427777,0.682820081437593,0.525520730754142,0.33078368695429533,0.9978234582829504,0.05321800322533353,0.8366095599173242,0.7527446978505636,rank average: binary + expected + P45
0.9570000000000001,0.40927345746622856,0.9780821917808219,0.05233836680838587,0.09935986640690231,0.6838763333561838,0.5252018315299487,0.32993254762691987,0.9980652962515115,0.05233836680838587,0.8366095599173242,0.7527446978505636,rank average: binary + expected + P45
0.9580000000000001,0.4086345381526104,0.9776536312849162,0.05131212432194693,0.09750661652040674,0.6835333640478176,0.5246887102867293,0.3288727679764865,0.9980652962515115,0.05131212432194693,0.8366095599173242,0.7527446978505636,rank average: binary + expected + P45
0.9590000000000001,0.40763052208835343,0.9769452449567724,0.04969945755754288,0.09458705357142858,0.6829772883281364,0.5238823769045272,0.327203998842144,0.9980652962515115,0.04969945755754288,0.8366095599173242,0.7527446978505636,rank average: binary + expected + P45
0.96,0.40680905439941584,0.9763313609467456,0.04838000293212139,0.09219164687805559,0.6825054808124197,0.5232226495918164,0.32583553739551124,0.9980652962515115,0.04838000293212139,0.8366095599173242,0.7527446978505636,rank average: binary + expected + P45
0.961,0.406078860898138,0.9786585365853658,0.047060548306699895,0.08980276961812841,0.6835332577544819,0.5226838412633862,0.32451934863755433,0.9983071342200726,0.047060548306699895,0.8366095599173242,0.7527446978505636,rank average: binary + expected + P45
0.962,0.4051661190215407,0.9779874213836478,0.04559448761178713,0.08712704860624737,0.6830151432919367,0.5219508109159299,0.3229922117735089,0.9983071342200726,0.04559448761178713,0.8366095599173242,0.7527446978505636,rank average: binary + expected + P45
0.963,0.4042533771449434,0.9772727272727273,0.04412842691687436,0.08444382101276476,0.6824755822689708,0.5212177805684735,0.3214615776916627,0.9983071342200726,0.04412842691687436,0.8366095599173242,0.7527446978505636,rank average: binary + expected + P45
0.964,0.40379700620664477,0.976897689768977,0.043395396569417974,0.08309938236945537,0.6821970848169019,0.5208512653947452,0.3206949440924907,0.9983071342200726,0.043395396569417974,0.8366095599173242,0.7527446978505636,rank average: binary + expected + P45
0.965,0.40306681270536693,0.9795221843003413,0.042075941943996484,0.08068597132414956,0.6833745217666013,0.520312457066315,0.3193671781205151,0.9985489721886336,0.042075941943996484,0.8366095599173242,0.7527446978505636,rank average: binary + expected + P45
0.966,0.40224534501642933,0.9788732394366197,0.04075648731857499,0.07825475017593245,0.6828867696433474,0.5196527297536043,0.31798197088725033,0.9985489721886336,0.04075648731857499,0.8366095599173242,0.7527446978505636,rank average: binary + expected + P45
0.967,0.40105878057685285,0.977859778597786,0.038850608415188385,0.07473209249858996,0.6821446763835911,0.5186997903019109,0.3159760327540183,0.9985489721886336,0.038850608415188385,0.8366095599173242,0.7527446978505636,rank average: binary + expected + P45
0.968,0.4005111354508945,0.9809885931558935,0.03782436592874945,0.07284020327498589,0.6836112890028976,0.5183075880429721,0.31494721250881746,0.9987908101571947,0.03782436592874945,0.8366095599173242,0.7527446978505636,rank average: binary + expected + P45
0.969,0.39923329682365827,0.9838056680161943,0.035625274886380294,0.06876061120543293,0.684777985749623,0.517328961506068,0.31267456590991133,0.9990326481257558,0.035625274886380294,0.8366095599173242,0.7527446978505636,rank average: binary + expected + P45
0.97,0.39895947426067907,0.9836065573770492,0.035185456677906464,0.06794055201698514,0.6846244138640287,0.5171090524018311,0.31220830389291365,0.9990326481257558,0.035185456677906464,0.8366095599173242,0.7527446978505636,rank average: binary + expected + P45
0.971,0.3984118291347207,0.9831932773109243,0.034305820260958804,0.06629834254143646,0.6843098314153054,0.5166692341933573,0.3112748024563373,0.9990326481257558,0.034305820260958804,0.8366095599173242,0.7527446978505636,rank average: binary + expected + P45
0.972,0.3976816356334429,0.9826086956521739,0.03313297170502859,0.06410438235711247,0.6838738052193369,0.5160828099153921,0.3100281012788187,0.9990326481257558,0.03313297170502859,0.8366095599173242,0.7527446978505636,rank average: binary + expected + P45
0.973,0.39695144213216504,0.9863636363636363,0.0318135170796071,0.06163897173696918,0.685618479880775,0.5155440015869619,0.30867571611527367,0.9992744860943168,0.0318135170796071,0.8366095599173242,0.7527446978505636,rank average: binary + expected + P45
0.974,0.395947426067908,0.9903381642512077,0.03005424424571177,0.05833807626636312,0.6874195240271761,0.5147852841542948,0.3068497691194756,0.9995163240628778,0.03005424424571177,0.8366095599173242,0.7527446978505636,rank average: binary + expected + P45
0.975,0.3953085067542899,0.99,0.029028001759272833,0.05640222190571144,0.6871253253997769,0.5142721629110754,0.30575130905909437,0.9995163240628778,0.029028001759272833,0.8366095599173242,0.7527446978505636,rank average: binary + expected + P45
0.976,0.39457831325301207,0.9895833333333334,0.027855153203342618,0.05418508484243548,0.6867742010405053,0.5136857386331102,0.30449371028483274,0.9995163240628778,0.027855153203342618,0.8366095599173242,0.7527446978505636,rank average: binary + expected + P45
0.977,0.3937568455640745,0.994475138121547,0.02638909250842985,0.05141388174807198,0.6890705156965043,0.5130736272699344,0.30297052236296956,0.999758162031439,0.02638909250842985,0.8366095599173242,0.7527446978505636,rank average: binary + expected + P45
0.978,0.39302665206279663,1.0,0.025069637883008356,0.04891304347826087,0.6917014371812703,0.5125348189415042,0.3016012938570929,1.0,0.025069637883008356,0.8366095599173242,0.7527446978505636,rank average: binary + expected + P45
0.979,0.39211391018619934,1.0,0.02360357718809559,0.04611859066170152,0.6915238536359426,0.5118017885940478,0.30001843799662437,1.0,0.02360357718809559,0.8366095599173242,0.7527446978505636,rank average: binary + expected + P45
0.98,0.3908360715589631,1.0,0.02155109221521771,0.04219288174512055,0.6912757886946064,0.5107755461076089,0.29779611967341685,1.0,0.02155109221521771,0.8366095599173242,0.7527446978505636,rank average: binary + expected + P45
0.981,0.39001460387002557,1.0,0.02023163758979622,0.03966087081477224,0.6911166574228138,0.5101158187948981,0.29636357257049717,1.0,0.02023163758979622,0.8366095599173242,0.7527446978505636,rank average: binary + expected + P45
0.982,0.389193136181088,1.0,0.018912182964374726,0.03712230215827338,0.6909577907084141,0.5094560914821874,0.29492794696204006,1.0,0.018912182964374726,0.8366095599173242,0.7527446978505636,rank average: binary + expected + P45
0.983,0.3890105878057685,1.0,0.01861897082539217,0.03655728267127231,0.690922522855296,0.509309485412696,0.2946084996622868,1.0,0.01861897082539217,0.8366095599173242,0.7527446978505636,rank average: binary + expected + P45
0.984,0.3885542168674699,1.0,0.017885940477935788,0.03514330980844015,0.6908344101901421,0.5089429702389678,0.2938092125232995,1.0,0.017885940477935788,0.8366095599173242,0.7527446978505636,rank average: binary + expected + P45
0.985,0.3879152975538518,1.0,0.016859697991496846,0.03316032295271049,0.6907111890047044,0.5084298489957484,0.29268860164729543,1.0,0.016859697991496846,0.8366095599173242,0.7527446978505636,rank average: binary + expected + P45
0.986,0.3870938298649142,1.0,0.015540243366075356,0.030604879457196477,0.6905529953917051,0.5077701216830377,0.29124504900454085,1.0,0.015540243366075356,0.8366095599173242,0.7527446978505636,rank average: binary + expected + P45
0.987,0.38636363636363635,1.0,0.01436739481014514,0.028327793033675386,0.6904125990053417,0.5071836974050725,0.28995926769005187,1.0,0.01436739481014514,0.8366095599173242,0.7527446978505636,rank average: binary + expected + P45
0.988,0.3855421686746988,1.0,0.013047940184723647,0.025759768451519536,0.6902549001564369,0.5065239700923618,0.28850980023695827,1.0,0.013047940184723647,0.8366095599173242,0.7527446978505636,rank average: binary + expected + P45
0.989,0.3852683461117196,1.0,0.012608121976249817,0.024902273056319677,0.6902023919043239,0.5063040609881249,0.28802594492536077,1.0,0.012608121976249817,0.8366095599173242,0.7527446978505636,rank average: binary + expected + P45
0.99,0.3841730558598028,1.0,0.010848849142354493,0.021464829586657,0.6899926484102187,0.5054244245711772,0.28608701291545674,1.0,0.010848849142354493,0.8366095599173242,0.7527446978505636,rank average: binary + expected + P45
0.991,0.38326031398320554,1.0,0.009382788447441724,0.01859114015976761,0.6898182152038193,0.5046913942237209,0.2844669283017511,1.0,0.009382788447441724,0.8366095599173242,0.7527446978505636,rank average: binary + expected + P45
0.992,0.38234757210660825,1.0,0.007916727752528954,0.01570909090909091,0.6896441019996331,0.5039583638762645,0.28284290749484603,1.0,0.007916727752528954,0.8366095599173242,0.7527446978505636,rank average: binary + expected + P45
0.993,0.38170865279299016,1.0,0.006890485266090016,0.013686662783925451,0.6895224126867724,0.503445242633045,0.2817037408575304,1.0,0.006890485266090016,0.8366095599173242,0.7527446978505636,rank average: binary + expected + P45
0.994,0.3815261044176707,1.0,0.006597273127107462,0.013108068744538305,0.68948767299056,0.5032986365635538,0.28137790782700794,1.0,0.006597273127107462,0.8366095599173242,0.7527446978505636,rank average: binary + expected + P45
0.995,0.38024826579043447,1.0,0.004544788154229585,0.009048453006421483,0.6892448512585813,0.5022723940771148,0.2790926195975002,1.0,0.004544788154229585,0.8366095599173242,0.7527446978505636,rank average: binary + expected + P45
0.996,0.3796093464768164,1.0,0.0035185456677906467,0.007012417823228634,0.6891236736187341,0.5017592728338953,0.2779470398666817,1.0,0.0035185456677906467,0.8366095599173242,0.7527446978505636,rank average: binary + expected + P45
0.997,0.379061701350858,1.0,0.002638909250842985,0.005263927474777014,0.689019930517462,0.5013194546254215,0.276963550017492,1.0,0.002638909250842985,0.8366095599173242,0.7527446978505636,rank average: binary + expected + P45
0.998,0.3782402336619204,1.0,0.0013194546254214924,0.0026354319180087846,0.6888645290947292,0.5006597273127108,0.2754855982027386,1.0,0.0013194546254214924,0.8366095599173242,0.7527446978505636,rank average: binary + expected + P45
0.999,0.3776013143483023,1.0,0.00029321213898255387,0.0005862523816503004,0.6887438378674456,0.5001466060694912,0.27433381808558294,1.0,0.00029321213898255387,0.8366095599173242,0.7527446978505636,rank average: binary + expected + P45
1.0,0.37741876597298285,0.0,0.0,0.0,0.18870938298649143,0.5,0.27400437346762974,1.0,0.0,0.8366095599173242,0.7527446978505636,rank average: binary + expected + P45
