threshold,accuracy,precision,recall,f1,macro_precision,macro_recall,macro_f1,recall_123,recall_45,auc_pr,auc_roc,method
0.0,0.6225812340270171,0.6225812340270171,1.0,0.767396073578219,0.3112906170135086,0.5,0.3836980367891095,0.0,1.0,0.8325673025824922,0.7477942877524368,mild binary MLP P45
0.001,0.6225812340270171,0.6225812340270171,1.0,0.767396073578219,0.3112906170135086,0.5,0.3836980367891095,0.0,1.0,0.8325673025824922,0.7477942877524368,mild binary MLP P45
0.002,0.6225812340270171,0.6225812340270171,1.0,0.767396073578219,0.3112906170135086,0.5,0.3836980367891095,0.0,1.0,0.8325673025824922,0.7477942877524368,mild binary MLP P45
0.003,0.6225812340270171,0.6225812340270171,1.0,0.767396073578219,0.3112906170135086,0.5,0.3836980367891095,0.0,1.0,0.8325673025824922,0.7477942877524368,mild binary MLP P45
0.004,0.6225812340270171,0.6225812340270171,1.0,0.767396073578219,0.3112906170135086,0.5,0.3836980367891095,0.0,1.0,0.8325673025824922,0.7477942877524368,mild binary MLP P45
0.005,0.6225812340270171,0.6225812340270171,1.0,0.767396073578219,0.3112906170135086,0.5,0.3836980367891095,0.0,1.0,0.8325673025824922,0.7477942877524368,mild binary MLP P45
0.006,0.6225812340270171,0.6225812340270171,1.0,0.767396073578219,0.3112906170135086,0.5,0.3836980367891095,0.0,1.0,0.8325673025824922,0.7477942877524368,mild binary MLP P45
0.007,0.6225812340270171,0.6225812340270171,1.0,0.767396073578219,0.3112906170135086,0.5,0.3836980367891095,0.0,1.0,0.8325673025824922,0.7477942877524368,mild binary MLP P45
0.008,0.6225812340270171,0.6225812340270171,1.0,0.767396073578219,0.3112906170135086,0.5,0.3836980367891095,0.0,1.0,0.8325673025824922,0.7477942877524368,mild binary MLP P45
0.009000000000000001,0.6225812340270171,0.6225812340270171,1.0,0.767396073578219,0.3112906170135086,0.5,0.3836980367891095,0.0,1.0,0.8325673025824922,0.7477942877524368,mild binary MLP P45
0.01,0.6225812340270171,0.6225812340270171,1.0,0.767396073578219,0.3112906170135086,0.5,0.3836980367891095,0.0,1.0,0.8325673025824922,0.7477942877524368,mild binary MLP P45
0.011,0.6225812340270171,0.6225812340270171,1.0,0.767396073578219,0.3112906170135086,0.5,0.3836980367891095,0.0,1.0,0.8325673025824922,0.7477942877524368,mild binary MLP P45
0.012,0.6225812340270171,0.6225812340270171,1.0,0.767396073578219,0.3112906170135086,0.5,0.3836980367891095,0.0,1.0,0.8325673025824922,0.7477942877524368,mild binary MLP P45
0.013000000000000001,0.6225812340270171,0.6225812340270171,1.0,0.767396073578219,0.3112906170135086,0.5,0.3836980367891095,0.0,1.0,0.8325673025824922,0.7477942877524368,mild binary MLP P45
0.014,0.6225812340270171,0.6225812340270171,1.0,0.767396073578219,0.3112906170135086,0.5,0.3836980367891095,0.0,1.0,0.8325673025824922,0.7477942877524368,mild binary MLP P45
0.015,0.6225812340270171,0.6225812340270171,1.0,0.767396073578219,0.3112906170135086,0.5,0.3836980367891095,0.0,1.0,0.8325673025824922,0.7477942877524368,mild binary MLP P45
0.016,0.6225812340270171,0.6225812340270171,1.0,0.767396073578219,0.3112906170135086,0.5,0.3836980367891095,0.0,1.0,0.8325673025824922,0.7477942877524368,mild binary MLP P45
0.017,0.6225812340270171,0.6225812340270171,1.0,0.767396073578219,0.3112906170135086,0.5,0.3836980367891095,0.0,1.0,0.8325673025824922,0.7477942877524368,mild binary MLP P45
0.018000000000000002,0.6225812340270171,0.6225812340270171,1.0,0.767396073578219,0.3112906170135086,0.5,0.3836980367891095,0.0,1.0,0.8325673025824922,0.7477942877524368,mild binary MLP P45
0.019,0.6225812340270171,0.6225812340270171,1.0,0.767396073578219,0.3112906170135086,0.5,0.3836980367891095,0.0,1.0,0.8325673025824922,0.7477942877524368,mild binary MLP P45
0.02,0.6225812340270171,0.6225812340270171,1.0,0.767396073578219,0.3112906170135086,0.5,0.3836980367891095,0.0,1.0,0.8325673025824922,0.7477942877524368,mild binary MLP P45
0.021,0.6225812340270171,0.6225812340270171,1.0,0.767396073578219,0.3112906170135086,0.5,0.3836980367891095,0.0,1.0,0.8325673025824922,0.7477942877524368,mild binary MLP P45
0.022,0.6225812340270171,0.6225812340270171,1.0,0.767396073578219,0.3112906170135086,0.5,0.3836980367891095,0.0,1.0,0.8325673025824922,0.7477942877524368,mild binary MLP P45
0.023,0.6225812340270171,0.6225812340270171,1.0,0.767396073578219,0.3112906170135086,0.5,0.3836980367891095,0.0,1.0,0.8325673025824922,0.7477942877524368,mild binary MLP P45
0.024,0.6225812340270171,0.6225812340270171,1.0,0.767396073578219,0.3112906170135086,0.5,0.3836980367891095,0.0,1.0,0.8325673025824922,0.7477942877524368,mild binary MLP P45
0.025,0.6225812340270171,0.6225812340270171,1.0,0.767396073578219,0.3112906170135086,0.5,0.3836980367891095,0.0,1.0,0.8325673025824922,0.7477942877524368,mild binary MLP P45
0.026000000000000002,0.6225812340270171,0.6225812340270171,1.0,0.767396073578219,0.3112906170135086,0.5,0.3836980367891095,0.0,1.0,0.8325673025824922,0.7477942877524368,mild binary MLP P45
0.027,0.6225812340270171,0.6225812340270171,1.0,0.767396073578219,0.3112906170135086,0.5,0.3836980367891095,0.0,1.0,0.8325673025824922,0.7477942877524368,mild binary MLP P45
0.028,0.6225812340270171,0.6225812340270171,1.0,0.767396073578219,0.3112906170135086,0.5,0.3836980367891095,0.0,1.0,0.8325673025824922,0.7477942877524368,mild binary MLP P45
0.029,0.6225812340270171,0.6225812340270171,1.0,0.767396073578219,0.3112906170135086,0.5,0.3836980367891095,0.0,1.0,0.8325673025824922,0.7477942877524368,mild binary MLP P45
0.03,0.6225812340270171,0.6225812340270171,1.0,0.767396073578219,0.3112906170135086,0.5,0.3836980367891095,0.0,1.0,0.8325673025824922,0.7477942877524368,mild binary MLP P45
0.031,0.6225812340270171,0.6225812340270171,1.0,0.767396073578219,0.3112906170135086,0.5,0.3836980367891095,0.0,1.0,0.8325673025824922,0.7477942877524368,mild binary MLP P45
0.032,0.6226725082146769,0.6226380648105888,1.0,0.7674392439243924,0.8113190324052943,0.5001209189842806,0.38396140145929486,0.0002418379685610641,1.0,0.8325673025824922,0.7477942877524368,mild binary MLP P45
0.033,0.6226725082146769,0.6226380648105888,1.0,0.7674392439243924,0.8113190324052943,0.5001209189842806,0.38396140145929486,0.0002418379685610641,1.0,0.8325673025824922,0.7477942877524368,mild binary MLP P45
0.034,0.6226725082146769,0.6226380648105888,1.0,0.7674392439243924,0.8113190324052943,0.5001209189842806,0.38396140145929486,0.0002418379685610641,1.0,0.8325673025824922,0.7477942877524368,mild binary MLP P45
0.035,0.6227637824023367,0.6226949059704218,1.0,0.7674824191279888,0.8113474529852109,0.500241837968561,0.384224651671802,0.0004836759371221282,1.0,0.8325673025824922,0.7477942877524368,mild binary MLP P45
0.036000000000000004,0.6227637824023367,0.6226949059704218,1.0,0.7674824191279888,0.8113474529852109,0.500241837968561,0.384224651671802,0.0004836759371221282,1.0,0.8325673025824922,0.7477942877524368,mild binary MLP P45
0.037,0.6228550565899964,0.6227517575093582,1.0,0.7675255991898279,0.8113758787546791,0.5003627569528416,0.384487787511782,0.0007255139056831923,1.0,0.8325673025824922,0.7477942877524368,mild binary MLP P45
0.038,0.6228550565899964,0.6227517575093582,1.0,0.7675255991898279,0.8113758787546791,0.5003627569528416,0.384487787511782,0.0007255139056831923,1.0,0.8325673025824922,0.7477942877524368,mild binary MLP P45
0.039,0.622946330777656,0.622808619430241,1.0,0.7675687841107297,0.8114043097151205,0.5004836759371222,0.3847508090643042,0.0009673518742442564,1.0,0.8325673025824922,0.7477942877524368,mild binary MLP P45
0.04,0.622946330777656,0.622808619430241,1.0,0.7675687841107297,0.8114043097151205,0.5004836759371222,0.3847508090643042,0.0009673518742442564,1.0,0.8325673025824922,0.7477942877524368,mild binary MLP P45
0.041,0.622946330777656,0.622808619430241,1.0,0.7675687841107297,0.8114043097151205,0.5004836759371222,0.3847508090643042,0.0009673518742442564,1.0,0.8325673025824922,0.7477942877524368,mild binary MLP P45
0.042,0.622946330777656,0.622808619430241,1.0,0.7675687841107297,0.8114043097151205,0.5004836759371222,0.3847508090643042,0.0009673518742442564,1.0,0.8325673025824922,0.7477942877524368,mild binary MLP P45
0.043000000000000003,0.6230376049653158,0.6228654917359145,1.0,0.7676119738915147,0.8114327458679573,0.5006045949214026,0.3850137164143564,0.0012091898428053204,1.0,0.8325673025824922,0.7477942877524368,mild binary MLP P45
0.044,0.6230376049653158,0.6228654917359145,1.0,0.7676119738915147,0.8114327458679573,0.5006045949214026,0.3850137164143564,0.0012091898428053204,1.0,0.8325673025824922,0.7477942877524368,mild binary MLP P45
0.045,0.6230376049653158,0.6228654917359145,1.0,0.7676119738915147,0.8114327458679573,0.5006045949214026,0.3850137164143564,0.0012091898428053204,1.0,0.8325673025824922,0.7477942877524368,mild binary MLP P45
0.046,0.6230376049653158,0.6228654917359145,1.0,0.7676119738915147,0.8114327458679573,0.5006045949214026,0.3850137164143564,0.0012091898428053204,1.0,0.8325673025824922,0.7477942877524368,mild binary MLP P45
0.047,0.6230376049653158,0.6228654917359145,1.0,0.7676119738915147,0.8114327458679573,0.5006045949214026,0.3850137164143564,0.0012091898428053204,1.0,0.8325673025824922,0.7477942877524368,mild binary MLP P45
0.048,0.6230376049653158,0.6228654917359145,1.0,0.7676119738915147,0.8114327458679573,0.5006045949214026,0.3850137164143564,0.0012091898428053204,1.0,0.8325673025824922,0.7477942877524368,mild binary MLP P45
0.049,0.6230376049653158,0.6228654917359145,1.0,0.7676119738915147,0.8114327458679573,0.5006045949214026,0.3850137164143564,0.0012091898428053204,1.0,0.8325673025824922,0.7477942877524368,mild binary MLP P45
0.05,0.6230376049653158,0.6228654917359145,1.0,0.7676119738915147,0.8114327458679573,0.5006045949214026,0.3850137164143564,0.0012091898428053204,1.0,0.8325673025824922,0.7477942877524368,mild binary MLP P45
0.051000000000000004,0.6230376049653158,0.6228654917359145,1.0,0.7676119738915147,0.8114327458679573,0.5006045949214026,0.3850137164143564,0.0012091898428053204,1.0,0.8325673025824922,0.7477942877524368,mild binary MLP P45
0.052000000000000005,0.6230376049653158,0.6228654917359145,1.0,0.7676119738915147,0.8114327458679573,0.5006045949214026,0.3850137164143564,0.0012091898428053204,1.0,0.8325673025824922,0.7477942877524368,mild binary MLP P45
0.053,0.6230376049653158,0.6228654917359145,1.0,0.7676119738915147,0.8114327458679573,0.5006045949214026,0.3850137164143564,0.0012091898428053204,1.0,0.8325673025824922,0.7477942877524368,mild binary MLP P45
0.054,0.6231288791529755,0.6229223744292237,1.0,0.7676551685330032,0.8114611872146118,0.5007255139056832,0.3852765096468445,0.0014510278113663846,1.0,0.8325673025824922,0.7477942877524368,mild binary MLP P45
0.055,0.6231288791529755,0.6229223744292237,1.0,0.7676551685330032,0.8114611872146118,0.5007255139056832,0.3852765096468445,0.0014510278113663846,1.0,0.8325673025824922,0.7477942877524368,mild binary MLP P45
0.056,0.6232201533406353,0.6229792675130149,1.0,0.7676983680360158,0.8114896337565074,0.5008464328899638,0.3855391888465931,0.0016928657799274486,1.0,0.8325673025824922,0.7477942877524368,mild binary MLP P45
0.057,0.6232201533406353,0.6229792675130149,1.0,0.7676983680360158,0.8114896337565074,0.5008464328899638,0.3855391888465931,0.0016928657799274486,1.0,0.8325673025824922,0.7477942877524368,mild binary MLP P45
0.058,0.6232201533406353,0.6229792675130149,1.0,0.7676983680360158,0.8114896337565074,0.5008464328899638,0.3855391888465931,0.0016928657799274486,1.0,0.8325673025824922,0.7477942877524368,mild binary MLP P45
0.059000000000000004,0.6234027017159547,0.623093084863433,1.0,0.7677847816298965,0.8115465424317165,0.5010882708585248,0.3860642054867629,0.002176541717049577,1.0,0.8325673025824922,0.7477942877524368,mild binary MLP P45
0.06,0.6234027017159547,0.623093084863433,1.0,0.7677847816298965,0.8115465424317165,0.5010882708585248,0.3860642054867629,0.002176541717049577,1.0,0.8325673025824922,0.7477942877524368,mild binary MLP P45
0.061,0.6234027017159547,0.623093084863433,1.0,0.7677847816298965,0.8115465424317165,0.5010882708585248,0.3860642054867629,0.002176541717049577,1.0,0.8325673025824922,0.7477942877524368,mild binary MLP P45
0.062,0.6234027017159547,0.623093084863433,1.0,0.7677847816298965,0.8115465424317165,0.5010882708585248,0.3860642054867629,0.002176541717049577,1.0,0.8325673025824922,0.7477942877524368,mild binary MLP P45
0.063,0.6234939759036144,0.6231500091357574,1.0,0.7678279957224067,0.8115750045678787,0.5012091898428053,0.3863265430964265,0.0024183796856106408,1.0,0.8325673025824922,0.7477942877524368,mild binary MLP P45
0.064,0.6234939759036144,0.6231500091357574,1.0,0.7678279957224067,0.8115750045678787,0.5012091898428053,0.3863265430964265,0.0024183796856106408,1.0,0.8325673025824922,0.7477942877524368,mild binary MLP P45
0.065,0.6234939759036144,0.6231500091357574,1.0,0.7678279957224067,0.8115750045678787,0.5012091898428053,0.3863265430964265,0.0024183796856106408,1.0,0.8325673025824922,0.7477942877524368,mild binary MLP P45
0.066,0.6234939759036144,0.6231500091357574,1.0,0.7678279957224067,0.8115750045678787,0.5012091898428053,0.3863265430964265,0.0024183796856106408,1.0,0.8325673025824922,0.7477942877524368,mild binary MLP P45
0.067,0.6234939759036144,0.6231500091357574,1.0,0.7678279957224067,0.8115750045678787,0.5012091898428053,0.3863265430964265,0.0024183796856106408,1.0,0.8325673025824922,0.7477942877524368,mild binary MLP P45
0.068,0.6234027017159547,0.6231155778894473,0.9998533939305088,0.7677586400990656,0.7661032434901782,0.5011358868080596,0.38629128338769003,0.0024183796856106408,0.9998533939305088,0.8325673025824922,0.7477942877524368,mild binary MLP P45
0.069,0.6235852500912742,0.623229461756374,0.9998533939305088,0.7678450799369512,0.7731531924166486,0.5013777247766208,0.38681550043134927,0.002902055622732769,0.9998533939305088,0.8325673025824922,0.7477942877524368,mild binary MLP P45
0.07,0.6236765242789339,0.623286419301773,0.9998533939305088,0.7678883071553229,0.7759289239366007,0.5014986437609013,0.38707743870660816,0.003143893591293833,0.9998533939305088,0.8325673025824922,0.7477942877524368,mild binary MLP P45
0.07100000000000001,0.6236765242789339,0.623286419301773,0.9998533939305088,0.7678883071553229,0.7759289239366007,0.5014986437609013,0.38707743870660816,0.003143893591293833,0.9998533939305088,0.8325673025824922,0.7477942877524368,mild binary MLP P45
0.07200000000000001,0.6237677984665937,0.6233659383855928,0.9997067878610174,0.7679054054054054,0.7528594397810318,0.5016671786947167,0.3875654194657085,0.0036275695284159614,0.9997067878610174,0.8325673025824922,0.7477942877524368,mild binary MLP P45
0.073,0.6238590726542533,0.6234229292375205,0.9997067878610174,0.7679486457570809,0.7561559090632046,0.5017880976789972,0.38782695952674656,0.0038694074969770256,0.9997067878610174,0.8325673025824922,0.7477942877524368,mild binary MLP P45
0.074,0.6238590726542533,0.6234455010972934,0.9995601817915262,0.7679225094328997,0.7367227505486467,0.5018357136285321,0.38805271079346554,0.004111245465538089,0.9995601817915262,0.8325673025824922,0.7477942877524368,mild binary MLP P45
0.075,0.6239503468419131,0.6235025148605395,0.9995601817915262,0.7679657580536157,0.7403226860016983,0.5019566326128126,0.3883139666110234,0.004353083434099154,0.9995601817915262,0.8325673025824922,0.7477942877524368,mild binary MLP P45
0.076,0.6240416210295728,0.6235595390524968,0.9995601817915262,0.7680090115460434,0.7435979513444302,0.5020775515970932,0.3885751095738396,0.004594921402660218,0.9995601817915262,0.8325673025824922,0.7477942877524368,mild binary MLP P45
0.077,0.624315443592552,0.6237306742292562,0.9995601817915262,0.7681388012618297,0.7518653371146281,0.5024403085499348,0.38935786216937635,0.00532043530834341,0.9995601817915262,0.8325673025824922,0.7477942877524368,mild binary MLP P45
0.078,0.624315443592552,0.623753316863391,0.9994135757220349,0.768112676056338,0.7378025843576215,0.5024879244994697,0.3895825273602209,0.005562273276904474,0.9994135757220349,0.8325673025824922,0.7477942877524368,mild binary MLP P45
0.079,0.624315443592552,0.623753316863391,0.9994135757220349,0.768112676056338,0.7378025843576215,0.5024879244994697,0.3895825273602209,0.005562273276904474,0.9994135757220349,0.8325673025824922,0.7477942877524368,mild binary MLP P45
0.08,0.6245892661555312,0.6239245835621453,0.9994135757220349,0.768242519862512,0.7452956251144061,0.5028506814523113,0.39036375693005554,0.006287787182587666,0.9994135757220349,0.8325673025824922,0.7477942877524368,mild binary MLP P45
0.081,0.6249543629061701,0.6241530855154733,0.9994135757220349,0.7684157132390238,0.753253013345972,0.5033343573894334,0.39140382687616815,0.007255139056831923,0.9994135757220349,0.8325673025824922,0.7477942877524368,mild binary MLP P45
0.082,0.6250456370938299,0.6242102371577695,0.9994135757220349,0.768459023785368,0.7549622614360276,0.503455276373714,0.39166356465047775,0.0074969770253929865,0.9994135757220349,0.8325673025824922,0.7477942877524368,mild binary MLP P45
0.083,0.6250456370938299,0.6242329883688983,0.9992669696525436,0.7684329199549041,0.7445489266168817,0.5035028923232489,0.39188664214427854,0.007738814993954051,0.9992669696525436,0.8325673025824922,0.7477942877524368,mild binary MLP P45
0.084,0.6251369112814896,0.6243129351410773,0.9991203635830523,0.7684501324914021,0.7371564675705387,0.5036714272570643,0.3923687788205514,0.008222490931076179,0.9991203635830523,0.8325673025824922,0.7477942877524368,mild binary MLP P45
0.085,0.6252281854691494,0.6243701328447091,0.9991203635830523,0.7684934596301308,0.7390143347150375,0.5037923462413448,0.39262795586870525,0.008464328899637243,0.9991203635830523,0.8325673025824922,0.7477942877524368,mild binary MLP P45
0.08600000000000001,0.625319459656809,0.6244501466275659,0.9989737575135611,0.7685106862910956,0.7326796187683284,0.5039608811751602,0.3931091359189386,0.00894800483675937,0.9989737575135611,0.8325673025824922,0.7477942877524368,mild binary MLP P45
0.08700000000000001,0.6255020080321285,0.6245646196150321,0.9989737575135611,0.7685973718346399,0.7361953532857769,0.5042027191437213,0.3936265979000992,0.0094316807738815,0.9989737575135611,0.8325673025824922,0.7477942877524368,mild binary MLP P45
0.088,0.6255020080321285,0.6246103062534385,0.9986805453745785,0.7685451571049811,0.7223051531267193,0.5042979510427911,0.39406947222035194,0.009915356711003628,0.9986805453745785,0.8325673025824922,0.7477942877524368,mild binary MLP P45
0.089,0.625684556407448,0.6247248716067498,0.9986805453745785,0.7686318758815233,0.7258239742649133,0.5045397890113521,0.3945858209118627,0.010399032648125755,0.9986805453745785,0.8325673025824922,0.7477942877524368,mild binary MLP P45
0.09,0.625684556407448,0.6247248716067498,0.9986805453745785,0.7686318758815233,0.7258239742649133,0.5045397890113521,0.3945858209118627,0.010399032648125755,0.9986805453745785,0.8325673025824922,0.7477942877524368,mild binary MLP P45
0.091,0.625684556407448,0.6247248716067498,0.9986805453745785,0.7686318758815233,0.7258239742649133,0.5045397890113521,0.3945858209118627,0.010399032648125755,0.9986805453745785,0.8325673025824922,0.7477942877524368,mild binary MLP P45
0.092,0.6258671047827674,0.6248394789946798,0.9986805453745785,0.7687186142300965,0.7290864061640066,0.5047816269799132,0.39510172774049584,0.010882708585247884,0.9986805453745785,0.8325673025824922,0.7477942877524368,mild binary MLP P45
0.093,0.6257758305951077,0.6248050637556187,0.9985339393050873,0.7686491366662905,0.7214934409687185,0.5047083239451676,0.3950644251350546,0.010882708585247884,0.9985339393050873,0.8325673025824922,0.7477942877524368,mild binary MLP P45
0.094,0.6257758305951077,0.6248279658684283,0.9983873332355959,0.7686230248306998,0.7159227548640387,0.5047559398947025,0.395284794858098,0.011124546553808947,0.9983873332355959,0.8325673025824922,0.7477942877524368,mild binary MLP P45
0.095,0.6260496531580869,0.6250459052515608,0.9980941210966134,0.7687009541015074,0.7109604526257804,0.5052139287466139,0.39649622603860796,0.012333736396614269,0.9980941210966134,0.8325673025824922,0.7477942877524368,mild binary MLP P45
0.096,0.6262322015334063,0.6251606978879706,0.9980941210966134,0.7687877590198182,0.7140955004591367,0.5054557667151749,0.3970099233090046,0.012817412333736396,0.9980941210966134,0.8325673025824922,0.7477942877524368,mild binary MLP P45
0.097,0.6263234757210661,0.6252181100192855,0.9980941210966134,0.7688311688311689,0.7155941296365085,0.5055766856994555,0.3972666077378119,0.013059250302297461,0.9980941210966134,0.8325673025824922,0.7477942877524368,mild binary MLP P45
0.098,0.6263234757210661,0.6252411132543401,0.9979475150271221,0.7688050598599503,0.7111712812648512,0.5056243016489903,0.39748530823635003,0.013301088270858524,0.9979475150271221,0.8325673025824922,0.7477942877524368,mild binary MLP P45
0.099,0.6265060240963856,0.6253559944878273,0.9979475150271221,0.7688919010504913,0.714086447948139,0.5058661396175513,0.3979980189988548,0.013784764207980653,0.9979475150271221,0.8325673025824922,0.7477942877524368,mild binary MLP P45
0.1,0.6265060240963856,0.6253559944878273,0.9979475150271221,0.7688919010504913,0.714086447948139,0.5058661396175513,0.3979980189988548,0.013784764207980653,0.9979475150271221,0.8325673025824922,0.7477942877524368,mild binary MLP P45
0.101,0.626688572471705,0.62549398033269,0.9978009089576308,0.7689526607163032,0.712746990166345,0.5061555935356473,0.3987281118308357,0.014510278113663845,0.9978009089576308,0.8325673025824922,0.7477942877524368,mild binary MLP P45
0.10200000000000001,0.6267798466593647,0.6255514705882353,0.9978009089576308,0.768996101915146,0.7140915247678019,0.5062765125199279,0.3989839212971598,0.01475211608222491,0.9978009089576308,0.8325673025824922,0.7477942877524368,mild binary MLP P45
0.10300000000000001,0.6271449434100036,0.6257815373299007,0.9978009089576308,0.7691699158049387,0.7191407686649504,0.50676018845705,0.4000060729677125,0.015719467956469165,0.9978009089576308,0.8325673025824922,0.7477942877524368,mild binary MLP P45
0.10400000000000001,0.6273274917853231,0.6258966341732574,0.9978009089576308,0.7692568522181407,0.7214849024524823,0.5070020264256111,0.40051649819823326,0.016203143893591294,0.9978009089576308,0.8325673025824922,0.7477942877524368,mild binary MLP P45
0.105,0.6274187659729829,0.6259541984732825,0.9978009089576308,0.7693003277947327,0.7226156534535086,0.5071229454098916,0.4007715484398035,0.016444981862152357,0.9978009089576308,0.8325673025824922,0.7477942877524368,mild binary MLP P45
0.106,0.6274187659729829,0.6259773709870297,0.9976543028881396,0.7692742482477957,0.7188710384346912,0.5071705613594265,0.40098783502437174,0.016686819830713424,0.9976543028881396,0.8325673025824922,0.7477942877524368,mild binary MLP P45
0.107,0.6274187659729829,0.6260237416030183,0.997361090749157,0.7692220714608774,0.7118882752958912,0.5072657932584963,0.4014197478516508,0.01717049576783555,0.997361090749157,0.8325673025824922,0.7477942877524368,mild binary MLP P45
0.108,0.6274187659729829,0.6260237416030183,0.997361090749157,0.7692220714608774,0.7118882752958912,0.5072657932584963,0.4014197478516508,0.01717049576783555,0.997361090749157,0.8325673025824922,0.7477942877524368,mild binary MLP P45
0.109,0.6274187659729829,0.6260469397146802,0.9972144846796658,0.7691959742168947,0.7086278654617357,0.5073134092080313,0.4016353747090152,0.017412333736396616,0.9972144846796658,0.8325673025824922,0.7477942877524368,mild binary MLP P45
0.11,0.6275100401606426,0.6261045655375552,0.9972144846796658,0.7692394684761097,0.7097914132035602,0.5074343281923117,0.4018896656314781,0.01765417170495768,0.9972144846796658,0.8325673025824922,0.7477942877524368,mild binary MLP P45
0.111,0.6277838627236217,0.62627750667526,0.9972144846796658,0.769369980771406,0.7131387533376301,0.5077970851451533,0.40265189345898905,0.01837968561064087,0.9972144846796658,0.8325673025824922,0.7477942877524368,mild binary MLP P45
0.112,0.628057685286601,0.6264505433781543,0.9972144846796658,0.7695005373607104,0.7162864961788731,0.5081598420979949,0.4034131555218388,0.019105199516324063,0.9972144846796658,0.8325673025824922,0.7477942877524368,mild binary MLP P45
0.113,0.6281489594742606,0.6265548696213029,0.9969212725406832,0.7694919090188979,0.7113356872378359,0.5083759929813452,0.40409470391954805,0.019830713422007255,0.9969212725406832,0.8325673025824922,0.7477942877524368,mild binary MLP P45
0.114,0.6284227820372399,0.6267281105990783,0.9969212725406832,0.7696225454133891,0.7143074515259542,0.5087387499341868,0.4048537155267842,0.020556227327690448,0.9969212725406832,0.8325673025824922,0.7477942877524368,mild binary MLP P45
0.115,0.6285140562248996,0.6268092560154882,0.996774666471192,0.7696400271677609,0.7124871968150835,0.5089072848680023,0.40531954233034606,0.021039903264812577,0.996774666471192,0.8325673025824922,0.7477942877524368,mild binary MLP P45
0.116,0.6289704271631983,0.6270983213429256,0.996774666471192,0.7698578950348185,0.7170579326012874,0.5095118797894049,0.40658110096527933,0.022249093107617895,0.996774666471192,0.8325673025824922,0.7477942877524368,mild binary MLP P45
0.117,0.6291529755385177,0.6272374976933014,0.9966280604017006,0.769919021462144,0.7161611217280066,0.5098013337075008,0.407296684490771,0.022974607013301087,0.9966280604017006,0.8325673025824922,0.7477942877524368,mild binary MLP P45
0.11800000000000001,0.6295180722891566,0.6274690788259184,0.9966280604017006,0.7700934579439253,0.719472244330992,0.510285009644623,0.408302542925451,0.023941958887545346,0.9966280604017006,0.8325673025824922,0.7477942877524368,mild binary MLP P45
0.11900000000000001,0.6297918948521358,0.627666451195863,0.9964814543322094,0.7701983002832861,0.7193450366215535,0.5106953825469995,0.4092662078610236,0.0249093107617896,0.9964814543322094,0.8325673025824922,0.7477942877524368,mild binary MLP P45
0.12,0.6297006206644761,0.6276320650166236,0.9963348482627181,0.7701286191852229,0.7161597825083118,0.5106220795122539,0.40922569828601985,0.0249093107617896,0.9963348482627181,0.8325673025824922,0.7477942877524368,mild binary MLP P45
0.121,0.6298831690397956,0.6277480140402734,0.9963348482627181,0.770215900719669,0.7177201608662905,0.5108639174808149,0.4097269421535039,0.02539298669891173,0.9963348482627181,0.8325673025824922,0.7477942877524368,mild binary MLP P45
0.122,0.6297918948521358,0.6277136258660508,0.9961882421932268,0.7701462087725264,0.7146201717116514,0.5107906144460692,0.40968632520201564,0.02539298669891173,0.9961882421932268,0.8325673025824922,0.7477942877524368,mild binary MLP P45
0.123,0.6298831690397956,0.6277952319349474,0.9960416361237355,0.7701638043416652,0.7131513473107572,0.5109591493798847,0.41014632006729546,0.025876662636033856,0.9960416361237355,0.8325673025824922,0.7477942877524368,mild binary MLP P45
0.124,0.6303395399780942,0.6281091077207582,0.9958950300542443,0.7703560898162849,0.7147637737185352,0.5116113602508223,0.41160461179308167,0.027327690447400244,0.9958950300542443,0.8325673025824922,0.7477942877524368,mild binary MLP P45
0.125,0.6305220883534136,0.6282252843799131,0.9958950300542443,0.7704434614948396,0.7162105442878586,0.5118531982193834,0.4121034511775273,0.02781136638452237,0.9958950300542443,0.8325673025824922,0.7477942877524368,mild binary MLP P45
0.126,0.6305220883534136,0.628272735683227,0.9956018179152617,0.770391378332388,0.7120955515150829,0.5119484301184531,0.412519369689314,0.0282950423216445,0.9956018179152617,0.8325673025824922,0.7477942877524368,mild binary MLP P45
0.127,0.6307959109163929,0.6284709366901148,0.9954552118457705,0.7704964539007092,0.7122617841345311,0.5123588030208296,0.41347309282392586,0.029262394195888754,0.9954552118457705,0.8325673025824922,0.7477942877524368,mild binary MLP P45
0.128,0.6308871851040526,0.6285529117674289,0.9953086057762791,0.7705141300646918,0.7110506494321016,0.512527337954645,0.41392839370367457,0.029746070133010883,0.9953086057762791,0.8325673025824922,0.7477942877524368,mild binary MLP P45
0.129,0.6307046367287331,0.6285317276516906,0.994722181498314,0.7703224341507721,0.7024646215898205,0.5124759637842236,0.4142580513398181,0.030229746070133012,0.994722181498314,0.8325673025824922,0.7477942877524368,mild binary MLP P45
0.13,0.6309784592917123,0.6287064492216456,0.994722181498314,0.7704536421961051,0.7045971270498472,0.5128387207370652,0.4150011872297111,0.030955259975816204,0.994722181498314,0.8325673025824922,0.7477942877524368,mild binary MLP P45
0.131,0.6313435560423513,0.6289634711663267,0.9945755754288228,0.770602601238144,0.7056582061713986,0.5133700126237222,0.4161956095621614,0.03216444981862152,0.9945755754288228,0.8325673025824922,0.7477942877524368,mild binary MLP P45
0.132,0.6314348302300109,0.6290217895224849,0.9945755754288228,0.7706463705554925,0.7063237602583184,0.5134909316080027,0.41644255360101606,0.03240628778718259,0.9945755754288228,0.8325673025824922,0.7477942877524368,mild binary MLP P45
0.133,0.6317999269806499,0.6292551711344031,0.9945755754288228,0.7708214975570958,0.7089132998529158,0.5139746075451248,0.4174293102634667,0.03337363966142685,0.9945755754288228,0.8325673025824922,0.7477942877524368,mild binary MLP P45
0.134,0.6318912011683097,0.6293135435992578,0.9945755754288228,0.7708652917447872,0.7095431354359926,0.5140955265294054,0.4176757449213382,0.03361547762998791,0.9945755754288228,0.8325673025824922,0.7477942877524368,mild binary MLP P45
0.135,0.6323475721066083,0.629653699749327,0.9942823632898402,0.7710322874033652,0.7094214444692581,0.5147953533498778,0.41931243999797885,0.03530834340991536,0.9942823632898402,0.8325673025824922,0.7477942877524368,mild binary MLP P45
0.136,0.6322562979189486,0.6296433878157504,0.9939891511508576,0.7709363806924783,0.7057791407163858,0.514769666264667,0.4194723541213953,0.035550181378476424,0.9939891511508576,0.8325673025824922,0.7477942877524368,mild binary MLP P45
0.137,0.632803943044907,0.6299944248280989,0.9939891511508576,0.7711994540180857,0.7093271093212659,0.5154951801703502,0.42094276235207817,0.03700120918984281,0.9939891511508576,0.8325673025824922,0.7477942877524368,mild binary MLP P45
0.138,0.6335341365461847,0.6304630835038125,0.9939891511508576,0.7715504978662874,0.7137463932370548,0.5164625320445945,0.42289768379595205,0.03893591293833132,0.9939891511508576,0.8325673025824922,0.7477942877524368,mild binary MLP P45
0.139,0.6337166849215042,0.6305803571428571,0.9939891511508576,0.7716383087691344,0.7147999824929971,0.5167043700131555,0.423385413891366,0.039419588875453444,0.9939891511508576,0.8325673025824922,0.7477942877524368,mild binary MLP P45
0.14,0.6341730558598029,0.6308737322043361,0.9939891511508576,0.7718579234972678,0.7173507417002541,0.5173089649345582,0.4246029948978052,0.04062877871825877,0.9939891511508576,0.8325673025824922,0.7477942877524368,mild binary MLP P45
0.14100000000000001,0.6343556042351223,0.6310155450060505,0.9938425450813664,0.7719198360282395,0.7169162232072506,0.5175984188526541,0.42528834487704525,0.04135429262394196,0.9938425450813664,0.8325673025824922,0.7477942877524368,mild binary MLP P45
0.14200000000000002,0.6347207009857613,0.6312505819908744,0.9938425450813664,0.7720956719817768,0.7188510974470501,0.5180820947897763,0.4262592330497119,0.04232164449818621,0.9938425450813664,0.8325673025824922,0.7477942877524368,mild binary MLP P45
0.14300000000000002,0.6345381526104418,0.6312063344201211,0.9934027268728925,0.7719298245614035,0.7137932124589292,0.5179831046698199,0.4263689526847421,0.04256348246674728,0.9934027268728925,0.8325673025824922,0.7477942877524368,mild binary MLP P45
0.14400000000000002,0.6348119751734209,0.6314072693383038,0.9932561208034013,0.7720357814369552,0.7139337231647271,0.5183934775721964,0.4272928276595461,0.04353083434099154,0.9932561208034013,0.8325673025824922,0.7477942877524368,mild binary MLP P45
0.145,0.6349945235487404,0.6315495058735783,0.99310951473391,0.7720977944947854,0.7136008398933109,0.5186829314902923,0.4279732958728223,0.04425634824667473,0.99310951473391,0.8325673025824922,0.7477942877524368,mild binary MLP P45
0.146,0.6349945235487404,0.631574039537486,0.9929629086644187,0.7720718153320034,0.7123387439066741,0.5187305474398273,0.4281700958959078,0.04449818621523579,0.9929629086644187,0.8325673025824922,0.7477942877524368,mild binary MLP P45
0.147,0.6348119751734209,0.6315298507462687,0.9925230904559449,0.7719058206487658,0.7077140779155072,0.5186315573198709,0.4282773212143394,0.044740024183796856,0.9925230904559449,0.8325673025824922,0.7477942877524368,mild binary MLP P45
0.148,0.6349032493610807,0.6316378908072795,0.9922298783169623,0.7718978102189781,0.7058604391795733,0.5188477082032211,0.42891051388462614,0.04546553808948005,0.9922298783169623,0.8325673025824922,0.7477942877524368,mild binary MLP P45
0.149,0.6349945235487404,0.6317460317460317,0.9919366661779798,0.7718897952198962,0.704084397986837,0.5190638590865715,0.42954224981264155,0.04619105199516324,0.9919366661779798,0.8325673025824922,0.7477942877524368,mild binary MLP P45
0.15,0.6354508944870391,0.632065775950668,0.9917900601084885,0.7720839990869665,0.7053609512164407,0.5197160699575091,0.4309371681852335,0.047642079806529625,0.9917900601084885,0.8325673025824922,0.7477942877524368,mild binary MLP P45
0.151,0.6354508944870391,0.6320904588356229,0.9916434540389972,0.7720579842483735,0.7042805235354586,0.5197636859070439,0.43113149781894755,0.04788391777509069,0.9916434540389972,0.8325673025824922,0.7477942877524368,mild binary MLP P45
0.152,0.635815991237678,0.6323515661524076,0.991496847969506,0.7722082667275634,0.7050646719650927,0.520294977793701,0.43228247731282626,0.04909310761789601,0.991496847969506,0.8325673025824922,0.7477942877524368,mild binary MLP P45
0.153,0.6359072654253377,0.6325098259404829,0.9909104236915408,0.7721482835437253,0.7014400981554266,0.5206063605761211,0.43329321101136326,0.05030229746070133,0.9909104236915408,0.8325673025824922,0.7477942877524368,mild binary MLP P45
0.154,0.6362723621759766,0.6327715355805243,0.9907638176220496,0.7722987257870979,0.7022553330076535,0.5211376524627781,0.4344377328776795,0.05151148730350665,0.9907638176220496,0.8325673025824922,0.7477942877524368,mild binary MLP P45
0.155,0.6363636363636364,0.6328556710686523,0.9906172115525583,0.7723168362098526,0.701732495032534,0.5213061873965935,0.4348670723867568,0.05199516324062878,0.9906172115525583,0.8325673025824922,0.7477942877524368,mild binary MLP P45
0.156,0.6365461847389559,0.6329991567506793,0.990470605483067,0.7723791014061964,0.7016585889760464,0.5215956413146895,0.4355331450896984,0.05272067714631197,0.990470605483067,0.8325673025824922,0.7477942877524368,mild binary MLP P45
0.157,0.6369112814895947,0.63328645100797,0.9901773933440845,0.7725037172595219,0.7015229505898957,0.5221745491508815,0.4368618902610307,0.054171704957678354,0.9901773933440845,0.8325673025824922,0.7477942877524368,mild binary MLP P45
0.158,0.6373676524278934,0.6335834896810506,0.9901773933440845,0.7727246725015732,0.7036160691648496,0.5227791440722841,0.4380436722923122,0.05538089480048368,0.9901773933440845,0.8325673025824922,0.7477942877524368,mild binary MLP P45
0.159,0.6380978459291712,0.6340593315809238,0.9901773933440845,0.7730784639157557,0.7068322973694092,0.5237464959465283,0.43992963520185174,0.05731559854897219,0.9901773933440845,0.8325673025824922,0.7477942877524368,mild binary MLP P45
0.16,0.6386454910551296,0.6344672054125164,0.9898841812051019,0.7732921033041287,0.7073609912412901,0.5245672417512813,0.44171460638346466,0.0592503022974607,0.9898841812051019,0.8325673025824922,0.7477942877524368,mild binary MLP P45
0.161,0.6385542168674698,0.6344581257636996,0.9895909690661193,0.7731958762886598,0.7052416811783797,0.5245415546660706,0.4418540028343569,0.059492140266021766,0.9895909690661193,0.8325673025824922,0.7477942877524368,mild binary MLP P45
0.162,0.6389193136181088,0.6347220916016176,0.9894443629966281,0.7733470837630343,0.7059059374416756,0.5250728465527276,0.44297681689273294,0.060701330108827084,0.9894443629966281,0.8325673025824922,0.7477942877524368,mild binary MLP P45
0.163,0.6394669587440672,0.6351058823529412,0.9892977569271367,0.7735870686690359,0.7072810378532077,0.5258459764079456,0.444563350725024,0.062394195888754535,0.9892977569271367,0.8325673025824922,0.7477942877524368,mild binary MLP P45
0.164,0.6398320554947061,0.6353705621998305,0.9891511508576455,0.7737385321100917,0.7078929962334464,0.5263772682946026,0.44567964172588664,0.06360338573155985,0.9891511508576455,0.8325673025824922,0.7477942877524368,mild binary MLP P45
0.165,0.6403797006206645,0.6357553482235416,0.9890045447881542,0.7739788893988068,0.7091820219378577,0.5271503981498208,0.44725730184226054,0.06529625151148731,0.9890045447881542,0.8325673025824922,0.7477942877524368,mild binary MLP P45
0.166,0.6404709748083242,0.635840874811463,0.9888579387186629,0.7739973607206381,0.708725035106881,0.5273189330836362,0.4476723363942249,0.06577992744860943,0.9888579387186629,0.8325673025824922,0.7477942877524368,mild binary MLP P45
0.167,0.6406535231836437,0.6359864202187854,0.9887113326491717,0.7740602582496413,0.7086182101093927,0.5276083870017322,0.44831829493716746,0.06650544135429262,0.9887113326491717,0.8325673025824922,0.7477942877524368,mild binary MLP P45
0.168,0.6409273457466228,0.6362177974898556,0.9884181205101891,0.7741416925020094,0.7080810435917244,0.5280663758536435,0.44937614220116046,0.06771463119709795,0.9884181205101891,0.8325673025824922,0.7477942877524368,mild binary MLP P45
0.169,0.6411098941219423,0.6364151477948815,0.9879783023017152,0.774152785755313,0.7064909526440348,0.5284510616708092,0.4503815905675721,0.06892382103990327,0.9879783023017152,0.8325673025824922,0.7477942877524368,mild binary MLP P45
0.17,0.6410186199342826,0.636432350718065,0.9875384840932414,0.7740304510198219,0.7039688635310755,0.5284729905351334,0.45069394749792957,0.06940749697702539,0.9875384840932414,0.8325673025824922,0.7477942877524368,mild binary MLP P45
0.171,0.6412924424972618,0.6366644606221046,0.9872452719542589,0.7741119668927463,0.7035565047173847,0.5289309793870448,0.4517436219045034,0.07061668681983072,0.9872452719542589,0.8325673025824922,0.7477942877524368,mild binary MLP P45
0.17200000000000001,0.6414749908725812,0.6368366285119667,0.9869520598152763,0.7741490340386384,0.7028338986715678,0.5292680492546756,0.45256124268303605,0.07158403869407497,0.9869520598152763,0.8325673025824922,0.7477942877524368,mild binary MLP P45
0.17300000000000001,0.6416575392479007,0.6369830604712785,0.9868054537457851,0.7742121002990568,0.7028102963024774,0.5295575031727716,0.45319800417251693,0.07230955259975816,0.9868054537457851,0.8325673025824922,0.7477942877524368,mild binary MLP P45
0.17400000000000002,0.6417488134355605,0.6370692919348732,0.9866588476762937,0.7742306586137475,0.702463217396008,0.529726038106587,0.4536052785006003,0.07279322853688029,0.9866588476762937,0.8325673025824922,0.7477942877524368,mild binary MLP P45
0.17500000000000002,0.6418400876232202,0.6371815512832655,0.9863656355373113,0.7742232451093211,0.7014623121655622,0.5299421889899374,0.45419017507010623,0.07351874244256348,0.9863656355373113,0.8325673025824922,0.7477942877524368,mild binary MLP P45
0.176,0.6422964585615188,0.6375094768764216,0.9862190294678199,0.7744200771311806,0.7024181047748445,0.5305943998608749,0.4555070202796242,0.07496977025392987,0.9862190294678199,0.8325673025824922,0.7477942877524368,mild binary MLP P45
0.177,0.6427528294998175,0.6378639855828512,0.9859258173288374,0.7745911080396222,0.7027092325008687,0.5312942266813474,0.4569965214780345,0.07666263603385731,0.9859258173288374,0.8325673025824922,0.7477942877524368,mild binary MLP P45
0.178,0.6427528294998175,0.6379424883743001,0.9854859991203636,0.7745131927641433,0.7008328193661477,0.531437074529952,0.4575244927369245,0.0773881499395405,0.9854859991203636,0.8325673025824922,0.7477942877524368,mild binary MLP P45
0.179,0.6432092004381161,0.6382453475123433,0.9854859991203636,0.774736356825909,0.7023773907373037,0.5320416694513547,0.4586557414750295,0.07859733978234583,0.9854859991203636,0.8325673025824922,0.7477942877524368,mild binary MLP P45
0.18,0.6434830230010953,0.6384535005224661,0.9853393930508723,0.7748443624625317,0.7026766337111165,0.5324520423537311,0.459508070801818,0.07956469165659008,0.9853393930508723,0.8325673025824922,0.7477942877524368,mild binary MLP P45
0.181,0.6441219423147134,0.638904734740445,0.985192786981381,0.7751312071053694,0.7041555637172545,0.5333460911932298,0.46125902144028585,0.0814993954050786,0.985192786981381,0.8325673025824922,0.7477942877524368,mild binary MLP P45
0.182,0.6442132165023732,0.6389654844537416,0.985192786981381,0.7751759141769523,0.7044485736619506,0.5334670101775103,0.46148389062586137,0.08174123337363966,0.985192786981381,0.8325673025824922,0.7477942877524368,mild binary MLP P45
0.183,0.6444870390653523,0.6391478029294274,0.985192786981381,0.7753100663397751,0.7053205077995554,0.5338297671303519,0.4621579827001475,0.08246674727932285,0.985192786981381,0.8325673025824922,0.7477942877524368,mild binary MLP P45
0.184,0.6448521358159912,0.6394175866006852,0.9850461809118898,0.7754630965433666,0.7058695075860568,0.5343610590170089,0.4632279480098461,0.08367593712212817,0.9850461809118898,0.8325673025824922,0.7477942877524368,mild binary MLP P45
0.185,0.6451259583789705,0.6396533663460623,0.9847529687729072,0.775545549012816,0.7055409688873169,0.5348190478689203,0.46424336274170214,0.0848851269649335,0.9847529687729072,0.8325673025824922,0.7477942877524368,mild binary MLP P45
0.186,0.6452172325666301,0.6397941680960549,0.9843131505644334,0.7755125613629801,0.7040962182471617,0.5350828147018055,0.46498055738368715,0.08585247883917775,0.9843131505644334,0.8325673025824922,0.7477942877524368,mild binary MLP P45
0.187,0.6454910551296094,0.6400572246065809,0.9838733323559595,0.7755691667629724,0.7032557885240973,0.5355884195032519,0.4661606146450554,0.08730350665054414,0.9838733323559595,0.8325673025824922,0.7477942877524368,mild binary MLP P45
0.188,0.6458561518802483,0.640355063472368,0.9835801202169769,0.7756966123251243,0.70326730209109,0.5361673273394437,0.4673888349878764,0.08875453446191052,0.9835801202169769,0.8325673025824922,0.7477942877524368,mild binary MLP P45
0.189,0.6461299744432275,0.6405921680993314,0.9832869080779945,0.7757793071540108,0.7030121334323818,0.5366253161913551,0.4683917094090764,0.08996372430471584,0.9832869080779945,0.8325673025824922,0.7477942877524368,mild binary MLP P45
0.19,0.6468601679445053,0.6411089866156787,0.9831403020085031,0.77611249348996,0.7046270739530007,0.5376402840151343,0.4703278943372927,0.09214026602176542,0.9831403020085031,0.8325673025824922,0.7477942877524368,mild binary MLP P45
0.191,0.6474990872581234,0.6415924968896545,0.9828470898695206,0.7763752171395484,0.7054116330602118,0.5385819488041678,0.4722031191255691,0.094316807738815,0.9828470898695206,0.8325673025824922,0.7477942877524368,mild binary MLP P45
0.192,0.6476816356334428,0.6417967627621876,0.9824072716610468,0.7763874406210173,0.7043935270121617,0.5389666346213335,0.47313995686964844,0.09552599758162031,0.9824072716610468,0.8325673025824922,0.7477942877524368,mild binary MLP P45
0.193,0.6481380065717415,0.642131493195323,0.9822606655915554,0.7765864966676326,0.7051653634558991,0.539618845492271,0.47440018412939283,0.0969770253929867,0.9822606655915554,0.8325673025824922,0.7477942877524368,mild binary MLP P45
0.194,0.6485031033223805,0.6423777564717162,0.9822606655915554,0.7767665642571445,0.706169866829014,0.5401025214293932,0.47527450718757247,0.09794437726723096,0.9822606655915554,0.8325673025824922,0.7477942877524368,mild binary MLP P45
0.195,0.6492332968236583,0.6428708501247361,0.9822606655915554,0.7771269500666937,0.7081395449125554,0.5410698733036374,0.4770192471472899,0.09987908101571946,0.9822606655915554,0.8325673025824922,0.7477942877524368,mild binary MLP P45
0.196,0.6495071193866374,0.6431383847114184,0.9818208473830816,0.7771846350237902,0.7073887135343464,0.5415754781050838,0.47816050904673907,0.10133010882708585,0.9818208473830816,0.8325673025824922,0.7477942877524368,mild binary MLP P45
0.197,0.6498722161372764,0.6434682303181775,0.9813810291746078,0.7772875058058523,0.7069059053941701,0.5422020018908106,0.4795140600701616,0.1030229746070133,0.9813810291746078,0.8325673025824922,0.7477942877524368,mild binary MLP P45
0.198,0.6500547645125958,0.6436748436748436,0.980941210966134,0.7773001858736059,0.7059728942081883,0.5425866877079762,0.4804303314376548,0.10423216444981862,0.980941210966134,0.8325673025824922,0.7477942877524368,mild binary MLP P45
0.199,0.6502373128879153,0.6438263882205755,0.9807946048966427,0.7773646293283756,0.7059839905704648,0.5428761416260722,0.4810227401961027,0.10495767835550181,0.9807946048966427,0.8325673025824922,0.7477942877524368,mild binary MLP P45
0.2,0.650693683826214,0.6441363373772386,0.9807946048966427,0.7775905154878828,0.7071558879868649,0.543480736547475,0.48210025243044513,0.10616686819830713,0.9807946048966427,0.8325673025824922,0.7477942877524368,mild binary MLP P45
0.201,0.6506024096385542,0.6441575956073596,0.9803547866881689,0.7774677363097314,0.705557058673245,0.543502665411799,0.48236444140327334,0.10665054413542926,0.9803547866881689,0.8325673025824922,0.7477942877524368,mild binary MLP P45
0.202,0.6503285870755751,0.6441102756892231,0.9796217563407125,0.777202675196278,0.702639330284474,0.543377988206632,0.48251696193564164,0.10713422007255138,0.9796217563407125,0.8325673025824922,0.7477942877524368,mild binary MLP P45
0.203,0.6504198612632348,0.6442558117102344,0.9791819381322386,0.7771701186874563,0.7015846121369508,0.5436417550395172,0.4832082600211202,0.10810157194679565,0.9791819381322386,0.8325673025824922,0.7477942877524368,mild binary MLP P45
0.20400000000000001,0.6504198612632348,0.6443393494836406,0.9787421199237648,0.7770923059015249,0.700320935246022,0.5437846028881218,0.4836835736695785,0.10882708585247884,0.9787421199237648,0.8325673025824922,0.7477942877524368,mild binary MLP P45
0.20500000000000002,0.6509675063891931,0.6447406548826428,0.9785955138542736,0.7773378362641202,0.7013089675739914,0.54455773274334,0.4851231182164839,0.11051995163240629,0.9785955138542736,0.8325673025824922,0.7477942877524368,mild binary MLP P45
0.20600000000000002,0.6510587805768528,0.6448589099342869,0.978302301715291,0.7773312365309569,0.700718928651354,0.5447738836266902,0.4856506488368468,0.11124546553808948,0.978302301715291,0.8325673025824922,0.7477942877524368,mild binary MLP P45
0.20700000000000002,0.6515151515151515,0.6451706468142705,0.978302301715291,0.777557678862736,0.7018675420041989,0.5453784785480928,0.48671481247264853,0.1124546553808948,0.978302301715291,0.8325673025824922,0.7477942877524368,mild binary MLP P45
0.20800000000000002,0.651697699890471,0.6453797774552491,0.9778624835068171,0.7775705292609,0.7011117888886551,0.5457631643652586,0.4876078045799874,0.11366384522370013,0.9778624835068171,0.8325673025824922,0.7477942877524368,mild binary MLP P45
0.209,0.6518802482657904,0.6455610417271759,0.9775692713678347,0.7776093294460641,0.7007709514855975,0.5461002342328896,0.48834267396284725,0.11463119709794438,0.9775692713678347,0.8325673025824922,0.7477942877524368,mild binary MLP P45
0.21,0.6521540708287696,0.6458616010854816,0.9769828470898695,0.7776416360347745,0.6998900481916437,0.5466534549838706,0.4895960118158369,0.11632406287787182,0.9769828470898695,0.8325673025824922,0.7477942877524368,mild binary MLP P45
0.211,0.6525191675794085,0.6461404189294027,0.9768362410203782,0.7777972334092103,0.7003994020112851,0.5471847468705276,0.4905935319588424,0.11753325272067715,0.9768362410203782,0.8325673025824922,0.7477942877524368,mild binary MLP P45
0.212,0.6521540708287696,0.6460881382255873,0.9758099985339393,0.7774338608888629,0.6968972801219679,0.5470343825801498,0.4908259302356196,0.11825876662636034,0.9758099985339393,0.8325673025824922,0.7477942877524368,mild binary MLP P45
0.213,0.6526104417670683,0.6464018646207633,0.9758099985339393,0.7776609416987966,0.698011250975025,0.5476389775015525,0.4918759443579507,0.11946795646916566,0.9758099985339393,0.8325673025824922,0.7477942877524368,mild binary MLP P45
0.214,0.6529755385177072,0.6466530651899349,0.9758099985339393,0.7778427018815005,0.698892143454696,0.5481226534386746,0.4927145981270779,0.12043530834340992,0.9758099985339393,0.8325673025824922,0.7477942877524368,mild binary MLP P45
0.215,0.6533406352683461,0.6470187724929481,0.9752235742559742,0.7779207110279499,0.6983242010612889,0.5487967931739363,0.49415786071148016,0.12237001209189843,0.9752235742559742,0.8325673025824922,0.7477942877524368,mild binary MLP P45
0.216,0.6542533771449434,0.6476774758983348,0.9750769681864829,0.7783499122293739,0.7001123915153974,0.5500535989662765,0.496391878553509,0.12503022974607014,0.9750769681864829,0.8325673025824922,0.7477942877524368,mild binary MLP P45
0.217,0.6545271997079226,0.6479532163742691,0.9746371499780091,0.7784087582694221,0.6996949989917323,0.5505592037677228,0.49746353872899796,0.12648125755743653,0.9746371499780091,0.8325673025824922,0.7477942877524368,mild binary MLP P45
0.218,0.6552573932092004,0.6484588373000391,0.9746371499780091,0.7787735020207345,0.7013601004682013,0.5515265556419671,0.4991201670054075,0.12841596130592503,0.9746371499780091,0.8325673025824922,0.7477942877524368,mild binary MLP P45
0.219,0.6555312157721797,0.6486776617546599,0.9744905439085179,0.7788844621513944,0.7016307913850874,0.5519369285443436,0.49988814354473105,0.1293833131801693,0.9744905439085179,0.8325673025824922,0.7477942877524368,mild binary MLP P45
0.22,0.6555312157721797,0.6487647690655209,0.974050725700044,0.7788067049583871,0.7006061607565367,0.5520797763929483,0.5003311875307399,0.13010882708585247,0.974050725700044,0.8325673025824922,0.7477942877524368,mild binary MLP P45
0.221,0.655713764147499,0.6489787940975276,0.9736109074915702,0.7788202181306438,0.7000080692479339,0.552464462210114,0.5011845018195418,0.1313180169286578,0.9736109074915702,0.8325673025824922,0.7477942877524368,mild binary MLP P45
0.222,0.6558963125228185,0.6491348127871738,0.9734643014220788,0.7788856304985338,0.7000832248254989,0.5527539161282099,0.5017422804899085,0.132043530834341,0.9734643014220788,0.8325673025824922,0.7477942877524368,mild binary MLP P45
0.223,0.6559875867104783,0.6492274594171719,0.9733176953525876,0.7789053792456151,0.6999561954620106,0.5529224510620254,0.5020940051418209,0.13252720677146312,0.9733176953525876,0.8325673025824922,0.7477942877524368,mild binary MLP P45
0.224,0.6563526834611172,0.6496278887583236,0.9725846650051312,0.778958492338402,0.699141901368409,0.5536442067468219,0.5036419844352391,0.1347037484885127,0.9725846650051312,0.8325673025824922,0.7477942877524368,mild binary MLP P45
0.225,0.6567177802117561,0.65,0.9719982407271661,0.7790376593619647,0.6986772486772487,0.5543183464820837,0.5050371285973594,0.13663845223700122,0.9719982407271661,0.8325673025824922,0.7477942877524368,mild binary MLP P45
0.226,0.6567177802117561,0.650088287227781,0.9715584225186923,0.778959741404643,0.6977475556873813,0.5544611943306883,0.5054692519561503,0.1373639661426844,0.9715584225186923,0.8325673025824922,0.7477942877524368,mild binary MLP P45
0.227,0.657082876962395,0.6503729878288182,0.971411816449201,0.7791169380915985,0.6982333689144091,0.5549924862173454,0.5064256931942798,0.13857315598548972,0.971411816449201,0.8325673025824922,0.7477942877524368,mild binary MLP P45
0.228,0.6572654253377145,0.6505598114319388,0.9711186043102185,0.7791566194201023,0.6980189238038247,0.5553295560849763,0.5071175233991936,0.139540507859734,0.9711186043102185,0.8325673025824922,0.7477942877524368,mild binary MLP P45
0.229,0.6573566995253742,0.6507125307125308,0.9706787861017446,0.7791244998823252,0.6973152922448698,0.5555933229178615,0.5077477666213904,0.14050785973397822,0.9706787861017446,0.8325673025824922,0.7477942877524368,mild binary MLP P45
0.23,0.6577217962760131,0.6509684396814472,0.9706787861017446,0.7793079096045198,0.6980956848088764,0.5560769988549835,0.5085563938266502,0.1414752116082225,0.9706787861017446,0.8325673025824922,0.7477942877524368,mild binary MLP P45
0.231,0.657447973713034,0.6509545365085613,0.969799149684797,0.7790143084260731,0.695754346339923,0.5559999375993513,0.508801128650042,0.1422007255139057,0.969799149684797,0.8325673025824922,0.7477942877524368,mild binary MLP P45
0.232,0.6575392479006937,0.6511078286558346,0.9693593314763231,0.7789820923656927,0.6950919917311633,0.5562637044322365,0.5094262163611284,0.14316807738814993,0.9693593314763231,0.8325673025824922,0.7477942877524368,mild binary MLP P45
0.233,0.6581781672143118,0.6516466180240583,0.9689195132678493,0.7792253728703649,0.6956021787908989,0.5572529851708049,0.511253421937304,0.14558645707376058,0.9689195132678493,0.8325673025824922,0.7477942877524368,mild binary MLP P45
0.234,0.6583607155896313,0.6518650088809946,0.9684796950593755,0.7792391624889413,0.6951539156327114,0.5576376709879707,0.5120726778754975,0.1467956469165659,0.9684796950593755,0.8325673025824922,0.7477942877524368,mild binary MLP P45
0.23500000000000001,0.658451989777291,0.6520193542016391,0.9680398768509016,0.7792069860750531,0.6945259617811573,0.5579014378208559,0.5126897138272123,0.14776299879081015,0.9680398768509016,0.8325673025824922,0.7477942877524368,mild binary MLP P45
0.23600000000000002,0.6586345381526104,0.6522082798142476,0.9677466647119191,0.7792468421673946,0.694367612961016,0.5582385076884867,0.5133658758120675,0.1487303506650544,0.9677466647119191,0.8325673025824922,0.7477942877524368,mild binary MLP P45
0.23700000000000002,0.6588170865279299,0.6524878820852705,0.9670136343644626,0.7792085056113408,0.6934222173118206,0.5587184254047223,0.5144537108546468,0.15042321644498186,0.9670136343644626,0.8325673025824922,0.7477942877524368,mild binary MLP P45
0.23800000000000002,0.6590909090909091,0.6528025351554764,0.9664272100864976,0.7792422720018913,0.6929513841278547,0.5592716461557035,0.5155975029146248,0.1521160822249093,0.9664272100864976,0.8325673025824922,0.7477942877524368,mild binary MLP P45
0.23900000000000002,0.6597298284045272,0.653255376077693,0.9664272100864976,0.7795648060548723,0.6942577458423147,0.5601180790456671,0.5169824030274361,0.15380894800483677,0.9664272100864976,0.8325673025824922,0.7477942877524368,mild binary MLP P45
0.24,0.6600036509675064,0.6535714285714286,0.9658407858085325,0.7795988403053074,0.6937948467058056,0.5606712997966483,0.5181171212103268,0.15550181378476421,0.9658407858085325,0.8325673025824922,0.7477942877524368,mild binary MLP P45
0.241,0.6602774735304856,0.6538881716158507,0.9652543615305673,0.7796329188869153,0.6933476934742162,0.5612245205476295,0.5192469652180495,0.15719467956469166,0.9652543615305673,0.8325673025824922,0.7477942877524368,mild binary MLP P45
0.242,0.6606425702811245,0.6542399840938463,0.9648145433220935,0.779739336492891,0.6933407278328763,0.5618510443333563,0.5204340561637746,0.1588875453446191,0.9648145433220935,0.8325673025824922,0.7477942877524368,mild binary MLP P45
0.243,0.6605512960934647,0.6543283582089552,0.9640815129746372,0.7795625629778911,0.6919544660801951,0.5619682050967503,0.5209060583189395,0.15985489721886337,0.9640815129746372,0.8325673025824922,0.7477942877524368,mild binary MLP P45
0.244,0.6605512960934647,0.6544820717131474,0.9633484826271808,0.7794318249214163,0.6907781537605038,0.5622062848444247,0.5215709906630444,0.1610640870616687,0.9633484826271808,0.8325673025824922,0.7477942877524368,mild binary MLP P45
0.245,0.6612814895947426,0.6550967484540196,0.9629086644187069,0.7797233928889417,0.6915268688506657,0.5633164845672737,0.5235240853882024,0.16372430471584037,0.9629086644187069,0.8325673025824922,0.7477942877524368,mild binary MLP P45
0.246,0.6613727637824023,0.6551620947630923,0.9629086644187069,0.7797696782619019,0.6917056445888501,0.5634374035515541,0.5237182382624156,0.16396614268440146,0.9629086644187069,0.8325673025824922,0.7477942877524368,mild binary MLP P45
0.247,0.6617378605330413,0.6554236104181219,0.9629086644187069,0.779954874717967,0.6924176875620021,0.5639210794886763,0.5244942026449795,0.1649334945586457,0.9629086644187069,0.8325673025824922,0.7477942877524368,mild binary MLP P45
0.248,0.6621942314713399,0.6557819053325344,0.9627620583492157,0.7801603801603801,0.6930714197575623,0.5645732903596139,0.5255932883665797,0.16638452237001208,0.9627620583492157,0.8325673025824922,0.7477942877524368,mild binary MLP P45
0.249,0.6629244249726177,0.6563687262547491,0.9624688462102331,0.7804791059858527,0.6940124553705611,0.5656358741329279,0.5273981303165656,0.16880290205562273,0.9624688462102331,0.8325673025824922,0.7477942877524368,mild binary MLP P45
0.25,0.6630156991602775,0.656528264132066,0.9620290280017593,0.7804471931493815,0.6935086690067198,0.5658996409658131,0.5279786986155071,0.169770253929867,0.9620290280017593,0.8325673025824922,0.7477942877524368,mild binary MLP P45
0.251,0.6631069733479372,0.6566253002401922,0.961882421932268,0.7804674953904717,0.6934578783358637,0.5660681758996285,0.5283000352025902,0.17025392986698912,0.961882421932268,0.8325673025824922,0.7477942877524368,mild binary MLP P45
0.252,0.6635633442862359,0.6570483919446949,0.9614426037237942,0.7806213546006427,0.6936524011005526,0.5668156186696359,0.5296453152650963,0.17218863361547762,0.9614426037237942,0.8325673025824922,0.7477942877524368,mild binary MLP P45
0.253,0.6634720700985761,0.6571399919775371,0.9607095733763378,0.7804442327160126,0.6923911342001507,0.5669327794330299,0.530093184926086,0.1731559854897219,0.9607095733763378,0.8325673025824922,0.7477942877524368,mild binary MLP P45
0.254,0.663837166849215,0.6574668807707748,0.9604163612373552,0.7805778969317844,0.692644730707968,0.5675116872692217,0.5311120418928476,0.17460701330108827,0.9604163612373552,0.8325673025824922,0.7477942877524368,mild binary MLP P45
0.255,0.663837166849215,0.6575617593894356,0.9599765430288814,0.7804994338160797,0.6920073326005294,0.5676545351178264,0.5314926547611472,0.17533252720677148,0.9599765430288814,0.8325673025824922,0.7477942877524368,mild binary MLP P45
0.256,0.6637458926615553,0.6575590155700652,0.9596833308898989,0.7804005722460658,0.6914168704223953,0.5676288480326157,0.5315554263099488,0.17557436517533254,0.9596833308898989,0.8325673025824922,0.7477942877524368,mild binary MLP P45
0.257,0.6646586345381527,0.6582838748616839,0.9593901187509163,0.7808137453764468,0.6926887354603986,0.5689332697744908,0.5337078435620097,0.1784764207980653,0.9593901187509163,0.8325673025824922,0.7477942877524368,mild binary MLP P45
0.258,0.6647499087258123,0.6585095669687815,0.9586570884034599,0.7807295086860486,0.6918278828995954,0.5692922685064458,0.5345228632366495,0.1799274486094317,0.9586570884034599,0.8325673025824922,0.7477942877524368,mild binary MLP P45
0.259,0.6649324571011318,0.6586741889985895,0.9585104823339686,0.7807965605780139,0.6919584537225958,0.5695817224245417,0.5350255794177582,0.18065296251511487,0.9585104823339686,0.8325673025824922,0.7477942877524368,mild binary MLP P45
0.26,0.6650237312887916,0.6588686094585056,0.9579240580560036,0.7807384394790298,0.6913207339881555,0.5698931052069619,0.5357113148303537,0.1818621523579202,0.9579240580560036,0.8325673025824922,0.7477942877524368,mild binary MLP P45
0.261,0.66557137641475,0.659331785606137,0.957630845917021,0.7809660449545672,0.6919156544808569,0.5707138510117148,0.5370879607488885,0.1837968561064087,0.957630845917021,0.8325673025824922,0.7477942877524368,mild binary MLP P45
0.262,0.6651150054764513,0.6592884576511017,0.9563113912915995,0.7804965599760694,0.6893429105581308,0.5705377996361263,0.5372561691548617,0.18476420798065296,0.9563113912915995,0.8325673025824922,0.7477942877524368,mild binary MLP P45
0.263,0.6654801022270902,0.6596196641715557,0.9560181791526169,0.7806308732866463,0.6896229161979274,0.5711167074723181,0.5382501148373673,0.18621523579201935,0.9560181791526169,0.8325673025824922,0.7477942877524368,mild binary MLP P45
0.264,0.6663015699160277,0.6602856274688544,0.9557249670136344,0.7809991613753444,0.6907152975756091,0.5723002102299127,0.5401737853637933,0.18887545344619106,0.9557249670136344,0.8325673025824922,0.7477942877524368,mild binary MLP P45
0.265,0.6664841182913472,0.6604519201540177,0.9555783609441431,0.7810665068903535,0.6908515350540098,0.5725896641480086,0.5406673017025494,0.18960096735187423,0.9555783609441431,0.8325673025824922,0.7477942877524368,mild binary MLP P45
0.266,0.6663928441036875,0.6605802393994725,0.9546987245271954,0.7808621620001199,0.689579737186075,0.5727544408609375,0.5412050156455788,0.19081015719467956,0.9546987245271954,0.8325673025824922,0.7477942877524368,mild binary MLP P45
0.267,0.6666666666666666,0.6608139652897594,0.9545521184577042,0.7809763703970253,0.6898811440229395,0.573164813763314,0.5418818469014527,0.19177750906892382,0.9545521184577042,0.8325673025824922,0.7477942877524368,mild binary MLP P45
0.268,0.6670317634173056,0.6611477907567294,0.9542589063187216,0.781111244449778,0.6901598539742242,0.5737437215995059,0.542862141477653,0.1932285368802902,0.9542589063187216,0.8325673025824922,0.7477942877524368,mild binary MLP P45
0.269,0.6676706827309237,0.6616510776738511,0.9541123002492303,0.7814132196674071,0.6910933959797827,0.5746377704390045,0.5442746402808967,0.1951632406287787,0.9541123002492303,0.8325673025824922,0.7477942877524368,mild binary MLP P45
0.27,0.6679445052939029,0.6619517655439097,0.9536724820407565,0.7814752522825564,0.6910290271475084,0.5751433752404508,0.5451829148950776,0.1966142684401451,0.9536724820407565,0.8325673025824922,0.7477942877524368,mild binary MLP P45
0.271,0.6682183278568821,0.6622199592668024,0.9533792699017739,0.7815636079562527,0.6911451909010069,0.5756013640923622,0.5459705727127118,0.19782345828295042,0.9533792699017739,0.8325673025824922,0.7477942877524368,mild binary MLP P45
0.272,0.6682183278568821,0.6623853211009174,0.9526462395543176,0.781432265047201,0.6902677041804761,0.5758394438400367,0.5465578291719626,0.19903264812575575,0.9526462395543176,0.8325673025824922,0.7477942877524368,mild binary MLP P45
0.273,0.6680357794815626,0.6624158335033666,0.9519132092068612,0.7812067617156951,0.6890935320029832,0.57583568561915,0.5467765704967207,0.19975816203143892,0.9519132092068612,0.8325673025824922,0.7477942877524368,mild binary MLP P45
0.274,0.6684008762322016,0.6627527057382071,0.9516199970678786,0.7813421606981643,0.6893797952098952,0.576414593455342,0.5477411199941643,0.2012091898428053,0.9516199970678786,0.8325673025824922,0.7477942877524368,mild binary MLP P45
0.275,0.668583424607521,0.6629213483146067,0.9514733909983873,0.7814099090963819,0.6895224237284869,0.576704047373438,0.548222404086014,0.20193470374848851,0.9514733909983873,0.8325673025824922,0.7477942877524368,mild binary MLP P45
0.276,0.6686746987951807,0.6631223801247316,0.9508869667204223,0.7813516443801951,0.6890079985730041,0.5770154301558581,0.5488679125855778,0.20314389359129384,0.9508869667204223,0.8325673025824922,0.7477942877524368,mild binary MLP P45
0.277,0.6687659729828405,0.663323782234957,0.9503005424424571,0.7812933164587477,0.6885031073336947,0.5773268129382781,0.5495111064339235,0.20435308343409916,0.9503005424424571,0.8325673025824922,0.7477942877524368,mild binary MLP P45
0.278,0.6687659729828405,0.6633906633906634,0.9500073303034746,0.7812405811079631,0.6881768131768131,0.5774220448373479,0.5497410870972842,0.20483675937122128,0.9500073303034746,0.8325673025824922,0.7477942877524368,mild binary MLP P45
0.279,0.6686746987951807,0.663523624064774,0.949127693886527,0.7810351067680058,0.6870578920991093,0.5775868215502767,0.5502475871297847,0.2060459492140266,0.949127693886527,0.8325673025824922,0.7477942877524368,mild binary MLP P45
0.28,0.6690397955458196,0.6638965835641736,0.948687875678053,0.7811443746982134,0.6872005663892001,0.5782133453360035,0.5513132053131786,0.20773881499395405,0.948687875678053,0.8325673025824922,0.7477942877524368,mild binary MLP P45
0.281,0.6692223439211391,0.6641001950518427,0.9483946635390705,0.781185847119913,0.687194130447732,0.5785504152036345,0.5519013347749098,0.20870616686819832,0.9483946635390705,0.8325673025824922,0.7477942877524368,mild binary MLP P45
0.28200000000000003,0.6694048922964586,0.6643378197883489,0.9479548453305967,0.7812009182070798,0.6870339957486307,0.5789351010208001,0.552601205650759,0.20991535671100361,0.9479548453305967,0.8325673025824922,0.7477942877524368,mild binary MLP P45
0.28300000000000003,0.6696787148594378,0.664678049783995,0.9473684210526315,0.7812367768844829,0.6868771124122568,0.5794883217717813,0.5535910090419807,0.21160822249093109,0.9473684210526315,0.8325673025824922,0.7477942877524368,mild binary MLP P45
0.28400000000000003,0.6696787148594378,0.6648815653964985,0.9464887846356839,0.7810779747141734,0.6859720828587629,0.5797740174689907,0.554263202187044,0.21305925030229747,0.9464887846356839,0.8325673025824922,0.7477942877524368,mild binary MLP P45
0.28500000000000003,0.6694048922964586,0.6649139086503764,0.945462542149245,0.7807506053268766,0.6844855939433265,0.5797445721628933,0.5545073501411831,0.2140266021765417,0.945462542149245,0.8325673025824922,0.7477942877524368,mild binary MLP P45
0.28600000000000003,0.6694048922964586,0.6650841160078439,0.9447295118017885,0.780617807389461,0.683765420277008,0.5799826519105677,0.5550626985855116,0.21523579201934703,0.9447295118017885,0.8325673025824922,0.7477942877524368,mild binary MLP P45
0.28700000000000003,0.6691310697334794,0.6650485436893204,0.9439964814543322,0.7803429679452221,0.682602764780296,0.5798579747054007,0.5550818186000838,0.21571946795646915,0.9439964814543322,0.8325673025824922,0.7477942877524368,mild binary MLP P45
0.28800000000000003,0.6696787148594378,0.6655293631100083,0.9437032693153496,0.7805735766688898,0.6832319712746303,0.5806787205101537,0.55636909134238,0.21765417170495768,0.9437032693153496,0.8325673025824922,0.7477942877524368,mild binary MLP P45
0.289,0.6696787148594378,0.6657006830883875,0.9429702389678932,0.7804404538008858,0.6825412225333746,0.5809168002578281,0.5569175928978641,0.218863361547763,0.9429702389678932,0.8325673025824922,0.7477942877524368,mild binary MLP P45
0.29,0.6699525374224169,0.6660105666632135,0.9425304207594194,0.7805026101736069,0.6825831804920057,0.5814224050592744,0.5577761303902238,0.2203143893591294,0.9425304207594194,0.8325673025824922,0.7477942877524368,mild binary MLP P45
0.291,0.6700438116100766,0.6662863070539419,0.9416507843424717,0.7803900127574267,0.6819273480558463,0.5818290197407643,0.5586044725317127,0.22200725513905684,0.9416507843424717,0.8325673025824922,0.7477942877524368,mild binary MLP P45
0.292,0.6701350857977364,0.6665281960743588,0.9409177539950154,0.7803039513677812,0.6814178282557175,0.5821880184727193,0.5593207783202875,0.22345828295042322,0.9409177539950154,0.8325673025824922,0.7477942877524368,mild binary MLP P45
0.293,0.6703176341730559,0.6668052812142634,0.9403313297170502,0.7802919708029197,0.6811962082959874,0.5826203202394199,0.5601021257523371,0.2249093107617896,0.9403313297170502,0.8325673025824922,0.7477942877524368,mild binary MLP P45
0.294,0.6705001825483753,0.6670829430742012,0.9397449054390852,0.780279975654291,0.680980224321065,0.5830526220061206,0.560880593445533,0.226360338573156,0.9397449054390852,0.8325673025824922,0.7477942877524368,mild binary MLP P45
0.295,0.6712303760496532,0.6677785885541541,0.9391584811611201,0.7805531863043743,0.681651583345309,0.5842104376785044,0.5627029300019507,0.22926239419588876,0.9391584811611201,0.8325673025824922,0.7477942877524368,mild binary MLP P45
0.296,0.6715954728002921,0.6681623708650736,0.9387186629526463,0.7806632528651548,0.681859772468225,0.5848369614642313,0.5637157949147851,0.2309552599758162,0.9387186629526463,0.8325673025824922,0.7477942877524368,mild binary MLP P45
0.297,0.6721431179262505,0.6686514154392562,0.9384254508136637,0.7808954495547151,0.6824818899322094,0.5856577072689841,0.5649674783112466,0.2328899637243047,0.9384254508136637,0.8325673025824922,0.7477942877524368,mild binary MLP P45
0.298,0.6721431179262505,0.6688277737111785,0.9376924204662073,0.78076171875,0.6818654302870322,0.5858957870166587,0.5654893977252171,0.23409915356711003,0.9376924204662073,0.8325673025824922,0.7477942877524368,mild binary MLP P45
0.299,0.6722343921139102,0.669074539363484,0.936959390118751,0.7806755023514322,0.681403366547839,0.5862547857486137,0.5661817663409083,0.23555018137847641,0.936959390118751,0.8325673025824922,0.7477942877524368,mild binary MLP P45
0.3,0.672964585615188,0.6696709285265143,0.9368127840492596,0.7810303734034101,0.6824309380963547,0.5872697535723927,0.5676642225640226,0.237726723095526,0.9368127840492596,0.8325673025824922,0.7477942877524368,mild binary MLP P45
0.301,0.672964585615188,0.6699916001679966,0.9354933294238381,0.7807892321810951,0.6813645151677972,0.5876982971182069,0.5685875386700339,0.23990326481257557,0.9354933294238381,0.8325673025824922,0.7477942877524368,mild binary MLP P45
0.302,0.6736035049288062,0.6705560811521076,0.9352001172848556,0.7810701604016163,0.6821248874229007,0.5886399619072404,0.5699900819935654,0.24207980652962516,0.9352001172848556,0.8325673025824922,0.7477942877524368,mild binary MLP P45
0.303,0.6736947791164659,0.6708061460745106,0.9344670869373992,0.7809838877657294,0.6816891803274892,0.5889989606391954,0.5706672883094168,0.24353083434099154,0.9344670869373992,0.8325673025824922,0.7477942877524368,mild binary MLP P45
0.304,0.6739686016794451,0.6711260929105657,0.9340272687289254,0.7810469535368395,0.6817694716090764,0.5895045654406417,0.5714809615844254,0.24498186215235793,0.9340272687289254,0.8325673025824922,0.7477942877524368,mild binary MLP P45
0.305,0.6738773274917853,0.6712357654997891,0.933294238381469,0.7808647654093837,0.681066252315112,0.5896217262040355,0.5718128000401653,0.24594921402660216,0.933294238381469,0.8325673025824922,0.7477942877524368,mild binary MLP P45
0.306,0.6739686016794451,0.6713426853707415,0.9331476323119777,0.7808857808857809,0.6810950714989301,0.589790261137851,0.5720828191416427,0.2464328899637243,0.9331476323119777,0.8325673025824922,0.7477942877524368,mild binary MLP P45
0.307,0.6740598758671048,0.6715945089757128,0.9324146019645213,0.7807992142900988,0.6806828534111404,0.590149259869806,0.5727515018257112,0.2478839177750907,0.9324146019645213,0.8325673025824922,0.7477942877524368,mild binary MLP P45
0.308,0.6741511500547646,0.6718832610764514,0.9315349655475736,0.7806855879100627,0.6801711168624418,0.5905558745512959,0.573516382879419,0.24957678355501814,0.9315349655475736,0.8325673025824922,0.7477942877524368,mild binary MLP P45
0.309,0.6741511500547646,0.671992381758544,0.9310951473390998,0.7806047197640118,0.6798500114772786,0.5906987223999005,0.5738129981798783,0.2503022974607013,0.9310951473390998,0.8325673025824922,0.7477942877524368,mild binary MLP P45
0.31,0.6746075209930632,0.6724576271186441,0.930655329130626,0.7807637906647807,0.6802261750368945,0.5914461651699079,0.5749509981460517,0.25223700120918985,0.930655329130626,0.8325673025824922,0.7477942877524368,mild binary MLP P45
0.311,0.6744249726177437,0.6725344644750796,0.9297756927136783,0.7805058150267676,0.6793209674931099,0.5914900228985562,0.5752025630512747,0.2532043530834341,0.9297756927136783,0.8325673025824922,0.7477942877524368,mild binary MLP P45
0.312,0.6740598758671048,0.6725053078556263,0.9287494502272394,0.780124376577797,0.6780495289278132,0.5913396586081784,0.5752147187068142,0.2539298669891173,0.9287494502272394,0.8325673025824922,0.7477942877524368,mild binary MLP P45
0.313,0.6745162468054035,0.6729726857264321,0.9283096320187656,0.7802834257547752,0.6784385083447932,0.5920871013781857,0.5763437544120584,0.2558645707376058,0.9283096320187656,0.8325673025824922,0.7477942877524368,mild binary MLP P45
0.314,0.6756115370573202,0.6739061002874481,0.928016419879783,0.7808067102504009,0.679883312459783,0.5936333610886219,0.5785395432613886,0.2592503022974607,0.928016419879783,0.8325673025824922,0.7477942877524368,mild binary MLP P45
0.315,0.6757028112449799,0.6741261722080136,0.9274299956018179,0.7807466831224931,0.6796203380124037,0.593944743871042,0.579088953967064,0.26045949214026604,0.9274299956018179,0.8325673025824922,0.7477942877524368,mild binary MLP P45
0.316,0.6757940854326396,0.6744210863301675,0.9265503591848703,0.7806324110671937,0.6791663791272289,0.5943513585525318,0.5798266950440863,0.2621523579201935,0.9265503591848703,0.8325673025824922,0.7477942877524368,mild binary MLP P45
0.317,0.676341730558598,0.6748905265406386,0.9264037531153789,0.7808947108255067,0.6798809192652974,0.5951244884077499,0.5809152325077254,0.2638452237001209,0.9264037531153789,0.8325673025824922,0.7477942877524368,mild binary MLP P45
0.318,0.6762504563709383,0.6750427715996579,0.9255241166984313,0.7806838558090645,0.6791672710866119,0.5952892651206787,0.5813159651932585,0.26505441354292625,0.9255241166984313,0.8325673025824922,0.7477942877524368,mild binary MLP P45
0.319,0.6760679079956189,0.6751230999785913,0.9246444802814836,0.7804244261585102,0.6783298275605472,0.595333122849327,0.5815498370138524,0.2660217654171705,0.9246444802814836,0.8325673025824922,0.7477942877524368,mild binary MLP P45
0.32,0.6760679079956189,0.6753483386923902,0.923764843864536,0.7802612841310136,0.6777725703302049,0.5956188185465364,0.582111200996248,0.2674727932285369,0.923764843864536,0.8325673025824922,0.7477942877524368,mild binary MLP P45
0.321,0.6764330047462578,0.675788795878944,0.9231784195865709,0.7803457463287689,0.6779432379883121,0.5962929582817982,0.5831401345536101,0.2694074969770254,0.9231784195865709,0.8325673025824922,0.7477942877524368,mild binary MLP P45
0.322,0.6767981014968967,0.6761546723952739,0.9228852074475883,0.7804847808567354,0.6782960482267986,0.59687186611799,0.5839804980222096,0.2708585247883918,0.9228852074475883,0.8325673025824922,0.7477942877524368,mild binary MLP P45
0.323,0.6772544724351953,0.6765939146328351,0.9225919953086058,0.7806723731546954,0.6787803410022182,0.5975716929384625,0.5849821278554134,0.27255139056831923,0.9225919953086058,0.8325673025824922,0.7477942877524368,mild binary MLP P45
0.324,0.6775282949981745,0.6769644779332615,0.9220055710306406,0.7807088324747067,0.6788183734204123,0.5981249136894436,0.5858379535585049,0.2742442563482467,0.9220055710306406,0.8325673025824922,0.7477942877524368,mild binary MLP P45
0.325,0.6780759401241329,0.6775549805950841,0.9214191467526756,0.7808908492265639,0.6792536807737326,0.5990408913932664,0.5871780127474178,0.2766626360338573,0.9214191467526756,0.8325673025824922,0.7477942877524368,mild binary MLP P45
0.326,0.6778933917488135,0.6775237273511648,0.9209793285442017,0.7807121108556515,0.6787262342219007,0.59894190127331,0.5871252597584667,0.27690447400241835,0.9209793285442017,0.8325673025824922,0.7477942877524368,mild binary MLP P45
0.327,0.6784410368747719,0.6782317336792045,0.9199530860577628,0.7808125427735955,0.6789045992339684,0.6000007268257375,0.5887279018029649,0.2800483675937122,0.9199530860577628,0.8325673025824922,0.7477942877524368,mild binary MLP P45
0.328,0.6791712303760497,0.6789735816370723,0.9193666617797976,0.7810923584729401,0.6796030698883035,0.6011585424981213,0.5903753850434726,0.282950423216445,0.9193666617797976,0.8325673025824922,0.7477942877524368,mild binary MLP P45
0.329,0.6793537787513692,0.6793148308759757,0.9186336314323413,0.7810532876285448,0.6794380158998816,0.6016384602143569,0.5911402453141872,0.2846432889963724,0.9186336314323413,0.8325673025824922,0.7477942877524368,mild binary MLP P45
0.33,0.6793537787513692,0.6795484151107252,0.9177539950153937,0.7808894155803655,0.6789370515920599,0.6019241559115662,0.5916694058680871,0.28609431680773884,0.9177539950153937,0.8325673025824922,0.7477942877524368,mild binary MLP P45
0.331,0.6791712303760497,0.6796348619865247,0.916874358598446,0.780627847469263,0.6781868722703432,0.6019680136402146,0.591876158409449,0.2870616686819831,0.916874358598446,0.8325673025824922,0.7477942877524368,mild binary MLP P45
0.332,0.6794450529390288,0.6800522363695723,0.9161413282509896,0.7806371018113679,0.6781698646477177,0.6025688503407306,0.5927922886217124,0.2889963724304716,0.9161413282509896,0.8325673025824922,0.7477942877524368,mild binary MLP P45
0.333,0.679718875502008,0.6803921568627451,0.9157015100425158,0.7807012061746141,0.6783154478007419,0.6030744551421768,0.5935311139991664,0.29044740024183796,0.9157015100425158,0.8325673025824922,0.7477942877524368,mild binary MLP P45
0.334,0.6799014238773274,0.6806979280261723,0.9151150857645507,0.7806891376399224,0.6782548990634781,0.6035067569088776,0.5941952697150803,0.2918984280532044,0.9151150857645507,0.8325673025824922,0.7477942877524368,mild binary MLP P45
0.335,0.6793537787513692,0.680607119458397,0.9137956311391292,0.7801489454909569,0.6767885430439927,0.6032097865490084,0.5940185145455796,0.2926239419588875,0.9137956311391292,0.8325673025824922,0.7477942877524368,mild binary MLP P45
0.336,0.6794450529390288,0.6807999125778603,0.9133558129306554,0.7801152016028049,0.6766880449315895,0.6034735533818936,0.5944347051785068,0.2935912938331318,0.9133558129306554,0.8325673025824922,0.7477942877524368,mild binary MLP P45
0.337,0.6796276013143483,0.6811467337783127,0.912622782583199,0.7800751879699248,0.6765667625963661,0.6039534710981291,0.5951787230172205,0.29528415961305926,0.912622782583199,0.8325673025824922,0.7477942877524368,mild binary MLP P45
0.338,0.6799926980649872,0.6815642458100558,0.9121829643747251,0.7801880877742947,0.6768521831130192,0.6045799948838559,0.5960651945077444,0.2969770253929867,0.9121829643747251,0.8325673025824922,0.7477942877524368,mild binary MLP P45
0.339,0.6803577948156262,0.682062534284147,0.9114499340272687,0.780245983935743,0.6769899852300691,0.6053017505686524,0.5971176372155288,0.29915356711003627,0.9114499340272687,0.8325673025824922,0.7477942877524368,mild binary MLP P45
0.34,0.6805403431909456,0.6825327030889304,0.9102770854713386,0.7801231310466139,0.6766617254013776,0.6059245161334927,0.5981029402313484,0.3015719467956469,0.9102770854713386,0.8325673025824922,0.7477942877524368,mild binary MLP P45
0.341,0.6804490690032858,0.6826986572749285,0.9093974490543909,0.7799082165084554,0.6761086869262343,0.6060892928464215,0.5984470308187573,0.30278113663845224,0.9093974490543909,0.8325673025824922,0.7477942877524368,mild binary MLP P45
0.342,0.6804490690032858,0.6828596607182199,0.9088110247764257,0.7797974715390905,0.6758281264187478,0.6062797566445611,0.5987794941264386,0.3037484885126965,0.9088110247764257,0.8325673025824922,0.7477942877524368,mild binary MLP P45
0.343,0.6804490690032858,0.6829805996472663,0.9083712065679519,0.7797143396463851,0.6756198115009155,0.6064226044931658,0.5990281284541944,0.3044740024183797,0.9083712065679519,0.8325673025824922,0.7477942877524368,mild binary MLP P45
0.34400000000000003,0.6812705366922235,0.6836588326161315,0.9083712065679519,0.780156131956686,0.6767475356952818,0.6075108753516906,0.6004297580818599,0.30665054413542925,0.9083712065679519,0.8325673025824922,0.7477942877524368,mild binary MLP P45
0.34500000000000003,0.6815443592552026,0.6840070686989176,0.9079313883594781,0.7802204724409448,0.6769141547490383,0.6080164801531369,0.6011422057417578,0.30810157194679566,0.9079313883594781,0.8325673025824922,0.7477942877524368,mild binary MLP P45
0.34600000000000003,0.6816356334428624,0.6843269549828559,0.9070517519425304,0.7801033917538772,0.6766282294496525,0.6084230948346268,0.6017872330670213,0.3097944377267231,0.9070517519425304,0.8325673025824922,0.7477942877524368,mild binary MLP P45
0.34700000000000003,0.6817269076305221,0.6846886771548859,0.9060255094560915,0.7799583517384994,0.6762821624116399,0.6088773254656515,0.6025100909558119,0.31172914147521164,0.9060255094560915,0.8325673025824922,0.7477942877524368,mild binary MLP P45
0.34800000000000003,0.6817269076305221,0.6849755881047492,0.9049992669696525,0.7797637845007264,0.675821127385708,0.6092106371123958,0.6030748516186804,0.3134220072551391,0.9049992669696525,0.8325673025824922,0.7477942877524368,mild binary MLP P45
0.34900000000000003,0.6821832785688208,0.6855618539513171,0.9042662366221962,0.7798710330003793,0.6761142603089918,0.6100533117814729,0.6042446730476133,0.3158403869407497,0.9042662366221962,0.8325673025824922,0.7477942877524368,mild binary MLP P45
0.35000000000000003,0.6823658269441402,0.6859623733719248,0.9033866002052485,0.7798025816249051,0.6759766251046142,0.6105808454472433,0.6050289921876981,0.3177750906892382,0.9033866002052485,0.8325673025824922,0.7477942877524368,mild binary MLP P45
0.35100000000000003,0.6825483753194597,0.6862395543175488,0.9029467819967747,0.7798176753608509,0.6760324475272752,0.6109655312644091,0.6055726702507328,0.31898428053204353,0.9029467819967747,0.8325673025824922,0.7477942877524368,mild binary MLP P45
0.352,0.6828221978824388,0.6866354306113343,0.9023603577188095,0.779854292049414,0.676149040606872,0.6115187520153902,0.6063462744725607,0.320677146311971,0.9023603577188095,0.8325673025824922,0.7477942877524368,mild binary MLP P45
0.353,0.6831872946330778,0.6870254577936579,0.902067145579827,0.7799961969956265,0.6765127288968289,0.6120976598515822,0.6071130129232412,0.3221281741233374,0.902067145579827,0.8325673025824922,0.7477942877524368,mild binary MLP P45
0.354,0.6830047462577583,0.6869973190348525,0.9016273273713532,0.7798136055284347,0.6760834898567476,0.6119986697316258,0.607043144187902,0.3223700120918984,0.9016273273713532,0.8325673025824922,0.7477942877524368,mild binary MLP P45
0.355,0.6830047462577583,0.687248322147651,0.9007476909544055,0.779645961550663,0.6757174150420795,0.6122843654288352,0.6075111615589439,0.32382103990326483,0.9007476909544055,0.8325673025824922,0.7477942877524368,mild binary MLP P45
0.356,0.6837349397590361,0.688032272523532,0.9001612666764404,0.7799301365512861,0.6764472386239708,0.613442181101219,0.6090343077762106,0.3267230955259976,0.9001612666764404,0.8325673025824922,0.7477942877524368,mild binary MLP P45
0.357,0.6841000365096751,0.6886368740175163,0.8991350241900015,0.779932599987283,0.6765135589599777,0.6142591686850853,0.6101764859273521,0.3293833131801693,0.8991350241900015,0.8325673025824922,0.7477942877524368,mild binary MLP P45
0.358,0.6842825848849945,0.6890463337831759,0.8982553877730538,0.7798638070387577,0.6764030118528283,0.6147867023508558,0.6109352911625471,0.3313180169286578,0.8982553877730538,0.8325673025824922,0.7477942877524368,mild binary MLP P45
0.359,0.6841000365096751,0.6891040072039621,0.8975223574255974,0.779624323463865,0.6758743974243748,0.6147829441299693,0.6110140305896737,0.332043530834341,0.8975223574255974,0.8325673025824922,0.7477942877524368,mild binary MLP P45
0.36,0.6843738590726542,0.6893794346210159,0.8973757513561061,0.7797452229299363,0.6761774399874458,0.6151933170323457,0.6115403513233069,0.33301088270858525,0.8973757513561061,0.8325673025824922,0.7477942877524368,mild binary MLP P45
0.361,0.6847389558232931,0.6899041173152848,0.8966427210086497,0.7798036465638148,0.676372431684902,0.6159150727171423,0.6125166642713067,0.3351874244256348,0.8966427210086497,0.8325673025824922,0.7477942877524368,mild binary MLP P45
0.362,0.6847389558232931,0.6902044966670433,0.8956164785222108,0.7796069423175089,0.6759811081910039,0.6162483843638865,0.6130406506459339,0.33688029020556226,0.8956164785222108,0.8325673025824922,0.7477942877524368,mild binary MLP P45
0.363,0.684465133260314,0.6904007244736247,0.8941504178272981,0.7791759821143405,0.675077836317868,0.6163617869063939,0.6133373917284184,0.3385731559854897,0.8941504178272981,0.8325673025824922,0.7477942877524368,mild binary MLP P45
0.364,0.6853778751369113,0.6913132229530505,0.8937105996188243,0.7795894878189142,0.6761056292501455,0.6177138245978039,0.6150458199496293,0.34171704957678356,0.8937105996188243,0.8325673025824922,0.7477942877524368,mild binary MLP P45
0.365,0.685469149324571,0.6915219611848825,0.8932707814103504,0.7795547594677584,0.6760640108954716,0.6179775914306891,0.6154143224090385,0.3426844014510278,0.8932707814103504,0.8325673025824922,0.7477942877524368,mild binary MLP P45
0.366,0.6851040525739321,0.6915558586202978,0.8920979328544202,0.7791293213828425,0.6751706043217391,0.6178748430898462,0.6154070001701244,0.3436517533252721,0.8920979328544202,0.8325673025824922,0.7477942877524368,mild binary MLP P45
0.367,0.6856516976998904,0.6922026180990325,0.8915115085764551,0.7793156478277585,0.6756729350283279,0.6187908207936689,0.6165845603553636,0.3460701330108827,0.8915115085764551,0.8325673025824922,0.7477942877524368,mild binary MLP P45
0.368,0.6858342460752099,0.6924917397744104,0.8910716903679813,0.7793306834209514,0.6757548189464067,0.6191755066108346,0.6170964471903616,0.347279322853688,0.8910716903679813,0.8325673025824922,0.7477942877524368,mild binary MLP P45
0.369,0.6861993428258488,0.6929834569309755,0.8904852660900161,0.779417425895034,0.6760216234905905,0.6198496463460963,0.617973018986088,0.34921402660217654,0.8904852660900161,0.8325673025824922,0.7477942877524368,mild binary MLP P45
0.37,0.6861993428258488,0.6931597579079594,0.889898841812051,0.7793041468737963,0.6758204428466581,0.6200401101442359,0.6182595884353194,0.3501813784764208,0.889898841812051,0.8325673025824922,0.7477942877524368,mild binary MLP P45
0.371,0.6861993428258488,0.6934690609630562,0.8888725993256121,0.7791056283731689,0.6754737984435706,0.6203734217909802,0.6187588633359228,0.3518742442563482,0.8888725993256121,0.8325673025824922,0.7477942877524368,mild binary MLP P45
0.372,0.6867469879518072,0.6940785706104684,0.8884327811171383,0.779320987654321,0.676028049350178,0.621241783545268,0.6198491730724436,0.35405078597339784,0.8884327811171383,0.8325673025824922,0.7477942877524368,mild binary MLP P45
0.373,0.6867469879518072,0.6944348823866896,0.887259932561208,0.7790937178166838,0.675642251545866,0.6216227111415472,0.6204126054579028,0.3559854897218863,0.887259932561208,0.8325673025824922,0.7477942877524368,mild binary MLP P45
0.374,0.6864731653888281,0.6945977011494253,0.8859404779357866,0.7786869402744668,0.6748697725605283,0.6216884977345196,0.6206061833276575,0.35743651753325273,0.8859404779357866,0.8325673025824922,0.7477942877524368,mild binary MLP P45
0.375,0.6871120847024461,0.6953817804906138,0.8852074475883301,0.7788957688338494,0.6754515589650605,0.6227730103721578,0.6219697321073117,0.3603385731559855,0.8852074475883301,0.8325673025824922,0.7477942877524368,mild binary MLP P45
0.376,0.6875684556407448,0.6959630911188005,0.8846210233103651,0.7790329868956168,0.675846812401045,0.6235680690917,0.6229692266669331,0.36251511487303506,0.8846210233103651,0.8325673025824922,0.7477942877524368,mild binary MLP P45
0.377,0.6872946330777656,0.6960840937969274,0.8834481747544348,0.7786535728130249,0.6751407854804559,0.6235862397351376,0.6230849461827015,0.3637243047158404,0.8834481747544348,0.8325673025824922,0.7477942877524368,mild binary MLP P45
0.378,0.6869295363271267,0.696170311234525,0.8821287201290133,0.7781945162959131,0.6742848962138903,0.6235311073438295,0.6231233127385273,0.3649334945586457,0.8821287201290133,0.8325673025824922,0.7477942877524368,mild binary MLP P45
0.379,0.6875684556407448,0.696825764596849,0.8818355079900307,0.7784896136672491,0.6750049649146035,0.624472772132863,0.6242657079019014,0.3671100362756953,0.8818355079900307,0.8325673025824922,0.7477942877524368,mild binary MLP P45
0.38,0.6875684556407448,0.6971455093989325,0.8808092655035918,0.7782887492713259,0.6747062020903987,0.6248060837796072,0.6247383805062021,0.3688029020556227,0.8808092655035918,0.8325673025824922,0.7477942877524368,mild binary MLP P45
0.381,0.6877510040160643,0.6974907063197026,0.8802228412256268,0.7782746775552531,0.6747674996675174,0.625238385546308,0.62529343934835,0.37025392986698913,0.8802228412256268,0.8325673025824922,0.7477942877524368,mild binary MLP P45
0.382,0.6883899233296824,0.6982427557314093,0.8796364169476616,0.7785130400934216,0.6754015302144138,0.6262752822344112,0.6265603058269509,0.3729141475211608,0.8796364169476616,0.8325673025824922,0.7477942877524368,mild binary MLP P45
0.383,0.6882073749543629,0.6983110075713453,0.8789033866002053,0.7782682071920031,0.6749673975014044,0.6262715240135246,0.6266072053482302,0.373639661426844,0.8789033866002053,0.8325673025824922,0.7477942877524368,mild binary MLP P45
0.384,0.6882073749543629,0.6984959776145505,0.8783169623222401,0.7781530068840109,0.674804945511773,0.6264619878116642,0.6268720207892575,0.37460701330108825,0.8783169623222401,0.8325673025824922,0.7477942877524368,mild binary MLP P45
0.385,0.68921139101862,0.6995793409675157,0.877730538044275,0.7785941868782106,0.6758947580567354,0.6279825604368896,0.6286970628252985,0.37823458282950423,0.877730538044275,0.8325673025824922,0.7477942877524368,mild binary MLP P45
0.386,0.6896677619569186,0.7001287001287001,0.8772907198358012,0.7787610619469026,0.6763408133271147,0.628730003206897,0.6296005798732068,0.38016928657799276,0.8772907198358012,0.8325673025824922,0.7477942877524368,mild binary MLP P45
0.387,0.6898503103322381,0.7004333060077292,0.8768509016273274,0.7787760416666667,0.6764475177121807,0.6291146890240628,0.6300778865231991,0.3813784764207981,0.8768509016273274,0.8325673025824922,0.7477942877524368,mild binary MLP P45
0.388,0.6897590361445783,0.7005391467416784,0.8762644773493623,0.7786100436396796,0.676177164129915,0.6291842338379218,0.630195401450881,0.38210399032648124,0.8762644773493623,0.8325673025824922,0.7477942877524368,mild binary MLP P45
0.389,0.6901241328952172,0.701056338028169,0.8756780530713971,0.7786976077178802,0.6764723397858414,0.6298583735731834,0.6310167387242573,0.38403869407496977,0.8756780530713971,0.8325673025824922,0.7477942877524368,mild binary MLP P45
0.39,0.690215407082877,0.7014223580580699,0.8747984166544495,0.7785751565762005,0.6763542986697046,0.6302649882546734,0.6315415272552934,0.3857315598548972,0.8747984166544495,0.8325673025824922,0.7477942877524368,mild binary MLP P45
0.391,0.690215407082877,0.7017543859649122,0.8737721741680106,0.7783727308345305,0.6760903476718593,0.6305982999014176,0.6319872141593084,0.38742442563482465,0.8737721741680106,0.8325673025824922,0.7477942877524368,mild binary MLP P45
0.392,0.6900328587075575,0.7019219431670793,0.8727459316815717,0.7780682263756372,0.6756074362300043,0.6306897735796009,0.6321506033542331,0.38863361547763,0.8727459316815717,0.8325673025824922,0.7477942877524368,mild binary MLP P45
0.393,0.6899415845198977,0.7020297380221855,0.8721595074036065,0.7779012749264466,0.6753500825485625,0.6307593183934599,0.6322633169252151,0.3893591293833132,0.8721595074036065,0.8325673025824922,0.7477942877524368,mild binary MLP P45
0.394,0.6903066812705367,0.7026483802317333,0.8712798709866588,0.7779304928333006,0.6755835976418875,0.6315286900277913,0.6331986249783871,0.39177750906892383,0.8712798709866588,0.8325673025824922,0.7477942877524368,mild binary MLP P45
0.395,0.6903979554581964,0.7030676299893402,0.8702536285002199,0.7777777777777778,0.67544945367354,0.6319829206588161,0.6337745687926193,0.3937122128174123,0.8702536285002199,0.8325673025824922,0.7477942877524368,mild binary MLP P45
0.396,0.6904892296458561,0.7034400948991696,0.8693739920832723,0.7776539243328306,0.6753542517251192,0.6323895353403061,0.6342856020102826,0.3954050785973398,0.8693739920832723,0.8325673025824922,0.7477942877524368,mild binary MLP P45
0.397,0.6905805038335159,0.7038621509209745,0.8683477495968334,0.7775006563402468,0.6752289896674923,0.6328437659713309,0.63485578053681,0.3973397823458283,0.8683477495968334,0.8325673025824922,0.7477942877524368,mild binary MLP P45
0.398,0.6909456005841548,0.7043426531826293,0.8679079313883595,0.7776172336792329,0.6755739138120125,0.6334702897570577,0.6355929422957936,0.39903264812575573,0.8679079313883595,0.8325673025824922,0.7477942877524368,mild binary MLP P45
0.399,0.690854326396495,0.7046971864568431,0.8665884767629379,0.7773029127490302,0.6751679078701661,0.6337779143185911,0.6360033883452745,0.40096735187424426,0.8665884767629379,0.8325673025824922,0.7477942877524368,mild binary MLP P45
0.4,0.6903066812705367,0.704632282712512,0.8652690221375164,0.776732249786142,0.6742153661624575,0.6334809439587219,0.6357227890777322,0.40169286577992747,0.8652690221375164,0.8325673025824922,0.7477942877524368,mild binary MLP P45
0.401,0.690215407082877,0.7047926377435162,0.8645359917900601,0.7765341058730577,0.6739490419308543,0.633598104722116,0.635887516946047,0.4026602176541717,0.8645359917900601,0.8325673025824922,0.7477942877524368,mild binary MLP P45
0.402,0.6898503103322381,0.7050928699820251,0.8626301128866735,0.775946195437162,0.6731132676221884,0.6337334361289474,0.6361201478223462,0.40483675937122127,0.8626301128866735,0.8325673025824922,0.7477942877524368,mild binary MLP P45
0.403,0.6897590361445783,0.7053035757139429,0.8617504764697258,0.7757175849554603,0.6728272264534627,0.6338982128418762,0.6363418470877642,0.4060459492140266,0.8617504764697258,0.8325673025824922,0.7477942877524368,mild binary MLP P45
0.404,0.6900328587075575,0.7057551363690977,0.8611640521917607,0.7757527733755943,0.6730446779452781,0.6344514335928574,0.6369898618651022,0.40773881499395404,0.8611640521917607,0.8325673025824922,0.7477942877524368,mild binary MLP P45
0.405,0.6897590361445783,0.7058965102286402,0.8599912036358305,0.775361839931267,0.6724871817961039,0.634469604236295,0.6370541687489988,0.40894800483675936,0.8599912036358305,0.8325673025824922,0.7477942877524368,mild binary MLP P45
0.406,0.6899415845198977,0.7062650602409638,0.8594047793578654,0.775345545929502,0.672597891566265,0.6349019060029956,0.6375623326761337,0.41039903264812577,0.8594047793578654,0.8325673025824922,0.7477942877524368,mild binary MLP P45
0.40700000000000003,0.6899415845198977,0.7065138721351025,0.858671749010409,0.7751968764476209,0.6724617372678514,0.6351399857506701,0.6378557533245309,0.4116082224909311,0.858671749010409,0.8325673025824922,0.7477942877524368,mild binary MLP P45
0.40800000000000003,0.6896677619569186,0.7065571790846517,0.8577921125934613,0.7748642563898821,0.6719701783273726,0.6350629244950378,0.6377992353902421,0.41233373639661425,0.8577921125934613,0.8325673025824922,0.7477942877524368,mild binary MLP P45
0.40900000000000003,0.68921139101862,0.7065296251511487,0.8566192640375312,0.7743688291034392,0.6712097120543532,0.6348392571699143,0.6375875812428207,0.41305925030229745,0.8566192640375312,0.8325673025824922,0.7477942877524368,mild binary MLP P45
0.41000000000000003,0.6891201168309602,0.7068443367655967,0.8554464154816009,0.7740780047758026,0.6708971776386294,0.6350992657819129,0.6379167086488726,0.4147521160822249,0.8554464154816009,0.8325673025824922,0.7477942877524368,mild binary MLP P45
0.41100000000000003,0.6891201168309602,0.7071454567511828,0.8545667790646533,0.7738980350504514,0.670749285692215,0.6353849614791223,0.6382632698616744,0.4162031438935913,0.8545667790646533,0.8325673025824922,0.7477942877524368,mild binary MLP P45
0.41200000000000003,0.6891201168309602,0.7074474547442595,0.8536871426477056,0.7737177783683231,0.6706044613170838,0.6356706571763316,0.6386081603211877,0.41765417170495767,0.8536871426477056,0.8325673025824922,0.7477942877524368,mild binary MLP P45
0.41300000000000003,0.6895764877692588,0.7080798247748844,0.8531007183697406,0.7738546445907307,0.67105963481257,0.6364657158958739,0.6395098917701216,0.41983071342200723,0.8531007183697406,0.8325673025824922,0.7477942877524368,mild binary MLP P45
0.41400000000000003,0.6897590361445783,0.7084551656920078,0.8525142940917754,0.7738372479872248,0.6711853703278089,0.6368980176625745,0.6400059405706864,0.42128174123337364,0.8525142940917754,0.8325673025824922,0.7477942877524368,mild binary MLP P45
0.41500000000000004,0.6896677619569186,0.7087757842060295,0.8513414455358452,0.7735446916211536,0.67089169232017,0.6371580262745732,0.6403240999422091,0.4229746070133011,0.8513414455358452,0.8325673025824922,0.7477942877524368,mild binary MLP P45
0.41600000000000004,0.690215407082877,0.7094487226500428,0.8509016273273714,0.7737634982002399,0.6714811180817781,0.638026388028861,0.6412956420089477,0.42515114873035065,0.8509016273273714,0.8325673025824922,0.7477942877524368,mild binary MLP P45
0.417,0.6900328587075575,0.709736680955297,0.8495821727019499,0.7733884959295342,0.6710632526954916,0.638213093606114,0.6415310946295086,0.4268440145102781,0.8495821727019499,0.8325673025824922,0.7477942877524368,mild binary MLP P45
0.418,0.6901241328952172,0.7101324828263003,0.8487025362850023,0.7732585320243104,0.6710434168767736,0.638619708287604,0.6419974746877568,0.42853688029020554,0.8487025362850023,0.8325673025824922,0.7477942877524368,mild binary MLP P45
0.419,0.6905805038335159,0.710878918254456,0.8478228998680546,0.7733351163412677,0.6714621461176569,0.639509998906216,0.6429930325812147,0.43119709794437727,0.8478228998680546,0.8325673025824922,0.7477942877524368,mild binary MLP P45
0.42,0.6903979554581964,0.7110153846153846,0.8469432634511069,0.7730496453900709,0.6711205499551667,0.6395538566348642,0.643056548219009,0.4321644498186215,0.8469432634511069,0.8325673025824922,0.7477942877524368,mild binary MLP P45
0.421,0.6897590361445783,0.7109220907297831,0.8454772027561941,0.7723833121275029,0.6701586543662981,0.6391835832402494,0.6426753929888123,0.4328899637243047,0.8454772027561941,0.8325673025824922,0.7477942877524368,mild binary MLP P45
0.422,0.68921139101862,0.7110205090190265,0.8437179299222988,0.771706335903453,0.6692768512949779,0.6390294607289849,0.6425346028523982,0.4343409915356711,0.8437179299222988,0.8325673025824922,0.7477942877524368,mild binary MLP P45
0.423,0.6893026652062797,0.7114218537309739,0.8428382935053511,0.7715742853308281,0.6692761442567913,0.6394360754104749,0.64299113695928,0.43603385731559857,0.8428382935053511,0.8325673025824922,0.7477942877524368,mild binary MLP P45
0.424,0.6901241328952172,0.7122676579925651,0.8426916874358599,0.772009938889262,0.6702363930988466,0.6405719622185345,0.6442302934725472,0.43845223700120917,0.8426916874358599,0.8325673025824922,0.7477942877524368,mild binary MLP P45
0.425,0.6899415845198977,0.7124596674112683,0.8416654449494209,0.7716916459439479,0.669894429978926,0.6406634358967177,0.6443414862735521,0.4396614268440145,0.8416654449494209,0.8325673025824922,0.7477942877524368,mild binary MLP P45
0.426,0.6899415845198977,0.7126708074534162,0.8410790206714558,0.771568825230314,0.6698247361423997,0.6408538996948573,0.6445544736860276,0.4406287787182588,0.8410790206714558,0.8325673025824922,0.7477942877524368,mild binary MLP P45
0.427,0.6899415845198977,0.7129883055486439,0.8401993842545081,0.7713843461874957,0.6697223912938559,0.6411395953920667,0.644872663665136,0.44207980652962514,0.8401993842545081,0.8325673025824922,0.7477942877524368,mild binary MLP P45
0.428,0.6906717780211756,0.7139117427075542,0.8396129599765431,0.7716768847268073,0.6705209701949495,0.6422974110644505,0.6461298555760221,0.4449818621523579,0.8396129599765431,0.8325673025824922,0.7477942877524368,mild binary MLP P45
0.429,0.6907630522088354,0.7142144015974042,0.8390265356985779,0.7716057705271673,0.6705628582910569,0.6426087938468705,0.6464697403073814,0.44619105199516323,0.8390265356985779,0.8325673025824922,0.7477942877524368,mild binary MLP P45
0.43,0.6914019715224534,0.7150537634408602,0.8384401114206128,0.771846953235711,0.6712523719165086,0.6436456905349739,0.6475899083110741,0.44885126964933497,0.8384401114206128,0.8325673025824922,0.7477942877524368,mild binary MLP P45
0.431,0.6914932457101132,0.7153586180998873,0.8378536871426477,0.7717758271438218,0.6712957566401021,0.643957073317394,0.6479267758642229,0.45006045949214024,0.8378536871426477,0.8325673025824922,0.7477942877524368,mild binary MLP P45
0.432,0.6918583424607521,0.7159333082612511,0.8372672628646826,0.7718610623057169,0.6716625252283093,0.6446312130526557,0.6486519255863699,0.4519951632406288,0.8372672628646826,0.8325673025824922,0.7477942877524368,mild binary MLP P45
0.433,0.6922234392113911,0.7164553784360487,0.8368274446562087,0.7719772788747633,0.6720450194287972,0.6452577368383825,0.6493238443784259,0.4536880290205562,0.8368274446562087,0.8325673025824922,0.7477942877524368,mild binary MLP P45
0.434,0.69258853596203,0.7170333123821496,0.8362410203782437,0.7720628045479155,0.6724120244016714,0.6459318765736441,0.650044855188756,0.45562273276904475,0.8362410203782437,0.8325673025824922,0.7477942877524368,mild binary MLP P45
0.435,0.6923147133990507,0.7171450151057401,0.8352147778918048,0.7716898069759567,0.6719855221611037,0.6459024312675469,0.6500116867536843,0.456590084643289,0.8352147778918048,0.8325673025824922,0.7477942877524368,mild binary MLP P45
0.436,0.6923147133990507,0.7174187043105621,0.8344817475443483,0.7715350728566588,0.6719125288594505,0.6461405110152213,0.6502638337596134,0.4577992744860943,0.8344817475443483,0.8325673025824922,0.7477942877524368,mild binary MLP P45
0.437,0.6922234392113911,0.7178224074775799,0.8331622929189269,0.7712036911385534,0.6716785614222385,0.6464481355767548,0.6505865124217997,0.45973397823458284,0.8331622929189269,0.8325673025824922,0.7477942877524368,mild binary MLP P45
0.438,0.6919496166484118,0.7178806272129489,0.8322826565019792,0.7708602077534117,0.6712762716117238,0.6463710743211226,0.6505004087632436,0.46045949214026605,0.8322826565019792,0.8325673025824922,0.7477942877524368,mild binary MLP P45
0.439,0.6915845198977729,0.7179584599797366,0.8311098079460489,0.7704015764082354,0.6707439358722213,0.6462683259802796,0.650384943867773,0.4614268440145103,0.8311098079460489,0.8325673025824922,0.7477942877524368,mild binary MLP P45
0.44,0.6920408908360716,0.71857958148383,0.8306699897375751,0.7705698354413165,0.6712402954635042,0.647015768750287,0.6511744542180216,0.4633615477629988,0.8306699897375751,0.8325673025824922,0.7477942877524368,mild binary MLP P45
0.441,0.6921321650237313,0.7190040650406504,0.8297903533206274,0.7704349009732526,0.6712724605358894,0.6474223834317768,0.6515978355815149,0.46505441354292626,0.8297903533206274,0.8325673025824922,0.7477942877524368,mild binary MLP P45
0.442,0.6918583424607521,0.7190639704947221,0.8289107169036798,0.7700898937619177,0.6708801908729674,0.6473453221761446,0.6515086989562218,0.4657799274486094,0.8289107169036798,0.8325673025824922,0.7477942877524368,mild binary MLP P45
0.443,0.6920408908360716,0.7194702661403285,0.8283242926257147,0.7700695106991958,0.671046766972839,0.6477776239428452,0.6519593201465032,0.4672309552599758,0.8283242926257147,0.8325673025824922,0.7477942877524368,mild binary MLP P45
0.444,0.6919496166484118,0.7197143585819944,0.8274446562087671,0.769828820841574,0.6708719512884281,0.6479424006557741,0.6521236806649586,0.46844014510278115,0.8274446562087671,0.8325673025824922,0.7477942877524368,mild binary MLP P45
0.445,0.6919496166484118,0.7201073071027082,0.826418413722328,0.7696088470202744,0.6707953415308938,0.6482757123025183,0.652462416075193,0.4701330108827086,0.826418413722328,0.8325673025824922,0.7477942877524368,mild binary MLP P45
0.446,0.6924972617743702,0.7208290685772774,0.8259785955138542,0.7698298831727813,0.6714017954351355,0.6491440740568062,0.6533685498338133,0.47230955259975815,0.8259785955138542,0.8325673025824922,0.7477942877524368,mild binary MLP P45
0.447,0.6923147133990507,0.7209838585703305,0.8250989590969066,0.769535789977439,0.671126849920086,0.6491879317854545,0.6534020748102707,0.4732769044740024,0.8250989590969066,0.8325673025824922,0.7477942877524368,mild binary MLP P45
0.448,0.6924059875867105,0.7213598460551636,0.8243659287494502,0.7694307608100711,0.6711829284056268,0.6495469305174095,0.6537669154927548,0.4747279322853688,0.8243659287494502,0.8325673025824922,0.7477942877524368,mild binary MLP P45
0.449,0.6924059875867105,0.7218721872187218,0.8230464741240288,0.7691464584189615,0.6710965214168476,0.6499754740632235,0.654193136237099,0.47690447400241837,0.8230464741240288,0.8325673025824922,0.7477942877524368,mild binary MLP P45
0.45,0.693227455275648,0.7231682146542827,0.8218736255680985,0.7693680093323269,0.6719773657541077,0.6514446725180275,0.6557018545094664,0.48101571946795646,0.8218736255680985,0.8325673025824922,0.7477942877524368,mild binary MLP P45
0.451,0.693227455275648,0.7235142118863049,0.8209939891511508,0.7691779410754755,0.6719250163909136,0.6517303682152369,0.6559806179326501,0.48246674727932287,0.8209939891511508,0.8325673025824922,0.7477942877524368,mild binary MLP P45
0.452,0.6931361810879884,0.7239414735206526,0.8196745345257294,0.7688393839383938,0.671744940286463,0.6520379927767703,0.6562709406119764,0.48440145102781135,0.8196745345257294,0.8325673025824922,0.7477942877524368,mild binary MLP P45
0.453,0.6933187294633077,0.7244196602256516,0.8189415041782729,0.7687861271676301,0.6719170720234575,0.6525179104930059,0.6567507871610507,0.4860943168077388,0.8189415041782729,0.8325673025824922,0.7477942877524368,mild binary MLP P45
0.454,0.6933187294633077,0.7247110764835736,0.8182084738308166,0.7686269108938163,0.6718793477655963,0.6527559902406803,0.6569792199935929,0.4873035066505441,0.8182084738308166,0.8325673025824922,0.7477942877524368,mild binary MLP P45
0.455,0.6938663745892661,0.725569290826285,0.8174754434833602,0.7687853302081897,0.6724758713379362,0.6537195838940381,0.6579546418796822,0.48996372430471585,0.8174754434833602,0.8325673025824922,0.7477942877524368,mild binary MLP P45
0.456,0.694231471339905,0.7260059903633286,0.817328837413869,0.7689655172413793,0.6728900870339682,0.6542508757806951,0.6584978692520982,0.4911729141475212,0.817328837413869,0.8325673025824922,0.7477942877524368,mild binary MLP P45
0.457,0.693592552026287,0.7258737610850287,0.8160093827884475,0.7683069915108013,0.6720913817590594,0.6538329864365454,0.6580319815428182,0.4916565900846433,0.8160093827884475,0.8325673025824922,0.7477942877524368,mild binary MLP P45
0.458,0.6931361810879884,0.7259898079184633,0.8145433220935346,0.7677214315324029,0.6715023214584748,0.6537045510104916,0.6578591024292829,0.4928657799274486,0.8145433220935346,0.8325673025824922,0.7477942877524368,mild binary MLP P45
0.459,0.693592552026287,0.7267015706806282,0.8139568978155696,0.7678583777055529,0.6720057913716773,0.6544996097300338,0.6586574132521859,0.4950423216444982,0.8139568978155696,0.8325673025824922,0.7477942877524368,mild binary MLP P45
0.46,0.6934100036509675,0.7270461699895068,0.8126374431901481,0.7674627898926965,0.6717463743104797,0.6546863153072868,0.6588084004371746,0.49673518742442563,0.8126374431901481,0.8325673025824922,0.7477942877524368,mild binary MLP P45
0.461,0.6929536327126689,0.7273444692884388,0.8107315642867615,0.766777592900721,0.6711580682260864,0.6547007277298378,0.6587627280742921,0.49866989117291416,0.8107315642867615,0.8325673025824922,0.7477942877524368,mild binary MLP P45
0.462,0.6926798101496897,0.7275362318840579,0.8095587157308313,0.7663590312955382,0.6708091141594978,0.6547188983732753,0.6587427738800048,0.4998790810157195,0.8095587157308313,0.8325673025824922,0.7477942877524368,mild binary MLP P45
0.463,0.6928623585250091,0.7280887011615629,0.8086790793138836,0.7662707508508717,0.6709970133026749,0.6552464320390459,0.6592498132165203,0.501813784764208,0.8086790793138836,0.8325673025824922,0.7477942877524368,mild binary MLP P45
0.464,0.6927710843373494,0.7284146502710565,0.8076528368274447,0.7659899888765295,0.6708680973135418,0.6554588247015095,0.6594296384340139,0.5032648125755743,0.8076528368274447,0.8325673025824922,0.7477942877524368,mild binary MLP P45
0.465,0.6922234392113911,0.7285619615639496,0.8058935639935493,0.765279131282194,0.670202997785786,0.655304702190245,0.6592099340482,0.5047158403869407,0.8058935639935493,0.8325673025824922,0.7477942877524368,mild binary MLP P45
0.466,0.69258853596203,0.7293133218222871,0.8050139275766016,0.7652961672473868,0.6706093892449632,0.6560740738245765,0.6599556742081949,0.5071342200725514,0.8050139275766016,0.8325673025824922,0.7477942877524368,mild binary MLP P45
0.467,0.69258853596203,0.7298628677939023,0.8036944729511801,0.7650013954786492,0.6705918112554416,0.6565026173703905,0.6603371093488233,0.509310761789601,0.8036944729511801,0.8325673025824922,0.7477942877524368,mild binary MLP P45
0.468,0.6922234392113911,0.7298413967746235,0.8028148365342325,0.7645908963976543,0.6701625170956813,0.6563046371304777,0.6601025119837507,0.5097944377267231,0.8028148365342325,0.8325673025824922,0.7477942877524368,mild binary MLP P45
0.46900000000000003,0.6923147133990507,0.7303070761014686,0.8019352001172848,0.7644469289357837,0.6702602893490609,0.6567112518119677,0.6604763259334885,0.5114873035066505,0.8019352001172848,0.8325673025824922,0.7477942877524368,mild binary MLP P45
0.47000000000000003,0.6924059875867105,0.7310215557638238,0.8004691394223721,0.7641707487753674,0.6703573508672862,0.6573083302915972,0.6610147892394287,0.5141475211608223,0.8004691394223721,0.8325673025824922,0.7477942877524368,mild binary MLP P45
0.47100000000000003,0.6918583424607521,0.73117702321836,0.7987098665884768,0.7634529147982063,0.6697254588274396,0.6571542077803327,0.6607840490221398,0.5155985489721886,0.7987098665884768,0.8325673025824922,0.7477942877524368,mild binary MLP P45
0.47200000000000003,0.6921321650237313,0.7316581564095673,0.7982700483800029,0.7635139872397111,0.6700408027352334,0.657659812581779,0.6612706555364459,0.517049576783555,0.7982700483800029,0.8325673025824922,0.7477942877524368,mild binary MLP P45
0.47300000000000003,0.6921321650237313,0.7321572852141126,0.7970971998240727,0.7632484031725978,0.6700446482727787,0.6580407401780581,0.6615981089574665,0.5189842805320435,0.7970971998240727,0.8325673025824922,0.7477942877524368,mild binary MLP P45
0.47400000000000003,0.6914019715224534,0.7319309600862999,0.7957777451986512,0.7625201938610663,0.6692140676137714,0.6575019318496279,0.6609995106113149,0.5192261185006046,0.7957777451986512,0.8325673025824922,0.7477942877524368,mild binary MLP P45
0.47500000000000003,0.6915845198977729,0.7324419232847109,0.7950447148511949,0.7624604569420035,0.6694304211018149,0.6579818495658635,0.6614435756805763,0.5209189842805321,0.7950447148511949,0.8325673025824922,0.7477942877524368,mild binary MLP P45
0.47600000000000003,0.6919496166484118,0.7332160259880888,0.7941650784342472,0.762474488000563,0.6698591340702775,0.6587512212001949,0.6621667519841838,0.5233373639661427,0.7941650784342472,0.8325673025824922,0.7477942877524368,mild binary MLP P45
0.47700000000000004,0.6923147133990507,0.7338665943600867,0.793578654156282,0.76255546946538,0.670285252487306,0.6594253609354566,0.6628072227430595,0.5252720677146312,0.793578654156282,0.8325673025824922,0.7477942877524368,mild binary MLP P45
0.47800000000000004,0.69258853596203,0.7345469365575329,0.7926990177393344,0.7625158651812156,0.6706114376807135,0.6600738135855075,0.6634054099515392,0.5274486094316808,0.7926990177393344,0.8325673025824922,0.7477942877524368,mild binary MLP P45
0.47900000000000004,0.6921321650237313,0.7347494553376906,0.7910863509749304,0.7618778679844688,0.6701155914562207,0.6599929941089888,0.6632417608929702,0.5288996372430471,0.7910863509749304,0.8325673025824922,0.7477942877524368,mild binary MLP P45
0.48,0.6928623585250091,0.7358722358722358,0.790353320627474,0.7621403831200961,0.670966420966421,0.6611984257309075,0.6643927929766611,0.532043530834341,0.790353320627474,0.8325673025824922,0.7477942877524368,mild binary MLP P45
0.481,0.6933187294633077,0.7366981261113391,0.7896202902800176,0.7622417209170677,0.6715040699143802,0.6620411003999846,0.6651825571166314,0.5344619105199516,0.7896202902800176,0.8325673025824922,0.7477942877524368,mild binary MLP P45
0.482,0.6928623585250091,0.736907046887853,0.7880076235156136,0.7616011335458732,0.6710204267754394,0.6619602809234658,0.6650124431356402,0.535912938331318,0.7880076235156136,0.8325673025824922,0.7477942877524368,mild binary MLP P45
0.483,0.6923147133990507,0.7368854710244438,0.7866881688901921,0.7609728426575906,0.67042967073269,0.6616633105635967,0.6646457246967041,0.5366384522370012,0.7866881688901921,0.8325673025824922,0.7477942877524368,mild binary MLP P45
0.484,0.6917670682730924,0.7370594713656388,0.7849288960562967,0.7602413915512957,0.6698569296156471,0.661509188052332,0.6643930862189851,0.5380894800483675,0.7849288960562967,0.8325673025824922,0.7477942877524368,mild binary MLP P45
0.485,0.6919496166484118,0.7376551724137931,0.784049259639349,0.7601449790348944,0.6700957999143979,0.6620367217181026,0.664857593458271,0.5400241837968561,0.784049259639349,0.8325673025824922,0.7477942877524368,mild binary MLP P45
0.486,0.6917670682730924,0.738108407079646,0.7825831989444363,0.7596954386963638,0.6699403474710797,0.6622710432448904,0.66499850189049,0.5419588875453446,0.7825831989444363,0.8325673025824922,0.7477942877524368,mild binary MLP P45
0.487,0.6919496166484118,0.7385765715868181,0.7819967746664712,0.7596667378765221,0.6701720565486313,0.6627033450115911,0.6653842648589625,0.543409915356711,0.7819967746664712,0.8325673025824922,0.7477942877524368,mild binary MLP P45
0.488,0.6924972617743702,0.7395226200388565,0.7812637443190148,0.759820346474656,0.670827976686095,0.6636669386649487,0.6662766919437326,0.5460701330108827,0.7812637443190148,0.8325673025824922,0.7477942877524368,mild binary MLP P45
0.489,0.6928623585250091,0.7404006677796328,0.7802375018325759,0.7597972731815261,0.6712884442932134,0.6644839262488151,0.6670047988076427,0.5487303506650544,0.7802375018325759,0.8325673025824922,0.7477942877524368,mild binary MLP P45
0.49,0.6931361810879884,0.7408438936081325,0.7799442896935933,0.7598914440794172,0.6716139997841988,0.6649419151007265,0.6674299192584191,0.5499395405078598,0.7799442896935933,0.8325673025824922,0.7477942877524368,mild binary MLP P45
0.491,0.6927710843373494,0.7409008506484451,0.7789180472071544,0.7594339622641509,0.6712430277020297,0.6647915508103487,0.6672169811320754,0.550665054413543,0.7789180472071544,0.8325673025824922,0.7477942877524368,mild binary MLP P45
0.492,0.6930449069003286,0.7413456169737577,0.7786248350681718,0.7595280657847694,0.6715694329594526,0.66524953966226,0.6676409093904294,0.5518742442563482,0.7786248350681718,0.8325673025824922,0.7477942877524368,mild binary MLP P45
0.493,0.6928623585250091,0.7416783216783217,0.7774519865122416,0.7591439410206857,0.6714171955212418,0.6653886292899781,0.6676968918048902,0.5533252720677146,0.7774519865122416,0.8325673025824922,0.7477942877524368,mild binary MLP P45
0.494,0.6926798101496897,0.7419445222751471,0.7764257440258027,0.7587936098574396,0.6712603700951429,0.6654801029681613,0.6677156783098339,0.5545344619105199,0.7764257440258027,0.8325673025824922,0.7477942877524368,mild binary MLP P45
0.495,0.6921321650237313,0.7421348314606742,0.7746664711919073,0.7580517896851015,0.6707285210483767,0.6653259804568968,0.6674464192435041,0.5559854897218863,0.7746664711919073,0.8325673025824922,0.7477942877524368,mild binary MLP P45
0.496,0.6921321650237313,0.7426118772867999,0.7736402287054684,0.7578085732749336,0.6707864581239193,0.665659292103641,0.6676957706700278,0.5576783555018138,0.7736402287054684,0.8325673025824922,0.7477942877524368,mild binary MLP P45
0.497,0.6915845198977729,0.7425310033821871,0.7724673801495382,0.7572034202773587,0.6702292322610417,0.665314705794237,0.6672821354044705,0.558162031438936,0.7724673801495382,0.8325673025824922,0.7477942877524368,mild binary MLP P45
0.498,0.6915845198977729,0.742873271239063,0.7717343498020818,0.7570288343999425,0.670273844921857,0.6655527855419114,0.6674588269438813,0.5593712212817412,0.7717343498020818,0.8325673025824922,0.7477942877524368,mild binary MLP P45
0.499,0.691219423147134,0.7430712669683258,0.7704148951766603,0.7564960771611603,0.6699393410021856,0.6654976531506034,0.6673115128292395,0.5605804111245466,0.7704148951766603,0.8325673025824922,0.7477942877524368,mild binary MLP P45
0.5,0.6917670682730924,0.7439093484419264,0.7699750769681865,0.7567178157193286,0.6705943046111069,0.6663660149048913,0.6681111180451953,0.5627569528415961,0.7699750769681865,0.8325673025824922,0.7477942877524368,mild binary MLP P45
0.501,0.6914932457101132,0.7440079421358673,0.7690954405512388,0.7563437139561707,0.6703394384174854,0.6662889536492591,0.667972852002961,0.5634824667472793,0.7690954405512388,0.8325673025824922,0.7477942877524368,mild binary MLP P45
0.502,0.6906717780211756,0.7440967283072546,0.7668963495088696,0.7553245253050321,0.669552184836256,0.6659149220337577,0.6674526112445022,0.5649334945586457,0.7668963495088696,0.8325673025824922,0.7477942877524368,mild binary MLP P45
0.503,0.6903979554581964,0.7444745472693569,0.7654302888139569,0.7548069972531444,0.6693460740404609,0.666028324576265,0.6674505399734403,0.5666263603385732,0.7654302888139569,0.8325673025824922,0.7477942877524368,mild binary MLP P45
0.504,0.6901241328952172,0.7447842240640183,0.7641108341885354,0.7543237571459585,0.6691328902028024,0.6660941111692376,0.6674127126271001,0.5680773881499396,0.7641108341885354,0.8325673025824922,0.7477942877524368,mild binary MLP P45
0.505,0.6897590361445783,0.7451289398280803,0.7624981674241313,0.7537134990218101,0.6688421359100161,0.6661342106769992,0.6673264819729936,0.569770253929867,0.7624981674241313,0.8325673025824922,0.7477942877524368,mild binary MLP P45
0.506,0.6895764877692588,0.7453371592539455,0.7616185310071837,0.7533898919585237,0.6687047060695217,0.6661780684056475,0.6672995513234312,0.5707376058041113,0.7616185310071837,0.8325673025824922,0.7477942877524368,mild binary MLP P45
0.507,0.6898503103322381,0.7460819554277498,0.760738894590236,0.7533391405342624,0.6690919649670616,0.6668265210556985,0.6678445948492354,0.5729141475211609,0.760738894590236,0.8325673025824922,0.7477942877524368,mild binary MLP P45
0.508,0.6897590361445783,0.7463997695852534,0.7598592581732884,0.753069378859426,0.6690622975543417,0.6669912977686272,0.6679302951741588,0.5741233373639661,0.7598592581732884,0.8325673025824922,0.7477942877524368,mild binary MLP P45
0.509,0.6899415845198977,0.7469705712637046,0.759126227825832,0.7529993455973242,0.6693351862282737,0.6674712154848628,0.6683246513499551,0.5758162031438936,0.759126227825832,0.8325673025824922,0.7477942877524368,mild binary MLP P45
0.51,0.6903979554581964,0.747939262472885,0.7582465914088843,0.7530576587070472,0.6699359762005603,0.6683615061034748,0.6690924301363025,0.5784764207980653,0.7582465914088843,0.8325673025824922,0.7477942877524368,mild binary MLP P45
0.511,0.6903066812705367,0.748766328011611,0.7563407125054977,0.7525344613813726,0.6700053971587814,0.6688595944631479,0.6694022142292791,0.5813784764207981,0.7563407125054977,0.8325673025824922,0.7477942877524368,mild binary MLP P45
0.512,0.6903066812705367,0.7493453593249927,0.7551678639495675,0.7522453450164294,0.670116089755588,0.6692405220594271,0.6696604600219058,0.5833131801692866,0.7551678639495675,0.8325673025824922,0.7477942877524368,mild binary MLP P45
0.513,0.6901241328952172,0.7498541423570595,0.7537018032546547,0.75177304964539,0.670049022398042,0.6694748435862149,0.6697541629526282,0.585247883917775,0.7537018032546547,0.8325673025824922,0.7477942877524368,mild binary MLP P45
0.514,0.6897590361445783,0.75,0.7525289546987245,0.7512623490669594,0.6697470817120623,0.6693720952453719,0.6695562381929923,0.5862152357920194,0.7525289546987245,0.8325673025824922,0.7477942877524368,mild binary MLP P45
0.515,0.6898503103322381,0.7506957668082613,0.7513561061427944,0.7510257913247362,0.669971278899408,0.6698739418259316,0.6699223825936362,0.5883917775090689,0.7513561061427944,0.8325673025824922,0.7477942877524368,mild binary MLP P45
0.516,0.6898503103322381,0.7511371973587674,0.7504764697258467,0.7508066881783514,0.6700626822340806,0.670159637523141,0.6701109322960389,0.5898428053204353,0.7504764697258467,0.8325673025824922,0.7477942877524368,mild binary MLP P45
0.517,0.6897590361445783,0.7515436636283446,0.7494502272394077,0.7504954855758643,0.670066487567663,0.6703720301856047,0.6702169791252467,0.5912938331318017,0.7494502272394077,0.8325673025824922,0.7477942877524368,mild binary MLP P45
0.518,0.6895764877692588,0.7519893899204244,0.7481307726139862,0.7500551186889102,0.6699994911232818,0.6705587357628577,0.6702713883631186,0.5929866989117292,0.7481307726139862,0.8325673025824922,0.7477942877524368,mild binary MLP P45
0.519,0.6893026652062797,0.7526245748927991,0.7462248937105996,0.7494110718492344,0.6698968331177566,0.6708149861539697,0.6703347386143386,0.5954050785973398,0.7462248937105996,0.8325673025824922,0.7477942877524368,mild binary MLP P45
0.52,0.6895764877692588,0.7534084173088322,0.745345257293652,0.7493551477632839,0.6703116231030853,0.6714634388040206,0.6708540092166533,0.5975816203143893,0.745345257293652,0.8325673025824922,0.7477942877524368,mild binary MLP P45
0.521,0.6890288426433004,0.7533392698130009,0.7441724087377217,0.7487277822848293,0.6698180464759647,0.6711188524946166,0.6704251864854052,0.5980652962515115,0.7441724087377217,0.8325673025824922,0.7477942877524368,mild binary MLP P45
0.522,0.688846294267981,0.7535671819262783,0.7432927723207741,0.748394715477157,0.6697116893548136,0.6711627102232649,0.6703829370761367,0.5990326481257557,0.7432927723207741,0.8325673025824922,0.7477942877524368,mild binary MLP P45
0.523,0.6882986491420227,0.7536490914507,0.7418267116258613,0.7476911710380495,0.6692573604353924,0.6709133558129307,0.670013664783678,0.6,0.7418267116258613,0.8325673025824922,0.7477942877524368,mild binary MLP P45
0.524,0.688481197517342,0.7543283582089553,0.7409470752089137,0.747577841875601,0.6695748933901919,0.6714408894787012,0.670416259753198,0.6019347037484886,0.7409470752089137,0.8325673025824922,0.7477942877524368,mild binary MLP P45
0.525,0.6881161007667032,0.7545617708644929,0.7396276205834922,0.7470200636706893,0.6693183561582419,0.671385757087393,0.6702381698484321,0.6031438935912938,0.7396276205834922,0.8325673025824922,0.7477942877524368,mild binary MLP P45
0.526,0.6875684556407448,0.7547990401919616,0.7378683477495969,0.7462376751427089,0.6689107141258316,0.6712316345761286,0.6699252010997885,0.6045949214026602,0.7378683477495969,0.8325673025824922,0.7477942877524368,mild binary MLP P45
0.527,0.6875684556407448,0.7554887218045113,0.7365488931241754,0.7458985969861184,0.6690820292719724,0.6716601781219426,0.6701889620400323,0.6067714631197098,0.7365488931241754,0.8325673025824922,0.7477942877524368,mild binary MLP P45
0.528,0.6875684556407448,0.7560277275467149,0.7355226506377364,0.745634242401724,0.6692175674770611,0.6719934897686868,0.6703925203729495,0.6084643288996372,0.7355226506377364,0.8325673025824922,0.7477942877524368,mild binary MLP P45
0.529,0.686838262139467,0.7560422960725075,0.733763377803841,0.7447362547429507,0.6686115539403128,0.6715975292888613,0.6698536662688901,0.6094316807738815,0.733763377803841,0.8325673025824922,0.7477942877524368,mild binary MLP P45
0.53,0.6865644395764877,0.7561639691423385,0.7328837413868934,0.74434187016081,0.6684157014871647,0.671520468033229,0.6696945199860653,0.6101571946795646,0.7328837413868934,0.8325673025824922,0.7477942877524368,mild binary MLP P45
0.531,0.6867469879518072,0.7567813305046219,0.7321507110394371,0.7442622950819672,0.6687280533633966,0.6720003857494646,0.67005860868088,0.6118500604594922,0.7321507110394371,0.8325673025824922,0.7477942877524368,mild binary MLP P45
0.532,0.6869295363271267,0.7574009412479126,0.7314176806919807,0.7441825775656324,0.6690415097633475,0.6724803034657001,0.6704214863369085,0.6135429262394196,0.7314176806919807,0.8325673025824922,0.7477942877524368,mild binary MLP P45
0.533,0.6861080686381891,0.7572254335260116,0.7298050139275766,0.7432624113475177,0.6683206127009337,0.6719158080520591,0.6697408687006463,0.6140266021765417,0.7298050139275766,0.8325673025824922,0.7477942877524368,mild binary MLP P45
0.534,0.6859255202628697,0.7577791336180598,0.7283389532326638,0.7427674366449877,0.668321384990848,0.672150129578847,0.6698019960026345,0.6159613059250302,0.7283389532326638,0.8325673025824922,0.7477942877524368,mild binary MLP P45
0.535,0.6857429718875502,0.7583358825328846,0.7268728925377511,0.742271128078449,0.6683259313071848,0.6723844511056349,0.6698611573982798,0.6178960096735188,0.7268728925377511,0.8325673025824922,0.7477942877524368,mild binary MLP P45
0.536,0.6851040525739321,0.7584726268977151,0.7251136197038558,0.7414180782491381,0.6678496167183051,0.6721094096100899,0.6694254918666926,0.619105199516324,0.7251136197038558,0.8325673025824922,0.7477942877524368,mild binary MLP P45
0.537,0.684465133260314,0.7584511370620775,0.723647559008943,0.7406407082301748,0.667332582919528,0.6717391362154751,0.6689338925049277,0.6198307134220072,0.723647559008943,0.8325673025824922,0.7477942877524368,mild binary MLP P45
0.538,0.6840087623220154,0.7585835257890685,0.7223281043835215,0.7400120156203064,0.6670075216930099,0.6715630848398865,0.6686332763071285,0.6207980652962515,0.7223281043835215,0.8325673025824922,0.7477942877524368,mild binary MLP P45
0.539,0.6833698430083972,0.7584824182603331,0.7210086497581,0.7392709507703871,0.6664728728153186,0.6711451954957368,0.6681134584222563,0.6212817412333737,0.7210086497581,0.8325673025824922,0.7477942877524368,mild binary MLP P45
0.54,0.6832785688207375,0.7589244320815948,0.7199824072716611,0.7389407162202829,0.6665302205001062,0.6713575881582006,0.6681942560219745,0.6227327690447401,0.7199824072716611,0.8325673025824922,0.7477942877524368,mild binary MLP P45
0.541,0.6824571011317999,0.75890920359467,0.7180765283682744,0.7379284369114878,0.6658828559066197,0.6708883246436294,0.6675632690520157,0.6237001209189843,0.7180765283682744,0.8325673025824922,0.7477942877524368,mild binary MLP P45
0.542,0.6828221978824388,0.7596213531967722,0.7176367101598006,0.73803241613268,0.6663798255345563,0.6715148484293562,0.6680794670000743,0.6253929866989117,0.7176367101598006,0.8325673025824922,0.7477942877524368,mild binary MLP P45
0.543,0.6822745527564804,0.759639303482587,0.7163172555343791,0.7373424884931714,0.6659602352956702,0.6712178780694871,0.6676665092887384,0.626118500604595,0.7163172555343791,0.8325673025824922,0.7477942877524368,mild binary MLP P45
0.544,0.682092004381161,0.7600498597693985,0.7151444069784489,0.7369136641740313,0.6659438368921915,0.6713569676972051,0.667661259620741,0.6275695284159613,0.7151444069784489,0.8325673025824922,0.7477942877524368,mild binary MLP P45
0.545,0.6818181818181818,0.7605061709107952,0.7136783462835361,0.7363485100589926,0.665873283040469,0.6714703702397125,0.6675988810364009,0.6292623941958888,0.7136783462835361,0.8325673025824922,0.7477942877524368,mild binary MLP P45
0.546,0.6809967141292442,0.7604134043219543,0.7119190734496408,0.7353676080866207,0.6652176430800143,0.6709534907756063,0.6669371067429083,0.6299879081015719,0.7119190734496408,0.8325673025824922,0.7477942877524368,mild binary MLP P45
0.547,0.6811792625045637,0.7608968328629665,0.711479255241167,0.7353587392984317,0.6655073941510115,0.6713381765927722,0.6672317626252287,0.6311970979443773,0.711479255241167,0.8325673025824922,0.7477942877524368,mild binary MLP P45
0.548,0.6816356334428624,0.7617402230249725,0.7110394370326931,0.7355171367910222,0.6661174420855959,0.6720856193627794,0.6678502694500732,0.6331318016928658,0.7110394370326931,0.8325673025824922,0.7477942877524368,mild binary MLP P45
0.549,0.6812705366922235,0.7621672704362892,0.7094267702682892,0.7348519362186788,0.6659761900260457,0.6721257188705412,0.6677005048286256,0.6348246674727932,0.7094267702682892,0.8325673025824922,0.7477942877524368,mild binary MLP P45
0.55,0.6808141657539248,0.7622278321236984,0.7082539217123589,0.7342503229728703,0.665652677430407,0.6719020515454177,0.6673650792289234,0.6355501813784764,0.7082539217123589,0.8325673025824922,0.7477942877524368,mild binary MLP P45
0.551,0.6807228915662651,0.7629371736034183,0.7067878610174462,0.7337899543378995,0.6658119122276311,0.6722572920564861,0.6675105722441892,0.637726723095526,0.7067878610174462,0.8325673025824922,0.7477942877524368,mild binary MLP P45
0.552,0.6802665206279664,0.7631662436548223,0.7053218003225333,0.7331047619047619,0.6655470083278411,0.6721288566304323,0.6672238274073713,0.6389359129383313,0.7053218003225333,0.8325673025824922,0.7477942877524368,mild binary MLP P45
0.553,0.6799014238773274,0.7634340222575516,0.7040023456971118,0.7325146823278164,0.6653646750807689,0.6720737242391243,0.6670186182915073,0.6401451027811367,0.7040023456971118,0.8325673025824922,0.7477942877524368,mild binary MLP P45
0.554,0.679718875502008,0.763946445648709,0.7026828910716904,0.7320351279114166,0.6653991091976992,0.6722604298163772,0.6670269775884632,0.6418379685610641,0.7026828910716904,0.8325673025824922,0.7477942877524368,mild binary MLP P45
0.555,0.6788974078130705,0.7638600415401822,0.700923618237795,0.731039755351682,0.6647701314790542,0.6717435503522712,0.6663577399946816,0.6425634824667473,0.700923618237795,0.8325673025824922,0.7477942877524368,mild binary MLP P45
0.556,0.6785323110624315,0.7640467424363695,0.6997507696818648,0.7304866850321395,0.6645674357754157,0.6716408020114282,0.6661252963830983,0.6435308343409916,0.6997507696818648,0.8325673025824922,0.7477942877524368,mild binary MLP P45
0.557,0.678714859437751,0.7649703002087013,0.6985779211259346,0.7302681992337164,0.6650110650609827,0.6722635675762685,0.6665333322957118,0.6459492140266022,0.6985779211259346,0.8325673025824922,0.7477942877524368,mild binary MLP P45
0.558,0.6786235852500913,0.765529449629868,0.6974050725700044,0.7298810893747603,0.6651350327019016,0.6725235761882671,0.6666190396744254,0.6476420798065297,0.6974050725700044,0.8325673025824922,0.7477942877524368,mild binary MLP P45
0.559,0.6785323110624315,0.7660054829866151,0.6963788300835655,0.7295346336968208,0.6652319738802686,0.6727359688507307,0.6666795778157895,0.649093107617896,0.6963788300835655,0.8325673025824922,0.7477942877524368,mild binary MLP P45
0.56,0.6788974078130705,0.7669306610635203,0.6956457997361091,0.7295510455104551,0.6658096375143561,0.6734577245355273,0.6672238605809239,0.6512696493349456,0.6956457997361091,0.8325673025824922,0.7477942877524368,mild binary MLP P45
0.561,0.6785323110624315,0.7672986549991898,0.6941797390411963,0.7289100985221675,0.6656764957336596,0.6734502080937541,0.6670335245974066,0.652720677146312,0.6941797390411963,0.8325673025824922,0.7477942877524368,mild binary MLP P45
0.562,0.6785323110624315,0.7676456271296447,0.6935933147632312,0.7287430683918669,0.665796525227664,0.6736406718918937,0.6671269105400195,0.6536880290205562,0.6935933147632312,0.8325673025824922,0.7477942877524368,mild binary MLP P45
0.5630000000000001,0.6783497626871121,0.7680052024061128,0.6925670722767923,0.7283379586802343,0.6657924034923384,0.6737321455700769,0.6670772567450389,0.6548972188633615,0.6925670722767923,0.8325673025824922,0.7477942877524368,mild binary MLP P45
0.5640000000000001,0.6786235852500913,0.7689925008151288,0.6915408297903534,0.7282130451563104,0.6663295146132882,0.6744282141696627,0.6675563383646909,0.6573155985489721,0.6915408297903534,0.8325673025824922,0.7477942877524368,mild binary MLP P45
0.5650000000000001,0.6788061336254108,0.7698594311866623,0.6905145873039144,0.7280315325759332,0.6667610508558364,0.6750033637849681,0.6679275014935835,0.6594921402660218,0.6905145873039144,0.8325673025824922,0.7477942877524368,mild binary MLP P45
0.5660000000000001,0.6789886820007301,0.7705535538814281,0.689781556956458,0.7279337820066527,0.6671324470438068,0.6754832815012036,0.6682518103132874,0.6611850060459492,0.689781556956458,0.8325673025824922,0.7477942877524368,mild binary MLP P45
0.5670000000000001,0.6790799561883899,0.7713019208668528,0.688755314470019,0.7276951672862454,0.6674597990767974,0.6759375121322284,0.6685142503097894,0.6631197097944377,0.688755314470019,0.8325673025824922,0.7477942877524368,mild binary MLP P45
0.5680000000000001,0.6794450529390288,0.7724353696690268,0.6877290719835801,0.7276252520552194,0.6681140600137065,0.6767544997160948,0.6690909582520497,0.6657799274486095,0.6877290719835801,0.8325673025824922,0.7477942877524368,mild binary MLP P45
0.5690000000000001,0.6792625045637094,0.7728998184518897,0.6865562234276499,0.7271739130434782,0.6681529927464676,0.6768935893438128,0.6690563985057958,0.6672309552599758,0.6865562234276499,0.8325673025824922,0.7477942877524368,mild binary MLP P45
0.5700000000000001,0.6791712303760497,0.7733134920634921,0.6856765870107022,0.7268630041184241,0.6682378381262856,0.6770583660567417,0.6690822816677491,0.6684401451027812,0.6856765870107022,0.8325673025824922,0.7477942877524368,mild binary MLP P45
0.5710000000000001,0.6788061336254108,0.7737068965517241,0.6842105263157895,0.7262117793511242,0.6681288341410123,0.6770508496149685,0.6688791538327539,0.6698911729141476,0.6842105263157895,0.8325673025824922,0.7477942877524368,mild binary MLP P45
0.5720000000000001,0.6788974078130705,0.7744723284028585,0.6831842838293505,0.7259697772238667,0.6684671826262116,0.6775050802459932,0.6691343265665288,0.671825876662636,0.6831842838293505,0.8325673025824922,0.7477942877524368,mild binary MLP P45
0.5730000000000001,0.6782584884994524,0.7745751416194602,0.6815716170649465,0.725103329953989,0.6680707763002428,0.6771824228009133,0.6686359426753111,0.6727932285368803,0.6815716170649465,0.8325673025824922,0.7477942877524368,mild binary MLP P45
0.5740000000000001,0.6780759401241329,0.7751419979953225,0.680252162439525,0.7246037323338799,0.6681545000036975,0.6773691283781664,0.6686170775892354,0.6744860943168077,0.680252162439525,0.8325673025824922,0.7477942877524368,mild binary MLP P45
0.5750000000000001,0.6778021175611537,0.7757667169431876,0.6786394956751209,0.7239599624648108,0.668200055204406,0.6775301468702086,0.6685341241521774,0.6764207980652962,0.6786394956751209,0.8325673025824922,0.7477942877524368,mild binary MLP P45
0.5760000000000001,0.6778933917488135,0.7767316745124412,0.6773200410496995,0.7236275354373874,0.66861743470031,0.6780796094003032,0.6688245956745069,0.6788391777509069,0.6773200410496995,0.8325673025824922,0.7477942877524368,mild binary MLP P45
0.577,0.6778933917488135,0.7772911051212938,0.6764404046327518,0.7233675629066395,0.6688248354291728,0.6783653050975125,0.668947571731856,0.6802902055622733,0.6764404046327518,0.8325673025824922,0.7477942877524368,mild binary MLP P45
0.578,0.6778021175611537,0.7777215189873418,0.6755607682158041,0.7230503687431351,0.6689243651386718,0.6785300818104414,0.6689657255018315,0.6814993954050786,0.6755607682158041,0.8325673025824922,0.7477942877524368,mild binary MLP P45
0.579,0.6779846659364732,0.7789259698458411,0.6740947075208914,0.7227287016661427,0.6694946492807278,0.6792480792743514,0.6693747992440422,0.6844014510278114,0.6740947075208914,0.8325673025824922,0.7477942877524368,mild binary MLP P45
0.58,0.6775282949981745,0.7792119565217391,0.6726286468259786,0.7220080258084822,0.6693021108575546,0.6791196438482976,0.6690557351687201,0.6856106408706167,0.6726286468259786,0.8325673025824922,0.7477942877524368,mild binary MLP P45
0.581,0.6778021175611537,0.7801804869742891,0.6717490104090309,0.7219158657633528,0.669846293064166,0.6797680964983486,0.6694847282819801,0.6877871825876662,0.6717490104090309,0.8325673025824922,0.7477942877524368,mild binary MLP P45
0.582,0.6778021175611537,0.7810418445772844,0.6704295557836094,0.7215209845377091,0.6701719711026002,0.6801966400441626,0.6696604489600628,0.6899637243047159,0.6704295557836094,0.8325673025824922,0.7477942877524368,mild binary MLP P45
0.583,0.6775282949981745,0.78141047586443,0.6692567072276793,0.7209981836847509,0.6701342563131302,0.6802148106876003,0.6695054709103828,0.6911729141475211,0.6692567072276793,0.8325673025824922,0.7477942877524368,mild binary MLP P45
0.584,0.6770719240598758,0.7815126050420168,0.668083858671749,0.7203604173253241,0.6698782537405206,0.6799911433624767,0.6691434916000271,0.6918984280532043,0.668083858671749,0.8325673025824922,0.7477942877524368,mild binary MLP P45
0.585,0.6770719240598758,0.7823843110270084,0.6667644040463275,0.7199620072819376,0.6702121827349703,0.6804196869082908,0.669314911810833,0.694074969770254,0.6667644040463275,0.8325673025824922,0.7477942877524368,mild binary MLP P45
0.586,0.6772544724351953,0.782750903770012,0.6666177979768363,0.7200316706254949,0.6704700701092143,0.6807091408263868,0.6695396448365569,0.6948004836759372,0.6666177979768363,0.8325673025824922,0.7477942877524368,mild binary MLP P45
0.587,0.6775282949981745,0.7836438923395446,0.6658847676293799,0.7199809780454942,0.670988612836439,0.6813099775269027,0.6699420758974108,0.6967351874244256,0.6658847676293799,0.8325673025824922,0.7477942877524368,mild binary MLP P45
0.588,0.6776195691858342,0.7842696629213484,0.6651517372819234,0.7198159606536569,0.6712877999387248,0.6816689762588577,0.6701379394929579,0.698186215235792,0.6651517372819234,0.8325673025824922,0.7477942877524368,mild binary MLP P45
0.589,0.6776195691858342,0.7852558542931483,0.6636856765870107,0.7193707293818529,0.6716685744207025,0.6821451357542068,0.6703222937065816,0.7006045949214027,0.6636856765870107,0.8325673025824922,0.7477942877524368,mild binary MLP P45
0.59,0.6767068273092369,0.7852792761440752,0.6616331916141328,0.7181731381285805,0.6710999951463321,0.6816025692048899,0.6695531786533313,0.7015719467956469,0.6616331916141328,0.8325673025824922,0.7477942877524368,mild binary MLP P45
0.591,0.6760679079956189,0.7859140160782943,0.6592874945022724,0.717053336522363,0.6709470729990248,0.6815179915074845,0.6691254514824432,0.7037484885126964,0.6592874945022724,0.8325673025824922,0.7477942877524368,mild binary MLP P45
0.592,0.6756115370573202,0.7862274399859821,0.6578214338073596,0.7163154533844189,0.670785657504898,0.6813895560814307,0.6687928503068727,0.7049576783555018,0.6578214338073596,0.8325673025824922,0.7477942877524368,mild binary MLP P45
0.593,0.6748813435560423,0.7863292918643472,0.6560621609734643,0.7153132992327366,0.6703726231401508,0.6809935956016051,0.6681885645099853,0.7059250302297461,0.6560621609734643,0.8325673025824922,0.7477942877524368,mild binary MLP P45
0.594,0.6745162468054035,0.7864812533004752,0.6550359184870254,0.7147656374980004,0.6702074512947873,0.6808432313112274,0.6679035413844943,0.7066505441354293,0.6550359184870254,0.8325673025824922,0.7477942877524368,mild binary MLP P45
0.595,0.6740598758671048,0.7868997175141242,0.6534232517226213,0.7139767721265519,0.6700938496867673,0.6807624118347084,0.6675856068121886,0.7081015719467957,0.6534232517226213,0.8325673025824922,0.7477942877524368,mild binary MLP P45
0.596,0.6736035049288062,0.7869142351900973,0.6523970092361824,0.7133696697659506,0.6698200679817681,0.6804911285600501,0.6671977640902665,0.7085852478839177,0.6523970092361824,0.8325673025824922,0.7477942877524368,mild binary MLP P45
0.597,0.6735122307411464,0.7875886524822695,0.6512241606802521,0.7129443864858358,0.670035861229848,0.6807511371720487,0.6672329592994198,0.7102781136638452,0.6512241606802521,0.8325673025824922,0.7477942877524368,mild binary MLP P45
0.598,0.6735122307411464,0.7882018479033405,0.6503445242633045,0.7126676841513374,0.6702833563841026,0.681036832869258,0.6673345817988009,0.7117291414752116,0.6503445242633045,0.8325673025824922,0.7477942877524368,mild binary MLP P45
0.599,0.6728733114275283,0.7882457702582368,0.6488784635683917,0.7118044387262785,0.6699139354942185,0.6806665594746433,0.666792890532409,0.7124546553808948,0.6488784635683917,0.8325673025824922,0.7477942877524368,mild binary MLP P45
0.6,0.6723256663015699,0.788430637386181,0.647412402873479,0.7109966189019482,0.6696588294307189,0.680417205064309,0.6663518394825863,0.713422007255139,0.647412402873479,0.8325673025824922,0.7477942877524368,mild binary MLP P45
0.601,0.6715954728002921,0.7885407341092211,0.6456531300395837,0.7099790423988392,0.6692657124279116,0.6800212445844835,0.6657406257649572,0.7143893591293833,0.6456531300395837,0.8325673025824922,0.7477942877524368,mild binary MLP P45
0.602,0.6712303760496532,0.7891144242859709,0.6440404632751796,0.7092347432999677,0.6692835064461957,0.6800613440922452,0.6655161536743434,0.7160822249093107,0.6440404632751796,0.8325673025824922,0.7477942877524368,mild binary MLP P45
0.603,0.6715041986126323,0.7899568034557235,0.6434540389972145,0.709218712127333,0.6697932165426765,0.6806145648432264,0.6658836088166817,0.7177750906892382,0.6434540389972145,0.8325673025824922,0.7477942877524368,mild binary MLP P45
0.604,0.6708652792990142,0.7897962862808725,0.6422811904412843,0.7084411384217335,0.6693481338965834,0.6801490595495419,0.6653060679535323,0.7180169286577993,0.6422811904412843,0.8325673025824922,0.7477942877524368,mild binary MLP P45
0.605,0.6715041986126323,0.7911095048789303,0.6418413722328105,0.708700930797248,0.6702688800676466,0.6811383402881102,0.6660591605958617,0.72043530834341,0.6418413722328105,0.8325673025824922,0.7477942877524368,mild binary MLP P45
0.606,0.6708652792990142,0.7911610215540663,0.6403753115378976,0.7078269324258629,0.6699135374559659,0.6807680668934953,0.6655122122944361,0.7211608222490931,0.6403753115378976,0.8325673025824922,0.7477942877524368,mild binary MLP P45
0.607,0.6710478276743337,0.7922951117572233,0.6392024629819675,0.7075624797143785,0.6704919534579258,0.6813908324583355,0.6658379774458417,0.7235792019347037,0.6392024629819675,0.8325673025824922,0.7477942877524368,mild binary MLP P45
0.608,0.6715041986126323,0.7933357611070648,0.6387626447734936,0.7077073012263462,0.6711920386794474,0.6821382752283429,0.6663862060877017,0.7255139056831923,0.6387626447734936,0.8325673025824922,0.7477942877524368,mild binary MLP P45
0.609,0.6713216502373129,0.7936884348777818,0.637883008356546,0.707307160855076,0.6712322335148866,0.6821821329569913,0.6662771624860249,0.7264812575574365,0.637883008356546,0.8325673025824922,0.7477942877524368,mild binary MLP P45
0.61,0.6709565534866739,0.793859649122807,0.636856765870107,0.7067436752623444,0.6710910207685516,0.6820317686666133,0.6659822960987885,0.7272067714631197,0.636856765870107,0.8325673025824922,0.7477942877524368,mild binary MLP P45
0.611,0.6705001825483753,0.7943171402383135,0.635244099105703,0.7059302704463994,0.671017868428555,0.6819509491900946,0.6656467458500158,0.728657799274486,0.635244099105703,0.8325673025824922,0.7477942877524368,mild binary MLP P45
0.612,0.6703176341730559,0.7953248665562305,0.6334848262718077,0.705239105598172,0.6713361613244668,0.6822805026159522,0.6656243156899537,0.7310761789600967,0.6334848262718077,0.8325673025824922,0.7477942877524368,mild binary MLP P45
0.613,0.669587440671778,0.7957863611162447,0.6312857352294385,0.7040549378678875,0.6711122968791323,0.6820273899847313,0.6650439978595636,0.7327690447400241,0.6312857352294385,0.8325673025824922,0.7477942877524368,mild binary MLP P45
0.614,0.6692223439211391,0.7964027442981643,0.6296730684650345,0.7032913050597674,0.6711656000836499,0.682067489492493,0.6648030045612303,0.7344619105199516,0.6296730684650345,0.8325673025824922,0.7477942877524368,mild binary MLP P45
0.615,0.6686746987951807,0.7967267993304816,0.6280604017006304,0.7024102311854402,0.6709929031604909,0.6818657510316937,0.6643613848947584,0.735671100362757,0.6280604017006304,0.8325673025824922,0.7477942877524368,mild binary MLP P45
0.616,0.6684008762322016,0.7973880597014925,0.6265943410057176,0.701748624907643,0.6711207632317326,0.681979153574201,0.6642028501169599,0.7373639661426844,0.6265943410057176,0.8325673025824922,0.7477942877524368,mild binary MLP P45
0.617,0.6681270536692223,0.7978305591920704,0.6254214924497874,0.7011834319526628,0.6711563207798469,0.6819973242176385,0.6640153612965285,0.7385731559854897,0.6254214924497874,0.8325673025824922,0.7477942877524368,mild binary MLP P45
0.618,0.6681270536692223,0.7988365547006944,0.6241020378243659,0.7007407407407408,0.6715881724987389,0.6824258677634526,0.664138040929682,0.7407496977025393,0.6241020378243659,0.8325673025824922,0.7477942877524368,mild binary MLP P45
0.619,0.6675794085432639,0.7992845038599133,0.6223427649904706,0.6998021760633036,0.6714757328865555,0.6822717452521881,0.6637047690132469,0.7422007255139057,0.6223427649904706,0.8325673025824922,0.7477942877524368,mild binary MLP P45
0.62,0.6664841182913472,0.79916871339505,0.6201436739481014,0.6983655274888558,0.6708186847921744,0.6815349566838451,0.6627161379024193,0.7429262394195889,0.6201436739481014,0.8325673025824922,0.7477942877524368,mild binary MLP P45
0.621,0.6661190215407082,0.7995832544042433,0.61882421932268,0.6976859504132231,0.6707974401314858,0.6814798242925371,0.6624385724344958,0.7441354292623942,0.61882421932268,0.8325673025824922,0.7477942877524368,mild binary MLP P45
0.622,0.6660277473530486,0.8001138952164009,0.6179445829057323,0.6973281495574489,0.67097818530159,0.681644601005466,0.6624175105926307,0.7453446191051996,0.6179445829057323,0.8325673025824922,0.7477942877524368,mild binary MLP P45
0.623,0.66557137641475,0.8001521201749382,0.6169183404192934,0.6966887417218544,0.6707448331259104,0.6813733177308074,0.6620140209829777,0.7458282950423216,0.6169183404192934,0.8325673025824922,0.7477942877524368,mild binary MLP P45
0.624,0.6646586345381527,0.7997713850257192,0.6154522797243805,0.6956089478044739,0.6700801904977904,0.680640287383351,0.6611554188321292,0.7458282950423216,0.6154522797243805,0.8325673025824922,0.7477942877524368,mild binary MLP P45
0.625,0.6644760861628332,0.8001527008971178,0.6145726433074329,0.6951907131011609,0.6701480663834898,0.6806841451119994,0.6610342522062849,0.7467956469165659,0.6145726433074329,0.8325673025824922,0.7477942877524368,mild binary MLP P45
0.626,0.6643848119751734,0.8012648524338827,0.6129599765430289,0.6945759614585929,0.6705871142615563,0.6810870015726027,0.6610730511233003,0.7492140266021765,0.6129599765430289,0.8325673025824922,0.7477942877524368,mild binary MLP P45
0.627,0.6639284410368748,0.8015369836695485,0.6116405219176074,0.6938300349243306,0.6704607192734806,0.6809109501970141,0.6606920759286836,0.7501813784764207,0.6116405219176074,0.8325673025824922,0.7477942877524368,mild binary MLP P45
0.628,0.6634720700985761,0.8016942626107046,0.6104676733616772,0.6931335830212235,0.6702848265500589,0.6806872828718906,0.6602982252784202,0.750906892382104,0.6104676733616772,0.8325673025824922,0.7477942877524368,mild binary MLP P45
0.629,0.663198247535597,0.8028632230605532,0.6084151883887993,0.6922435362802335,0.670655734564664,0.6809911492125376,0.6601713549169763,0.7535671100362757,0.6084151883887993,0.8325673025824922,0.7477942877524368,mild binary MLP P45
0.63,0.6629244249726177,0.8033359193173002,0.6072423398328691,0.6916590131084579,0.6707196837965812,0.681009319855975,0.6599714290504544,0.754776299879081,0.6072423398328691,0.8325673025824922,0.7477942877524368,mild binary MLP P45
0.631,0.6626506024096386,0.8040474800544853,0.6057762791379563,0.6909698996655519,0.6708908536596992,0.6811227223984824,0.6597936315048016,0.7564691656590085,0.6057762791379563,0.8325673025824922,0.7477942877524368,mild binary MLP P45
0.632,0.6620116830960204,0.8041357783847054,0.6043102184430436,0.690047710722357,0.6705927605474127,0.6807524490038677,0.6592235543074907,0.7571946795646917,0.6043102184430436,0.8325673025824922,0.7477942877524368,mild binary MLP P45
0.633,0.6621029572836802,0.8046493455753077,0.6038704002345697,0.6899497487437186,0.67087015848236,0.6810162158367528,0.6593551391131349,0.7581620314389359,0.6038704002345697,0.8325673025824922,0.7477942877524368,mild binary MLP P45
0.634,0.6611902154070829,0.8048636987644636,0.6016713091922006,0.6885906040268457,0.6704871678046324,0.680521265236971,0.6585467031343195,0.7593712212817413,0.6016713091922006,0.8325673025824922,0.7477942877524368,mild binary MLP P45
0.635,0.6605512960934647,0.8049547778214707,0.6002052484972877,0.6876627194087511,0.6701945950436143,0.6801509918423561,0.6579742882401076,0.7600967351874244,0.6002052484972877,0.8325673025824922,0.7477942877524368,mild binary MLP P45
0.636,0.6599123767798467,0.8052870388636812,0.5984459756633924,0.686627417998318,0.6700122980966954,0.679875950346811,0.6574226692865268,0.7613059250302298,0.5984459756633924,0.8325673025824922,0.7477942877524368,mild binary MLP P45
0.637,0.6591821832785688,0.8049792531120332,0.5972731271074623,0.6857431408853728,0.6694955637909614,0.6792895260688461,0.6567299951685089,0.7613059250302298,0.5972731271074623,0.8325673025824922,0.7477942877524368,mild binary MLP P45
0.638,0.6590909090909091,0.8053027305104867,0.5966867028294971,0.6854736842105263,0.6695947742691369,0.6793590708827051,0.6566752699223399,0.762031438935913,0.5966867028294971,0.8325673025824922,0.7477942877524368,mild binary MLP P45
0.639,0.6585432639649507,0.8053132434575734,0.595513854273567,0.6847029077117572,0.6693176501455661,0.679014484573301,0.6561764762506233,0.762515114873035,0.595513854273567,0.8325673025824922,0.7477942877524368,mild binary MLP P45
0.64,0.6579956188389924,0.8055666003976143,0.5940477935786541,0.6838241498607712,0.6691518455919898,0.6787651301629667,0.6556979809039469,0.7634824667472794,0.5940477935786541,0.8325673025824922,0.7477942877524368,mild binary MLP P45
0.641,0.6571741511500547,0.8055832502492523,0.5922885207447588,0.682663061845218,0.6687401186442357,0.6782482506988606,0.6549480454124859,0.7642079806529625,0.5922885207447588,0.8325673025824922,0.7477942877524368,mild binary MLP P45
0.642,0.657082876962395,0.8061550759392486,0.5914088843278111,0.6822832980972516,0.6689545540986566,0.6784130274117894,0.6549118483150083,0.7654171704957679,0.5914088843278111,0.8325673025824922,0.7477942877524368,mild binary MLP P45
0.643,0.6567177802117561,0.8066132264529058,0.5900894297023896,0.6815680298027262,0.6689787553652393,0.6783578950204814,0.654614328731677,0.7666263603385731,0.5900894297023896,0.8325673025824922,0.7477942877524368,mild binary MLP P45
0.644,0.6562614092734574,0.807035175879397,0.5886233690074769,0.6807392336385215,0.6689414301065602,0.6782294595944277,0.6542288497176396,0.7678355501813785,0.5886233690074769,0.8325673025824922,0.7477942877524368,mild binary MLP P45
0.645,0.6561701350857977,0.8077388149939541,0.587597126521038,0.6803021301875584,0.6692180895123256,0.6784418522568915,0.6541998359497373,0.7692865779927449,0.587597126521038,0.8325673025824922,0.7477942877524368,mild binary MLP P45
0.646,0.6559875867104783,0.8081583198707593,0.5867174901040904,0.6798606982077635,0.6693190000419753,0.6784857099855397,0.6540638928458682,0.7702539298669892,0.5867174901040904,0.8325673025824922,0.7477942877524368,mild binary MLP P45
0.647,0.6558963125228185,0.8089933157788131,0.5855446415481601,0.6793672393264161,0.6696569835248942,0.6787457185975383,0.6540424930136118,0.7719467956469166,0.5855446415481601,0.8325673025824922,0.7477942877524368,mild binary MLP P45
0.648,0.6555312157721797,0.8095915464336517,0.5840785808532474,0.6785896780786919,0.6697502056940421,0.6787382021557651,0.6537491163254816,0.7733978234582829,0.5840785808532474,0.8325673025824922,0.7477942877524368,mild binary MLP P45
0.649,0.6554399415845199,0.8099308099308099,0.5834921565752822,0.6783127396676608,0.6698611348561696,0.6788077469696241,0.6536891398053348,0.7741233373639661,0.5834921565752822,0.8325673025824922,0.7477942877524368,mild binary MLP P45
0.65,0.6554399415845199,0.810562805872757,0.5827591262278259,0.6780383795309168,0.6701525199224988,0.6790458267172987,0.6537340223952808,0.7753325272067715,0.5827591262278259,0.8325673025824922,0.7477942877524368,mild binary MLP P45
0.651,0.6553486673968602,0.8112860355755469,0.5817328837413869,0.6775956284153005,0.6704410392222335,0.6792582193797624,0.653699774991964,0.7767835550181379,0.5817328837413869,0.8325673025824922,0.7477942877524368,mild binary MLP P45
0.652,0.6555312157721797,0.8121286621593936,0.5811464594634218,0.6774910271748419,0.6709202981578861,0.679690521146463,0.653926708494375,0.7782345828295042,0.5811464594634218,0.8325673025824922,0.7477942877524368,mild binary MLP P45
0.653,0.6545271997079226,0.8120888157894737,0.5790939744905439,0.6760804450149764,0.6704075070411584,0.6790270356128656,0.6529908434129346,0.7789600967351874,0.5790939744905439,0.8325673025824922,0.7477942877524368,mild binary MLP P45
0.654,0.6541621029572837,0.8123197362999588,0.578067732004105,0.6754603854389721,0.670335548254863,0.6788766713224879,0.652666209130544,0.7796856106408706,0.578067732004105,0.8325673025824922,0.7477942877524368,mild binary MLP P45
0.655,0.6546184738955824,0.8141940823505069,0.5768948834481747,0.675304616440707,0.6714282513663363,0.6798621938401697,0.6532108966391486,0.7828295042321645,0.5768948834481747,0.8325673025824922,0.7477942877524368,mild binary MLP P45
0.656,0.6539795545819642,0.8145764119601329,0.5751356106142794,0.674228753115064,0.6712947206380468,0.6795871523446246,0.6526374909127632,0.7840386940749697,0.5751356106142794,0.8325673025824922,0.7477942877524368,mild binary MLP P45
0.657,0.6537057320189851,0.8151155527795128,0.5739627620583492,0.6736063317274604,0.6714128064563906,0.6796053229880621,0.6524135857704176,0.7852478839177751,0.5739627620583492,0.8325673025824922,0.7477942877524368,mild binary MLP P45
0.658,0.6537970062066447,0.8162071846282373,0.5729365195719103,0.6732707382203463,0.6719654600183989,0.680059553619087,0.6525627688966431,0.7871825876662636,0.5729365195719103,0.8325673025824922,0.7477942877524368,mild binary MLP P45
0.659,0.6533406352683461,0.817208814270724,0.5708840345990324,0.6721905748316934,0.6722128710345705,0.6801215819911728,0.6521905808498967,0.7893591293833132,0.5708840345990324,0.8325673025824922,0.7477942877524368,mild binary MLP P45
0.66,0.6533406352683461,0.817742274542779,0.5702976103210673,0.6719640697875281,0.6724620390297376,0.6803120457893124,0.6522196969800811,0.7903264812575574,0.5702976103210673,0.8325673025824922,0.7477942877524368,mild binary MLP P45
0.661,0.6532493610806864,0.8183733670459334,0.5694179739041196,0.6715656609319616,0.6727132535712759,0.6804768225022412,0.6521675573871988,0.7915356711003627,0.5694179739041196,0.8325673025824922,0.7477942877524368,mild binary MLP P45
0.662,0.6528842643300474,0.8188926458157227,0.5680985192786981,0.6708214316627715,0.6727817984862676,0.6804216901109331,0.6518505266239333,0.7927448609431681,0.5680985192786981,0.8325673025824922,0.7477942877524368,mild binary MLP P45
0.663,0.6528842643300474,0.819432684165961,0.5675120950007331,0.6705933304460806,0.6730346989507597,0.6806121539090727,0.6518781256262427,0.7937122128174123,0.5675120950007331,0.8325673025824922,0.7477942877524368,mild binary MLP P45
0.664,0.6525191675794085,0.8195504664970313,0.5666324585837854,0.6700182023056254,0.6729162588895413,0.68041417366916,0.6515392216347404,0.7941958887545345,0.5666324585837854,0.8325673025824922,0.7477942877524368,mild binary MLP P45
0.665,0.6520627966411099,0.8196303377947738,0.5656062160973464,0.6693268563497571,0.6727372364281918,0.6801428903945015,0.6511118103012268,0.7946795646916566,0.5656062160973464,0.8325673025824922,0.7477942877524368,mild binary MLP P45
0.666,0.651697699890471,0.8201576816535265,0.5642867614719249,0.6685773840541949,0.6728123551170395,0.6800877580031934,0.650791865714345,0.795888754534462,0.5642867614719249,0.8325673025824922,0.7477942877524368,mild binary MLP P45
0.667,0.651697699890471,0.8207043756670224,0.5637003371939598,0.6683469494176951,0.6730694578064023,0.680278221801333,0.6508177184144021,0.7968561064087062,0.5637003371939598,0.8325673025824922,0.7477942877524368,mild binary MLP P45
0.668,0.6512413289521723,0.8213367609254498,0.5620876704295558,0.6674210114022108,0.673152477154837,0.6801974023248142,0.6504139500069674,0.7983071342200726,0.5620876704295558,0.8325673025824922,0.7477942877524368,mild binary MLP P45
0.669,0.6515151515151515,0.8228337991829714,0.5610614279431169,0.6671896792189679,0.6739862889649988,0.6808934709244,0.6507404334792157,0.8007255139056831,0.5610614279431169,0.8325673025824922,0.7477942877524368,mild binary MLP P45
0.67,0.6510587805768528,0.8233390854184642,0.559595367248204,0.6663175351313607,0.6740113148611309,0.6807650354983463,0.6503275863126914,0.8019347037484885,0.559595367248204,0.8325673025824922,0.7477942877524368,mild binary MLP P45
0.671,0.6507849580138737,0.8237837837837838,0.5585691247617651,0.6657347544993885,0.6740937557364662,0.6807355901922489,0.6500850344253105,0.8029020556227328,0.5585691247617651,0.8325673025824922,0.7477942877524368,mild binary MLP P45
0.672,0.6503285870755751,0.824013870827915,0.5573962762058349,0.664975951027547,0.6739905368015324,0.6805119228671255,0.6496589213952282,0.803627569528416,0.5573962762058349,0.8325673025824922,0.7477942877524368,mild binary MLP P45
0.673,0.6496896677619569,0.8248747549553475,0.5551971851634657,0.6636873466526463,0.6741027349010831,0.6803797292201851,0.6490817685644183,0.8055622732769044,0.5551971851634657,0.8325673025824922,0.7477942877524368,mild binary MLP P45
0.674,0.6491420226359985,0.8250709761956759,0.5538777305380442,0.6628070175438596,0.6739436737650797,0.680082758860316,0.6485648481935432,0.8062877871825876,0.5538777305380442,0.8325673025824922,0.7477942877524368,mild binary MLP P45
0.675,0.6490507484483388,0.825601750547046,0.5531447001905879,0.6624528136247915,0.6741538348726461,0.6801999196237098,0.6484966282742339,0.8072551390568319,0.5531447001905879,0.8325673025824922,0.7477942877524368,mild binary MLP P45
0.676,0.6486856516976999,0.8265934065934066,0.5513854273566926,0.6615073432415794,0.6744581144737248,0.6802876350810065,0.6481808606920354,0.8091898428053205,0.5513854273566926,0.8325673025824922,0.7477942877524368,mild binary MLP P45
0.677,0.648320554947061,0.8270163067430586,0.5502125788007624,0.6607976054230126,0.674492883817151,0.6801848867401635,0.6478440789362765,0.8101571946795647,0.5502125788007624,0.8325673025824922,0.7477942877524368,mild binary MLP P45
0.678,0.6478641840087623,0.8271141532347096,0.5491863363143235,0.6600881057268723,0.6743319326932844,0.6799136034655051,0.6474081884438186,0.8106408706166868,0.5491863363143235,0.8325673025824922,0.7477942877524368,mild binary MLP P45
0.679,0.6476816356334428,0.8280522933746953,0.547866881688902,0.6594317981295218,0.6746966417983208,0.6801003090427581,0.6472617489418644,0.8123337363966142,0.547866881688902,0.8325673025824922,0.7477942877524368,mild binary MLP P45
0.68,0.6473165388828039,0.8287747387146986,0.5464008209939891,0.6585969252518112,0.6748766091777549,0.6800927926009849,0.6469310848649088,0.8137847642079806,0.5464008209939891,0.8325673025824922,0.7477942877524368,mild binary MLP P45
0.681,0.6467688937568455,0.8291322774927504,0.5449347602990764,0.6576433121019108,0.6748009603128822,0.6798434381906506,0.6464121537885119,0.8147521160822249,0.5449347602990764,0.8325673025824922,0.7477942877524368,mild binary MLP P45
0.682,0.6462212486308871,0.8302309934962996,0.5427356692567072,0.6563829787234042,0.6750816349657887,0.6798321635279909,0.6459115796551558,0.8169286577992745,0.5427356692567072,0.8325673025824922,0.7477942877524368,mild binary MLP P45
0.683,0.6457648776925885,0.8304856115107914,0.541562820700777,0.6556038690212086,0.6750000276361579,0.6796084962028673,0.6454755227845872,0.8176541717049577,0.541562820700777,0.8325673025824922,0.7477942877524368,mild binary MLP P45
0.684,0.6451259583789705,0.8308143469433792,0.5399501539363729,0.6545228363248623,0.6748736766144153,0.6792858387577874,0.6448632196261204,0.8186215235792019,0.5399501539363729,0.8325673025824922,0.7477942877524368,mild binary MLP P45
0.685,0.6443957648776926,0.831107086257641,0.5381908811024776,0.6533190959245417,0.674691025924355,0.6788898782779619,0.6441600163902266,0.8195888754534462,0.5381908811024776,0.8325673025824922,0.7477942877524368,mild binary MLP P45
0.686,0.6441219423147134,0.8318945933666515,0.5368714264770561,0.6525884344649381,0.6749494327834173,0.6789556648709343,0.643910458227885,0.8210399032648126,0.5368714264770561,0.8325673025824922,0.7477942877524368,mild binary MLP P45
0.687,0.6439393939393939,0.8327256153144941,0.535698577921126,0.6519760906414488,0.6752696286073079,0.6790947544986525,0.6437494206360566,0.822490931076179,0.535698577921126,0.8325673025824922,0.7477942877524368,mild binary MLP P45
0.6880000000000001,0.643574297188755,0.833180987202925,0.5345257293651957,0.6512458694293114,0.6753290954251707,0.6789920061578094,0.6434017494603393,0.8234582829504232,0.5345257293651957,0.8325673025824922,0.7477942877524368,mild binary MLP P45
0.6890000000000001,0.6436655713764148,0.8342883337153335,0.533646092948248,0.6509298998569385,0.6759034570138931,0.6793986208392994,0.643511184082086,0.8251511487303507,0.533646092948248,0.8325673025824922,0.7477942877524368,mild binary MLP P45
0.6900000000000001,0.6429353778751369,0.8342909675936566,0.5321800322533353,0.6498388829215896,0.6755860591185543,0.6789074284604041,0.6427965364328618,0.8256348246674728,0.5321800322533353,0.8325673025824922,0.7477942877524368,mild binary MLP P45
0.6910000000000001,0.6424790069368382,0.8344081068631967,0.5311537897668963,0.6491086625459106,0.6754441501960373,0.6786361451857457,0.6423513356454551,0.8261185006045949,0.5311537897668963,0.8325673025824922,0.7477942877524368,mild binary MLP P45
0.6920000000000001,0.6418400876232202,0.8347584931823434,0.5295411230024923,0.6480086114101185,0.6753367062381772,0.6783134877406658,0.6417300582134204,0.8270858524788391,0.5295411230024923,0.8325673025824922,0.7477942877524368,mild binary MLP P45
0.6930000000000001,0.6420226359985396,0.8359212050984937,0.5288080926550359,0.647808908045977,0.6759789732765469,0.6787934054569013,0.6419259833474131,0.8287787182587666,0.5288080926550359,0.8325673025824922,0.7477942877524368,mild binary MLP P45
0.6940000000000001,0.641201168309602,0.8358902835890284,0.5271954258906318,0.6465881506787737,0.6756097044635854,0.6782289100432604,0.6411177846729674,0.8292623941958888,0.5271954258906318,0.8325673025824922,0.7477942877524368,mild binary MLP P45
0.6950000000000001,0.6409273457466228,0.8367156519710753,0.5258759712652104,0.6458408354339215,0.6758926887835583,0.6782946966362328,0.6408582185314738,0.8307134220072552,0.5258759712652104,0.8325673025824922,0.7477942877524368,mild binary MLP P45
0.6960000000000001,0.6401058780576853,0.8366869443144596,0.5242633045008064,0.6446146913023885,0.6755269501578284,0.6777302012225919,0.6400479391614096,0.8311970979443772,0.5242633045008064,0.8325673025824922,0.7477942877524368,mild binary MLP P45
0.6970000000000001,0.6397407813070464,0.8370075046904315,0.5232370620143674,0.6439332431213352,0.6755270637618326,0.6775798369322139,0.6396908295591898,0.8319226118500604,0.5232370620143674,0.8325673025824922,0.7477942877524368,mild binary MLP P45
0.6980000000000001,0.6389193136181088,0.8369795342272407,0.5216243952499634,0.6427023121387283,0.675163890901838,0.677015341518573,0.6388788313461169,0.8324062877871826,0.5216243952499634,0.8325673025824922,0.7477942877524368,mild binary MLP P45
0.6990000000000001,0.6384629426798102,0.8375826251180358,0.5201583345550506,0.6417653974857557,0.6752645268447321,0.6768869060925192,0.6384322150947894,0.8336154776299879,0.5201583345550506,0.8325673025824922,0.7477942877524368,mild binary MLP P45
0.7000000000000001,0.6377327491785323,0.837594696969697,0.5186922738601378,0.6406518786781349,0.6749619355317885,0.676395713713624,0.6377088417040255,0.8340991535671101,0.5186922738601378,0.8325673025824922,0.7477942877524368,mild binary MLP P45
0.7010000000000001,0.636820007301935,0.837850689491203,0.5166397888872599,0.6391584293098758,0.6747031225233793,0.6758531471643071,0.6368047543885162,0.8350665054413543,0.5166397888872599,0.8325673025824922,0.7477942877524368,mild binary MLP P45
0.7020000000000001,0.6362723621759766,0.8381020505484025,0.5153203342618384,0.6382206082614617,0.6745967218136866,0.675556176804438,0.6362618137205263,0.8357920193470375,0.5153203342618384,0.8325673025824922,0.7477942877524368,mild binary MLP P45
0.7030000000000001,0.6360898138006572,0.8385093167701864,0.514587303914382,0.6377759607522485,0.6747199464205438,0.6755524185835513,0.6360819281065231,0.8365175332527207,0.514587303914382,0.8325673025824922,0.7477942877524368,mild binary MLP P45
0.704,0.6359072654253377,0.8390804597701149,0.5137076674974344,0.6372647085568791,0.6749237107110162,0.6755962763121997,0.6359021664635061,0.837484885126965,0.5137076674974344,0.8325673025824922,0.7477942877524368,mild binary MLP P45
0.705,0.6354508944870391,0.8400288669713736,0.511948394663539,0.6361814538167243,0.6751990194542116,0.6755630727852158,0.6354494245487499,0.8391777509068924,0.511948394663539,0.8325673025824922,0.7477942877524368,mild binary MLP P45
0.706,0.6349945235487404,0.8408212560386473,0.5103357278991351,0.635161025453882,0.6753988909301218,0.6754822533086969,0.6349944475274159,0.8406287787182588,0.5103357278991351,0.8325673025824922,0.7477942877524368,mild binary MLP P45
0.707,0.6339905074844834,0.840562151684032,0.5085764550652397,0.633723054439167,0.6748571484734408,0.6747235358760297,0.633990312334505,0.8408706166868198,0.5085764550652397,0.8325673025824922,0.7477942877524368,mild binary MLP P45
0.708,0.633442862358525,0.8406606752489677,0.5074036065093095,0.6328396416163833,0.6746803888015565,0.6743789495666257,0.633441872931392,0.841354292623942,0.5074036065093095,0.8325673025824922,0.7477942877524368,mild binary MLP P45
0.709,0.632803943044907,0.8412195121951219,0.5056443336754142,0.6316271403717608,0.6746937700998947,0.6741039080710807,0.6328001956066793,0.8425634824667473,0.5056443336754142,0.8325673025824922,0.7477942877524368,mild binary MLP P45
0.71,0.6323475721066083,0.8421955403087479,0.5038850608415189,0.63052650889745,0.674988679245283,0.6740707045440968,0.6323386404614407,0.8442563482466747,0.5038850608415189,0.8325673025824922,0.7477942877524368,mild binary MLP P45
0.711,0.6317999269806499,0.8428044280442805,0.5022723940771148,0.6294322983648724,0.6750664137028832,0.6738689660832974,0.6317848957813841,0.84546553808948,0.5022723940771148,0.8325673025824922,0.7477942877524368,mild binary MLP P45
0.712,0.6314348302300109,0.843665102494443,0.500806333382202,0.6285188592456302,0.675343482186848,0.6738614496415243,0.6314121193529365,0.8469165659008464,0.500806333382202,0.8325673025824922,0.7477942877524368,mild binary MLP P45
0.713,0.6309784592917123,0.8434718100890207,0.5000733030347456,0.6278877128393926,0.6750634513408067,0.6734949344677961,0.6309529991733851,0.8469165659008464,0.5000733030347456,0.8325673025824922,0.7477942877524368,mild binary MLP P45
0.714,0.630065717415115,0.8435948361469712,0.49816742413135906,0.6264171813070329,0.674756425001892,0.6729047519689444,0.6300304292144855,0.8476420798065296,0.49816742413135906,0.8325673025824922,0.7477942877524368,mild binary MLP P45
0.715,0.6292442497261774,0.8435865504358655,0.496554757366955,0.6251384274640088,0.6744225793527836,0.6723402565553034,0.62919976627805,0.8481257557436518,0.496554757366955,0.8325673025824922,0.7477942877524368,mild binary MLP P45
0.716,0.6287878787878788,0.8440779610194903,0.4952353027415335,0.6242261849764391,0.6744836166903606,0.6721642051797148,0.6287331664353744,0.849093107617896,0.4952353027415335,0.8325673025824922,0.7477942877524368,mild binary MLP P45
0.717,0.6282402336619204,0.8445336008024072,0.4937692420466207,0.6231843833842169,0.6744912550510314,0.6719148507693805,0.6281732958981789,0.8500604594921403,0.4937692420466207,0.8325673025824922,0.7477942877524368,mild binary MLP P45
0.718,0.6277838627236217,0.8448579331154136,0.4925963934906905,0.6223374699018337,0.6744708063628364,0.6716911834442569,0.6277064351488654,0.8507859733978235,0.4925963934906905,0.8325673025824922,0.7477942877524368,mild binary MLP P45
0.719,0.6279664110989412,0.846328538985617,0.49171675707374285,0.6220326409495549,0.6752735216020607,0.6722187171100273,0.6278746957443677,0.852720677146312,0.49171675707374285,0.8325673025824922,0.7477942877524368,mild binary MLP P45
0.72,0.6279664110989412,0.8470290771175727,0.4911303327957777,0.6217520415738679,0.6756213804385178,0.6724091809081669,0.6278659633156696,0.8536880290205562,0.4911303327957777,0.8325673025824922,0.7477942877524368,mild binary MLP P45
0.721,0.6272362175976633,0.8474232038588474,0.4893710599618824,0.6204460966542751,0.6755286177481497,0.6720132204283414,0.6271168790301505,0.8546553808948005,0.4893710599618824,0.8325673025824922,0.7477942877524368,mild binary MLP P45
0.722,0.6272362175976633,0.8488401733367321,0.4881982114059522,0.6198808637379002,0.6762329687954811,0.6723941480246206,0.6270965923274028,0.856590084643289,0.4881982114059522,0.8325673025824922,0.7477942877524368,mild binary MLP P45
0.723,0.6265060240963856,0.8492449449705657,0.4864389385720569,0.6185682326621924,0.6761475114979087,0.6719981875447951,0.6263442021680061,0.8575574365175332,0.4864389385720569,0.8325673025824922,0.7477942877524368,mild binary MLP P45
0.724,0.6263234757210661,0.849705052577584,0.4857059082246005,0.6180970149253732,0.6763049848405845,0.6719944293239085,0.626150008534881,0.8582829504232165,0.4857059082246005,0.8325673025824922,0.7477942877524368,mild binary MLP P45
0.725,0.625319459656809,0.8496395468589083,0.4838000293212139,0.6165343297524521,0.6758802937914451,0.6712833278407763,0.6251227015943487,0.8587666263603386,0.4838000293212139,0.8325673025824922,0.7477942877524368,mild binary MLP P45
0.726,0.6245892661555312,0.8496900826446281,0.4823339686263011,0.6153558402693351,0.675621438837842,0.6707921354618809,0.6243728127275903,0.8592503022974607,0.4823339686263011,0.8325673025824922,0.7477942877524368,mild binary MLP P45
0.727,0.624315443592552,0.8506611355976147,0.48101451400087963,0.6145345570331523,0.6759996761239235,0.6708579220548534,0.6240734027821984,0.8607013301088271,0.48101451400087963,0.8325673025824922,0.7477942877524368,mild binary MLP P45
0.728,0.6236765242789339,0.8513020833333333,0.4792552411669843,0.613263296126067,0.6760726268268691,0.6705828805593084,0.6234034905659221,0.8619105199516324,0.4792552411669843,0.8325673025824922,0.7477942877524368,mild binary MLP P45
0.729,0.6232201533406353,0.8516583964481588,0.4780823926110541,0.6123943661971831,0.6760747433342239,0.6703592132341849,0.6229260056878296,0.8626360338573156,0.4780823926110541,0.8325673025824922,0.7477942877524368,mild binary MLP P45
0.73,0.6222161372763783,0.8517838405036726,0.4760299076381762,0.6107401485939998,0.6757519426482529,0.6696957277005875,0.621887496054248,0.8633615477629988,0.4760299076381762,0.8325673025824922,0.7477942877524368,mild binary MLP P45
0.731,0.6213946695874407,0.8523596098075402,0.47397742266529835,0.6091954022988506,0.6757260843956031,0.6692740801355512,0.6210253874655874,0.8645707376058042,0.47397742266529835,0.8325673025824922,0.7477942877524368,mild binary MLP P45
0.732,0.621303395399781,0.8530655391120507,0.47324439231784193,0.6087694483734087,0.6760447606324336,0.6693912408989452,0.6209143076305887,0.8655380894800484,0.47324439231784193,0.8325673025824922,0.7477942877524368,mild binary MLP P45
0.733,0.6206644760861628,0.8527932221339688,0.47221814983140303,0.6078505378373278,0.6756653114430813,0.6688781196557257,0.6202590147203255,0.8655380894800484,0.47221814983140303,0.8325673025824922,0.7477942877524368,mild binary MLP P45
0.734,0.6206644760861628,0.8544825751529662,0.47089869520598154,0.6071833648393195,0.6765118169637278,0.6693066632015398,0.6202171677708775,0.8677146311970979,0.47089869520598154,0.8325673025824922,0.7477942877524368,mild binary MLP P45
0.735,0.619934282584885,0.854739652870494,0.46928602844157746,0.6059057353776264,0.6763644180314196,0.6688630867721793,0.6194520744577185,0.8684401451027811,0.46928602844157746,0.8325673025824922,0.7477942877524368,mild binary MLP P45
0.736,0.6194779116465864,0.855877616747182,0.46752675560768214,0.6047217218166303,0.6767631513888054,0.6688298832451953,0.6189468705871537,0.8701330108827086,0.46752675560768214,0.8325673025824922,0.7477942877524368,mild binary MLP P45
0.737,0.619569185834246,0.8572582817129006,0.4666471191907345,0.6043288399468388,0.677490110068103,0.6692364979266853,0.619003934826645,0.871825876662636,0.4666471191907345,0.8325673025824922,0.7477942877524368,mild binary MLP P45
0.738,0.6188389923329682,0.8573358551742772,0.46518105849582175,0.6031172780840145,0.677255108841446,0.66874530554779,0.6182399384274331,0.8723095525997582,0.46518105849582175,0.8325673025824922,0.7477942877524368,mild binary MLP P45
0.739,0.6181087988316903,0.8579961987510182,0.46327517959243514,0.6016755521706016,0.6773137875372031,0.6683969610174993,0.6174576919338282,0.8735187424425634,0.46327517959243514,0.8325673025824922,0.7477942877524368,mild binary MLP P45
0.74,0.617196056955093,0.8581947095718571,0.4613693006890485,0.6001144164759725,0.6770737575846664,0.6678067785186476,0.6164962838682384,0.8742442563482467,0.4613693006890485,0.8325673025824922,0.7477942877524368,mild binary MLP P45
0.741,0.616557137641475,0.8585112205801861,0.45990323999413574,0.5989498806682577,0.6769959554010216,0.6674365051240327,0.6158166383318555,0.8749697702539299,0.45990323999413574,0.8325673025824922,0.7477942877524368,mild binary MLP P45
0.742,0.6161007667031764,0.8589074938237716,0.45873039143820554,0.5980504587155964,0.6770265624458665,0.6672128377989093,0.6153250197141923,0.8756952841596131,0.45873039143820554,0.8325673025824922,0.7477942877524368,mild binary MLP P45
0.743,0.6153705732018985,0.8589920132194988,0.45726433074329276,0.5968235744355147,0.676799760875961,0.666721645420014,0.6145548936749999,0.8761789600967352,0.45726433074329276,0.8325673025824922,0.7477942877524368,mild binary MLP P45
0.744,0.6152792990142387,0.8599447513812155,0.4563846943263451,0.5963030361076526,0.6772460943383722,0.6668864221329428,0.6144273440498162,0.8773881499395405,0.4563846943263451,0.8325673025824922,0.7477942877524368,mild binary MLP P45
0.745,0.6150054764512596,0.8606262122471598,0.4553584518399062,0.5955896452540748,0.6774888241037078,0.6668569768268455,0.6141160210245291,0.8783555018137847,0.4553584518399062,0.8325673025824922,0.7477942877524368,mild binary MLP P45
0.746,0.6145491055129609,0.8612347052280311,0.45403899721448465,0.5946049726408755,0.6776282221792329,0.6666809254512568,0.6136139260768536,0.879322853688029,0.45403899721448465,0.8325673025824922,0.7477942877524368,mild binary MLP P45
0.747,0.6140927345746623,0.862049706785814,0.4525729365195719,0.5935397039030955,0.6778723110200257,0.6665524900252031,0.6131034748881247,0.8805320435308344,0.4525729365195719,0.8325673025824922,0.7477942877524368,mild binary MLP P45
0.748,0.6137276378240234,0.8625035004200504,0.45154669403313297,0.5927636643571979,0.6779680670685222,0.6664021257348253,0.6127012766230433,0.8812575574365176,0.45154669403313297,0.8325673025824922,0.7477942877524368,mild binary MLP P45
0.749,0.6129061701350857,0.8627671541057368,0.44978742119923765,0.5913076997205358,0.6778024959717873,0.6658852462707192,0.6118220336487378,0.8819830713422008,0.44978742119923765,0.8325673025824922,0.7477942877524368,mild binary MLP P45
0.75,0.6123585250091275,0.8637648388920294,0.4480281483653423,0.5900183415387585,0.6781078171273304,0.6657311237594548,0.6112040984937799,0.8834340991535671,0.4480281483653423,0.8325673025824922,0.7477942877524368,mild binary MLP P45
0.751,0.6118108798831691,0.8639455782312925,0.44685529980941213,0.5890424195574452,0.6780013297726198,0.6653865374500507,0.6106156489381103,0.8839177750906893,0.44685529980941213,0.8325673025824922,0.7477942877524368,mild binary MLP P45
0.752,0.6106243154435925,0.8640638358506697,0.4445096026975517,0.5870280735721201,0.6776341738673249,0.6645764458469621,0.6093489530354125,0.8846432889963725,0.4445096026975517,0.8325673025824922,0.7477942877524368,mild binary MLP P45
0.753,0.6096202993793355,0.8640526617057813,0.44260372379416507,0.5853611245758604,0.6772688931686237,0.6638653443638298,0.6082794240625271,0.8851269649334945,0.44260372379416507,0.8325673025824922,0.7477942877524368,mild binary MLP P45
0.754,0.6088901058780577,0.8645773433007475,0.44084445096026975,0.5839401883678027,0.6772739618349151,0.6634693838840043,0.6074785760576635,0.8860943168077389,0.44084445096026975,0.8325673025824922,0.7477942877524368,mild binary MLP P45
0.755,0.608433734939759,0.8650129795211999,0.43967160240433956,0.5830093312597201,0.6773322341857568,0.6632457165588808,0.6069726628769351,0.886819830713422,0.43967160240433956,0.8325673025824922,0.7477942877524368,mild binary MLP P45
0.756,0.6075209930631618,0.8652564474065488,0.43776572350095294,0.581386292834891,0.6771318879271252,0.6626555340600291,0.6059852426373767,0.8875453446191052,0.43776572350095294,0.8325673025824922,0.7477942877524368,mild binary MLP P45
0.757,0.6065169769989047,0.8652502910360885,0.4358598445975663,0.5797016671541386,0.676774081688257,0.6619444325768968,0.6049087486349845,0.8880290205562273,0.4358598445975663,0.8325673025824922,0.7477942877524368,mild binary MLP P45
0.758,0.6063344286235852,0.8662383177570093,0.4348336021111274,0.5790141532454856,0.6772110335465875,0.66203590625508,0.6046695005534877,0.8892382103990326,0.4348336021111274,0.8325673025824922,0.7477942877524368,mild binary MLP P45
0.759,0.6056042351223074,0.8663540445486518,0.43336754141621464,0.5777386885566305,0.6770131834620248,0.6615447138761847,0.6038791910117685,0.8897218863361548,0.43336754141621464,0.8325673025824922,0.7477942877524368,mild binary MLP P45
0.76,0.6052391383716685,0.8668430335097002,0.4323412989297757,0.5769343636897193,0.6771334574485223,0.6613943495858068,0.6034641875767444,0.890447400241838,0.4323412989297757,0.8325673025824922,0.7477942877524368,mild binary MLP P45
0.761,0.6053304125593282,0.8683977574505753,0.431461662512828,0.5764936336924584,0.677954660408914,0.6618009642672967,0.603492074067217,0.8921402660217654,0.431461662512828,0.8325673025824922,0.7477942877524368,mild binary MLP P45
0.762,0.6046002190580504,0.8685223571217057,0.42999560181791524,0.5752108256520887,0.6777629597984831,0.6613097718884013,0.60269846387607,0.8926239419588875,0.42999560181791524,0.8325673025824922,0.7477942877524368,mild binary MLP P45
0.763,0.6044176706827309,0.8688816374962919,0.42940917753995017,0.5747645211930926,0.6778818207257333,0.6612583977179799,0.6024846496750447,0.8931076178960097,0.42940917753995017,0.8325673025824922,0.7477942877524368,mild binary MLP P45
0.764,0.6035049288061336,0.8693707127945124,0.42735669256707226,0.5730292903479457,0.6778130691422253,0.6607158311686631,0.6014746042811461,0.8940749697702539,0.42735669256707226,0.8325673025824922,0.7477942877524368,mild binary MLP P45
0.765,0.603048557867835,0.870059880239521,0.42603723794165077,0.5719909457730539,0.6780052552458109,0.6605397797930744,0.6009473918721452,0.8950423216444982,0.42603723794165077,0.8325673025824922,0.7477942877524368,mild binary MLP P45
0.766,0.6024096385542169,0.8706766917293233,0.42442457117724675,0.5706682436428149,0.6780981414353601,0.6602171223479946,0.6002244838815809,0.8960096735187424,0.42442457117724675,0.8325673025824922,0.7477942877524368,mild binary MLP P45
0.767,0.6015881708652793,0.8705491852745927,0.42295851048233396,0.5693142575234337,0.6777503843148677,0.6596050109848187,0.5993382869514086,0.8962515114873035,0.42295851048233396,0.8325673025824922,0.7477942877524368,mild binary MLP P45
0.768,0.600675428988682,0.87038158691702,0.42134584371792994,0.567815864862195,0.6773517550472218,0.6589195965868972,0.5983536021231833,0.8964933494558646,0.42134584371792994,0.8325673025824922,0.7477942877524368,mild binary MLP P45
0.769,0.5999452354874042,0.8709677419354839,0.4195865708840346,0.566340160284951,0.6774004289859948,0.6585236361070717,0.5975284028870753,0.8974607013301088,0.4195865708840346,0.8325673025824922,0.7477942877524368,mild binary MLP P45
0.77,0.5996714129244249,0.8715288373512359,0.41870693446708696,0.5656565656565656,0.6775927817437257,0.6584465748514394,0.5972010608882117,0.898186215235792,0.41870693446708696,0.8325673025824922,0.7477942877524368,mild binary MLP P45
0.771,0.5990324936108069,0.8719362745098039,0.41724087377217417,0.5644025780862667,0.6775828018414854,0.6580763014568247,0.5964821717690993,0.8989117291414752,0.41724087377217417,0.8325673025824922,0.7477942877524368,mild binary MLP P45
0.772,0.5979372033588901,0.8719211822660099,0.4151883887992963,0.5625186215115702,0.6772034556893101,0.6572918969389469,0.5952844732990596,0.8993954050785974,0.4151883887992963,0.8325673025824922,0.7477942877524368,mild binary MLP P45
0.773,0.597663380795911,0.8727216558541859,0.41416214631285736,0.561741896997415,0.6775190090386359,0.6572624516328495,0.5949421480937809,0.9003627569528416,0.41416214631285736,0.8325673025824922,0.7477942877524368,mild binary MLP P45
0.774,0.5971157356699526,0.8729470096064457,0.4129892977569271,0.5607085987261147,0.6774490514457381,0.6569178653234454,0.5943293499362199,0.9008464328899637,0.4129892977569271,0.8325673025824922,0.7477942877524368,mild binary MLP P45
0.775,0.595929171230376,0.8726650062266501,0.41093681278404925,0.5587561048539819,0.6769058502207631,0.656012541821287,0.5930408186531042,0.9010882708585248,0.41093681278404925,0.8325673025824922,0.7477942877524368,mild binary MLP P45
0.776,0.5956553486673969,0.8739443228026275,0.40961735815862776,0.5577959672589339,0.6774670705390893,0.6560783284142595,0.5926696332006793,0.9025392986698911,0.40961735815862776,0.8325673025824922,0.7477942877524368,mild binary MLP P45
0.777,0.5946513326031398,0.8737437185929648,0.40785808532473244,0.5561219390304848,0.6770288330484124,0.6553196109815924,0.591574029060048,0.9027811366384523,0.40785808532473244,0.8325673025824922,0.7477942877524368,mild binary MLP P45
0.778,0.5935560423512231,0.873973468098547,0.4056589942823633,0.5541203564634024,0.676781342521674,0.6545828224132494,0.5903515828438606,0.9035066505441355,0.4056589942823633,0.8325673025824922,0.7477942877524368,mild binary MLP P45
0.779,0.5930996714129244,0.8744849445324882,0.4044861457264331,0.5531275060144346,0.6768912352453493,0.6543591550881258,0.5898177744549384,0.9042321644498186,0.4044861457264331,0.8325673025824922,0.7477942877524368,mild binary MLP P45
0.78,0.5927345746622855,0.875756610385473,0.4030200850315203,0.552008032128514,0.677420328987031,0.6543516386463526,0.5893406961178045,0.905683192261185,0.4030200850315203,0.8325673025824922,0.7477942877524368,mild binary MLP P45
0.781,0.5922782037239869,0.8767605633802817,0.40155402433660753,0.5508295625942685,0.677782733171244,0.6542232032202989,0.5887765260953293,0.9068923821039904,0.40155402433660753,0.8325673025824922,0.7477942877524368,mild binary MLP P45
0.782,0.5922782037239869,0.8782133676092545,0.40067438791965987,0.5502869223799456,0.6785253477515931,0.6545088989175083,0.5886921714328979,0.9083434099153567,0.40067438791965987,0.8325673025824922,0.7477942877524368,mild binary MLP P45
0.783,0.5918218327856882,0.8792379722311915,0.3992083272247471,0.5491026416616254,0.6788987927067651,0.6543804634914545,0.588124774224176,0.909552599758162,0.3992083272247471,0.8325673025824922,0.7477942877524368,mild binary MLP P45
0.784,0.5906352683461117,0.8787289234760052,0.3973024483213605,0.547198384654215,0.6782491162095473,0.6534275240397613,0.5868331391914366,0.909552599758162,0.3973024483213605,0.8325673025824922,0.7477942877524368,mild binary MLP P45
0.785,0.5900876232201533,0.8799739073711677,0.3955431754874652,0.5457671690098108,0.678706852291414,0.6532734015284969,0.5861476177689386,0.9110036275695285,0.3955431754874652,0.8325673025824922,0.7477942877524368,mild binary MLP P45
0.786,0.5896312522818546,0.8805237315875614,0.39437032693153495,0.5447549615228837,0.6788392610602026,0.6530497342033732,0.5856044664709799,0.9117291414752116,0.39437032693153495,0.8325673025824922,0.7477942877524368,mild binary MLP P45
0.787,0.5893574297188755,0.8816568047337278,0.39319747837560476,0.5438507553482713,0.679329792308739,0.6530679048468109,0.5852293863055573,0.9129383313180169,0.39319747837560476,0.8325673025824922,0.7477942877524368,mild binary MLP P45
0.788,0.5890836071558964,0.8825470141867371,0.3921712358891658,0.5430369468128299,0.6796962200271225,0.6530384595407135,0.5848683904876752,0.9139056831922612,0.3921712358891658,0.8325673025824922,0.7477942877524368,mild binary MLP P45
0.789,0.5878970427163198,0.8830564784053156,0.3896789327078141,0.5407384803173635,0.6795725382210318,0.6522759838871598,0.5835055699327071,0.9148730350665054,0.3896789327078141,0.8325673025824922,0.7477942877524368,mild binary MLP P45
0.79,0.5876232201533407,0.8847310390912129,0.38821287201290133,0.5396372529040147,0.6803411568682236,0.652389386429667,0.5830935479266313,0.9165659008464329,0.38821287201290133,0.8325673025824922,0.7477942877524368,mild binary MLP P45
0.791,0.5870755750273823,0.8847571189279732,0.3871866295264624,0.538649806241077,0.680178082735847,0.6519971841707282,0.5824754070029108,0.916807738814994,0.3871866295264624,0.8325673025824922,0.7477942877524368,mild binary MLP P45
0.792,0.586162833150785,0.8851465139777703,0.3852807506230758,0.5368743615934627,0.6800842122912515,0.6514070016718765,0.5814218367940915,0.9175332527206771,0.3852807506230758,0.8325673025824922,0.7477942877524368,mild binary MLP P45
0.793,0.5853413654618473,0.88531799729364,0.38366808385867174,0.5353380382530428,0.67990899864682,0.6508425062582355,0.5804831930037361,0.9180169286577993,0.38366808385867174,0.8325673025824922,0.7477942877524368,mild binary MLP P45
0.794,0.5848849945235487,0.8856464200882254,0.3826418413722328,0.5343980343980343,0.6799314632592457,0.6505712229835772,0.5799460527721397,0.9185006045949214,0.3826418413722328,0.8325673025824922,0.7477942877524368,mild binary MLP P45
0.795,0.5838809784592918,0.8852179836512262,0.38102917460782876,0.5327457210208055,0.679392034219628,0.6497648896013751,0.5788368670920564,0.9185006045949214,0.38102917460782876,0.8325673025824922,0.7477942877524368,mild binary MLP P45
0.796,0.5826031398320555,0.8849315068493151,0.3788300835654596,0.5305410122164049,0.6788395712444684,0.6487862630644711,0.5774059099369757,0.9187424425634825,0.3788300835654596,0.8325673025824922,0.7477942877524368,mild binary MLP P45
0.797,0.5816903979554582,0.8848005502063274,0.3772174168010556,0.5289341145030322,0.6784837741091279,0.6481008486665496,0.576377095829863,0.9189842805320435,0.3772174168010556,0.8325673025824922,0.7477942877524368,mild binary MLP P45
0.798,0.581416575392479,0.8862772208779813,0.3758979621756341,0.5278978793493926,0.6791549815167532,0.648166635259522,0.5759673033408711,0.9204353083434099,0.3758979621756341,0.8325673025824922,0.7477942877524368,mild binary MLP P45
0.799,0.5813253012048193,0.8867728531855956,0.37545814396716026,0.5275517561025852,0.6793804771629515,0.6481885641238462,0.5758302909005919,0.9209189842805321,0.37545814396716026,0.8325673025824922,0.7477942877524368,mild binary MLP P45
0.8,0.5808689302665206,0.8876521739130435,0.3741386893417388,0.5264026402640264,0.6796879852364376,0.6480125127482576,0.5752510909244166,0.9218863361547763,0.3741386893417388,0.8325673025824922,0.7477942877524368,mild binary MLP P45
0.801,0.5800474625775831,0.8881118881118881,0.3723794165078434,0.5247391798367937,0.6796661219215567,0.6474956332841515,0.5742819437733555,0.9226118500604595,0.3723794165078434,0.8325673025824922,0.7477942877524368,mild binary MLP P45
0.802,0.5795910916392845,0.8881878724150017,0.37149978009089574,0.5238784370477568,0.679562281264887,0.6471767340599581,0.5737548746768446,0.9228536880290206,0.37149978009089574,0.8325673025824922,0.7477942877524368,mild binary MLP P45
0.803,0.5791347207009858,0.8879915730337079,0.37076674974343937,0.5231151101458269,0.6793189241586892,0.6468102188862299,0.5732458667612251,0.9228536880290206,0.37076674974343937,0.8325673025824922,0.7477942877524368,mild binary MLP P45
0.804,0.5782219788243884,0.88787023977433,0.36915408297903535,0.5214870042456249,0.6789720656999729,0.6461248044883084,0.5722082104051462,0.9230955259975816,0.36915408297903535,0.8325673025824922,0.7477942877524368,mild binary MLP P45
0.805,0.5777656078860898,0.8893224547711954,0.36754141621463127,0.5201244813278009,0.679575815071477,0.6460439850117896,0.571584404940302,0.924546553808948,0.36754141621463127,0.8325673025824922,0.7477942877524368,mild binary MLP P45
0.806,0.577035414384812,0.8892844428622285,0.3662219615892098,0.5187954309449636,0.6793298365041472,0.6455051766833594,0.570747658478507,0.924788391777509,0.3662219615892098,0.8325673025824922,0.7477942877524368,mild binary MLP P45
0.807,0.5772179627601315,0.8910325116112897,0.3656355373112447,0.5185031185031185,0.6802839400032665,0.6459374784500601,0.570836329834052,0.9262394195888755,0.3656355373112447,0.8325673025824922,0.7477942877524368,mild binary MLP P45
0.808,0.5763964950711938,0.8923686105111591,0.36343644626887556,0.5165121366809042,0.6807159755906248,0.6455634468345587,0.569796716435961,0.9276904474002419,0.36343644626887556,0.8325673025824922,0.7477942877524368,mild binary MLP P45
0.809,0.5749361080686382,0.8923132704858593,0.3607975370180325,0.5138323415805408,0.6802381185315366,0.6444858301776982,0.5681137707254038,0.9281741233373639,0.3607975370180325,0.8325673025824922,0.7477942877524368,mild binary MLP P45
0.81,0.5739320920043811,0.8918820531488897,0.3591848702536285,0.512123745819398,0.6797088423863586,0.6436794967954962,0.5669821580684806,0.9281741233373639,0.3591848702536285,0.8325673025824922,0.7477942877524368,mild binary MLP P45
0.811,0.5726542533771449,0.891901795529498,0.35683917314176805,0.509738219895288,0.6793287997946506,0.6427484862081271,0.5654984579495854,0.9286577992744861,0.35683917314176805,0.8325673025824922,0.7477942877524368,mild binary MLP P45
0.812,0.5717415115005476,0.8917924181082075,0.355226506377364,0.5080729712728035,0.6789948860780144,0.6420630718102056,0.5644454075694872,0.9288996372430471,0.355226506377364,0.8325673025824922,0.7477942877524368,mild binary MLP P45
0.8130000000000001,0.5711025921869295,0.8920916481892092,0.35390705175194254,0.5067702319722893,0.6789549150036955,0.641645182466056,0.5636798273305128,0.9293833131801693,0.35390705175194254,0.8325673025824922,0.7477942877524368,mild binary MLP P45
0.8140000000000001,0.5705549470609712,0.8938942665673865,0.3520011728485559,0.5051015041548332,0.6797161780237174,0.6415386759043263,0.5629094783974489,0.9310761789600968,0.3520011728485559,0.8325673025824922,0.7477942877524368,mild binary MLP P45
0.8150000000000001,0.568912011683096,0.8931784107946027,0.34936226359771294,0.5022657814311308,0.6788527189108149,0.6402192212789048,0.5610419304000216,0.9310761789600968,0.34936226359771294,0.8325673025824922,0.7477942877524368,mild binary MLP P45
0.8160000000000001,0.5682730923694779,0.8937853107344633,0.34789620290280016,0.5008442380751372,0.6789731275994928,0.63984894788429,0.560248429748408,0.93180169286578,0.34789620290280016,0.8325673025824922,0.7477942877524368,mild binary MLP P45
0.8170000000000001,0.567907995618839,0.8951154865581219,0.34657674827737867,0.49968294229549776,0.6795481221124945,0.639793815492982,0.559720989220038,0.9330108827085852,0.34657674827737867,0.8325673025824922,0.7477942877524368,mild binary MLP P45
0.8180000000000001,0.5669952537422417,0.895317853064332,0.34481747544348335,0.497883149872989,0.6793794211893878,0.6391560170445953,0.5586334876450952,0.9334945586457074,0.34481747544348335,0.8325673025824922,0.7477942877524368,mild binary MLP P45
0.8190000000000001,0.566538882803943,0.8957219251336899,0.34379123295704445,0.4968746689267931,0.6794512719935659,0.6388847337699369,0.5580661326675175,0.9339782345828295,0.34379123295704445,0.8325673025824922,0.7477942877524368,mild binary MLP P45
0.8200000000000001,0.565534866739686,0.8961937716262975,0.34173874798416654,0.4947994056463596,0.6793955093918441,0.6382212482363396,0.5568472608696169,0.9347037484885127,0.34173874798416654,0.8325673025824922,0.7477942877524368,mild binary MLP P45
0.8210000000000001,0.5649872216137276,0.8962591592749711,0.3407125054977276,0.4937327384746123,0.6792667313772919,0.6378290459774006,0.5561958619561411,0.9349455864570737,0.3407125054977276,0.8325673025824922,0.7477942877524368,mild binary MLP P45
0.8220000000000001,0.5638006571741512,0.8963509316770186,0.33851341445535843,0.4914334362030435,0.678963055337316,0.6369713384247772,0.5547858351610503,0.9354292623941959,0.33851341445535843,0.8325673025824922,0.7477942877524368,mild binary MLP P45
0.8230000000000001,0.5635268346111719,0.8977760436987905,0.33734056589942824,0.4904092071611253,0.6796160094581167,0.6369895090682147,0.5543521131591067,0.9366384522370013,0.33734056589942824,0.8325673025824922,0.7477942877524368,mild binary MLP P45
0.8240000000000001,0.5629791894852135,0.8984711877695022,0.33602111127400675,0.48911651728553135,0.679812631362443,0.6366925387083455,0.5536491677336748,0.9373639661426844,0.33602111127400675,0.8325673025824922,0.7477942877524368,mild binary MLP P45
0.8250000000000001,0.5624315443592552,0.8994875837603469,0.33455505057909396,0.4877110493695234,0.6801749594772752,0.6364431842980114,0.5529203645764297,0.9383313180169287,0.33455505057909396,0.8325673025824922,0.7477942877524368,mild binary MLP P45
0.8260000000000001,0.5616100766703176,0.9013524264120922,0.33220935346723357,0.4854847348687734,0.6808941710359442,0.6361167686320448,0.5517985811578502,0.9400241837968561,0.33220935346723357,0.8325673025824922,0.7477942877524368,mild binary MLP P45
0.8270000000000001,0.5605147864184009,0.9015212169735789,0.33015686849435566,0.4833136602639768,0.6806612942280994,0.6353323641141669,0.5504791917614651,0.9405078597339782,0.33015686849435566,0.8325673025824922,0.7477942877524368,mild binary MLP P45
0.8280000000000001,0.5593282219788244,0.901329037454692,0.3281043835214778,0.48108340498710234,0.6802172155289511,0.6344270406120085,0.5490759664529421,0.9407496977025392,0.3281043835214778,0.8325673025824922,0.7477942877524368,mild binary MLP P45
0.8290000000000001,0.5585067542898868,0.901294498381877,0.326638322826565,0.47950069945119983,0.6799612520197929,0.6338149292488326,0.5480949095163916,0.9409915356711004,0.326638322826565,0.8325673025824922,0.7477942877524368,mild binary MLP P45
0.8300000000000001,0.5575940124132895,0.90089358245329,0.32517226213165223,0.4778627598836583,0.6794908223074079,0.6330818989013763,0.5470317837742783,0.9409915356711004,0.32517226213165223,0.8325673025824922,0.7477942877524368,mild binary MLP P45
0.8310000000000001,0.5566812705366923,0.9008163265306123,0.3235595953672482,0.4761082946823428,0.679187848193592,0.6323964845034549,0.5459411815947905,0.9412333736396614,0.3235595953672482,0.8325673025824922,0.7477942877524368,mild binary MLP P45
0.8320000000000001,0.5559510770354144,0.9008196721311476,0.3222401407418267,0.47467876039304613,0.678979587122408,0.6318576761750245,0.545062089863743,0.9414752116082225,0.3222401407418267,0.8325673025824922,0.7477942877524368,mild binary MLP P45
0.833,0.5553121577217963,0.9015245158632056,0.32077408004691393,0.4731833910034602,0.6791594909014703,0.6314874027804098,0.5442354099679335,0.9422007255139057,0.32077408004691393,0.8325673025824922,0.7477942877524368,mild binary MLP P45
0.834,0.5545819642205184,0.901863354037267,0.31930801935200115,0.4716327414465136,0.6791250969928754,0.6309962104015145,0.5433266263243928,0.9426844014510278,0.31930801935200115,0.8325673025824922,0.7477942877524368,mild binary MLP P45
0.835,0.553395399780942,0.9016666666666666,0.3172555343791233,0.4693634096085023,0.6786851332398317,0.6300908868993561,0.5419072977441298,0.9429262394195889,0.3172555343791233,0.8325673025824922,0.7477942877524368,mild binary MLP P45
0.836,0.5521175611537057,0.9017632241813602,0.31490983726726285,0.46680430294469194,0.6783716983981212,0.629159876311987,0.5403499837172118,0.943409915356711,0.31490983726726285,0.8325673025824922,0.7477942877524368,mild binary MLP P45
0.837,0.5513873676524279,0.9024493243243243,0.3132971705028588,0.4651213407334857,0.6785185606251338,0.6287162998826266,0.5394065400515656,0.9441354292623942,0.3132971705028588,0.8325673025824922,0.7477942877524368,mild binary MLP P45
0.838,0.5514786418400877,0.9055720969800085,0.31212432194692863,0.46423898822503273,0.6801538579031361,0.6292181464631862,0.5392623512553736,0.9463119709794438,0.31212432194692863,0.8325673025824922,0.7477942877524368,mild binary MLP P45
0.839,0.55065717415115,0.9055555555555556,0.31065826125201584,0.462613251828403,0.6799133395233674,0.6286060351000103,0.5382629430657975,0.9465538089480048,0.31065826125201584,0.8325673025824922,0.7477942877524368,mild binary MLP P45
0.84,0.550018254837532,0.9063171465406102,0.30919220055710306,0.4610843900306078,0.6801257768860196,0.6282357617053955,0.5374209164192525,0.947279322853688,0.30919220055710306,0.8325673025824922,0.7477942877524368,mild binary MLP P45
0.841,0.5489229645856152,0.9065339679792298,0.3071397155842252,0.45882610600087603,0.6799297948629521,0.6274513571875177,0.5360640702148355,0.9477629987908102,0.3071397155842252,0.8325673025824922,0.7477942877524368,mild binary MLP P45
0.842,0.5478276743336984,0.907108591365024,0.30494062454185605,0.456440640772438,0.6799192962596793,0.6267145686191747,0.5346744538445719,0.9484885126964934,0.30494062454185605,0.8325673025824922,0.7477942877524368,mild binary MLP P45
0.843,0.5469149324571011,0.9070583077597545,0.303327957777452,0.45462535706438145,0.6796386639663325,0.6260291542212532,0.53355779953141,0.9487303506650544,0.303327957777452,0.8325673025824922,0.7477942877524368,mild binary MLP P45
0.844,0.5465498357064622,0.9083296606434552,0.3021551092215218,0.4534653465346535,0.6801922275820016,0.6259264058804102,0.5330031458925022,0.9496977025392986,0.3021551092215218,0.8325673025824922,0.7477942877524368,mild binary MLP P45
0.845,0.5457283680175247,0.9086879432624113,0.3005424424571177,0.4516910873636664,0.680148569332355,0.6253619104667693,0.531961632501467,0.9501813784764208,0.3005424424571177,0.8325673025824922,0.7477942877524368,mild binary MLP P45
0.846,0.5443592552026287,0.90917225950783,0.2979035332062747,0.44876325088339225,0.6800189929576761,0.6244052127941894,0.5302310342780371,0.950906892382104,0.2979035332062747,0.8325673025824922,0.7477942877524368,mild binary MLP P45
0.847,0.5434465133260314,0.9095002251238181,0.2961442603723794,0.446803804468038,0.6799361457616802,0.6237674143458027,0.5290740079061247,0.9513905683192261,0.2961442603723794,0.8325673025824922,0.7477942877524368,mild binary MLP P45
0.848,0.5420774005111354,0.9088848594741614,0.29394516933001025,0.44422288689487094,0.6792424297370807,0.6226678688246181,0.5274277026635783,0.9513905683192261,0.29394516933001025,0.8325673025824922,0.7477942877524368,mild binary MLP P45
0.849,0.5413472070098576,0.9100456621004567,0.2921858964961149,0.44234824103873044,0.6796406727111911,0.6222719083447926,0.5264217757398908,0.9523579201934703,0.2921858964961149,0.8325673025824922,0.7477942877524368,mild binary MLP P45
0.85,0.5411646586345381,0.9118457300275482,0.291159654009676,0.4413823758195355,0.6805184448725119,0.6223633820229759,0.5260423843784428,0.9535671100362757,0.291159654009676,0.8325673025824922,0.7477942877524368,mild binary MLP P45
0.851,0.5407995618838992,0.9128228782287823,0.2901334115232371,0.4403159417065302,0.6809221355185786,0.622213017732598,0.525505026490501,0.9542926239419589,0.2901334115232371,0.8325673025824922,0.7477942877524368,mild binary MLP P45
0.852,0.5401606425702812,0.9133055169216504,0.2888139568978156,0.4388505235018935,0.6809964338784863,0.6217951283884483,0.5246672595861099,0.954776299879081,0.2888139568978156,0.8325673025824922,0.7477942877524368,mild binary MLP P45
0.853,0.5394304490690033,0.9141390573961736,0.2872012901334115,0.43708165997322623,0.6812270233083217,0.6213515519590879,0.5236844815158068,0.9555018137847642,0.2872012901334115,0.8325673025824922,0.7477942877524368,mild binary MLP P45
0.854,0.5388828039430449,0.9146741678387248,0.2860284415774813,0.4357828903283449,0.6813538582591561,0.6210069656496838,0.5229539548107228,0.9559854897218864,0.2860284415774813,0.8325673025824922,0.7477942877524368,mild binary MLP P45
0.855,0.5377875136911281,0.9145823501651722,0.2841225626740947,0.43355704697986575,0.6810096315723451,0.620174945182271,0.5215888842669911,0.9562273276904474,0.2841225626740947,0.8325673025824922,0.7477942877524368,mild binary MLP P45
0.856,0.5374224169404892,0.9155998103366524,0.2830963201876558,0.43247480403135496,0.6814350357210559,0.6200245808918932,0.52104405738465,0.9569528415961306,0.2830963201876558,0.8325673025824922,0.7477942877524368,mild binary MLP P45
0.857,0.5365096750638919,0.9163879598662207,0.2811904412842692,0.43033430558671754,0.6815946343390678,0.6194343983930415,0.5198294085250098,0.9576783555018138,0.2811904412842692,0.8325673025824922,0.7477942877524368,mild binary MLP P45
0.858,0.5357794815626141,0.9180722891566265,0.27928456238088256,0.4282823741007194,0.6822655106406936,0.6190860538627508,0.5187662638788785,0.9588875453446191,0.27928456238088256,0.8325673025824922,0.7477942877524368,mild binary MLP P45
0.859,0.5354143848119751,0.9191283292978208,0.2782583198944436,0.42718883637182087,0.6827111672357961,0.618935689572373,0.5182159443643228,0.9596130592503023,0.2782583198944436,0.8325673025824922,0.7477942877524368,mild binary MLP P45
0.86,0.5347754654983571,0.9200779727095516,0.2767922591995309,0.42556068973289757,0.6830286539199151,0.6185654161777582,0.5173282396436556,0.9603385731559855,0.2767922591995309,0.8325673025824922,0.7477942877524368,mild binary MLP P45
0.861,0.5338627236217598,0.9200980392156862,0.2751795924351268,0.4236542150998759,0.6827946454490275,0.6178800017798367,0.5161716022246755,0.9605804111245465,0.2751795924351268,0.8325673025824922,0.7477942877524368,mild binary MLP P45
0.862,0.5329499817451625,0.920533070088845,0.2734203196012315,0.42161184582344297,0.6827749337006375,0.6172422033314501,0.5149773733518287,0.9610640870616687,0.2734203196012315,0.8325673025824922,0.7477942877524368,mild binary MLP P45
0.863,0.5316721431179262,0.9203980099502488,0.2712212285588623,0.41897859812025817,0.6823653362963853,0.616263576794546,0.5133651495302767,0.9613059250302297,0.2712212285588623,0.8325673025824922,0.7477942877524368,mild binary MLP P45
0.864,0.53039430449069,0.9198396793587175,0.26916874358598447,0.4164681864579789,0.6817390361079302,0.6152373343081071,0.5117850668830559,0.9613059250302297,0.26916874358598447,0.8325673025824922,0.7477942877524368,mild binary MLP P45
0.865,0.529390288426433,0.921092564491654,0.2669696525436153,0.41395771766310524,0.6821188404371623,0.6146214647240447,0.5103950552628475,0.962273276904474,0.2669696525436153,0.8325673025824922,0.7477942877524368,mild binary MLP P45
0.866,0.5284775465498357,0.9215486500254713,0.26521037970972,0.41188524590163933,0.6821131440942435,0.613983666275658,0.5091875955285161,0.9627569528415961,0.26521037970972,0.8325673025824922,0.7477942877524368,mild binary MLP P45
0.867,0.5275648046732384,0.9220112878399179,0.2634511068758247,0.409806157354618,0.6821114505148296,0.6133458678272715,0.5079771922064522,0.9632406287787183,0.2634511068758247,0.8325673025824922,0.7477942877524368,mild binary MLP P45
0.868,0.5264695144213216,0.9232763089683774,0.26110540976396424,0.4070857142857143,0.6824756420215765,0.6126566952084633,0.5064603468860572,0.9642079806529625,0.26110540976396424,0.8325673025824922,0.7477942877524368,mild binary MLP P45
0.869,0.5252829499817452,0.9227557411273486,0.2591995308605776,0.40471557742932357,0.6818977820680991,0.61170375575677,0.5049763845400888,0.9642079806529625,0.2591995308605776,0.8325673025824922,0.7477942877524368,mild binary MLP P45
0.87,0.5247353048557868,0.9238445378151261,0.25788007623515613,0.40320916905444126,0.6823155521598829,0.611406785396901,0.5041752981087781,0.9649334945586457,0.25788007623515613,0.8325673025824922,0.7477942877524368,mild binary MLP P45
0.871,0.5237312887915297,0.9242985706723134,0.2559741973317695,0.40091848450057405,0.682288250815367,0.6106956839137687,0.5028376697612702,0.9654171704957678,0.2559741973317695,0.8325673025824922,0.7477942877524368,mild binary MLP P45
0.872,0.5225447243519533,0.9242262540021344,0.25392171235889166,0.39838987924094305,0.6819435608262159,0.6097903604116103,0.5013058573779051,0.965659008464329,0.25392171235889166,0.8325673025824922,0.7477942877524368,mild binary MLP P45
0.873,0.5211756115370573,0.9240710823909531,0.2515760152470312,0.39548283014519475,0.6815102087413607,0.6087384308399606,0.49953981313818596,0.96590084643289,0.2515760152470312,0.8325673025824922,0.7477942877524368,mild binary MLP P45
0.874,0.5203541438481197,0.9237012987012987,0.2502565606216097,0.39381704925596955,0.6811084446954012,0.6080787035272499,0.4985018191987014,0.96590084643289,0.2502565606216097,0.8325673025824922,0.7477942877524368,mild binary MLP P45
0.875,0.5198064987221613,0.9239130434782609,0.2492303181351708,0.3925643690105069,0.6810767499093806,0.6076865012683109,0.4977688647558006,0.966142684401451,0.2492303181351708,0.8325673025824922,0.7477942877524368,mild binary MLP P45
0.876,0.5190763052208835,0.9249726177437021,0.24761765137076674,0.39065571874638605,0.681434830230011,0.6072429248389505,0.49672250694198306,0.9668681983071342,0.24761765137076674,0.8325673025824922,0.7477942877524368,mild binary MLP P45
0.877,0.5187112084702447,0.9266813671444322,0.24644480281483652,0.38934568616097276,0.6822205785623714,0.6071401764981075,0.4960963574286072,0.9678355501813785,0.24644480281483652,0.8325673025824922,0.7477942877524368,mild binary MLP P45
0.878,0.5170682730923695,0.9264214046822743,0.24365928749450227,0.38583865351131746,0.6816673711907333,0.6058683378222209,0.49396467533052524,0.9680773881499395,0.24365928749450227,0.8325673025824922,0.7477942877524368,mild binary MLP P45
0.879,0.5160642570281124,0.927405740011255,0.2416068025216244,0.38334496394510353,0.6819183618892749,0.6052048522886235,0.49255876708596624,0.9688029020556227,0.2416068025216244,0.8325673025824922,0.7477942877524368,mild binary MLP P45
0.88,0.5156078860898138,0.928652321630804,0.24043395396569417,0.3819727495050658,0.6824436798578395,0.6049811849635001,0.49184941415215766,0.9695284159613059,0.24043395396569417,0.8325673025824922,0.7477942877524368,mild binary MLP P45
0.881,0.5146038700255567,0.9301659988551803,0.23823486292332502,0.37931839402427636,0.6829676774599498,0.6043653153794376,0.49039360948216215,0.9704957678355501,0.23823486292332502,0.8325673025824922,0.7477942877524368,mild binary MLP P45
0.882,0.5135085797736401,0.9301788805539527,0.23632898401993843,0.3768996960486322,0.6826975938061968,0.6035332949120249,0.4889439339653252,0.9707376058041113,0.23632898401993843,0.8325673025824922,0.7477942877524368,mild binary MLP P45
0.883,0.5123220153340635,0.9296511627906977,0.23442310511655182,0.3744292237442922,0.6821274436733913,0.6025803554603315,0.48741654142117014,0.9707376058041113,0.23442310511655182,0.8325673025824922,0.7477942877524368,mild binary MLP P45
0.884,0.5116830960204454,0.9298655756867329,0.23325025656062162,0.37294889826535393,0.6820771902230311,0.602114850166647,0.4865491875482226,0.9709794437726723,0.23325025656062162,0.8325673025824922,0.7477942877524368,mild binary MLP P45
0.885,0.5104965315808689,0.9298349056603774,0.23119777158774374,0.37031818715510156,0.6817641050980072,0.6012095266644886,0.4849724567727729,0.9712212817412333,0.23119777158774374,0.8325673025824922,0.7477942877524368,mild binary MLP P45
0.886,0.5092186929536328,0.9292508917954816,0.22914528661486586,0.36763495236975186,0.6811447471701152,0.6001832841780496,0.4833178117803715,0.9712212817412333,0.22914528661486586,0.8325673025824922,0.7477942877524368,mild binary MLP P45
0.887,0.5085797736400146,0.9294680215182307,0.22797243805893563,0.36614080527431125,0.6810972553998564,0.5997177788843651,0.4824443778942729,0.9714631197097945,0.22797243805893563,0.8325673025824922,0.7477942877524368,mild binary MLP P45
0.888,0.5073932092004381,0.9309927360774818,0.22548013487758392,0.363035524607577,0.6815862218650521,0.5989553032308114,0.4807215721110658,0.9724304715840387,0.22548013487758392,0.8325673025824922,0.7477942877524368,mild binary MLP P45
0.889,0.5062066447608616,0.9309712889431888,0.22342764990470607,0.36036888153227714,0.6812813307040227,0.5980499797286529,0.4791289925722929,0.9726723095525998,0.22342764990470607,0.8325673025824922,0.7477942877524368,mild binary MLP P45
0.89,0.5046549835706462,0.930778739184178,0.22078874065386306,0.35691432634198367,0.6807995216589127,0.5968514440875119,0.47705435755976944,0.9729141475211608,0.22078874065386306,0.8325673025824922,0.7477942877524368,mild binary MLP P45
0.891,0.5032858707557503,0.9312070043777361,0.21829643747251137,0.3536817102137767,0.6806831217250442,0.5958471304653972,0.47516578840069207,0.973397823458283,0.21829643747251137,0.8325673025824922,0.7477942877524368,mild binary MLP P45
0.892,0.5019167579408543,0.9310998735777497,0.21595074036065093,0.3505890753302392,0.6802928426988386,0.5947952008937475,0.4733180775274336,0.973639661426844,0.21595074036065093,0.8325673025824922,0.7477942877524368,mild binary MLP P45
0.893,0.5006389193136181,0.9304846938775511,0.21389825538777305,0.3478364524973179,0.6796650141735433,0.5937689584073085,0.47163323031580384,0.973639661426844,0.21389825538777305,0.8325673025824922,0.7477942877524368,mild binary MLP P45
0.894,0.49890470974808326,0.9296320206584894,0.2111127400674388,0.34408602150537637,0.6788055925552466,0.5923762007471414,0.4693403080499855,0.973639661426844,0.2111127400674388,0.8325673025824922,0.7477942877524368,mild binary MLP P45
0.895,0.4982657904344651,0.9298701298701298,0.20993989151150858,0.34254275804329626,0.6787732127685399,0.5919106954534568,0.4684450193433956,0.973881499395405,0.20993989151150858,0.8325673025824922,0.7477942877524368,mild binary MLP P45
0.896,0.4971705001825484,0.9304461942257218,0.2078874065386307,0.33984421809466747,0.6788045220492477,0.591126290935579,0.4668926994505179,0.9743651753325272,0.2078874065386307,0.8325673025824922,0.7477942877524368,mild binary MLP P45
0.897,0.49561883899233294,0.9308050565535595,0.20510189121829644,0.3361364728495915,0.6786152649741245,0.5899753712439729,0.4647270530276807,0.9748488512696494,0.20510189121829644,0.8325673025824922,0.7477942877524368,mild binary MLP P45
0.898,0.4950711938663746,0.934006734006734,0.20334261838440112,0.3339754394413677,0.6801276411032509,0.5898212487327084,0.4636950547199489,0.9762998790810157,0.20334261838440112,0.8325673025824922,0.7477942877524368,mild binary MLP P45
0.899,0.4936108068638189,0.935064935064935,0.20055710306406685,0.3302752293577982,0.6803208379106409,0.5887912480253829,0.4615861030851216,0.9770253929866989,0.20055710306406685,0.8325673025824922,0.7477942877524368,mild binary MLP P45
0.9,0.49269806498722163,0.9352170916609235,0.1989444362996628,0.32809477756286265,0.6801808761829078,0.5881058336274614,0.46030838584888,0.97726723095526,0.1989444362996628,0.8325673025824922,0.7477942877524368,mild binary MLP P45
0.901,0.49160277473530484,0.9352818371607515,0.1970385573962762,0.3255025429886171,0.6799531362502991,0.5872738131600487,0.4587817387566493,0.9775090689238211,0.1970385573962762,0.8325673025824922,0.7477942877524368,mild binary MLP P45
0.902,0.49032493610806865,0.9358703312191684,0.19469286028441576,0.32233009708737864,0.6799515229546613,0.5863428025726795,0.45695205849102694,0.9779927448609431,0.19469286028441576,0.8325673025824922,0.7477942877524368,mild binary MLP P45
0.903,0.4887732749178532,0.9363376251788269,0.19190734496408152,0.31853023482175447,0.6798239705722551,0.5851918828810734,0.45474455946156006,0.9784764207980653,0.19190734496408152,0.8325673025824922,0.7477942877524368,mild binary MLP P45
0.904,0.4879518072289157,0.9359251259899208,0.19058789033866003,0.3166869671132765,0.679418609822597,0.5845321555683627,0.4536288433581271,0.9784764207980653,0.19058789033866003,0.8325673025824922,0.7477942877524368,mild binary MLP P45
0.905,0.4865826944140197,0.9352256186317321,0.18838879929629088,0.3136058572300183,0.6787378354064526,0.5834326100471781,0.4517653839623883,0.9784764207980653,0.18838879929629088,0.8325673025824922,0.7477942877524368,mild binary MLP P45
0.906,0.48521358159912376,0.9345106696100074,0.1861897082539217,0.3105134474327628,0.6780503749217068,0.5823330645259935,0.449896980051948,0.9784764207980653,0.1861897082539217,0.8325673025824922,0.7477942877524368,mild binary MLP P45
0.907,0.48347937203358893,0.9355322338830585,0.18296437472511362,0.3060698957694666,0.6781693595106417,0.5810831547144311,0.44735783804974016,0.9792019347037485,0.18296437472511362,0.8325673025824922,0.7477942877524368,mild binary MLP P45
0.908,0.48238408178167214,0.936267071320182,0.18091188975223574,0.30323135520334193,0.6782912447283624,0.5802987501965532,0.4457418665220224,0.9796856106408706,0.18091188975223574,0.8325673025824922,0.7477942877524368,mild binary MLP P45
0.909,0.48110624315443595,0.936923076923077,0.17856619264037532,0.2999630587366088,0.6783310496462941,0.5793677396091841,0.44386884718427133,0.9801692865779927,0.17856619264037532,0.8325673025824922,0.7477942877524368,mild binary MLP P45
0.91,0.4799196787148594,0.9362859362859363,0.1766603137369887,0.29723729649728664,0.6777303091296265,0.5784148001574907,0.4422291959159861,0.9801692865779927,0.1766603137369887,0.8325673025824922,0.7477942877524368,mild binary MLP P45
0.911,0.4788243884629427,0.9356862745098039,0.17490104090309339,0.29471343873517786,0.6771706860618434,0.577535163740543,0.4407122491880869,0.9801692865779927,0.17490104090309339,0.8325673025824922,0.7477942877524368,mild binary MLP P45
0.912,0.47800292077400514,0.9373015873015873,0.17314176806919807,0.29229055809924515,0.6778092094923778,0.577018284276437,0.4393995629047307,0.9808948004836759,0.17314176806919807,0.8325673025824922,0.7477942877524368,mild binary MLP P45
0.913,0.47690763052208834,0.9381028938906752,0.17108928309632018,0.2893986360818351,0.6779682508992091,0.5762338797585591,0.4377591866045053,0.9813784764207981,0.17108928309632018,0.8325673025824922,0.7477942877524368,mild binary MLP P45
0.914,0.47599488864549105,0.9383116883116883,0.16947661633191613,0.2870979759095989,0.6778662513956631,0.5755484653606376,0.43642726200054593,0.9816203143893591,0.16947661633191613,0.8325673025824922,0.7477942877524368,mild binary MLP P45
0.915,0.47535596933187296,0.9408381265406738,0.1678639495675121,0.28489674048270713,0.6790133748012949,0.5752258079155578,0.43529830537181347,0.9825876662636034,0.1678639495675121,0.8325673025824922,0.7477942877524368,mild binary MLP P45
0.916,0.47508214676889376,0.9436152570480929,0.16683770708107315,0.2835430422324654,0.680371731088149,0.5751963626094604,0.43467753480006416,0.9835550181378476,0.16683770708107315,0.8325673025824922,0.7477942877524368,mild binary MLP P45
0.917,0.47353048557867833,0.9428090832632464,0.16434540389972144,0.27990012484394505,0.6796056269188148,0.5739502110187845,0.43249789726587984,0.9835550181378476,0.16434540389972144,0.8325673025824922,0.7477942877524368,mild binary MLP P45
0.918,0.4724351953267616,0.9437340153452686,0.16229291892684358,0.2769577182887165,0.6798298002720414,0.5731658065009066,0.4308340825960036,0.9840386940749698,0.16229291892684358,0.8325673025824922,0.7477942877524368,mild binary MLP P45
0.919,0.4709748083242059,0.9429559204840103,0.15994722181498314,0.27350213085986463,0.6791011871018888,0.5719929579449765,0.42877058602703294,0.9840386940749698,0.15994722181498314,0.8325673025824922,0.7477942877524368,mild binary MLP P45
0.92,0.47015334063526837,0.9432809773123909,0.15848116112007038,0.27136939876992594,0.6790818749966644,0.5713808465818007,0.4275455814215352,0.9842805320435308,0.15848116112007038,0.8325673025824922,0.7477942877524368,mild binary MLP P45
0.921,0.46851040525739324,0.9423758865248227,0.1558422518692274,0.2674550257894075,0.6782494003238684,0.5700613919563791,0.42521215086648634,0.9842805320435308,0.1558422518692274,0.8325673025824922,0.7477942877524368,mild binary MLP P45
0.922,0.467232566630157,0.9424460431654677,0.15364316082685822,0.264212782049666,0.6779987225173133,0.569082765419475,0.4233289391327091,0.9845223700120919,0.15364316082685822,0.8325673025824922,0.7477942877524368,mild binary MLP P45
0.923,0.4654983570646221,0.9422548120989918,0.1507110394370327,0.25985844287158744,0.6775136199369769,0.5677376237088428,0.4207863642929366,0.984764207980653,0.1507110394370327,0.8325673025824922,0.7477942877524368,mild binary MLP P45
0.924,0.4644943410003651,0.9433085501858736,0.1488051605336461,0.257059642902368,0.6778283641617627,0.5670265222257106,0.4192183694354865,0.9852478839177751,0.1488051605336461,0.8325673025824922,0.7477942877524368,mild binary MLP P45
0.925,0.4635815991237678,0.9427767354596623,0.14733909983873333,0.25484975275770255,0.6773539895700739,0.5662934918782542,0.4179061598013112,0.9852478839177751,0.14733909983873333,0.8325673025824922,0.7477942877524368,mild binary MLP P45
0.926,0.46157356699525376,0.9424184261036468,0.14396716024043396,0.24977743863665267,0.6767266631224307,0.564728441063385,0.41494495107859397,0.9854897218863361,0.14396716024043396,0.8325673025824922,0.7477942877524368,mild binary MLP P45
0.927,0.4601131799926981,0.9423828125,0.14147485705908225,0.24601657106437222,0.6763867344819774,0.5636032084569897,0.4127644524476621,0.9857315598548972,0.14147485705908225,0.8325673025824922,0.7477942877524368,mild binary MLP P45
0.928,0.4582876962395035,0.9421157684630739,0.13839612959976544,0.2413396395244791,0.6758499276311752,0.5621847637116119,0.4100445092362973,0.9859733978234583,0.13839612959976544,0.8325673025824922,0.7477942877524368,mild binary MLP P45
0.929,0.4569185834246075,0.9421319796954315,0.136050432487905,0.2377658211632078,0.6755590196340963,0.5611328341399622,0.40797974880647275,0.9862152357920193,0.136050432487905,0.8325673025824922,0.7477942877524368,mild binary MLP P45
0.93,0.4550018254837532,0.9417879417879418,0.13282509895909692,0.23281510985481177,0.6749664143600506,0.5596410863598387,0.4051045610849542,0.9864570737605804,0.13282509895909692,0.8325673025824922,0.7477942877524368,mild binary MLP P45
0.931,0.4534501642935378,0.9445037353255069,0.12974637149978008,0.22815158546017014,0.676014718246644,0.5585853985673024,0.40254548327692696,0.9874244256348247,0.12974637149978008,0.8325673025824922,0.7477942877524368,mild binary MLP P45
0.932,0.4528112449799197,0.946969696969697,0.12828031080486732,0.22595222724338282,0.6771331738437002,0.5582151251726876,0.40139285675714703,0.9881499395405079,0.12828031080486732,0.8325673025824922,0.7477942877524368,mild binary MLP P45
0.933,0.4514421321650237,0.9470782800441014,0.1259346136930069,0.22230848861283645,0.6768927075412069,0.5571631956010379,0.39929581227032124,0.9883917775090689,0.1259346136930069,0.8325673025824922,0.7477942877524368,mild binary MLP P45
0.934,0.4497991967871486,0.9460067491563554,0.12329570444216391,0.21815823605706874,0.6759933417978061,0.5558437409756164,0.39685548755395333,0.9883917775090689,0.12329570444216391,0.8325673025824922,0.7477942877524368,mild binary MLP P45
0.935,0.4483388097845929,0.9470655926352128,0.12065679519132091,0.21404421326397918,0.6762194226683549,0.554766124318756,0.39453441151175334,0.9888754534461911,0.12065679519132091,0.8325673025824922,0.7477942877524368,mild binary MLP P45
0.936,0.4467871485943775,0.9460093896713615,0.11816449200996922,0.2100873191711195,0.6753503005363933,0.5535199727280802,0.39221270235541716,0.9888754534461911,0.11816449200996922,0.8325673025824922,0.7477942877524368,mild binary MLP P45
0.937,0.4455093099671413,0.9451073985680191,0.11611200703709133,0.20681551116333724,0.6746193249017205,0.5524937302416412,0.39029472674563415,0.9888754534461911,0.11611200703709133,0.8325673025824922,0.7477942877524368,mild binary MLP P45
0.9380000000000001,0.44359255202628695,0.9436964504283966,0.11303327957777452,0.20188531029065201,0.6734953304514012,0.5509543665119828,0.3874075563643256,0.9888754534461911,0.11303327957777452,0.8325673025824922,0.7477942877524368,mild binary MLP P45
0.9390000000000001,0.44295363271266885,0.9465174129353234,0.11156721888286175,0.1996065573770492,0.6747953494936665,0.550584093117368,0.38621750140847977,0.9896009673518742,0.11156721888286175,0.8325673025824922,0.7477942877524368,mild binary MLP P45
0.9400000000000001,0.4416757940854326,0.9489795918367347,0.10907491570151004,0.19566074950690335,0.6757776449156148,0.5497006984795337,0.38405390169830383,0.9903264812575574,0.10907491570151004,0.8325673025824922,0.7477942877524368,mild binary MLP P45
0.9410000000000001,0.4405805038335159,0.9493506493506494,0.10716903679812344,0.1925964958503491,0.6757356034893832,0.548868678012121,0.3823117944652206,0.9905683192261185,0.10716903679812344,0.8325673025824922,0.7477942877524368,mild binary MLP P45
0.9420000000000001,0.43838992332968235,0.9477211796246648,0.1036504911303328,0.1868640148011101,0.674448248970021,0.5471094051782257,0.3789670370276028,0.9905683192261185,0.1036504911303328,0.8325673025824922,0.7477942877524368,mild binary MLP P45
0.9430000000000001,0.43683826213946697,0.9489655172413793,0.10086497580999854,0.18234826398091705,0.6747564366580272,0.5459584854866195,0.3764309884571159,0.9910519951632406,0.10086497580999854,0.8325673025824922,0.7477942877524368,mild binary MLP P45
0.9440000000000001,0.4357429718875502,0.9506346967559943,0.09881249083712065,0.1790172642762284,0.675375902101038,0.5451740809687418,0.3745872025733805,0.9915356711003628,0.09881249083712065,0.8325673025824922,0.7477942877524368,mild binary MLP P45
0.9450000000000001,0.4336436655713764,0.9502923976608187,0.09529394516933001,0.173217854763491,0.6747665259332132,0.5435357271191269,0.37126222091960903,0.9917775090689238,0.09529394516933001,0.8325673025824922,0.7477942877524368,mild binary MLP P45
0.9460000000000001,0.43227455275648047,0.9518796992481203,0.0928016419879783,0.16911568260753407,0.675288795304752,0.5425314134970122,0.3689748661200709,0.992261185006046,0.0928016419879783,0.8325673025824922,0.7477942877524368,mild binary MLP P45
0.9470000000000001,0.4313618108798832,0.9525267993874426,0.09118897522357426,0.16644367139416644,0.6754286913563439,0.5418459990990906,0.3674717318045774,0.992503022974607,0.09118897522357426,0.8325673025824922,0.7477942877524368,mild binary MLP P45
0.9480000000000001,0.42999269806498724,0.95141065830721,0.0889898841812051,0.16275640166242122,0.6745810802681621,0.5407464535779061,0.36533308908970363,0.992503022974607,0.0889898841812051,0.8325673025824922,0.7477942877524368,mild binary MLP P45
0.9490000000000001,0.4283497626871121,0.9514563106796117,0.08620436886087084,0.15808576421562037,0.6742675246568884,0.5394746149020194,0.36267447196478525,0.992744860943168,0.08620436886087084,0.8325673025824922,0.7477942877524368,mild binary MLP P45
0.9500000000000001,0.4269806498722161,0.9517470881863561,0.0838586717490104,0.1541363513877661,0.6741352534123475,0.5384226853303697,0.36043601558346205,0.9929866989117292,0.0838586717490104,0.8325673025824922,0.7477942877524368,mild binary MLP P45
0.9510000000000001,0.42542898868200074,0.9518900343642611,0.08121976249816742,0.1496690530865865,0.6738918072341837,0.5372241496892288,0.35790020991223664,0.9932285368802902,0.08121976249816742,0.8325673025824922,0.7477942877524368,mild binary MLP P45
0.9520000000000001,0.4238773274917853,0.9504424778761061,0.07872745931681571,0.1454102355808286,0.672844181869436,0.535977998098553,0.35543952506013754,0.9932285368802902,0.07872745931681571,0.8325673025824922,0.7477942877524368,mild binary MLP P45
0.9530000000000001,0.42278203723986857,0.9542961608775137,0.07652836827444656,0.14169381107491857,0.6745733854632548,0.53524120953021,0.3534376646133669,0.9939540507859734,0.07652836827444656,0.8325673025824922,0.7477942877524368,mild binary MLP P45
0.9540000000000001,0.4218692953632713,0.9568480300187617,0.07476909544055124,0.13870002719608376,0.6756800833198481,0.5346034110818234,0.3518063949691093,0.9944377267230955,0.07476909544055124,0.8325673025824922,0.7477942877524368,mild binary MLP P45
0.9550000000000001,0.4206827309236948,0.9593023255813954,0.07257000439818208,0.13493253373313344,0.6766818141316939,0.5337457035291999,0.34973041780996295,0.9949214026602177,0.07257000439818208,0.8325673025824922,0.7477942877524368,mild binary MLP P45
0.9560000000000001,0.419587440671778,0.962,0.07051751942530421,0.1314028138232482,0.6778247895944912,0.5329612990113219,0.3477931072748617,0.9954050785973397,0.07051751942530421,0.8325673025824922,0.7477942877524368,mild binary MLP P45
0.9570000000000001,0.41812705366922237,0.9626556016597511,0.0680252162439525,0.12707106668492402,0.6778620761783575,0.5318360664049266,0.345348114627971,0.9956469165659009,0.0680252162439525,0.8325673025824922,0.7477942877524368,mild binary MLP P45
0.9580000000000001,0.4174881343556042,0.9660297239915074,0.066705761618531,0.12479429511793746,0.6794383240844519,0.531418177060777,0.34413449366019994,0.9961305925030229,0.066705761618531,0.8325673025824922,0.7477942877524368,mild binary MLP P45
0.9590000000000001,0.41566265060240964,0.9645232815964523,0.06377364022870546,0.11963696369636964,0.678311141036208,0.5299521163658643,0.3411709408645783,0.9961305925030229,0.06377364022870546,0.8325673025824922,0.7477942877524368,mild binary MLP P45
0.96,0.4146586345381526,0.9678899082568807,0.06186776132531887,0.11630150199807082,0.6798099731398473,0.529241014882732,0.33935170630439193,0.9966142684401451,0.06186776132531887,0.8325673025824922,0.7477942877524368,mild binary MLP P45
0.961,0.41338079591091637,0.966824644549763,0.059815276352440994,0.11266049979290349,0.6790170308376307,0.5282147723962931,0.33726282880435277,0.9966142684401451,0.059815276352440994,0.8325673025824922,0.7477942877524368,mild binary MLP P45
0.962,0.4121942314713399,0.9657701711491442,0.05790939744905439,0.10926694329183956,0.6782486960799291,0.5272618329445997,0.33531730218671807,0.9966142684401451,0.05790939744905439,0.8325673025824922,0.7477942877524368,mild binary MLP P45
0.963,0.41109894121942314,0.964735516372796,0.056150124615159065,0.10612357993904128,0.6775093435638011,0.5263821965276521,0.3335163972922374,0.9966142684401451,0.056150124615159065,0.8325673025824922,0.7477942877524368,mild binary MLP P45
0.964,0.4100036509675064,0.9636363636363636,0.054390851781263745,0.10296974743269498,0.676738246145114,0.5255025601107044,0.33171063191028194,0.9966142684401451,0.054390851781263745,0.8325673025824922,0.7477942877524368,mild binary MLP P45
0.965,0.4086345381526104,0.9621621621621622,0.05219176073889459,0.09901265470727298,0.6757249503423696,0.5244030145895199,0.32944654880598345,0.9966142684401451,0.05219176073889459,0.8325673025824922,0.7477942877524368,mild binary MLP P45
0.966,0.4075392479006937,0.96875,0.04999266969652544,0.09507876760072494,0.6788299226706903,0.5236662260211769,0.3273412699527473,0.9973397823458283,0.04999266969652544,0.8325673025824922,0.7477942877524368,mild binary MLP P45
0.967,0.4063526834611172,0.967551622418879,0.04808679079313884,0.09162011173184358,0.6779926332872392,0.5227132865694836,0.32536537039954433,0.9973397823458283,0.04808679079313884,0.8325673025824922,0.7477942877524368,mild binary MLP P45
0.968,0.40534866739686015,0.9664634146341463,0.04647412402873479,0.08868373199048818,0.6772475146185409,0.5219069531872815,0.32368888218436553,0.9973397823458283,0.04647412402873479,0.8325673025824922,0.7477942877524368,mild binary MLP P45
0.969,0.40443592552026286,0.9654088050314465,0.04500806333382202,0.08600644347947892,0.6765378298516886,0.5211739228398252,0.3221611449780797,0.9973397823458283,0.04500806333382202,0.8325673025824922,0.7477942877524368,mild binary MLP P45
0.97,0.40224534501642933,0.9657534246575342,0.0413429115965401,0.079291438211725,0.6762844392605001,0.5194622659554647,0.31838076877138044,0.9975816203143894,0.0413429115965401,0.8325673025824922,0.7477942877524368,mild binary MLP P45
0.971,0.40105878057685285,0.9675090252707581,0.03929042662366222,0.07551422936038321,0.6769373949277285,0.5185569424533063,0.31627743329771557,0.9978234582829504,0.03929042662366222,0.8325673025824922,0.7477942877524368,mild binary MLP P45
0.972,0.39978094194961666,0.9657794676806084,0.03723794165078434,0.07171089779785432,0.6758196880159331,0.5175306999668674,0.31411279985657486,0.9978234582829504,0.03723794165078434,0.8325673025824922,0.7477942877524368,mild binary MLP P45
0.973,0.3990507484483388,0.9721115537848606,0.035771880955871575,0.06900452488687783,0.6788628763786517,0.517039507587972,0.31266937834640385,0.9983071342200726,0.035771880955871575,0.8325673025824922,0.7477942877524368,mild binary MLP P45
0.974,0.39786418400876233,0.9745762711864406,0.03371939598299369,0.06518350573898257,0.679872090817101,0.5161341840858137,0.31054530386242296,0.9985489721886336,0.03371939598299369,0.8325673025824922,0.7477942877524368,mild binary MLP P45
0.975,0.39704271631982474,0.973568281938326,0.0323999413575722,0.0627128263337117,0.6792065475308183,0.5154744567731029,0.30914166612702804,0.9985489721886336,0.0323999413575722,0.8325673025824922,0.7477942877524368,mild binary MLP P45
0.976,0.3960387002555677,0.9722222222222222,0.030787274593168157,0.05968452465539292,0.6783364369956548,0.5146681233909008,0.3074220942604696,0.9985489721886336,0.030787274593168157,0.8325673025824922,0.7477942877524368,mild binary MLP P45
0.977,0.3953085067542899,0.9757281553398058,0.029467819967746663,0.057207912338124375,0.6799571009257168,0.5141293150624707,0.3060644869047021,0.9987908101571947,0.029467819967746663,0.8325673025824922,0.7477942877524368,mild binary MLP P45
0.978,0.39357429718875503,0.9732620320855615,0.026682304647412402,0.05194063926940639,0.6783851250594025,0.5127365574023036,0.30307713659659263,0.9987908101571947,0.026682304647412402,0.8325673025824922,0.7477942877524368,mild binary MLP P45
0.979,0.39293537787513694,0.9829545454545454,0.025362850021990912,0.049449764184650566,0.6831284786641929,0.5123186680581538,0.30176142248790017,0.9992744860943168,0.025362850021990912,0.8325673025824922,0.7477942877524368,mild binary MLP P45
0.98,0.39184008762322015,0.9876543209876543,0.02345697111860431,0.045825576399828157,0.685276113615932,0.511486647590741,0.29975651517425933,0.9995163240628778,0.02345697111860431,0.8325673025824922,0.7477942877524368,mild binary MLP P45
0.981,0.3904709748083242,0.993103448275862,0.02111127400674388,0.041343669250646,0.6877458782402343,0.5104347180190915,0.2972675793061741,0.999758162031439,0.02111127400674388,0.8325673025824922,0.7477942877524368,mild binary MLP P45
0.982,0.3893756845564075,1.0,0.019205395103357278,0.03768699654775604,0.6909930715935335,0.5096026975516786,0.2952472415893861,1.0,0.019205395103357278,0.8325673025824922,0.7477942877524368,mild binary MLP P45
0.983,0.3882803943044907,1.0,0.017446122269461954,0.03429394812680115,0.6907815816185291,0.508723061134731,0.2933291808494011,1.0,0.017446122269461954,0.8325673025824922,0.7477942877524368,mild binary MLP P45
0.984,0.38691128148959475,1.0,0.015247031227092802,0.03003610108303249,0.6905178768890528,0.5076235156135463,0.29092383555519474,1.0,0.015247031227092802,0.8325673025824922,0.7477942877524368,mild binary MLP P45
0.985,0.38599853961299746,1.0,0.013780970532180033,0.027187274041937815,0.690342478364942,0.50689048526609,0.28931544804984133,1.0,0.013780970532180033,0.8325673025824922,0.7477942877524368,mild binary MLP P45
0.986,0.3852683461117196,1.0,0.012608121976249817,0.024902273056319677,0.6902023919043239,0.5063040609881249,0.28802594492536077,1.0,0.012608121976249817,0.8325673025824922,0.7477942877524368,mild binary MLP P45
0.987,0.384446878422782,1.0,0.011288667350828323,0.022325311684546247,0.6900450409044949,0.5056443336754142,0.286572273532429,1.0,0.011288667350828323,0.8325673025824922,0.7477942877524368,mild binary MLP P45
0.988,0.3837166849215042,1.0,0.01011581879489811,0.020029027576197386,0.6899053917516303,0.5050579093974491,0.28527746146483945,1.0,0.01011581879489811,0.8325673025824922,0.7477942877524368,mild binary MLP P45
0.989,0.3827126688572472,1.0,0.008503152030494062,0.016862916121529292,0.6897137089374197,0.5042515760152471,0.28349298935857614,1.0,0.008503152030494062,0.8325673025824922,0.7477942877524368,mild binary MLP P45
0.99,0.38198247535596935,1.0,0.007330303474563847,0.014553922282055013,0.6895745461214011,0.5036651517372819,0.28219219284104746,1.0,0.007330303474563847,0.8325673025824922,0.7477942877524368,mild binary MLP P45
0.991,0.381069733479372,1.0,0.005864242779651078,0.011660107855997668,0.6894008794430194,0.5029321213898256,0.28056262983657637,1.0,0.005864242779651078,0.8325673025824922,0.7477942877524368,mild binary MLP P45
0.992,0.3801569916027747,1.0,0.004398182084738308,0.008757845569989783,0.6892275306608091,0.5021990910423692,0.27892908545679623,1.0,0.004398182084738308,0.8325673025824922,0.7477942877524368,mild binary MLP P45
0.993,0.3794267981014969,1.0,0.0032253335288080927,0.006429928393979249,0.6890890799341504,0.5016126667644041,0.277619370594229,1.0,0.0032253335288080927,0.8325673025824922,0.7477942877524368,mild binary MLP P45
0.994,0.37869660460021903,1.0,0.002052484972877877,0.004096561814191661,0.6889508316578322,0.5010262424864389,0.27630708570911217,1.0,0.002052484972877877,0.8325673025824922,0.7477942877524368,mild binary MLP P45
0.995,0.37833150784958014,1.0,0.0014660606949127694,0.0029278290147855364,0.6888817832998355,0.5007330303474564,0.27564997643962535,1.0,0.0014660606949127694,0.8325673025824922,0.7477942877524368,mild binary MLP P45
0.996,0.3781489594742607,1.0,0.0011728485559302155,0.0023429491872895007,0.6888472780416515,0.5005864242779651,0.27532117955950036,1.0,0.0011728485559302155,0.8325673025824922,0.7477942877524368,mild binary MLP P45
0.997,0.37778386272362174,1.0,0.0005864242779651077,0.0011721611721611722,0.6887783053323594,0.5002932121389826,0.2746631005370317,1.0,0.0005864242779651077,0.8325673025824922,0.7477942877524368,mild binary MLP P45
0.998,0.37741876597298285,0.0,0.0,0.0,0.18870938298649143,0.5,0.27400437346762974,1.0,0.0,0.8325673025824922,0.7477942877524368,mild binary MLP P45
0.999,0.37741876597298285,0.0,0.0,0.0,0.18870938298649143,0.5,0.27400437346762974,1.0,0.0,0.8325673025824922,0.7477942877524368,mild binary MLP P45
1.0,0.37741876597298285,0.0,0.0,0.0,0.18870938298649143,0.5,0.27400437346762974,1.0,0.0,0.8325673025824922,0.7477942877524368,mild binary MLP P45
