threshold,accuracy,precision,recall,f1,macro_precision,macro_recall,macro_f1,recall_123,recall_45,auc_pr,auc_roc,method
0.0,0.6778933917488135,0.6893259719346676,0.8786101744612227,0.7725427006123107,0.6616391132882887,0.6127029106888943,0.6104389288586018,0.3467956469165659,0.8786101744612227,0.8293756687535543,0.7411281789097508,5-class margin P45-P3
0.001,0.6776195691858342,0.689349453080023,0.877730538044275,0.7722172062427447,0.661055175681359,0.612625849433262,0.6104295522315815,0.3475211608222491,0.877730538044275,0.8293756687535543,0.7411281789097508,5-class margin P45-P3
0.002,0.6776195691858342,0.6895677233429395,0.8769975076968186,0.7720702116675271,0.6608732961300405,0.6128639291809366,0.6107857292751601,0.3487303506650544,0.8769975076968186,0.8293756687535543,0.7411281789097508,5-class margin P45-P3
0.003,0.6778021175611537,0.6899896085902321,0.876117871279871,0.771993282521638,0.6608989437286672,0.613391462846707,0.6115020844956557,0.35066505441354295,0.876117871279871,0.8293756687535543,0.7411281789097508,5-class margin P45-P3
0.004,0.6774370208105148,0.6899341268924073,0.8752382348629233,0.7716169057774331,0.6602080534592301,0.6131934826067942,0.611344333597011,0.3511487303506651,0.8752382348629233,0.8293756687535543,0.7411281789097508,5-class margin P45-P3
0.005,0.6778021175611537,0.6903852828878861,0.8747984166544495,0.7717278841179513,0.6605839081970775,0.613820006392521,0.6121356542177846,0.3528415961305925,0.8747984166544495,0.8293756687535543,0.7411281789097508,5-class margin P45-P3
0.006,0.6776195691858342,0.69048998030812,0.8739187802375018,0.7714507570855442,0.660139523085614,0.6138638641211693,0.6122661032253364,0.35380894800483675,0.8739187802375018,0.8293756687535543,0.7411281789097508,5-class margin P45-P3
0.007,0.6778021175611537,0.6906941708193302,0.8737721741680106,0.7715210355987056,0.6603449367203655,0.6141533180392653,0.6126252655554654,0.35453446191051996,0.8737721741680106,0.8293756687535543,0.7411281789097508,5-class margin P45-P3
0.008,0.6780759401241329,0.6910229645093946,0.873478962029028,0.7716117334714757,0.6606357324689218,0.6146113068911766,0.6131980448158121,0.3557436517533253,0.873478962029028,0.8293756687535543,0.7411281789097508,5-class margin P45-P3
0.009000000000000001,0.6784410368747719,0.6915659851301115,0.8727459316815717,0.7716637500810163,0.6609448324287696,0.6153330625759732,0.6141212472447346,0.35792019347037485,0.8727459316815717,0.8293756687535543,0.7411281789097508,5-class margin P45-P3
0.01,0.6788061336254108,0.6920214003256572,0.8723061134730978,0.7717750826901875,0.6613202845563824,0.6159595863617,0.6149034045824262,0.3596130592503023,0.8723061134730978,0.8293756687535543,0.7411281789097508,5-class margin P45-P3
0.011,0.6786235852500913,0.6922180801491147,0.8711332649171676,0.7714378448555663,0.6608223621656197,0.6160986759894181,0.6151641352754856,0.3610640870616687,0.8711332649171676,0.8293756687535543,0.7411281789097508,5-class margin P45-P3
0.012,0.6789886820007301,0.6926305970149254,0.870840052778185,0.7715788790024031,0.6612312648940173,0.61667758382561,0.6158738600691217,0.36251511487303506,0.870840052778185,0.8293756687535543,0.7411281789097508,5-class margin P45-P3
0.013000000000000001,0.6793537787513692,0.6929988331388565,0.8706934467086938,0.7717497238645962,0.6616712522777266,0.6172088757122671,0.616514334405845,0.3637243047158404,0.8706934467086938,0.8293756687535543,0.7411281789097508,5-class margin P45-P3
0.014,0.6795363271266885,0.6934315100514259,0.8698138102917461,0.7716719776289264,0.6617157550257129,0.6177364093780375,0.617205537399008,0.3656590084643289,0.8698138102917461,0.8293756687535543,0.7411281789097508,5-class margin P45-P3
0.015,0.6799014238773274,0.6938465138043987,0.8695205981527635,0.7718133905914504,0.6621225924503721,0.6183153172142294,0.6179103633379077,0.3671100362756953,0.8695205981527635,0.8293756687535543,0.7411281789097508,5-class margin P45-P3
0.016,0.6799926980649872,0.6940639269406392,0.8690807799442897,0.7717745085275355,0.6621458351059304,0.6185790840471146,0.6182536664775082,0.36807738814993957,0.8690807799442897,0.8293756687535543,0.7411281789097508,5-class margin P45-P3
0.017,0.6799014238773274,0.6941645183970002,0.8684943556663246,0.771605340280039,0.6619047199747181,0.6186486288609736,0.6183785432527235,0.3688029020556227,0.8684943556663246,0.8293756687535543,0.7411281789097508,5-class margin P45-P3
0.018000000000000002,0.6802665206279664,0.6946269357109338,0.8680545374578508,0.7717171717171717,0.6622805731186248,0.6192751526467004,0.6191462362316633,0.37049576783555016,0.8680545374578508,0.8293756687535543,0.7411281789097508,5-class margin P45-P3
0.019,0.6804490690032858,0.6948814275651561,0.8677613253188682,0.7717582632505379,0.6624530189507487,0.6196122225143313,0.6195623812829595,0.37146311970979445,0.8677613253188682,0.8293756687535543,0.7411281789097508,5-class margin P45-P3
0.02,0.6805403431909456,0.6951463156657657,0.8671749010409031,0.771689497716895,0.662448515413594,0.6199236052967514,0.6199681156162719,0.3726723095525998,0.8671749010409031,0.8293756687535543,0.7411281789097508,5-class margin P45-P3
0.021,0.6804490690032858,0.6952481768995531,0.8665884767629379,0.7715199373490831,0.6622125155076413,0.6199931501106104,0.6200899125203452,0.37339782345828293,0.8665884767629379,0.8293756687535543,0.7411281789097508,5-class margin P45-P3
0.022,0.6807228915662651,0.6955856386109476,0.8662952646239555,0.7716113867850614,0.6625022870015322,0.6204511389625218,0.6206449899358903,0.37460701330108825,0.8662952646239555,0.8293756687535543,0.7411281789097508,5-class margin P45-P3
0.023,0.6806316173786053,0.6957802923149458,0.8654156282070078,0.7713819013394315,0.6622105345069875,0.6206159156754507,0.6208960361850783,0.3758162031438936,0.8654156282070078,0.8293756687535543,0.7411281789097508,5-class margin P45-P3
0.024,0.6807228915662651,0.6961860904475144,0.8643893857205688,0.7712230215827338,0.6621260166753054,0.6210701463064754,0.6214919094624632,0.3777509068923821,0.8643893857205688,0.8293756687535543,0.7411281789097508,5-class margin P45-P3
0.025,0.6807228915662651,0.6964180163139851,0.8636563553731125,0.7710732984293194,0.6619855399951984,0.6213082260541499,0.6218152981893279,0.37896009673518743,0.8636563553731125,0.8293756687535543,0.7411281789097508,5-class margin P45-P3
0.026000000000000002,0.681087988316904,0.6968406105786298,0.8633631432341299,0.7712152959664746,0.6623923611775384,0.6218871338903418,0.6225052383446831,0.3804111245465538,0.8633631432341299,0.8293756687535543,0.7411281789097508,5-class margin P45-P3
0.027,0.6809967141292442,0.6970379146919431,0.8624835068171822,0.770984863377236,0.662111962115447,0.6220519106032707,0.622749986943467,0.3816203143893591,0.8624835068171822,0.8293756687535543,0.7411281789097508,5-class margin P45-P3
0.028,0.6807228915662651,0.6970703356659945,0.8616038704002346,0.7706530291109362,0.6616044747636903,0.6219748493476385,0.6227139019428555,0.3823458282950423,0.8616038704002346,0.8293756687535543,0.7411281789097508,5-class margin P45-P3
0.029,0.6805403431909456,0.6971387866555859,0.8608708400527781,0.7704014694305956,0.6612421134225424,0.6219710911267519,0.6227532242173974,0.38307134220072553,0.8608708400527781,0.8293756687535543,0.7411281789097508,5-class margin P45-P3
0.03,0.6803577948156262,0.6971605084947131,0.8602844157748131,0.7701798136238351,0.6609079423135243,0.6219197169563304,0.6227285043546206,0.38355501813784765,0.8602844157748131,0.8293756687535543,0.7411281789097508,5-class margin P45-P3
0.031,0.6799014238773274,0.6970273483947681,0.8594047793578654,0.769745912940713,0.6601790316207934,0.621600817732137,0.622412246995727,0.3837968561064087,0.8594047793578654,0.8293756687535543,0.7411281789097508,5-class margin P45-P3
0.032,0.6799014238773274,0.6971211039733524,0.8591115672188828,0.7696854272016812,0.6601291794376566,0.6216960496312068,0.6225390486793746,0.38428053204353085,0.8591115672188828,0.8293756687535543,0.7411281789097508,5-class margin P45-P3
0.033,0.679718875502008,0.6971428571428572,0.8585251429409178,0.769463241574141,0.6597999105745584,0.6216446754607854,0.6225137161390358,0.384764207980653,0.8585251429409178,0.8293756687535543,0.7411281789097508,5-class margin P45-P3
0.034,0.6795363271266885,0.6972116301239275,0.8577921125934613,0.7692105436140143,0.6594482487593116,0.6216409172398988,0.6225512338909003,0.3854897218863362,0.8577921125934613,0.8293756687535543,0.7411281789097508,5-class margin P45-P3
0.035,0.679718875502008,0.6977077363896849,0.8567658701070224,0.7690991643087451,0.6595127829235246,0.6222160668552041,0.6232688673368,0.38766626360338574,0.8567658701070224,0.8293756687535543,0.7411281789097508,5-class margin P45-P3
0.036000000000000004,0.6798101496896678,0.6979801601529819,0.8561794458290574,0.7690281801422175,0.6595346918957261,0.6225274496376242,0.6236574571145352,0.38887545344619107,0.8561794458290574,0.8293756687535543,0.7411281789097508,5-class margin P45-P3
0.037,0.6801752464403067,0.6983614400191365,0.856032839759566,0.769200368857858,0.6599707007417455,0.6230587415242812,0.6242732899267002,0.3900846432889964,0.856032839759566,0.8293756687535543,0.7411281789097508,5-class margin P45-P3
0.038,0.6808141657539248,0.6989942528735632,0.8558862336900748,0.7695248138140117,0.6607490465596695,0.6239527903637798,0.6253025463935766,0.39201934703748487,0.8558862336900748,0.8293756687535543,0.7411281789097508,5-class margin P45-P3
0.039,0.6808141657539248,0.699137311286844,0.8554464154816009,0.7694336388211248,0.6606797667545331,0.6240956382123846,0.6254877608486646,0.3927448609431681,0.8554464154816009,0.8293756687535543,0.7411281789097508,5-class margin P45-P3
0.04,0.6809967141292442,0.6994004796163069,0.8551532033426184,0.7694743090825144,0.6608623193188568,0.6244327080800154,0.6258866138806143,0.3937122128174123,0.8551532033426184,0.8293756687535543,0.7411281789097508,5-class margin P45-P3
0.041,0.6811792625045637,0.6998078770413064,0.854420172995162,0.7694237243382401,0.6609769978813838,0.624912625796251,0.6264684790551174,0.3954050785973398,0.854420172995162,0.8293756687535543,0.7411281789097508,5-class margin P45-P3
0.042,0.681087988316904,0.6999639379733141,0.8536871426477056,0.769220607661823,0.6607517831694405,0.6250297865596448,0.6266362931988974,0.39637243047158405,0.8536871426477056,0.8293756687535543,0.7411281789097508,5-class margin P45-P3
0.043000000000000003,0.6816356334428624,0.7006139400505598,0.8532473244392318,0.7694341618191433,0.661367747677224,0.6258981483139328,0.6276416092114584,0.3985489721886336,0.8532473244392318,0.8293756687535543,0.7411281789097508,5-class margin P45-P3
0.044,0.6820007301935013,0.7010967819693865,0.852807506230758,0.7695462362746395,0.6617556117443774,0.6265246720996596,0.628370409865315,0.40024183796856105,0.852807506230758,0.8293756687535543,0.7411281789097508,5-class margin P45-P3
0.045,0.6821832785688208,0.7015574067366896,0.8519278698138103,0.7694650423728814,0.6618524033309336,0.62705220576543,0.6290039665448426,0.4021765417170496,0.8519278698138103,0.8293756687535543,0.7411281789097508,5-class margin P45-P3
0.046,0.6820007301935013,0.701631419939577,0.8511948394663539,0.7692103868574457,0.6615206708052976,0.6270484475445434,0.6290300760578308,0.4029020556227328,0.8511948394663539,0.8293756687535543,0.7411281789097508,5-class margin P45-P3
0.047,0.6826396495071194,0.7022743769658844,0.8510482333968626,0.7695366872141579,0.6622896048398195,0.627942496384042,0.6300430688818042,0.40483675937122127,0.8510482333968626,0.8293756687535543,0.7411281789097508,5-class margin P45-P3
0.048,0.6830047462577583,0.7028599127484246,0.8503152030494062,0.7695880050421283,0.6626355776759875,0.6286642520688386,0.6308826119668896,0.4070133010882709,0.8503152030494062,0.8293756687535543,0.7411281789097508,5-class margin P45-P3
0.049,0.683461117196057,0.703384690040034,0.8500219909104237,0.7697822623473181,0.6631556697527852,0.629364078889311,0.6316785143512291,0.40870616686819833,0.8500219909104237,0.8293756687535543,0.7411281789097508,5-class margin P45-P3
0.05,0.6831872946330778,0.7033260500121389,0.8494355666324586,0.7695066073444452,0.6627373443585345,0.629191785734609,0.6315065504254693,0.40894800483675936,0.8494355666324586,0.8293756687535543,0.7411281789097508,5-class margin P45-P3
0.051000000000000004,0.6832785688207375,0.703510263573424,0.8491423544934761,0.7694964793410389,0.6628091163625476,0.6294079366179594,0.6317590299883964,0.40967351874244257,0.8491423544934761,0.8293756687535543,0.7411281789097508,5-class margin P45-P3
0.052000000000000005,0.6835523913837167,0.704014598540146,0.8484093241460197,0.7694967089954126,0.6630453109659795,0.6300087733184754,0.6324561117382826,0.4116082224909311,0.8484093241460197,0.8293756687535543,0.7411281789097508,5-class margin P45-P3
0.053,0.6836436655713765,0.7042991109487273,0.8478228998680546,0.7694252261841406,0.6630785172229976,0.6303201561008955,0.6328230782083494,0.4128174123337364,0.8478228998680546,0.8293756687535543,0.7411281789097508,5-class margin P45-P3
0.054,0.6832785688207375,0.7043043531276674,0.8467966573816156,0.7690054586606311,0.6624970041500406,0.6301697918105176,0.6326885058179788,0.4135429262394196,0.8467966573816156,0.8293756687535543,0.7411281789097508,5-class margin P45-P3
0.055,0.6841913106973347,0.7052644436301454,0.846503445242633,0.769456289978678,0.6635748003632851,0.6314742135523926,0.6341487707135568,0.41644498186215234,0.846503445242633,0.8293756687535543,0.7411281789097508,5-class margin P45-P3
0.056,0.684465133260314,0.7057744066552484,0.8457704148951767,0.7694564854951651,0.6638145936942669,0.6320750502529088,0.6348366712570519,0.4183796856106409,0.8457704148951767,0.8293756687535543,0.7411281789097508,5-class margin P45-P3
0.057,0.6841913106973347,0.705716733994369,0.8451839906172115,0.7691794529686458,0.6634073443922329,0.6319027570982068,0.6346619599428609,0.41862152357920196,0.8451839906172115,0.8293756687535543,0.7411281789097508,5-class margin P45-P3
0.058,0.6845564074479737,0.7062645580483021,0.8445975663392464,0.7692615836560288,0.6637789385454087,0.6325768968334684,0.6354239847902297,0.42055622732769044,0.8445975663392464,0.8293756687535543,0.7411281789097508,5-class margin P45-P3
0.059000000000000004,0.6850127783862724,0.7067992145311733,0.8443043542002638,0.7694568775469304,0.6642970431630226,0.6332767236539408,0.6362047458453362,0.4222490931076179,0.8443043542002638,0.8293756687535543,0.7411281789097508,5-class margin P45-P3
0.06,0.6851953267615918,0.7072780919596754,0.8434247177833162,0.769374791039786,0.6644115477516308,0.6338042573197114,0.6368075622584297,0.4241837968561064,0.8434247177833162,0.8293756687535543,0.7411281789097508,5-class margin P45-P3
0.061,0.6852866009492515,0.7075181493786145,0.8429848995748424,0.7693336901257694,0.6644695730986392,0.6340680241525964,0.6371079708526607,0.42515114873035065,0.8429848995748424,0.8293756687535543,0.7411281789097508,5-class margin P45-P3
0.062,0.6851953267615918,0.7075843388327998,0.8425450813663685,0.7691895870976377,0.6643073423168939,0.6340899530169206,0.6371417873786367,0.42563482466747277,0.8425450813663685,0.8293756687535543,0.7411281789097508,5-class margin P45-P3
0.063,0.6856516976998904,0.7082254285361943,0.8419586570884035,0.7693235097119893,0.6647906208364147,0.634885011736463,0.6380275526216779,0.4278113663845224,0.8419586570884035,0.8293756687535543,0.7411281789097508,5-class margin P45-P3
0.064,0.6853778751369113,0.7082716049382716,0.8410790206714558,0.7689833121104483,0.6643598921049901,0.6348079504808306,0.6379604015851913,0.42853688029020554,0.8410790206714558,0.8293756687535543,0.7411281789097508,5-class margin P45-P3
0.065,0.6852866009492515,0.7084414781856384,0.8403459903239994,0.7687768240343348,0.6641683830718768,0.6349251112442246,0.6381026977314531,0.42950423216444983,0.8403459903239994,0.8293756687535543,0.7411281789097508,5-class margin P45-P3
0.066,0.6853778751369113,0.708683819891143,0.8399061721155255,0.7687353237168736,0.6642304893327582,0.6351888780771098,0.6383993444615479,0.43047158403869407,0.8399061721155255,0.8293756687535543,0.7411281789097508,5-class margin P45-P3
0.067,0.6851040525739321,0.7087306501547987,0.8390265356985779,0.7683941997851772,0.6638064913391141,0.6351118168214775,0.6383305092426457,0.43119709794437727,0.8390265356985779,0.8293756687535543,0.7411281789097508,5-class margin P45-P3
0.068,0.685469149324571,0.70918557084418,0.8387333235595954,0.7685384202041913,0.6642154922410585,0.6356907246576695,0.6389673877786333,0.43264812575574363,0.8387333235595954,0.8293756687535543,0.7411281789097508,5-class margin P45-P3
0.069,0.6856516976998904,0.7095173098399306,0.8382935053511216,0.7685483870967742,0.6643893073189988,0.6360754104748353,0.6393936474733017,0.43385731559854895,0.8382935053511216,0.8293756687535543,0.7411281789097508,5-class margin P45-P3
0.07,0.6861080686381891,0.7100099354197715,0.8381468992816302,0.7687756336986485,0.6649223230817867,0.6367276213457728,0.6401059586308273,0.43530834340991537,0.8381468992816302,0.8293756687535543,0.7411281789097508,5-class margin P45-P3
0.07100000000000001,0.6860167944505294,0.7100782900459799,0.8377070810731564,0.7686306160882432,0.6647675740363966,0.6367495502100969,0.640135864546109,0.4357920193470375,0.8377070810731564,0.8293756687535543,0.7411281789097508,5-class margin P45-P3
0.07200000000000001,0.6861080686381891,0.7102710768465555,0.8374138689341739,0.7686200632442979,0.6648472748680272,0.6369657010934473,0.6403747216491031,0.4365175332527207,0.8374138689341739,0.8293756687535543,0.7411281789097508,5-class margin P45-P3
0.073,0.6863818912011683,0.7106933897672103,0.8369740507257001,0.7686818365423455,0.6651311628959213,0.6374713058948935,0.6409291869025131,0.43796856106408705,0.8369740507257001,0.8293756687535543,0.7411281789097508,5-class margin P45-P3
0.074,0.6860167944505294,0.710811821922933,0.8356545961002786,0.7681940700808625,0.6645649167496858,0.6374161735035855,0.6408843653571733,0.4391777509068924,0.8356545961002786,0.8293756687535543,0.7411281789097508,5-class margin P45-P3
0.075,0.6860167944505294,0.7110750405793482,0.8349215657528222,0.7680377612946729,0.664495782929647,0.6376542532512599,0.6411496346716234,0.4403869407496977,0.8349215657528222,0.8293756687535543,0.7411281789097508,5-class margin P45-P3
0.076,0.6861993428258488,0.7114639329916239,0.8343351414748571,0.7680161943319838,0.6646599340304755,0.6380865550179606,0.6416223103639614,0.4418379685610641,0.8343351414748571,0.8293756687535543,0.7411281789097508,5-class margin P45-P3
0.077,0.6866557137641475,0.7120150187734668,0.8340419293358745,0.768212814799811,0.6651781095215952,0.6387863818384331,0.6423798900079889,0.44353083434099155,0.8340419293358745,0.8293756687535543,0.7411281789097508,5-class margin P45-P3
0.078,0.6861080686381891,0.7119578841814991,0.832722474710453,0.7676194337455233,0.6644074175776535,0.6384894114785639,0.642069241686483,0.4442563482466747,0.832722474710453,0.8293756687535543,0.7411281789097508,5-class margin P45-P3
0.079,0.6855604235122308,0.7119537920642893,0.8312564140155403,0.7669935745688198,0.6636306393476528,0.6382400570682296,0.6418102431564459,0.445223700120919,0.8312564140155403,0.8293756687535543,0.7411281789097508,5-class margin P45-P3
0.08,0.6852866009492515,0.7118984797085061,0.8306699897375751,0.7667117726657645,0.6632565471615604,0.6380677639135276,0.641628460645838,0.44546553808948003,0.8306699897375751,0.8293756687535543,0.7411281789097508,5-class margin P45-P3
0.081,0.6853778751369113,0.7122012578616352,0.83008356545961,0.7666373299031887,0.6633195244730665,0.6383791466959476,0.6419659132361484,0.44667472793228535,0.83008356545961,0.8293756687535543,0.7411281789097508,5-class margin P45-P3
0.082,0.6853778751369113,0.7123615307150051,0.8296437472511362,0.7665424991534033,0.6632856790361215,0.6385219945445524,0.642121116653797,0.44740024183796856,0.8296437472511362,0.8293756687535543,0.7411281789097508,5-class margin P45-P3
0.083,0.6859255202628697,0.7130610186585981,0.8292039290426624,0.766759303192571,0.6639048479536376,0.6393903562988402,0.6430527903028087,0.4495767835550181,0.8292039290426624,0.8293756687535543,0.7411281789097508,5-class margin P45-P3
0.084,0.6860167944505294,0.7134200227244035,0.828470898695206,0.7666530999864333,0.6639587757773583,0.6397493550307952,0.6434381260043742,0.45102781136638453,0.828470898695206,0.8293756687535543,0.7411281789097508,5-class margin P45-P3
0.085,0.6859255202628697,0.7135456153651757,0.8278844744172409,0.7664743807261623,0.6638076531789718,0.6398188998446543,0.6435130716505271,0.45175332527206774,0.8278844744172409,0.8293756687535543,0.7411281789097508,5-class margin P45-P3
0.08600000000000001,0.6857429718875502,0.7137433561123766,0.826858231930802,0.7661482034911363,0.6635186983574326,0.6399103735228375,0.6436110331685756,0.452962515114873,0.826858231930802,0.8293756687535543,0.7411281789097508,5-class margin P45-P3
0.08700000000000001,0.6855604235122308,0.7139416983523448,0.825831989444363,0.7658214941200462,0.6632330800959376,0.6400018472010207,0.643707858572313,0.45417170495767833,0.825831989444363,0.8293756687535543,0.7411281789097508,5-class margin P45-P3
0.088,0.6855604235122308,0.7141588429332657,0.8252455651663979,0.7656940760389036,0.6631952314861513,0.6401923109991603,0.6439095987074807,0.45513905683192263,0.8252455651663979,0.8293756687535543,0.7411281789097508,5-class margin P45-P3
0.089,0.6857429718875502,0.714503429006858,0.8248057469579241,0.7657026199387547,0.6633840960738379,0.640576996816326,0.6443172930648464,0.45634824667472795,0.8248057469579241,0.8293756687535543,0.7411281789097508,5-class margin P45-P3
0.09,0.6855604235122308,0.7147036377512084,0.8237795044714851,0.7653749233807805,0.663104889334557,0.6406684704945091,0.6444110749149026,0.4575574365175333,0.8237795044714851,0.8293756687535543,0.7411281789097508,5-class margin P45-P3
0.091,0.685469149324571,0.7148860308162486,0.8230464741240288,0.7651628731089001,0.6629538114119915,0.6407856312579031,0.6445322516967545,0.4585247883917775,0.8230464741240288,0.8293756687535543,0.7411281789097508,5-class margin P45-P3
0.092,0.6856516976998904,0.7151777749458392,0.8227532619850462,0.7652031633487865,0.6631533776626912,0.6411227011255339,0.6448876114921734,0.45949214026602175,0.8227532619850462,0.8293756687535543,0.7411281789097508,5-class margin P45-P3
0.093,0.6858342460752099,0.7154699655656166,0.8224600498460636,0.7652434865639067,0.6633529603108982,0.6414597709931649,0.6452424329371258,0.46045949214026605,0.8224600498460636,0.8293756687535543,0.7411281789097508,5-class margin P45-P3
0.094,0.6853778751369113,0.7153433750319121,0.8215804134291159,0.7647901740020471,0.6627645766895627,0.6411408717689715,0.6449002544255791,0.4607013301088271,0.8215804134291159,0.8293756687535543,0.7411281789097508,5-class margin P45-P3
0.095,0.6857429718875502,0.7157639243740419,0.8214338073596247,0.7649668919380163,0.663188867557865,0.6416721636556285,0.6454601773472265,0.4619105199516324,0.8214338073596247,0.8293756687535543,0.7411281789097508,5-class margin P45-P3
0.096,0.6857429718875502,0.7160951893551689,0.820554170942677,0.7647742023638724,0.6631431360788583,0.6419578593528379,0.6457547987764379,0.4633615477629988,0.820554170942677,0.8293756687535543,0.7411281789097508,5-class margin P45-P3
0.097,0.6856516976998904,0.7162248687411961,0.819967746664712,0.7645933014354067,0.6630059837827366,0.6420274041666969,0.645823154425476,0.46408706166868197,0.819967746664712,0.8293756687535543,0.7411281789097508,5-class margin P45-P3
0.098,0.6857429718875502,0.7165939984611439,0.8192347163172555,0.764484574868322,0.6630785065136625,0.6423864028986519,0.6461940219741309,0.4655380894800484,0.8192347163172555,0.8293756687535543,0.7411281789097508,5-class margin P45-P3
0.099,0.6860167944505294,0.7171483622350674,0.8185016859697991,0.7644803505408736,0.6633676216725637,0.642987239599168,0.6468172352211623,0.46747279322853685,0.8185016859697991,0.8293756687535543,0.7411281789097508,5-class margin P45-P3
0.1,0.6861080686381891,0.7175759135357694,0.8176220495528514,0.7643390666758034,0.6634361979739148,0.6433938542806579,0.647233066607474,0.46916565900846435,0.8176220495528514,0.8293756687535543,0.7411281789097508,5-class margin P45-P3
0.101,0.6858342460752099,0.7175788795878943,0.8168890192053951,0.7640202934320581,0.6630827647704436,0.6432691770754908,0.6470934117992941,0.46964933494558647,0.8168890192053951,0.8293756687535543,0.7411281789097508,5-class margin P45-P3
0.10200000000000001,0.6855604235122308,0.7176379577101599,0.8160093827884475,0.7636687933045209,0.66272522885508,0.6431921158198586,0.6470014041505563,0.4703748488512696,0.8160093827884475,0.8293756687535543,0.7411281789097508,5-class margin P45-P3
0.10300000000000001,0.6861080686381891,0.7183626033057852,0.8155695645799736,0.7638860281496739,0.6633531571946112,0.6440604775741464,0.6479019088618247,0.47255139056831924,0.8155695645799736,0.8293756687535543,0.7411281789097508,5-class margin P45-P3
0.10400000000000001,0.6857429718875502,0.7183863460046548,0.8145433220935346,0.7634489866025421,0.6628865311649593,0.6439101132837686,0.6477296584501089,0.4732769044740024,0.8145433220935346,0.8293756687535543,0.7411281789097508,5-class margin P45-P3
0.105,0.6860167944505294,0.7188916224265182,0.8139568978155696,0.7634763476347635,0.6631884650951025,0.6444633340347498,0.6482962628510408,0.4749697702539299,0.8139568978155696,0.8293756687535543,0.7411281789097508,5-class margin P45-P3
0.106,0.6861080686381891,0.7192686721991701,0.8132238674681131,0.7633661322507397,0.6632718206865148,0.6448223327667046,0.6486569108197728,0.47642079806529625,0.8132238674681131,0.8293756687535543,0.7411281789097508,5-class margin P45-P3
0.107,0.6860167944505294,0.7195169458511882,0.8123442310511655,0.7631180278198595,0.6631378892082362,0.6449871094796336,0.6488120585648689,0.47762998790810157,0.8123442310511655,0.8293756687535543,0.7411281789097508,5-class margin P45-P3
0.108,0.6860167944505294,0.7196881091617934,0.8119044128426917,0.7630201157343621,0.6631252566661466,0.6451299573282382,0.6489519183322974,0.4783555018137848,0.8119044128426917,0.8293756687535543,0.7411281789097508,5-class margin P45-P3
0.109,0.6864731653888281,0.7204427083333333,0.8111713824952353,0.7631197848424247,0.66364015758547,0.6459726319973154,0.6498097912202948,0.48077388149939543,0.8111713824952353,0.8293756687535543,0.7411281789097508,5-class margin P45-P3
0.11,0.6867469879518072,0.7209544921110966,0.8105849582172702,0.7631469979296066,0.6639454541480339,0.6465258527482965,0.6503689718831542,0.48246674727932287,0.8105849582172702,0.8293756687535543,0.7411281789097508,5-class margin P45-P3
0.111,0.6869295363271267,0.721373547460504,0.8099985339393051,0.763121546961326,0.6641444625382593,0.6469581545149972,0.6508018929639784,0.48391777509068923,0.8099985339393051,0.8293756687535543,0.7411281789097508,5-class margin P45-P3
0.112,0.6872946330777656,0.722156785761026,0.8089722914528662,0.7631033052136634,0.6645474728201812,0.6477751420988636,0.6516187667007914,0.48657799274486097,0.8089722914528662,0.8293756687535543,0.7411281789097508,5-class margin P45-P3
0.113,0.6867469879518072,0.7221129899069341,0.8076528368274447,0.7624913494809689,0.6638818631530463,0.6474781717389944,0.6512805179460593,0.4873035066505441,0.8076528368274447,0.8293756687535543,0.7411281789097508,5-class margin P45-P3
0.114,0.6864731653888281,0.7222951680672269,0.8064799882715145,0.7620696820669114,0.6635427936144518,0.6474963423824319,0.6512689547458304,0.48851269649334944,0.8064799882715145,0.8293756687535543,0.7411281789097508,5-class margin P45-P3
0.115,0.6866557137641475,0.7227189061267421,0.8058935639935493,0.7620433908643516,0.6637475127648635,0.6479286441491325,0.6516963781309066,0.48996372430471585,0.8058935639935493,0.8293756687535543,0.7411281789097508,5-class margin P45-P3
0.116,0.6875684556407448,0.7237292599420595,0.805746957924058,0.7625390218522372,0.664809305759251,0.6491854499414728,0.6529781943995079,0.49262394195888753,0.805746957924058,0.8293756687535543,0.7411281789097508,5-class margin P45-P3
0.117,0.6873859072654254,0.7239514639936692,0.8047207154376191,0.7622023189613275,0.6645839121983758,0.649276923619656,0.6530414977414175,0.49383313180169286,0.8047207154376191,0.8293756687535543,0.7411281789097508,5-class margin P45-P3
0.11800000000000001,0.6872033588901059,0.7242928892413428,0.8034012608121976,0.7617988461805797,0.6643588340012023,0.6494636291969089,0.6531917818942765,0.4955259975816203,0.8034012608121976,0.8293756687535543,0.7411281789097508,5-class margin P45-P3
0.11900000000000001,0.6877510040160643,0.7249867654843832,0.8031080486732151,0.7620504973221117,0.6649933827421917,0.6502843750016619,0.6540179493909828,0.49746070133010883,0.8031080486732151,0.8293756687535543,0.7411281789097508,5-class margin P45-P3
0.12,0.6874771814530851,0.7248775321064478,0.8026682304647412,0.7617921246695423,0.6646720895912785,0.6500644658974251,0.6537801164605339,0.49746070133010883,0.8026682304647412,0.8293756687535543,0.7411281789097508,5-class margin P45-P3
0.121,0.6879335523913838,0.725417439703154,0.80252162439525,0.7620240829679126,0.6652013884732779,0.6507166767683625,0.6544381514905833,0.4989117291414752,0.80252162439525,0.8293756687535543,0.7411281789097508,5-class margin P45-P3
0.122,0.6881161007667032,0.725909211574197,0.8017885940477936,0.7619644723092999,0.6654093106380629,0.6511965944845981,0.6549004576711247,0.5006045949214026,0.8017885940477936,0.8293756687535543,0.7411281789097508,5-class margin P45-P3
0.123,0.6887550200803213,0.7266445182724253,0.8016419879783023,0.7623030809981877,0.666149423228314,0.6520906433240967,0.6558012893756469,0.5025392986698912,0.8016419879783023,0.8293756687535543,0.7411281789097508,5-class margin P45-P3
0.124,0.6885724717050018,0.7269338303821062,0.8004691394223721,0.7619313424504605,0.665934259167831,0.6522297329518147,0.6558997081645442,0.5039903264812575,0.8004691394223721,0.8293756687535543,0.7411281789097508,5-class margin P45-P3
0.125,0.6890288426433004,0.7274786780383795,0.8003225333528808,0.7621640488656195,0.6664623981153659,0.6528819438227524,0.6565532251709144,0.5054413542926239,0.8003225333528808,0.8293756687535543,0.7411281789097508,5-class margin P45-P3
0.126,0.688846294267981,0.7275273406241665,0.7997361090749157,0.7619247154130875,0.6662506570095963,0.6528305696523309,0.6564792811886984,0.5059250302297461,0.7997361090749157,0.8293756687535543,0.7411281789097508,5-class margin P45-P3
0.127,0.6887550200803213,0.72797754310921,0.7984166544494942,0.7615718081387218,0.6661470449358999,0.6531381942138643,0.6567385978932768,0.5078597339782346,0.7984166544494942,0.8293756687535543,0.7411281789097508,5-class margin P45-P3
0.128,0.6889375684556407,0.7282943143812709,0.7981234423105117,0.761611639619474,0.666359165234301,0.6534752640814953,0.6570663240114176,0.5088270858524788,0.7981234423105117,0.8293756687535543,0.7411281789097508,5-class margin P45-P3
0.129,0.6890288426433004,0.7286977491961415,0.7973904119630553,0.7614980749037452,0.6664680040367879,0.6538342628134503,0.6573977853212839,0.5102781136638452,0.7973904119630553,0.8293756687535543,0.7411281789097508,5-class margin P45-P3
0.13,0.688846294267981,0.7287476535264146,0.7968039876850902,0.7612577911618461,0.6662606192160374,0.6537828886430288,0.6573222009654376,0.5107617896009673,0.7968039876850902,0.8293756687535543,0.7411281789097508,5-class margin P45-P3
0.131,0.6887550200803213,0.729264686113725,0.7953379269901774,0.7608695652173914,0.6661677425450627,0.6541381291540971,0.6576172185731495,0.5129383313180169,0.7953379269901774,0.8293756687535543,0.7411281789097508,5-class margin P45-P3
0.132,0.688846294267981,0.7295479009687836,0.7948981087817035,0.7608222830281345,0.666277923242621,0.6544018959869824,0.6578625059219534,0.5139056831922612,0.7948981087817035,0.8293756687535543,0.7411281789097508,5-class margin P45-P3
0.133,0.68921139101862,0.7300026932399677,0.7947515027122123,0.761002316277111,0.6667010633338648,0.6549331878736394,0.6583876552031347,0.5151148730350665,0.7947515027122123,0.8293756687535543,0.7411281789097508,5-class margin P45-P3
0.134,0.6887550200803213,0.7300067430883345,0.793578654156282,0.760466423152571,0.6661894771640486,0.6547095205485158,0.6581123152761291,0.5158403869407497,0.793578654156282,0.8293756687535543,0.7411281789097508,5-class margin P45-P3
0.135,0.688846294267981,0.7303537672157709,0.792992229878317,0.7603851831025514,0.6663036441712658,0.655020903330936,0.6583968856306511,0.517049576783555,0.792992229878317,0.8293756687535543,0.7411281789097508,5-class margin P45-P3
0.136,0.6893939393939394,0.7310708491076258,0.7926990177393344,0.7606386720123796,0.6669399189358354,0.6558416491356889,0.6592017271692827,0.5189842805320435,0.7926990177393344,0.8293756687535543,0.7411281789097508,5-class margin P45-P3
0.137,0.68921139101862,0.7314363143631436,0.7913795631139129,0.7602281529469755,0.6667528327967843,0.656028354712942,0.6593255924895687,0.5206771463119709,0.7913795631139129,0.8293756687535543,0.7411281789097508,5-class margin P45-P3
0.138,0.6893939393939394,0.7318860244233378,0.7907931388359478,0.7602001268409555,0.6669748025072628,0.6564606564796426,0.6597270547428453,0.5221281741233373,0.7907931388359478,0.8293756687535543,0.7411281789097508,5-class margin P45-P3
0.139,0.68921139101862,0.7320021733224668,0.7900601084884914,0.7599238524994713,0.6667801628994081,0.656456898258756,0.6596876346208056,0.5228536880290205,0.7900601084884914,0.8293756687535543,0.7411281789097508,5-class margin P45-P3
0.14,0.6890288426433004,0.7321817192600653,0.7891804720715437,0.7596133493261836,0.6665903046910759,0.6565007559874043,0.6596877962550287,0.5238210399032648,0.7891804720715437,0.8293756687535543,0.7411281789097508,5-class margin P45-P3
0.14100000000000001,0.6890288426433004,0.7326246933769419,0.7881542295851048,0.7593756621230313,0.6666163820671331,0.6568340676341485,0.6599664328930648,0.5255139056831922,0.7881542295851048,0.8293756687535543,0.7411281789097508,5-class margin P45-P3
0.14200000000000002,0.6890288426433004,0.733005733005733,0.7872745931681572,0.7591715558068849,0.6666406075496984,0.6571197633313579,0.6602039363065333,0.5269649334945586,0.7872745931681572,0.8293756687535543,0.7411281789097508,5-class margin P45-P3
0.14300000000000002,0.6885724717050018,0.7330143540669857,0.7861017446122269,0.7586304470854556,0.666150132265572,0.6568960960062344,0.6599222194275014,0.5276904474002418,0.7861017446122269,0.8293756687535543,0.7411281789097508,5-class margin P45-P3
0.14400000000000002,0.6890288426433004,0.733771569433032,0.7855153203342619,0.7587623026269206,0.6666942138352899,0.6576911547257767,0.6606752840647763,0.5298669891172915,0.7855153203342619,0.8293756687535543,0.7411281789097508,5-class margin P45-P3
0.145,0.6886637458926615,0.7336896929824561,0.7847822899868054,0.7583764255861727,0.6662983984037963,0.657445558536329,0.6603941140118164,0.5301088270858525,0.7847822899868054,0.8293756687535543,0.7411281789097508,5-class margin P45-P3
0.146,0.6882073749543629,0.7336993822923816,0.7836094414308752,0.7578335460087906,0.6658145508574411,0.6572218912112054,0.6601107263735985,0.5308343409915357,0.7836094414308752,0.8293756687535543,0.7411281789097508,5-class margin P45-P3
0.147,0.6873859072654254,0.7334983498349835,0.7819967746664712,0.7569715461576669,0.6649304995646145,0.6566573957975645,0.6594679958694716,0.5313180169286578,0.7819967746664712,0.8293756687535543,0.7411281789097508,5-class margin P45-P3
0.148,0.6874771814530851,0.7337921541637991,0.7815569564579974,0.756921766292773,0.6650537579271989,0.6569211626304496,0.6597028969465398,0.532285368802902,0.7815569564579974,0.8293756687535543,0.7411281789097508,5-class margin P45-P3
0.149,0.6875684556407448,0.7342156051833472,0.780823926110541,0.7568028419182948,0.6651899203658498,0.6572801613624046,0.660014283023713,0.5337363966142684,0.780823926110541,0.8293756687535543,0.7411281789097508,5-class margin P45-P3
0.15,0.6879335523913838,0.7347502070107645,0.7805307139715584,0.7569488874671216,0.6656230819420399,0.6578590691985966,0.6605649472389783,0.5351874244256348,0.7805307139715584,0.8293756687535543,0.7411281789097508,5-class margin P45-P3
0.151,0.6879335523913838,0.7353348090758163,0.7792112593461369,0.7566374830948822,0.6656824259971357,0.6582876127444106,0.6609080840375848,0.5373639661426844,0.7792112593461369,0.8293756687535543,0.7411281789097508,5-class margin P45-P3
0.152,0.6881161007667032,0.7358647450110865,0.7784782289986806,0.7565719170762983,0.6659270249119603,0.6587675304606462,0.6613335775857683,0.5390568319226119,0.7784782289986806,0.8293756687535543,0.7411281789097508,5-class margin P45-P3
0.153,0.6882073749543629,0.7361631294215564,0.7780384107902067,0.7565217391304347,0.6660532754126731,0.6590312972935315,0.6615645995829793,0.5400241837968561,0.7780384107902067,0.8293756687535543,0.7411281789097508,5-class margin P45-P3
0.154,0.687842278203724,0.7363446838082002,0.7767189561647853,0.7559931506849316,0.6656995952941559,0.6589761649022233,0.6614312257983928,0.5412333736396614,0.7767189561647853,0.8293756687535543,0.7411281789097508,5-class margin P45-P3
0.155,0.687842278203724,0.7365419390735847,0.7762791379563114,0.7558886509635975,0.6657225224967074,0.659119012750828,0.6615434143200676,0.5419588875453446,0.7762791379563114,0.8293756687535543,0.7411281789097508,5-class margin P45-P3
0.156,0.6874771814530851,0.7365269461077845,0.7753995015393638,0.7554635052135409,0.665349565769124,0.6589210325109153,0.6612968600656832,0.5424425634824668,0.7753995015393638,0.8293756687535543,0.7411281789097508,5-class margin P45-P3
0.157,0.687842278203724,0.7371356853995259,0.7749596833308899,0.7555746140651801,0.665793734377438,0.6595475562966421,0.6618782161234992,0.5441354292623942,0.7749596833308899,0.8293756687535543,0.7411281789097508,5-class margin P45-P3
0.158,0.6881161007667032,0.7377759150600727,0.7742266529834335,0.7555619143000215,0.6661496742230326,0.6601483929971581,0.66241476529321,0.5460701330108827,0.7742266529834335,0.8293756687535543,0.7411281789097508,5-class margin P45-P3
0.159,0.688481197517342,0.7383216783216783,0.7739334408444509,0.7557082528093909,0.666585957395206,0.6607273008333501,0.6629567583150342,0.5475211608222491,0.7739334408444509,0.8293756687535543,0.7411281789097508,5-class margin P45-P3
0.16,0.6882073749543629,0.7384119871166503,0.7730538044275033,0.7553359117604928,0.666322638381392,0.6606502395777178,0.6628251885846489,0.5482466747279323,0.7730538044275033,0.8293756687535543,0.7411281789097508,5-class margin P45-P3
0.161,0.6886637458926615,0.7390633763320247,0.7727605922885208,0.7555364437755322,0.666864324149276,0.6613500663981903,0.6634825076020519,0.5499395405078598,0.7727605922885208,0.8293756687535543,0.7411281789097508,5-class margin P45-P3
0.162,0.6882986491420227,0.7391182252176355,0.7717343498020818,0.7550742307968156,0.6665074694163295,0.6611997021078124,0.6632693277211584,0.550665054413543,0.7717343498020818,0.8293756687535543,0.7411281789097508,5-class margin P45-P3
0.163,0.6882986491420227,0.7397240990990991,0.7704148951766603,0.7547576301615799,0.6665910215121664,0.6616282456536264,0.6635939146175371,0.5528415961305925,0.7704148951766603,0.8293756687535543,0.7411281789097508,5-class margin P45-P3
0.164,0.6875684556407448,0.7396332863187588,0.7688022284122563,0.7539357343109769,0.6658590642664668,0.661184669224266,0.6630571060006328,0.5535671100362757,0.7688022284122563,0.8293756687535543,0.7411281789097508,5-class margin P45-P3
0.165,0.6879335523913838,0.7403221248940378,0.7682158041342911,0.7540110799338082,0.6663188757528467,0.6618588089595276,0.6636647188012983,0.5555018137847642,0.7682158041342911,0.8293756687535543,0.7411281789097508,5-class margin P45-P3
0.166,0.6875684556407448,0.7403111739745403,0.7673361677173435,0.7535814556187459,0.6659610424684848,0.6616608287196148,0.6634133434433338,0.5559854897218863,0.7673361677173435,0.8293756687535543,0.7411281789097508,5-class margin P45-P3
0.167,0.6875684556407448,0.7407879818594104,0.7663099252309046,0.7533328529221013,0.6660350165707308,0.6619941403663592,0.6636608259632286,0.5576783555018138,0.7663099252309046,0.8293756687535543,0.7411281789097508,5-class margin P45-P3
0.168,0.6874771814530851,0.740956163994893,0.7657235009529395,0.7531362653208363,0.6659733469065839,0.6620636851802182,0.663685765090162,0.558403869407497,0.7657235009529395,0.8293756687535543,0.7411281789097508,5-class margin P45-P3
0.169,0.6877510040160643,0.7415458937198067,0.7651370766749743,0.7531567934194386,0.666331905512277,0.6626169059311994,0.6641730819201999,0.5600967351874244,0.7651370766749743,0.8293756687535543,0.7411281789097508,5-class margin P45-P3
0.17,0.6879335523913838,0.7421007685738685,0.7644040463275179,0.7530873113309742,0.6665974580782829,0.6630968236474348,0.664578373582412,0.5617896009673519,0.7644040463275179,0.8293756687535543,0.7411281789097508,5-class margin P45-P3
0.171,0.6877510040160643,0.74230330672748,0.7635244099105702,0.7527643275276433,0.6664562218916588,0.6631406813760832,0.6645555383768247,0.5627569528415961,0.7635244099105702,0.8293756687535543,0.7411281789097508,5-class margin P45-P3
0.17200000000000001,0.687842278203724,0.7425474254742548,0.7632311977715878,0.7527472527472527,0.6665842323822477,0.6633568322594335,0.6647399630072897,0.5634824667472793,0.7632311977715878,0.8293756687535543,0.7411281789097508,5-class margin P45-P3
0.17300000000000001,0.6879335523913838,0.742722602739726,0.7630845917020964,0.7527659266758262,0.666700713730552,0.663525367193249,0.6648897058839975,0.5639661426844015,0.7630845917020964,0.8293756687535543,0.7411281789097508,5-class margin P45-P3
0.17400000000000002,0.6880248265790434,0.7431061580225746,0.7624981674241313,0.7526772793053546,0.6668525483062078,0.663836749975669,0.6651423964495137,0.5651753325272068,0.7624981674241313,0.8293756687535543,0.7411281789097508,5-class margin P45-P3
0.17500000000000002,0.687842278203724,0.7433805639043939,0.7614719249376924,0.7523174971031287,0.6667268150839682,0.6639282236538523,0.665151838383746,0.5663845223700121,0.7614719249376924,0.8293756687535543,0.7411281789097508,5-class margin P45-P3
0.176,0.6879335523913838,0.7439059363349584,0.7605922885207448,0.7521565784704604,0.6669052534512562,0.6643348383353422,0.6654709219813186,0.5680773881499396,0.7605922885207448,0.8293756687535543,0.7411281789097508,5-class margin P45-P3
0.177,0.6875684556407448,0.744039069232979,0.7594194399648145,0.7516505840528187,0.6665863848919027,0.6642320899944991,0.6652827898736231,0.5690447400241838,0.7594194399648145,0.8293756687535543,0.7411281789097508,5-class margin P45-P3
0.178,0.6875684556407448,0.7443901035673187,0.7586864096173581,0.7514702679154868,0.6666505962392038,0.6644701697421735,0.6654513153068035,0.5702539298669891,0.7586864096173581,0.8293756687535543,0.7411281789097508,5-class margin P45-P3
0.179,0.6872033588901059,0.7445244956772334,0.757513561061428,0.7509628660707798,0.6663359530178996,0.6643674214013306,0.6652618280789429,0.5712212817412333,0.757513561061428,0.8293756687535543,0.7411281789097508,5-class margin P45-P3
0.18,0.6869295363271267,0.7446255951522147,0.7566339246444803,0.7505817335660268,0.6661016174518837,0.6642903601456984,0.6651192981555625,0.5719467956469165,0.7566339246444803,0.8293756687535543,0.7411281789097508,5-class margin P45-P3
0.181,0.686838262139467,0.7448006932409013,0.7560475003665151,0.7503819570753001,0.6660511402712443,0.6643599049595574,0.6651383276254423,0.5726723095525997,0.7560475003665151,0.8293756687535543,0.7411281789097508,5-class margin P45-P3
0.182,0.6870208105147865,0.7450867052023121,0.7559008942970239,0.7504548431700749,0.6662747698459529,0.6646493588776534,0.6653999830830182,0.5733978234582829,0.7559008942970239,0.8293756687535543,0.7411281789097508,5-class margin P45-P3
0.183,0.687842278203724,0.7461282385294543,0.7557542882275327,0.7509104151493081,0.6672326391560046,0.6657852456857132,0.6664598519158909,0.5758162031438936,0.7557542882275327,0.8293756687535543,0.7411281789097508,5-class margin P45-P3
0.184,0.687842278203724,0.7464849978257718,0.7550212578800762,0.750728862973761,0.6673021489005615,0.6660233254333876,0.6666241971118805,0.5770253929866989,0.7550212578800762,0.8293756687535543,0.7411281789097508,5-class margin P45-P3
0.185,0.6875684556407448,0.7465177016831108,0.7542882275326198,0.7503828483920367,0.6670580634399805,0.6658986482282204,0.6664464552973721,0.577509068923821,0.7542882275326198,0.8293756687535543,0.7411281789097508,5-class margin P45-P3
0.186,0.6870208105147865,0.7464399883754722,0.7531153789766897,0.7497628256586149,0.6665435091607357,0.6655540619188165,0.6660252793173085,0.5779927448609432,0.7531153789766897,0.8293756687535543,0.7411281789097508,5-class margin P45-P3
0.187,0.6872033588901059,0.7468722723305208,0.7526755607682158,0.7497626871120847,0.6667972336664854,0.6659387477359822,0.6663502494827795,0.5792019347037485,0.7526755607682158,0.8293756687535543,0.7411281789097508,5-class margin P45-P3
0.188,0.6875684556407448,0.7477398658501021,0.7517959243512682,0.7497624095328606,0.667305755277418,0.6667081193703137,0.6669982945271493,0.5816203143893591,0.7517959243512682,0.8293756687535543,0.7411281789097508,5-class margin P45-P3
0.189,0.6876597298284045,0.7481384143670609,0.751209500073303,0.7496708119970739,0.6674707168012562,0.6670195021527336,0.6672401621256905,0.5828295042321644,0.751209500073303,0.8293756687535543,0.7411281789097508,5-class margin P45-P3
0.19,0.6872033588901059,0.7481719801111436,0.7500366515173729,0.7491031554286551,0.6670680201672765,0.6667958348276102,0.6669301067340779,0.5835550181378476,0.7500366515173729,0.8293756687535543,0.7411281789097508,5-class margin P45-P3
0.191,0.6869295363271267,0.7484977282720211,0.7487171968919514,0.7486074464966286,0.666893432246342,0.6668616214205827,0.6668775016711493,0.585006045949214,0.7487171968919514,0.8293756687535543,0.7411281789097508,5-class margin P45-P3
0.192,0.686838262139467,0.748825601879037,0.7478375604750037,0.7483312550429105,0.6668838434105611,0.6670263981335116,0.6669546116982883,0.5862152357920194,0.7478375604750037,0.8293756687535543,0.7411281789097508,5-class margin P45-P3
0.193,0.6871120847024461,0.749228735125606,0.7476909544055124,0.7484590548869974,0.6672149942198288,0.6674367710358879,0.667324650572422,0.5871825876662636,0.7476909544055124,0.8293756687535543,0.7411281789097508,5-class margin P45-P3
0.194,0.6871120847024461,0.7495219885277247,0.7471045301275473,0.7483113069016153,0.6672796375162078,0.6676272348340275,0.6674503953707305,0.5881499395405079,0.7471045301275473,0.8293756687535543,0.7411281789097508,5-class margin P45-P3
0.195,0.6869295363271267,0.7497422300780675,0.7462248937105996,0.7479794268919912,0.6671677313097322,0.6676710925626759,0.6674129849468388,0.5891172914147521,0.7462248937105996,0.8293756687535543,0.7411281789097508,5-class margin P45-P3
0.196,0.6867469879518072,0.7500368894791205,0.7451986512241607,0.7476099426386233,0.6670739604131664,0.6677625662408591,0.6674061259981666,0.5903264812575575,0.7451986512241607,0.8293756687535543,0.7411281789097508,5-class margin P45-P3
0.197,0.6866557137641475,0.7503694945314809,0.744319014807213,0.7473320085375726,0.6670701887931867,0.6679273429537879,0.6674798180826002,0.5915356711003628,0.744319014807213,0.8293756687535543,0.7411281789097508,5-class margin P45-P3
0.198,0.6865644395764877,0.7506289773568151,0.7435859844597567,0.7470908823096185,0.6670506163278479,0.6680445037171818,0.6675219230362588,0.592503022974607,0.7435859844597567,0.8293756687535543,0.7411281789097508,5-class margin P45-P3
0.199,0.6867469879518072,0.7510742332197362,0.7431461662512828,0.7470891672807664,0.667312728684981,0.6684291895343476,0.6678385179487025,0.5937122128174124,0.7431461662512828,0.8293756687535543,0.7411281789097508,5-class margin P45-P3
0.2,0.6866557137641475,0.7511862396204033,0.742706348042809,0.7469222263177294,0.6672597864768683,0.6684511183986717,0.6678183672621354,0.5941958887545344,0.742706348042809,0.8293756687535543,0.7411281789097508,5-class margin P45-P3
0.201,0.6869295363271267,0.7516698827371233,0.7424131359038264,0.7470128337512908,0.6676102435728755,0.6689091072505831,0.6682155382546255,0.5954050785973398,0.7424131359038264,0.8293756687535543,0.7411281789097508,5-class margin P45-P3
0.202,0.6870208105147865,0.7520808561236623,0.7418267116258613,0.746918591777991,0.6677859342113108,0.6692204900330032,0.6684491320721834,0.5966142684401451,0.7418267116258613,0.8293756687535543,0.7411281789097508,5-class margin P45-P3
0.203,0.6871120847024461,0.7526433358153388,0.7409470752089137,0.7467494089834515,0.6679981593012086,0.669627104714493,0.6687424217792138,0.5983071342200725,0.7409470752089137,0.8293756687535543,0.7411281789097508,5-class margin P45-P3
0.20400000000000001,0.6872946330777656,0.7533203999403074,0.740067438791966,0.7466351131489425,0.6683170742357236,0.6701546383802635,0.669145923678166,0.600241837968561,0.740067438791966,0.8293756687535543,0.7411281789097508,5-class margin P45-P3
0.20500000000000002,0.6871120847024461,0.7536253550605472,0.739041196305527,0.7462620281273131,0.6682352226439365,0.6702461120584466,0.6691319662179056,0.6014510278113664,0.739041196305527,0.8293756687535543,0.7411281789097508,5-class margin P45-P3
0.20600000000000002,0.686838262139467,0.7538185085354897,0.7380149538190881,0.745833024668494,0.6680499742303442,0.6702166667523494,0.6690058978091074,0.6024183796856106,0.7380149538190881,0.8293756687535543,0.7411281789097508,5-class margin P45-P3
0.20700000000000002,0.6870208105147865,0.7544254425442545,0.7372819234716317,0.745755171646771,0.6683549124143184,0.6706965844685848,0.6693761021438602,0.6041112454655381,0.7372819234716317,0.8293756687535543,0.7411281789097508,5-class margin P45-P3
0.20800000000000002,0.6870208105147865,0.7548842801322513,0.736402287054684,0.7455287569573283,0.6684695691688686,0.6709822801657943,0.6695523362835711,0.6055622732769045,0.736402287054684,0.8293756687535543,0.7411281789097508,5-class margin P45-P3
0.209,0.6873859072654254,0.7554920252783629,0.7361090749157015,0.7456746120145541,0.6689293073027545,0.6715611880019863,0.6700545943435707,0.6070133010882709,0.7361090749157015,0.8293756687535543,0.7411281789097508,5-class margin P45-P3
0.21,0.6877510040160643,0.7562556526982213,0.7355226506377364,0.7457450761798587,0.6694281502732198,0.6722353277372479,0.6706140539939143,0.6089480048367594,0.7355226506377364,0.8293756687535543,0.7411281789097508,5-class margin P45-P3
0.211,0.6877510040160643,0.7566425120772947,0.73478962029028,0.7455559687616214,0.6695262421882319,0.6724734074849223,0.6707583788534692,0.6101571946795646,0.73478962029028,0.8293756687535543,0.7411281789097508,5-class margin P45-P3
0.212,0.6880248265790434,0.7573740735138406,0.7340565899428236,0.7455330553901132,0.6699413520618684,0.6730742441854385,0.6712335088271321,0.6120918984280532,0.7340565899428236,0.8293756687535543,0.7411281789097508,5-class margin P45-P3
0.213,0.6874771814530851,0.7574655146278612,0.7325905292479109,0.7448203905201968,0.6695104586215699,0.6728248897751041,0.6708561571155258,0.6130592503022975,0.7325905292479109,0.8293756687535543,0.7411281789097508,5-class margin P45-P3
0.214,0.6872946330777656,0.7576263469418728,0.7318574989004545,0.7445190156599553,0.6694016781652345,0.6728211315542176,0.6707775035956798,0.6137847642079807,0.7318574989004545,0.8293756687535543,0.7411281789097508,5-class margin P45-P3
0.215,0.6870208105147865,0.7579075425790754,0.7306846503445242,0.7440471747406135,0.6692505749425057,0.6728393021976551,0.6706730295311993,0.6149939540507859,0.7306846503445242,0.8293756687535543,0.7411281789097508,5-class margin P45-P3
0.216,0.6869295363271267,0.7581848637125019,0.7299516199970679,0.7438004182850314,0.6692496430660937,0.672956462961049,0.6707035878379639,0.6159613059250302,0.7299516199970679,0.8293756687535543,0.7411281789097508,5-class margin P45-P3
0.217,0.686838262139467,0.7585417937766931,0.7290719835801203,0.7435149884129476,0.6692708968883465,0.6731212396739779,0.6707615949680439,0.6171704957678356,0.7290719835801203,0.8293756687535543,0.7411281789097508,5-class margin P45-P3
0.218,0.6865644395764877,0.7585890975721484,0.7283389532326638,0.7431563201196709,0.6690608297027976,0.6729965624688108,0.6705713700809078,0.6176541717049577,0.7283389532326638,0.8293756687535543,0.7411281789097508,5-class margin P45-P3
0.219,0.6864731653888281,0.7588685015290519,0.7276059228852074,0.7429084649352593,0.6690628739529318,0.6731137232322046,0.6706005311461467,0.618621523579202,0.7276059228852074,0.8293756687535543,0.7411281789097508,5-class margin P45-P3
0.22,0.6862906170135086,0.7590324556031843,0.7268728925377511,0.7426046581292594,0.6689601699354077,0.6731099650113181,0.6705195273354557,0.6193470374848852,0.7268728925377511,0.8293756687535543,0.7411281789097508,5-class margin P45-P3
0.221,0.6859255202628697,0.7592819883399816,0.7255534379123296,0.742034635280006,0.6687351807405181,0.6730548326200101,0.6703291104779827,0.6205562273276904,0.7255534379123296,0.8293756687535543,0.7411281789097508,5-class margin P45-P3
0.222,0.6856516976998904,0.7592507293106096,0.7249670136343644,0.7417129143542823,0.6685067511059013,0.672882539465308,0.6701103625163811,0.6207980652962515,0.7249670136343644,0.8293756687535543,0.7411281789097508,5-class margin P45-P3
0.223,0.6853778751369113,0.759219422249539,0.7243805893563994,0.7413909520594193,0.6682787758729709,0.672710246310606,0.6698915613145751,0.6210399032648126,0.7243805893563994,0.8293756687535543,0.7411281789097508,5-class margin P45-P3
0.224,0.6851040525739321,0.7591880670459787,0.7237941650784342,0.7410687481236866,0.6680512533747747,0.6725379531559039,0.6696727066188997,0.6212817412333737,0.7237941650784342,0.8293756687535543,0.7411281789097508,5-class margin P45-P3
0.225,0.6849215041986126,0.7592735108511621,0.7232077408004691,0.7408019222105421,0.6679300947393285,0.6724865789854824,0.6695631672956364,0.6217654171704957,0.7232077408004691,0.8293756687535543,0.7411281789097508,5-class margin P45-P3
0.226,0.6852866009492515,0.7598212910183331,0.7230611347309779,0.7409855769230769,0.6683764909738922,0.6730178708721395,0.6700276721824687,0.6229746070133011,0.7230611347309779,0.8293756687535543,0.7411281789097508,5-class margin P45-P3
0.227,0.6853778751369113,0.7601789019123998,0.722621316522504,0.740924464487035,0.6685509894177384,0.6732816377050247,0.6702182447914435,0.6239419588875453,0.722621316522504,0.8293756687535543,0.7411281789097508,5-class margin P45-P3
0.228,0.6849215041986126,0.7603152526657394,0.7213018618970826,0.7402949142341257,0.6682289752737839,0.6731055863294361,0.6699154385555779,0.6249093107617896,0.7213018618970826,0.8293756687535543,0.7411281789097508,5-class margin P45-P3
0.229,0.6846476816356335,0.7602845654191154,0.7207154376191174,0.7399714006171446,0.668004198077041,0.672933293174734,0.6696958452361086,0.6251511487303507,0.7207154376191174,0.8293756687535543,0.7411281789097508,5-class margin P45-P3
0.23,0.6849215041986126,0.7609604957397367,0.7201290133411523,0.7399819222657427,0.6684162620889308,0.6734865139257152,0.6701299143519542,0.6268440145102782,0.7201290133411523,0.8293756687535543,0.7411281789097508,5-class margin P45-P3
0.231,0.6855604235122308,0.7619490999379267,0.7198358012021697,0.740294006784772,0.6692059329476867,0.6744281787147487,0.6709449680043902,0.6290205562273277,0.7198358012021697,0.8293756687535543,0.7411281789097508,5-class margin P45-P3
0.232,0.6856516976998904,0.7622301599627271,0.7195425890631872,0.7402714932126697,0.6693594899880051,0.6746443295980991,0.6711066203927426,0.6297460701330109,0.7195425890631872,0.8293756687535543,0.7411281789097508,5-class margin P45-P3
0.233,0.6857429718875502,0.7628384687208216,0.7186629526462396,0.7400920963236959,0.6696090798350245,0.6750509442795889,0.6713732264653678,0.6314389359129383,0.7186629526462396,0.8293756687535543,0.7411281789097508,5-class margin P45-P3
0.234,0.6859255202628697,0.7633219071361795,0.7182231344377658,0.740086109222751,0.6698936551987641,0.6754356300967548,0.6716687896511542,0.6326481257557437,0.7182231344377658,0.8293756687535543,0.7411281789097508,5-class margin P45-P3
0.23500000000000001,0.6859255202628697,0.7635683094198378,0.7177833162292919,0.7399682611652686,0.669966373019778,0.6755784779453593,0.6717470064899969,0.6333736396614268,0.7177833162292919,0.8293756687535543,0.7411281789097508,5-class margin P45-P3
0.23600000000000002,0.6861080686381891,0.7641362074351765,0.7171968919513267,0.7399228616804053,0.6702762723605395,0.67601077971206,0.6720675420152515,0.6348246674727932,0.7171968919513267,0.8293756687535543,0.7411281789097508,5-class margin P45-P3
0.23700000000000002,0.6861080686381891,0.764549436795995,0.7164638616038704,0.7397260273972602,0.6703991706328791,0.6762488594597345,0.6721966152620282,0.6360338573155986,0.7164638616038704,0.8293756687535543,0.7411281789097508,5-class margin P45-P3
0.23800000000000002,0.6857429718875502,0.7646505797555625,0.7154376191174314,0.7392259334999621,0.6701477647356737,0.6760984951693566,0.6719438887846578,0.6367593712212818,0.7154376191174314,0.8293756687535543,0.7411281789097508,5-class margin P45-P3
0.23900000000000002,0.6858342460752099,0.7651859990582326,0.7147045887699751,0.739084293511219,0.6703792590711011,0.6764574939013116,0.6721797614345086,0.6382103990326481,0.7147045887699751,0.8293756687535543,0.7411281789097508,5-class margin P45-P3
0.24,0.6858342460752099,0.7658536585365854,0.7135317402140449,0.7387674559805707,0.6705816869079362,0.6768384214975908,0.6723828122393696,0.6401451027811367,0.7135317402140449,0.8293756687535543,0.7411281789097508,5-class margin P45-P3
0.241,0.6860167944505294,0.7661785545583373,0.7133851341445536,0.7388399635590647,0.6708200047493098,0.6771278754156868,0.6726236431067635,0.6408706166868199,0.7133851341445536,0.8293756687535543,0.7411281789097508,5-class margin P45-P3
0.242,0.6860167944505294,0.7667666088054285,0.7123588916581146,0.738562091503268,0.6709996715817573,0.677461187062431,0.6727994373440489,0.6425634824667473,0.7123588916581146,0.8293756687535543,0.7411281789097508,5-class margin P45-P3
0.243,0.6853778751369113,0.7665086887835703,0.7113326491716757,0.7378906547030644,0.6704354944134021,0.6769480658192115,0.672221209100191,0.6425634824667473,0.7113326491716757,0.8293756687535543,0.7411281789097508,5-class margin P45-P3
0.244,0.6858342460752099,0.767368254470644,0.7108928309632019,0.7380517503805175,0.6710466461052811,0.6776955085892189,0.6728334447297024,0.6444981862152358,0.7108928309632019,0.8293756687535543,0.7411281789097508,5-class margin P45-P3
0.245,0.6856516976998904,0.7674639632504356,0.7103064066852368,0.737779808131567,0.6709385291160643,0.6776441344187973,0.6727176552619557,0.6449818621523579,0.7103064066852368,0.8293756687535543,0.7411281789097508,5-class margin P45-P3
0.246,0.6857429718875502,0.768095238095238,0.7094267702682892,0.7375962198003201,0.6712039764359352,0.6780507491002873,0.6729728340498586,0.6466747279322854,0.7094267702682892,0.8293756687535543,0.7411281789097508,5-class margin P45-P3
0.247,0.6858342460752099,0.7687291235883569,0.7085471338513415,0.7374122673176686,0.6714710085707901,0.6784573637817772,0.6732268060804609,0.6483675937122129,0.7085471338513415,0.8293756687535543,0.7411281789097508,5-class margin P45-P3
0.248,0.6855604235122308,0.7689611217335883,0.7075208913649025,0.7369626632053142,0.6713395352257685,0.6784279184756798,0.6730757728959073,0.6493349455864571,0.7075208913649025,0.8293756687535543,0.7411281789097508,5-class margin P45-P3
0.249,0.6855604235122308,0.7693044033184429,0.7069344670869374,0.7368018947207579,0.6714482767445457,0.6786183822738194,0.6731725669908901,0.6503022974607013,0.7069344670869374,0.8293756687535543,0.7411281789097508,5-class margin P45-P3
0.25,0.6853778751369113,0.7694027467262855,0.7063480428089723,0.7365283191928457,0.6713438957321245,0.6785670081033979,0.6730551891580946,0.6507859733978234,0.7063480428089723,0.8293756687535543,0.7411281789097508,5-class margin P45-P3
0.251,0.6851953267615918,0.7695012787723785,0.7057616185310072,0.7362544926206317,0.6712400010883169,0.6785156339329763,0.672937659439914,0.6512696493349456,0.7057616185310072,0.8293756687535543,0.7411281789097508,5-class margin P45-P3
0.252,0.6851040525739321,0.7699823802658978,0.7047353760445683,0.7359154929577465,0.6713268574361528,0.6787280265954401,0.6729984336398136,0.652720677146312,0.7047353760445683,0.8293756687535543,0.7411281789097508,5-class margin P45-P3
0.253,0.6853778751369113,0.7707865168539326,0.7040023456971118,0.7358823078691288,0.6717876723076265,0.6793288632959562,0.6734371476147359,0.6546553808948005,0.7040023456971118,0.8293756687535543,0.7411281789097508,5-class margin P45-P3
0.254,0.6852866009492515,0.7709236947791165,0.703562527488638,0.7357044304767745,0.6717649545550624,0.6793507921602804,0.6734015046586443,0.6551390568319226,0.703562527488638,0.8293756687535543,0.7411281789097508,5-class margin P45-P3
0.255,0.6850127783862724,0.771074646074646,0.7026828910716904,0.7352918616246069,0.6716132724044117,0.6792737309046482,0.6732233956010358,0.6558645707376058,0.7026828910716904,0.8293756687535543,0.7411281789097508,5-class margin P45-P3
0.256,0.6852866009492515,0.7718845719812993,0.7019498607242339,0.7352579852579852,0.6720773585763851,0.6798745676051641,0.6736595956892987,0.6577992744860943,0.7019498607242339,0.8293756687535543,0.7411281789097508,5-class margin P45-P3
0.257,0.6851040525739321,0.7722500403811985,0.700923618237795,0.7348601291115893,0.6720641597498858,0.6799660412833473,0.6736098398366935,0.6590084643288996,0.700923618237795,0.8293756687535543,0.7411281789097508,5-class margin P45-P3
0.258,0.685469149324571,0.7730140753923314,0.7004838000293212,0.7349638517151208,0.6725803361254851,0.6805925650690741,0.6741036991460003,0.660701330108827,0.7004838000293212,0.8293756687535543,0.7411281789097508,5-class margin P45-P3
0.259,0.6852866009492515,0.7733830442535257,0.6994575575428823,0.7345650500384912,0.6725699428495537,0.6806840387472574,0.6740523075792098,0.6619105199516324,0.6994575575428823,0.8293756687535543,0.7411281789097508,5-class margin P45-P3
0.26,0.6856516976998904,0.7742407016404093,0.6988711332649171,0.7346278317152104,0.6731174335457725,0.681358178482519,0.6745671059180485,0.6638452237001209,0.6988711332649171,0.8293756687535543,0.7411281789097508,5-class margin P45-P3
0.261,0.6852866009492515,0.7740939379164635,0.698284708986952,0.734237706181594,0.6728058696453023,0.6810649663435364,0.6742345389265545,0.6638452237001209,0.698284708986952,0.8293756687535543,0.7411281789097508,5-class margin P45-P3
0.262,0.6851953267615918,0.7745928338762215,0.6972584665005132,0.7338939896612916,0.6729068820543898,0.6812773590060002,0.674286956846063,0.6652962515114873,0.6972584665005132,0.8293756687535543,0.7411281789097508,5-class margin P45-P3
0.263,0.6847389558232931,0.7745881585385744,0.6962322240140741,0.7333230389129092,0.6725790533625515,0.6810060757313419,0.6739159837421689,0.6657799274486095,0.6962322240140741,0.8293756687535543,0.7411281789097508,5-class margin P45-P3
0.264,0.6845564074479737,0.7748733867015194,0.6953525875971265,0.7329624478442281,0.6725452765979159,0.6810499334599901,0.6738390834538867,0.6667472793228537,0.6953525875971265,0.8293756687535543,0.7411281789097508,5-class margin P45-P3
0.265,0.6846476816356335,0.7752698724239451,0.6949127693886527,0.7328952454580595,0.672744395113253,0.6813137002928753,0.6740113968183692,0.667714631197098,0.6949127693886527,0.8293756687535543,0.7411281789097508,5-class margin P45-P3
0.266,0.6846476816356335,0.7757208387942333,0.6941797390411963,0.732688588007737,0.6728975175009912,0.6815517800405497,0.6741221954170208,0.6689238210399032,0.6941797390411963,0.8293756687535543,0.7411281789097508,5-class margin P45-P3
0.267,0.6845564074479737,0.7760459392945037,0.6934467086937399,0.7324248993496438,0.6729437678369248,0.6816689408039438,0.6741270783986992,0.6698911729141476,0.6934467086937399,0.8293756687535543,0.7411281789097508,5-class margin P45-P3
0.268,0.6843738590726542,0.7760630438351667,0.6930068904852661,0.7321871127633209,0.6728208333255998,0.6815699506839874,0.6739824452705494,0.6701330108827086,0.6930068904852661,0.8293756687535543,0.7411281789097508,5-class margin P45-P3
0.269,0.6843738590726542,0.7765170202269364,0.6922738601378097,0.7319795380561154,0.6729764588314169,0.6818080304316618,0.6740918777960931,0.6713422007255139,0.6922738601378097,0.8293756687535543,0.7411281789097508,5-class margin P45-P3
0.27,0.6841000365096751,0.7764976958525346,0.6916874358598446,0.7316430177560673,0.6727775364508575,0.6816357372769598,0.6738636608469744,0.671584038694075,0.6916874358598446,0.8293756687535543,0.7411281789097508,5-class margin P45-P3
0.271,0.6835523913837167,0.77636783124588,0.6906611933734057,0.7310109395608658,0.6723492184052641,0.6812435350180208,0.6733853323538563,0.671825876662636,0.6906611933734057,0.8293756687535543,0.7411281789097508,5-class margin P45-P3
0.272,0.6835523913837167,0.7769154557463672,0.689781556956458,0.7307602702492817,0.6725393605262449,0.6815292307152303,0.6735151655618296,0.6732769044740025,0.689781556956458,0.8293756687535543,0.7411281789097508,5-class margin P45-P3
0.273,0.6832785688207375,0.7770795435753266,0.6889019205395104,0.7303388249922288,0.6724061396833652,0.6814521694595981,0.6733295186438366,0.6740024183796857,0.6889019205395104,0.8293756687535543,0.7411281789097508,5-class margin P45-P3
0.274,0.6831872946330778,0.777317880794702,0.6883154962615452,0.7301142990436202,0.672426230877416,0.681521714273457,0.6733103812089165,0.6747279322853688,0.6883154962615452,0.8293756687535543,0.7411281789097508,5-class margin P45-P3
0.275,0.683461117196057,0.7780726488638249,0.6877290719835801,0.7301167315175098,0.6728804486454298,0.6820749350244382,0.6737098775663029,0.6764207980652962,0.6877290719835801,0.8293756687535543,0.7411281789097508,5-class margin P45-P3
0.276,0.6836436655713765,0.7789788790952935,0.6867028294971412,0.7299361072152096,0.6733251668387655,0.6826500846397435,0.6740669740746681,0.6785973397823458,0.6867028294971412,0.8293756687535543,0.7411281789097508,5-class margin P45-P3
0.277,0.6838262139466958,0.7797966327721287,0.6858231930801936,0.7297971918876756,0.6737393492688564,0.6831776183055139,0.674401455600679,0.6805320435308343,0.6858231930801936,0.8293756687535543,0.7411281789097508,5-class margin P45-P3
0.278,0.683461117196057,0.7798364212986146,0.6849435566632459,0.7293162660006244,0.6735033063189951,0.6829796380656012,0.6741086824508616,0.6810157194679565,0.6849435566632459,0.8293756687535543,0.7411281789097508,5-class margin P45-P3
0.279,0.6833698430083972,0.7800802139037433,0.6843571323852807,0.7290901991409605,0.6735276371208178,0.6830491828794603,0.6740872100349582,0.6817412333736397,0.6843571323852807,0.8293756687535543,0.7411281789097508,5-class margin P45-P3
0.28,0.6830960204454181,0.7802510460251046,0.6834774959683331,0.7286652078774617,0.6734019735244977,0.682972121623828,0.6738982028856374,0.6824667472793229,0.6834774959683331,0.8293756687535543,0.7411281789097508,5-class margin P45-P3
0.281,0.6828221978824388,0.780328418230563,0.6827444656208767,0.728282117444679,0.673243599652571,0.6828474444186607,0.6736883567602656,0.682950423216445,0.6827444656208767,0.8293756687535543,0.7411281789097508,5-class margin P45-P3
0.28200000000000003,0.6828221978824388,0.7806105333780611,0.6823046474124028,0.7281545803019636,0.673344914266123,0.6829902922672655,0.6737497624918735,0.6836759371221282,0.6823046474124028,0.8293756687535543,0.7411281789097508,5-class margin P45-P3
0.28300000000000003,0.6822745527564804,0.7807666442501682,0.6808385867174901,0.7273866395175816,0.6730310857033588,0.6827409378569312,0.6733291066996199,0.6846432889963724,0.6808385867174901,0.8293756687535543,0.7411281789097508,5-class margin P45-P3
0.28400000000000003,0.6819094560058415,0.7807135644564119,0.6801055563700337,0.7269450756091828,0.672766036316758,0.6824953416674836,0.6730145642555696,0.6848851269649335,0.6801055563700337,0.8293756687535543,0.7411281789097508,5-class margin P45-P3
0.28500000000000003,0.6814530850675429,0.7805288866430857,0.6793725260225774,0.7264461514343941,0.6723923572486199,0.6821288264937555,0.6725960274322942,0.6848851269649335,0.6793725260225774,0.8293756687535543,0.7411281789097508,5-class margin P45-P3
0.28600000000000003,0.6818181818181818,0.7811498904063395,0.679225919953086,0.7266311166875784,0.6728635024171001,0.6826601183804124,0.6730317155490293,0.6860943168077388,0.679225919953086,0.8293756687535543,0.7411281789097508,5-class margin P45-P3
0.28700000000000003,0.6817269076305221,0.7813977042538826,0.6786394956751209,0.7264025107885446,0.6728928107914882,0.6827296631942714,0.6730081715064137,0.686819830713422,0.6786394956751209,0.8293756687535543,0.7411281789097508,5-class margin P45-P3
0.28800000000000003,0.6817269076305221,0.781683001013856,0.6781996774666471,0.7262736478530497,0.6729971178153837,0.6828725110428762,0.6730681441053104,0.6875453446191052,0.6781996774666471,0.8293756687535543,0.7411281789097508,5-class margin P45-P3
0.289,0.6809967141292442,0.7814827352742044,0.6768802228412256,0.7254301201979731,0.6724370887147567,0.6823337027144459,0.6724177716311657,0.6877871825876662,0.6768802228412256,0.8293756687535543,0.7411281789097508,5-class margin P45-P3
0.29,0.6807228915662651,0.7818490245971162,0.6757073742852954,0.7249134948096886,0.6723906257148791,0.6823518733578835,0.6722653598450357,0.6889963724304716,0.6757073742852954,0.8293756687535543,0.7411281789097508,5-class margin P45-P3
0.291,0.6807228915662651,0.7823279524214104,0.6749743439378391,0.7246969935463561,0.6725680385258304,0.6825899531055579,0.6723637042465649,0.6902055622732769,0.6749743439378391,0.8293756687535543,0.7411281789097508,5-class margin P45-P3
0.292,0.6807228915662651,0.7827122681640293,0.6743879196598739,0.724523547015278,0.6727107314437,0.6827804169036975,0.6724419341327746,0.6911729141475211,0.6743879196598739,0.8293756687535543,0.7411281789097508,5-class margin P45-P3
0.293,0.6806316173786053,0.7833503923575571,0.6732150711039437,0.7241188993140424,0.6728883881693557,0.6830404255156961,0.6724939496028441,0.6928657799274486,0.6732150711039437,0.8293756687535543,0.7411281789097508,5-class margin P45-P3
0.294,0.6805403431909456,0.783603757472246,0.6726286468259786,0.723887661722941,0.6729232274912691,0.6831099703295551,0.6724678672408555,0.6935912938331318,0.6726286468259786,0.8293756687535543,0.7411281789097508,5-class margin P45-P3
0.295,0.6801752464403067,0.7836497349067898,0.6717490104090309,0.7233975371013578,0.6727017513837139,0.6829119900896424,0.6721704258418948,0.694074969770254,0.6717490104090309,0.8293756687535543,0.7411281789097508,5-class margin P45-P3
0.296,0.6794450529390288,0.7835475578406169,0.6702829497141182,0.7225031605562579,0.6721877605645186,0.682420797710747,0.6715368006757089,0.694558645707376,0.6702829497141182,0.8293756687535543,0.7411281789097508,5-class margin P45-P3
0.297,0.6795363271266885,0.7840714040508068,0.6696965254361531,0.7223847552779316,0.6724450587505496,0.6827321804931672,0.6717158530841898,0.6957678355501814,0.6696965254361531,0.8293756687535543,0.7411281789097508,5-class margin P45-P3
0.298,0.6789886820007301,0.7839463733241664,0.6686702829497141,0.7217343144236095,0.6720432528356917,0.6823399782342283,0.6712305778955101,0.6960096735187424,0.6686702829497141,0.8293756687535543,0.7411281789097508,5-class margin P45-P3
0.299,0.6783497626871121,0.7838815223006717,0.6673508283242926,0.7209375989863794,0.6716067157046182,0.6819220888900785,0.6706799153915094,0.6964933494558646,0.6673508283242926,0.8293756687535543,0.7411281789097508,5-class margin P45-P3
0.3,0.6781672143117926,0.7841007070184515,0.6666177979768363,0.7206022187004755,0.6715733319850838,0.681918330669192,0.6705680056050807,0.6972188633615478,0.6666177979768363,0.8293756687535543,0.7411281789097508,5-class margin P45-P3
0.301,0.6784410368747719,0.7848997926744989,0.6660313736988711,0.720596399397256,0.6720551594951443,0.6824715514201731,0.670950677393995,0.6989117291414753,0.6660313736988711,0.8293756687535543,0.7411281789097508,5-class margin P45-P3
0.302,0.6784410368747719,0.7855905784551438,0.6650051312124322,0.7202858277094085,0.6723205690423153,0.6828048630669175,0.6710799107421144,0.7006045949214027,0.6650051312124322,0.8293756687535543,0.7411281789097508,5-class margin P45-P3
0.303,0.6786235852500913,0.7863589031586254,0.6642721008649758,0.7201780179607407,0.6727327823455815,0.683284780783153,0.6713763924083904,0.7022974607013301,0.6642721008649758,0.8293756687535543,0.7411281789097508,5-class margin P45-P3
0.304,0.6785323110624315,0.7867199721884234,0.6635390705175195,0.719898202640369,0.6728141471551381,0.6834019415465469,0.6713648220312576,0.7032648125755744,0.6635390705175195,0.8293756687535543,0.7411281789097508,5-class margin P45-P3
0.305,0.6782584884994524,0.786908077994429,0.6626594341005717,0.7194588141663351,0.6727134403786419,0.6833248802909146,0.6711662317327878,0.7039903264812576,0.6626594341005717,0.8293756687535543,0.7411281789097508,5-class margin P45-P3
0.306,0.6781672143117926,0.7873713587999303,0.661779797683624,0.7191333439541182,0.6728355932425842,0.6834896570038435,0.6711717157898396,0.7051995163240629,0.661779797683624,0.8293756687535543,0.7411281789097508,5-class margin P45-P3
0.307,0.6781672143117926,0.7879741303967838,0.6609001612666764,0.7188646148939563,0.6730701597542659,0.6837753527010528,0.6712786254832641,0.7066505441354293,0.6609001612666764,0.8293756687535543,0.7411281789097508,5-class margin P45-P3
0.308,0.6781672143117926,0.7884783750656628,0.6601671309192201,0.7186402808809448,0.6732668329093805,0.6840134324487273,0.6713670487560375,0.7078597339782345,0.6601671309192201,0.8293756687535543,0.7411281789097508,5-class margin P45-P3
0.309,0.6774370208105148,0.7882827574109805,0.6588476762937986,0.7177767129851461,0.6727331960223314,0.6834746241202971,0.6707094427545539,0.7081015719467957,0.6588476762937986,0.8293756687535543,0.7411281789097508,5-class margin P45-P3
0.31,0.6771631982475356,0.7882724719101124,0.6582612520158334,0.7174243029479908,0.6725582891869953,0.683302330965595,0.6704737267800092,0.7083434099153567,0.6582612520158334,0.8293756687535543,0.7411281789097508,5-class margin P45-P3
0.311,0.6770719240598758,0.7884378843788438,0.6578214338073596,0.7172314578005116,0.6725665205370002,0.6833242598299192,0.6704242395385537,0.7088270858524789,0.6578214338073596,0.8293756687535543,0.7411281789097508,5-class margin P45-P3
0.312,0.6770719240598758,0.7890473674942772,0.6569417973904119,0.71696,0.6728067991536195,0.6836099555271286,0.6705284487887804,0.7102781136638452,0.6569417973904119,0.8293756687535543,0.7411281789097508,5-class margin P45-P3
0.313,0.6768893756845564,0.7893808431822191,0.6560621609734643,0.7165732586068855,0.6728254698226208,0.6836538132557768,0.6704284251005135,0.7112454655380894,0.6560621609734643,0.8293756687535543,0.7411281789097508,5-class margin P45-P3
0.314,0.6766155531215772,0.7894736842105263,0.655329130626008,0.7161739966354241,0.6726930189091922,0.6835291360506097,0.6702091745824272,0.7117291414752116,0.655329130626008,0.8293756687535543,0.7411281789097508,5-class margin P45-P3
0.315,0.6764330047462578,0.7900141643059491,0.6541562820700777,0.7156949234100569,0.6727953263127333,0.6836682256783279,0.6701422832659731,0.713180169286578,0.6541562820700777,0.8293756687535543,0.7411281789097508,5-class margin P45-P3
0.316,0.676341730558598,0.7905944986690329,0.6531300395836388,0.7153179190751445,0.6729706190018723,0.6838806183407916,0.6701589595375723,0.7146311970979444,0.6531300395836388,0.8293756687535543,0.7411281789097508,5-class margin P45-P3
0.317,0.6757940854326396,0.7905777777777778,0.6519571910277085,0.7146071026835932,0.6726289751766398,0.6835360320313875,0.669684704944163,0.7151148730350665,0.6519571910277085,0.8293756687535543,0.7411281789097508,5-class margin P45-P3
0.318,0.675337714494341,0.7905982905982906,0.6509309485412696,0.7139985527056364,0.6723590703927782,0.6832647487567292,0.6692947908646916,0.7155985489721887,0.6509309485412696,0.8293756687535543,0.7411281789097508,5-class margin P45-P3
0.319,0.6751551661190215,0.7909382804138423,0.650051312124322,0.7136074676108474,0.6723850280573884,0.6833086064853775,0.669191714828091,0.7165659008464329,0.650051312124322,0.8293756687535543,0.7411281789097508,5-class margin P45-P3
0.32,0.6751551661190215,0.7915623882731498,0.6491716757073743,0.7133306484091825,0.6726368450131135,0.6835943021825868,0.6692903636907448,0.7180169286577993,0.6491716757073743,0.8293756687535543,0.7411281789097508,5-class margin P45-P3
0.321,0.6754289886820007,0.7923008057296329,0.6487318574989005,0.7133645010478801,0.6731006914516717,0.684099906984033,0.669642486164588,0.7194679564691656,0.6487318574989005,0.8293756687535543,0.7411281789097508,5-class margin P45-P3
0.322,0.6757940854326396,0.7932890723129373,0.6481454332209353,0.7134097143779248,0.6737205160933069,0.6847740467192948,0.6701110349574011,0.7214026602176542,0.6481454332209353,0.8293756687535543,0.7411281789097508,5-class margin P45-P3
0.323,0.6755202628696605,0.7934938892882818,0.6472657968039877,0.7129592248687929,0.6736386360387996,0.6846969854636625,0.6699046150585174,0.7221281741233374,0.6472657968039877,0.8293756687535543,0.7411281789097508,5-class margin P45-P3
0.324,0.6749726177437021,0.793905517490083,0.6455065239700923,0.7120562788065011,0.6734777125343205,0.684542862952398,0.6694906852387665,0.7235792019347037,0.6455065239700923,0.8293756687535543,0.7411281789097508,5-class margin P45-P3
0.325,0.6746987951807228,0.7940061382921105,0.644773493622636,0.7116504854368932,0.6733552936245488,0.6844181857472309,0.669267453773723,0.7240628778718259,0.644773493622636,0.8293756687535543,0.7411281789097508,5-class margin P45-P3
0.326,0.6748813435560423,0.7948254025692058,0.6440404632751796,0.7115322319403952,0.6737987760681725,0.6848981034634665,0.6695469608049948,0.7257557436517533,0.6440404632751796,0.8293756687535543,0.7411281789097508,5-class margin P45-P3
0.327,0.6741511500547646,0.7948485398149827,0.6424277965107755,0.7105561861520999,0.6733750323546712,0.684454527034106,0.6689135075675932,0.7264812575574365,0.6424277965107755,0.8293756687535543,0.7411281789097508,5-class margin P45-P3
0.328,0.6738773274917853,0.7952727272727272,0.6412549479548453,0.7100073046018992,0.6733878299120235,0.6844726976775435,0.6687352756978842,0.7276904474002418,0.6412549479548453,0.8293756687535543,0.7411281789097508,5-class margin P45-P3
0.329,0.6738773274917853,0.7957028404952659,0.6406685236768802,0.7098188906034273,0.6735651830587603,0.6846631614756831,0.6687963085166319,0.728657799274486,0.6406685236768802,0.8293756687535543,0.7411281789097508,5-class margin P45-P3
0.33,0.6744249726177437,0.7966812545587163,0.640521917607389,0.7101178382771232,0.674290919677019,0.6854362913309013,0.6694130359284023,0.7303506650544136,0.640521917607389,0.8293756687535543,0.7411281789097508,5-class margin P45-P3
0.331,0.6746075209930632,0.797514619883041,0.6397888872599325,0.7099975595867567,0.6747419926548683,0.6859162090471368,0.6696884564749461,0.732043530834341,0.6397888872599325,0.8293756687535543,0.7411281789097508,5-class margin P45-P3
0.332,0.6745162468054035,0.797804208600183,0.6392024629819675,0.7097509360247436,0.6748081323459847,0.6859857538609958,0.6696479591821204,0.7327690447400241,0.6392024629819675,0.8293756687535543,0.7411281789097508,5-class margin P45-P3
0.333,0.6737860533041256,0.7977260223730057,0.6377364022870546,0.7088153821085221,0.6743491096782346,0.6854945614821004,0.668995779869368,0.7332527206771463,0.6377364022870546,0.8293756687535543,0.7411281789097508,5-class margin P45-P3
0.334,0.6735122307411464,0.7979426891991183,0.636856765870107,0.7083571137382797,0.6742797625966563,0.6854175002264682,0.6687841337324134,0.7339782345828295,0.636856765870107,0.8293756687535543,0.7411281789097508,5-class margin P45-P3
0.335,0.6732384081781673,0.7983796722518873,0.6356839173141768,0.7078028077048645,0.6743029582978894,0.6854356708699059,0.6686011968130947,0.7351874244256348,0.6356839173141768,0.8293756687535543,0.7411281789097508,5-class margin P45-P3
0.336,0.6725994888645491,0.7982294356326078,0.6345110687582466,0.7070162541860655,0.6738707713038355,0.6849701655762213,0.6680184177125383,0.7354292623941959,0.6345110687582466,0.8293756687535543,0.7411281789097508,5-class margin P45-P3
0.337,0.6725994888645491,0.7986701145179165,0.6339246444802815,0.706824683285656,0.6740553748338409,0.6851606293743608,0.6680759770670297,0.7363966142684402,0.6339246444802815,0.8293756687535543,0.7411281789097508,5-class margin P45-P3
0.338,0.6725994888645491,0.7988909426987061,0.6336314323412989,0.7067288038590467,0.6741479596291944,0.6852558612734305,0.6681046147174585,0.7368802902055622,0.6336314323412989,0.8293756687535543,0.7411281789097508,5-class margin P45-P3
0.339,0.6720518437385907,0.7988888888888889,0.6324585837853687,0.7059978725145242,0.673832493400528,0.6849112749640265,0.6676207503115392,0.7373639661426844,0.6324585837853687,0.8293756687535543,0.7411281789097508,5-class margin P45-P3
0.34,0.6715041986126323,0.7989977728285078,0.6311391291599472,0.7052174625276435,0.6735649783682769,0.6846143046041574,0.667150625523329,0.7380894800483676,0.6311391291599472,0.8293756687535543,0.7411281789097508,5-class margin P45-P3
0.341,0.6710478276743337,0.7991445043704668,0.629966280604017,0.7045417281521561,0.6733668390287537,0.6843906372790339,0.6667654080332532,0.7388149939540508,0.629966280604017,0.8293756687535543,0.7411281789097508,5-class margin P45-P3
0.342,0.6701350857977364,0.7992162716924799,0.6279137956311391,0.7032840722495894,0.6728795312366276,0.6838480707297171,0.6659659161083541,0.739782345828295,0.6279137956311391,0.8293756687535543,0.7411281789097508,5-class margin P45-P3
0.343,0.6696787148594378,0.7992523364485982,0.6268875531447002,0.7026538493139429,0.6726372278033216,0.6835767874550587,0.6655657091760148,0.7402660217654172,0.6268875531447002,0.8293756687535543,0.7411281789097508,5-class margin P45-P3
0.34400000000000003,0.6694048922964586,0.7997002061083005,0.62571470458877,0.7020891594012173,0.672674449023184,0.6835949580984962,0.6653771612056323,0.7414752116082225,0.62571470458877,0.8293756687535543,0.7411281789097508,5-class margin P45-P3
0.34500000000000003,0.6691310697334794,0.8000375516334961,0.6246884621023311,0.7015724047089816,0.6726653122288262,0.683565512792399,0.6651743231942245,0.7424425634824667,0.6246884621023311,0.8293756687535543,0.7411281789097508,5-class margin P45-P3
0.34600000000000003,0.6690397955458196,0.8006775832862789,0.6236622196158921,0.7011702653700346,0.6728888536668857,0.6837779054548626,0.6651688921450296,0.7438935912938331,0.6236622196158921,0.8293756687535543,0.7411281789097508,5-class margin P45-P3
0.34700000000000003,0.6686746987951807,0.8009809469911338,0.6224893710599619,0.7005444646098004,0.6728158492692184,0.6836751571140196,0.6648789738779339,0.7448609431680774,0.6224893710599619,0.8293756687535543,0.7411281789097508,5-class margin P45-P3
0.34800000000000003,0.6682183278568821,0.8007930513595166,0.6217563407125055,0.7000082528678716,0.6724813313334685,0.6833086419402914,0.6644502724267893,0.7448609431680774,0.6217563407125055,0.8293756687535543,0.7411281789097508,5-class margin P45-P3
0.34900000000000003,0.6679445052939029,0.8007938007938008,0.6211699164345403,0.6996367239101717,0.672329821844385,0.6831363487855894,0.6642061170571267,0.7451027811366384,0.6211699164345403,0.8293756687535543,0.7411281789097508,5-class margin P45-P3
0.35000000000000003,0.6673055859802848,0.8006436955698599,0.6199970678786102,0.6988349995868793,0.6719115552223639,0.6826708434919049,0.6636187435491743,0.7453446191051996,0.6199970678786102,0.8293756687535543,0.7411281789097508,5-class margin P45-P3
0.35100000000000003,0.6674881343556043,0.8016324981017464,0.6191174314616625,0.6986516668045331,0.6724407216247128,0.6831983771576753,0.6638936843642944,0.747279322853688,0.6191174314616625,0.8293756687535543,0.7411281789097508,5-class margin P45-P3
0.352,0.6674881343556043,0.802206162038798,0.6183844011142061,0.6984021856113917,0.6726896026059206,0.6834364569053497,0.6639575252271339,0.7484885126964933,0.6183844011142061,0.8293756687535543,0.7411281789097508,5-class margin P45-P3
0.353,0.6673055859802848,0.8023610053313024,0.617797976836241,0.6980866396090449,0.6726566597484002,0.6833850827349283,0.6638110807558386,0.7489721886336155,0.617797976836241,0.8293756687535543,0.7411281789097508,5-class margin P45-P3
0.354,0.6669404892296459,0.8027873234058801,0.6164785222108196,0.6974044282278796,0.6726423500555109,0.6833299503436201,0.6635301852902313,0.7501813784764207,0.6164785222108196,0.8293756687535543,0.7411281789097508,5-class margin P45-P3
0.355,0.6668492150419861,0.803096922194609,0.6158920979328544,0.6971457019581813,0.6727275003986146,0.6833994951574791,0.6634815730886241,0.750906892382104,0.6158920979328544,0.8293756687535543,0.7411281789097508,5-class margin P45-P3
0.356,0.6666666666666666,0.8031375550028698,0.6154522797243805,0.6968791500664011,0.6726457542862141,0.6833005050375228,0.6633219756820246,0.7511487303506651,0.6154522797243805,0.8293756687535543,0.7411281789097508,5-class margin P45-P3
0.357,0.6664841182913472,0.8036433365292426,0.6144260372379416,0.6964107676969092,0.672767496517539,0.683391978715706,0.6632114591825979,0.7523579201934704,0.6144260372379416,0.8293756687535543,0.7411281789097508,5-class margin P45-P3
0.358,0.6666666666666666,0.804418828049952,0.6138396129599766,0.6963246299684018,0.6732057624861132,0.6838242804824066,0.6634566706386618,0.7538089480048368,0.6138396129599766,0.8293756687535543,0.7411281789097508,5-class margin P45-P3
0.359,0.666210295728368,0.8045822102425876,0.6126667644040463,0.6956304619225967,0.6730304317439942,0.6836006131572832,0.6630622755202555,0.75453446191052,0.6126667644040463,0.8293756687535543,0.7411281789097508,5-class margin P45-P3
0.36,0.6657539247900693,0.8048639258830341,0.6113473097786248,0.6948841859690051,0.6729081534177075,0.6834245617816945,0.6626792271923734,0.7555018137847642,0.6113473097786248,0.8293756687535543,0.7411281789097508,5-class margin P45-P3
0.361,0.6653888280394304,0.8049487724724531,0.6104676733616772,0.6943471735867934,0.672749330037022,0.6832265815417817,0.6623580998000513,0.7559854897218863,0.6104676733616772,0.8293756687535543,0.7411281789097508,5-class margin P45-P3
0.362,0.6647499087258123,0.8048024786986832,0.6092948248057469,0.6935335836462244,0.672342537691883,0.6827610762480971,0.6617662881462713,0.7562273276904474,0.6092948248057469,0.8293756687535543,0.7411281789097508,5-class margin P45-P3
0.363,0.6642935377875137,0.8050863909920404,0.6079753701803254,0.6927831607083194,0.6722245047122131,0.6825850248725085,0.6613815199919866,0.7571946795646917,0.6079753701803254,0.8293756687535543,0.7411281789097508,5-class margin P45-P3
0.364,0.6640197152245345,0.8053286658887593,0.6070957337633778,0.6923012622251944,0.6721861767696291,0.6825079636168763,0.6611571644325289,0.7579201934703749,0.6070957337633778,0.8293756687535543,0.7411281789097508,5-class margin P45-P3
0.365,0.6636546184738956,0.8055339049103664,0.6060694912769389,0.691709194344516,0.672083573334304,0.6823575993264985,0.6608460621787848,0.7586457073760581,0.6060694912769389,0.8293756687535543,0.7411281789097508,5-class margin P45-P3
0.366,0.663198247535597,0.8057020113259129,0.6048966427210086,0.6910065315692514,0.6719169868111998,0.682133932001375,0.6604481002881362,0.7593712212817413,0.6048966427210086,0.8293756687535543,0.7411281789097508,5-class margin P45-P3
0.367,0.6631069733479372,0.8062622309197651,0.604017006304061,0.6906378342133936,0.6721184572320344,0.6822987087143038,0.6604176046129587,0.7605804111245466,0.604017006304061,0.8293756687535543,0.7411281789097508,5-class margin P45-P3
0.368,0.6622855056589997,0.8060404000784468,0.6025509456091482,0.6895973154362416,0.6715877260764438,0.6816865973511279,0.659650539223325,0.7608222490931076,0.6025509456091482,0.8293756687535543,0.7411281789097508,5-class margin P45-P3
0.369,0.6621029572836802,0.8062045945415276,0.6019645213311831,0.6892731240557327,0.671565541343764,0.6816352231807064,0.6594995346223853,0.7613059250302298,0.6019645213311831,0.8293756687535543,0.7411281789097508,5-class margin P45-P3
0.37,0.661464037970062,0.8060582218725413,0.6007916727752529,0.68845023099538,0.671166031917197,0.6811697178870219,0.6589048396907549,0.7615477629987908,0.6007916727752529,0.8293756687535543,0.7411281789097508,5-class margin P45-P3
0.371,0.6616465863453815,0.8063754427390791,0.6007916727752529,0.6885659077543477,0.6714035879000129,0.6814115558555829,0.6590996188786724,0.762031438935913,0.6007916727752529,0.8293756687535543,0.7411281789097508,5-class margin P45-P3
0.372,0.6613727637824023,0.8066232998225902,0.5999120363583053,0.6880780225323693,0.6713721632548273,0.6813344945999507,0.6588723113260768,0.7627569528415962,0.5999120363583053,0.8293756687535543,0.7411281789097508,5-class margin P45-P3
0.373,0.6612814895947426,0.8068271507498027,0.5994722181498314,0.6878627302548574,0.6714162927662057,0.6813564234642748,0.658807150820335,0.7632406287787182,0.5994722181498314,0.8293756687535543,0.7411281789097508,5-class margin P45-P3
0.374,0.660825118656444,0.8066363815919415,0.598739187802375,0.6873106698081454,0.6710935174547183,0.6809899082905466,0.6583741222993659,0.7632406287787182,0.598739187802375,0.8293756687535543,0.7411281789097508,5-class margin P45-P3
0.375,0.6606425702811245,0.806802452046668,0.5981527635244099,0.6869843407981142,0.671073712885514,0.6809385341201252,0.6582220886769123,0.7637243047158404,0.5981527635244099,0.8293756687535543,0.7411281789097508,5-class margin P45-P3
0.376,0.6606425702811245,0.8072885719944544,0.5975663392464448,0.6867733782645324,0.6712928385619809,0.6811289979182646,0.6582642035716209,0.7646916565900846,0.5975663392464448,0.8293756687535543,0.7411281789097508,5-class margin P45-P3
0.377,0.6601861993428259,0.8073412698412699,0.5965400967600059,0.6861141556361183,0.6710810473614733,0.6808577146436063,0.6578516256242476,0.7651753325272068,0.5965400967600059,0.8293756687535543,0.7411281789097508,5-class margin P45-P3
0.378,0.6599123767798467,0.8075929238719937,0.5956604603430582,0.6856226797165036,0.6710538459022415,0.6807806533879741,0.657622473059047,0.7659008464328899,0.5956604603430582,0.8293756687535543,0.7411281789097508,5-class margin P45-P3
0.379,0.6600036509675064,0.8083665338645418,0.5949274299956018,0.6854150831855418,0.6714507871479043,0.6811396521199291,0.6577705939212388,0.7673518742442563,0.5949274299956018,0.8293756687535543,0.7411281789097508,5-class margin P45-P3
0.38,0.660460021905805,0.8094192775893035,0.5946342178566193,0.6855983772819473,0.6721612788282935,0.6818394789404015,0.658275379117164,0.7690447400241838,0.5946342178566193,0.8293756687535543,0.7411281789097508,5-class margin P45-P3
0.381,0.6601861993428259,0.8099239695878351,0.593461369300689,0.6849987308570945,0.6722496652235919,0.6818576495838391,0.6580646086664349,0.7702539298669892,0.593461369300689,0.8293756687535543,0.7411281789097508,5-class margin P45-P3
0.382,0.6597298284045272,0.8098577439390904,0.5925817328837414,0.6843887571960718,0.6719867093542895,0.6815387503596457,0.6576399231524914,0.7704957678355502,0.5925817328837414,0.8293756687535543,0.7411281789097508,5-class margin P45-P3
0.383,0.6594560058415481,0.8101164191087916,0.5917020964667937,0.6838939252732357,0.6719648048004621,0.6814616891040135,0.6574084326138658,0.7712212817412334,0.5917020964667937,0.8293756687535543,0.7411281789097508,5-class margin P45-P3
0.384,0.6593647316538883,0.8103275065300382,0.5912622782583199,0.6836751991863028,0.6720143971854071,0.6814836179683377,0.6573408623971855,0.7717049576783555,0.5912622782583199,0.8293756687535543,0.7411281789097508,5-class margin P45-P3
0.385,0.6590909090909091,0.8107128473620621,0.590236035771881,0.6831254772206669,0.6720509144990611,0.6814541726622404,0.657118294165889,0.7726723095525998,0.590236035771881,0.8293756687535543,0.7411281789097508,5-class margin P45-P3
0.386,0.6591821832785688,0.8113778495057494,0.5896496114939158,0.6829682458821532,0.672400043272628,0.6817655554446604,0.6572528223687458,0.7738814993954051,0.5896496114939158,0.8293756687535543,0.7411281789097508,5-class margin P45-P3
0.387,0.6588170865279299,0.8117290192113246,0.5884767629379857,0.6823049464558899,0.6723759053800759,0.6816628071038175,0.6569419469121555,0.7748488512696493,0.5884767629379857,0.8293756687535543,0.7411281789097508,5-class margin P45-P3
0.388,0.6586345381526104,0.8121580547112462,0.587597126521038,0.6818645797890439,0.6724799574336833,0.6817066648324658,0.6568046805995239,0.7758162031438935,0.587597126521038,0.8293756687535543,0.7411281789097508,5-class margin P45-P3
0.389,0.6581781672143118,0.8124746038195856,0.5862776718956165,0.6810866047858298,0.6723957374417782,0.6815306134568773,0.6564052357196923,0.7767835550181379,0.5862776718956165,0.8293756687535543,0.7411281789097508,5-class margin P45-P3
0.39,0.6575392479006937,0.8122075279755849,0.5852514294091775,0.6802999318336742,0.6719537888181186,0.6810174922136577,0.6557946200048874,0.7767835550181379,0.5852514294091775,0.8293756687535543,0.7411281789097508,5-class margin P45-P3
0.391,0.6569003285870756,0.8119396903015484,0.5842251869227386,0.6795123198908688,0.6715121731931022,0.6805043709704383,0.6551838335190374,0.7767835550181379,0.5842251869227386,0.8293756687535543,0.7411281789097508,5-class margin P45-P3
0.392,0.6566265060240963,0.812206572769953,0.583345550505791,0.6790102389078498,0.6714986966540866,0.6804273097148059,0.6549486045402672,0.777509068923821,0.583345550505791,0.8293756687535543,0.7411281789097508,5-class margin P45-P3
0.393,0.655713764147499,0.812205611304526,0.5814396716024043,0.6777170198222829,0.671045996826312,0.6798371272159542,0.6541014566196054,0.7782345828295042,0.5814396716024043,0.8293756687535543,0.7411281789097508,5-class margin P45-P3
0.394,0.655713764147499,0.8125897067869592,0.5809998533939305,0.6775517182424347,0.6712232955714694,0.679979975064559,0.6541273374842485,0.7789600967351874,0.5809998533939305,0.8293756687535543,0.7411281789097508,5-class margin P45-P3
0.395,0.655074844833881,0.8128342245989305,0.5793871866295265,0.6765385603012924,0.6710216413444274,0.6796573176194791,0.6535493661805611,0.7799274486094316,0.5793871866295265,0.8293756687535543,0.7411281789097508,5-class margin P45-P3
0.396,0.6548010222709018,0.8133635801196123,0.5782143380735962,0.6759211653813196,0.6711324204839096,0.6796754882629166,0.6533286748601579,0.781136638452237,0.5782143380735962,0.8293756687535543,0.7411281789097508,5-class margin P45-P3
0.397,0.6542533771449434,0.8140401739490578,0.5763084591702097,0.6748497854077253,0.6711787290505857,0.6795689817011871,0.6528604803086181,0.7828295042321645,0.5763084591702097,0.8293756687535543,0.7411281789097508,5-class margin P45-P3
0.398,0.6541621029572837,0.8143923683119038,0.5757220348922445,0.6745684102035557,0.6712979122289875,0.6796385265150461,0.6527969132525229,0.7835550181378477,0.5757220348922445,0.8293756687535543,0.7411281789097508,5-class margin P45-P3
0.399,0.6541621029572837,0.8153078202995009,0.5746957924058056,0.6741766273970247,0.671723526285079,0.6799718381617903,0.6528521958340758,0.7852478839177751,0.5746957924058056,0.8293756687535543,0.7411281789097508,5-class margin P45-P3
0.4,0.6538882803943045,0.815455113518017,0.5739627620583492,0.6737222509034589,0.6716593195534846,0.6798471609566232,0.6526045656849656,0.7857315598548972,0.5739627620583492,0.8293756687535543,0.7411281789097508,5-class margin P45-P3
0.401,0.6536144578313253,0.8158663883089771,0.5729365195719103,0.6731547670312634,0.6717184682381733,0.6798177156505258,0.652371966565821,0.7866989117291415,0.5729365195719103,0.8293756687535543,0.7411281789097508,5-class margin P45-P3
0.402,0.6536144578313253,0.8163948138854036,0.5723500952939452,0.6729294148065156,0.6719648186692972,0.6800081794486654,0.6524022377165762,0.7876662636033858,0.5723500952939452,0.8293756687535543,0.7411281789097508,5-class margin P45-P3
0.403,0.6536144578313253,0.8167922948073701,0.5719102770854714,0.6727601966025696,0.6721501927111284,0.6801510272972702,0.6524246935509213,0.788391777509069,0.5719102770854714,0.8293756687535543,0.7411281789097508,5-class margin P45-P3
0.404,0.6538882803943045,0.8175718179911932,0.5716170649464888,0.6728213977566868,0.6726456148304115,0.6806090161491816,0.6527253665784015,0.7896009673518742,0.5716170649464888,0.8293756687535543,0.7411281789097508,5-class margin P45-P3
0.405,0.6538882803943045,0.8179718664707117,0.571177246738015,0.6726519337016574,0.6728322112912254,0.6807518639977862,0.6527473456269712,0.7903264812575574,0.571177246738015,0.8293756687535543,0.7411281789097508,5-class margin P45-P3
0.406,0.6535231836436656,0.8183540307303726,0.5700043981820847,0.6719668164535084,0.6728353554135345,0.6806491156569432,0.6524244140294622,0.7912938331318017,0.5700043981820847,0.8293756687535543,0.7411281789097508,5-class margin P45-P3
0.40700000000000003,0.6531580868930267,0.8186036701117908,0.5689781556956458,0.6713371389033039,0.6727772976464023,0.6804987513665653,0.6520936902245988,0.7920193470374849,0.5689781556956458,0.8293756687535543,0.7411281789097508,5-class margin P45-P3
0.40800000000000003,0.6528842643300474,0.8188926458157227,0.5680985192786981,0.6708214316627715,0.6727817984862676,0.6804216901109331,0.6518505266239333,0.7927448609431681,0.5680985192786981,0.8293756687535543,0.7411281789097508,5-class margin P45-P3
0.40900000000000003,0.6529755385177072,0.8194708994708995,0.5676587010702243,0.6707084704659623,0.6730960660089211,0.6806854569438183,0.6519662360047349,0.7937122128174123,0.5676587010702243,0.8293756687535543,0.7411281789097508,5-class margin P45-P3
0.41000000000000003,0.6530668127053669,0.820186598812553,0.5670722767922592,0.6705382681806362,0.6734747096626867,0.6809968397262385,0.6520884111987518,0.7949214026602176,0.5670722767922592,0.8293756687535543,0.7411281789097508,5-class margin P45-P3
0.41100000000000003,0.6532493610806864,0.8208067940552017,0.5667790646532767,0.6705402827161564,0.6738520041361503,0.6813339095938693,0.6522916229109151,0.795888754534462,0.5667790646532767,0.8293756687535543,0.7411281789097508,5-class margin P45-P3
0.41200000000000003,0.6525191675794085,0.820774797786292,0.5653130039583639,0.6695025609861968,0.6734906267614745,0.680842717214974,0.651599158872777,0.796372430471584,0.5653130039583639,0.8293756687535543,0.7411281789097508,5-class margin P45-P3
0.41300000000000003,0.6525191675794085,0.8215962441314554,0.5644333675414163,0.669157903884592,0.6738762719859829,0.6811284129121833,0.6516380581412389,0.7978234582829504,0.5644333675414163,0.8293756687535543,0.7411281789097508,5-class margin P45-P3
0.41400000000000003,0.6521540708287696,0.8218562874251497,0.5634071250549773,0.668522223188658,0.6738262328845495,0.6809780486218054,0.6513038384306228,0.7985489721886336,0.5634071250549773,0.8293756687535543,0.7411281789097508,5-class margin P45-P3
0.41500000000000004,0.6520627966411099,0.822231741272221,0.5628207007770122,0.6682332463011315,0.6739598343708011,0.6810475934356646,0.6512342589210512,0.7992744860943168,0.5628207007770122,0.8293756687535543,0.7411281789097508,5-class margin P45-P3
0.41600000000000004,0.6517889740781307,0.8223938223938224,0.5620876704295558,0.6677697465819037,0.6739074291505178,0.6809229162304973,0.6509814309666637,0.7997581620314389,0.5620876704295558,0.8293756687535543,0.7411281789097508,5-class margin P45-P3
0.417,0.6519715224534501,0.8228853585229712,0.5619410643600645,0.6678282080320586,0.67422451476482,0.6812123701485933,0.6511766363653055,0.8004836759371221,0.5619410643600645,0.8293756687535543,0.7411281789097508,5-class margin P45-P3
0.418,0.6522453450164294,0.8236938292840249,0.5616478522210819,0.6678870292887029,0.6747335125801568,0.6816703590005047,0.6514722502765353,0.8016928657799275,0.5616478522210819,0.8293756687535543,0.7411281789097508,5-class margin P45-P3
0.419,0.6518802482657904,0.823960353372118,0.560621609734643,0.6672482987262258,0.674688015165869,0.6815199947101269,0.6511361110856009,0.8024183796856107,0.560621609734643,0.8293756687535543,0.7411281789097508,5-class margin P45-P3
0.42,0.6514238773274917,0.8246107266435986,0.559008942970239,0.6663171690694627,0.6747816741240735,0.681439175233608,0.6507280886906499,0.803869407496977,0.559008942970239,0.8293756687535543,0.7411281789097508,5-class margin P45-P3
0.421,0.6508762322015335,0.8246640658864326,0.5578360944143087,0.6655006558810669,0.6745521527792302,0.6810945889242039,0.6502076153319623,0.8043530834340992,0.5578360944143087,0.8293756687535543,0.7411281789097508,5-class margin P45-P3
0.422,0.6504198612632348,0.8247557003257329,0.5568098519278698,0.6647995799054788,0.6743838334725815,0.6808233056495455,0.6497753383029206,0.8048367593712212,0.5568098519278698,0.8293756687535543,0.7411281789097508,5-class margin P45-P3
0.423,0.6502373128879153,0.8253864576529502,0.5557836094414309,0.6642719467320835,0.6745979907312369,0.6809147793277288,0.6496250188985241,0.8060459492140266,0.5557836094414309,0.8293756687535543,0.7411281789097508,5-class margin P45-P3
0.424,0.6492332968236583,0.8251091703056769,0.5540243366075356,0.6629243048855363,0.6740037695944947,0.6801560618950616,0.6486536660951323,0.8062877871825876,0.5540243366075356,0.8293756687535543,0.7411281789097508,5-class margin P45-P3
0.425,0.6487769258853596,0.825060135578395,0.5531447001905879,0.6622783921362121,0.6737708636532113,0.6798371626708684,0.6482146857049191,0.8065296251511487,0.5531447001905879,0.8293756687535543,0.7411281789097508,5-class margin P45-P3
0.426,0.6484118291347207,0.8253342099495946,0.5521184577041489,0.6616303583977512,0.6737338967783324,0.6796867983804904,0.6478744497155929,0.8072551390568319,0.5521184577041489,0.8293756687535543,0.7411281789097508,5-class margin P45-P3
0.427,0.648320554947061,0.8260105448154658,0.5512388212872013,0.6612151587092236,0.6740140169423987,0.6798515750934193,0.6478103500159649,0.8084643288996373,0.5512388212872013,0.8293756687535543,0.7411281789097508,5-class margin P45-P3
0.428,0.6474990872581234,0.8256658595641646,0.5499193666617798,0.6601548750439986,0.6734753748156079,0.6791918477807085,0.6470095573551431,0.8084643288996373,0.5499193666617798,0.8293756687535543,0.7411281789097508,5-class margin P45-P3
0.429,0.6473165388828039,0.8258761296010579,0.5493329423838147,0.6597992604331748,0.6734926683213266,0.6791404736102871,0.6468410742188615,0.8089480048367593,0.5493329423838147,0.8293756687535543,0.7411281789097508,5-class margin P45-P3
0.43,0.6473165388828039,0.8265959796774907,0.5485999120363583,0.6594994712724709,0.6738361761818781,0.6793785533579615,0.6468644649054516,0.8101571946795647,0.5485999120363583,0.8293756687535543,0.7411281789097508,5-class margin P45-P3
0.431,0.6474990872581234,0.8272506082725061,0.5483066998973758,0.6594956797742902,0.6742313647423137,0.6797156232255923,0.6470609903128783,0.811124546553809,0.5483066998973758,0.8293756687535543,0.7411281789097508,5-class margin P45-P3
0.432,0.6470427163198248,0.8274944567627495,0.5471338513414455,0.6587238549113053,0.6741412711986257,0.6794919559004688,0.6466287264349552,0.8118500604594922,0.5471338513414455,0.8293756687535543,0.7411281789097508,5-class margin P45-P3
0.433,0.6467688937568455,0.8281076273070936,0.5459610027855153,0.6580667962537551,0.6743108193819878,0.6795101265439063,0.6463828412078667,0.8130592503022974,0.5459610027855153,0.8293756687535543,0.7411281789097508,5-class margin P45-P3
0.434,0.645947426067908,0.8279090503789568,0.5444949420906026,0.6569381798885646,0.6738463335356917,0.6788980151807306,0.6455836585439994,0.8133010882708586,0.5444949420906026,0.8293756687535543,0.7411281789097508,5-class margin P45-P3
0.435,0.6454910551296094,0.8281564245810056,0.5433220935346723,0.6561614730878187,0.6737603601071978,0.678674347855607,0.6451493122786494,0.8140266021765418,0.5433220935346723,0.8293756687535543,0.7411281789097508,5-class margin P45-P3
0.436,0.6452172325666301,0.8283348254252462,0.542589063187216,0.6556825228098149,0.6737235162884554,0.6785496706504399,0.644889176306536,0.8145102781136638,0.542589063187216,0.8293756687535543,0.7411281789097508,5-class margin P45-P3
0.437,0.6446695874406718,0.8281039892424922,0.5417094267702683,0.654967650447576,0.673368286583057,0.6781098524419661,0.6443527686803691,0.8145102781136638,0.5417094267702683,0.8293756687535543,0.7411281789097508,5-class margin P45-P3
0.438,0.6443957648776926,0.8281355171640117,0.5411230024923032,0.6545486788437667,0.6732614806930999,0.6779375592872641,0.644088332274996,0.8147521160822249,0.5411230024923032,0.8293756687535543,0.7411281789097508,5-class margin P45-P3
0.439,0.6437568455640745,0.8278651685393258,0.5400967600058643,0.6537130689379824,0.6728474321024327,0.6774244380440446,0.643462116651117,0.8147521160822249,0.5400967600058643,0.8293756687535543,0.7411281789097508,5-class margin P45-P3
0.44,0.6428441036874771,0.8277727682596934,0.5383374871719689,0.6523940659145421,0.672398654068497,0.676786639595658,0.6425743206156473,0.815235792019347,0.5383374871719689,0.8293756687535543,0.7411281789097508,5-class margin P45-P3
0.441,0.642570281124498,0.8279521336644841,0.5376044568245125,0.6519111111111111,0.6723643003238922,0.6766619623904908,0.6423127118114175,0.8157194679564692,0.5376044568245125,0.8293756687535543,0.7411281789097508,5-class margin P45-P3
0.442,0.642570281124498,0.8282485875706215,0.5373112446855299,0.6517873021518762,0.6725073897889855,0.6767571942895606,0.6423196777026023,0.8162031438935913,0.5373112446855299,0.8293756687535543,0.7411281789097508,5-class margin P45-P3
0.443,0.6423877327491785,0.8284679791808102,0.5367248204075649,0.651423487544484,0.6725329034652712,0.6767058201191392,0.6421472760061251,0.8166868198307135,0.5367248204075649,0.8293756687535543,0.7411281789097508,5-class margin P45-P3
0.444,0.6423877327491785,0.8293623780349444,0.5358451839906172,0.6510509440684005,0.672964896453722,0.6769915158163484,0.6421671792599584,0.8181378476420798,0.5358451839906172,0.8293756687535543,0.7411281789097508,5-class margin P45-P3
0.445,0.6414749908725812,0.829423821452972,0.5339393050872306,0.6496610774170531,0.6725946220745439,0.6764013333174967,0.6412791368393678,0.818863361547763,0.5339393050872306,0.8293756687535543,0.7411281789097508,5-class margin P45-P3
0.446,0.6413837166849216,0.8295350957155879,0.533646092948248,0.6494780979569988,0.672608595360839,0.6763756462322861,0.6411923798203194,0.8191051995163241,0.533646092948248,0.8293756687535543,0.7411281789097508,5-class margin P45-P3
0.447,0.6411098941219423,0.8297192421821502,0.5329130626007916,0.648991251562221,0.6725782522697823,0.6762509690271189,0.6409288657437622,0.8195888754534462,0.5329130626007916,0.8293756687535543,0.7411281789097508,5-class margin P45-P3
0.448,0.641201168309602,0.8303612254229538,0.5324732443923178,0.6488610987047789,0.6729290174516774,0.6765147358600041,0.6410303440710607,0.8205562273276904,0.5324732443923178,0.8293756687535543,0.7411281789097508,5-class margin P45-P3
0.449,0.6408360715589632,0.8303571428571429,0.5317402140448615,0.6483153096791492,0.6727681281984561,0.6762691396705565,0.6406735552405818,0.8207980652962515,0.5317402140448615,0.8293756687535543,0.7411281789097508,5-class margin P45-P3
0.45,0.6405622489959839,0.8303919321567729,0.5311537897668963,0.647889842632332,0.6726660100644322,0.6760968465158544,0.6404065171401779,0.8210399032648126,0.5311537897668963,0.8293756687535543,0.7411281789097508,5-class margin P45-P3
0.451,0.6404709748083242,0.830656264341441,0.5307139715584225,0.6476429018695768,0.6727546250473497,0.6761187753801786,0.6403219633730629,0.8215235792019348,0.5307139715584225,0.8293756687535543,0.7411281789097508,5-class margin P45-P3
0.452,0.6407447973713034,0.8319907940161104,0.5299809412109662,0.647501343363783,0.6735207335683335,0.6767196120806946,0.6406127599007636,0.8234582829504232,0.5299809412109662,0.8293756687535543,0.7411281789097508,5-class margin P45-P3
0.453,0.6403797006206645,0.8322952710495963,0.5289546987245272,0.6468268196486195,0.6735105716371679,0.6765692477903168,0.6402598211296278,0.8241837968561064,0.5289546987245272,0.8293756687535543,0.7411281789097508,5-class margin P45-P3
0.454,0.640197152245345,0.8329863520703216,0.5279284562380883,0.6462670495333812,0.673767410921336,0.6766607214685,0.640091177069811,0.8253929866989117,0.5279284562380883,0.8293756687535543,0.7411281789097508,5-class margin P45-P3
0.455,0.6395582329317269,0.8330241187384044,0.5266090016126668,0.6452887811012306,0.6735108552752829,0.6762428321243503,0.6394641326417183,0.8258766626360339,0.5266090016126668,0.8293756687535543,0.7411281789097508,5-class margin P45-P3
0.456,0.6387367652427893,0.832829574517554,0.525142940917754,0.6441287538212551,0.6730639232467559,0.6756307207611745,0.6386538115723515,0.8261185006045949,0.525142940917754,0.8293756687535543,0.7411281789097508,5-class margin P45-P3
0.457,0.6383716684921504,0.8331391284082964,0.524116698431315,0.6434485241180705,0.6730586864847183,0.6754803564707965,0.6382983361331094,0.8268440145102781,0.524116698431315,0.8293756687535543,0.7411281789097508,5-class margin P45-P3
0.458,0.6382803943044907,0.8334111059262715,0.5236768802228412,0.643197983253804,0.6731523295748298,0.6755022853351207,0.6382116709420338,0.8273276904474003,0.5236768802228412,0.8293756687535543,0.7411281789097508,5-class margin P45-P3
0.459,0.6379152975538518,0.83356708742403,0.5227972438058935,0.6425804126497883,0.6730728518881156,0.6753043050952079,0.6378536022372219,0.8278113663845224,0.5227972438058935,0.8293756687535543,0.7411281789097508,5-class margin P45-P3
0.46,0.6375502008032129,0.8340365682137834,0.5216243952499634,0.6418327771263642,0.67314683418163,0.675201556754365,0.6374983747063692,0.8287787182587666,0.5216243952499634,0.8293756687535543,0.7411281789097508,5-class margin P45-P3
0.461,0.6370025556772545,0.8338028169014085,0.5207447588330157,0.6410973738832235,0.6728004526562,0.6747617385458912,0.6369552975962143,0.8287787182587666,0.5207447588330157,0.8293756687535543,0.7411281789097508,5-class margin P45-P3
0.462,0.6363636363636364,0.8338432572369969,0.5194253042075941,0.6401084010840108,0.6725500765087624,0.6743438492017415,0.6363242614163829,0.8292623941958888,0.5194253042075941,0.8293756687535543,0.7411281789097508,5-class margin P45-P3
0.463,0.6356334428623586,0.8338447014396979,0.5179592435126814,0.6389943931994936,0.6722430829716721,0.6738526568228462,0.635601858475553,0.8297460701330109,0.5179592435126814,0.8293756687535543,0.7411281789097508,5-class margin P45-P3
0.464,0.6350857977364002,0.8339247693399574,0.5167863949567512,0.638124547429399,0.6720522940175786,0.6735080705134421,0.6350600645836244,0.830229746070133,0.5167863949567512,0.8293756687535543,0.7411281789097508,5-class margin P45-P3
0.465,0.6350857977364002,0.8345579521213558,0.5161999706787861,0.6378623188405798,0.6723628412825867,0.6736985343115817,0.6350643455865886,0.8311970979443772,0.5161999706787861,0.8293756687535543,0.7411281789097508,5-class margin P45-P3
0.466,0.6345381526104418,0.83464005702067,0.5150271221228558,0.6369900271985494,0.6721740376996044,0.6733539480021776,0.6345214793224874,0.8316807738814994,0.5150271221228558,0.8293756687535543,0.7411281789097508,5-class margin P45-P3
0.467,0.6342643300474626,0.835,0.5141474857059082,0.6364213773704746,0.6722365304914151,0.6732768867465454,0.6342514562915177,0.8324062877871826,0.5141474857059082,0.8293756687535543,0.7411281789097508,5-class margin P45-P3
0.468,0.6339905074844834,0.8352015263534462,0.5134144553584519,0.6359179226439078,0.6722214936217918,0.6731522095413782,0.6339802496317355,0.8328899637243047,0.5134144553584519,0.8293756687535543,0.7411281789097508,5-class margin P45-P3
0.46900000000000003,0.6339905074844834,0.8360028687544824,0.5126814250109955,0.6355870592511814,0.672615342542013,0.6733902892890528,0.6339834819541569,0.8340991535671101,0.5126814250109955,0.8293756687535543,0.7411281789097508,5-class margin P45-P3
0.47000000000000003,0.6336254107338445,0.8363287802540139,0.5116551825245566,0.6348917591413499,0.6726240687352925,0.6732399249986749,0.633621003219695,0.8348246674727933,0.5116551825245566,0.8293756687535543,0.7411281789097508,5-class margin P45-P3
0.47100000000000003,0.6331690397955458,0.8362938070091215,0.5107755461076089,0.6342040593428597,0.6724178902497743,0.6729210257744815,0.6331661028979745,0.8350665054413543,0.5107755461076089,0.8293756687535543,0.7411281789097508,5-class margin P45-P3
0.47200000000000003,0.6327126688572472,0.8364204955496752,0.5097493036211699,0.6334487156130443,0.6722917303458039,0.6726497424998232,0.6327111878778593,0.8355501813784765,0.5097493036211699,0.8293756687535543,0.7411281789097508,5-class margin P45-P3
0.47300000000000003,0.632803943044907,0.8372709739633558,0.5091628793432048,0.6332391284529127,0.6727482954423125,0.6729611252822433,0.6328034260559364,0.8367593712212817,0.5091628793432048,0.8293756687535543,0.7411281789097508,5-class margin P45-P3
0.47400000000000003,0.6325301204819277,0.8371531966224367,0.508723061134731,0.6328652197701988,0.672577479239129,0.6727412161780064,0.632529814343349,0.8367593712212817,0.508723061134731,0.8293756687535543,0.7411281789097508,5-class margin P45-P3
0.47500000000000003,0.6325301204819277,0.8382958121520213,0.5076968186482921,0.6323959094229364,0.6731405800686847,0.6730745278247506,0.6325300714997895,0.8384522370012092,0.5076968186482921,0.8293756687535543,0.7411281789097508,5-class margin P45-P3
0.47600000000000003,0.6323475721066083,0.8390386016023307,0.5066705761618531,0.6318098720292504,0.6734318355386233,0.6731660015029337,0.6323467880015009,0.8396614268440145,0.5066705761618531,0.8293756687535543,0.7411281789097508,5-class margin P45-P3
0.47700000000000004,0.6323475721066083,0.8396983702262223,0.506084151883888,0.6315404317599708,0.6737571471291812,0.6733564653010734,0.6323458078654134,0.8406287787182588,0.506084151883888,0.8293756687535543,0.7411281789097508,5-class margin P45-P3
0.47800000000000004,0.6325301204819277,0.8404384896467723,0.5057909397449054,0.6315211422295443,0.6741967663530899,0.6736935351687042,0.6325273652163559,0.841596130592503,0.5057909397449054,0.8293756687535543,0.7411281789097508,5-class margin P45-P3
0.47900000000000004,0.6318912011683097,0.84033203125,0.5046180911889753,0.6305761656132637,0.6738832167911808,0.6732280298750197,0.6318865366492876,0.8418379685610641,0.5046180911889753,0.8293756687535543,0.7411281789097508,5-class margin P45-P3
0.48,0.6317086527929902,0.8405867970660147,0.5040316669110101,0.63018971679956,0.6739345287398235,0.6731766557045982,0.6317024395287683,0.8423216444981863,0.5040316669110101,0.8293756687535543,0.7411281789097508,5-class margin P45-P3
0.481,0.6312522818546915,0.8407253124234256,0.5030054244245712,0.6294257934323977,0.6738172016662582,0.6729053724299398,0.6312433236008492,0.8428053204353083,0.5030054244245712,0.8293756687535543,0.7411281789097508,5-class margin P45-P3
0.482,0.6306133625410734,0.8404516445753559,0.5019791819381323,0.6285452042221202,0.673422567419907,0.6723922511867203,0.630601911360402,0.8428053204353083,0.5019791819381323,0.8293756687535543,0.7411281789097508,5-class margin P45-P3
0.483,0.6303395399780942,0.8408364083640837,0.5010995455211846,0.6279625206687488,0.6735019365866275,0.6723151899310881,0.6303244491607847,0.8435308343409915,0.5010995455211846,0.8293756687535543,0.7411281789097508,5-class margin P45-P3
0.484,0.6297918948521358,0.8407690411634212,0.5000733030347456,0.6271373414230557,0.6732472543112367,0.6719229876721491,0.6297731296566067,0.8437726723095526,0.5000733030347456,0.8293756687535543,0.7411281789097508,5-class margin P45-P3
0.485,0.6293355239138372,0.8410776075135937,0.4989004544788154,0.626299806754394,0.6732160830621514,0.6716993203470256,0.6293110622726248,0.8444981862152358,0.4989004544788154,0.8293756687535543,0.7411281789097508,5-class margin P45-P3
0.486,0.6288791529755385,0.8410497647932657,0.49802081806186776,0.625598526703499,0.6730187381144296,0.6713804211228324,0.6288506567647064,0.8447400241837969,0.49802081806186776,0.8293756687535543,0.7411281789097508,5-class margin P45-P3
0.487,0.6287878787878788,0.8418570009930486,0.4971411816449201,0.6251267397916859,0.673382311120081,0.6715451978357612,0.6287524686936374,0.8459492140266022,0.4971411816449201,0.8293756687535543,0.7411281789097508,5-class margin P45-P3
0.488,0.6283315078495801,0.8420004976362279,0.49611493915848115,0.6243542435424354,0.6732706827232602,0.6712739145611027,0.6282898385342235,0.8464328899637243,0.49611493915848115,0.8293756687535543,0.7411281789097508,5-class margin P45-P3
0.489,0.628057685286601,0.842564870259481,0.49508869667204225,0.6236956320989935,0.6734413297756818,0.6712444692550055,0.6280077005573015,0.8474002418379686,0.49508869667204225,0.8293756687535543,0.7411281789097508,5-class margin P45-P3
0.49,0.6277838627236217,0.8429607401850463,0.49420906025509453,0.623105360443623,0.6735286667721264,0.6711674079993731,0.6277264991904375,0.8481257557436518,0.49420906025509453,0.8293756687535543,0.7411281789097508,5-class margin P45-P3
0.491,0.6277838627236217,0.8434760831455046,0.4937692420466207,0.6228962456075458,0.6737845732401371,0.6713102558479779,0.62772132518258,0.848851269649335,0.4937692420466207,0.8293756687535543,0.7411281789097508,5-class margin P45-P3
0.492,0.6272362175976633,0.8432405317281164,0.49288960562967304,0.6221317542561066,0.6734497966432231,0.670870437639504,0.6271681826035576,0.848851269649335,0.49288960562967304,0.8293756687535543,0.7411281789097508,5-class margin P45-P3
0.493,0.6269623950346842,0.843294826720241,0.492303181351708,0.6216791631954087,0.6733680901596617,0.670698144484802,0.6268896311071112,0.849093107617896,0.492303181351708,0.8293756687535543,0.7411281789097508,5-class margin P45-P3
0.494,0.6267798466593647,0.844080604534005,0.491276938865269,0.6210731164859605,0.6736864517087431,0.6707896181629851,0.6266951770722222,0.8503022974607013,0.491276938865269,0.8293756687535543,0.7411281789097508,5-class margin P45-P3
0.495,0.6263234757210661,0.8438839848675914,0.49054390851781265,0.62043389579084,0.6734081632248128,0.670423102989257,0.6262334857347154,0.8503022974607013,0.49054390851781265,0.8293756687535543,0.7411281789097508,5-class margin P45-P3
0.496,0.6261409273457467,0.844152563778732,0.48995748423984753,0.6200371057513915,0.6734697362269393,0.6703717288188356,0.6260444242375355,0.8507859733978235,0.48995748423984753,0.8293756687535543,0.7411281789097508,5-class margin P45-P3
0.497,0.6264147499087258,0.8454913880445796,0.4893710599618824,0.6199275698764973,0.6742439816935226,0.6709249495698166,0.6263058831164772,0.8524788391777509,0.4893710599618824,0.8293756687535543,0.7411281789097508,5-class margin P45-P3
0.498,0.6262322015334063,0.8461147790756729,0.48849142354493474,0.6193884189980482,0.6744822969188566,0.670968807298465,0.6261113170037313,0.8534461910519952,0.48849142354493474,0.8293756687535543,0.7411281789097508,5-class margin P45-P3
0.499,0.6261409273457467,0.8467803512344108,0.4877583931974784,0.6189767441860465,0.6747776809537644,0.6710859680618588,0.6260087089502173,0.8544135429262394,0.4877583931974784,0.8293756687535543,0.7411281789097508,5-class margin P45-P3
0.5,0.6258671047827674,0.8468399592252803,0.48717196891951325,0.6185202419730107,0.6746998430938689,0.6709136749071569,0.6257282861159045,0.8546553808948005,0.48717196891951325,0.8293756687535543,0.7411281789097508,5-class margin P45-P3
0.501,0.6257758305951077,0.8471548864506252,0.4867321507110394,0.6182495344506518,0.6748208708223,0.670935603771481,0.6256303168135822,0.8551390568319226,0.4867321507110394,0.8293756687535543,0.7411281789097508,5-class margin P45-P3
0.502,0.6251369112814896,0.846881390593047,0.4857059082246005,0.6173483648560514,0.6744344488456433,0.6704224825282615,0.6249815444460953,0.8551390568319226,0.4857059082246005,0.8293756687535543,0.7411281789097508,5-class margin P45-P3
0.503,0.6248630887185104,0.8476532444216466,0.4845330596686703,0.6166044776119403,0.6747122676692334,0.6704406531716991,0.6246889435951053,0.856348246674728,0.4845330596686703,0.8293756687535543,0.7411281789097508,5-class margin P45-P3
0.504,0.6245892661555312,0.8478931140801644,0.4838000293212139,0.6160739288714646,0.6747251527365714,0.670315975966532,0.6244044972511622,0.85683192261185,0.4838000293212139,0.8293756687535543,0.7411281789097508,5-class margin P45-P3
0.505,0.6241328952172326,0.8478764478764479,0.48292039290426625,0.6153558752101626,0.6745392704662964,0.6699970767423387,0.6239370844906782,0.8570737605804111,0.48292039290426625,0.8293756687535543,0.7411281789097508,5-class margin P45-P3
0.506,0.6235852500912742,0.848,0.481747544348336,0.6144353029169783,0.6743883632255331,0.6696524904329346,0.6233731436125548,0.8575574365175332,0.481747544348336,0.8293756687535543,0.7411281789097508,5-class margin P45-P3
0.507,0.6232201533406353,0.8482027411430049,0.48086790793138834,0.6137724550898204,0.6743482319059643,0.6694545101930218,0.6229945668178967,0.8580411124546554,0.48086790793138834,0.8293756687535543,0.7411281789097508,5-class margin P45-P3
0.508,0.6231288791529755,0.8487046632124352,0.48028148365342327,0.6134257092032581,0.6745637183029481,0.669524055006881,0.6228912892913272,0.8587666263603386,0.48028148365342327,0.8293756687535543,0.7411281789097508,5-class margin P45-P3
0.509,0.6231288791529755,0.8496103896103896,0.47954845330596685,0.6130634429762909,0.675016284025572,0.6697621347545554,0.6228736839470015,0.8599758162031439,0.47954845330596685,0.8293756687535543,0.7411281789097508,5-class margin P45-P3
0.51,0.6225812340270171,0.8497395833333333,0.47837560475003665,0.6121376981521434,0.6748697916666666,0.6694175484451513,0.6223074056488207,0.8604594921402661,0.47837560475003665,0.8293756687535543,0.7411281789097508,5-class margin P45-P3
0.511,0.6223986856516976,0.8500260824204486,0.47778918047207153,0.611731581417175,0.6749428362116284,0.6693661742747299,0.6221134588262032,0.8609431680773881,0.47778918047207153,0.8293756687535543,0.7411281789097508,5-class margin P45-P3
0.512,0.6220335889010588,0.850418410041841,0.47676293798563263,0.6109910756223579,0.674998885334998,0.6692158099843519,0.6217287853482341,0.8616686819830713,0.47676293798563263,0.8293756687535543,0.7411281789097508,5-class margin P45-P3
0.513,0.6211208470244615,0.8502098635886673,0.47515027122122855,0.6096115865701119,0.6745450213799999,0.6685303955864305,0.6207912529889305,0.8619105199516324,0.47515027122122855,0.8293756687535543,0.7411281789097508,5-class margin P45-P3
0.514,0.6208470244614823,0.850828729281768,0.4741240287347896,0.608924872905291,0.6747504932222956,0.6685009502803331,0.6204943230779776,0.8628778718258766,0.4741240287347896,0.8293756687535543,0.7411281789097508,5-class margin P45-P3
0.515,0.6204819277108434,0.8512265892904247,0.4730977862483507,0.6081794195250659,0.67481078243307,0.6683505859899552,0.6201074088775772,0.8636033857315598,0.4730977862483507,0.8293756687535543,0.7411281789097508,5-class margin P45-P3
0.516,0.6201168309602044,0.8514406555643669,0.47221814983140303,0.6075066012825349,0.6747792989239652,0.6681526057500425,0.6197242946278256,0.864087061668682,0.47221814983140303,0.8293756687535543,0.7411281789097508,5-class margin P45-P3
0.517,0.6197517342095655,0.8516556291390729,0.4713385134144554,0.6068327670819177,0.6747485776944494,0.6679546255101297,0.6193407384366817,0.8645707376058042,0.4713385134144554,0.8293756687535543,0.7411281789097508,5-class margin P45-P3
0.518,0.6191128148959474,0.8517534537725824,0.4700190587890339,0.6057628719886632,0.6745558147617083,0.6675367361659801,0.6186755562379972,0.8650544135429262,0.4700190587890339,0.8293756687535543,0.7411281789097508,5-class margin P45-P3
0.519,0.6185651697699891,0.851891315929675,0.46884621023310363,0.604822695035461,0.6744183044519244,0.667192149856576,0.6181033295235522,0.8655380894800484,0.46884621023310363,0.8293756687535543,0.7411281789097508,5-class margin P45-P3
0.52,0.6177437020810514,0.8517232166711194,0.4673801495381909,0.6035592578568724,0.6740246472929976,0.6665800384934002,0.6172537212795113,0.8657799274486094,0.4673801495381909,0.8293756687535543,0.7411281789097508,5-class margin P45-P3
0.521,0.6173786053304126,0.8519410977242302,0.46650051312124324,0.6028798787419477,0.6739971379771961,0.6663820582534874,0.6168679069651972,0.8662636033857316,0.46650051312124324,0.8293756687535543,0.7411281789097508,5-class margin P45-P3
0.522,0.6168309602044542,0.8520805369127517,0.465327664565313,0.6019343827043429,0.6738621464815453,0.6660374719440834,0.6162936034584533,0.8667472793228537,0.465327664565313,0.8293756687535543,0.7411281789097508,5-class margin P45-P3
0.523,0.6168309602044542,0.8526485614412477,0.46488784635683916,0.601707779886148,0.6741479645675217,0.666180319792688,0.6162777379909108,0.8674727932285369,0.46488784635683916,0.8293756687535543,0.7411281789097508,5-class margin P45-P3
0.524,0.6168309602044542,0.8534087846941525,0.4643014220788741,0.6014052411697683,0.674530479303598,0.6663707835908276,0.616256223396835,0.8684401451027811,0.4643014220788741,0.8293756687535543,0.7411281789097508,5-class margin P45-P3
0.525,0.6166484118291348,0.8537112010796222,0.46371499780090897,0.6009880296408893,0.6746145303425969,0.6663194094204061,0.616056986891409,0.8689238210399033,0.46371499780090897,0.8293756687535543,0.7411281789097508,5-class margin P45-P3
0.526,0.6164658634538153,0.8543978349120434,0.4628353613839613,0.600418410041841,0.6748920726688022,0.6663632671490545,0.6158462706579861,0.8698911729141475,0.4628353613839613,0.8293756687535543,0.7411281789097508,5-class margin P45-P3
0.527,0.616557137641475,0.8552060737527115,0.4623955431754875,0.6002474069844895,0.6753328112296855,0.6666270339819396,0.615917792766997,0.8708585247883918,0.4623955431754875,0.8293756687535543,0.7411281789097508,5-class margin P45-P3
0.528,0.6159182183278569,0.8551236749116607,0.4612226946195572,0.5992380952380952,0.675053935848025,0.666161528688255,0.6152517149867307,0.8711003627569528,0.4612226946195572,0.8293756687535543,0.7411281789097508,5-class margin P45-P3
0.529,0.6156443957648777,0.8555858310626703,0.46034305820260957,0.5986083309503384,0.6751851746584282,0.6660844674326227,0.6149507813581917,0.871825876662636,0.46034305820260957,0.8293756687535543,0.7411281789097508,5-class margin P45-P3
0.53,0.6152792990142387,0.8560109289617487,0.45931681571617067,0.597843717202557,0.6752642364106989,0.665934103142245,0.6145547866040779,0.8725513905683192,0.45931681571617067,0.8293756687535543,0.7411281789097508,5-class margin P45-P3
0.531,0.6150054764512596,0.8562825075280591,0.45858378536871425,0.5972885239641016,0.6752999556673569,0.6658094259370778,0.6142588799222501,0.8730350665054414,0.45858378536871425,0.8293756687535543,0.7411281789097508,5-class margin P45-P3
0.532,0.6142752829499818,0.8563581433672068,0.4571177246738015,0.5960619384438922,0.6750690238367134,0.6653182335581824,0.6134894845057889,0.8735187424425634,0.4571177246738015,0.8293756687535543,0.7411281789097508,5-class margin P45-P3
0.533,0.6140927345746623,0.8572609534306972,0.45609148218736256,0.5954066985645933,0.6754572816832755,0.6654097072363657,0.6132678231960987,0.8747279322853688,0.45609148218736256,0.8293756687535543,0.7411281789097508,5-class margin P45-P3
0.534,0.6142752829499818,0.8581286226883797,0.45579827004838,0.5953657602451168,0.6759618975981105,0.6657467771039965,0.6134310489401378,0.8756952841596131,0.45579827004838,0.8293756687535543,0.7411281789097508,5-class margin P45-P3
0.535,0.6134538152610441,0.8579734219269103,0.45433220935346724,0.5940764880667114,0.675582571529904,0.6651346657408207,0.6125709559420586,0.8759371221281741,0.45433220935346724,0.8293756687535543,0.7411281789097508,5-class margin P45-P3
0.536,0.6129974443227455,0.8581737441021371,0.4533059668670283,0.5932463545663853,0.6755169006108401,0.6648633824661623,0.6120827873110478,0.8764207980652963,0.4533059668670283,0.8293756687535543,0.7411281789097508,5-class margin P45-P3
0.537,0.6128148959474261,0.858692628650904,0.4525729365195719,0.592741935483871,0.6757122972082125,0.6648596242452757,0.6118720115832716,0.8771463119709795,0.4525729365195719,0.8293756687535543,0.7411281789097508,5-class margin P45-P3
0.538,0.6126323475721066,0.8592138277111793,0.4518399061721155,0.5922367409684858,0.6759089901210259,0.6648558660243891,0.6116607905120592,0.8778718258766627,0.4518399061721155,0.8293756687535543,0.7411281789097508,5-class margin P45-P3
0.539,0.6125410733844469,0.8595756560580681,0.45140008796364167,0.5919446313563396,0.676058508799308,0.6648777948887132,0.6115514276774747,0.8783555018137847,0.45140008796364167,0.8293756687535543,0.7411281789097508,5-class margin P45-P3
0.54,0.6119021540708288,0.8595018191995522,0.4502272394077115,0.5909178372137772,0.6757891054551195,0.6644122895950286,0.6108782622429365,0.8785973397823458,0.4502272394077115,0.8293756687535543,0.7411281789097508,5-class margin P45-P3
0.541,0.6115370573201898,0.8599494807746281,0.4492009969212725,0.5901386748844376,0.6758830320145289,0.6642619253046508,0.6104753055199426,0.879322853688029,0.4492009969212725,0.8293756687535543,0.7411281789097508,5-class margin P45-P3
0.542,0.6115370573201898,0.8609625668449198,0.44846796657381616,0.5897435897435898,0.6763951021445995,0.6645000050523253,0.6104377508433672,0.8805320435308344,0.44846796657381616,0.8293756687535543,0.7411281789097508,5-class margin P45-P3
0.543,0.6108981380065718,0.8612994350282486,0.44700190587890337,0.5885532284528521,0.6763347229078676,0.6641297316577105,0.6097471362591504,0.8812575574365176,0.44700190587890337,0.8293756687535543,0.7411281789097508,5-class margin P45-P3
0.544,0.6101679445052939,0.8618047673098751,0.44524263304500805,0.5871435476075398,0.6763275720295339,0.6637337711778849,0.6089517340354635,0.8822249093107618,0.44524263304500805,0.8293756687535543,0.7411281789097508,5-class margin P45-P3
0.545,0.6093464768163563,0.8616567036720751,0.44377657235009527,0.5858331720534159,0.6759580038580717,0.663121659814709,0.608083281483609,0.8824667472793228,0.44377657235009527,0.8293756687535543,0.7411281789097508,5-class margin P45-P3
0.546,0.6090726542533772,0.8619509412435824,0.4430435420026389,0.585261934734192,0.6760090276687711,0.662996982609542,0.6077798668060257,0.882950423216445,0.4430435420026389,0.8293756687535543,0.7411281789097508,5-class margin P45-P3
0.547,0.608798831690398,0.862453531598513,0.44216390558569124,0.5846094204303159,0.6761657656651903,0.6629199213539098,0.6074677255679266,0.8836759371221282,0.44216390558569124,0.8293756687535543,0.7411281789097508,5-class margin P45-P3
0.548,0.6083424607520993,0.8622565864833907,0.4414308752382349,0.5839232037234559,0.6759032128558432,0.6625534061801815,0.6069887593753067,0.8836759371221282,0.4414308752382349,0.8293756687535543,0.7411281789097508,5-class margin P45-P3
0.549,0.6082511865644395,0.8628407460545193,0.44084445096026975,0.5835435668542597,0.6761667255905042,0.6626229509940406,0.6068674236132405,0.8844014510278113,0.44084445096026975,0.8293756687535543,0.7411281789097508,5-class margin P45-P3
0.55,0.6082511865644395,0.8634665133659097,0.4404046327517959,0.5833009708737864,0.6764838250927449,0.6627657988426452,0.6068416669732349,0.8851269649334945,0.4404046327517959,0.8293756687535543,0.7411281789097508,5-class margin P45-P3
0.551,0.6081599123767798,0.8640552995391705,0.4398182084738308,0.5829204313611193,0.6767497235269342,0.6628353436565042,0.6067197044489563,0.8858524788391777,0.4398182084738308,0.8293756687535543,0.7411281789097508,5-class margin P45-P3
0.552,0.6078860898138007,0.8641476781078743,0.4392317841958657,0.5824261275272161,0.6766992897149066,0.6626630505018023,0.6064229742935461,0.8860943168077389,0.4392317841958657,0.8293756687535543,0.7411281789097508,5-class margin P45-P3
0.553,0.6077948156261409,0.8643187066974596,0.43893857205688314,0.5822070977151191,0.6767535871981691,0.6626373634165915,0.6063181355953251,0.8863361547762999,0.43893857205688314,0.8293756687535543,0.7411281789097508,5-class margin P45-P3
0.554,0.6070646221248631,0.8640046296296297,0.43776572350095294,0.5811034348545295,0.6763356481481482,0.6620509391386264,0.6055495687379653,0.8863361547762999,0.43776572350095294,0.8293756687535543,0.7411281789097508,5-class margin P45-P3
0.555,0.6071558963125229,0.8646769052448565,0.4374725113619704,0.5809968847352025,0.6767088723426148,0.6622670900219767,0.6056187172816906,0.8870616686819831,0.4374725113619704,0.8293756687535543,0.7411281789097508,5-class margin P45-P3
0.556,0.6069733479372034,0.8652338077258205,0.436739481014514,0.5804754481683554,0.6769267667672094,0.6622633318010902,0.6053991251830788,0.8877871825876663,0.436739481014514,0.8293756687535543,0.7411281789097508,5-class margin P45-P3
0.557,0.606425702811245,0.8654238275560734,0.4355666324585838,0.5794811780768481,0.6768299517947853,0.6619187454916861,0.604803206983183,0.8882708585247884,0.4355666324585838,0.8293756687535543,0.7411281789097508,5-class margin P45-P3
0.558,0.6057867834976268,0.8657894736842106,0.434100571763671,0.5782638414217361,0.6767907028718293,0.6615484720970712,0.6041006466126759,0.8889963724304716,0.434100571763671,0.8293756687535543,0.7411281789097508,5-class margin P45-P3
0.559,0.6062431544359255,0.8674875403107593,0.43380735962468847,0.578381548084441,0.6778126899698262,0.6622482989175438,0.604516116507974,0.890689238210399,0.43380735962468847,0.8293756687535543,0.7411281789097508,5-class margin P45-P3
0.56,0.6057867834976268,0.8677248677248677,0.4327811171382495,0.5775212755551208,0.6777729448499901,0.6619770156428854,0.604014295062187,0.8911729141475212,0.4327811171382495,0.8293756687535543,0.7411281789097508,5-class margin P45-P3
0.561,0.6056042351223074,0.8680800942285041,0.4321946928602844,0.5770774199862974,0.6778892534634584,0.6619256414724638,0.6038016428704467,0.8916565900846433,0.4321946928602844,0.8293756687535543,0.7411281789097508,5-class margin P45-P3
0.562,0.6056042351223074,0.8689492325855962,0.4316082685823193,0.5767460084239396,0.6783303245380412,0.6621161052706034,0.6037622206521989,0.8926239419588875,0.4316082685823193,0.8293756687535543,0.7411281789097508,5-class margin P45-P3
0.5630000000000001,0.6052391383716685,0.8692307692307693,0.43072863216537166,0.5760219586315067,0.6783455852489644,0.6619181250306907,0.6033555271767388,0.8931076178960097,0.43072863216537166,0.8293756687535543,0.7411281789097508,5-class margin P45-P3
0.5640000000000001,0.6047827674333699,0.8694749332542272,0.4297023896789327,0.5751569858712716,0.6783103077609304,0.6616468417560323,0.602851530478298,0.8935912938331319,0.4297023896789327,0.8293756687535543,0.7411281789097508,5-class margin P45-P3
0.5650000000000001,0.6043263964950711,0.869281045751634,0.42896935933147634,0.5744576420928634,0.6780529075925495,0.6612803265823041,0.6023674137969648,0.8935912938331319,0.42896935933147634,0.8293756687535543,0.7411281789097508,5-class margin P45-P3
0.5660000000000001,0.6041438481197517,0.8700834326579261,0.4280897229145287,0.5738429792669746,0.6783969794868578,0.6613241843109524,0.6021323971750296,0.8945586457073761,0.4280897229145287,0.8293756687535543,0.7411281789097508,5-class margin P45-P3
0.5670000000000001,0.6035962029937934,0.8700716845878136,0.4270634804280897,0.5729176910217327,0.6782009316735071,0.6609319820520134,0.6015401705555738,0.8948004836759371,0.4270634804280897,0.8293756687535543,0.7411281789097508,5-class margin P45-P3
0.5680000000000001,0.6026834611171961,0.8696824445775914,0.42559741973317694,0.57151294418742,0.6776871135988508,0.660198951704557,0.6005697112666871,0.8948004836759371,0.42559741973317694,0.8293756687535543,0.7411281789097508,5-class margin P45-P3
0.5690000000000001,0.6018619934282585,0.8693301291679183,0.42427796510775545,0.5702463054187192,0.6772243932846278,0.6595392243918463,0.599695504350237,0.8948004836759371,0.42427796510775545,0.8293756687535543,0.7411281789097508,5-class margin P45-P3
0.5700000000000001,0.601679445052939,0.8696960577791153,0.4236915408297904,0.569794952681388,0.6773477013643382,0.6594878502214249,0.5994793934039163,0.8952841596130593,0.4236915408297904,0.8293756687535543,0.7411281789097508,5-class margin P45-P3
0.5710000000000001,0.6014968966776195,0.8700633102200784,0.42310511655182526,0.5693430656934306,0.6774717650720761,0.6594364760510033,0.5992630055832535,0.8957678355501814,0.42310511655182526,0.8293756687535543,0.7411281789097508,5-class margin P45-P3
0.5720000000000001,0.6012230741146404,0.870392749244713,0.42237208620436884,0.5687493830816306,0.6775453152449042,0.6593117988458361,0.5989490061151299,0.8962515114873035,0.42237208620436884,0.8293756687535543,0.7411281789097508,5-class margin P45-P3
0.5730000000000001,0.6007667031763417,0.870196671709531,0.42163905585691247,0.5680426624530911,0.677288899179821,0.658945283672108,0.5984621932662537,0.8962515114873035,0.42163905585691247,0.8293756687535543,0.7411281789097508,5-class margin P45-P3
0.5740000000000001,0.6004016064257028,0.8702637162776599,0.4209060255094561,0.5673913043478261,0.67719794146128,0.6586996874826603,0.5980613238157041,0.8964933494558646,0.4209060255094561,0.8293756687535543,0.7411281789097508,5-class margin P45-P3
0.5750000000000001,0.5996714129244249,0.8703985397018558,0.4194399648145433,0.5660862683023348,0.67701697750512,0.658208495103765,0.5972586543138241,0.8969770253929867,0.4194399648145433,0.8293756687535543,0.7411281789097508,5-class margin P45-P3
0.5760000000000001,0.5991237677984665,0.8703873132052455,0.41841372232810436,0.5651485148514851,0.6768245019849336,0.6578162928448261,0.5966616262032569,0.8972188633615478,0.41841372232810436,0.8293756687535543,0.7411281789097508,5-class margin P45-P3
0.577,0.5992150419861263,0.8706528370957901,0.41841372232810436,0.5652044756906625,0.6769909145103853,0.6579372118291066,0.5967476708428763,0.8974607013301088,0.41841372232810436,0.8293756687535543,0.7411281789097508,5-class margin P45-P3
0.578,0.5990324936108069,0.8710268948655256,0.4178272980501393,0.5647478450411176,0.6771193818419248,0.6578858376586851,0.5965290963931369,0.897944377267231,0.4178272980501393,0.8293756687535543,0.7411281789097508,5-class margin P45-P3
0.579,0.5983935742971888,0.8709776279497395,0.41665444949420904,0.5636652122173741,0.6768770890301148,0.6574203323650005,0.5958332824698639,0.898186215235792,0.41665444949420904,0.8293756687535543,0.7411281789097508,5-class margin P45-P3
0.58,0.598302300109529,0.8720787207872078,0.4157748130772614,0.5630894470366326,0.6774074808505094,0.6575851090779294,0.5956759846045567,0.8993954050785974,0.4157748130772614,0.8293756687535543,0.7411281789097508,5-class margin P45-P3
0.581,0.5980284775465499,0.8728787411292811,0.4147485705908225,0.5623136553369111,0.6777225850818149,0.657555663771832,0.5953340428583289,0.9003627569528416,0.4147485705908225,0.8293756687535543,0.7411281789097508,5-class margin P45-P3
0.582,0.5978459291712304,0.8732612055641422,0.41416214631285736,0.5618536197295148,0.6778558326745721,0.6575042896014105,0.5951137194464038,0.9008464328899637,0.41416214631285736,0.8293756687535543,0.7411281789097508,5-class margin P45-P3
0.583,0.5978459291712304,0.8748835765290283,0.4131359038264184,0.5612427803226449,0.6786829000938612,0.6578376012481548,0.5950274558732012,0.9025392986698911,0.4131359038264184,0.8293756687535543,0.7411281789097508,5-class margin P45-P3
0.584,0.5978459291712304,0.8753497046938141,0.41284269168743587,0.5610679418210799,0.6789204913183504,0.6579328331472246,0.5950025577389044,0.9030229746070133,0.41284269168743587,0.8293756687535543,0.7411281789097508,5-class margin P45-P3
0.585,0.5974808324205915,0.8768365114098156,0.4112300249230318,0.5598802395209581,0.6795552932194108,0.6579729326549862,0.5945213508401965,0.9047158403869408,0.4112300249230318,0.8293756687535543,0.7411281789097508,5-class margin P45-P3
0.586,0.5972070098576122,0.8771929824561403,0.4104969945755754,0.5592729451712773,0.6796449198730985,0.6578482554498192,0.5942007216822014,0.9051995163240629,0.4104969945755754,0.8293756687535543,0.7411281789097508,5-class margin P45-P3
0.587,0.5966593647316539,0.8771984924623115,0.40947075208913647,0.55832083958021,0.6794638885368686,0.6574560531908802,0.5935973056555623,0.905441354292624,0.40947075208913647,0.8293756687535543,0.7411281789097508,5-class margin P45-P3
0.588,0.5962942679810149,0.8779949558638083,0.4082979035332063,0.5573901731211849,0.6797477348692114,0.6573533048500373,0.5931509972913585,0.9064087061668682,0.4082979035332063,0.8293756687535543,0.7411281789097508,5-class margin P45-P3
0.589,0.5958378970427163,0.8782801138159975,0.4072716610467673,0.5564903846153846,0.679740595853206,0.6570820215753789,0.5926315102151369,0.9068923821039904,0.4072716610467673,0.8293756687535543,0.7411281789097508,5-class margin P45-P3
0.59,0.5954728002920774,0.8781259892371004,0.40668523676880225,0.5559118236472946,0.6795401011980038,0.6567888094363963,0.5922368370666913,0.9068923821039904,0.40668523676880225,0.8293756687535543,0.7411281789097508,5-class margin P45-P3
0.591,0.5953815261044176,0.8790476190476191,0.40595220642134583,0.5554106910039114,0.6799798689652649,0.6569059701997902,0.5920843757339296,0.9078597339782346,0.40595220642134583,0.8293756687535543,0.7411281789097508,5-class margin P45-P3
0.592,0.5948338809784592,0.8788167938931297,0.40507257000439817,0.5545408931259408,0.6796797743147165,0.6564661519913164,0.5914915899462465,0.9078597339782346,0.40507257000439817,0.8293756687535543,0.7411281789097508,5-class margin P45-P3
0.593,0.5944687842278203,0.8789037603569152,0.4043395396569418,0.5538708705693343,0.6796028139211028,0.6562205558018688,0.5910825113325212,0.9081015719467956,0.4043395396569418,0.8293756687535543,0.7411281789097508,5-class margin P45-P3
0.594,0.593921139101862,0.8789137380191693,0.40331329717050285,0.5529092553512209,0.6794262020021734,0.6558283535429298,0.5904751945178477,0.9083434099153567,0.40331329717050285,0.8293756687535543,0.7411281789097508,5-class margin P45-P3
0.595,0.5934647681635633,0.8792053828900993,0.4022870546840639,0.552001609334138,0.6794240060589616,0.6555570702682714,0.5899523501975619,0.9088270858524788,0.4022870546840639,0.8293756687535543,0.7411281789097508,5-class margin P45-P3
0.596,0.592917123037605,0.8792161901702538,0.401260812197625,0.5510368431648882,0.6792485387928917,0.6551648680093325,0.5893437680509697,0.9090689238210399,0.401260812197625,0.8293756687535543,0.7411281789097508,5-class margin P45-P3
0.597,0.5927345746622855,0.8796266495011265,0.40067438791965987,0.5505640612409347,0.6793979852168647,0.6551134938389109,0.5891171441051135,0.909552599758162,0.40067438791965987,0.8293756687535543,0.7411281789097508,5-class margin P45-P3
0.598,0.5924607520993063,0.8795103092783505,0.40023456971118604,0.5501259445843829,0.6792482774104437,0.6548935847346741,0.5888195419092767,0.909552599758162,0.40023456971118604,0.8293756687535543,0.7411281789097508,5-class margin P45-P3
0.599,0.5920956553486674,0.8795997417688831,0.3995015393637297,0.5494505494505495,0.6791737573695522,0.6546479885452263,0.5884082564646227,0.9097944377267231,0.3995015393637297,0.8293756687535543,0.7411281789097508,5-class margin P45-P3
0.6,0.591913106973348,0.880012936610608,0.39891511508576455,0.5489760920004035,0.6793248813266671,0.6545966143748049,0.5881808537341796,0.9102781136638453,0.39891511508576455,0.8293756687535543,0.7411281789097508,5-class margin P45-P3
0.601,0.591548010222709,0.880103694102398,0.3981820847383082,0.5482991823962855,0.6792513387919867,0.6543510181853572,0.5877689164792756,0.9105199516324063,0.3981820847383082,0.8293756687535543,0.7411281789097508,5-class margin P45-P3
0.602,0.5909090909090909,0.8800779980500487,0.39700923618237793,0.5471812487371186,0.6790287185325761,0.6538855128916726,0.5870582454772658,0.9107617896009673,0.39700923618237793,0.8293756687535543,0.7411281789097508,5-class margin P45-P3
0.603,0.5904527199707923,0.8798828125,0.39627620583492157,0.5464469827150511,0.6787795594717149,0.6535189977179444,0.5865607074320742,0.9107617896009673,0.39627620583492157,0.8293756687535543,0.7411281789097508,5-class margin P45-P3
0.604,0.590178897407813,0.8797653958944281,0.39583638762644774,0.5460060667340748,0.6786300036401265,0.6532990886137076,0.5862620584876497,0.9107617896009673,0.39583638762644774,0.8293756687535543,0.7411281789097508,5-class margin P45-P3
0.605,0.5897225264695144,0.8800653594771242,0.3948101451400088,0.5450865297034713,0.6786345034467688,0.6530278053390491,0.5857341882994955,0.9112454655380895,0.3948101451400088,0.8293756687535543,0.7411281789097508,5-class margin P45-P3
0.606,0.5893574297188755,0.880655737704918,0.3937839026535699,0.5442204437240401,0.6788176234692058,0.6528774410486713,0.5852901903031794,0.9119709794437727,0.3937839026535699,0.8293756687535543,0.7411281789097508,5-class margin P45-P3
0.607,0.5889010587805769,0.8812109246462653,0.39261105409763963,0.5432048681541582,0.6789533213606469,0.6526537737235478,0.5847454808742911,0.9126964933494559,0.39261105409763963,0.8293756687535543,0.7411281789097508,5-class margin P45-P3
0.608,0.5884446878422782,0.8810151615029663,0.39187802375018327,0.5424657534246575,0.678705005644187,0.6522872585498196,0.5842460640723686,0.9126964933494559,0.39187802375018327,0.8293756687535543,0.7411281789097508,5-class margin P45-P3
0.609,0.5874406717780212,0.8808341608738828,0.39011875091628795,0.540743751270067,0.6782872757740555,0.6515285411171524,0.5831307820144866,0.9129383313180169,0.39011875091628795,0.8293756687535543,0.7411281789097508,5-class margin P45-P3
0.61,0.5868930266520628,0.881609577652145,0.38865269022137516,0.5394790394790395,0.6785076445311926,0.6512791867068182,0.5824670933906286,0.9139056831922612,0.38865269022137516,0.8293756687535543,0.7411281789097508,5-class margin P45-P3
0.611,0.5863453815261044,0.8813728757080973,0.3877730538044275,0.5385868458562411,0.6782100079357583,0.6508393684983443,0.581865796790817,0.9139056831922612,0.3877730538044275,0.8293756687535543,0.7411281789097508,5-class margin P45-P3
0.612,0.5856151880248266,0.8810557968593384,0.3866002052484973,0.5373955573670267,0.6778128412904001,0.6502529442203793,0.5810634589612452,0.9139056831922612,0.3866002052484973,0.8293756687535543,0.7411281789097508,5-class margin P45-P3
0.613,0.5846111719605696,0.880617035546613,0.38498753848409323,0.5357543609099256,0.6772661300130858,0.6494466108381772,0.5799591029919188,0.9139056831922612,0.38498753848409323,0.8293756687535543,0.7411281789097508,5-class margin P45-P3
0.614,0.5846111719605696,0.8813844086021505,0.3845477202756194,0.5354700418495458,0.6776596228474412,0.6495894586867819,0.579910010606985,0.9146311970979444,0.3845477202756194,0.8293756687535543,0.7411281789097508,5-class margin P45-P3
0.615,0.5841548010222709,0.8814415628157629,0.38366808385867174,0.5346271705822268,0.6775431177043633,0.6492705594625886,0.5793908002721396,0.9148730350665054,0.38366808385867174,0.8293756687535543,0.7411281789097508,5-class margin P45-P3
0.616,0.5836984300839723,0.8817567567567568,0.3826418413722328,0.5336877619875269,0.6775592187985885,0.6489992761879302,0.5788544324734436,0.9153567110036276,0.3826418413722328,0.8293756687535543,0.7411281789097508,5-class margin P45-P3
0.617,0.5829682365826944,0.8814363143631436,0.3814689928163026,0.5324874654660801,0.6771624350426413,0.6484128519099651,0.5780486590037377,0.9153567110036276,0.3814689928163026,0.8293756687535543,0.7411281789097508,5-class margin P45-P3
0.618,0.5825118656443957,0.8814940577249576,0.38058935639935493,0.5316403850092156,0.6770471162423315,0.6480939526857717,0.5775277505484082,0.9155985489721886,0.38058935639935493,0.8293756687535543,0.7411281789097508,5-class margin P45-P3
0.619,0.5817816721431179,0.881691101261507,0.37912329570444214,0.530244002460529,0.6769168456575514,0.6476027603068765,0.5766864032700737,0.9160822249093108,0.37912329570444214,0.8293756687535543,0.7411281789097508,5-class margin P45-P3
0.62,0.581416575392479,0.8817902289033139,0.3783902653569858,0.5295445219532212,0.676852269763651,0.6473571641174288,0.5762651909338615,0.9163240628778718,0.3783902653569858,0.8293756687535543,0.7411281789097508,5-class margin P45-P3
0.621,0.5809602044541804,0.8818493150684932,0.3775106289400381,0.5286931526537316,0.6767384952644606,0.6470382648932355,0.5757425174985034,0.9165659008464329,0.3775106289400381,0.8293756687535543,0.7411281789097508,5-class margin P45-P3
0.622,0.580412559328222,0.8821305841924398,0.3763377803841079,0.5275922310142842,0.6767103331103884,0.6466936785838315,0.575100606107257,0.917049576783555,0.3763377803841079,0.8293756687535543,0.7411281789097508,5-class margin P45-P3
0.623,0.5798649142022636,0.8821502412129566,0.37531153789766897,0.5265864445130104,0.6765481774726317,0.6463014763248925,0.5744754357276678,0.9172914147521161,0.37531153789766897,0.8293756687535543,0.7411281789097508,5-class margin P45-P3
0.624,0.5795910916392845,0.8822920262340352,0.37472511361970384,0.5260341634081087,0.6765350191971764,0.6461291831701905,0.5741537062735147,0.9175332527206771,0.37472511361970384,0.8293756687535543,0.7411281789097508,5-class margin P45-P3
0.625,0.5795910916392845,0.8830854375648565,0.37428529541123,0.5257413509060955,0.6769425947898677,0.6462720310187952,0.574100183649769,0.9182587666263603,0.37428529541123,0.8293756687535543,0.7411281789097508,5-class margin P45-P3
0.626,0.5793172690763052,0.883495145631068,0.37355226506377365,0.5250901597114889,0.6770671962050285,0.6461473538136281,0.5737599565658288,0.9187424425634825,0.37355226506377365,0.8293756687535543,0.7411281789097508,5-class margin P45-P3
0.627,0.5792259948886455,0.8839874956582147,0.3731124468552998,0.5247422680412371,0.6772915068980686,0.6461692826779523,0.5736223623206513,0.9192261185006046,0.3731124468552998,0.8293756687535543,0.7411281789097508,5-class margin P45-P3
0.628,0.5788608981380066,0.8846287905193447,0.37208620436886086,0.5238390092879257,0.6775066791721245,0.6460189183875743,0.5731615272261916,0.9199516324062877,0.37208620436886086,0.8293756687535543,0.7411281789097508,5-class margin P45-P3
0.629,0.5781307046367288,0.8845750262329486,0.37076674974343937,0.5225206611570248,0.6772510798695928,0.6454801100591441,0.5723296569356086,0.9201934703748489,0.37076674974343937,0.8293756687535543,0.7411281789097508,5-class margin P45-P3
0.63,0.5777656078860898,0.8844133099824869,0.37018032546547425,0.5219098801157503,0.6770542046764675,0.6451868979201616,0.5719225765403858,0.9201934703748489,0.37018032546547425,0.8293756687535543,0.7411281789097508,5-class margin P45-P3
0.631,0.5772179627601315,0.8844397611520899,0.36915408297903535,0.5208936698386429,0.6768973993823095,0.6447946956612226,0.5712929636354274,0.9204353083434099,0.36915408297903535,0.8293756687535543,0.7411281789097508,5-class margin P45-P3
0.632,0.5765790434465133,0.8844256518675123,0.3679812344231051,0.5197225385650689,0.676691761632204,0.644329190367538,0.5705606898326039,0.920677146311971,0.3679812344231051,0.8293756687535543,0.7411281789097508,5-class margin P45-P3
0.633,0.5763964950711938,0.8854314002828855,0.36710159800615744,0.5190175147683698,0.6771522158894743,0.6443730480961863,0.5702809990868678,0.9216444981862152,0.36710159800615744,0.8293756687535543,0.7411281789097508,5-class margin P45-P3
0.634,0.5758488499452354,0.8851878100637846,0.3662219615892098,0.5180960282069895,0.6768574899839453,0.6439332298877125,0.5696682765535722,0.9216444981862152,0.3662219615892098,0.8293756687535543,0.7411281789097508,5-class margin P45-P3
0.635,0.575666301569916,0.8859275053304904,0.3654889312417534,0.5174883238194085,0.6771813896094849,0.6439294716668259,0.5694063758056072,0.9223700120918984,0.3654889312417534,0.8293756687535543,0.7411281789097508,5-class margin P45-P3
0.636,0.5753012048192772,0.8863150392017106,0.36460929482480575,0.5166718603926457,0.6772679490487081,0.6437314914269132,0.5689586408190335,0.9228536880290206,0.36460929482480575,0.8293756687535543,0.7411281789097508,5-class margin P45-P3
0.637,0.5748448338809785,0.8866642831605291,0.3635830523383668,0.5156997296735288,0.6773068933880841,0.6434602081522547,0.5684078606070588,0.9233373639661426,0.3635830523383668,0.8293756687535543,0.7411281789097508,5-class margin P45-P3
0.638,0.574662285505659,0.88713722680043,0.3629966280604017,0.5151893466500208,0.6774939042759038,0.6434088339818332,0.5681637790160673,0.9238210399032648,0.3629966280604017,0.8293756687535543,0.7411281789097508,5-class margin P45-P3
0.639,0.5742059145673604,0.8869346733668342,0.3622635977129453,0.5144165712501301,0.6772494664263792,0.643042318808105,0.5676511950114933,0.9238210399032648,0.3622635977129453,0.8293756687535543,0.7411281789097508,5-class margin P45-P3
0.64,0.5734757210660825,0.8868876080691642,0.3609441430875238,0.5130770032301761,0.677001261247296,0.6425035104796748,0.5668105275996598,0.9240628778718258,0.3609441430875238,0.8293756687535543,0.7411281789097508,5-class margin P45-P3
0.641,0.5728368017524644,0.8866016612495485,0.35991790060108486,0.5119916579770595,0.6766585929308693,0.6419903892364553,0.5660915926632579,0.9240628778718258,0.35991790060108486,0.8293756687535543,0.7411281789097508,5-class margin P45-P3
0.642,0.5719240598758671,0.8867513611615245,0.35815862776718954,0.5102339181286549,0.6764570121256959,0.6413525907880688,0.565022925341889,0.924546553808948,0.35815862776718954,0.8293756687535543,0.7411281789097508,5-class margin P45-P3
0.643,0.5711025921869295,0.8866618075801749,0.3566925670722768,0.508729743857815,0.6761609086610081,0.640740479424893,0.5640757328667871,0.924788391777509,0.3566925670722768,0.8293756687535543,0.7411281789097508,5-class margin P45-P3
0.644,0.5705549470609712,0.8864134404674945,0.35581293065532915,0.5077937022701119,0.6758667348358403,0.640300661216419,0.5634572817996718,0.924788391777509,0.35581293065532915,0.8293756687535543,0.7411281789097508,5-class margin P45-P3
0.645,0.5700073019350128,0.8864468864468864,0.3547866881688902,0.5067532195581614,0.6757179727639246,0.6399084589574802,0.5628175935182604,0.9250302297460702,0.3547866881688902,0.8293756687535543,0.7411281789097508,5-class margin P45-P3
0.646,0.5690032858707558,0.8862716231137284,0.3530274153349949,0.504927657789893,0.6753241839321524,0.6391497415248131,0.5616605316588061,0.9252720677146312,0.3530274153349949,0.8293756687535543,0.7411281789097508,5-class margin P45-P3
0.647,0.5687294633077765,0.8864306784660767,0.35244099105702975,0.5043532990664009,0.6753235391359981,0.638977448370111,0.5613292466735187,0.9255139056831923,0.35244099105702975,0.8293756687535543,0.7411281789097508,5-class margin P45-P3
0.648,0.5682730923694779,0.8865064695009243,0.3515613546400821,0.5034642032332564,0.6752251169465595,0.6386585491459177,0.5607907161814594,0.9257557436517533,0.3515613546400821,0.8293756687535543,0.7411281789097508,5-class margin P45-P3
0.649,0.5675428988682001,0.8864564007421151,0.3502419000146606,0.5021017234131988,0.6749798042931009,0.6381197408174875,0.5599408262112784,0.9259975816203144,0.3502419000146606,0.8293756687535543,0.7411281789097508,5-class margin P45-P3
0.65,0.5672690763052208,0.8869047619047619,0.34950886966720424,0.5014197076453886,0.6751287234777801,0.6379950636123204,0.5595867384473818,0.9264812575574365,0.34950886966720424,0.8293756687535543,0.7411281789097508,5-class margin P45-P3
0.651,0.5670865279299014,0.8871087928464978,0.3490690514587304,0.5009994739610731,0.6751791546437518,0.637896073492364,0.5593576397773448,0.9267230955259976,0.3490690514587304,0.8293756687535543,0.7411281789097508,5-class margin P45-P3
0.652,0.5670865279299014,0.8873974645786726,0.3489224453892391,0.5008944543828264,0.6753279321926479,0.6379436894418988,0.5593359369988111,0.9269649334945587,0.3489224453892391,0.8293756687535543,0.7411281789097508,5-class margin P45-P3
0.653,0.5667214311792625,0.8878085265519821,0.34804280897229145,0.5000526592943655,0.6754304646766189,0.637745709201986,0.5588770987540523,0.9274486094316807,0.34804280897229145,0.8293756687535543,0.7411281789097508,5-class margin P45-P3
0.654,0.566538882803943,0.8885971492873218,0.3473097786248351,0.499420259302203,0.6757822899633231,0.6377419509810995,0.5586034898120673,0.9281741233373639,0.3473097786248351,0.8293756687535543,0.7411281789097508,5-class margin P45-P3
0.655,0.5662650602409639,0.8887636226982337,0.34672335434686996,0.4988399071925754,0.6757862718675014,0.6375696578263975,0.5582695111184116,0.9284159613059251,0.34672335434686996,0.8293756687535543,0.7411281789097508,5-class margin P45-P3
0.656,0.5660825118656444,0.8892655367231639,0.34613693006890484,0.4983115238497256,0.6759904361124554,0.637518283655976,0.5580171321403662,0.9288996372430471,0.34613693006890484,0.8293756687535543,0.7411281789097508,5-class margin P45-P3
0.657,0.5658999634903249,0.8894756695586571,0.345697111860431,0.4978885135135135,0.6760442766817969,0.6374192935360196,0.5577867004866603,0.9291414752116082,0.345697111860431,0.8293756687535543,0.7411281789097508,5-class margin P45-P3
0.658,0.5651697699890471,0.8891411275066212,0.3445242633045008,0.49661876584953507,0.6756544083340877,0.6368328692580545,0.5569533417936622,0.9291414752116082,0.3445242633045008,0.8293756687535543,0.7411281789097508,5-class margin P45-P3
0.659,0.5648046732384082,0.8898594758830232,0.34349802081806186,0.49566321133911573,0.6759161611062359,0.6366825049676766,0.5564686260580632,0.9298669891172914,0.34349802081806186,0.8293756687535543,0.7411281789097508,5-class margin P45-P3
0.66,0.5648046732384082,0.8907499048344119,0.343058202609588,0.4953429297205758,0.6763750724796384,0.6368253528162813,0.5564006047832661,0.9305925030229746,0.343058202609588,0.8293756687535543,0.7411281789097508,5-class margin P45-P3
0.661,0.5643483023001096,0.8911382734912147,0.3420319601231491,0.4943320266977434,0.6764398491466628,0.636554069541623,0.555832733464321,0.9310761789600968,0.3420319601231491,0.8293756687535543,0.7411281789097508,5-class margin P45-P3
0.662,0.5638919313618109,0.8912294140176178,0.3411523237062014,0.49342663273960985,0.6763516752532667,0.6362351703174296,0.5552870343185229,0.9313180169286578,0.3411523237062014,0.8293756687535543,0.7411281789097508,5-class margin P45-P3
0.663,0.563161737860533,0.8917982287254524,0.3395396569417974,0.49182416648970056,0.6764290820622119,0.6357915938880692,0.5543801479158924,0.932043530834341,0.3395396569417974,0.8293756687535543,0.7411281789097508,5-class margin P45-P3
0.664,0.5626140927345746,0.8921530730575957,0.3383668083858672,0.4906462585034014,0.6764505358118663,0.6354470075786651,0.5537044472299477,0.9325272067714632,0.3383668083858672,0.8293756687535543,0.7411281789097508,5-class margin P45-P3
0.665,0.5617926250456371,0.8920807453416149,0.3369007476909544,0.48909226348834733,0.6761716375872753,0.6348348962154893,0.5527363035380211,0.9327690447400242,0.3369007476909544,0.8293756687535543,0.7411281789097508,5-class margin P45-P3
0.666,0.5613362541073385,0.8924814959096221,0.33587450520451545,0.488069876438006,0.6762443240663858,0.6345636129408309,0.5521633317035127,0.9332527206771463,0.33587450520451545,0.8293756687535543,0.7411281789097508,5-class margin P45-P3
0.667,0.56078860898138,0.8925361469323955,0.33484826271807655,0.4869936034115139,0.6761120653680674,0.634171410681892,0.5515082922898616,0.9334945586457074,0.33484826271807655,0.8293756687535543,0.7411281789097508,5-class margin P45-P3
0.668,0.5605147864184009,0.8927173061863743,0.3342618384401114,0.4864,0.676125375302185,0.63399911752719,0.5511684134960517,0.9337363966142684,0.3342618384401114,0.8293756687535543,0.7411281789097508,5-class margin P45-P3
0.669,0.5599671412924425,0.8927729772191674,0.33323559595367247,0.4853208070887157,0.6759940985976931,0.633606915268251,0.5505121373028274,0.9339782345828295,0.33323559595367247,0.8293756687535543,0.7411281789097508,5-class margin P45-P3
0.67,0.559145673603505,0.892392589672842,0.331916141328251,0.4838640735199829,0.675558451862196,0.6329471879555402,0.5495630706933992,0.9339782345828295,0.331916141328251,0.8293756687535543,0.7411281789097508,5-class margin P45-P3
0.671,0.5585067542898868,0.8927157561361837,0.3305966867028295,0.4825077564994116,0.6755393727300135,0.6325292986113906,0.5487747696146084,0.9344619105199516,0.3305966867028295,0.8293756687535543,0.7411281789097508,5-class margin P45-P3
0.672,0.5581416575392479,0.8931691818903892,0.32971705028588183,0.48163614948067246,0.6756673119691339,0.6323313183714778,0.5483023664765965,0.9349455864570737,0.32971705028588183,0.8293756687535543,0.7411281789097508,5-class margin P45-P3
0.673,0.5575940124132895,0.8932270916334661,0.3286908077994429,0.48054870860572285,0.6755384806971498,0.6319391161125388,0.5476426080187823,0.9351874244256349,0.3286908077994429,0.8293756687535543,0.7411281789097508,5-class margin P45-P3
0.674,0.5571376414749909,0.8933280063923292,0.3278111713824952,0.4796224796224796,0.6754585140207239,0.6316202168883456,0.5470880113396797,0.9354292623941959,0.3278111713824952,0.8293756687535543,0.7411281789097508,5-class margin P45-P3
0.675,0.5570463672873311,0.8942307692307693,0.32722474710453014,0.47912418160352044,0.6758978905255502,0.6316897617022046,0.5469062750018396,0.9361547762998791,0.32722474710453014,0.8293756687535543,0.7411281789097508,5-class margin P45-P3
0.676,0.5565899963490325,0.8952879581151832,0.32590529247910865,0.4778589853826311,0.6763115112185736,0.631513710326616,0.5462740358385236,0.9371221281741233,0.32590529247910865,0.8293756687535543,0.7411281789097508,5-class margin P45-P3
0.677,0.555768528660095,0.8955465587044534,0.3242926257147046,0.4761597244645356,0.6762083488785053,0.6309492149129751,0.5452662975385034,0.9376058041112455,0.3242926257147046,0.8293756687535543,0.7411281789097508,5-class margin P45-P3
0.678,0.5553121577217963,0.8956557044254974,0.3234129892977569,0.4752261956053425,0.6761335157003266,0.6306303156887817,0.5447084414833807,0.9378476420798065,0.3234129892977569,0.8293756687535543,0.7411281789097508,5-class margin P45-P3
0.679,0.5552208835341366,0.8965798045602605,0.32282656501979184,0.4747224318206317,0.6765840199271891,0.6306998605026408,0.544523859361048,0.9385731559854897,0.32282656501979184,0.8293756687535543,0.7411281789097508,5-class margin P45-P3
0.68,0.5544906900328587,0.8965658217497956,0.32150711039437035,0.4732923276141146,0.6763675172203737,0.6301610521742106,0.5436449775674369,0.9388149939540508,0.32150711039437035,0.8293756687535543,0.7411281789097508,5-class margin P45-P3
0.681,0.5542168674698795,0.8974148543290932,0.32062747397742264,0.47245625405055086,0.6767271477890331,0.6300839909185783,0.5432456708849246,0.939540507859734,0.32062747397742264,0.8293756687535543,0.7411281789097508,5-class margin P45-P3
0.682,0.5536692223439211,0.8971616618675442,0.319747837560475,0.4714656290531777,0.676440068470429,0.6296441727101045,0.5426048524412808,0.939540507859734,0.319747837560475,0.8293756687535543,0.7411281789097508,5-class margin P45-P3
0.683,0.5533041255932822,0.8979760429574556,0.3187215950740361,0.47046093919065135,0.6767560355384817,0.6294938084197266,0.5420970836442602,0.9402660217654172,0.3187215950740361,0.8293756687535543,0.7411281789097508,5-class margin P45-P3
0.684,0.5527564804673238,0.8980522171570658,0.3176953525875971,0.4693523933290015,0.6766393591930712,0.6291016061607877,0.5414280502691703,0.9405078597339782,0.3176953525875971,0.8293756687535543,0.7411281789097508,5-class margin P45-P3
0.685,0.5523001095290252,0.8985024958402662,0.31666911010115817,0.4682926829268293,0.6767418933831827,0.6288303228861293,0.540838230798955,0.9409915356711004,0.31666911010115817,0.8293756687535543,0.7411281789097508,5-class margin P45-P3
0.686,0.5513873676524279,0.8984113712374582,0.31505644333675414,0.4665147074785629,0.6764359518494624,0.6281449084882078,0.5397381790011131,0.9412333736396614,0.31505644333675414,0.8293756687535543,0.7411281789097508,5-class margin P45-P3
0.687,0.551022270901789,0.8995798319327731,0.31388359478082395,0.4653841973698511,0.6769354383544463,0.6280421601473648,0.5391982744382101,0.9422007255139057,0.31388359478082395,0.8293756687535543,0.7411281789097508,5-class margin P45-P3
0.6880000000000001,0.5508397225264695,0.9005059021922428,0.31315056443336753,0.46470140324159687,0.6773615251874541,0.6280384019264782,0.5388999586378596,0.9429262394195889,0.31315056443336753,0.8293756687535543,0.7411281789097508,5-class margin P45-P3
0.6890000000000001,0.5505658999634904,0.9007182087029996,0.31256414015540246,0.46408358728776666,0.6773936834643185,0.6278661087717762,0.5385491812578411,0.9431680773881499,0.31256414015540246,0.8293756687535543,0.7411281789097508,5-class margin P45-P3
0.6900000000000001,0.5501095290251917,0.9011874469889737,0.3115378976689635,0.46301340015252207,0.6775069591306813,0.6275948254971178,0.5379545128462289,0.9436517533252721,0.3115378976689635,0.8293756687535543,0.7411281789097508,5-class margin P45-P3
0.6910000000000001,0.5491055129609347,0.9010660980810234,0.3097786248350682,0.46105171285184376,0.677161779733811,0.6268361080644507,0.5367395705323081,0.9438935912938331,0.3097786248350682,0.8293756687535543,0.7411281789097508,5-class margin P45-P3
0.6920000000000001,0.5480102227090179,0.901245169600687,0.3077261398621903,0.45879781420765026,0.6769469153903516,0.6260517035465728,0.5353854295924633,0.9443772672309553,0.3077261398621903,0.8293756687535543,0.7411281789097508,5-class margin P45-P3
0.6930000000000001,0.5471887550200804,0.9008620689655172,0.3064066852367688,0.457280385078219,0.6765195013655747,0.625391976233862,0.5344110797053455,0.9443772672309553,0.3064066852367688,0.8293756687535543,0.7411281789097508,5-class margin P45-P3
0.6940000000000001,0.5470062066447609,0.9018166089965398,0.3056736548893124,0.4565860067885689,0.6769610578531982,0.6253882180129755,0.534107229859579,0.9451027811366385,0.3056736548893124,0.8293756687535543,0.7411281789097508,5-class margin P45-P3
0.6950000000000001,0.5460021905805038,0.9013472403302912,0.3040609881249084,0.45472484104363076,0.6764390736602351,0.6245818846307735,0.5329136324060999,0.9451027811366385,0.3040609881249084,0.8293756687535543,0.7411281789097508,5-class margin P45-P3
0.6960000000000001,0.5456370938298649,0.901525054466231,0.303327957777452,0.4539271610355419,0.6764293093598908,0.6243362884413257,0.5324496699207094,0.9453446191051995,0.303327957777452,0.8293756687535543,0.7411281789097508,5-class margin P45-P3
0.6970000000000001,0.5448156261409274,0.9014886164623468,0.30186189708253924,0.4522789676002197,0.6761825001130922,0.6237241770781499,0.531441271884751,0.9455864570737605,0.30186189708253924,0.8293756687535543,0.7411281789097508,5-class margin P45-P3
0.6980000000000001,0.544267981014969,0.9015817223198594,0.3008356545961003,0.45113773771573046,0.6760788795931094,0.623331974819211,0.5307581002273541,0.9458282950423217,0.3008356545961003,0.8293756687535543,0.7411281789097508,5-class margin P45-P3
0.6990000000000001,0.5436290617013508,0.9012780960775673,0.29980941210966133,0.44994499449944997,0.6757455289873274,0.6228188535759915,0.5299951146261094,0.9458282950423217,0.29980941210966133,0.8293756687535543,0.7411281789097508,5-class margin P45-P3
0.7000000000000001,0.5434465133260314,0.9015452538631347,0.2993695939011875,0.44948272066916134,0.6758330342494824,0.6227198634560351,0.5297468179987004,0.9460701330108827,0.2993695939011875,0.8293756687535543,0.7411281789097508,5-class margin P45-P3
0.7010000000000001,0.5426250456370938,0.90150842945874,0.2979035332062747,0.4478236914600551,0.6755875863680737,0.6221077520928593,0.5287338446394301,0.9463119709794438,0.2979035332062747,0.8293756687535543,0.7411281789097508,5-class margin P45-P3
0.7020000000000001,0.5422599488864549,0.9020480854853072,0.29702389678932706,0.4468953347303408,0.6757657189768671,0.6219097718529465,0.528235522561745,0.9467956469165659,0.29702389678932706,0.8293756687535543,0.7411281789097508,5-class margin P45-P3
0.7030000000000001,0.5419861263234758,0.9019170753455193,0.2965840785808532,0.4463812886142983,0.6756228324047693,0.6216898627487095,0.527907331729316,0.9467956469165659,0.2965840785808532,0.8293756687535543,0.7411281789097508,5-class margin P45-P3
0.704,0.5413472070098576,0.9019695613249776,0.29541123002492303,0.44505797901711763,0.6754745765808562,0.621224357455025,0.52711015152147,0.947037484885127,0.29541123002492303,0.8293756687535543,0.7411281789097508,5-class margin P45-P3
0.705,0.5405257393209201,0.9019343229869545,0.29394516933001025,0.4433878814683768,0.6752314463898473,0.6206122460918491,0.5260924486608282,0.947279322853688,0.29394516933001025,0.8293756687535543,0.7411281789097508,5-class margin P45-P3
0.706,0.5401606425702812,0.9021199819576003,0.2932121389825539,0.4425757911042266,0.6752275158672314,0.6203666499024015,0.5256222127806359,0.9475211608222491,0.2932121389825539,0.8293756687535543,0.7411281789097508,5-class margin P45-P3
0.707,0.5398868200073019,0.9019873532068654,0.29277232077408005,0.4420586607636967,0.6750842737207972,0.6201467407981646,0.5252927457736322,0.9475211608222491,0.29277232077408005,0.8293756687535543,0.7411281789097508,5-class margin P45-P3
0.708,0.5397042716319824,0.9026268115942029,0.2921858964961149,0.4414663860892679,0.6753646175026341,0.6200953666277431,0.5250101471702258,0.9480048367593712,0.2921858964961149,0.8293756687535543,0.7411281789097508,5-class margin P45-P3
0.709,0.5391566265060241,0.90236148955495,0.29130626007916727,0.44043001219106725,0.6750783915675138,0.6196555484192692,0.5243503152739029,0.9480048367593712,0.29130626007916727,0.8293756687535543,0.7411281789097508,5-class margin P45-P3
0.71,0.538517707192406,0.9020501138952164,0.2902800175927283,0.4392191659272405,0.6747438105145526,0.6191424271760497,0.5235798062886823,0.9480048367593712,0.2902800175927283,0.8293756687535543,0.7411281789097508,5-class margin P45-P3
0.711,0.5378787878787878,0.9017367458866545,0.2892537751062894,0.438006438006438,0.6744085189287288,0.6186293059328303,0.5228085355962594,0.9480048367593712,0.2892537751062894,0.8293756687535543,0.7411281789097508,5-class margin P45-P3
0.712,0.5376049653158087,0.901969766376546,0.2886673508283243,0.43736117281208353,0.6744546198803966,0.6184570127781284,0.5224456933164849,0.9482466747279323,0.2886673508283243,0.8293756687535543,0.7411281789097508,5-class margin P45-P3
0.713,0.5369660460021906,0.9020239190432383,0.2874945022723941,0.4360200111172874,0.674309613814491,0.6179915074844438,0.5216408796006039,0.9484885126964934,0.2874945022723941,0.8293756687535543,0.7411281789097508,5-class margin P45-P3
0.714,0.5366009492515517,0.9037037037037037,0.2861750476469726,0.43469546821066696,0.675078318427568,0.6179363750931356,0.5210365439421597,0.9496977025392986,0.2861750476469726,0.8293756687535543,0.7411281789097508,5-class margin P45-P3
0.715,0.5360533041255933,0.9041860465116279,0.28500219909104235,0.43339649983279455,0.6751795551658752,0.6175917887837316,0.5203069354893823,0.9501813784764208,0.28500219909104235,0.8293756687535543,0.7411281789097508,5-class margin P45-P3
0.716,0.5355056589996349,0.9046728971962616,0.28382935053511216,0.4320946322955027,0.6752833632986752,0.6172472024743275,0.5195760011913773,0.9506650544135429,0.28382935053511216,0.8293756687535543,0.7411281789097508,5-class margin P45-P3
0.717,0.5353231106243155,0.9053420805998126,0.28324292625714703,0.43149078726968176,0.6755796777970724,0.6171958283039061,0.5192878803215739,0.951148730350665,0.28324292625714703,0.8293756687535543,0.7411281789097508,5-class margin P45-P3
0.718,0.5347754654983571,0.9050751879699248,0.28236328984019937,0.43043915521287296,0.6752947303691944,0.6167560100954322,0.5186215678864643,0.951148730350665,0.28236328984019937,0.8293756687535543,0.7411281789097508,5-class margin P45-P3
0.719,0.5343190945600584,0.9056158565361019,0.28133704735376047,0.4293064876957494,0.6754513592966805,0.6164847268207738,0.5179989114396107,0.9516324062877872,0.28133704735376047,0.8293756687535543,0.7411281789097508,5-class margin P45-P3
0.72,0.5338627236217598,0.9053926206244087,0.28060401700630405,0.42842753217683266,0.6752138402827993,0.6161182116470456,0.5174425554850411,0.9516324062877872,0.28060401700630405,0.8293756687535543,0.7411281789097508,5-class margin P45-P3
0.721,0.5337714494341,0.9057318806252961,0.2803108048673215,0.4281236005373936,0.6753645270848357,0.6160925245618349,0.5172975475722408,0.9518742442563483,0.2803108048673215,0.8293756687535543,0.7411281789097508,5-class margin P45-P3
0.722,0.5334063526834611,0.9059382422802851,0.2795777745198651,0.4272910598252297,0.675373369247701,0.6158469283723872,0.5168181773791173,0.9521160822249093,0.2795777745198651,0.8293756687535543,0.7411281789097508,5-class margin P45-P3
0.723,0.5325848849945235,0.9055343511450382,0.2782583198944436,0.42570371201076596,0.6749455051436252,0.6151872010596764,0.5158145339584419,0.9521160822249093,0.2782583198944436,0.8293756687535543,0.7411281789097508,5-class margin P45-P3
0.724,0.5323110624315444,0.9061752034466252,0.27752528954698724,0.4249158249158249,0.6752033116590292,0.6150625238545093,0.5154113042437916,0.9525997581620315,0.27752528954698724,0.8293756687535543,0.7411281789097508,5-class margin P45-P3
0.725,0.5316721431179262,0.9066410009624639,0.27620583492156575,0.4234183616136645,0.6752736430809165,0.6146446345103597,0.5145601759655197,0.9530834340991535,0.27620583492156575,0.8293756687535543,0.7411281789097508,5-class margin P45-P3
0.726,0.5309419496166484,0.9062801932367149,0.27503298636563556,0.4219997750534248,0.6748934164473019,0.6140582102323946,0.513664813415661,0.9530834340991535,0.27503298636563556,0.8293756687535543,0.7411281789097508,5-class margin P45-P3
0.727,0.5300292077400511,0.9058252427184466,0.27356692567072277,0.42022294786623127,0.6744166681218132,0.6133251798849382,0.5125441345117359,0.9530834340991535,0.27356692567072277,0.8293756687535543,0.7411281789097508,5-class margin P45-P3
0.728,0.5296641109894122,0.9056420233463035,0.27298050139275765,0.4195110960910217,0.6742255060551743,0.6130319677459556,0.5120954022840992,0.9530834340991535,0.27298050139275765,0.8293756687535543,0.7411281789097508,5-class margin P45-P3
0.729,0.529390288426433,0.9066927210552027,0.27210086497581,0.41858367162832655,0.6746955579683915,0.6129549064903234,0.5116530746979413,0.9538089480048367,0.27210086497581,0.8293756687535543,0.7411281789097508,5-class margin P45-P3
0.73,0.5285688207374954,0.9070796460176991,0.27048819821140596,0.41671372106154714,0.6746785811348303,0.6123904110766825,0.5105702326683244,0.9542926239419589,0.27048819821140596,0.8293756687535543,0.7411281789097508,5-class margin P45-P3
0.731,0.5276560788608982,0.9070227497527201,0.2688755314470019,0.414791360398055,0.6744090690782854,0.6117049966787609,0.5094080759446851,0.9545344619105199,0.2688755314470019,0.8293756687535543,0.7411281789097508,5-class margin P45-P3
0.732,0.5272909821102593,0.908051689860835,0.267849288960563,0.41367598777312353,0.6748442706907037,0.611554632388383,0.5088488509857283,0.9552599758162031,0.267849288960563,0.8293756687535543,0.7411281789097508,5-class margin P45-P3
0.733,0.5271084337349398,0.909181636726547,0.26711625861310656,0.4129178470254958,0.6753794689441492,0.6115508741674964,0.5085143984115024,0.9559854897218864,0.26711625861310656,0.8293756687535543,0.7411281789097508,5-class margin P45-P3
0.734,0.5261044176706827,0.9086803813346713,0.26550359184870254,0.41093714545041976,0.6748578744785596,0.6107445407852945,0.5072703745270117,0.9559854897218864,0.26550359184870254,0.8293756687535543,0.7411281789097508,5-class margin P45-P3
0.735,0.5258305951077036,0.9093655589123867,0.26477056150124617,0.41012830702850006,0.6751398586089247,0.6106198635801273,0.5068573622132199,0.9564691656590084,0.26477056150124617,0.8293756687535543,0.7411281789097508,5-class margin P45-P3
0.736,0.5254654983570646,0.9095959595959596,0.26403753115378975,0.4092716736734462,0.6751633986928105,0.6103742673906797,0.5063672074415587,0.9567110036275696,0.26403753115378975,0.8293756687535543,0.7411281789097508,5-class margin P45-P3
0.737,0.5253742241694049,0.910795742524075,0.2634511068758247,0.40868774164202865,0.6757585525489127,0.6104438122045387,0.5061429255549676,0.9574365175332528,0.2634511068758247,0.8293756687535543,0.7411281789097508,5-class margin P45-P3
0.738,0.5244614822928076,0.9111791730474732,0.26169183404192936,0.40660592255125283,0.6757185183899141,0.6098060137561521,0.5049325683423337,0.9579201934703748,0.26169183404192936,0.8293756687535543,0.7411281789097508,5-class margin P45-P3
0.739,0.5240051113545089,0.9109518935516888,0.26095880369447294,0.4056980056980057,0.6754826119613587,0.6094394985824239,0.5043638083601546,0.9579201934703748,0.26095880369447294,0.8293756687535543,0.7411281789097508,5-class margin P45-P3
0.74,0.5234574662285506,0.9110996916752312,0.259932561208034,0.40447131287783733,0.6754166604880041,0.609047296323485,0.5036430356705657,0.958162031438936,0.259932561208034,0.8293756687535543,0.7411281789097508,5-class margin P45-P3
0.741,0.5225447243519533,0.9110651499482937,0.25831989444362996,0.4025128498001142,0.6751623688114334,0.6083618819255635,0.5024649070768451,0.958403869407497,0.25831989444362996,0.8293756687535543,0.7411281789097508,5-class margin P45-P3
0.742,0.5223621759766338,0.9122533748701973,0.2575868640961736,0.4017377386532525,0.6757280163387531,0.6083581237046769,0.5021221925320953,0.9591293833131802,0.2575868640961736,0.8293756687535543,0.7411281789097508,5-class margin P45-P3
0.743,0.5220883534136547,0.9125455491931286,0.25700043981820847,0.4010523907572638,0.6758079157144392,0.6081858305499749,0.5017410776869082,0.9593712212817412,0.25700043981820847,0.8293756687535543,0.7411281789097508,5-class margin P45-P3
0.744,0.5218145308506754,0.912839248434238,0.25641401554024335,0.4003662584411125,0.6758886507657915,0.6080135373952729,0.5013595998087915,0.9596130592503023,0.25641401554024335,0.8293756687535543,0.7411281789097508,5-class margin P45-P3
0.745,0.5213581599123768,0.912611198325484,0.255680985192787,0.3994502977553825,0.6756533050776121,0.6076470222215447,0.5007873643556882,0.9596130592503023,0.255680985192787,0.8293756687535543,0.7411281789097508,5-class margin P45-P3
0.746,0.5209017889740781,0.9128151260504201,0.2548013487758393,0.39839541547277935,0.6756408816288335,0.6073281229973514,0.5001759438780443,0.9598548972188634,0.2548013487758393,0.8293756687535543,0.7411281789097508,5-class margin P45-P3
0.747,0.520627966411099,0.9131121642969984,0.2542149244978742,0.3977064220183486,0.6757235769039369,0.6071558298426494,0.499793174623486,0.9600967351874244,0.2542149244978742,0.8293756687535543,0.7411281789097508,5-class margin P45-P3
0.748,0.52026286966046,0.913365029054411,0.25348189415041783,0.39683268303878816,0.6757600826613774,0.6069102336532016,0.4992952625680378,0.9603385731559855,0.25348189415041783,0.8293756687535543,0.7411281789097508,5-class margin P45-P3
0.749,0.519623950346842,0.9134819532908705,0.25230904559448764,0.3954049396898334,0.6756563205607792,0.6064447283595171,0.4984520723284481,0.9605804111245465,0.25230904559448764,0.8293756687535543,0.7411281789097508,5-class margin P45-P3
0.75,0.5192588535962029,0.914179104477612,0.25142940917754,0.3943888697251926,0.6759221513577487,0.6062467481196043,0.49791331492313357,0.9610640870616687,0.25142940917754,0.8293756687535543,0.7411281789097508,5-class margin P45-P3
0.751,0.5186199342825849,0.9138576779026217,0.250403166691101,0.39309551208285387,0.6755928644822892,0.6057336268763849,0.49710742931324664,0.9610640870616687,0.250403166691101,0.8293756687535543,0.7411281789097508,5-class margin P45-P3
0.752,0.5177984665936474,0.9138858988159311,0.24893710599618823,0.391289319045973,0.6753975548157475,0.605121515513209,0.49603005965901004,0.9613059250302297,0.24893710599618823,0.8293756687535543,0.7411281789097508,5-class margin P45-P3
0.753,0.517250821467689,0.9136069114470843,0.24805746957924057,0.3901764095468696,0.6751140884124701,0.6046816973047351,0.4953374683129771,0.9613059250302297,0.24805746957924057,0.8293756687535543,0.7411281789097508,5-class margin P45-P3
0.754,0.5164293537787513,0.9131850244167119,0.24673801495381908,0.38850415512465375,0.6746875412876931,0.6040219699920244,0.4942973674173993,0.9613059250302297,0.24673801495381908,0.8293756687535543,0.7411281789097508,5-class margin P45-P3
0.755,0.5157904344651333,0.9128540305010894,0.24571177246738016,0.38720110892919024,0.6743546468294921,0.603508848748805,0.4934873896211398,0.9613059250302297,0.24571177246738016,0.8293756687535543,0.7411281789097508,5-class margin P45-P3
0.756,0.5156078860898138,0.9132096069868996,0.24527195425890633,0.3866866982549405,0.6744916952076102,0.6034098586288485,0.4932151343299742,0.9615477629987909,0.24527195425890633,0.8293756687535543,0.7411281789097508,5-class margin P45-P3
0.757,0.5147864184008762,0.9136888400219901,0.24365928749450227,0.38472222222222224,0.6745307503163469,0.6028453632152075,0.49208986337150895,0.9620314389359129,0.24365928749450227,0.8293756687535543,0.7411281789097508,5-class margin P45-P3
0.758,0.5143300474625776,0.914364640883978,0.24263304500806335,0.3835013324064419,0.6747637768163603,0.6025740799405492,0.4914268954028294,0.9625151148730351,0.24263304500806335,0.8293756687535543,0.7411281789097508,5-class margin P45-P3
0.759,0.513873676524279,0.9145867997781475,0.24175340859111566,0.38242115027829315,0.6747630819605257,0.6022551807163559,0.49080419344137416,0.9627569528415961,0.24175340859111566,0.8293756687535543,0.7411281789097508,5-class margin P45-P3
0.76,0.5132347572106608,0.9147157190635451,0.24058056003518546,0.3809634358676727,0.6746684903983955,0.6017896754226713,0.48994776290638653,0.9629987908101572,0.24058056003518546,0.8293756687535543,0.7411281789097508,5-class margin P45-P3
0.761,0.5129609346476817,0.9150363331470095,0.23999413575722034,0.3802555168408827,0.6747648121500293,0.6016173822679693,0.4895564157652016,0.9632406287787183,0.23999413575722034,0.8293756687535543,0.7411281789097508,5-class margin P45-P3
0.762,0.5123220153340635,0.9151685393258427,0.23882128720129014,0.3787931635856296,0.6746723254606546,0.6011518769742847,0.488697911520108,0.9634824667472793,0.23882128720129014,0.8293756687535543,0.7411281789097508,5-class margin P45-P3
0.763,0.5117743702081051,0.9153498871331829,0.2377950447148512,0.3775165832654486,0.674628340779135,0.6007596747153457,0.48795492801683726,0.9637243047158404,0.2377950447148512,0.8293756687535543,0.7411281789097508,5-class margin P45-P3
0.764,0.5112267250821467,0.9160045402951191,0.23662219615892097,0.376092275428172,0.6748284611416862,0.6004150884059417,0.4871683524338699,0.9642079806529625,0.23662219615892097,0.8293756687535543,0.7411281789097508,5-class margin P45-P3
0.765,0.5104052573932092,0.9160479725870931,0.2351561354640082,0.3742417172188521,0.6746453877058225,0.5998029770427659,0.48607138334705724,0.9644498186215236,0.2351561354640082,0.8293756687535543,0.7411281789097508,5-class margin P45-P3
0.766,0.509766338079591,0.9157110091743119,0.23412989297756928,0.372913018096906,0.674312300071307,0.5992898557995464,0.48525024546862233,0.9644498186215236,0.23412989297756928,0.8293756687535543,0.7411281789097508,5-class margin P45-P3
0.767,0.5089448703906535,0.9152737752161383,0.2328104383521478,0.37120149602618047,0.6738824141236315,0.5986301284868357,0.4841931409451058,0.9644498186215236,0.2328104383521478,0.8293756687535543,0.7411281789097508,5-class margin P45-P3
0.768,0.5090361445783133,0.9162817551963048,0.2326638322826565,0.3710978603998597,0.6744244855773371,0.5987986634206511,0.484223980727664,0.9649334945586457,0.2326638322826565,0.8293756687535543,0.7411281789097508,5-class margin P45-P3
0.769,0.5086710478276744,0.9170533642691415,0.23178419586570884,0.370040959625512,0.6747311882004287,0.5986006831807383,0.4836663988671437,0.9654171704957678,0.23178419586570884,0.8293756687535543,0.7411281789097508,5-class margin P45-P3
0.77,0.5080321285140562,0.9167152009318579,0.2307579533792699,0.3687046146638557,0.6743982975110637,0.5980875619375189,0.4828419140314941,0.9654171704957678,0.2307579533792699,0.8293756687535543,0.7411281789097508,5-class margin P45-P3
0.771,0.5074844833880978,0.9164231443600234,0.22987831696232225,0.36755743084857007,0.6741120589296061,0.5976477437290451,0.48213447028228207,0.9654171704957678,0.22987831696232225,0.8293756687535543,0.7411281789097508,5-class margin P45-P3
0.772,0.50675428988682,0.916519694297472,0.22855886233690076,0.3658765547993429,0.6739810789153486,0.5971089354006148,0.4811458950247648,0.965659008464329,0.22855886233690076,0.8293756687535543,0.7411281789097508,5-class margin P45-P3
0.773,0.50675428988682,0.9179941002949853,0.22811904412842693,0.3654297792390794,0.6747404903807288,0.5972517832492195,0.4810128890223465,0.966384522370012,0.22811904412842693,0.8293756687535543,0.7411281789097508,5-class margin P45-P3
0.774,0.5061153705732019,0.918646080760095,0.2267995895030054,0.36378600823045265,0.6749183811910915,0.5968338939050698,0.48009543568082635,0.9668681983071342,0.2267995895030054,0.8293756687535543,0.7411281789097508,5-class margin P45-P3
0.775,0.5058415480102227,0.9194991055456172,0.22606655915554905,0.36290891974582257,0.6752900204956236,0.5967092166999027,0.4796503745888797,0.9673518742442564,0.22606655915554905,0.8293756687535543,0.7411281789097508,5-class margin P45-P3
0.776,0.505750273822563,0.9194510739856802,0.22591995308605775,0.36271625279510417,0.6752427783721504,0.5966359136651571,0.4795318125697474,0.9673518742442564,0.22591995308605775,0.8293756687535543,0.7411281789097508,5-class margin P45-P3
0.777,0.5051113545089448,0.9191132414619533,0.22489371059961882,0.3613663133097762,0.6749114177590805,0.5961227924219377,0.47870133576381374,0.9673518742442564,0.22489371059961882,0.8293756687535543,0.7411281789097508,5-class margin P45-P3
0.778,0.5049288061336255,0.9205298013245033,0.22416068025216243,0.3605281773166706,0.6755957236853825,0.596119034201051,0.4783281243992139,0.9680773881499395,0.22416068025216243,0.8293756687535543,0.7411281789097508,5-class margin P45-P3
0.779,0.5042898868200073,0.9201934703748489,0.2231344377657235,0.3591740412979351,0.6752655160947563,0.5956059129578315,0.477495780044666,0.9680773881499395,0.2231344377657235,0.8293756687535543,0.7411281789097508,5-class margin P45-P3
0.78,0.5040160642570282,0.9205579138872043,0.2225480134877584,0.35844155844155845,0.675385865721941,0.5954336198031295,0.4770931196463111,0.9683192261185006,0.2225480134877584,0.8293756687535543,0.7411281789097508,5-class margin P45-P3
0.781,0.5036509675063892,0.9213893967093236,0.22166837707081072,0.3573623256913259,0.6757242206305609,0.5952356395632167,0.4765250290166667,0.9688029020556227,0.22166837707081072,0.8293756687535543,0.7411281789097508,5-class margin P45-P3
0.782,0.5029207740051114,0.9215205395462907,0.22034892244538923,0.35565546616185517,0.6756128166900354,0.5946968312347866,0.4755246127243154,0.9690447400241838,0.22034892244538923,0.8293756687535543,0.7411281789097508,5-class margin P45-P3
0.783,0.5020993063161738,0.9221260815822002,0.2187362556809852,0.35359639767744994,0.6757235676705176,0.5941323358211456,0.4743562779599303,0.9695284159613059,0.2187362556809852,0.8293756687535543,0.7411281789097508,5-class margin P45-P3
0.784,0.5015516611902154,0.922360248447205,0.21771001319454625,0.3522713794330447,0.6757104045574351,0.5937401335622067,0.47359136807866165,0.969770253929867,0.21771001319454625,0.8293756687535543,0.7411281789097508,5-class margin P45-P3
0.785,0.5011865644395765,0.9232209737827716,0.2168303767775986,0.35118128932684317,0.6760641965343193,0.5935421533222939,0.4730181782092737,0.9702539298669891,0.2168303767775986,0.8293756687535543,0.7411281789097508,5-class margin P45-P3
0.786,0.5007301935012778,0.9229805886036319,0.2160973464301422,0.35020194820622474,0.6758294330986959,0.5931756381485657,0.4724183003221727,0.9702539298669891,0.2160973464301422,0.8293756687535543,0.7411281789097508,5-class margin P45-P3
0.787,0.5001825483753195,0.9226901319924575,0.21521771001319454,0.3490252020922492,0.6755468812658497,0.5927358199400918,0.47169778623130976,0.9702539298669891,0.21521771001319454,0.8293756687535543,0.7411281789097508,5-class margin P45-P3
0.788,0.49926980649872216,0.9222011385199241,0.21375164931828178,0.3470602237562485,0.6750739025932954,0.5920027895926354,0.47049532283297246,0.9702539298669891,0.21375164931828178,0.8293756687535543,0.7411281789097508,5-class margin P45-P3
0.789,0.4988134355604235,0.9230279898218829,0.21272540683184285,0.34576432741570357,0.6753886752178468,0.5917315063179771,0.46979761603420733,0.9707376058041113,0.21272540683184285,0.8293756687535543,0.7411281789097508,5-class margin P45-P3
0.79,0.4982657904344651,0.9232736572890026,0.2116991643454039,0.34442456768038165,0.6753825697007193,0.5913393040590381,0.4690260636879028,0.9709794437726723,0.2116991643454039,0.8293756687535543,0.7411281789097508,5-class margin P45-P3
0.791,0.4975355969331873,0.9234234234234234,0.2103797097199824,0.3426865671641791,0.6752832922264957,0.5908004957306079,0.4680116739196828,0.9712212817412333,0.2103797097199824,0.8293756687535543,0.7411281789097508,5-class margin P45-P3
0.792,0.49698795180722893,0.9242227979274611,0.20920686116405218,0.3411835026897788,0.6755623126908874,0.5904559094212039,0.46718878389822227,0.9717049576783555,0.20920686116405218,0.8293756687535543,0.7411281789097508,5-class margin P45-P3
0.793,0.4963490324936108,0.9244299674267101,0.208034012608122,0.33963618956438485,0.6755150580154461,0.5899904041275192,0.46629198088428747,0.9719467956469166,0.208034012608122,0.8293756687535543,0.7411281789097508,5-class margin P45-P3
0.794,0.49580138736765245,0.9246889325474787,0.20700777012168303,0.33828461907043605,0.6755165948133512,0.5895982018685804,0.46551506093598477,0.9721886336154776,0.20700777012168303,0.8293756687535543,0.7411281789097508,5-class margin P45-P3
0.795,0.4950711938663746,0.924292297564187,0.2058349215657528,0.3366906474820144,0.6751375655458955,0.5890117775906152,0.46454337855975164,0.9721886336154776,0.2058349215657528,0.8293756687535543,0.7411281789097508,5-class margin P45-P3
0.796,0.49461482292807596,0.9240422721268163,0.20510189121829644,0.3356928614277145,0.6748997634728553,0.588645262416887,0.4639354047140046,0.9721886336154776,0.20510189121829644,0.8293756687535543,0.7411281789097508,5-class margin P45-P3
0.797,0.4936108068638189,0.9246164109406271,0.20319601231490983,0.3331730769230769,0.6749549221880887,0.5879341609337548,0.4624958969076832,0.9726723095525998,0.20319601231490983,0.8293756687535543,0.7411281789097508,5-class margin P45-P3
0.798,0.4927893391748813,0.9241610738255034,0.20187655768948834,0.33136806641800026,0.6745250752605226,0.587274433621044,0.4613975836832299,0.9726723095525998,0.20187655768948834,0.8293756687535543,0.7411281789097508,5-class margin P45-P3
0.799,0.49242424242424243,0.9251012145748988,0.20099692127254068,0.33024208117547876,0.6749213060419353,0.5870764533811313,0.46080771852145974,0.9731559854897219,0.20099692127254068,0.8293756687535543,0.7411281789097508,5-class margin P45-P3
0.8,0.49160277473530484,0.924643584521385,0.1996774666471192,0.328430190499156,0.674490937046098,0.5864167260684205,0.459706356815153,0.9731559854897219,0.1996774666471192,0.8293756687535543,0.7411281789097508,5-class margin P45-P3
0.801,0.49059875867104785,0.9240766073871409,0.19806479988271514,0.3262103102740553,0.6739616236851441,0.5856103926862185,0.45835792496606864,0.9731559854897219,0.19806479988271514,0.8293756687535543,0.7411281789097508,5-class margin P45-P3
0.802,0.48977729098211026,0.9236063317274604,0.19674534525729365,0.32438965433889294,0.6735257797751266,0.5849506653735078,0.457252753551614,0.9731559854897219,0.19674534525729365,0.8293756687535543,0.7411281789097508,5-class margin P45-P3
0.803,0.48886454910551297,0.9236641221374046,0.1951326784928896,0.3221980150084725,0.6733402061028588,0.5842652509755862,0.45597080237603116,0.973397823458283,0.1951326784928896,0.8293756687535543,0.7411281789097508,5-class margin P45-P3
0.804,0.4883169039795546,0.9245283018867925,0.1939598299369594,0.3206495395055744,0.6736552270588818,0.5839206646661822,0.45512711235893655,0.973881499395405,0.1939598299369594,0.8293756687535543,0.7411281789097508,5-class margin P45-P3
0.805,0.4879518072289157,0.9243167484232656,0.19337340565899427,0.3198351115421921,0.6734607144362104,0.5836274525271996,0.4546335979256628,0.973881499395405,0.19337340565899427,0.8293756687535543,0.7411281789097508,5-class margin P45-P3
0.806,0.48722161372763784,0.9244883556810163,0.19205395103357278,0.3180383588249575,0.6733774203187554,0.5830886441987695,0.45359282282333147,0.9741233373639662,0.19205395103357278,0.8293756687535543,0.7411281789097508,5-class margin P45-P3
0.807,0.48576122672508215,0.9236259814418273,0.18970825392171237,0.31476526392605203,0.6725926872148958,0.5819157956428392,0.4516119964626608,0.9741233373639662,0.18970825392171237,0.8293756687535543,0.7411281789097508,5-class margin P45-P3
0.808,0.4853961299744432,0.9234073013600572,0.18912182964374724,0.3139449987831589,0.6723951456062761,0.5816225835038566,0.4511159198677004,0.9741233373639662,0.18912182964374724,0.8293756687535543,0.7411281789097508,5-class margin P45-P3
0.809,0.48493975903614456,0.924963924963925,0.18794898108781705,0.3124162300475204,0.6730880230880231,0.5813989161787332,0.45033434632620456,0.9748488512696494,0.18794898108781705,0.8293756687535543,0.7411281789097508,5-class margin P45-P3
0.81,0.4844833880978459,0.9259259259259259,0.1869227386013781,0.3110514759697487,0.673475542564174,0.5811276329040748,0.4496047812982767,0.9753325272067714,0.1869227386013781,0.8293756687535543,0.7411281789097508,5-class margin P45-P3
0.811,0.484118291347207,0.9263311451495259,0.1861897082539217,0.31005859375,0.67359854075421,0.5808820367146271,0.44905262049016037,0.9755743651753326,0.1861897082539217,0.8293756687535543,0.7411281789097508,5-class margin P45-P3
0.812,0.4835706462212486,0.9266324284666178,0.18516346576748277,0.3086510263929619,0.6736258149838561,0.5804898344556881,0.4482503383713061,0.9758162031438936,0.18516346576748277,0.8293756687535543,0.7411281789097508,5-class margin P45-P3
0.8130000000000001,0.4824753559693319,0.9259807549962991,0.18340419293358745,0.30616740088105726,0.673037228096796,0.5796101980387405,0.446751822711271,0.9758162031438936,0.18340419293358745,0.8293756687535543,0.7411281789097508,5-class margin P45-P3
0.8140000000000001,0.4822015334063527,0.9277198211624441,0.1825245565166398,0.30503491363469315,0.6738661514799115,0.5795331367831082,0.446211543660026,0.9765417170495768,0.1825245565166398,0.8293756687535543,0.7411281789097508,5-class margin P45-P3
0.8150000000000001,0.4813800657174151,0.927231807951988,0.1812051018912183,0.3031640912435614,0.6734257345901475,0.5788734094703976,0.4450840081163293,0.9765417170495768,0.1812051018912183,0.8293756687535543,0.7411281789097508,5-class margin P45-P3
0.8160000000000001,0.4810149689667762,0.9283018867924528,0.18032546547427064,0.30198870611342993,0.673890326637842,0.5786754292304848,0.4444710347362152,0.9770253929866989,0.18032546547427064,0.8293756687535543,0.7411281789097508,5-class margin P45-P3
0.8170000000000001,0.4795545819642205,0.928079571537873,0.17783316229291893,0.2984744094488189,0.673439723586327,0.5775501966240895,0.4424031942775145,0.97726723095526,0.17783316229291893,0.8293756687535543,0.7411281789097508,5-class margin P45-P3
0.8180000000000001,0.4789156626506024,0.9296754250386399,0.17636710159800617,0.2964879852125693,0.6741111548708,0.5771799232294746,0.44135118982307087,0.9779927448609431,0.17636710159800617,0.8293756687535543,0.7411281789097508,5-class margin P45-P3
0.8190000000000001,0.4785505658999635,0.9307931570762052,0.17548746518105848,0.29530035771555446,0.6746003013922908,0.5769819429895618,0.44073239544596987,0.9784764207980653,0.17548746518105848,0.8293756687535543,0.7411281789097508,5-class margin P45-P3
0.8200000000000001,0.4779116465863454,0.9317647058823529,0.174168010555637,0.29347826086956524,0.6749516639627652,0.5765640536454122,0.43973276100803105,0.9789600967351875,0.174168010555637,0.8293756687535543,0.7411281789097508,5-class margin P45-P3
0.8210000000000001,0.47718145308506754,0.9313338595106551,0.1729951619997068,0.29179030662710187,0.6745636167199266,0.5759776293674471,0.43871922738762503,0.9789600967351875,0.1729951619997068,0.8293756687535543,0.7411281789097508,5-class margin P45-P3
0.8220000000000001,0.47635998539612995,0.9308426073131956,0.1716757073742853,0.28988736229731404,0.6741241289814071,0.5753179020547364,0.43757723858377595,0.9789600967351875,0.1716757073742853,0.8293756687535543,0.7411281789097508,5-class margin P45-P3
0.8230000000000001,0.4758123402701716,0.9312,0.17064946488784635,0.2884400941642919,0.6741823202143005,0.5749256997957974,0.4367567135079822,0.9792019347037485,0.17064946488784635,0.8293756687535543,0.7411281789097508,5-class margin P45-P3
0.8240000000000001,0.47544724351953266,0.9309791332263242,0.17006304060988126,0.28759142184207265,0.6739859620817512,0.5746324876568148,0.43624785971121327,0.9792019347037485,0.17006304060988126,0.8293756687535543,0.7411281789097508,5-class margin P45-P3
0.8250000000000001,0.47426067907995617,0.9309504467912266,0.16801055563700337,0.2846497764530551,0.6737014444753049,0.5737271641546564,0.43453268043431975,0.9794437726723095,0.16801055563700337,0.8293756687535543,0.7411281789097508,5-class margin P45-P3
0.8260000000000001,0.47353048557867833,0.9312039312039312,0.16669110101158188,0.2827654812235762,0.6736656533266703,0.5731883558262262,0.4334519547430066,0.9796856106408706,0.16669110101158188,0.8293756687535543,0.7411281789097508,5-class margin P45-P3
0.8270000000000001,0.4730741146403797,0.930921052631579,0.1659580706641255,0.28169715067811374,0.6734174051658921,0.5728218406524981,0.4328125393030208,0.9796856106408706,0.1659580706641255,0.8293756687535543,0.7411281789097508,5-class margin P45-P3
0.8280000000000001,0.4727090178897408,0.9306930693069307,0.1653716463861604,0.2808415286941367,0.6732180453267002,0.5725286285135155,0.43230058277779104,0.9796856106408706,0.1653716463861604,0.8293756687535543,0.7411281789097508,5-class margin P45-P3
0.8290000000000001,0.47252646951442134,0.9327242524916943,0.164638616038704,0.2798753894080997,0.6742169252614337,0.5725248702926289,0.4318653968715447,0.9804111245465538,0.164638616038704,0.8293756687535543,0.7411281789097508,5-class margin P45-P3
0.8300000000000001,0.4715224534501643,0.9321039396479464,0.16302594927429995,0.2775143498876965,0.6736725782435163,0.5717185369104268,0.4304538219434165,0.9804111245465538,0.16302594927429995,0.8293756687535543,0.7411281789097508,5-class margin P45-P3
0.8310000000000001,0.47115735669952535,0.934801016088061,0.16185310071836975,0.2759310172456886,0.6749708405248489,0.571615788569584,0.42969807512176594,0.9813784764207981,0.16185310071836975,0.8293756687535543,0.7411281789097508,5-class margin P45-P3
0.8320000000000001,0.47051843738590726,0.934412265758092,0.1608268582319308,0.2744215134459037,0.6746279280129654,0.5711026673263645,0.4287965870024661,0.9813784764207981,0.1608268582319308,0.8293756687535543,0.7411281789097508,5-class margin P45-P3
0.833,0.46987951807228917,0.934763948497854,0.15965400967600057,0.2727272727272727,0.6746641721858078,0.5706371620326799,0.4278328306764326,0.9816203143893591,0.15965400967600057,0.8293756687535543,0.7411281789097508,5-class margin P45-P3
0.834,0.46914932457101133,0.935064935064935,0.15833455505057908,0.2708124373119358,0.6746541898057049,0.5700983537042497,0.42673802118180026,0.9818621523579202,0.15833455505057908,0.8293756687535543,0.7411281789097508,5-class margin P45-P3
0.835,0.46796276013143484,0.9343257443082311,0.1564286761471925,0.2679894512118548,0.674010233067097,0.5691454142525564,0.4250550166662185,0.9818621523579202,0.1564286761471925,0.8293756687535543,0.7411281789097508,5-class margin P45-P3
0.836,0.46768893756845564,0.9364518976169461,0.15554903973024484,0.266784008046266,0.6750364954846413,0.5690683529969242,0.4244795523824968,0.9825876662636034,0.15554903973024484,0.8293756687535543,0.7411281789097508,5-class margin P45-P3
0.837,0.46677619569185835,0.936663693131133,0.15393637296584078,0.2644170234197935,0.6749408958792421,0.5683829385990026,0.4231176026189877,0.9828295042321644,0.15393637296584078,0.8293756687535543,0.7411281789097508,5-class margin P45-P3
0.838,0.4663198247535597,0.9363799283154122,0.1532033426183844,0.26332367393221623,0.6746940291983565,0.5680164234252744,0.4224668459106519,0.9828295042321644,0.1532033426183844,0.8293756687535543,0.7411281789097508,5-class margin P45-P3
0.839,0.46622855056589996,0.9378937893789379,0.15276352440991056,0.2627332324760464,0.6754476564974933,0.5680383522895985,0.4222106791850904,0.9833131801692866,0.15276352440991056,0.8293756687535543,0.7411281789097508,5-class margin P45-P3
0.84,0.46586345381526106,0.9376693766937669,0.15217710013194546,0.26185671039354186,0.675251583463139,0.5677451401506161,0.42168922476198833,0.9833131801692866,0.15217710013194546,0.8293756687535543,0.7411281789097508,5-class margin P45-P3
0.841,0.4654070828769624,0.9373865698729582,0.15144406978448907,0.2607598132020699,0.6750054424359717,0.5673786249768878,0.42103685134333246,0.9833131801692866,0.15144406978448907,0.8293756687535543,0.7411281789097508,5-class margin P45-P3
0.842,0.4651332603139832,0.9372156505914467,0.15100425157601524,0.2601010101010101,0.674857191228563,0.5671587158726509,0.4206451305507909,0.9833131801692866,0.15100425157601524,0.8293756687535543,0.7411281789097508,5-class margin P45-P3
0.843,0.4644030668127054,0.9399815327793167,0.14924497874211992,0.2575910931174089,0.6761084611126402,0.5667627553928254,0.4193438046969112,0.9842805320435308,0.14924497874211992,0.8293756687535543,0.7411281789097508,5-class margin P45-P3
0.844,0.46339905074844834,0.9393656716417911,0.14763231197771587,0.255162802483213,0.6755711401511262,0.5659564220106234,0.41790168086212154,0.9842805320435308,0.14763231197771587,0.8293756687535543,0.7411281789097508,5-class margin P45-P3
0.845,0.46257758305951074,0.9388523047977423,0.14631285735229438,0.25317097919837644,0.6751271531064421,0.5652966946979125,0.41671950727811613,0.9842805320435308,0.14631285735229438,0.8293756687535543,0.7411281789097508,5-class margin P45-P3
0.846,0.4620299379335524,0.9401709401709402,0.14514000879636416,0.25146050292100586,0.6756797344498041,0.5649521083885086,0.4158000619748212,0.984764207980653,0.14514000879636416,0.8293756687535543,0.7411281789097508,5-class margin P45-P3
0.847,0.4611171960569551,0.9395973154362416,0.1436739481014514,0.24923702950152593,0.6751855234499881,0.5642190780410522,0.4144818404910819,0.984764207980653,0.1436739481014514,0.8293756687535543,0.7411281789097508,5-class margin P45-P3
0.848,0.46047827674333697,0.9391891891891891,0.14264770561501247,0.2476772304950999,0.6748365300784656,0.5637059567978328,0.41355757647131375,0.984764207980653,0.14264770561501247,0.8293756687535543,0.7411281789097508,5-class margin P45-P3
0.849,0.45947426067908,0.9385365853658536,0.14103503885060842,0.24522049451950037,0.6742828934280682,0.5628996234156307,0.41210264026415794,0.984764207980653,0.14103503885060842,0.8293756687535543,0.7411281789097508,5-class margin P45-P3
0.85,0.4583789704271632,0.9395441030723488,0.13898255387773054,0.2421455938697318,0.6745574139570047,0.5621152188977528,0.41037829331322123,0.9852478839177751,0.13898255387773054,0.8293756687535543,0.7411281789097508,5-class margin P45-P3
0.851,0.4574662285505659,0.9407035175879397,0.13722328104383522,0.23950870010235414,0.6749496907285146,0.5614774204493662,0.4089143954541283,0.9857315598548972,0.13722328104383522,0.8293756687535543,0.7411281789097508,5-class margin P45-P3
0.852,0.4569185834246075,0.9412360688956434,0.1361970385573963,0.2379610655737705,0.6751019345381015,0.5610852181904273,0.40804746415387333,0.9859733978234583,0.1361970385573963,0.8293756687535543,0.7411281789097508,5-class margin P45-P3
0.853,0.45618838992332966,0.940755873340143,0.13502419000146607,0.23615384615384616,0.6746978725225321,0.5604987939124622,0.40697998430141286,0.9859733978234583,0.13502419000146607,0.8293756687535543,0.7411281789097508,5-class margin P45-P3
0.854,0.45554947060971157,0.9403292181069959,0.1339979475150271,0.23456948543564737,0.6743412917458056,0.5599856726692427,0.406044569901052,0.9859733978234583,0.1339979475150271,0.8293756687535543,0.7411281789097508,5-class margin P45-P3
0.855,0.4551843738590727,0.941908713692946,0.13311831109807945,0.23326910725754657,0.675067647478979,0.5597876924293299,0.40537243145138246,0.9864570737605804,0.13311831109807945,0.8293756687535543,0.7411281789097508,5-class margin P45-P3
0.856,0.45472800292077403,0.9425287356321839,0.1322386746811318,0.23193623039341732,0.6752847698562959,0.5594687932051366,0.4046337441764738,0.9866989117291415,0.1322386746811318,0.8293756687535543,0.7411281789097508,5-class margin P45-P3
0.857,0.45445418035779483,0.9442105263157895,0.13150564433367543,0.23085831939261356,0.6760828765898356,0.5593441159999696,0.4040933277183703,0.9871825876662637,0.13150564433367543,0.8293756687535543,0.7411281789097508,5-class margin P45-P3
0.858,0.45390653523183644,0.9447983014861996,0.13047940184723647,0.22929279917557646,0.6762637403176954,0.5589519137410306,0.40321803009171076,0.9874244256348247,0.13047940184723647,0.8293756687535543,0.7411281789097508,5-class margin P45-P3
0.859,0.45299379335523915,0.944206008583691,0.1290133411523237,0.22700889978073005,0.6757642173804329,0.5582188833935742,0.40187227247670587,0.9874244256348247,0.1290133411523237,0.8293756687535543,0.7411281789097508,5-class margin P45-P3
0.86,0.45271997079225995,0.9459459459459459,0.12828031080486732,0.22592305706170926,0.6765917547494659,0.558094206188407,0.40132803989609533,0.9879081015719468,0.12828031080486732,0.8293756687535543,0.7411281789097508,5-class margin P45-P3
0.861,0.4514421321650237,0.9470782800441014,0.1259346136930069,0.22230848861283645,0.6768927075412069,0.5571631956010379,0.39929581227032124,0.9883917775090689,0.1259346136930069,0.8293756687535543,0.7411281789097508,5-class margin P45-P3
0.862,0.4505293902884264,0.9464882943143813,0.12446855299809412,0.220005182689816,0.6763955538576579,0.5564301652535815,0.39794115693600285,0.9883917775090689,0.12446855299809412,0.8293756687535543,0.7411281789097508,5-class margin P45-P3
0.863,0.44989047097480833,0.9480812641083521,0.12314909837267263,0.21798365122615804,0.6770694304652982,0.5560122759094319,0.39684821420864397,0.9888754534461911,0.12314909837267263,0.8293756687535543,0.7411281789097508,5-class margin P45-P3
0.864,0.44925155166119024,0.9486887115165337,0.12197624981674242,0.21616004156923876,0.6772414685670772,0.5555467706157473,0.39582449806054454,0.9891172914147521,0.12197624981674242,0.8293756687535543,0.7411281789097508,5-class margin P45-P3
0.865,0.4486126323475721,0.9493087557603687,0.1208034012608122,0.2143321628300169,0.677420040053063,0.5550812653220627,0.3947987890013123,0.9893591293833132,0.1208034012608122,0.8293756687535543,0.7411281789097508,5-class margin P45-P3
0.866,0.44815626140927345,0.9511059371362048,0.11977715877437325,0.21276041666666667,0.6782369341024195,0.5548099820474043,0.3939715517847105,0.9898428053204353,0.11977715877437325,0.8293756687535543,0.7411281789097508,5-class margin P45-P3
0.867,0.4474260679079956,0.9506462984723855,0.11860431021844305,0.21089676746611052,0.6778466524524223,0.5542235577694392,0.3928781590139541,0.9898428053204353,0.11860431021844305,0.8293756687535543,0.7411281789097508,5-class margin P45-P3
0.868,0.4465133260313983,0.9500594530321046,0.11713824952353027,0.20856173322892196,0.6773530087701304,0.5534905274219828,0.3915089367898996,0.9898428053204353,0.11713824952353027,0.8293756687535543,0.7411281789097508,5-class margin P45-P3
0.869,0.445600584154801,0.9505428226779252,0.11552558275912622,0.20601307189542484,0.6774043233563419,0.5528051130240613,0.3900630497606419,0.9900846432889964,0.11552558275912622,0.8293756687535543,0.7411281789097508,5-class margin P45-P3
0.87,0.4451442132165024,0.9513381995133819,0.11464594634217856,0.20463168912730603,0.6777117285311137,0.552486213799868,0.38930161791847817,0.9903264812575574,0.11464594634217856,0.8293756687535543,0.7411281789097508,5-class margin P45-P3
0.871,0.44441401971522454,0.9508599508599509,0.11347309778624835,0.20275049115913557,0.6773132331700662,0.5518997895219029,0.3882002088071366,0.9903264812575574,0.11347309778624835,0.8293756687535543,0.7411281789097508,5-class margin P45-P3
0.872,0.4433187294633078,0.95125,0.11156721888286175,0.19971132397323185,0.6772791945647894,0.5510677690544902,0.3864696148240661,0.9905683192261185,0.11156721888286175,0.8293756687535543,0.7411281789097508,5-class margin P45-P3
0.873,0.44258853596202996,0.9507575757575758,0.11039437032693153,0.19781951924339944,0.6768742621015349,0.550481344776525,0.3853633577754168,0.9905683192261185,0.11039437032693153,0.8293756687535543,0.7411281789097508,5-class margin P45-P3
0.874,0.4415845198977729,0.9523809523809523,0.10848849142354494,0.19478810213214004,0.6774872636941602,0.5497702432933927,0.3836871906496944,0.9910519951632406,0.10848849142354494,0.8293756687535543,0.7411281789097508,5-class margin P45-P3
0.875,0.44094560058415483,0.951948051948052,0.107462248937106,0.19312343564747728,0.6771324787523492,0.5492571220501733,0.3827149194158062,0.9910519951632406,0.107462248937106,0.8293756687535543,0.7411281789097508,5-class margin P45-P3
0.876,0.44067177802117563,0.9541284403669725,0.10672921858964961,0.19198312236286919,0.6781826347817399,0.5491324448450062,0.3821445483394469,0.9915356711003628,0.10672921858964961,0.8293756687535543,0.7411281789097508,5-class margin P45-P3
0.877,0.44039795545819643,0.9539473684210527,0.10628940038117578,0.1912676427911885,0.6780329231277488,0.5489125357407693,0.3817269063163953,0.9915356711003628,0.10628940038117578,0.8293756687535543,0.7411281789097508,5-class margin P45-P3
0.878,0.43921139101861995,0.9531459170013387,0.10438352147778918,0.18816067653276955,0.677376171352075,0.547959596289076,0.37991413637012156,0.9915356711003628,0.10438352147778918,0.8293756687535543,0.7411281789097508,5-class margin P45-P3
0.879,0.43893756845564075,0.954177897574124,0.10379709719982408,0.18722729075763586,0.6778428160281037,0.547787303134374,0.3794175341515547,0.9917775090689238,0.10379709719982408,0.8293756687535543,0.7411281789097508,5-class margin P45-P3
0.88,0.4382073749543629,0.9536784741144414,0.10262424864389386,0.18530774321641297,0.6774359891605273,0.5472008788564089,0.3782985048881396,0.9917775090689238,0.10262424864389386,0.8293756687535543,0.7411281789097508,5-class margin P45-P3
0.881,0.4373859072654253,0.953103448275862,0.10130479401847237,0.18314338722501988,0.6769720154095564,0.5465411515436981,0.3770373764748237,0.9917775090689238,0.10130479401847237,0.8293756687535543,0.7411281789097508,5-class margin P45-P3
0.882,0.4367469879518072,0.9539106145251397,0.10013194546254214,0.1812392198487462,0.6772482760125699,0.5460756462500135,0.3759761316635035,0.9920193470374848,0.10013194546254214,0.8293756687535543,0.7411281789097508,5-class margin P45-P3
0.883,0.4359255202628697,0.9533239038189534,0.09881249083712065,0.17906482465462273,0.6767790365030956,0.5454159189373028,0.3747103878556762,0.9920193470374848,0.09881249083712065,0.8293756687535543,0.7411281789097508,5-class margin P45-P3
0.884,0.43492150419861264,0.9525862068965517,0.09719982407271661,0.17640015963815353,0.6761956375613363,0.5446095855551008,0.3731601353939291,0.9920193470374848,0.09719982407271661,0.8293756687535543,0.7411281789097508,5-class margin P45-P3
0.885,0.434465133260314,0.9522431259044862,0.09646679372526022,0.1751863684771033,0.6759267261280834,0.5442430703813725,0.3724542953496628,0.9920193470374848,0.09646679372526022,0.8293756687535543,0.7411281789097508,5-class margin P45-P3
0.886,0.4335523913837167,0.9515418502202643,0.09500073303034745,0.17275393228472408,0.6753816307062392,0.5435100400339161,0.37104039431724056,0.9920193470374848,0.09500073303034745,0.8293756687535543,0.7411281789097508,5-class margin P45-P3
0.887,0.43309602044541806,0.9525222551928784,0.09412109661339979,0.17131420947298198,0.6757845666160851,0.5431911408097229,0.37025168058444824,0.992261185006046,0.09412109661339979,0.8293756687535543,0.7411281789097508,5-class margin P45-P3
0.888,0.43254837531945967,0.9534534534534534,0.09309485412696085,0.16962735408040605,0.676143636347718,0.542798938550784,0.36931974289808867,0.992503022974607,0.09309485412696085,0.8293756687535543,0.7411281789097508,5-class margin P45-P3
0.889,0.4314530850675429,0.9525993883792049,0.09133558129306553,0.16668896321070234,0.6754843185343898,0.5419193021338363,0.36761406669920726,0.992503022974607,0.09133558129306553,0.8293756687535543,0.7411281789097508,5-class margin P45-P3
0.89,0.43099671412924423,0.9536321483771252,0.09045594487611787,0.16523835029459025,0.675913949831205,0.541600402909643,0.3668202274873671,0.992744860943168,0.09045594487611787,0.8293756687535543,0.7411281789097508,5-class margin P45-P3
0.891,0.4302665206279664,0.9530516431924883,0.08928309632018766,0.16327077747989277,0.6754693129212417,0.5410139786316779,0.3656791197114382,0.992744860943168,0.08928309632018766,0.8293756687535543,0.7411281789097508,5-class margin P45-P3
0.892,0.4295363271266886,0.9553429027113237,0.08781703562527489,0.1608485499462943,0.6764806293980667,0.5405227862527826,0.36437062453066926,0.9932285368802902,0.08781703562527489,0.8293756687535543,0.7411281789097508,5-class margin P45-P3
0.893,0.428714859437751,0.9561688311688312,0.08635097493036212,0.15839720317332256,0.6767304504006632,0.5399106748896066,0.3629982561635179,0.9934703748488513,0.08635097493036212,0.8293756687535543,0.7411281789097508,5-class margin P45-P3
0.894,0.4278021175611537,0.9554455445544554,0.08488491423544935,0.15591759795341323,0.6761768785574209,0.5391776445421503,0.36156252697118363,0.9934703748488513,0.08488491423544935,0.8293756687535543,0.7411281789097508,5-class margin P45-P3
0.895,0.4267981014968967,0.9561551433389545,0.08312564140155403,0.15295387105476127,0.6763309731941323,0.5384189271094831,0.35989533806566176,0.9937122128174123,0.08312564140155403,0.8293756687535543,0.7411281789097508,5-class margin P45-P3
0.896,0.4265242789339175,0.9606164383561644,0.08224600498460637,0.15151924375422013,0.6785342122363159,0.5383418658538509,0.35920899114711763,0.9944377267230955,0.08224600498460637,0.8293756687535543,0.7411281789097508,5-class margin P45-P3
0.897,0.425337714494341,0.9629629629629629,0.0800469139422372,0.14780725500812128,0.6794793638570711,0.5374841583012274,0.35715892907387614,0.9949214026602177,0.0800469139422372,0.8293756687535543,0.7411281789097508,5-class margin P45-P3
0.898,0.42433369843008395,0.9638989169675091,0.07828764110834188,0.1448135593220339,0.6797479587721607,0.5367254408685603,0.3554775645547364,0.9951632406287787,0.07828764110834188,0.8293756687535543,0.7411281789097508,5-class margin P45-P3
0.899,0.42342095655348666,0.9632352941176471,0.07682158041342911,0.14229463679565513,0.6792261756796456,0.5359924105211039,0.3540235128021721,0.9951632406287787,0.07682158041342911,0.8293756687535543,0.7411281789097508,5-class margin P45-P3
0.9,0.4228733114275283,0.9628252788104089,0.07594194399648145,0.14077999728223944,0.678907360080958,0.5355525923126301,0.3531495671149739,0.9951632406287787,0.07594194399648145,0.8293756687535543,0.7411281789097508,5-class margin P45-P3
0.901,0.4221431179262505,0.9640151515151515,0.07462248937105996,0.13852224792488774,0.6793608553893364,0.5350137839841999,0.35189519661231,0.9954050785973397,0.07462248937105996,0.8293756687535543,0.7411281789097508,5-class margin P45-P3
0.902,0.4213216502373129,0.9633911368015414,0.07330303474563847,0.1362397820163488,0.67887866699232,0.534354056671489,0.3505794023998845,0.9954050785973397,0.07330303474563847,0.8293756687535543,0.7411281789097508,5-class margin P45-P3
0.903,0.42022635998539615,0.9643564356435643,0.07139715584225187,0.13295113295113295,0.6791450152574343,0.5335220362040763,0.34873252520311343,0.9956469165659009,0.07139715584225187,0.8293756687535543,0.7411281789097508,5-class margin P45-P3
0.904,0.419587440671778,0.963855421686747,0.07037091335581293,0.1311654597622626,0.6787626697265252,0.5330089149608569,0.34770429501509964,0.9956469165659009,0.07037091335581293,0.8293756687535543,0.7411281789097508,5-class margin P45-P3
0.905,0.418583424607521,0.9630390143737166,0.06875824659140889,0.12835249042145594,0.6781476474103754,0.5322025815786549,0.3460853112200405,0.9956469165659009,0.06875824659140889,0.8293756687535543,0.7411281789097508,5-class margin P45-P3
0.906,0.41767068273092367,0.9622641509433962,0.06729218589649612,0.12578788709235406,0.6775725755194126,0.5314695512311985,0.34461010613000076,0.9956469165659009,0.06729218589649612,0.8293756687535543,0.7411281789097508,5-class margin P45-P3
0.907,0.4166666666666667,0.9613733905579399,0.06567951913209207,0.12295869356388088,0.676921204335214,0.5306632178489965,0.34298362028621393,0.9956469165659009,0.06567951913209207,0.8293756687535543,0.7411281789097508,5-class margin P45-P3
0.908,0.4161190215407083,0.962882096069869,0.06465327664565312,0.12117049045198516,0.6775736447200174,0.5302710155900575,0.3420039563583646,0.9958887545344619,0.06465327664565312,0.8293756687535543,0.7411281789097508,5-class margin P45-P3
0.909,0.415206279664111,0.9620535714285714,0.06318721595074037,0.11858577520979502,0.6769727316602316,0.5295379852426011,0.3405194122241695,0.9958887545344619,0.06318721595074037,0.8293756687535543,0.7411281789097508,5-class margin P45-P3
0.91,0.41420226359985396,0.9610983981693364,0.061574549186336314,0.11573436208321852,0.6762902391074841,0.528731651860399,0.33888260345187265,0.9958887545344619,0.061574549186336314,0.8293756687535543,0.7411281789097508,5-class margin P45-P3
0.911,0.41365461847389556,0.9627039627039627,0.06054830669989737,0.11393103448275863,0.6769917647660595,0.5283394496014602,0.3378958132446531,0.9961305925030229,0.06054830669989737,0.8293756687535543,0.7411281789097508,5-class margin P45-P3
0.912,0.4129244249726177,0.964200477326969,0.05922885207447588,0.11160220994475138,0.6776018045740853,0.52780064127303,0.3366080842526374,0.9963724304715841,0.05922885207447588,0.8293756687535543,0.7411281789097508,5-class margin P45-P3
0.913,0.41228550565899963,0.9658536585365853,0.05805600351854567,0.10952841930576683,0.678308964675082,0.5273351359793453,0.3354671590432519,0.9966142684401451,0.05805600351854567,0.8293756687535543,0.7411281789097508,5-class margin P45-P3
0.914,0.41137276378240234,0.965,0.056589942823632895,0.10691040022157595,0.6776970443349754,0.526602105631889,0.3339670781313448,0.9966142684401451,0.056589942823632895,0.8293756687535543,0.7411281789097508,5-class margin P45-P3
0.915,0.4100949251551661,0.9637305699481865,0.05453745785075502,0.1032329679478285,0.6768037901774991,0.52557586314545,0.3318612986627956,0.9966142684401451,0.05453745785075502,0.8293756687535543,0.7411281789097508,5-class margin P45-P3
0.916,0.4097298284045272,0.9657894736842105,0.053804427503298634,0.10193028746007499,0.6777699259495182,0.5253302669560024,0.3311636346551955,0.9968561064087061,0.053804427503298634,0.8293756687535543,0.7411281789097508,5-class margin P45-P3
0.917,0.4091821832785688,0.967741935483871,0.0527781850168597,0.10009731683581259,0.6786461000170678,0.5249380646970634,0.33016279660664194,0.9970979443772672,0.0527781850168597,0.8293756687535543,0.7411281789097508,5-class margin P45-P3
0.918,0.4083607155896313,0.9695290858725761,0.05131212432194693,0.09746588693957114,0.6793846467588459,0.5243259533338877,0.32870578800474826,0.9973397823458283,0.05131212432194693,0.8293756687535543,0.7411281789097508,5-class margin P45-P3
0.919,0.4080868930266521,0.9719101123595506,0.050725700043981824,0.09641911662254424,0.6805305278778885,0.5241536601791856,0.32815526581042376,0.9975816203143894,0.050725700043981824,0.8293756687535543,0.7411281789097508,5-class margin P45-P3
0.92,0.40763052208835343,0.9742120343839542,0.04984606362703416,0.09483960948396095,0.6816002191340909,0.5238347609549923,0.327300417955927,0.9978234582829504,0.04984606362703416,0.8293756687535543,0.7411281789097508,5-class margin P45-P3
0.921,0.40680905439941584,0.9735294117647059,0.04852660900161267,0.09244518921938277,0.6810940201250055,0.5231750336422816,0.32593244478934025,0.9978234582829504,0.04852660900161267,0.8293756687535543,0.7411281789097508,5-class margin P45-P3
0.922,0.40626140927345744,0.9730538922155688,0.04764697258466501,0.09084556254367575,0.6807464904497162,0.5227352154338077,0.32501890514525383,0.9978234582829504,0.04764697258466501,0.8293756687535543,0.7411281789097508,5-class margin P45-P3
0.923,0.4057137641474991,0.9725609756097561,0.04676733616771735,0.0892432508043083,0.6803903861865115,0.5222953972253339,0.32410411541095996,0.9978234582829504,0.04676733616771735,0.8293756687535543,0.7411281789097508,5-class margin P45-P3
0.924,0.40507484483388095,0.9719626168224299,0.045741093681278405,0.08737048445813497,0.679963442872898,0.5217822759821144,0.32303527608147103,0.9978234582829504,0.045741093681278405,0.8293756687535543,0.7411281789097508,5-class margin P45-P3
0.925,0.4048010222709018,0.9716981132075472,0.045301275472804575,0.08656674604286314,0.6797764865718127,0.5215623668778775,0.3225766783757943,0.9978234582829504,0.045301275472804575,0.8293756687535543,0.7411281789097508,5-class margin P45-P3
0.926,0.40416210295728366,0.9741100323624595,0.04412842691687436,0.0844319775596073,0.680865479222462,0.521096861584193,0.3214068966407156,0.9980652962515115,0.04412842691687436,0.8293756687535543,0.7411281789097508,5-class margin P45-P3
0.927,0.403705732018985,0.9736842105263158,0.043395396569417974,0.08308771929824561,0.6805615945609423,0.5207303464104648,0.3206403633347927,0.9980652962515115,0.043395396569417974,0.8293756687535543,0.7411281789097508,5-class margin P45-P3
0.928,0.4028842643300475,0.9728813559322034,0.042075941943996484,0.08066329398538505,0.6799966295653888,0.520070619097754,0.3192583839486266,0.9980652962515115,0.042075941943996484,0.8293756687535543,0.7411281789097508,5-class margin P45-P3
0.929,0.40242789339174884,0.9756944444444444,0.04119630552704882,0.07905471936981291,0.6813230377452818,0.5197517198735607,0.3183897524431311,0.9983071342200726,0.04119630552704882,0.8293756687535543,0.7411281789097508,5-class margin P45-P3
0.93,0.4017889740781307,0.978494623655914,0.0400234569711186,0.07690140845070423,0.682606869756214,0.5192862145798761,0.3172111687136049,0.9985489721886336,0.0400234569711186,0.8293756687535543,0.7411281789097508,5-class margin P45-P3
0.931,0.4008762322015334,0.9776951672862454,0.03855739627620584,0.07418899858956277,0.6820262118830404,0.5185531842324197,0.3156668916844724,0.9985489721886336,0.03855739627620584,0.8293756687535543,0.7411281789097508,5-class margin P45-P3
0.932,0.400328587075575,0.9808429118773946,0.037531153789766895,0.07229596159277041,0.6835023348540783,0.5181609819734808,0.3146375290094668,0.9987908101571947,0.037531153789766895,0.8293756687535543,0.7411281789097508,5-class margin P45-P3
0.933,0.4002373128879153,0.98828125,0.037091335581293065,0.0714992228345344,0.6872247371495327,0.5181829108378049,0.31428011360803226,0.9992744860943168,0.037091335581293065,0.8293756687535543,0.7411281789097508,5-class margin P45-P3
0.934,0.39978094194961666,0.9880478087649402,0.03635830523383668,0.07013574660633484,0.687017832453465,0.5178163956640768,0.3135045309851081,0.9992744860943168,0.03635830523383668,0.8293756687535543,0.7411281789097508,5-class margin P45-P3
0.935,0.39923329682365827,0.9877551020408163,0.03547866881688902,0.06849702802151146,0.6867633693380255,0.517376577455603,0.3125726417219237,0.9992744860943168,0.03547866881688902,0.8293756687535543,0.7411281789097508,5-class margin P45-P3
0.936,0.3985031033223804,0.9873417721518988,0.034305820260958804,0.06630773590252197,0.6864127463241069,0.5167901531776378,0.31132809711512255,0.9992744860943168,0.034305820260958804,0.8293756687535543,0.7411281789097508,5-class margin P45-P3
0.937,0.39813800657174153,0.9871244635193133,0.03371939598299369,0.0652112276722427,0.6862321935240883,0.5164969410386553,0.3107049542587893,0.9992744860943168,0.03371939598299369,0.8293756687535543,0.7411281789097508,5-class margin P45-P3
0.9380000000000001,0.3976816356334429,0.9868421052631579,0.032986365635537314,0.06383884238899135,0.6860012166882531,0.5161304258649271,0.3099252073749438,0.9992744860943168,0.032986365635537314,0.8293756687535543,0.7411281789097508,5-class margin P45-P3
0.9390000000000001,0.3971339905074845,0.9864864864864865,0.03210672921858965,0.06218940792276019,0.6857157604781976,0.5156906076564532,0.3089883081042276,0.9992744860943168,0.03210672921858965,0.8293756687535543,0.7411281789097508,5-class margin P45-P3
0.9400000000000001,0.39695144213216504,0.9908256880733946,0.03166691101011582,0.061372354027560735,0.6878602271620465,0.5155916175364968,0.30857227934686715,0.9995163240628778,0.03166691101011582,0.8293756687535543,0.7411281789097508,5-class margin P45-P3
0.9410000000000001,0.3953085067542899,0.99,0.029028001759272833,0.05640222190571144,0.6871253253997769,0.5142721629110754,0.30575130905909437,0.9995163240628778,0.029028001759272833,0.8293756687535543,0.7411281789097508,5-class margin P45-P3
0.9420000000000001,0.3947608616283315,0.9896907216494846,0.028148365342325173,0.05473984319315752,0.6868635730529526,0.5138323447026015,0.30480833201478374,0.9995163240628778,0.028148365342325173,0.8293756687535543,0.7411281789097508,5-class margin P45-P3
0.9430000000000001,0.39439576487769257,0.9894736842105263,0.027561941064360065,0.05363000998431037,0.6866837118804814,0.5135391325636189,0.30417894029851045,0.9995163240628778,0.027561941064360065,0.8293756687535543,0.7411281789097508,5-class margin P45-P3
0.9440000000000001,0.3938481197517342,0.9891304347826086,0.026682304647412402,0.05196288365453248,0.6864051728313341,0.5130993143551451,0.3032337394055852,0.9995163240628778,0.026682304647412402,0.8293756687535543,0.7411281789097508,5-class margin P45-P3
0.9450000000000001,0.3933917488134356,0.9888268156424581,0.02594927429995602,0.05057142857142857,0.686164358920793,0.5127327991814169,0.3024450490496628,0.9995163240628778,0.02594927429995602,0.8293756687535543,0.7411281789097508,5-class margin P45-P3
0.9460000000000001,0.3922964585615188,0.9880239520958084,0.024190001466060696,0.047223812249570694,0.6855496533117841,0.5118531627644692,0.30054838428077574,0.9995163240628778,0.024190001466060696,0.8293756687535543,0.7411281789097508,5-class margin P45-P3
0.9470000000000001,0.3920226359985396,0.9878048780487805,0.023750183257586863,0.046385110952040086,0.6853868719376593,0.5116332536602324,0.3000733754666411,0.9995163240628778,0.023750183257586863,0.8293756687535543,0.7411281789097508,5-class margin P45-P3
0.9480000000000001,0.39147499087258125,0.9873417721518988,0.022870546840639203,0.044705545207049724,0.6850489190450177,0.5111934354517585,0.29912234335287197,0.9995163240628778,0.022870546840639203,0.8293756687535543,0.7411281789097508,5-class margin P45-P3
0.9490000000000001,0.3907447973713034,0.9866666666666667,0.021697698284708987,0.04246162673934873,0.6845696835091616,0.5106070111737934,0.2978521907875179,0.9995163240628778,0.021697698284708987,0.8293756687535543,0.7411281789097508,5-class margin P45-P3
0.9500000000000001,0.39037970062066446,0.9863013698630136,0.02111127400674388,0.04133773503660112,0.6843162723505632,0.5103137990348109,0.297216207765875,0.9995163240628778,0.02111127400674388,0.8293756687535543,0.7411281789097508,5-class margin P45-P3
0.9510000000000001,0.3896495071193866,0.9926470588235294,0.019791819381322386,0.03880983182406209,0.687358649559639,0.5097749907063807,0.2958342037756218,0.999758162031439,0.019791819381322386,0.8293756687535543,0.7411281789097508,5-class margin P45-P3
0.9520000000000001,0.389193136181088,1.0,0.018912182964374726,0.03712230215827338,0.6909577907084141,0.5094560914821874,0.29492794696204006,1.0,0.018912182964374726,0.8293756687535543,0.7411281789097508,5-class margin P45-P3
0.9530000000000001,0.38873676524278933,1.0,0.01817915261691834,0.03570914326853852,0.6908696454948301,0.5090895763084592,0.2941290421360398,1.0,0.01817915261691834,0.8293756687535543,0.7411281789097508,5-class margin P45-P3
0.9540000000000001,0.3885542168674699,1.0,0.017885940477935788,0.03514330980844015,0.6908344101901421,0.5089429702389678,0.2938092125232995,1.0,0.017885940477935788,0.8293756687535543,0.7411281789097508,5-class margin P45-P3
0.9550000000000001,0.38782402336619204,1.0,0.016713091922005572,0.03287671232876712,0.6906935989669802,0.5083565459610028,0.29252836083821676,1.0,0.016713091922005572,0.8293756687535543,0.7411281789097508,5-class margin P45-P3
0.9560000000000001,0.3873676524278934,1.0,0.015980061574549186,0.031457431457431455,0.6906056974278603,0.5079900307872746,0.29172657983230665,1.0,0.015980061574549186,0.8293756687535543,0.7411281789097508,5-class margin P45-P3
0.9570000000000001,0.3870938298649142,1.0,0.015540243366075356,0.030604879457196477,0.6905529953917051,0.5077701216830377,0.29124504900454085,1.0,0.015540243366075356,0.8293756687535543,0.7411281789097508,5-class margin P45-P3
0.9580000000000001,0.38663745892661555,1.0,0.01480721301861897,0.029182317249349898,0.6904652233993551,0.5074036065093095,0.29044172566937143,1.0,0.01480721301861897,0.8293756687535543,0.7411281789097508,5-class margin P45-P3
0.9590000000000001,0.38627236217597666,1.0,0.014220788740653863,0.02804278693263949,0.6903950640022102,0.5071103943703269,0.2897983709239695,1.0,0.014220788740653863,0.8293756687535543,0.7411281789097508,5-class margin P45-P3
0.96,0.3856334428623585,1.0,0.013194546254214925,0.026045434814064534,0.6902724093502669,0.5065972731271075,0.28867100752102465,1.0,0.013194546254214925,0.8293756687535543,0.7411281789097508,5-class margin P45-P3
0.961,0.3853596202993793,1.0,0.012754728045741093,0.025188187608569775,0.6902198914343546,0.5063773640228706,0.28818726895757735,1.0,0.012754728045741093,0.8293756687535543,0.7411281789097508,5-class margin P45-P3
0.962,0.3847207009857612,1.0,0.011728485559302155,0.023185045645558615,0.690097462302317,0.505864242779651,0.2870571820726627,1.0,0.011728485559302155,0.8293756687535543,0.7411281789097508,5-class margin P45-P3
0.963,0.3841730558598028,1.0,0.010848849142354493,0.021464829586657,0.6899926484102187,0.5054244245711772,0.28608701291545674,1.0,0.010848849142354493,0.8293756687535543,0.7411281789097508,5-class margin P45-P3
0.964,0.38326031398320554,1.0,0.009382788447441724,0.01859114015976761,0.6898182152038193,0.5046913942237209,0.2844669283017511,1.0,0.009382788447441724,0.8293756687535543,0.7411281789097508,5-class margin P45-P3
0.965,0.38289521723256664,1.0,0.008796364169476616,0.017439325679407064,0.6897485315712188,0.5043981820847383,0.28381779336994106,1.0,0.008796364169476616,0.8293756687535543,0.7411281789097508,5-class margin P45-P3
0.966,0.38234757210660825,1.0,0.007916727752528954,0.01570909090909091,0.6896441019996331,0.5039583638762645,0.28284290749484603,1.0,0.007916727752528954,0.8293756687535543,0.7411281789097508,5-class margin P45-P3
0.967,0.38207374954362905,1.0,0.007476909544055124,0.014842840512223517,0.6895919303071986,0.5037384547720276,0.2823549308944096,1.0,0.007476909544055124,0.8293756687535543,0.7411281789097508,5-class margin P45-P3
0.968,0.3815261044176707,1.0,0.006597273127107462,0.013108068744538305,0.68948767299056,0.5032986365635538,0.28137790782700794,1.0,0.006597273127107462,0.8293756687535543,0.7411281789097508,5-class margin P45-P3
0.969,0.38116100766703176,1.0,0.006010848849142355,0.011949868842902944,0.6894182317911132,0.5030054244245712,0.2807257649862355,1.0,0.006010848849142355,0.8293756687535543,0.7411281789097508,5-class margin P45-P3
0.97,0.3809784592917123,1.0,0.005717636710159801,0.011370262390670554,0.6893835302738848,0.50285881835508,0.2803994548732518,1.0,0.005717636710159801,0.8293756687535543,0.7411281789097508,5-class margin P45-P3
0.971,0.38088718510405256,1.0,0.005571030640668524,0.0110803324099723,0.6893661842828357,0.5027855153203342,0.28023624007730397,1.0,0.005571030640668524,0.8293756687535543,0.7411281789097508,5-class margin P45-P3
0.972,0.38052208835341367,1.0,0.004984606362703416,0.009919766593727206,0.6892968320820363,0.5024923031813517,0.2795829821877449,1.0,0.004984606362703416,0.8293756687535543,0.7411281789097508,5-class margin P45-P3
0.973,0.380065717415115,1.0,0.004251576015247031,0.008467153284671533,0.6892102132332754,0.5021257880076235,0.2787655113123663,1.0,0.004251576015247031,0.8293756687535543,0.7411281789097508,5-class margin P45-P3
0.974,0.3797918948521358,1.0,0.0038117578067732006,0.007594566963633708,0.6891582799634035,0.5019058789033866,0.27827454866601864,1.0,0.0038117578067732006,0.8293756687535543,0.7411281789097508,5-class margin P45-P3
0.975,0.3795180722891566,1.0,0.0033719395982993697,0.0067212156633547635,0.6891063751943657,0.5016859697991497,0.27778322529915817,1.0,0.0033719395982993697,0.8293756687535543,0.7411281789097508,5-class margin P45-P3
0.976,0.379061701350858,1.0,0.002638909250842985,0.005263927474777014,0.689019930517462,0.5013194546254215,0.276963550017492,1.0,0.002638909250842985,0.8293756687535543,0.7411281789097508,5-class margin P45-P3
0.977,0.3787878787878788,1.0,0.002199091042369154,0.004388531304856641,0.6889681016360478,0.5010995455211846,0.27647126220323753,1.0,0.002199091042369154,0.8293756687535543,0.7411281789097508,5-class margin P45-P3
0.978,0.3784227820372399,1.0,0.0016126667644040464,0.0032201405152224825,0.6888990406578346,0.500806333382202,0.2758143142894415,1.0,0.0016126667644040464,0.8293756687535543,0.7411281789097508,5-class margin P45-P3
0.979,0.3784227820372399,1.0,0.0016126667644040464,0.0032201405152224825,0.6888990406578346,0.500806333382202,0.2758143142894415,1.0,0.0016126667644040464,0.8293756687535543,0.7411281789097508,5-class margin P45-P3
0.98,0.3784227820372399,1.0,0.0016126667644040464,0.0032201405152224825,0.6888990406578346,0.500806333382202,0.2758143142894415,1.0,0.0016126667644040464,0.8293756687535543,0.7411281789097508,5-class margin P45-P3
0.981,0.3782402336619204,1.0,0.0013194546254214924,0.0026354319180087846,0.6888645290947292,0.5006597273127108,0.2754855982027386,1.0,0.0013194546254214924,0.8293756687535543,0.7411281789097508,5-class margin P45-P3
0.982,0.37805768528660094,1.0,0.0010262424864389385,0.002050380785002929,0.6888300301397388,0.5005131212432194,0.2751567204906187,1.0,0.0010262424864389385,0.8293756687535543,0.7411281789097508,5-class margin P45-P3
0.983,0.3778751369112815,1.0,0.0007330303474563847,0.001464986815118664,0.6887955437859556,0.5003665151737282,0.2748276809987034,1.0,0.0007330303474563847,0.8293756687535543,0.7411281789097508,5-class margin P45-P3
0.984,0.3778751369112815,1.0,0.0007330303474563847,0.001464986815118664,0.6887955437859556,0.5003665151737282,0.2748276809987034,1.0,0.0007330303474563847,0.8293756687535543,0.7411281789097508,5-class margin P45-P3
0.985,0.3778751369112815,1.0,0.0007330303474563847,0.001464986815118664,0.6887955437859556,0.5003665151737282,0.2748276809987034,1.0,0.0007330303474563847,0.8293756687535543,0.7411281789097508,5-class margin P45-P3
0.986,0.37769258853596205,1.0,0.00043981820847383083,0.0008792497069167644,0.6887610700264768,0.500219909104237,0.27449847957244033,1.0,0.00043981820847383083,0.8293756687535543,0.7411281789097508,5-class margin P45-P3
0.987,0.37769258853596205,1.0,0.00043981820847383083,0.0008792497069167644,0.6887610700264768,0.500219909104237,0.27449847957244033,1.0,0.00043981820847383083,0.8293756687535543,0.7411281789097508,5-class margin P45-P3
0.988,0.37751004016064255,1.0,0.00014660606949127694,0.0002931691586045148,0.6887266088544044,0.5000733030347456,0.27416911605710215,1.0,0.00014660606949127694,0.8293756687535543,0.7411281789097508,5-class margin P45-P3
0.989,0.37751004016064255,1.0,0.00014660606949127694,0.0002931691586045148,0.6887266088544044,0.5000733030347456,0.27416911605710215,1.0,0.00014660606949127694,0.8293756687535543,0.7411281789097508,5-class margin P45-P3
0.99,0.37751004016064255,1.0,0.00014660606949127694,0.0002931691586045148,0.6887266088544044,0.5000733030347456,0.27416911605710215,1.0,0.00014660606949127694,0.8293756687535543,0.7411281789097508,5-class margin P45-P3
0.991,0.37751004016064255,1.0,0.00014660606949127694,0.0002931691586045148,0.6887266088544044,0.5000733030347456,0.27416911605710215,1.0,0.00014660606949127694,0.8293756687535543,0.7411281789097508,5-class margin P45-P3
0.992,0.37751004016064255,1.0,0.00014660606949127694,0.0002931691586045148,0.6887266088544044,0.5000733030347456,0.27416911605710215,1.0,0.00014660606949127694,0.8293756687535543,0.7411281789097508,5-class margin P45-P3
0.993,0.37741876597298285,0.0,0.0,0.0,0.18870938298649143,0.5,0.27400437346762974,1.0,0.0,0.8293756687535543,0.7411281789097508,5-class margin P45-P3
0.994,0.37741876597298285,0.0,0.0,0.0,0.18870938298649143,0.5,0.27400437346762974,1.0,0.0,0.8293756687535543,0.7411281789097508,5-class margin P45-P3
0.995,0.37741876597298285,0.0,0.0,0.0,0.18870938298649143,0.5,0.27400437346762974,1.0,0.0,0.8293756687535543,0.7411281789097508,5-class margin P45-P3
0.996,0.37741876597298285,0.0,0.0,0.0,0.18870938298649143,0.5,0.27400437346762974,1.0,0.0,0.8293756687535543,0.7411281789097508,5-class margin P45-P3
0.997,0.37741876597298285,0.0,0.0,0.0,0.18870938298649143,0.5,0.27400437346762974,1.0,0.0,0.8293756687535543,0.7411281789097508,5-class margin P45-P3
0.998,0.37741876597298285,0.0,0.0,0.0,0.18870938298649143,0.5,0.27400437346762974,1.0,0.0,0.8293756687535543,0.7411281789097508,5-class margin P45-P3
0.999,0.37741876597298285,0.0,0.0,0.0,0.18870938298649143,0.5,0.27400437346762974,1.0,0.0,0.8293756687535543,0.7411281789097508,5-class margin P45-P3
1.0,0.37741876597298285,0.0,0.0,0.0,0.18870938298649143,0.5,0.27400437346762974,1.0,0.0,0.8293756687535543,0.7411281789097508,5-class margin P45-P3
