threshold,accuracy,precision,recall,f1,macro_precision,macro_recall,macro_f1,recall_123,recall_45,auc_pr,auc_roc,method
0.0,0.6225812340270171,0.6225812340270171,1.0,0.767396073578219,0.3112906170135086,0.5,0.3836980367891095,0.0,1.0,0.8374233557753608,0.7526712352687048,OOF logistic stacker
0.001,0.6225812340270171,0.6225812340270171,1.0,0.767396073578219,0.3112906170135086,0.5,0.3836980367891095,0.0,1.0,0.8374233557753608,0.7526712352687048,OOF logistic stacker
0.002,0.6225812340270171,0.6225812340270171,1.0,0.767396073578219,0.3112906170135086,0.5,0.3836980367891095,0.0,1.0,0.8374233557753608,0.7526712352687048,OOF logistic stacker
0.003,0.6225812340270171,0.6225812340270171,1.0,0.767396073578219,0.3112906170135086,0.5,0.3836980367891095,0.0,1.0,0.8374233557753608,0.7526712352687048,OOF logistic stacker
0.004,0.6225812340270171,0.6225812340270171,1.0,0.767396073578219,0.3112906170135086,0.5,0.3836980367891095,0.0,1.0,0.8374233557753608,0.7526712352687048,OOF logistic stacker
0.005,0.6225812340270171,0.6225812340270171,1.0,0.767396073578219,0.3112906170135086,0.5,0.3836980367891095,0.0,1.0,0.8374233557753608,0.7526712352687048,OOF logistic stacker
0.006,0.6225812340270171,0.6225812340270171,1.0,0.767396073578219,0.3112906170135086,0.5,0.3836980367891095,0.0,1.0,0.8374233557753608,0.7526712352687048,OOF logistic stacker
0.007,0.6225812340270171,0.6225812340270171,1.0,0.767396073578219,0.3112906170135086,0.5,0.3836980367891095,0.0,1.0,0.8374233557753608,0.7526712352687048,OOF logistic stacker
0.008,0.6225812340270171,0.6225812340270171,1.0,0.767396073578219,0.3112906170135086,0.5,0.3836980367891095,0.0,1.0,0.8374233557753608,0.7526712352687048,OOF logistic stacker
0.009000000000000001,0.6225812340270171,0.6225812340270171,1.0,0.767396073578219,0.3112906170135086,0.5,0.3836980367891095,0.0,1.0,0.8374233557753608,0.7526712352687048,OOF logistic stacker
0.01,0.6225812340270171,0.6225812340270171,1.0,0.767396073578219,0.3112906170135086,0.5,0.3836980367891095,0.0,1.0,0.8374233557753608,0.7526712352687048,OOF logistic stacker
0.011,0.6225812340270171,0.6225812340270171,1.0,0.767396073578219,0.3112906170135086,0.5,0.3836980367891095,0.0,1.0,0.8374233557753608,0.7526712352687048,OOF logistic stacker
0.012,0.6225812340270171,0.6225812340270171,1.0,0.767396073578219,0.3112906170135086,0.5,0.3836980367891095,0.0,1.0,0.8374233557753608,0.7526712352687048,OOF logistic stacker
0.013000000000000001,0.6225812340270171,0.6225812340270171,1.0,0.767396073578219,0.3112906170135086,0.5,0.3836980367891095,0.0,1.0,0.8374233557753608,0.7526712352687048,OOF logistic stacker
0.014,0.6225812340270171,0.6225812340270171,1.0,0.767396073578219,0.3112906170135086,0.5,0.3836980367891095,0.0,1.0,0.8374233557753608,0.7526712352687048,OOF logistic stacker
0.015,0.6225812340270171,0.6225812340270171,1.0,0.767396073578219,0.3112906170135086,0.5,0.3836980367891095,0.0,1.0,0.8374233557753608,0.7526712352687048,OOF logistic stacker
0.016,0.6225812340270171,0.6225812340270171,1.0,0.767396073578219,0.3112906170135086,0.5,0.3836980367891095,0.0,1.0,0.8374233557753608,0.7526712352687048,OOF logistic stacker
0.017,0.6225812340270171,0.6225812340270171,1.0,0.767396073578219,0.3112906170135086,0.5,0.3836980367891095,0.0,1.0,0.8374233557753608,0.7526712352687048,OOF logistic stacker
0.018000000000000002,0.6225812340270171,0.6225812340270171,1.0,0.767396073578219,0.3112906170135086,0.5,0.3836980367891095,0.0,1.0,0.8374233557753608,0.7526712352687048,OOF logistic stacker
0.019,0.6225812340270171,0.6225812340270171,1.0,0.767396073578219,0.3112906170135086,0.5,0.3836980367891095,0.0,1.0,0.8374233557753608,0.7526712352687048,OOF logistic stacker
0.02,0.6225812340270171,0.6225812340270171,1.0,0.767396073578219,0.3112906170135086,0.5,0.3836980367891095,0.0,1.0,0.8374233557753608,0.7526712352687048,OOF logistic stacker
0.021,0.6225812340270171,0.6225812340270171,1.0,0.767396073578219,0.3112906170135086,0.5,0.3836980367891095,0.0,1.0,0.8374233557753608,0.7526712352687048,OOF logistic stacker
0.022,0.6225812340270171,0.6225812340270171,1.0,0.767396073578219,0.3112906170135086,0.5,0.3836980367891095,0.0,1.0,0.8374233557753608,0.7526712352687048,OOF logistic stacker
0.023,0.6225812340270171,0.6225812340270171,1.0,0.767396073578219,0.3112906170135086,0.5,0.3836980367891095,0.0,1.0,0.8374233557753608,0.7526712352687048,OOF logistic stacker
0.024,0.6225812340270171,0.6225812340270171,1.0,0.767396073578219,0.3112906170135086,0.5,0.3836980367891095,0.0,1.0,0.8374233557753608,0.7526712352687048,OOF logistic stacker
0.025,0.6225812340270171,0.6225812340270171,1.0,0.767396073578219,0.3112906170135086,0.5,0.3836980367891095,0.0,1.0,0.8374233557753608,0.7526712352687048,OOF logistic stacker
0.026000000000000002,0.6225812340270171,0.6225812340270171,1.0,0.767396073578219,0.3112906170135086,0.5,0.3836980367891095,0.0,1.0,0.8374233557753608,0.7526712352687048,OOF logistic stacker
0.027,0.6225812340270171,0.6225812340270171,1.0,0.767396073578219,0.3112906170135086,0.5,0.3836980367891095,0.0,1.0,0.8374233557753608,0.7526712352687048,OOF logistic stacker
0.028,0.6225812340270171,0.6225812340270171,1.0,0.767396073578219,0.3112906170135086,0.5,0.3836980367891095,0.0,1.0,0.8374233557753608,0.7526712352687048,OOF logistic stacker
0.029,0.6225812340270171,0.6225812340270171,1.0,0.767396073578219,0.3112906170135086,0.5,0.3836980367891095,0.0,1.0,0.8374233557753608,0.7526712352687048,OOF logistic stacker
0.03,0.6225812340270171,0.6225812340270171,1.0,0.767396073578219,0.3112906170135086,0.5,0.3836980367891095,0.0,1.0,0.8374233557753608,0.7526712352687048,OOF logistic stacker
0.031,0.6225812340270171,0.6225812340270171,1.0,0.767396073578219,0.3112906170135086,0.5,0.3836980367891095,0.0,1.0,0.8374233557753608,0.7526712352687048,OOF logistic stacker
0.032,0.6225812340270171,0.6225812340270171,1.0,0.767396073578219,0.3112906170135086,0.5,0.3836980367891095,0.0,1.0,0.8374233557753608,0.7526712352687048,OOF logistic stacker
0.033,0.6225812340270171,0.6225812340270171,1.0,0.767396073578219,0.3112906170135086,0.5,0.3836980367891095,0.0,1.0,0.8374233557753608,0.7526712352687048,OOF logistic stacker
0.034,0.6225812340270171,0.6225812340270171,1.0,0.767396073578219,0.3112906170135086,0.5,0.3836980367891095,0.0,1.0,0.8374233557753608,0.7526712352687048,OOF logistic stacker
0.035,0.6225812340270171,0.6225812340270171,1.0,0.767396073578219,0.3112906170135086,0.5,0.3836980367891095,0.0,1.0,0.8374233557753608,0.7526712352687048,OOF logistic stacker
0.036000000000000004,0.6225812340270171,0.6225812340270171,1.0,0.767396073578219,0.3112906170135086,0.5,0.3836980367891095,0.0,1.0,0.8374233557753608,0.7526712352687048,OOF logistic stacker
0.037,0.6225812340270171,0.6225812340270171,1.0,0.767396073578219,0.3112906170135086,0.5,0.3836980367891095,0.0,1.0,0.8374233557753608,0.7526712352687048,OOF logistic stacker
0.038,0.6225812340270171,0.6225812340270171,1.0,0.767396073578219,0.3112906170135086,0.5,0.3836980367891095,0.0,1.0,0.8374233557753608,0.7526712352687048,OOF logistic stacker
0.039,0.6225812340270171,0.6225812340270171,1.0,0.767396073578219,0.3112906170135086,0.5,0.3836980367891095,0.0,1.0,0.8374233557753608,0.7526712352687048,OOF logistic stacker
0.04,0.6225812340270171,0.6225812340270171,1.0,0.767396073578219,0.3112906170135086,0.5,0.3836980367891095,0.0,1.0,0.8374233557753608,0.7526712352687048,OOF logistic stacker
0.041,0.6225812340270171,0.6225812340270171,1.0,0.767396073578219,0.3112906170135086,0.5,0.3836980367891095,0.0,1.0,0.8374233557753608,0.7526712352687048,OOF logistic stacker
0.042,0.6225812340270171,0.6225812340270171,1.0,0.767396073578219,0.3112906170135086,0.5,0.3836980367891095,0.0,1.0,0.8374233557753608,0.7526712352687048,OOF logistic stacker
0.043000000000000003,0.6225812340270171,0.6225812340270171,1.0,0.767396073578219,0.3112906170135086,0.5,0.3836980367891095,0.0,1.0,0.8374233557753608,0.7526712352687048,OOF logistic stacker
0.044,0.6225812340270171,0.6225812340270171,1.0,0.767396073578219,0.3112906170135086,0.5,0.3836980367891095,0.0,1.0,0.8374233557753608,0.7526712352687048,OOF logistic stacker
0.045,0.6225812340270171,0.6225812340270171,1.0,0.767396073578219,0.3112906170135086,0.5,0.3836980367891095,0.0,1.0,0.8374233557753608,0.7526712352687048,OOF logistic stacker
0.046,0.6225812340270171,0.6225812340270171,1.0,0.767396073578219,0.3112906170135086,0.5,0.3836980367891095,0.0,1.0,0.8374233557753608,0.7526712352687048,OOF logistic stacker
0.047,0.6225812340270171,0.6225812340270171,1.0,0.767396073578219,0.3112906170135086,0.5,0.3836980367891095,0.0,1.0,0.8374233557753608,0.7526712352687048,OOF logistic stacker
0.048,0.6225812340270171,0.6225812340270171,1.0,0.767396073578219,0.3112906170135086,0.5,0.3836980367891095,0.0,1.0,0.8374233557753608,0.7526712352687048,OOF logistic stacker
0.049,0.6225812340270171,0.6225812340270171,1.0,0.767396073578219,0.3112906170135086,0.5,0.3836980367891095,0.0,1.0,0.8374233557753608,0.7526712352687048,OOF logistic stacker
0.05,0.6225812340270171,0.6225812340270171,1.0,0.767396073578219,0.3112906170135086,0.5,0.3836980367891095,0.0,1.0,0.8374233557753608,0.7526712352687048,OOF logistic stacker
0.051000000000000004,0.6225812340270171,0.6225812340270171,1.0,0.767396073578219,0.3112906170135086,0.5,0.3836980367891095,0.0,1.0,0.8374233557753608,0.7526712352687048,OOF logistic stacker
0.052000000000000005,0.6225812340270171,0.6225812340270171,1.0,0.767396073578219,0.3112906170135086,0.5,0.3836980367891095,0.0,1.0,0.8374233557753608,0.7526712352687048,OOF logistic stacker
0.053,0.6225812340270171,0.6225812340270171,1.0,0.767396073578219,0.3112906170135086,0.5,0.3836980367891095,0.0,1.0,0.8374233557753608,0.7526712352687048,OOF logistic stacker
0.054,0.6225812340270171,0.6225812340270171,1.0,0.767396073578219,0.3112906170135086,0.5,0.3836980367891095,0.0,1.0,0.8374233557753608,0.7526712352687048,OOF logistic stacker
0.055,0.6225812340270171,0.6225812340270171,1.0,0.767396073578219,0.3112906170135086,0.5,0.3836980367891095,0.0,1.0,0.8374233557753608,0.7526712352687048,OOF logistic stacker
0.056,0.6225812340270171,0.6225812340270171,1.0,0.767396073578219,0.3112906170135086,0.5,0.3836980367891095,0.0,1.0,0.8374233557753608,0.7526712352687048,OOF logistic stacker
0.057,0.6225812340270171,0.6225812340270171,1.0,0.767396073578219,0.3112906170135086,0.5,0.3836980367891095,0.0,1.0,0.8374233557753608,0.7526712352687048,OOF logistic stacker
0.058,0.6225812340270171,0.6225812340270171,1.0,0.767396073578219,0.3112906170135086,0.5,0.3836980367891095,0.0,1.0,0.8374233557753608,0.7526712352687048,OOF logistic stacker
0.059000000000000004,0.6225812340270171,0.6225812340270171,1.0,0.767396073578219,0.3112906170135086,0.5,0.3836980367891095,0.0,1.0,0.8374233557753608,0.7526712352687048,OOF logistic stacker
0.06,0.6225812340270171,0.6225812340270171,1.0,0.767396073578219,0.3112906170135086,0.5,0.3836980367891095,0.0,1.0,0.8374233557753608,0.7526712352687048,OOF logistic stacker
0.061,0.6225812340270171,0.6225812340270171,1.0,0.767396073578219,0.3112906170135086,0.5,0.3836980367891095,0.0,1.0,0.8374233557753608,0.7526712352687048,OOF logistic stacker
0.062,0.6225812340270171,0.6225812340270171,1.0,0.767396073578219,0.3112906170135086,0.5,0.3836980367891095,0.0,1.0,0.8374233557753608,0.7526712352687048,OOF logistic stacker
0.063,0.6225812340270171,0.6225812340270171,1.0,0.767396073578219,0.3112906170135086,0.5,0.3836980367891095,0.0,1.0,0.8374233557753608,0.7526712352687048,OOF logistic stacker
0.064,0.6225812340270171,0.6225812340270171,1.0,0.767396073578219,0.3112906170135086,0.5,0.3836980367891095,0.0,1.0,0.8374233557753608,0.7526712352687048,OOF logistic stacker
0.065,0.6225812340270171,0.6225812340270171,1.0,0.767396073578219,0.3112906170135086,0.5,0.3836980367891095,0.0,1.0,0.8374233557753608,0.7526712352687048,OOF logistic stacker
0.066,0.6225812340270171,0.6225812340270171,1.0,0.767396073578219,0.3112906170135086,0.5,0.3836980367891095,0.0,1.0,0.8374233557753608,0.7526712352687048,OOF logistic stacker
0.067,0.6225812340270171,0.6225812340270171,1.0,0.767396073578219,0.3112906170135086,0.5,0.3836980367891095,0.0,1.0,0.8374233557753608,0.7526712352687048,OOF logistic stacker
0.068,0.6225812340270171,0.6225812340270171,1.0,0.767396073578219,0.3112906170135086,0.5,0.3836980367891095,0.0,1.0,0.8374233557753608,0.7526712352687048,OOF logistic stacker
0.069,0.6225812340270171,0.6225812340270171,1.0,0.767396073578219,0.3112906170135086,0.5,0.3836980367891095,0.0,1.0,0.8374233557753608,0.7526712352687048,OOF logistic stacker
0.07,0.6225812340270171,0.6225812340270171,1.0,0.767396073578219,0.3112906170135086,0.5,0.3836980367891095,0.0,1.0,0.8374233557753608,0.7526712352687048,OOF logistic stacker
0.07100000000000001,0.6225812340270171,0.6225812340270171,1.0,0.767396073578219,0.3112906170135086,0.5,0.3836980367891095,0.0,1.0,0.8374233557753608,0.7526712352687048,OOF logistic stacker
0.07200000000000001,0.6225812340270171,0.6225812340270171,1.0,0.767396073578219,0.3112906170135086,0.5,0.3836980367891095,0.0,1.0,0.8374233557753608,0.7526712352687048,OOF logistic stacker
0.073,0.6225812340270171,0.6225812340270171,1.0,0.767396073578219,0.3112906170135086,0.5,0.3836980367891095,0.0,1.0,0.8374233557753608,0.7526712352687048,OOF logistic stacker
0.074,0.6225812340270171,0.6225812340270171,1.0,0.767396073578219,0.3112906170135086,0.5,0.3836980367891095,0.0,1.0,0.8374233557753608,0.7526712352687048,OOF logistic stacker
0.075,0.6225812340270171,0.6225812340270171,1.0,0.767396073578219,0.3112906170135086,0.5,0.3836980367891095,0.0,1.0,0.8374233557753608,0.7526712352687048,OOF logistic stacker
0.076,0.6225812340270171,0.6225812340270171,1.0,0.767396073578219,0.3112906170135086,0.5,0.3836980367891095,0.0,1.0,0.8374233557753608,0.7526712352687048,OOF logistic stacker
0.077,0.6225812340270171,0.6225812340270171,1.0,0.767396073578219,0.3112906170135086,0.5,0.3836980367891095,0.0,1.0,0.8374233557753608,0.7526712352687048,OOF logistic stacker
0.078,0.6225812340270171,0.6225812340270171,1.0,0.767396073578219,0.3112906170135086,0.5,0.3836980367891095,0.0,1.0,0.8374233557753608,0.7526712352687048,OOF logistic stacker
0.079,0.6225812340270171,0.6225812340270171,1.0,0.767396073578219,0.3112906170135086,0.5,0.3836980367891095,0.0,1.0,0.8374233557753608,0.7526712352687048,OOF logistic stacker
0.08,0.6225812340270171,0.6225812340270171,1.0,0.767396073578219,0.3112906170135086,0.5,0.3836980367891095,0.0,1.0,0.8374233557753608,0.7526712352687048,OOF logistic stacker
0.081,0.6225812340270171,0.6225812340270171,1.0,0.767396073578219,0.3112906170135086,0.5,0.3836980367891095,0.0,1.0,0.8374233557753608,0.7526712352687048,OOF logistic stacker
0.082,0.6225812340270171,0.6225812340270171,1.0,0.767396073578219,0.3112906170135086,0.5,0.3836980367891095,0.0,1.0,0.8374233557753608,0.7526712352687048,OOF logistic stacker
0.083,0.6225812340270171,0.6225812340270171,1.0,0.767396073578219,0.3112906170135086,0.5,0.3836980367891095,0.0,1.0,0.8374233557753608,0.7526712352687048,OOF logistic stacker
0.084,0.6225812340270171,0.6225812340270171,1.0,0.767396073578219,0.3112906170135086,0.5,0.3836980367891095,0.0,1.0,0.8374233557753608,0.7526712352687048,OOF logistic stacker
0.085,0.6225812340270171,0.6225812340270171,1.0,0.767396073578219,0.3112906170135086,0.5,0.3836980367891095,0.0,1.0,0.8374233557753608,0.7526712352687048,OOF logistic stacker
0.08600000000000001,0.6225812340270171,0.6225812340270171,1.0,0.767396073578219,0.3112906170135086,0.5,0.3836980367891095,0.0,1.0,0.8374233557753608,0.7526712352687048,OOF logistic stacker
0.08700000000000001,0.6225812340270171,0.6225812340270171,1.0,0.767396073578219,0.3112906170135086,0.5,0.3836980367891095,0.0,1.0,0.8374233557753608,0.7526712352687048,OOF logistic stacker
0.088,0.6225812340270171,0.6225812340270171,1.0,0.767396073578219,0.3112906170135086,0.5,0.3836980367891095,0.0,1.0,0.8374233557753608,0.7526712352687048,OOF logistic stacker
0.089,0.6225812340270171,0.6225812340270171,1.0,0.767396073578219,0.3112906170135086,0.5,0.3836980367891095,0.0,1.0,0.8374233557753608,0.7526712352687048,OOF logistic stacker
0.09,0.6225812340270171,0.6225812340270171,1.0,0.767396073578219,0.3112906170135086,0.5,0.3836980367891095,0.0,1.0,0.8374233557753608,0.7526712352687048,OOF logistic stacker
0.091,0.6225812340270171,0.6225812340270171,1.0,0.767396073578219,0.3112906170135086,0.5,0.3836980367891095,0.0,1.0,0.8374233557753608,0.7526712352687048,OOF logistic stacker
0.092,0.6225812340270171,0.6225812340270171,1.0,0.767396073578219,0.3112906170135086,0.5,0.3836980367891095,0.0,1.0,0.8374233557753608,0.7526712352687048,OOF logistic stacker
0.093,0.6225812340270171,0.6225812340270171,1.0,0.767396073578219,0.3112906170135086,0.5,0.3836980367891095,0.0,1.0,0.8374233557753608,0.7526712352687048,OOF logistic stacker
0.094,0.6225812340270171,0.6225812340270171,1.0,0.767396073578219,0.3112906170135086,0.5,0.3836980367891095,0.0,1.0,0.8374233557753608,0.7526712352687048,OOF logistic stacker
0.095,0.6225812340270171,0.6225812340270171,1.0,0.767396073578219,0.3112906170135086,0.5,0.3836980367891095,0.0,1.0,0.8374233557753608,0.7526712352687048,OOF logistic stacker
0.096,0.6225812340270171,0.6225812340270171,1.0,0.767396073578219,0.3112906170135086,0.5,0.3836980367891095,0.0,1.0,0.8374233557753608,0.7526712352687048,OOF logistic stacker
0.097,0.6225812340270171,0.6225812340270171,1.0,0.767396073578219,0.3112906170135086,0.5,0.3836980367891095,0.0,1.0,0.8374233557753608,0.7526712352687048,OOF logistic stacker
0.098,0.6225812340270171,0.6225812340270171,1.0,0.767396073578219,0.3112906170135086,0.5,0.3836980367891095,0.0,1.0,0.8374233557753608,0.7526712352687048,OOF logistic stacker
0.099,0.6225812340270171,0.6225812340270171,1.0,0.767396073578219,0.3112906170135086,0.5,0.3836980367891095,0.0,1.0,0.8374233557753608,0.7526712352687048,OOF logistic stacker
0.1,0.6225812340270171,0.6225812340270171,1.0,0.767396073578219,0.3112906170135086,0.5,0.3836980367891095,0.0,1.0,0.8374233557753608,0.7526712352687048,OOF logistic stacker
0.101,0.6225812340270171,0.6225812340270171,1.0,0.767396073578219,0.3112906170135086,0.5,0.3836980367891095,0.0,1.0,0.8374233557753608,0.7526712352687048,OOF logistic stacker
0.10200000000000001,0.6225812340270171,0.6225812340270171,1.0,0.767396073578219,0.3112906170135086,0.5,0.3836980367891095,0.0,1.0,0.8374233557753608,0.7526712352687048,OOF logistic stacker
0.10300000000000001,0.6225812340270171,0.6225812340270171,1.0,0.767396073578219,0.3112906170135086,0.5,0.3836980367891095,0.0,1.0,0.8374233557753608,0.7526712352687048,OOF logistic stacker
0.10400000000000001,0.6225812340270171,0.6225812340270171,1.0,0.767396073578219,0.3112906170135086,0.5,0.3836980367891095,0.0,1.0,0.8374233557753608,0.7526712352687048,OOF logistic stacker
0.105,0.6225812340270171,0.6225812340270171,1.0,0.767396073578219,0.3112906170135086,0.5,0.3836980367891095,0.0,1.0,0.8374233557753608,0.7526712352687048,OOF logistic stacker
0.106,0.6225812340270171,0.6225812340270171,1.0,0.767396073578219,0.3112906170135086,0.5,0.3836980367891095,0.0,1.0,0.8374233557753608,0.7526712352687048,OOF logistic stacker
0.107,0.6225812340270171,0.6225812340270171,1.0,0.767396073578219,0.3112906170135086,0.5,0.3836980367891095,0.0,1.0,0.8374233557753608,0.7526712352687048,OOF logistic stacker
0.108,0.6225812340270171,0.6225812340270171,1.0,0.767396073578219,0.3112906170135086,0.5,0.3836980367891095,0.0,1.0,0.8374233557753608,0.7526712352687048,OOF logistic stacker
0.109,0.6225812340270171,0.6225812340270171,1.0,0.767396073578219,0.3112906170135086,0.5,0.3836980367891095,0.0,1.0,0.8374233557753608,0.7526712352687048,OOF logistic stacker
0.11,0.6225812340270171,0.6225812340270171,1.0,0.767396073578219,0.3112906170135086,0.5,0.3836980367891095,0.0,1.0,0.8374233557753608,0.7526712352687048,OOF logistic stacker
0.111,0.6225812340270171,0.6225812340270171,1.0,0.767396073578219,0.3112906170135086,0.5,0.3836980367891095,0.0,1.0,0.8374233557753608,0.7526712352687048,OOF logistic stacker
0.112,0.6225812340270171,0.6225812340270171,1.0,0.767396073578219,0.3112906170135086,0.5,0.3836980367891095,0.0,1.0,0.8374233557753608,0.7526712352687048,OOF logistic stacker
0.113,0.6225812340270171,0.6225812340270171,1.0,0.767396073578219,0.3112906170135086,0.5,0.3836980367891095,0.0,1.0,0.8374233557753608,0.7526712352687048,OOF logistic stacker
0.114,0.6225812340270171,0.6225812340270171,1.0,0.767396073578219,0.3112906170135086,0.5,0.3836980367891095,0.0,1.0,0.8374233557753608,0.7526712352687048,OOF logistic stacker
0.115,0.6225812340270171,0.6225812340270171,1.0,0.767396073578219,0.3112906170135086,0.5,0.3836980367891095,0.0,1.0,0.8374233557753608,0.7526712352687048,OOF logistic stacker
0.116,0.6225812340270171,0.6225812340270171,1.0,0.767396073578219,0.3112906170135086,0.5,0.3836980367891095,0.0,1.0,0.8374233557753608,0.7526712352687048,OOF logistic stacker
0.117,0.6225812340270171,0.6225812340270171,1.0,0.767396073578219,0.3112906170135086,0.5,0.3836980367891095,0.0,1.0,0.8374233557753608,0.7526712352687048,OOF logistic stacker
0.11800000000000001,0.6225812340270171,0.6225812340270171,1.0,0.767396073578219,0.3112906170135086,0.5,0.3836980367891095,0.0,1.0,0.8374233557753608,0.7526712352687048,OOF logistic stacker
0.11900000000000001,0.6225812340270171,0.6225812340270171,1.0,0.767396073578219,0.3112906170135086,0.5,0.3836980367891095,0.0,1.0,0.8374233557753608,0.7526712352687048,OOF logistic stacker
0.12,0.6225812340270171,0.6225812340270171,1.0,0.767396073578219,0.3112906170135086,0.5,0.3836980367891095,0.0,1.0,0.8374233557753608,0.7526712352687048,OOF logistic stacker
0.121,0.6225812340270171,0.6225812340270171,1.0,0.767396073578219,0.3112906170135086,0.5,0.3836980367891095,0.0,1.0,0.8374233557753608,0.7526712352687048,OOF logistic stacker
0.122,0.6225812340270171,0.6225812340270171,1.0,0.767396073578219,0.3112906170135086,0.5,0.3836980367891095,0.0,1.0,0.8374233557753608,0.7526712352687048,OOF logistic stacker
0.123,0.6225812340270171,0.6225812340270171,1.0,0.767396073578219,0.3112906170135086,0.5,0.3836980367891095,0.0,1.0,0.8374233557753608,0.7526712352687048,OOF logistic stacker
0.124,0.6225812340270171,0.6225812340270171,1.0,0.767396073578219,0.3112906170135086,0.5,0.3836980367891095,0.0,1.0,0.8374233557753608,0.7526712352687048,OOF logistic stacker
0.125,0.6225812340270171,0.6225812340270171,1.0,0.767396073578219,0.3112906170135086,0.5,0.3836980367891095,0.0,1.0,0.8374233557753608,0.7526712352687048,OOF logistic stacker
0.126,0.6225812340270171,0.6225812340270171,1.0,0.767396073578219,0.3112906170135086,0.5,0.3836980367891095,0.0,1.0,0.8374233557753608,0.7526712352687048,OOF logistic stacker
0.127,0.6225812340270171,0.6225812340270171,1.0,0.767396073578219,0.3112906170135086,0.5,0.3836980367891095,0.0,1.0,0.8374233557753608,0.7526712352687048,OOF logistic stacker
0.128,0.6225812340270171,0.6225812340270171,1.0,0.767396073578219,0.3112906170135086,0.5,0.3836980367891095,0.0,1.0,0.8374233557753608,0.7526712352687048,OOF logistic stacker
0.129,0.6225812340270171,0.6225812340270171,1.0,0.767396073578219,0.3112906170135086,0.5,0.3836980367891095,0.0,1.0,0.8374233557753608,0.7526712352687048,OOF logistic stacker
0.13,0.6225812340270171,0.6225812340270171,1.0,0.767396073578219,0.3112906170135086,0.5,0.3836980367891095,0.0,1.0,0.8374233557753608,0.7526712352687048,OOF logistic stacker
0.131,0.6225812340270171,0.6225812340270171,1.0,0.767396073578219,0.3112906170135086,0.5,0.3836980367891095,0.0,1.0,0.8374233557753608,0.7526712352687048,OOF logistic stacker
0.132,0.6225812340270171,0.6225812340270171,1.0,0.767396073578219,0.3112906170135086,0.5,0.3836980367891095,0.0,1.0,0.8374233557753608,0.7526712352687048,OOF logistic stacker
0.133,0.6225812340270171,0.6225812340270171,1.0,0.767396073578219,0.3112906170135086,0.5,0.3836980367891095,0.0,1.0,0.8374233557753608,0.7526712352687048,OOF logistic stacker
0.134,0.6225812340270171,0.6225812340270171,1.0,0.767396073578219,0.3112906170135086,0.5,0.3836980367891095,0.0,1.0,0.8374233557753608,0.7526712352687048,OOF logistic stacker
0.135,0.6225812340270171,0.6225812340270171,1.0,0.767396073578219,0.3112906170135086,0.5,0.3836980367891095,0.0,1.0,0.8374233557753608,0.7526712352687048,OOF logistic stacker
0.136,0.6225812340270171,0.6225812340270171,1.0,0.767396073578219,0.3112906170135086,0.5,0.3836980367891095,0.0,1.0,0.8374233557753608,0.7526712352687048,OOF logistic stacker
0.137,0.6225812340270171,0.6225812340270171,1.0,0.767396073578219,0.3112906170135086,0.5,0.3836980367891095,0.0,1.0,0.8374233557753608,0.7526712352687048,OOF logistic stacker
0.138,0.6225812340270171,0.6225812340270171,1.0,0.767396073578219,0.3112906170135086,0.5,0.3836980367891095,0.0,1.0,0.8374233557753608,0.7526712352687048,OOF logistic stacker
0.139,0.6225812340270171,0.6225812340270171,1.0,0.767396073578219,0.3112906170135086,0.5,0.3836980367891095,0.0,1.0,0.8374233557753608,0.7526712352687048,OOF logistic stacker
0.14,0.6225812340270171,0.6225812340270171,1.0,0.767396073578219,0.3112906170135086,0.5,0.3836980367891095,0.0,1.0,0.8374233557753608,0.7526712352687048,OOF logistic stacker
0.14100000000000001,0.6225812340270171,0.6225812340270171,1.0,0.767396073578219,0.3112906170135086,0.5,0.3836980367891095,0.0,1.0,0.8374233557753608,0.7526712352687048,OOF logistic stacker
0.14200000000000002,0.6225812340270171,0.6225812340270171,1.0,0.767396073578219,0.3112906170135086,0.5,0.3836980367891095,0.0,1.0,0.8374233557753608,0.7526712352687048,OOF logistic stacker
0.14300000000000002,0.6225812340270171,0.6225812340270171,1.0,0.767396073578219,0.3112906170135086,0.5,0.3836980367891095,0.0,1.0,0.8374233557753608,0.7526712352687048,OOF logistic stacker
0.14400000000000002,0.6225812340270171,0.6225812340270171,1.0,0.767396073578219,0.3112906170135086,0.5,0.3836980367891095,0.0,1.0,0.8374233557753608,0.7526712352687048,OOF logistic stacker
0.145,0.6225812340270171,0.6225812340270171,1.0,0.767396073578219,0.3112906170135086,0.5,0.3836980367891095,0.0,1.0,0.8374233557753608,0.7526712352687048,OOF logistic stacker
0.146,0.6225812340270171,0.6225812340270171,1.0,0.767396073578219,0.3112906170135086,0.5,0.3836980367891095,0.0,1.0,0.8374233557753608,0.7526712352687048,OOF logistic stacker
0.147,0.6225812340270171,0.6225812340270171,1.0,0.767396073578219,0.3112906170135086,0.5,0.3836980367891095,0.0,1.0,0.8374233557753608,0.7526712352687048,OOF logistic stacker
0.148,0.6225812340270171,0.6225812340270171,1.0,0.767396073578219,0.3112906170135086,0.5,0.3836980367891095,0.0,1.0,0.8374233557753608,0.7526712352687048,OOF logistic stacker
0.149,0.6225812340270171,0.6225812340270171,1.0,0.767396073578219,0.3112906170135086,0.5,0.3836980367891095,0.0,1.0,0.8374233557753608,0.7526712352687048,OOF logistic stacker
0.15,0.6225812340270171,0.6225812340270171,1.0,0.767396073578219,0.3112906170135086,0.5,0.3836980367891095,0.0,1.0,0.8374233557753608,0.7526712352687048,OOF logistic stacker
0.151,0.6225812340270171,0.6225812340270171,1.0,0.767396073578219,0.3112906170135086,0.5,0.3836980367891095,0.0,1.0,0.8374233557753608,0.7526712352687048,OOF logistic stacker
0.152,0.6225812340270171,0.6225812340270171,1.0,0.767396073578219,0.3112906170135086,0.5,0.3836980367891095,0.0,1.0,0.8374233557753608,0.7526712352687048,OOF logistic stacker
0.153,0.6225812340270171,0.6225812340270171,1.0,0.767396073578219,0.3112906170135086,0.5,0.3836980367891095,0.0,1.0,0.8374233557753608,0.7526712352687048,OOF logistic stacker
0.154,0.6225812340270171,0.6225812340270171,1.0,0.767396073578219,0.3112906170135086,0.5,0.3836980367891095,0.0,1.0,0.8374233557753608,0.7526712352687048,OOF logistic stacker
0.155,0.6225812340270171,0.6225812340270171,1.0,0.767396073578219,0.3112906170135086,0.5,0.3836980367891095,0.0,1.0,0.8374233557753608,0.7526712352687048,OOF logistic stacker
0.156,0.6225812340270171,0.6225812340270171,1.0,0.767396073578219,0.3112906170135086,0.5,0.3836980367891095,0.0,1.0,0.8374233557753608,0.7526712352687048,OOF logistic stacker
0.157,0.6225812340270171,0.6225812340270171,1.0,0.767396073578219,0.3112906170135086,0.5,0.3836980367891095,0.0,1.0,0.8374233557753608,0.7526712352687048,OOF logistic stacker
0.158,0.6225812340270171,0.6225812340270171,1.0,0.767396073578219,0.3112906170135086,0.5,0.3836980367891095,0.0,1.0,0.8374233557753608,0.7526712352687048,OOF logistic stacker
0.159,0.6225812340270171,0.6225812340270171,1.0,0.767396073578219,0.3112906170135086,0.5,0.3836980367891095,0.0,1.0,0.8374233557753608,0.7526712352687048,OOF logistic stacker
0.16,0.6225812340270171,0.6225812340270171,1.0,0.767396073578219,0.3112906170135086,0.5,0.3836980367891095,0.0,1.0,0.8374233557753608,0.7526712352687048,OOF logistic stacker
0.161,0.6225812340270171,0.6225812340270171,1.0,0.767396073578219,0.3112906170135086,0.5,0.3836980367891095,0.0,1.0,0.8374233557753608,0.7526712352687048,OOF logistic stacker
0.162,0.6225812340270171,0.6225812340270171,1.0,0.767396073578219,0.3112906170135086,0.5,0.3836980367891095,0.0,1.0,0.8374233557753608,0.7526712352687048,OOF logistic stacker
0.163,0.6225812340270171,0.6225812340270171,1.0,0.767396073578219,0.3112906170135086,0.5,0.3836980367891095,0.0,1.0,0.8374233557753608,0.7526712352687048,OOF logistic stacker
0.164,0.6225812340270171,0.6225812340270171,1.0,0.767396073578219,0.3112906170135086,0.5,0.3836980367891095,0.0,1.0,0.8374233557753608,0.7526712352687048,OOF logistic stacker
0.165,0.6225812340270171,0.6225812340270171,1.0,0.767396073578219,0.3112906170135086,0.5,0.3836980367891095,0.0,1.0,0.8374233557753608,0.7526712352687048,OOF logistic stacker
0.166,0.6225812340270171,0.6225812340270171,1.0,0.767396073578219,0.3112906170135086,0.5,0.3836980367891095,0.0,1.0,0.8374233557753608,0.7526712352687048,OOF logistic stacker
0.167,0.6225812340270171,0.6225812340270171,1.0,0.767396073578219,0.3112906170135086,0.5,0.3836980367891095,0.0,1.0,0.8374233557753608,0.7526712352687048,OOF logistic stacker
0.168,0.6225812340270171,0.6225812340270171,1.0,0.767396073578219,0.3112906170135086,0.5,0.3836980367891095,0.0,1.0,0.8374233557753608,0.7526712352687048,OOF logistic stacker
0.169,0.6225812340270171,0.6225812340270171,1.0,0.767396073578219,0.3112906170135086,0.5,0.3836980367891095,0.0,1.0,0.8374233557753608,0.7526712352687048,OOF logistic stacker
0.17,0.6225812340270171,0.6225812340270171,1.0,0.767396073578219,0.3112906170135086,0.5,0.3836980367891095,0.0,1.0,0.8374233557753608,0.7526712352687048,OOF logistic stacker
0.171,0.6226725082146769,0.6226380648105888,1.0,0.7674392439243924,0.8113190324052943,0.5001209189842806,0.38396140145929486,0.0002418379685610641,1.0,0.8374233557753608,0.7526712352687048,OOF logistic stacker
0.17200000000000001,0.6226725082146769,0.6226380648105888,1.0,0.7674392439243924,0.8113190324052943,0.5001209189842806,0.38396140145929486,0.0002418379685610641,1.0,0.8374233557753608,0.7526712352687048,OOF logistic stacker
0.17300000000000001,0.6226725082146769,0.6226380648105888,1.0,0.7674392439243924,0.8113190324052943,0.5001209189842806,0.38396140145929486,0.0002418379685610641,1.0,0.8374233557753608,0.7526712352687048,OOF logistic stacker
0.17400000000000002,0.6226725082146769,0.6226380648105888,1.0,0.7674392439243924,0.8113190324052943,0.5001209189842806,0.38396140145929486,0.0002418379685610641,1.0,0.8374233557753608,0.7526712352687048,OOF logistic stacker
0.17500000000000002,0.6226725082146769,0.6226380648105888,1.0,0.7674392439243924,0.8113190324052943,0.5001209189842806,0.38396140145929486,0.0002418379685610641,1.0,0.8374233557753608,0.7526712352687048,OOF logistic stacker
0.176,0.6226725082146769,0.6226380648105888,1.0,0.7674392439243924,0.8113190324052943,0.5001209189842806,0.38396140145929486,0.0002418379685610641,1.0,0.8374233557753608,0.7526712352687048,OOF logistic stacker
0.177,0.6226725082146769,0.6226380648105888,1.0,0.7674392439243924,0.8113190324052943,0.5001209189842806,0.38396140145929486,0.0002418379685610641,1.0,0.8374233557753608,0.7526712352687048,OOF logistic stacker
0.178,0.6226725082146769,0.6226380648105888,1.0,0.7674392439243924,0.8113190324052943,0.5001209189842806,0.38396140145929486,0.0002418379685610641,1.0,0.8374233557753608,0.7526712352687048,OOF logistic stacker
0.179,0.6226725082146769,0.6226380648105888,1.0,0.7674392439243924,0.8113190324052943,0.5001209189842806,0.38396140145929486,0.0002418379685610641,1.0,0.8374233557753608,0.7526712352687048,OOF logistic stacker
0.18,0.6226725082146769,0.6226380648105888,1.0,0.7674392439243924,0.8113190324052943,0.5001209189842806,0.38396140145929486,0.0002418379685610641,1.0,0.8374233557753608,0.7526712352687048,OOF logistic stacker
0.181,0.6226725082146769,0.6226380648105888,1.0,0.7674392439243924,0.8113190324052943,0.5001209189842806,0.38396140145929486,0.0002418379685610641,1.0,0.8374233557753608,0.7526712352687048,OOF logistic stacker
0.182,0.6226725082146769,0.6226380648105888,1.0,0.7674392439243924,0.8113190324052943,0.5001209189842806,0.38396140145929486,0.0002418379685610641,1.0,0.8374233557753608,0.7526712352687048,OOF logistic stacker
0.183,0.6226725082146769,0.6226380648105888,1.0,0.7674392439243924,0.8113190324052943,0.5001209189842806,0.38396140145929486,0.0002418379685610641,1.0,0.8374233557753608,0.7526712352687048,OOF logistic stacker
0.184,0.6225812340270171,0.6226036151177652,0.9998533939305088,0.7673699015471167,0.5613018075588826,0.500047615949535,0.38392667182746215,0.0002418379685610641,0.9998533939305088,0.8374233557753608,0.7526712352687048,OOF logistic stacker
0.185,0.6224899598393574,0.6225691591344837,0.9997067878610174,0.7673005513671656,0.4779512462339085,0.4999743129147892,0.3838919383225388,0.0002418379685610641,0.9997067878610174,0.8374233557753608,0.7526712352687048,OOF logistic stacker
0.186,0.6224899598393574,0.6225691591344837,0.9997067878610174,0.7673005513671656,0.4779512462339085,0.4999743129147892,0.3838919383225388,0.0002418379685610641,0.9997067878610174,0.8374233557753608,0.7526712352687048,OOF logistic stacker
0.187,0.6224899598393574,0.6225691591344837,0.9997067878610174,0.7673005513671656,0.4779512462339085,0.4999743129147892,0.3838919383225388,0.0002418379685610641,0.9997067878610174,0.8374233557753608,0.7526712352687048,OOF logistic stacker
0.188,0.6225812340270171,0.6226260043827612,0.9997067878610174,0.7673437236257244,0.5613130021913806,0.5000952318990698,0.3841550703173319,0.0004836759371221282,0.9997067878610174,0.8374233557753608,0.7526712352687048,OOF logistic stacker
0.189,0.6226725082146769,0.6226828600127842,0.9997067878610174,0.7673869007427414,0.6113414300063921,0.5002161508833503,0.38441808805253014,0.0007255139056831923,0.9997067878610174,0.8374233557753608,0.7526712352687048,OOF logistic stacker
0.19,0.6225812340270171,0.6226484018264841,0.9995601817915262,0.7673175398120533,0.561324200913242,0.5001428478486046,0.3843832325961981,0.0007255139056831923,0.9995601817915262,0.8374233557753608,0.7526712352687048,OOF logistic stacker
0.191,0.6225812340270171,0.6226484018264841,0.9995601817915262,0.7673175398120533,0.561324200913242,0.5001428478486046,0.3843832325961981,0.0007255139056831923,0.9995601817915262,0.8374233557753608,0.7526712352687048,OOF logistic stacker
0.192,0.6225812340270171,0.6226484018264841,0.9995601817915262,0.7673175398120533,0.561324200913242,0.5001428478486046,0.3843832325961981,0.0007255139056831923,0.9995601817915262,0.8374233557753608,0.7526712352687048,OOF logistic stacker
0.193,0.6225812340270171,0.6226484018264841,0.9995601817915262,0.7673175398120533,0.561324200913242,0.5001428478486046,0.3843832325961981,0.0007255139056831923,0.9995601817915262,0.8374233557753608,0.7526712352687048,OOF logistic stacker
0.194,0.6224899598393574,0.6226139373458763,0.9994135757220349,0.7672481710748452,0.5255926829586525,0.500069544813859,0.384348373321102,0.0007255139056831923,0.9994135757220349,0.8374233557753608,0.7526712352687048,OOF logistic stacker
0.195,0.6224899598393574,0.6226139373458763,0.9994135757220349,0.7672481710748452,0.5255926829586525,0.500069544813859,0.384348373321102,0.0007255139056831923,0.9994135757220349,0.8374233557753608,0.7526712352687048,OOF logistic stacker
0.196,0.6225812340270171,0.6226932212680432,0.9992669696525436,0.7672651544999156,0.5613466106340216,0.5002380797476744,0.3848388498675694,0.0012091898428053204,0.9992669696525436,0.8374233557753608,0.7526712352687048,OOF logistic stacker
0.197,0.6225812340270171,0.6226932212680432,0.9992669696525436,0.7672651544999156,0.5613466106340216,0.5002380797476744,0.3848388498675694,0.0012091898428053204,0.9992669696525436,0.8374233557753608,0.7526712352687048,OOF logistic stacker
0.198,0.6227637824023367,0.6228070175438597,0.9992669696525436,0.7673515339150014,0.6030701754385965,0.5004799177162356,0.3853637341627093,0.0016928657799274486,0.9992669696525436,0.8374233557753608,0.7526712352687048,OOF logistic stacker
0.199,0.6226725082146769,0.6227725486612447,0.9991203635830523,0.7672821436613375,0.5806170435613915,0.50040661468149,0.3853286321006784,0.0016928657799274486,0.9991203635830523,0.8374233557753608,0.7526712352687048,OOF logistic stacker
0.2,0.6227637824023367,0.6228519195612432,0.9989737575135611,0.7672991385620179,0.5926759597806216,0.5005751496153054,0.38581772153347826,0.002176541717049577,0.9989737575135611,0.8374233557753608,0.7526712352687048,OOF logistic stacker
0.201,0.622946330777656,0.6229658072773816,0.9989737575135611,0.7673855509882314,0.6170384591942464,0.5008169875838664,0.3863414631897574,0.002660217654171705,0.9989737575135611,0.8374233557753608,0.7526712352687048,OOF logistic stacker
0.202,0.6230376049653158,0.6230227667550516,0.9989737575135611,0.7674287645005068,0.6273008570617363,0.500937906568147,0.3866031641472202,0.002902055622732769,0.9989737575135611,0.8374233557753608,0.7526712352687048,OOF logistic stacker
0.203,0.6231288791529755,0.6230797366495977,0.9989737575135611,0.767471982879991,0.6365398683247989,0.5010588255524274,0.38686475196947806,0.003143893591293833,0.9989737575135611,0.8374233557753608,0.7526712352687048,OOF logistic stacker
0.20400000000000001,0.623311427528295,0.62319370770075,0.9989737575135611,0.7675584342438749,0.6525059447594659,0.5013006635209886,0.3873875885436358,0.0036275695284159614,0.9989737575135611,0.8374233557753608,0.7526712352687048,OOF logistic stacker
0.20500000000000002,0.6234027017159547,0.6232507088630751,0.9989737575135611,0.7676016672299201,0.6594514413880592,0.501421582505269,0.38764883746296386,0.0038694074969770256,0.9989737575135611,0.8374233557753608,0.7526712352687048,OOF logistic stacker
0.20600000000000002,0.6235852500912742,0.6233873181443865,0.9988271514440697,0.767661971830986,0.6635455109240451,0.501711036423365,0.3883960988419706,0.004594921402660218,0.9988271514440697,0.8374233557753608,0.7526712352687048,OOF logistic stacker
0.20700000000000002,0.6237677984665937,0.6235014185046216,0.9988271514440697,0.7677484787018256,0.6738196747695522,0.501952874391926,0.38891746701661883,0.005078597339782346,0.9988271514440697,0.8374233557753608,0.7526712352687048,OOF logistic stacker
0.20800000000000002,0.6236765242789339,0.6234669595460369,0.9986805453745785,0.7676790443455231,0.6617334797730184,0.5018795713571804,0.38888153897948424,0.005078597339782346,0.9986805453745785,0.8374233557753608,0.7526712352687048,OOF logistic stacker
0.209,0.6239503468419131,0.623660836919696,0.9985339393050873,0.7677826626084996,0.6689732756027051,0.502289944259557,0.38988653514118027,0.006045949214026602,0.9985339393050873,0.8374233557753608,0.7526712352687048,OOF logistic stacker
0.21,0.6240416210295728,0.6237179487179487,0.9985339393050873,0.7678259399131955,0.6729700854700855,0.5024108632438374,0.39014648709876987,0.006287787182587666,0.9985339393050873,0.8374233557753608,0.7526712352687048,OOF logistic stacker
0.211,0.6240416210295728,0.6237406118336691,0.9983873332355959,0.7677997632335531,0.6671334638115713,0.5024584791933723,0.3903700469654466,0.0065296251511487305,0.9983873332355959,0.8374233557753608,0.7526712352687048,OOF logistic stacker
0.212,0.6240416210295728,0.6237406118336691,0.9983873332355959,0.7677997632335531,0.6671334638115713,0.5024584791933723,0.3903700469654466,0.0065296251511487305,0.9983873332355959,0.8374233557753608,0.7526712352687048,OOF logistic stacker
0.213,0.6242241694048923,0.6238548919017955,0.9983873332355959,0.7678863392907481,0.6744274459508978,0.5027003171619334,0.39088927742980517,0.007013301088270859,0.9983873332355959,0.8374233557753608,0.7526712352687048,OOF logistic stacker
0.214,0.6244067177802117,0.6239692138537658,0.9983873332355959,0.7679729348745419,0.681032225974502,0.5029421551304945,0.39140806188304544,0.0074969770253929865,0.9983873332355959,0.8374233557753608,0.7526712352687048,OOF logistic stacker
0.215,0.6245892661555312,0.6240835777126099,0.9983873332355959,0.7680595499915412,0.687041788856305,0.5031839930990555,0.39192640098284887,0.007980652962515114,0.9983873332355959,0.8374233557753608,0.7526712352687048,OOF logistic stacker
0.216,0.6247718145308506,0.6241979835013749,0.9983873332355959,0.7681461846483559,0.6925337743593831,0.5034258310676166,0.3924442953856465,0.008464328899637243,0.9983873332355959,0.8374233557753608,0.7526712352687048,OOF logistic stacker
0.217,0.6250456370938299,0.6243696708535803,0.9983873332355959,0.7682761732851986,0.6999399374676065,0.5037885880204582,0.39322030461583063,0.009189842805320435,0.9983873332355959,0.8374233557753608,0.7526712352687048,OOF logistic stacker
0.218,0.6251369112814896,0.6244497432134997,0.9982407271661047,0.768293370944993,0.6968402562221345,0.5039571229542736,0.3937000649804974,0.009673518742442563,0.9982407271661047,0.8374233557753608,0.7526712352687048,OOF logistic stacker
0.219,0.625319459656809,0.6245643001284168,0.9982407271661047,0.7683800710940586,0.7011710389530973,0.5041989609228347,0.3942162947974471,0.010157194679564692,0.9982407271661047,0.8374233557753608,0.7526712352687048,OOF logistic stacker
0.22,0.6254107338444688,0.6246215943491423,0.9982407271661047,0.7684234285069406,0.7032198880836621,0.5043198799071152,0.39447424408640586,0.010399032648125755,0.9982407271661047,0.8374233557753608,0.7526712352687048,OOF logistic stacker
0.221,0.625684556407448,0.6247935400991007,0.9982407271661047,0.7685535301089226,0.7089484941874814,0.5046826368599568,0.39524743044916677,0.011124546553808947,0.9982407271661047,0.8374233557753608,0.7526712352687048,OOF logistic stacker
0.222,0.625684556407448,0.6248622842453176,0.9978009089576308,0.7684751312595269,0.6952436421226589,0.5048254847085615,0.3959070107357411,0.01185006045949214,0.9978009089576308,0.8374233557753608,0.7526712352687048,OOF logistic stacker
0.223,0.6257758305951077,0.624919658433569,0.9978009089576308,0.7685185185185185,0.6970752138321692,0.504946403692842,0.39616402116402116,0.012091898428053204,0.9978009089576308,0.8374233557753608,0.7526712352687048,OOF logistic stacker
0.224,0.6263234757210661,0.6252641249425815,0.9978009089576308,0.7687789449903988,0.7069982596543893,0.5056719175985253,0.3977037853815522,0.013542926239419589,0.9978009089576308,0.8374233557753608,0.7526712352687048,OOF logistic stacker
0.225,0.6267798466593647,0.6255514705882353,0.9978009089576308,0.768996101915146,0.7140915247678019,0.5062765125199279,0.3989839212971598,0.01475211608222491,0.9978009089576308,0.8374233557753608,0.7526712352687048,OOF logistic stacker
0.226,0.6269623950346842,0.6257127092146404,0.9975076968186483,0.7690307996609211,0.7091978180219544,0.5066135823875587,0.3999292011109917,0.015719467956469165,0.9975076968186483,0.8374233557753608,0.7526712352687048,OOF logistic stacker
0.227,0.6271449434100036,0.6258509659613616,0.997361090749157,0.7690916285116726,0.708274320189983,0.5069030363056547,0.400655740813524,0.016444981862152357,0.997361090749157,0.8374233557753608,0.7526712352687048,OOF logistic stacker
0.228,0.6274187659729829,0.6260469397146802,0.9972144846796658,0.7691959742168947,0.7086278654617357,0.5073134092080313,0.4016353747090152,0.017412333736396616,0.9972144846796658,0.8374233557753608,0.7526712352687048,OOF logistic stacker
0.229,0.6275100401606426,0.6261277849383171,0.9970678786101744,0.7692133687722672,0.7066809137457544,0.5074819441418466,0.40210491091722844,0.01789600967351874,0.9970678786101744,0.8374233557753608,0.7526712352687048,OOF logistic stacker
0.23,0.6275100401606426,0.6261510128913443,0.9969212725406832,0.7691872631638482,0.7037005064456722,0.5075295600913815,0.4023199374197875,0.018137847642079808,0.9969212725406832,0.8374233557753608,0.7526712352687048,OOF logistic stacker
0.231,0.6275100401606426,0.626174249401363,0.996774666471192,0.7691611516488489,0.7008422267414978,0.5075771760409165,0.4025347454440795,0.01837968561064087,0.996774666471192,0.8374233557753608,0.7526712352687048,OOF logistic stacker
0.232,0.6275100401606426,0.6262207481112954,0.9964814543322094,0.7691089108910891,0.6954633152321182,0.5076724079399861,0.40296370727466896,0.018863361547763,0.9964814543322094,0.8374233557753608,0.7526712352687048,OOF logistic stacker
0.233,0.6278751369112815,0.6264749262536873,0.9963348482627181,0.7692568905993548,0.6974967223861028,0.5082036998266433,0.4041900762211952,0.020072551390568318,0.9963348482627181,0.8374233557753608,0.7526712352687048,OOF logistic stacker
0.234,0.6281489594742606,0.6266715853546067,0.9961882421932268,0.7693614130434783,0.6982915448896927,0.5086140727290197,0.4051609325104397,0.021039903264812577,0.9961882421932268,0.8374233557753608,0.7526712352687048,OOF logistic stacker
0.23500000000000001,0.6283315078495801,0.626787196753067,0.9961882421932268,0.7694485335749066,0.7003501201156639,0.5088559106975807,0.40566544325804155,0.021523579201934703,0.9961882421932268,0.8374233557753608,0.7526712352687048,OOF logistic stacker
0.23600000000000002,0.6282402336619204,0.6267761579627238,0.9958950300542443,0.7693527379806331,0.6947440111847517,0.5088302236123701,0.4058379020258209,0.02176541717049577,0.9958950300542443,0.8374233557753608,0.7526712352687048,OOF logistic stacker
0.23700000000000002,0.6286053304125593,0.6270075687649991,0.9958950300542443,0.7695270461625602,0.6987496860218438,0.5093138995494921,0.4068448009765115,0.022732769044740024,0.9958950300542443,0.8374233557753608,0.7526712352687048,OOF logistic stacker
0.23800000000000002,0.628696604600219,0.6271123834149044,0.9956018179152617,0.7695184135977338,0.6954459554869797,0.5095300504328425,0.4075184747481865,0.023458282950423216,0.9956018179152617,0.8374233557753608,0.7526712352687048,OOF logistic stacker
0.23900000000000002,0.6287878787878788,0.6272408057660321,0.9951619997067879,0.769483647905685,0.6904860745248071,0.5097938172657277,0.40840076047193363,0.02442563482466747,0.9951619997067879,0.8374233557753608,0.7526712352687048,OOF logistic stacker
0.24,0.6292442497261774,0.6275779154721169,0.9948687875678053,0.7696495406600885,0.6914113353584361,0.5104936440862001,0.41007021212527567,0.026118500604594922,0.9948687875678053,0.8374233557753608,0.7526712352687048,OOF logistic stacker
0.241,0.6296093464768163,0.6278101582014988,0.9948687875678053,0.7698241633579126,0.6948574600531303,0.5109773200233222,0.41106808354724217,0.027085852478839177,0.9948687875678053,0.8374233557753608,0.7526712352687048,OOF logistic stacker
0.242,0.6303395399780942,0.6282989165663487,0.994722181498314,0.7701475595913735,0.6994997767545119,0.5119922878471014,0.41326576488422356,0.029262394195888754,0.994722181498314,0.8374233557753608,0.7526712352687048,OOF logistic stacker
0.243,0.6305220883534136,0.6284153005464481,0.994722181498314,0.7702349869451697,0.7010001031034128,0.5122341258156624,0.41376211387314377,0.029746070133010883,0.994722181498314,0.8374233557753608,0.7526712352687048,OOF logistic stacker
0.244,0.6307046367287331,0.6285793716986378,0.9944289693593314,0.7702702702702703,0.6991381706978037,0.5125711956832933,0.41467001885606536,0.030713422007255138,0.9944289693593314,0.8374233557753608,0.7526712352687048,OOF logistic stacker
0.245,0.6311610076670318,0.6289185679836765,0.994135757220349,0.7704368573538601,0.699516755256206,0.5132710225037658,0.4163161311601048,0.03240628778718259,0.994135757220349,0.8374233557753608,0.7526712352687048,OOF logistic stacker
0.246,0.6318912011683097,0.6293855578243921,0.994135757220349,0.7707871554418869,0.7048026690220861,0.51423837437801,0.4182867906002578,0.0343409915356711,0.994135757220349,0.8374233557753608,0.7526712352687048,OOF logistic stacker
0.247,0.6319824753559693,0.6294920605441545,0.9938425450813664,0.7707788516202387,0.7024465650314355,0.5144545252613604,0.4189387085495918,0.03506650544135429,0.9938425450813664,0.8374233557753608,0.7526712352687048,OOF logistic stacker
0.248,0.6324388462942679,0.6298085857647278,0.9936959390118751,0.7709719615537736,0.7040795506143227,0.515106736132298,0.42036701565792167,0.036517533252720676,0.9936959390118751,0.8374233557753608,0.7526712352687048,OOF logistic stacker
0.249,0.632803943044907,0.6300427588771147,0.9936959390118751,0.7711473917742762,0.7064355208526988,0.51559041206942,0.42134567834732733,0.037484885126964934,0.9936959390118751,0.8374233557753608,0.7526712352687048,OOF logistic stacker
0.25,0.6331690397955458,0.6303013392857143,0.9935493329423838,0.7712968758891481,0.7073075323879552,0.516121703956077,0.422523293902168,0.03869407496977025,0.9935493329423838,0.8374233557753608,0.7526712352687048,OOF logistic stacker
0.251,0.6335341365461847,0.6306088251722212,0.99310951473391,0.7713944087001082,0.705491328473961,0.5167482277418038,0.4240968364493873,0.0403869407496977,0.99310951473391,0.8374233557753608,0.7526712352687048,OOF logistic stacker
0.252,0.633442862358525,0.6305987522115654,0.9928163025949275,0.7712984054669704,0.702396150299331,0.5167225406565932,0.4242521439099558,0.04062877871825877,0.9928163025949275,0.8374233557753608,0.7526712352687048,OOF logistic stacker
0.253,0.6338079591091639,0.6308824899822942,0.9925230904559449,0.7714220601640839,0.7021079116578137,0.517301448492785,0.4256192869627759,0.042079806529625154,0.9925230904559449,0.8374233557753608,0.7526712352687048,OOF logistic stacker
0.254,0.6342643300474626,0.6312255176273084,0.9922298783169623,0.7715898079005872,0.702364895565791,0.5180012753132575,0.4272231483998244,0.0437726723095526,0.9922298783169623,0.8374233557753608,0.7526712352687048,OOF logistic stacker
0.255,0.634446878422782,0.6313923105636432,0.9919366661779798,0.7716257056509095,0.7011128219484883,0.5183383451808883,0.428098567111169,0.044740024183796856,0.9919366661779798,0.8374233557753608,0.7526712352687048,OOF logistic stacker
0.256,0.6346294267981015,0.6315838625326858,0.991496847969506,0.7716355753323064,0.6988564473953751,0.5187230309980541,0.4291670917957448,0.045949214026602174,0.991496847969506,0.8374233557753608,0.7526712352687048,OOF logistic stacker
0.257,0.6350857977364002,0.6319035604149145,0.9913502419000146,0.7718296998059582,0.7002655056976533,0.5193752418689916,0.43056177473213625,0.04740024183796856,0.9913502419000146,0.8374233557753608,0.7526712352687048,OOF logistic stacker
0.258,0.6357247170500182,0.6323419378974935,0.9912036358305234,0.7721121452635186,0.7025346053123831,0.5202692907084903,0.4324302485808386,0.049334945586457075,0.9912036358305234,0.8374233557753608,0.7526712352687048,OOF logistic stacker
0.259,0.635815991237678,0.632500234016662,0.9906172115525583,0.7720521023765996,0.6990339997922137,0.5205806734909104,0.4334398442917481,0.05054413542926239,0.9906172115525583,0.8374233557753608,0.7526712352687048,OOF logistic stacker
0.26,0.6359985396129975,0.6326186686639828,0.9906172115525583,0.7721403268197921,0.6999456979683549,0.5208225114594714,0.43391596839855817,0.05102781136638452,0.9906172115525583,0.8374233557753608,0.7526712352687048,OOF logistic stacker
0.261,0.6363636363636364,0.6329303720363603,0.9901773933440845,0.7722387377086668,0.6989213263690573,0.5214490352451983,0.4354406358226592,0.05272067714631197,0.9901773933440845,0.8374233557753608,0.7526712352687048,OOF logistic stacker
0.262,0.6364549105512961,0.6330645161290323,0.9897375751356106,0.7722047469259365,0.696669244365886,0.5217128020780833,0.4362491997561691,0.05368802902055623,0.9897375751356106,0.8374233557753608,0.7526712352687048,OOF logistic stacker
0.263,0.6373676524278934,0.6336838152459632,0.9895909690661193,0.7726206146626223,0.7000655918335079,0.5229696078704236,0.43879960672306606,0.05634824667472793,0.9895909690661193,0.8374233557753608,0.7526712352687048,OOF logistic stacker
0.264,0.6374589266155531,0.6338186942226397,0.9891511508576455,0.7725867399519065,0.6979382860180723,0.5232333747033089,0.43959971275598025,0.05731559854897219,0.9891511508576455,0.8374233557753608,0.7526712352687048,OOF logistic stacker
0.265,0.6382803943044907,0.6343550206844678,0.9891511508576455,0.7729850489774875,0.701552510342234,0.5243216455618336,0.441711379707599,0.059492140266021766,0.9891511508576455,0.8374233557753608,0.7526712352687048,OOF logistic stacker
0.266,0.6388280394304491,0.6347130761994355,0.9891511508576455,0.7732508165721163,0.7038596055843803,0.5250471594675168,0.44311498461423565,0.06094316807738815,0.9891511508576455,0.8374233557753608,0.7526712352687048,OOF logistic stacker
0.267,0.639193136181088,0.6350282485875707,0.9887113326491717,0.7733501519408291,0.7029307909604521,0.5256736832532436,0.44460395094245664,0.0626360338573156,0.9887113326491717,0.8374233557753608,0.7526712352687048,OOF logistic stacker
0.268,0.6400146038700255,0.635669150240498,0.9881249083712066,0.7736455463728191,0.7031036969332801,0.526952417909908,0.44742883379247017,0.06577992744860943,0.9881249083712066,0.8374233557753608,0.7526712352687048,OOF logistic stacker
0.269,0.6402884264330048,0.6359259958467057,0.9876850901627328,0.7737008326155613,0.7019408984758391,0.5274580227113543,0.4486694067458505,0.06723095525997581,0.9876850901627328,0.8374233557753608,0.7526712352687048,OOF logistic stacker
0.27,0.6406535231836437,0.6362691362691363,0.9870986658847676,0.7737746365569155,0.7004875093110388,0.528132162446616,0.4503160164376948,0.06916565900846433,0.9870986658847676,0.8374233557753608,0.7526712352687048,OOF logistic stacker
0.271,0.641201168309602,0.6366818009837306,0.9868054537457851,0.773989536020238,0.7011534004918654,0.528952908251369,0.4520534093024403,0.07110036275695285,0.9868054537457851,0.8374233557753608,0.7526712352687048,OOF logistic stacker
0.272,0.6417488134355605,0.6370692919348732,0.9866588476762937,0.7742306586137475,0.702463217396008,0.529726038106587,0.4536052785006003,0.07279322853688029,0.9866588476762937,0.8374233557753608,0.7526712352687048,OOF logistic stacker
0.273,0.6421139101861993,0.6373626373626373,0.9863656355373113,0.7743569085572883,0.7024313186813187,0.530304945942779,0.4548741543888978,0.07424425634824668,0.9863656355373113,0.8374233557753608,0.7526712352687048,OOF logistic stacker
0.274,0.6426615553121577,0.6377251184834123,0.9863656355373113,0.7746243739565943,0.7043305395372726,0.5310304598484622,0.45623973597631523,0.07569528415961306,0.9863656355373113,0.8374233557753608,0.7526712352687048,OOF logistic stacker
0.275,0.6432092004381161,0.6381142098273572,0.9862190294678199,0.7748660945689109,0.7055305348653694,0.5318035897036802,0.45777817808243304,0.0773881499395405,0.9862190294678199,0.8374233557753608,0.7526712352687048,OOF logistic stacker
0.276,0.6436655713764148,0.6384695718218931,0.9859258173288374,0.775037455341708,0.7057596086059821,0.5325034165241527,0.45926071977265304,0.07908101571946796,0.9859258173288374,0.8374233557753608,0.7526712352687048,OOF logistic stacker
0.277,0.6440306681270537,0.6388176028894592,0.9853393930508723,0.775112443778111,0.7044662727090973,0.5331775562594143,0.4608603794382896,0.08101571946795647,0.9853393930508723,0.8374233557753608,0.7526712352687048,OOF logistic stacker
0.278,0.6443044906900328,0.6390262457208064,0.985192786981381,0.7752206264059526,0.7047403955876759,0.5335879291617909,0.461708673858714,0.08198307134220073,0.985192786981381,0.8374233557753608,0.7526712352687048,OOF logistic stacker
0.279,0.6448521358159912,0.639497238621215,0.984606362703416,0.775385325867344,0.7041098527907836,0.5345039068656137,0.46374409025988683,0.08440145102781137,0.984606362703416,0.8374233557753608,0.7526712352687048,OOF logistic stacker
0.28,0.6452172325666301,0.6397941680960549,0.9843131505644334,0.7755125613629801,0.7040962182471617,0.5350828147018055,0.46498055738368715,0.08585247883917775,0.9843131505644334,0.8374233557753608,0.7526712352687048,OOF logistic stacker
0.281,0.6458561518802483,0.6402747305160736,0.9840199384254508,0.7757743874248728,0.7049153779430263,0.5360244794908391,0.466880249267992,0.08802902055622733,0.9840199384254508,0.8374233557753608,0.7526712352687048,OOF logistic stacker
0.28200000000000003,0.6466776195691858,0.64085179526356,0.9838733323559595,0.7761522003122651,0.7067895339954163,0.5371603662988987,0.4690460070623893,0.09044740024183796,0.9838733323559595,0.8374233557753608,0.7526712352687048,OOF logistic stacker
0.28300000000000003,0.646951442132165,0.6410893454371716,0.9835801202169769,0.7762351035520074,0.706491719561763,0.5376183551508101,0.4700457835096829,0.09165659008464329,0.9835801202169769,0.8374233557753608,0.7526712352687048,OOF logistic stacker
0.28400000000000003,0.6474990872581234,0.6415654004401493,0.9829936959390119,0.7764011116257526,0.7059312150715598,0.5385343328546329,0.47203676270942807,0.09407496977025392,0.9829936959390119,0.8374233557753608,0.7526712352687048,OOF logistic stacker
0.28500000000000003,0.6475903614457831,0.6417352997510055,0.9824072716610468,0.7763424665469502,0.7041361323657751,0.538845715637053,0.4729206417484159,0.09528415961305925,0.9824072716610468,0.8374233557753608,0.7526712352687048,OOF logistic stacker
0.28600000000000003,0.6482292807594012,0.642193041311224,0.9822606655915554,0.7766315057377999,0.705417744364981,0.5397397644765516,0.47461888726134305,0.09721886336154777,0.9822606655915554,0.8374233557753608,0.7526712352687048,OOF logistic stacker
0.28700000000000003,0.6487769258853596,0.6426172886884775,0.981967453452573,0.7768499188123406,0.7059240289596234,0.5405605102813046,0.4762570073924599,0.09915356711003627,0.981967453452573,0.8374233557753608,0.7526712352687048,OOF logistic stacker
0.28800000000000003,0.6492332968236583,0.6430080676142912,0.9815276352440991,0.77699762084373,0.7056952102777339,0.541307953051312,0.4778341384834166,0.10108827085852479,0.9815276352440991,0.8374233557753608,0.7526712352687048,OOF logistic stacker
0.289,0.6497809419496167,0.6434615384615384,0.9810878170356253,0.7771906393356948,0.7057235749861649,0.5421763148055998,0.47962068739327907,0.10326481257557436,0.9810878170356253,0.8374233557753608,0.7526712352687048,OOF logistic stacker
0.29,0.6500547645125958,0.6438131921039961,0.9802081806186776,0.7771707543880042,0.7036929358068142,0.5428247674556508,0.4812330610019069,0.10544135429262394,0.9802081806186776,0.8374233557753608,0.7526712352687048,OOF logistic stacker
0.291,0.6504198612632348,0.6440612657740102,0.9802081806186776,0.7773514707592141,0.704639328539179,0.543308443392773,0.4820939944029616,0.10640870616686819,0.9802081806186776,0.8374233557753608,0.7526712352687048,OOF logistic stacker
0.292,0.6512413289521723,0.6446480231436837,0.9800615745491863,0.7777325344657088,0.7062830559404425,0.5444443302008326,0.48418505562514413,0.10882708585247884,0.9800615745491863,0.8374233557753608,0.7526712352687048,OOF logistic stacker
0.293,0.6519715224534501,0.6452017764047113,0.9797683624102038,0.7780429594272077,0.7072162728177402,0.5455069139741466,0.48621142266733297,0.11124546553808948,0.9797683624102038,0.8374233557753608,0.7526712352687048,OOF logistic stacker
0.294,0.6525191675794085,0.6456883217324053,0.9791819381322386,0.7782114768424119,0.7068310889707778,0.5464228916779694,0.488115639411305,0.11366384522370013,0.9791819381322386,0.8374233557753608,0.7526712352687048,OOF logistic stacker
0.295,0.6524278933917488,0.6457950256459886,0.978302301715291,0.7780109595429637,0.7041174165148081,0.5465876683908982,0.488837341898426,0.11487303506650544,0.978302301715291,0.8374233557753608,0.7526712352687048,OOF logistic stacker
0.296,0.6526104417670683,0.6460331299040977,0.9777158774373259,0.7779981334577695,0.7029533737988103,0.5470199701575988,0.4898799392121062,0.11632406287787182,0.9777158774373259,0.8374233557753608,0.7526712352687048,OOF logistic stacker
0.297,0.6535231836436656,0.6467164613444563,0.9774226652983433,0.7784004670169293,0.7043474115068495,0.5483243918994739,0.4922951728643827,0.11922611850060459,0.9774226652983433,0.8374233557753608,0.7526712352687048,OOF logistic stacker
0.298,0.6538882803943045,0.6469960205765312,0.9772760592288521,0.7785564120532585,0.7048150087568721,0.548855683786131,0.4932882310892859,0.12043530834340992,0.9772760592288521,0.8374233557753608,0.7526712352687048,OOF logistic stacker
0.299,0.6544359255202629,0.647458944708969,0.9768362410203782,0.7787517531556802,0.7049324798732814,0.5497240455404189,0.4950008765778401,0.12261185006045949,0.9768362410203782,0.8374233557753608,0.7526712352687048,OOF logistic stacker
0.3,0.6544359255202629,0.6476023733099893,0.9761032106729218,0.778622383346977,0.7030604459142539,0.5499621252880933,0.49575609811839494,0.12382103990326482,0.9761032106729218,0.8374233557753608,0.7526712352687048,OOF logistic stacker
0.301,0.6542533771449434,0.6476199746909375,0.9753701803254655,0.7784017784017784,0.7008231645050588,0.5499583670672068,0.49609171526979745,0.12454655380894801,0.9753701803254655,0.8374233557753608,0.7526712352687048,OOF logistic stacker
0.302,0.6544359255202629,0.6478324403312226,0.9749303621169917,0.7784150766709587,0.7001825009181438,0.5503430528843725,0.49695722751906823,0.12575574365175332,0.9749303621169917,0.8374233557753608,0.7526712352687048,OOF logistic stacker
0.303,0.6546184738955824,0.6481029942455867,0.9741973317695353,0.7783764788567412,0.6988736877344577,0.550822970600608,0.49811754906044997,0.12744860943168076,0.9741973317695353,0.8374233557753608,0.7526712352687048,OOF logistic stacker
0.304,0.6549835706462213,0.6483848931394555,0.974050725700044,0.7785329271150692,0.6993687512241706,0.551354262487265,0.4990930531529103,0.1286577992744861,0.974050725700044,0.8374233557753608,0.7526712352687048,OOF logistic stacker
0.305,0.6553486673968602,0.6487542745481192,0.9734643014220788,0.7786116322701688,0.6988570263170555,0.5520284022225267,0.5005084520494172,0.13059250302297462,0.9734643014220788,0.8374233557753608,0.7526712352687048,OOF logistic stacker
0.306,0.6559875867104783,0.6493150684931507,0.9728778771441138,0.7788275335954463,0.6989781864204884,0.55306529891063,0.5025322229668876,0.1332527206771463,0.9728778771441138,0.8374233557753608,0.7526712352687048,OOF logistic stacker
0.307,0.6563526834611172,0.6496278887583236,0.9725846650051312,0.778958492338402,0.699141901368409,0.5536442067468219,0.5036419844352391,0.1347037484885127,0.9725846650051312,0.8374233557753608,0.7526712352687048,OOF logistic stacker
0.308,0.6566265060240963,0.6499362807567886,0.9719982407271661,0.7789918928445541,0.6984780741532287,0.5541974274978031,0.5048333697351605,0.13639661426844016,0.9719982407271661,0.8374233557753608,0.7526712352687048,OOF logistic stacker
0.309,0.6568090543994158,0.6501815327249534,0.971411816449201,0.778979543851399,0.6976397859703198,0.5546297292645038,0.5058163025379444,0.13784764207980654,0.971411816449201,0.8374233557753608,0.7526712352687048,OOF logistic stacker
0.31,0.6572654253377145,0.6505893909626719,0.9709719982407272,0.7791306393741545,0.6977173758937071,0.5553771720345111,0.5072602901615224,0.13978234582829505,0.9709719982407272,0.8374233557753608,0.7526712352687048,OOF logistic stacker
0.311,0.6578130704636729,0.6510621557828482,0.9705321800322534,0.7793278003413974,0.6979930068254343,0.556245533788799,0.5089001382369185,0.1419588875453446,0.9705321800322534,0.8374233557753608,0.7526712352687048,OOF logistic stacker
0.312,0.6583607155896313,0.6515062020082694,0.9702389678932708,0.7795512103186288,0.6985601185479944,0.5570662795935519,0.510391863014575,0.14389359129383314,0.9702389678932708,0.8374233557753608,0.7526712352687048,OOF logistic stacker
0.313,0.6586345381526104,0.6518781425613723,0.9693593314763231,0.7795331289790144,0.6974027859178326,0.5577147322436029,0.5118360875291191,0.1460701330108827,0.9693593314763231,0.8374233557753608,0.7526712352687048,OOF logistic stacker
0.314,0.6587258123402702,0.6520323599052881,0.9689195132678493,0.7795010909948694,0.6967478872697173,0.5579784990764881,0.5124548845488979,0.14703748488512697,0.9689195132678493,0.8374233557753608,0.7526712352687048,OOF logistic stacker
0.315,0.6589996349032493,0.6523155919818308,0.9684796950593755,0.7795610101486901,0.6964834895976705,0.5584841038779345,0.5134710771936037,0.14848851269649335,0.9684796950593755,0.8374233557753608,0.7526712352687048,OOF logistic stacker
0.316,0.6595472800292077,0.6527626766828111,0.9681864829203929,0.7797850985948754,0.6970607185559466,0.5593048496826873,0.5149428106565048,0.15042321644498186,0.9681864829203929,0.8374233557753608,0.7526712352687048,OOF logistic stacker
0.317,0.6594560058415481,0.6529400118788359,0.9670136343644626,0.7795308160491639,0.6947369848621345,0.5595648582946859,0.5158427782390538,0.1521160822249093,0.9670136343644626,0.8374233557753608,0.7526712352687048,OOF logistic stacker
0.318,0.659821102592187,0.6533505154639175,0.9662806040170063,0.7795848364776155,0.6941867784692859,0.5602866139794827,0.5173159041472626,0.1542926239419589,0.9662806040170063,0.8374233557753608,0.7526712352687048,OOF logistic stacker
0.319,0.6603687477181454,0.6538308852719333,0.9658407858085325,0.779783393501805,0.694529078999603,0.5611549757337705,0.5189046578675526,0.15646916565900845,0.9658407858085325,0.8374233557753608,0.7526712352687048,OOF logistic stacker
0.32,0.660460021905805,0.6541099294304741,0.9648145433220935,0.7796469612605141,0.6929767524247342,0.5616092063647953,0.5200421685030205,0.15840386940749698,0.9648145433220935,0.8374233557753608,0.7526712352687048,OOF logistic stacker
0.321,0.660825118656444,0.6544622425629291,0.9643747251136197,0.7797534376481745,0.6929769776350556,0.5622357301505221,0.5212259251732936,0.16009673518742443,0.9643747251136197,0.8374233557753608,0.7526712352687048,OOF logistic stacker
0.322,0.6611902154070829,0.6548461002091842,0.9637883008356546,0.7798339264531435,0.6927447513041559,0.5629098698857837,0.5225377074862709,0.16203143893591293,0.9637883008356546,0.8374233557753608,0.7526712352687048,OOF logistic stacker
0.323,0.661464037970062,0.6551655364978062,0.9632018765576895,0.7798682414386611,0.6923456992833859,0.5634630906367649,0.5236493093426764,0.16372430471584037,0.9632018765576895,0.8374233557753608,0.7526712352687048,OOF logistic stacker
0.324,0.6621029572836802,0.6557475282133227,0.9626154522797243,0.7800879173102055,0.6926669772561842,0.5644999873248682,0.5255303706283205,0.16638452237001208,0.9626154522797243,0.8374233557753608,0.7526712352687048,OOF logistic stacker
0.325,0.662833150784958,0.6563343665633437,0.9623222401407419,0.7804066103911544,0.6936122094596823,0.5655625710981823,0.5273349358439072,0.16880290205562273,0.9623222401407419,0.8374233557753608,0.7526712352687048,OOF logistic stacker
0.326,0.6625593282219788,0.6563250600480385,0.9614426037237942,0.780110628680188,0.6917517416422765,0.5654855098425501,0.5275332511904568,0.1695284159613059,0.9614426037237942,0.8374233557753608,0.7526712352687048,OOF logistic stacker
0.327,0.6624680540343191,0.6564786050706484,0.9604163612373552,0.7798809523809523,0.6900612063224276,0.5656979025050137,0.5282425106192712,0.1709794437726723,0.9604163612373552,0.8374233557753608,0.7526712352687048,OOF logistic stacker
0.328,0.6624680540343191,0.6566984445559458,0.9593901187509163,0.7796973668533301,0.6885914018945218,0.566031214151758,0.5291385780813666,0.17267230955259977,0.9593901187509163,0.8374233557753608,0.7526712352687048,OOF logistic stacker
0.329,0.6627418765972983,0.6569277108433735,0.959243512681425,0.7798104999702044,0.6889056224899599,0.5664415870541345,0.5298389860989201,0.173639661426844,0.959243512681425,0.8374233557753608,0.7526712352687048,OOF logistic stacker
0.33,0.6627418765972983,0.6570854271356784,0.9585104823339686,0.7796792081569376,0.687886649949549,0.566679666801809,0.5304737219543685,0.17484885126964933,0.9585104823339686,0.8374233557753608,0.7526712352687048,OOF logistic stacker
0.331,0.662833150784958,0.6572463039324148,0.9580706641254948,0.7796468623240277,0.6874582951053979,0.5669434336346942,0.5310433223819051,0.1758162031438936,0.9580706641254948,0.8374233557753608,0.7526712352687048,OOF logistic stacker
0.332,0.6627418765972983,0.6573701167942005,0.9571910277085471,0.7794424879126126,0.6861069333971003,0.567108210347623,0.5316092067397915,0.17702539298669892,0.9571910277085471,0.8374233557753608,0.7526712352687048,OOF logistic stacker
0.333,0.6632895217232566,0.6579265832997176,0.9564579973610907,0.7795901296528649,0.6861748301113972,0.5680718040009807,0.5333699440534856,0.17968561064087063,0.9564579973610907,0.8374233557753608,0.7526712352687048,OOF logistic stacker
0.334,0.663837166849215,0.6584848484848485,0.9557249670136344,0.7797380539441421,0.68625,0.5690353976543383,0.5351204236201157,0.1823458282950423,0.9557249670136344,0.8374233557753608,0.7526712352687048,OOF logistic stacker
0.335,0.6647499087258123,0.6591506572295248,0.9557249670136344,0.7802046556160612,0.687924296719828,0.5702445874971437,0.5369971557257387,0.18476420798065296,0.9557249670136344,0.8374233557753608,0.7526712352687048,OOF logistic stacker
0.336,0.664841182913472,0.6594430379746835,0.9546987245271954,0.780067081935793,0.6867982997458986,0.5706988181281685,0.5380396759372217,0.18669891172914146,0.9546987245271954,0.8374233557753608,0.7526712352687048,OOF logistic stacker
0.337,0.6652062796641109,0.6598073998986316,0.9542589063187216,0.7801749970034759,0.6869156156230096,0.5713253419138953,0.539149878907402,0.18839177750906894,0.9542589063187216,0.8374233557753608,0.7526712352687048,OOF logistic stacker
0.338,0.6652975538517707,0.6600040584415584,0.9536724820407565,0.7801163278767165,0.6863656655844156,0.5716367246963153,0.5398193864789504,0.18960096735187423,0.9536724820407565,0.8374233557753608,0.7526712352687048,OOF logistic stacker
0.339,0.6658451989777291,0.6605691056910569,0.9529394516933001,0.7802652901986675,0.6864673485444532,0.5726003183496731,0.541532378483451,0.19226118500604594,0.9529394516933001,0.8374233557753608,0.7526712352687048,OOF logistic stacker
0.34,0.666575392479007,0.6611393692777212,0.9527928456238088,0.7806137769503333,0.6875856704292691,0.5736152861734521,0.5431295457646553,0.19443772672309553,0.9527928456238088,0.8374233557753608,0.7526712352687048,OOF logistic stacker
0.341,0.6669404892296459,0.6615071283095723,0.952353027415335,0.780722312361036,0.6877077895068988,0.574241809959179,0.5442219036667635,0.19613059250302298,0.952353027415335,0.8374233557753608,0.7526712352687048,OOF logistic stacker
0.342,0.6670317634173056,0.6616732905329664,0.9519132092068612,0.7806901526992907,0.687354580524576,0.5745055767920642,0.5447596273159204,0.19709794437726724,0.9519132092068612,0.8374233557753608,0.7526712352687048,OOF logistic stacker
0.343,0.6674881343556043,0.6621428571428571,0.9513267849288961,0.7808194452800674,0.6874728126544736,0.5753006355116065,0.5461458783761894,0.1992744860943168,0.9513267849288961,0.8374233557753608,0.7526712352687048,OOF logistic stacker
0.34400000000000003,0.6674881343556043,0.6622753267973857,0.9507403606509309,0.7807138987539879,0.6868077664914763,0.575491099309746,0.5466128467161145,0.20024183796856107,0.9507403606509309,0.8374233557753608,0.7526712352687048,OOF logistic stacker
0.34500000000000003,0.6676706827309237,0.6626099406831663,0.9498607242339833,0.780649436713055,0.6861436800190025,0.5760186329755164,0.5476746148368588,0.20217654171704957,0.9498607242339833,0.8374233557753608,0.7526712352687048,OOF logistic stacker
0.34600000000000003,0.6677619569185834,0.6628109325417136,0.9492742999560182,0.7805907172995781,0.6856598891857684,0.5763300157579365,0.5483186581612509,0.2033857315598549,0.9492742999560182,0.8374233557753608,0.7526712352687048,OOF logistic stacker
0.34700000000000003,0.6683096020445418,0.6633521271143004,0.948687875678053,0.7807673745173745,0.6859641568127706,0.5772459934617593,0.5498664458793769,0.20580411124546555,0.948687875678053,0.8374233557753608,0.7526712352687048,OOF logistic stacker
0.34800000000000003,0.6682183278568821,0.6634516724810179,0.9479548453305967,0.7805879157361019,0.6850316213644758,0.5773631542251533,0.5502565397202492,0.2067714631197098,0.9479548453305967,0.8374233557753608,0.7526712352687048,OOF logistic stacker
0.34900000000000003,0.6686746987951807,0.6638258548105554,0.9478082392611054,0.7807971014492754,0.6856516291308323,0.5780153650960907,0.5512729901865211,0.20822249093107617,0.9478082392611054,0.8374233557753608,0.7526712352687048,OOF logistic stacker
0.35000000000000003,0.66894852135816,0.6642328259975319,0.9469286028441577,0.7807796917497734,0.6852008285831815,0.5786638177461417,0.5524915786865132,0.21039903264812576,0.9469286028441577,0.8374233557753608,0.7526712352687048,OOF logistic stacker
0.35100000000000003,0.669587440671778,0.6648470491296735,0.9463421785661926,0.7810042347247429,0.6856713192721342,0.5797007144342451,0.5541959114909482,0.21305925030229747,0.9463421785661926,0.8374233557753608,0.7526712352687048,OOF logistic stacker
0.352,0.6701350857977364,0.6653945332645693,0.9457557542882276,0.7811818842334706,0.6859883054903338,0.5806166921380678,0.5557132549410496,0.2154776299879081,0.9457557542882276,0.8374233557753608,0.7526712352687048,OOF logistic stacker
0.353,0.6710478276743337,0.6661501910959612,0.945462542149245,0.7816022300327233,0.6871927426068041,0.5819211138799429,0.5577142388610936,0.21837968561064086,0.945462542149245,0.8374233557753608,0.7526712352687048,OOF logistic stacker
0.354,0.6711391018619934,0.6663908996897622,0.9447295118017885,0.7815171911951974,0.6866169117422372,0.5822801126118979,0.5584398352212844,0.21983071342200725,0.9447295118017885,0.8374233557753608,0.7526712352687048,OOF logistic stacker
0.355,0.6714129244249726,0.6669084879262099,0.9434100571763671,0.7814207650273224,0.6857878323334187,0.5830714131105535,0.5599496327892952,0.22273276904474001,0.9434100571763671,0.8374233557753608,0.7526712352687048,OOF logistic stacker
0.356,0.6717780211756116,0.6672891378773732,0.9429702389678932,0.7815309842041313,0.6859604383388385,0.5836979368962804,0.5609782580595124,0.22442563482466749,0.9429702389678932,0.8374233557753608,0.7526712352687048,OOF logistic stacker
0.357,0.6722343921139102,0.6677399252181139,0.9425304207594194,0.7816888564654386,0.6862796011632738,0.5844453796662877,0.5621788598636913,0.226360338573156,0.9425304207594194,0.8374233557753608,0.7526712352687048,OOF logistic stacker
0.358,0.6724169404892296,0.668088204701477,0.9416507843424717,0.7816245816854275,0.6857579622613197,0.5849729133320581,0.5631694206583062,0.2282950423216445,0.9416507843424717,0.8374233557753608,0.7526712352687048,OOF logistic stacker
0.359,0.6731471339905075,0.6687851635757449,0.9410643600645067,0.7818990194287107,0.6863807997554718,0.586130729004442,0.5649891965885588,0.23119709794437726,0.9410643600645067,0.8374233557753608,0.7526712352687048,OOF logistic stacker
0.36,0.6735122307411464,0.6692757253183051,0.940184723647559,0.7819301347314516,0.6861662469386285,0.5869001006387735,0.5663144955741121,0.2336154776299879,0.940184723647559,0.8374233557753608,0.7526712352687048,OOF logistic stacker
0.361,0.6738773274917853,0.669732441471572,0.9394516933001026,0.7819879187259747,0.6860910045974575,0.58762185632357,0.5675284514868331,0.23579201934703747,0.9394516933001026,0.8374233557753608,0.7526712352687048,OOF logistic stacker
0.362,0.6739686016794451,0.6700156985871272,0.9385720568831549,0.7818759159745969,0.6854718036119076,0.58802847100506,0.5683223510508822,0.23748488512696495,0.9385720568831549,0.8374233557753608,0.7526712352687048,OOF logistic stacker
0.363,0.6741511500547646,0.6703342764329875,0.9378390265356986,0.7818381813737473,0.6851317525123182,0.5885083887212955,0.569181527601077,0.2391777509068924,0.9378390265356986,0.8374233557753608,0.7526712352687048,OOF logistic stacker
0.364,0.6738773274917853,0.6704450041981528,0.9365195719102771,0.7814545232124289,0.6836118578413732,0.5885741753142679,0.5695875887678179,0.24062877871825877,0.9365195719102771,0.8374233557753608,0.7526712352687048,OOF logistic stacker
0.365,0.6741511500547646,0.6707996217295367,0.935933147632312,0.781491002570694,0.6835582542282151,0.5891273960652491,0.5705086875070908,0.24232164449818622,0.935933147632312,0.8374233557753608,0.7526712352687048,OOF logistic stacker
0.366,0.6746987951807228,0.6712588074455779,0.9357865415628207,0.7817513778322106,0.6842817879660509,0.5899005259204672,0.5716352732944643,0.24401451027811366,0.9357865415628207,0.8374233557753608,0.7526712352687048,OOF logistic stacker
0.367,0.6749726177437021,0.6717597471022129,0.9346136930068905,0.7816810741217584,0.6837652760067681,0.5906442104695879,0.5729508745006221,0.24667472793228537,0.9346136930068905,0.8374233557753608,0.7526712352687048,OOF logistic stacker
0.368,0.6750638919313618,0.6719755300073832,0.9340272687289254,0.7816218868850447,0.6834453921223357,0.5909555932520081,0.5735203908578521,0.2478839177750907,0.9340272687289254,0.8374233557753608,0.7526712352687048,OOF logistic stacker
0.369,0.6757028112449799,0.6727272727272727,0.9330010262424865,0.7817701615379891,0.6836229946524064,0.5921353377887161,0.575399376631186,0.2512696493349456,0.9330010262424865,0.8374233557753608,0.7526712352687048,OOF logistic stacker
0.37,0.6757940854326396,0.6729812678590327,0.9322679958950301,0.7816840811309158,0.6832059623966696,0.592494336520671,0.5760600483641108,0.25272067714631197,0.9322679958950301,0.8374233557753608,0.7526712352687048,OOF logistic stacker
0.371,0.6760679079956189,0.6733050847457627,0.9318281776865562,0.7817477399913905,0.6832884262778945,0.5929999413221173,0.576858651450305,0.2541717049576784,0.9318281776865562,0.8374233557753608,0.7526712352687048,OOF logistic stacker
0.372,0.6761591821832785,0.6735602927139676,0.9310951473390998,0.7816615384615384,0.6828836172148751,0.5933589400540723,0.5775139200608645,0.25562273276904474,0.9310951473390998,0.8374233557753608,0.7526712352687048,OOF logistic stacker
0.373,0.6767981014968967,0.67413463580378,0.9308019352001173,0.7819447010283884,0.6836212840917469,0.5943006048431059,0.5788799831600606,0.2577992744860943,0.9308019352001173,0.8374233557753608,0.7526712352687048,OOF logistic stacker
0.374,0.6770719240598758,0.6744606228079498,0.9303621169916435,0.7820086260012323,0.6837073637633801,0.5948062096445521,0.5796702756898101,0.2592503022974607,0.9303621169916435,0.8374233557753608,0.7526712352687048,OOF logistic stacker
0.375,0.6778933917488135,0.6751436475845924,0.9302155109221522,0.7824156853073556,0.6848118751401782,0.5959420964526118,0.5812658085767413,0.26166868198307136,0.9302155109221522,0.8374233557753608,0.7526712352687048,OOF logistic stacker
0.376,0.6780759401241329,0.6755863539445629,0.929042662366222,0.7822973890500586,0.6842398774798957,0.596564862017452,0.5823586402438177,0.264087061668682,0.929042662366222,0.8374233557753608,0.7526712352687048,OOF logistic stacker
0.377,0.6780759401241329,0.6757362355953905,0.9284562380882568,0.7821898351139381,0.6838277137572912,0.5967553258155915,0.5827368129932342,0.26505441354292625,0.9284562380882568,0.8374233557753608,0.7526712352687048,OOF logistic stacker
0.378,0.6783497626871121,0.6762159273115981,0.9274299956018179,0.7821463897131553,0.6835170829562363,0.5974513944151774,0.5838904891383071,0.2674727932285369,0.9274299956018179,0.8374233557753608,0.7526712352687048,OOF logistic stacker
0.379,0.6789886820007301,0.676911544227886,0.9266969652543615,0.782350392969862,0.6839440292214831,0.5985359070528156,0.5855085877590489,0.27037484885126967,0.9266969652543615,0.8374233557753608,0.7526712352687048,OOF logistic stacker
0.38,0.6796276013143483,0.6775335120643432,0.9262571470458877,0.782608695652174,0.6845668786563286,0.599525187791384,0.5869339003755146,0.2727932285368803,0.9262571470458877,0.8374233557753608,0.7526712352687048,OOF logistic stacker
0.381,0.6793537787513692,0.6776584317937702,0.9249376924204662,0.7822205690905709,0.6833006618264112,0.5995909743843564,0.5872701184840504,0.2742442563482467,0.9249376924204662,0.8374233557753608,0.7526712352687048,OOF logistic stacker
0.382,0.6799014238773274,0.6783638320775027,0.9239114499340273,0.7823226367078394,0.6834196111167825,0.6006497999367839,0.5888858486073243,0.27738814993954053,0.9239114499340273,0.8374233557753608,0.7526712352687048,OOF logistic stacker
0.383,0.6801752464403067,0.6786984161189527,0.9234716317255535,0.7823872810830953,0.6835283125370883,0.6011554047382301,0.5896445871852654,0.2788391777509069,0.9234716317255535,0.8374233557753608,0.7526712352687048,OOF logistic stacker
0.384,0.6799926980649872,0.6788218793828892,0.9224453892391145,0.7821006836544437,0.6826237434851612,0.6012468784164133,0.5899510632288021,0.2800483675937122,0.9224453892391145,0.8374233557753608,0.7526712352687048,OOF logistic stacker
0.385,0.6808141657539248,0.6795204147764096,0.9222987831696232,0.7825113502083463,0.683694247435319,0.6023827652244731,0.5914956888192426,0.28246674727932286,0.9222987831696232,0.8374233557753608,0.7526712352687048,OOF logistic stacker
0.386,0.6814530850675429,0.6802294124012552,0.9215657528221668,0.7827169717345287,0.684138029815788,0.6034672778621112,0.5930678875766661,0.28536880290205563,0.9215657528221668,0.8374233557753608,0.7526712352687048,OOF logistic stacker
0.387,0.681087988316904,0.6802861168310393,0.9202462981967453,0.7822781655034895,0.682826690572836,0.6034121454708031,0.5932195738840776,0.28657799274486095,0.9202462981967453,0.8374233557753608,0.7526712352687048,OOF logistic stacker
0.388,0.6809967141292442,0.6805254016500217,0.9190734496408152,0.78201210004366,0.6820058200910659,0.6036721540828018,0.5937616206971149,0.2882708585247884,0.9190734496408152,0.8374233557753608,0.7526712352687048,OOF logistic stacker
0.389,0.6818181818181818,0.6813091225399587,0.9186336314323413,0.782369833936821,0.6828944703092061,0.6049032727899313,0.5954604514102158,0.29117291414752117,0.9186336314323413,0.8374233557753608,0.7526712352687048,OOF logistic stacker
0.39,0.6822745527564804,0.6818775865824439,0.9179006010848849,0.7824782853215022,0.6831033930657429,0.6057459474590083,0.5966884572655912,0.2935912938331318,0.9179006010848849,0.8374233557753608,0.7526712352687048,OOF logistic stacker
0.391,0.6828221978824388,0.6824825479930192,0.9173141768069198,0.7826630808680968,0.6835231531911405,0.6066619251628311,0.5979835748760541,0.29600967351874247,0.9173141768069198,0.8374233557753608,0.7526712352687048,OOF logistic stacker
0.392,0.6833698430083972,0.6829694323144104,0.9171675707374285,0.7829297290532508,0.6841907295202342,0.6074350550180492,0.5990183968146038,0.2977025392986699,0.9171675707374285,0.8374233557753608,0.7526712352687048,OOF logistic stacker
0.393,0.683461117196057,0.6833242208857299,0.9161413282509896,0.7827884254039834,0.683738311436791,0.607889285649074,0.5997695911076426,0.2996372430471584,0.9161413282509896,0.8374233557753608,0.7526712352687048,OOF logistic stacker
0.394,0.6832785688207375,0.6835359842260926,0.9148218736255681,0.7824451410658307,0.6827641606954218,0.6080759912263269,0.6002128422538144,0.30133010882708583,0.9148218736255681,0.8374233557753608,0.7526712352687048,OOF logistic stacker
0.395,0.6830047462577583,0.6836734693877551,0.9135024190001466,0.7820520866018199,0.6816847260076668,0.6081417778192995,0.6004956768963592,0.30278113663845224,0.9135024190001466,0.8374233557753608,0.7526712352687048,OOF logistic stacker
0.396,0.6830960204454181,0.6841526448916749,0.9120363583052339,0.7818273218549705,0.681045726632633,0.6087388562989289,0.6014838509908397,0.3054413542926239,0.9120363583052339,0.8374233557753608,0.7526712352687048,OOF logistic stacker
0.397,0.6830960204454181,0.6845179063360881,0.9107169036798124,0.7815802717664821,0.6803769754965927,0.609167399844743,0.602226306096007,0.30761789600967354,0.9107169036798124,0.8374233557753608,0.7526712352687048,OOF logistic stacker
0.398,0.6833698430083972,0.6851933701657459,0.9091042369154083,0.7814252410056077,0.6799524038656641,0.6100539322424684,0.6035912829759044,0.31100362756952843,0.9091042369154083,0.8374233557753608,0.7526712352687048,OOF logistic stacker
0.399,0.6838262139466958,0.6857775318206973,0.9083712065679519,0.7815338042381433,0.6802130761654241,0.6108966069115455,0.6047695441269977,0.3134220072551391,0.9083712065679519,0.8374233557753608,0.7526712352687048,OOF logistic stacker
0.4,0.6842825848849945,0.6863223232099313,0.9077847822899868,0.7816701382313955,0.680544822411584,0.6116916656310878,0.6058622564612242,0.31559854897218864,0.9077847822899868,0.8374233557753608,0.7526712352687048,OOF logistic stacker
0.401,0.684465133260314,0.6867643793026871,0.9067585398035478,0.7815757882100208,0.6803052665744205,0.612266815246393,0.6067287322315511,0.3177750906892382,0.9067585398035478,0.8374233557753608,0.7526712352687048,OOF logistic stacker
0.402,0.6843738590726542,0.6869787612587568,0.9057322973171089,0.7813329960794233,0.6797094519487874,0.6124792079088568,0.6071309126018631,0.3192261185006046,0.9057322973171089,0.8374233557753608,0.7526712352687048,OOF logistic stacker
0.403,0.6850127783862724,0.6876809979950992,0.9051458730391438,0.7815684536996013,0.6802914595637781,0.61351610459696,0.6085169276513711,0.3218863361547763,0.9051458730391438,0.8374233557753608,0.7526712352687048,OOF logistic stacker
0.404,0.685469149324571,0.688358075678089,0.9041196305527048,0.7816223067173638,0.680433419411403,0.6144540111651069,0.6098261566202605,0.32478839177750907,0.9041196305527048,0.8374233557753608,0.7526712352687048,OOF logistic stacker
0.405,0.6851040525739321,0.6885135890839951,0.9025069637883009,0.7811191473163304,0.6792443875941068,0.6144941106728687,0.6100717687801164,0.3264812575574365,0.9025069637883009,0.8374233557753608,0.7526712352687048,OOF logistic stacker
0.406,0.6856516976998904,0.6892300795696514,0.9016273273713532,0.78125,0.6795879861694789,0.6155053202757612,0.6114421206225681,0.3293833131801693,0.9016273273713532,0.8374233557753608,0.7526712352687048,OOF logistic stacker
0.40700000000000003,0.6856516976998904,0.6894423875238416,0.9008942970238968,0.7811109698741578,0.6792782177462575,0.6157434000234356,0.6118245040371113,0.3305925030229746,0.9008942970238968,0.8374233557753608,0.7526712352687048,OOF logistic stacker
0.40800000000000003,0.6859255202628697,0.6898876404494382,0.9001612666764404,0.7811207938426309,0.679330979757793,0.6163442367239518,0.6126569887481609,0.33252720677146314,0.9001612666764404,0.8374233557753608,0.7526712352687048,OOF logistic stacker
0.40900000000000003,0.6865644395764877,0.6907309381687127,0.8991350241900015,0.7812738853503185,0.6797419736582611,0.6175239812606598,0.6142364275431567,0.335912938331318,0.8991350241900015,0.8374233557753608,0.7526712352687048,OOF logistic stacker
0.41000000000000003,0.6869295363271267,0.691257755217146,0.898401993842545,0.7813336733392834,0.6799186910949432,0.6182457369454564,0.6152090788797284,0.3380894800483676,0.898401993842545,0.8374233557753608,0.7526712352687048,OOF logistic stacker
0.41100000000000003,0.6871120847024461,0.6917165781444231,0.8973757513561061,0.781238034460753,0.6797453322615803,0.6188208865607616,0.6160275401397004,0.34026602176541715,0.8973757513561061,0.8374233557753608,0.7526712352687048,OOF logistic stacker
0.41200000000000003,0.6872946330777656,0.6921335597057159,0.8964961149391585,0.781170158405723,0.6796358510456915,0.619348420226532,0.6167679436529894,0.3422007255139057,0.8964961149391585,0.8374233557753608,0.7526712352687048,OOF logistic stacker
0.41300000000000003,0.6879335523913838,0.6929884275017019,0.8954698724527196,0.781323952670291,0.6800609737881992,0.6205281647632401,0.6183185001522555,0.34558645707376057,0.8954698724527196,0.8374233557753608,0.7526712352687048,OOF logistic stacker
0.41400000000000003,0.6882986491420227,0.6936107321509777,0.8944436299662806,0.7813280399564577,0.6801386994088221,0.6213451523471064,0.6194169985326371,0.3482466747279323,0.8944436299662806,0.8374233557753608,0.7526712352687048,OOF logistic stacker
0.41500000000000004,0.6882986491420227,0.6939635535307517,0.8932707814103504,0.7811037753990129,0.6797023650006699,0.6217260799433856,0.619992546866041,0.3501813784764208,0.8932707814103504,0.8374233557753608,0.7526712352687048,OOF logistic stacker
0.41600000000000004,0.688481197517342,0.6944317663167503,0.8922445389239114,0.7810073788899583,0.6795607736693241,0.6223012295586909,0.62078660393842,0.3523579201934704,0.8922445389239114,0.8374233557753608,0.7526712352687048,OOF logistic stacker
0.417,0.6887550200803213,0.6949365641787633,0.8913649025069638,0.7809890815671162,0.6795933387273517,0.6229496822087419,0.6216519043912528,0.35453446191051996,0.8913649025069638,0.8374233557753608,0.7526712352687048,OOF logistic stacker
0.418,0.6890288426433004,0.6953089244851258,0.8909250842984899,0.7810552021078336,0.6797844261414798,0.6234552870101882,0.6223021247509724,0.3559854897218863,0.8909250842984899,0.8374233557753608,0.7526712352687048,OOF logistic stacker
0.419,0.6893939393939394,0.6958963778083448,0.8900454478815423,0.7810871662914121,0.6799374362160003,0.6242246586445196,0.6233062657277698,0.35840386940749697,0.8900454478815423,0.8374233557753608,0.7526712352687048,OOF logistic stacker
0.42,0.6893939393939394,0.6962563160312356,0.8888725993256121,0.7808616137549101,0.6795338519657957,0.6246055862407989,0.623863362102271,0.3603385731559855,0.8888725993256121,0.8374233557753608,0.7526712352687048,OOF logistic stacker
0.421,0.690215407082877,0.6971579795190427,0.888286175047647,0.7812016503352244,0.68036706922972,0.6258843208974632,0.6254445751676122,0.3634824667472793,0.888286175047647,0.8374233557753608,0.7526712352687048,OOF logistic stacker
0.422,0.6904892296458561,0.6976717381281696,0.8874065386306993,0.7811834548622314,0.6804148164325059,0.6265327735475141,0.6262893112191126,0.3656590084643289,0.8874065386306993,0.8374233557753608,0.7526712352687048,OOF logistic stacker
0.423,0.6907630522088354,0.6982330523155099,0.8863802961442604,0.7811369509043927,0.6804182240245378,0.6272288421471,0.6271978286860272,0.36807738814993957,0.8863802961442604,0.8374233557753608,0.7526712352687048,OOF logistic stacker
0.424,0.690215407082877,0.6983906448998495,0.8843278111713825,0.780437314012162,0.6790788929544526,0.6271699515349053,0.6272809439599081,0.37001209189842804,0.8843278111713825,0.8374233557753608,0.7526712352687048,OOF logistic stacker
0.425,0.6903979554581964,0.6986904623942519,0.8838879929629087,0.780453074433657,0.6791690386745648,0.6275546373520711,0.6277690937008892,0.37122128174123337,0.8838879929629087,0.8374233557753608,0.7526712352687048,OOF logistic stacker
0.426,0.6906717780211756,0.6991643454038997,0.8831549626154522,0.7804625251020276,0.6792830274028046,0.6281554740525871,0.6285324208521721,0.3731559854897219,0.8831549626154522,0.8374233557753608,0.7526712352687048,OOF logistic stacker
0.427,0.6904892296458561,0.6994186046511628,0.8818355079900307,0.780105051553077,0.678656670746634,0.6283421796298401,0.6288446995556172,0.37484885126964934,0.8818355079900307,0.8374233557753608,0.7526712352687048,OOF logistic stacker
0.428,0.6907630522088354,0.6998951904040992,0.8811024776425744,0.7801142263759087,0.6787783254679847,0.6289430163303562,0.6296020086369088,0.3767835550181379,0.8811024776425744,0.8374233557753608,0.7526712352687048,OOF logistic stacker
0.429,0.6911281489594743,0.7005484887384759,0.8800762351561354,0.7801169590643274,0.6789294601212279,0.6297600039142225,0.6306288567170764,0.37944377267230955,0.8800762351561354,0.8374233557753608,0.7526712352687048,OOF logistic stacker
0.43,0.6911281489594743,0.7009706467079874,0.8787567805307139,0.7798594847775175,0.6785518514205218,0.6301885474600365,0.6312141460584836,0.3816203143893591,0.8787567805307139,0.8374233557753608,0.7526712352687048,OOF logistic stacker
0.431,0.6915845198977729,0.7016166822867854,0.8780237501832576,0.7799700462329883,0.6789075146971117,0.6310312221291137,0.6322428415756856,0.38403869407496977,0.8780237501832576,0.8374233557753608,0.7526712352687048,OOF logistic stacker
0.432,0.6920408908360716,0.7022175290390708,0.8774373259052924,0.7801094890510949,0.6793044077583352,0.6318262808486559,0.6332033437947313,0.38621523579201933,0.8774373259052924,0.8374233557753608,0.7526712352687048,OOF logistic stacker
0.433,0.6919496166484118,0.7024201127819549,0.8765576894883448,0.7798865192721581,0.678951463919619,0.6319910575615847,0.6334453116196632,0.38742442563482465,0.8765576894883448,0.8374233557753608,0.7526712352687048,OOF logistic stacker
0.434,0.6924059875867105,0.7031673142588014,0.8755314470019059,0.7799399242523182,0.6792328654119829,0.6329289641297317,0.6345895438175807,0.3903264812575574,0.8755314470019059,0.8374233557753608,0.7526712352687048,OOF logistic stacker
0.435,0.69258853596203,0.7036207099893855,0.8746518105849582,0.7798692810457516,0.6792225471626379,0.6334564977955021,0.6352461952718171,0.39226118500604595,0.8746518105849582,0.8374233557753608,0.7526712352687048,OOF logistic stacker
0.436,0.6926798101496897,0.7040888678799339,0.873478962029028,0.7796898514689524,0.6790291973722042,0.6339583443760617,0.6358850524504213,0.3944377267230955,0.873478962029028,0.8374233557753608,0.7526712352687048,OOF logistic stacker
0.437,0.6929536327126689,0.7046773238602724,0.8724527195425891,0.7796410323594917,0.679100908047221,0.6346544129756476,0.6367359540371036,0.39685610640870617,0.8724527195425891,0.8374233557753608,0.7526712352687048,OOF logistic stacker
0.438,0.6924059875867105,0.7048557521073252,0.8704002345697112,0.7789294148517449,0.6779312317583606,0.634595522363453,0.6367652473178941,0.3987908101571947,0.8704002345697112,0.8374233557753608,0.7526712352687048,OOF logistic stacker
0.439,0.6922234392113911,0.7051266801474961,0.8690807799442897,0.7785657998423956,0.6773966080219631,0.6347822279407059,0.6370387347506412,0.40048367593712214,0.8690807799442897,0.8374233557753608,0.7526712352687048,OOF logistic stacker
0.44,0.6923147133990507,0.7056999761507274,0.8676147192493769,0.7783257710265009,0.6771690542232236,0.6353793064203354,0.6377833180263004,0.4031438935912938,0.8676147192493769,0.8374233557753608,0.7526712352687048,OOF logistic stacker
0.441,0.6924972617743702,0.7064099497727816,0.8660020524849729,0.7781070934597906,0.6770291846011172,0.6361449198337803,0.6387191731231187,0.4062877871825877,0.8660020524849729,0.8374233557753608,0.7526712352687048,OOF logistic stacker
0.442,0.69258853596203,0.7066922063929127,0.8654156282070078,0.7780413865823118,0.6770111051173169,0.6364563026162005,0.6390948992870004,0.407496977025393,0.8654156282070078,0.8374233557753608,0.7526712352687048,OOF logistic stacker
0.443,0.6927710843373494,0.7071591317903826,0.8645359917900601,0.7779683377308707,0.6770415452608771,0.6369838362819709,0.6397246901924496,0.4094316807738815,0.8645359917900601,0.8374233557753608,0.7526712352687048,OOF logistic stacker
0.444,0.69258853596203,0.7075369635773531,0.862923325025656,0.7775429326287979,0.6764836884629275,0.6372657737582936,0.6401004680864013,0.4116082224909311,0.862923325025656,0.8374233557753608,0.7526712352687048,OOF logistic stacker
0.445,0.6928623585250091,0.7080423790031303,0.8621902946781996,0.7775500760230052,0.6766626989355273,0.6378666104588095,0.6408015671198297,0.4135429262394196,0.8621902946781996,0.8374233557753608,0.7526712352687048,OOF logistic stacker
0.446,0.6931361810879884,0.7085493789943326,0.8614572643307433,0.7775572317057033,0.6768432212282967,0.6384674471593257,0.6415000044965704,0.4154776299879081,0.8614572643307433,0.8374233557753608,0.7526712352687048,OOF logistic stacker
0.447,0.6928623585250091,0.7086452547693793,0.8604310218443043,0.7771965834602397,0.6763121561805012,0.6384380018532283,0.6414988645014519,0.41644498186215234,0.8604310218443043,0.8374233557753608,0.7526712352687048,OOF logistic stacker
0.448,0.6924972617743702,0.7087566521528785,0.8591115672188828,0.7767247663861091,0.6756208856002488,0.6383828694619202,0.6414768489705718,0.41765417170495767,0.8591115672188828,0.8374233557753608,0.7526712352687048,OOF logistic stacker
0.449,0.6924059875867105,0.7092275979143932,0.8574989004544789,0.7763472259092116,0.6752118056017149,0.6387857259225236,0.6419725609382411,0.4200725513905683,0.8574989004544789,0.8374233557753608,0.7526712352687048,OOF logistic stacker
0.45,0.6926798101496897,0.7097401020160311,0.8567658701070224,0.7763533709730986,0.6754064213239597,0.6393865626230396,0.6426611539129748,0.42200725513905685,0.8567658701070224,0.8374233557753608,0.7526712352687048,OOF logistic stacker
0.451,0.6928623585250091,0.7104237700925475,0.8552998094121097,0.7761591166101244,0.6753649462707636,0.6401045600869497,0.6434945895596049,0.4249093107617896,0.8552998094121097,0.8374233557753608,0.7526712352687048,OOF logistic stacker
0.452,0.6930449069003286,0.7108022433552792,0.8547133851341445,0.7761432470212342,0.6754810054830136,0.6405368618536502,0.6439868506843723,0.426360338573156,0.8547133851341445,0.8374233557753608,0.7526712352687048,OOF logistic stacker
0.453,0.6928623585250091,0.7111953067709607,0.8531007183697406,0.7757115243617944,0.6749920297373189,0.640818799329973,0.644332821089567,0.42853688029020554,0.8531007183697406,0.8374233557753608,0.7526712352687048,OOF logistic stacker
0.454,0.6927710843373494,0.7116774905036147,0.8514880516053365,0.775330396475771,0.6746222872911634,0.6412216557905763,0.6448080553807426,0.4309552599758162,0.8514880516053365,0.8374233557753608,0.7526712352687048,OOF logistic stacker
0.455,0.6927710843373494,0.7119892011289729,0.8506084151883888,0.7751503006012024,0.6744840911238024,0.6415073514877857,0.6451378123576452,0.4324062877871826,0.8506084151883888,0.8374233557753608,0.7526712352687048,OOF logistic stacker
0.456,0.693227455275648,0.7126352015732547,0.8500219909104237,0.7752891622651601,0.6749346220632231,0.6423024102073279,0.6460198507228029,0.43458282950423216,0.8500219909104237,0.8374233557753608,0.7526712352687048,OOF logistic stacker
0.457,0.6939576487769259,0.7134416543574594,0.8497287787714412,0.7756440281030444,0.675753313054436,0.643364993980642,0.6471875946457522,0.4370012091898428,0.8497287787714412,0.8374233557753608,0.7526712352687048,OOF logistic stacker
0.458,0.6944140197152245,0.7140919738626557,0.8491423544934761,0.7757835521028663,0.6762024016940695,0.6441600527001843,0.6480636958222068,0.4391777509068924,0.8491423544934761,0.8374233557753608,0.7526712352687048,OOF logistic stacker
0.459,0.694596568090544,0.714691708884221,0.8479695059375458,0.7756470430468017,0.6762421171036543,0.6447828182650244,0.6487552162933351,0.441596130592503,0.8479695059375458,0.8374233557753608,0.7526712352687048,OOF logistic stacker
0.46,0.6947791164658634,0.7152941176470589,0.8467966573816156,0.7755102040816326,0.6762864201564,0.6454055838298647,0.6494426733064947,0.44401451027811367,0.8467966573816156,0.8374233557753608,0.7526712352687048,OOF logistic stacker
0.461,0.6946878422782037,0.7156327543424318,0.8456238088256853,0.7752167193064983,0.6760138909833706,0.6456655924418633,0.6497332352043799,0.4457073760580411,0.8456238088256853,0.8374233557753608,0.7526712352687048,OOF logistic stacker
0.462,0.6948703906535232,0.7164011946241912,0.8440111420612814,0.774988221040587,0.6760088164901779,0.6464312058553081,0.6505699432630292,0.44885126964933497,0.8440111420612814,0.8374233557753608,0.7526712352687048,OOF logistic stacker
0.463,0.6952354874041621,0.7171364430032428,0.8429848995748424,0.7749848372531841,0.6763013733055696,0.6472481934391745,0.6514539625259276,0.45151148730350665,0.8429848995748424,0.8374233557753608,0.7526712352687048,OOF logistic stacker
0.464,0.6948703906535232,0.7172120909318012,0.8418120510189122,0.7745329466513793,0.6757246895336972,0.6471454450983316,0.6513455135515189,0.4524788391777509,0.8418120510189122,0.8374233557753608,0.7526712352687048,OOF logistic stacker
0.465,0.6947791164658634,0.7176117161096508,0.8404925963934907,0.7742066171505739,0.6754556726823953,0.647453069659865,0.6516766681922963,0.4544135429262394,0.8404925963934907,0.8374233557753608,0.7526712352687048,OOF logistic stacker
0.466,0.6949616648411829,0.7180097756611105,0.8399061721155255,0.7741891891891892,0.6755987742934373,0.6478853714265657,0.6521395889702977,0.4558645707376058,0.8399061721155255,0.8374233557753608,0.7526712352687048,OOF logistic stacker
0.467,0.6951442132165023,0.7186283130260017,0.8387333235595954,0.7740495196861047,0.6756747575146703,0.6485081369914059,0.652803160965072,0.45828295042321643,0.8387333235595954,0.8374233557753608,0.7526712352687048,OOF logistic stacker
0.468,0.6950529390288427,0.719198790627362,0.8369740507257001,0.7736296497052646,0.6753714297735882,0.6489586094015442,0.6532764493458519,0.46094316807738817,0.8369740507257001,0.8374233557753608,0.7526712352687048,OOF logistic stacker
0.46900000000000003,0.6948703906535232,0.719570707070707,0.8355079900307872,0.7732175564751373,0.6750027448397014,0.649192930928332,0.6535171592165117,0.46287787182587664,0.8355079900307872,0.8374233557753608,0.7526712352687048,OOF logistic stacker
0.47000000000000003,0.6947791164658634,0.7196462413139608,0.8350681718223134,0.7730727470141151,0.6748510719887791,0.6492148597926561,0.6535374883342593,0.4633615477629988,0.8350681718223134,0.8374233557753608,0.7526712352687048,OOF logistic stacker
0.47100000000000003,0.694596568090544,0.7200202608585539,0.8336021111274007,0.7726593287131404,0.6744919872452299,0.649449181319444,0.6537747574897367,0.4652962515114873,0.8336021111274007,0.8374233557753608,0.7526712352687048,OOF logistic stacker
0.47200000000000003,0.6951442132165023,0.7208476081715518,0.8328690807799443,0.7728200244864645,0.6750579504272394,0.6504127749728017,0.6547872660573792,0.46795646916565903,0.8328690807799443,0.8374233557753608,0.7526712352687048,OOF logistic stacker
0.47300000000000003,0.6948703906535232,0.7211905367590944,0.8312564140155403,0.7723217326159504,0.6745900970802583,0.6505737934648439,0.6549393972251145,0.4698911729141475,0.8312564140155403,0.8374233557753608,0.7526712352687048,OOF logistic stacker
0.47400000000000003,0.6953267615918218,0.7219885277246654,0.8303767775985926,0.7723987453975181,0.6750411941098415,0.6514640840834559,0.655865395331936,0.47255139056831924,0.8303767775985926,0.8374233557753608,0.7526712352687048,OOF logistic stacker
0.47500000000000003,0.6952354874041621,0.7223499361430396,0.8292039290426624,0.7720974677496416,0.6748345969902658,0.6517240926954545,0.6561217265755508,0.4742442563482467,0.8292039290426624,0.8374233557753608,0.7526712352687048,OOF logistic stacker
0.47600000000000003,0.6960569550930996,0.723466905645884,0.828470898695206,0.7724166211044287,0.6757239138722266,0.6530504433016537,0.6574995193434231,0.47762998790810157,0.828470898695206,0.8374233557753608,0.7526712352687048,OOF logistic stacker
0.47700000000000004,0.6960569550930996,0.723868154418366,0.8274446562087671,0.7721986591873033,0.6756409464716078,0.6533837549483981,0.6578295187902516,0.479322853688029,0.8274446562087671,0.8374233557753608,0.7526712352687048,OOF logistic stacker
0.47800000000000004,0.69596568090544,0.7245239320638188,0.8255387773053804,0.7717398752826697,0.675390106735427,0.6538818433080711,0.6583115280225345,0.4822249093107618,0.8255387773053804,0.8374233557753608,0.7526712352687048,OOF logistic stacker
0.47900000000000004,0.695600584154801,0.7247872066030436,0.8239261105409764,0.7711835334476844,0.674854565200335,0.6539219428158328,0.6583190394511149,0.48391777509068923,0.8239261105409764,0.8374233557753608,0.7526712352687048,OOF logistic stacker
0.48,0.6962395034684191,0.7257918552036199,0.8230464741240288,0.7713657598241275,0.6755317549846103,0.655054071403006,0.6594729832290839,0.4870616686819831,0.8230464741240288,0.8374233557753608,0.7526712352687048,OOF logistic stacker
0.481,0.6962395034684191,0.7262012692656392,0.8220202316375897,0.7711456470911842,0.6754653950655862,0.6553873830497501,0.6597926335862976,0.48875453446191053,0.8220202316375897,0.8374233557753608,0.7526712352687048,OOF logistic stacker
0.482,0.6964220518437386,0.7268596650655589,0.8208473830816596,0.7709997245937759,0.6756032109526995,0.6560101486145904,0.6604051140564982,0.4911729141475212,0.8208473830816596,0.8374233557753608,0.7526712352687048,OOF logistic stacker
0.483,0.6955093099671413,0.7266224476524906,0.8190881102477643,0.7700895933838732,0.6744529440588747,0.6553723501662038,0.6597002952058517,0.4916565900846433,0.8190881102477643,0.8374233557753608,0.7526712352687048,OOF logistic stacker
0.484,0.6951442132165023,0.7268343542291151,0.8176220495528514,0.7695598178556644,0.6739563181441037,0.6553648337244306,0.6596518420634483,0.49310761789600965,0.8176220495528514,0.8374233557753608,0.7526712352687048,OOF logistic stacker
0.485,0.6949616648411829,0.7274153484115571,0.8157161706494649,0.769039391845197,0.6736562680975233,0.6557420030998231,0.6599832809803787,0.4957678355501814,0.8157161706494649,0.8374233557753608,0.7526712352687048,OOF logistic stacker
0.486,0.6949616648411829,0.7278323510150622,0.814689928163026,0.7688157166574433,0.6736120502440562,0.6560753147465674,0.6602930514617689,0.49746070133010883,0.814689928163026,0.8374233557753608,0.7526712352687048,OOF logistic stacker
0.487,0.695600584154801,0.7289204097714737,0.813663685676587,0.7689643228264634,0.6743046094339116,0.6572550592832753,0.6614649085043109,0.5008464328899638,0.813663685676587,0.8374233557753608,0.7526712352687048,OOF logistic stacker
0.488,0.6956918583424607,0.7292570677186062,0.8130772613986219,0.7688895050603077,0.6743868149694194,0.6575664420656955,0.6617624121614656,0.502055622732769,0.8130772613986219,0.8374233557753608,0.7526712352687048,OOF logistic stacker
0.489,0.6960569550930996,0.7298222514812377,0.8126374431901481,0.7690066592674806,0.6747891382368998,0.6581929658514223,0.6623848664533774,0.5037484885126965,0.8126374431901481,0.8374233557753608,0.7526712352687048,OOF logistic stacker
0.49,0.6960569550930996,0.730307428420636,0.8114645946342178,0.76875,0.674748028690626,0.6585738934477015,0.6627296325878594,0.505683192261185,0.8114645946342178,0.8374233557753608,0.7526712352687048,OOF logistic stacker
0.491,0.6958744067177802,0.730540504823576,0.8104383521477789,0.7684181262162914,0.6745060151736646,0.6586653671258846,0.6627842890517927,0.5068923821039903,0.8104383521477789,0.8374233557753608,0.7526712352687048,OOF logistic stacker
0.492,0.6963307776560789,0.7312682022769393,0.8098519278698139,0.7685565217391305,0.6750109382930847,0.6594604258454269,0.6635671025837752,0.5090689238210399,0.8098519278698139,0.8374233557753608,0.7526712352687048,OOF logistic stacker
0.493,0.6966958744067178,0.7322709163346613,0.808385867174901,0.7684481917636402,0.6753882310803487,0.660420261277898,0.664478030546547,0.5124546553808949,0.808385867174901,0.8374233557753608,0.7526712352687048,OOF logistic stacker
0.494,0.696604600219058,0.7329159451178899,0.8066265943410057,0.7680067001675042,0.6752431276763703,0.6608707336880362,0.664857780463499,0.5151148730350665,0.8066265943410057,0.8374233557753608,0.7526712352687048,OOF logistic stacker
0.495,0.6965133260313984,0.7331910352187834,0.805746957924058,0.7677586086470629,0.6751215291700854,0.6610355104009649,0.6649852951069416,0.5163240628778718,0.805746957924058,0.8374233557753608,0.7526712352687048,OOF logistic stacker
0.496,0.696969696969697,0.7340553549939831,0.8048673215071104,0.7678321678321678,0.6756270447676271,0.661925801019577,0.6658393629491894,0.5189842805320435,0.8048673215071104,0.8374233557753608,0.7526712352687048,OOF logistic stacker
0.497,0.6967871485943775,0.7345488671403674,0.8032546547427063,0.7673669467787115,0.6753956803531405,0.6622077384958998,0.6660472050455403,0.5211608222490931,0.8032546547427063,0.8374233557753608,0.7526712352687048,OOF logistic stacker
0.498,0.696969696969697,0.7349979863068868,0.8026682304647412,0.767344078486335,0.6755970826886587,0.6626400402626004,0.6664514163695743,0.5226118500604595,0.8026682304647412,0.8374233557753608,0.7526712352687048,OOF logistic stacker
0.499,0.6963307776560789,0.735064585575888,0.8009089576308459,0.7665754577983582,0.6748535186676262,0.6623649987670553,0.6660922725732881,0.5238210399032648,0.8009089576308459,0.8374233557753608,0.7526712352687048,OOF logistic stacker
0.5,0.6961482292807594,0.7352465642683913,0.8000293212138982,0.7662711507407147,0.6746408259938448,0.6624088564957036,0.6660929361735912,0.524788391777509,0.8000293212138982,0.8374233557753608,0.7526712352687048,OOF logistic stacker
0.501,0.6964220518437386,0.7358617897152112,0.7992962908664418,0.766268446943078,0.674950911773309,0.6630096931962197,0.6666541401599014,0.5267230955259976,0.7992962908664418,0.8374233557753608,0.7526712352687048,OOF logistic stacker
0.502,0.6963307776560789,0.7362726535028401,0.7981234423105117,0.7659514597256419,0.6748460403954403,0.6632697018082183,0.6668525649933913,0.528415961305925,0.7981234423105117,0.8374233557753608,0.7526712352687048,OOF logistic stacker
0.503,0.6965133260313984,0.7369848156182213,0.7969505937545814,0.7657955906177362,0.6750566536191664,0.6638924673730586,0.6674084887631779,0.5308343409915357,0.7969505937545814,0.8374233557753608,0.7526712352687048,OOF logistic stacker
0.504,0.6961482292807594,0.7372282608695652,0.7954845330596687,0.7652492772018898,0.6746486131934033,0.6638849509312854,0.6673226078157942,0.532285368802902,0.7954845330596687,0.8374233557753608,0.7526712352687048,OOF logistic stacker
0.505,0.6954180357794816,0.7371358562482984,0.7938718662952646,0.7644526011152679,0.6738310860188861,0.663441374501925,0.6667969913258716,0.5330108827085852,0.7938718662952646,0.8374233557753608,0.7526712352687048,OOF logistic stacker
0.506,0.6956918583424607,0.7377608073094232,0.7931388359478082,0.7644482125194292,0.6741522777921667,0.664042211202441,0.6673491384845147,0.5349455864570738,0.7931388359478082,0.8374233557753608,0.7526712352687048,OOF logistic stacker
0.507,0.6953267615918218,0.7381375632435389,0.7913795631139129,0.7638318947219471,0.6737627151930019,0.6641299266597376,0.6673363639205004,0.5368802902055623,0.7913795631139129,0.8374233557753608,0.7526712352687048,OOF logistic stacker
0.508,0.6955093099671413,0.7389277389277389,0.7900601084884914,0.7636389400595154,0.673995673995674,0.6648003081741127,0.6679184697732816,0.539540507859734,0.7900601084884914,0.8374233557753608,0.7526712352687048,OOF logistic stacker
0.509,0.6955093099671413,0.7395189003436426,0.7887406538630699,0.7633371169125993,0.6740245955127613,0.6652288517199267,0.6682601654163816,0.5417170495767836,0.7887406538630699,0.8374233557753608,0.7526712352687048,OOF logistic stacker
0.51,0.6950529390288427,0.7398015435501654,0.7869813810291746,0.7626624991120267,0.6735494204237313,0.6651956481929429,0.6681212942273598,0.543409915356711,0.7869813810291746,0.8374233557753608,0.7526712352687048,OOF logistic stacker
0.511,0.6948703906535232,0.7400607399226946,0.7859551385427357,0.7623178101670814,0.6733708872027266,0.665287121871126,0.6681475631694334,0.5446191051995163,0.7859551385427357,0.8374233557753608,0.7526712352687048,OOF logistic stacker
0.512,0.6948703906535232,0.7405921416712784,0.7847822899868054,0.7620471207915154,0.6734076588184719,0.6656680494674052,0.6684456639185861,0.5465538089480049,0.7847822899868054,0.8374233557753608,0.7526712352687048,OOF logistic stacker
0.513,0.6949616648411829,0.7414295628036086,0.7831696232224014,0.7617282190218166,0.6735673540490983,0.6663127438965695,0.6689696129346974,0.5494558645707376,0.7831696232224014,0.8374233557753608,0.7526712352687048,OOF logistic stacker
0.514,0.6953267615918218,0.7421103850966217,0.7825831989444363,0.7618096189524761,0.6740049666647074,0.6669868836318312,0.6695854881290615,0.5513905683192262,0.7825831989444363,0.8374233557753608,0.7526712352687048,OOF logistic stacker
0.515,0.6954180357794816,0.7428890128276632,0.7811171382495236,0.7615236189523333,0.6741664937288421,0.6675839621114608,0.6700660145525652,0.5540507859733979,0.7811171382495236,0.8374233557753608,0.7526712352687048,OOF logistic stacker
0.516,0.6954180357794816,0.7434320849636669,0.7799442896935933,0.7612506260284754,0.6742160424818334,0.6679648897077398,0.6703543615334564,0.5559854897218863,0.7799442896935933,0.8374233557753608,0.7526712352687048,OOF logistic stacker
0.517,0.6946878422782037,0.7435538116591929,0.7778918047207154,0.7603353156122376,0.6734784765102246,0.667664161126984,0.6699225289563387,0.5574365175332527,0.7778918047207154,0.8374233557753608,0.7526712352687048,OOF logistic stacker
0.518,0.6950529390288427,0.7443133951137321,0.7771587743732591,0.7603815534676899,0.673930302147372,0.6683859168117807,0.6705659806490163,0.5596130592503022,0.7771587743732591,0.8374233557753608,0.7526712352687048,OOF logistic stacker
0.519,0.6948703906535232,0.7449295774647887,0.7753995015393638,0.759859205516845,0.6738133364502367,0.6687154702376383,0.670756783336573,0.5620314389359129,0.7753995015393638,0.8374233557753608,0.7526712352687048,OOF logistic stacker
0.52,0.6945052939028843,0.7452004517221908,0.7739334408444509,0.7592952175476447,0.6734783250346492,0.6687079537958651,0.6706429878171594,0.5634824667472793,0.7739334408444509,0.8374233557753608,0.7526712352687048,OOF logistic stacker
0.521,0.6946878422782037,0.7456189937817976,0.7734936226359771,0.7593005684680146,0.673711558746569,0.6690926396130309,0.6709790428116742,0.5646916565900847,0.7734936226359771,0.8374233557753608,0.7526712352687048,OOF logistic stacker
0.522,0.694596568090544,0.7462094374380048,0.7720275619410644,0.7588989767978095,0.6736946135638344,0.6694478801240993,0.6712095083142644,0.5668681983071342,0.7720275619410644,0.8374233557753608,0.7526712352687048,OOF logistic stacker
0.523,0.6948703906535232,0.7471574758385446,0.7707081073156429,0.7587500902071156,0.674088942000905,0.670239180622755,0.6718641822854324,0.569770253929867,0.7707081073156429,0.8374233557753608,0.7526712352687048,OOF logistic stacker
0.524,0.6952354874041621,0.7480763750356226,0.769681864829204,0.7587253414264037,0.6745714531348759,0.6710561682066214,0.6725622247823211,0.5724304715840387,0.769681864829204,0.8374233557753608,0.7526712352687048,OOF logistic stacker
0.525,0.6950529390288427,0.7484294688749286,0.7685090162732737,0.7583363471971067,0.6744424672309866,0.6711952578343394,0.6726020798678745,0.5738814993954051,0.7685090162732737,0.8374233557753608,0.7526712352687048,OOF logistic stacker
0.526,0.6958744067177802,0.7494637494637495,0.7683624102037825,0.7587954249312292,0.6753879433667473,0.6723311446423992,0.673667902636027,0.5762998790810158,0.7683624102037825,0.8374233557753608,0.7526712352687048,OOF logistic stacker
0.527,0.6962395034684191,0.7503942652329749,0.7673361677173435,0.758770658161786,0.6758753541688612,0.6731481322262655,0.6743582221316569,0.5789600967351874,0.7673361677173435,0.8374233557753608,0.7526712352687048,OOF logistic stacker
0.528,0.6958744067177802,0.7506825693346745,0.7658701070224307,0.758200290275762,0.6755664535439947,0.6731406157844924,0.6742304943754609,0.5804111245465539,0.7658701070224307,0.8374233557753608,0.7526712352687048,OOF logistic stacker
0.529,0.6966958744067178,0.7522353619844245,0.7646972584665005,0.7584151217739004,0.6765900827823664,0.6746098142392962,0.6755174787489092,0.584522370012092,0.7646972584665005,0.8374233557753608,0.7526712352687048,OOF logistic stacker
0.53,0.6961482292807594,0.7526041666666666,0.7626447734936226,0.757591203669992,0.676128987388724,0.6745509236271015,0.6752866154063373,0.5864570737605804,0.7626447734936226,0.8374233557753608,0.7526712352687048,OOF logistic stacker
0.531,0.6965133260313984,0.7533333333333333,0.7620583492156575,0.7576707237081846,0.6765927021696252,0.6752250633623632,0.6758686911179184,0.5883917775090689,0.7620583492156575,0.8374233557753608,0.7526712352687048,OOF logistic stacker
0.532,0.6957831325301205,0.7534883720930232,0.7600058642427796,0.7567330851762645,0.6759345687746765,0.6749243347816074,0.6754070979407081,0.5898428053204353,0.7600058642427796,0.8374233557753608,0.7526712352687048,OOF logistic stacker
0.533,0.6958744067177802,0.7543373669631142,0.7585398035478669,0.7564327485380117,0.6761679512384524,0.6755214132612369,0.6758354218880535,0.592503022974607,0.7585398035478669,0.8374233557753608,0.7526712352687048,OOF logistic stacker
0.534,0.6957831325301205,0.7550453348932437,0.7569271367834628,0.7559850647924445,0.6762113512737223,0.6759242697218402,0.6760659602406425,0.5949214026602176,0.7569271367834628,0.8374233557753608,0.7526712352687048,OOF logistic stacker
0.535,0.6960569550930996,0.7559759495527203,0.7557542882275327,0.7558651026392962,0.6766343368744989,0.676667954270961,0.6766511199850253,0.5975816203143893,0.7557542882275327,0.8374233557753608,0.7526712352687048,OOF logistic stacker
0.536,0.6954180357794816,0.7558754406580493,0.7544348336021112,0.7551544500697043,0.6760331880242996,0.6762500649268113,0.676140547502557,0.5980652962515115,0.7544348336021112,0.8374233557753608,0.7526712352687048,OOF logistic stacker
0.537,0.6952354874041621,0.756104736687261,0.7535551971851635,0.754827814083266,0.6759119162031784,0.6762939226554596,0.6760995455319261,0.5990326481257557,0.7535551971851635,0.8374233557753608,0.7526712352687048,OOF logistic stacker
0.538,0.6947791164658634,0.7561514660380139,0.7523823486292333,0.7542621987066431,0.6755091702941329,0.6760702553303362,0.6757823517617993,0.599758162031439,0.7523823486292333,0.8374233557753608,0.7526712352687048,OOF logistic stacker
0.539,0.694596568090544,0.7568366592756837,0.7506230757953379,0.7537170616811424,0.6754834692226664,0.6763998087561938,0.6759217064350944,0.6021765417170496,0.7506230757953379,0.8374233557753608,0.7526712352687048,OOF logistic stacker
0.54,0.694231471339905,0.7571492072899689,0.7491570151004252,0.7531319086219602,0.6752230467160565,0.6763922923144206,0.6757747771352429,0.603627569528416,0.7491570151004252,0.8374233557753608,0.7526712352687048,OOF logistic stacker
0.541,0.694231471339905,0.757454383622608,0.74857059082246,0.7529862852086713,0.6752870969121343,0.6765827561125601,0.675894340209126,0.6045949214026602,0.74857059082246,0.8374233557753608,0.7526712352687048,OOF logistic stacker
0.542,0.6943227455275648,0.7580261593341261,0.7476909544055124,0.7528230865746549,0.6754889547853222,0.67698937079405,0.6761843520879971,0.6062877871825877,0.7476909544055124,0.8374233557753608,0.7526712352687048,OOF logistic stacker
0.543,0.693592552026287,0.7581222056631892,0.7457850755021258,0.7519030374695145,0.674868921955476,0.6766410262637594,0.6756770884758383,0.607496977025393,0.7457850755021258,0.8374233557753608,0.7526712352687048,OOF logistic stacker
0.544,0.6934100036509675,0.7585125448028673,0.7446122269461956,0.7514981134867205,0.6747961785047201,0.6767801158914775,0.675689497481895,0.6089480048367594,0.7446122269461956,0.8374233557753608,0.7526712352687048,OOF logistic stacker
0.545,0.6939576487769259,0.7595808383233533,0.7438791965987391,0.7516480260721428,0.6755107185068591,0.6777437095448351,0.6765016970213288,0.611608222490931,0.7438791965987391,0.8374233557753608,0.7526712352687048,OOF logistic stacker
0.546,0.6935012778386273,0.7597899474868717,0.7424131359038264,0.7510010381135993,0.675164141769537,0.6776152741187814,0.6762363367638967,0.6128174123337364,0.7424131359038264,0.8374233557753608,0.7526712352687048,OOF logistic stacker
0.547,0.6940489229645856,0.7606311044327573,0.7421199237648438,0.7512615019293559,0.6758282236881294,0.6784360199235344,0.6769583943975845,0.6147521160822249,0.7421199237648438,0.8374233557753608,0.7526712352687048,OOF logistic stacker
0.548,0.6937751004016064,0.7609153869316471,0.7409470752089137,0.7507984847359429,0.6756593624505245,0.6784541905669719,0.6768550359530111,0.6159613059250302,0.7409470752089137,0.8374233557753608,0.7526712352687048,OOF logistic stacker
0.549,0.6935012778386273,0.7612796137015241,0.7396276205834922,0.7502974419988102,0.6755116017225569,0.6785199771599444,0.6767791557820138,0.6174123337363966,0.7396276205834922,0.8374233557753608,0.7526712352687048,OOF logistic stacker
0.55,0.6936838262139466,0.762063227953411,0.7386013780970532,0.7501488981536629,0.6758532480388459,0.6790951267752496,0.6771970905862654,0.6195888754534462,0.7386013780970532,0.8374233557753608,0.7526712352687048,OOF logistic stacker
0.551,0.6929536327126689,0.7622515551509634,0.7365488931241754,0.7491798389501939,0.6752838531768564,0.6787943981944939,0.6767075665339205,0.6210399032648126,0.7365488931241754,0.8374233557753608,0.7526712352687048,OOF logistic stacker
0.552,0.6920408908360716,0.7620495666717348,0.73478962029028,0.7481713688610241,0.6744707755715377,0.6781565997461074,0.6759414514025581,0.6215235792019347,0.73478962029028,0.8374233557753608,0.7526712352687048,OOF logistic stacker
0.553,0.6918583424607521,0.7628567068518236,0.7328837413868934,0.7475699117691043,0.6745239700509402,0.6785337691214999,0.6760805754675927,0.6241837968561064,0.7328837413868934,0.8374233557753608,0.7526712352687048,OOF logistic stacker
0.554,0.6916757940854327,0.7634276970160673,0.7314176806919807,0.7470799640610961,0.6745209057349053,0.6787680906482878,0.6761346524372802,0.626118500604595,0.7314176806919807,0.8374233557753608,0.7526712352687048,OOF logistic stacker
0.555,0.6918583424607521,0.7643087310112014,0.7302448321360504,0.7468885889938521,0.674900479495238,0.679390856213128,0.6765700234449084,0.6285368802902056,0.7302448321360504,0.8374233557753608,0.7526712352687048,OOF logistic stacker
0.556,0.6914019715224534,0.7644526445264452,0.7289253775106289,0.746266416510319,0.6745668433773286,0.6792148048375394,0.6762658506215273,0.6295042321644498,0.7289253775106289,0.8374233557753608,0.7526712352687048,OOF logistic stacker
0.557,0.6919496166484118,0.765895061728395,0.7276059228852074,0.7462596797233291,0.6753961456988713,0.6803688622890366,0.677159569277528,0.6331318016928658,0.7276059228852074,0.8374233557753608,0.7526712352687048,OOF logistic stacker
0.558,0.6914019715224534,0.7659245516388373,0.7262864682597859,0.7455790503423885,0.6749631670850158,0.6800718919291675,0.6767440653544251,0.633857315598549,0.7262864682597859,0.8374233557753608,0.7526712352687048,OOF logistic stacker
0.559,0.6911281489594743,0.7662277304415182,0.7251136197038558,0.7451039469719795,0.674826817897942,0.6800900625726051,0.6766279345790884,0.6350665054413543,0.7251136197038558,0.8374233557753608,0.7526712352687048,OOF logistic stacker
0.56,0.6904892296458561,0.7663870767319043,0.7233543468699604,0.744249189229957,0.6743621970644913,0.6798150210770599,0.6761809912404263,0.6362756952841596,0.7233543468699604,0.8374233557753608,0.7526712352687048,OOF logistic stacker
0.561,0.6903979554581964,0.767097678766163,0.7218882861750476,0.7438066465256797,0.6744899899230858,0.6801702615881284,0.6763313675432827,0.6384522370012092,0.7218882861750476,0.8374233557753608,0.7526712352687048,OOF logistic stacker
0.562,0.6898503103322381,0.7675472877911521,0.7198358012021697,0.7429263126040249,0.6741882084930755,0.6801113709759337,0.6760410260972736,0.6403869407496977,0.7198358012021697,0.8374233557753608,0.7526712352687048,OOF logistic stacker
0.5630000000000001,0.6893939393939394,0.7679523361555346,0.7180765283682744,0.742177437684673,0.673949955757977,0.6800781674489498,0.6758058082489703,0.6420798065296252,0.7180765283682744,0.8374233557753608,0.7526712352687048,OOF logistic stacker
0.5640000000000001,0.6895764877692588,0.7685301507537688,0.7174901040903093,0.7421335961786337,0.6742607161789769,0.6805104692156505,0.6761223982268842,0.6435308343409916,0.7174901040903093,0.8374233557753608,0.7526712352687048,OOF logistic stacker
0.5650000000000001,0.6886637458926615,0.7683349071451054,0.715730831256414,0.741100569259962,0.6734981793439565,0.6798726707672638,0.675345981093298,0.6440145102781136,0.715730831256414,0.8374233557753608,0.7526712352687048,OOF logistic stacker
0.5660000000000001,0.6885724717050018,0.7689758560833202,0.7144113766309925,0.7406900744794042,0.6736197747617294,0.6801802953287974,0.6754626977377601,0.6459492140266022,0.7144113766309925,0.8374233557753608,0.7526712352687048,OOF logistic stacker
0.5670000000000001,0.6876597298284045,0.769291712882269,0.7117724673801495,0.7394151690526957,0.6730204527812853,0.6798281925776202,0.6748328692643888,0.6478839177750907,0.7117724673801495,0.8374233557753608,0.7526712352687048,OOF logistic stacker
0.5680000000000001,0.6875684556407448,0.7695969533481435,0.7110394370326931,0.7391602529909319,0.6730451462056575,0.679945353341014,0.6748480750675447,0.6488512696493349,0.7110394370326931,0.8374233557753608,0.7526712352687048,OOF logistic stacker
0.5690000000000001,0.6875684556407448,0.7702831689468661,0.709866588476763,0.7388418402380408,0.6732572161650818,0.6803262809372932,0.675042725911184,0.6507859733978234,0.709866588476763,0.8374233557753608,0.7526712352687048,OOF logistic stacker
0.5700000000000001,0.6872946330777656,0.7704317349052094,0.7089869520598153,0.7384333486028402,0.6730978935265521,0.680249219681661,0.6748667764116991,0.6515114873035066,0.7089869520598153,0.8374233557753608,0.7526712352687048,OOF logistic stacker
0.5710000000000001,0.6874771814530851,0.7712825427248043,0.7079607095733763,0.738266320134536,0.67350069628253,0.6808243692969662,0.6752486753560563,0.6536880290205562,0.7079607095733763,0.8374233557753608,0.7526712352687048,OOF logistic stacker
0.5720000000000001,0.6872033588901059,0.7718679910285166,0.7063480428089723,0.7376559748909133,0.6734817256797229,0.6809853877890085,0.6751902882704086,0.6556227327690447,0.7063480428089723,0.8374233557753608,0.7526712352687048,OOF logistic stacker
0.5730000000000001,0.6867469879518072,0.7720340343554343,0.7050285881835509,0.7370114942528736,0.6731970467948104,0.68080933641342,0.674869998988319,0.656590084643289,0.7050285881835509,0.8374233557753608,0.7526712352687048,OOF logistic stacker
0.5740000000000001,0.6861080686381891,0.7723027375201288,0.7031227092801642,0.7360908602563119,0.6728138213517205,0.6805819108674098,0.6744298462975062,0.6580411124546554,0.7031227092801642,0.8374233557753608,0.7526712352687048,OOF logistic stacker
0.5750000000000001,0.6855604235122308,0.7725217952857604,0.7015100425157601,0.7353054168267383,0.6724851731573699,0.6803801724066104,0.6740481225979258,0.6592503022974607,0.7015100425157601,0.8374233557753608,0.7526712352687048,OOF logistic stacker
0.5760000000000001,0.6843738590726542,0.7725725401199546,0.6987245271954259,0.7337952270977676,0.6716424430284336,0.6797129286521264,0.6731069836452748,0.660701330108827,0.6987245271954259,0.8374233557753608,0.7526712352687048,OOF logistic stacker
0.577,0.6841913106973347,0.77320760851894,0.6972584665005132,0.7332716620413198,0.6717234712729976,0.6799472501789143,0.6731235267701006,0.6626360338573156,0.6972584665005132,0.8374233557753608,0.7526712352687048,OOF logistic stacker
0.578,0.6840087623220154,0.7736679159198305,0.6960856179445829,0.7328291402994289,0.6717478405081618,0.6800863398066325,0.6730931495555665,0.664087061668682,0.6960856179445829,0.8374233557753608,0.7526712352687048,OOF logistic stacker
0.579,0.6836436655713765,0.7737881508078994,0.695059375458144,0.7323138708680877,0.6715285753004085,0.6799359755162546,0.6728280643943294,0.6648125755743651,0.695059375458144,0.8374233557753608,0.7526712352687048,OOF logistic stacker
0.58,0.6830047462577583,0.7741565673108418,0.6930068904852661,0.731337510636652,0.6712019949956272,0.6797561659197793,0.6724021999482648,0.6665054413542926,0.6930068904852661,0.8374233557753608,0.7526712352687048,OOF logistic stacker
0.581,0.6829134720700986,0.7748398751847594,0.6916874358598446,0.7309062742060418,0.6713730914859486,0.6800637904813129,0.672496016463163,0.6684401451027812,0.6916874358598446,0.8374233557753608,0.7526712352687048,OOF logistic stacker
0.582,0.6819094560058415,0.7747940691927513,0.6894883448174755,0.7296563493910481,0.6706553235853236,0.6794479208972504,0.6716677711925865,0.6694074969770254,0.6894883448174755,0.8374233557753608,0.7526712352687048,OOF logistic stacker
0.583,0.6811792625045637,0.7747688243064729,0.6878756780530714,0.7287411664207502,0.6701395141940527,0.6790043444678899,0.6710667647267005,0.6701330108827086,0.6878756780530714,0.8374233557753608,0.7526712352687048,OOF logistic stacker
0.584,0.6811792625045637,0.7755879430274926,0.6865562234276499,0.7283614589003811,0.6704291890818634,0.6794328880137039,0.6712612552427455,0.6723095525997581,0.6865562234276499,0.8374233557753608,0.7526712352687048,OOF logistic stacker
0.585,0.6812705366922235,0.7765409536467852,0.6852367688022284,0.72803738317757,0.6708307360901538,0.6799823505437985,0.6715583741284676,0.6747279322853688,0.6852367688022284,0.8374233557753608,0.7526712352687048,OOF logistic stacker
0.586,0.6808141657539248,0.7768154563624251,0.6837707081073157,0.7273294346978557,0.6706169365818588,0.679853915117745,0.6712469777208878,0.6759371221281741,0.6837707081073157,0.8374233557753608,0.7526712352687048,OOF logistic stacker
0.587,0.6801752464403067,0.7767395294510262,0.6824512534818942,0.7265490869361636,0.6701549752836433,0.6794360257735952,0.6707047479086181,0.6764207980652962,0.6824512534818942,0.8374233557753608,0.7526712352687048,OOF logistic stacker
0.588,0.6799926980649872,0.7772202709483191,0.6812784049259639,0.72609375,0.6702054740315234,0.6795751154013132,0.6706632051141352,0.6778718258766626,0.6812784049259639,0.8374233557753608,0.7526712352687048,OOF logistic stacker
0.589,0.6793537787513692,0.7772376801877304,0.6798123442310512,0.725267850160319,0.6697811647431637,0.6792048420066985,0.670140774395228,0.6785973397823458,0.6798123442310512,0.8374233557753608,0.7526712352687048,OOF logistic stacker
0.59,0.6796276013143483,0.7780016792611251,0.679225919953086,0.7252661239824671,0.6702445908803125,0.6797580627576796,0.6705358640928097,0.6802902055622733,0.679225919953086,0.8374233557753608,0.7526712352687048,OOF logistic stacker
0.591,0.6791712303760497,0.7781891618983507,0.6779064653276645,0.7245945310663637,0.6700080233105634,0.679582011382091,0.6701997685389749,0.6812575574365175,0.6779064653276645,0.8374233557753608,0.7526712352687048,OOF logistic stacker
0.592,0.6791712303760497,0.778658125421443,0.6771734349802082,0.7243785775895868,0.670180973538747,0.6798200911297656,0.6703015281222309,0.6824667472793229,0.6771734349802082,0.8374233557753608,0.7526712352687048,OOF logistic stacker
0.593,0.6792625045637094,0.7791659631943272,0.676587010702243,0.7242623979912115,0.6704293952669431,0.6801314739121855,0.6704863473376651,0.6836759371221282,0.676587010702243,0.8374233557753608,0.7526712352687048,OOF logistic stacker
0.594,0.6792625045637094,0.7799221262908413,0.6754141621463129,0.7239157762413576,0.670709726247025,0.6805124015084648,0.6706469125109227,0.6856106408706167,0.6754141621463129,0.8374233557753608,0.7526712352687048,OOF logistic stacker
0.595,0.6798101496896678,0.7813827076609479,0.6743879196598739,0.7239534151715454,0.6716146128559227,0.6815712270608922,0.671407389897811,0.6887545344619105,0.6743879196598739,0.8374233557753608,0.7526712352687048,OOF logistic stacker
0.596,0.6799014238773274,0.782282793867121,0.6732150711039437,0.7236624379481522,0.6720104492339931,0.682073073641452,0.6716674623316294,0.6909310761789601,0.6732150711039437,0.8374233557753608,0.7526712352687048,OOF logistic stacker
0.597,0.6790799561883899,0.7825269276799453,0.6710159800615746,0.7224940805051302,0.6715650107363893,0.6816990420259506,0.6710284728429134,0.6923821039903265,0.6710159800615746,0.8374233557753608,0.7526712352687048,OOF logistic stacker
0.598,0.6785323110624315,0.7826906598114824,0.6695499193666617,0.7217130214917825,0.6712711256487602,0.6814496876156162,0.6706015409965395,0.6933494558645708,0.6695499193666617,0.8374233557753608,0.7526712352687048,OOF logistic stacker
0.599,0.6784410368747719,0.783041537933402,0.6688168890192054,0.7214359136554124,0.6713453303702097,0.6815668483790103,0.6705938337839933,0.694316807738815,0.6688168890192054,0.8374233557753608,0.7526712352687048,OOF logistic stacker
0.6,0.6781672143117926,0.7835140251247634,0.667497434393784,0.7208676377454085,0.6713488492970756,0.6816326349719827,0.6704553705968421,0.6957678355501814,0.667497434393784,0.8374233557753608,0.7526712352687048,OOF logistic stacker
0.601,0.677710843373494,0.7841105354058722,0.6655915554903973,0.7200063436682261,0.6712848457130018,0.6816470473945335,0.6701848727264903,0.6977025392986699,0.6655915554903973,0.8374233557753608,0.7526712352687048,OOF logistic stacker
0.602,0.6778933917488135,0.7848736587054344,0.664858525142941,0.7198984046352885,0.671695230279716,0.6821269651107691,0.6704828649397854,0.6993954050785973,0.664858525142941,0.8374233557753608,0.7526712352687048,OOF logistic stacker
0.603,0.6781672143117926,0.7858754121117474,0.6639788887259933,0.7198029243483789,0.6722560191696807,0.6827754177608201,0.6709006045412563,0.7015719467956469,0.6639788887259933,0.8374233557753608,0.7526712352687048,OOF logistic stacker
0.604,0.6782584884994524,0.786509040333797,0.6632458583785369,0.719637318062515,0.6725589014120945,0.6831344164927751,0.6710939561722791,0.7030229746070134,0.6632458583785369,0.8374233557753608,0.7526712352687048,OOF logistic stacker
0.605,0.6785323110624315,0.7877202162916449,0.6620730098226066,0.7194519675003983,0.6732014828346986,0.6838781010418958,0.6715447484435098,0.705683192261185,0.6620730098226066,0.8374233557753608,0.7526712352687048,OOF logistic stacker
0.606,0.6782584884994524,0.7882126617698496,0.6607535551971851,0.7188771034372757,0.6732204965970287,0.6839438876348682,0.6713984364940566,0.7071342200725514,0.6607535551971851,0.8374233557753608,0.7526712352687048,OOF logistic stacker
0.607,0.6779846659364732,0.7886064855390009,0.6595807066412549,0.718345840651445,0.6732025000538273,0.6839620582783058,0.6712334359873462,0.7083434099153567,0.6595807066412549,0.8374233557753608,0.7526712352687048,OOF logistic stacker
0.608,0.6781672143117926,0.7893904795362726,0.6588476762937986,0.7182355761547067,0.6736236076191718,0.6844419759945414,0.6715246831614138,0.7100362756952842,0.6588476762937986,0.8374233557753608,0.7526712352687048,OOF logistic stacker
0.609,0.6778933917488135,0.7899929527836504,0.6573816155988857,0.7176122269344642,0.673689658210007,0.6845553785370486,0.6713924119271366,0.7117291414752116,0.6573816155988857,0.8374233557753608,0.7526712352687048,OOF logistic stacker
0.61,0.677710843373494,0.7906360424028268,0.6560621609734643,0.7170899767646823,0.6738301057935584,0.6847420841143017,0.6713432070229943,0.713422007255139,0.6560621609734643,0.8374233557753608,0.7526712352687048,OOF logistic stacker
0.611,0.6774370208105148,0.7911426040744022,0.6547427063480428,0.716508904219477,0.6738616428393099,0.6848078707072741,0.6711911448897512,0.7148730350665055,0.6547427063480428,0.8374233557753608,0.7526712352687048,OOF logistic stacker
0.612,0.6770719240598758,0.7920298879202988,0.652690221375165,0.7156405722552645,0.6739905765749573,0.6849908180636406,0.6710198637411486,0.7172914147521161,0.652690221375165,0.8374233557753608,0.7526712352687048,OOF logistic stacker
0.613,0.6767981014968967,0.7925437031751694,0.6513707667497435,0.7150559266114106,0.6740288609333791,0.685056604656613,0.6708648109598961,0.7187424425634825,0.6513707667497435,0.8374233557753608,0.7526712352687048,OOF logistic stacker
0.614,0.6762504563709383,0.7928443649373882,0.6497580999853394,0.7142051406010796,0.6738168898857646,0.6848548661958136,0.6704380086754478,0.7199516324062878,0.6497580999853394,0.8374233557753608,0.7526712352687048,OOF logistic stacker
0.615,0.6752464403066812,0.792645739910314,0.6478522210819528,0.71297192642788,0.6731301548464411,0.6841437647126813,0.6695376656099047,0.72043530834341,0.6478522210819528,0.8374233557753608,0.7526712352687048,OOF logistic stacker
0.616,0.6745162468054035,0.7926631900737278,0.6462395543175488,0.7120012921983524,0.6726986015243523,0.6837001882833209,0.6689072568022192,0.7211608222490931,0.6462395543175488,0.8374233557753608,0.7526712352687048,OOF logistic stacker
0.617,0.6738773274917853,0.7929292929292929,0.6444802814836534,0.7110392236150425,0.6724254742547425,0.6834251467877759,0.668392765677847,0.7223700120918984,0.6444802814836534,0.8374233557753608,0.7526712352687048,OOF logistic stacker
0.618,0.6732384081781673,0.7931970327483264,0.6427210086497581,0.7100745059928734,0.672155709227359,0.6831501052922309,0.6678770689730156,0.7235792019347037,0.6427210086497581,0.8374233557753608,0.7526712352687048,OOF logistic stacker
0.619,0.6732384081781673,0.7943687556766575,0.641108341885354,0.7095570339120558,0.6726384229676629,0.6836738807371148,0.6680478680931028,0.7262394195888755,0.641108341885354,0.8374233557753608,0.7526712352687048,OOF logistic stacker
0.62,0.6730558598028478,0.7950446347239934,0.6397888872599325,0.709017059301381,0.6728104095514973,0.6838605863143677,0.6679848887425464,0.727932285368803,0.6397888872599325,0.8374233557753608,0.7526712352687048,OOF logistic stacker
0.621,0.6725994888645491,0.7951807228915663,0.6386160387040023,0.7083502723798683,0.6725994888645491,0.6836369189892442,0.6676048667631163,0.728657799274486,0.6386160387040023,0.8374233557753608,0.7526712352687048,OOF logistic stacker
0.622,0.6716867469879518,0.7954545454545454,0.6362703415921419,0.7070131139529201,0.6721818181818182,0.6831895843389972,0.6668433499188575,0.7301088270858525,0.6362703415921419,0.8374233557753608,0.7526712352687048,OOF logistic stacker
0.623,0.6715041986126323,0.7963576158940397,0.6346576748277378,0.7063718691360039,0.6724541702658604,0.68347152181532,0.6668058206373961,0.7322853688029021,0.6346576748277378,0.8374233557753608,0.7526712352687048,OOF logistic stacker
0.624,0.6707740051113545,0.7964944649446495,0.6328984019938425,0.7053345314925251,0.672091163108163,0.6830755613354944,0.6661818971184061,0.7332527206771463,0.6328984019938425,0.8374233557753608,0.7526712352687048,OOF logistic stacker
0.625,0.670591456736035,0.7972972972972973,0.6314323412989298,0.7047369712836455,0.6723252781048964,0.6833098828622823,0.6661263553910228,0.7351874244256348,0.6314323412989298,0.8374233557753608,0.7526712352687048,OOF logistic stacker
0.626,0.6701350857977364,0.7976610358269909,0.629966280604017,0.7039646133682831,0.6722189179853216,0.6831814474362286,0.6657704352909016,0.7363966142684402,0.629966280604017,0.8374233557753608,0.7526712352687048,OOF logistic stacker
0.627,0.669587440671778,0.7978782802903406,0.6285002199091042,0.7031326882073151,0.6720002184185001,0.6829320930258943,0.6653140288124454,0.7373639661426844,0.6285002199091042,0.8374233557753608,0.7526712352687048,OOF logistic stacker
0.628,0.6693136181087989,0.7985436893203883,0.6270341592141915,0.7024718732035805,0.6721289875173371,0.6830454955684017,0.66515478611386,0.7390568319226118,0.6270341592141915,0.8374233557753608,0.7526712352687048,OOF logistic stacker
0.629,0.6694048922964586,0.7995879378160704,0.6258613106582612,0.7021381578947369,0.6726264417583112,0.6835473421489613,0.6653635826389188,0.7412333736396615,0.6258613106582612,0.8374233557753608,0.7526712352687048,OOF logistic stacker
0.63,0.6688572471705002,0.7995871645712141,0.6246884621023311,0.7013991769547325,0.6723189066147345,0.6832027558395573,0.6648770111366573,0.7417170495767835,0.6246884621023311,0.8374233557753608,0.7526712352687048,OOF logistic stacker
0.631,0.6684921504198612,0.800225946149501,0.623075795337927,0.7006264424662051,0.6723893238276292,0.683242855347319,0.6646281496584604,0.743409915356711,0.623075795337927,0.8374233557753608,0.7526712352687048,OOF logistic stacker
0.632,0.6683096020445418,0.8007171164370636,0.622049552851488,0.7001650165016502,0.6724992688425374,0.6833343290255022,0.6645228677279493,0.7446191051995164,0.622049552851488,0.8374233557753608,0.7526712352687048,OOF logistic stacker
0.633,0.6684008762322016,0.8015512674990541,0.6211699164345403,0.6999256628396795,0.6729096725502326,0.6837409437069921,0.6647002103081621,0.7463119709794438,0.6211699164345403,0.8374233557753608,0.7526712352687048,OOF logistic stacker
0.634,0.6677619569185834,0.8017453993549611,0.6195572496701364,0.6989745286139596,0.6726405097038658,0.6834182862619123,0.6641512154271427,0.747279322853688,0.6195572496701364,0.8374233557753608,0.7526712352687048,OOF logistic stacker
0.635,0.6670317634173056,0.8021329270615121,0.6175047646972585,0.6978131212723658,0.6724073925403967,0.6831175576811565,0.6635407069776463,0.7487303506650544,0.6175047646972585,0.8374233557753608,0.7526712352687048,OOF logistic stacker
0.636,0.6670317634173056,0.8027094066017936,0.616771734349802,0.6975625932681148,0.6726582903525153,0.6833556374288309,0.663603631659438,0.7499395405078597,0.616771734349802,0.8374233557753608,0.7526712352687048,OOF logistic stacker
0.637,0.6664841182913472,0.8035269311865056,0.6145726433074329,0.6964612061804286,0.6727165933158525,0.683344362766171,0.6631992075058513,0.7521160822249093,0.6145726433074329,0.8374233557753608,0.7526712352687048,OOF logistic stacker
0.638,0.6664841182913472,0.804343647895445,0.613546400820994,0.6961077844311377,0.6730739619626712,0.6836776744129154,0.6632844747398408,0.7538089480048368,0.613546400820994,0.8374233557753608,0.7526712352687048,OOF logistic stacker
0.639,0.6659364731653888,0.8045866255540567,0.6120803401260813,0.6952539550374688,0.6728846080778781,0.6834283200025811,0.6628158282559592,0.754776299879081,0.6120803401260813,0.8374233557753608,0.7526712352687048,OOF logistic stacker
0.64,0.6656626506024096,0.8050618238021638,0.610907491570151,0.6946736684171043,0.6729461368145767,0.6834464906460187,0.6626167131798079,0.7559854897218863,0.610907491570151,0.8374233557753608,0.7526712352687048,OOF logistic stacker
0.641,0.6652062796641109,0.8053457292271935,0.6095880369447295,0.6939252336448598,0.6728264983094365,0.6832704392704301,0.6622325604163057,0.7569528415961306,0.6095880369447295,0.8374233557753608,0.7526712352687048,OOF logistic stacker
0.642,0.6651150054764513,0.8062572872133696,0.608268582319308,0.693406868889446,0.6731802787185609,0.6835780638319635,0.6622388793919327,0.7588875453446191,0.608268582319308,0.8374233557753608,0.7526712352687048,OOF logistic stacker
0.643,0.6645673603504929,0.8066276803118908,0.606655915554904,0.6924943519370764,0.6730529407395363,0.6833763253711642,0.6617777451884961,0.7600967351874244,0.606655915554904,0.8374233557753608,0.7526712352687048,OOF logistic stacker
0.644,0.6640197152245345,0.8068803752931978,0.6051898548599912,0.6916310630811762,0.6728751191534482,0.68312697096083,0.6613042533450993,0.7610640870616687,0.6051898548599912,0.8374233557753608,0.7526712352687048,OOF logistic stacker
0.645,0.6636546184738956,0.8074509803921569,0.6037237941650785,0.690881637446523,0.672936555769849,0.6831194545190568,0.6610248443463222,0.762515114873035,0.6037237941650785,0.8374233557753608,0.7526712352687048,OOF logistic stacker
0.646,0.6633807959109164,0.808062930186824,0.602404339539657,0.6902402150176382,0.673065701169038,0.6831852411120292,0.6608306811646256,0.7639661426844014,0.602404339539657,0.8374233557753608,0.7526712352687048,OOF logistic stacker
0.647,0.6631069733479372,0.809044233807267,0.6006450667057616,0.6894404711821623,0.6733612207732873,0.6833938755536063,0.6606671788442975,0.7661426844014511,0.6006450667057616,0.8374233557753608,0.7526712352687048,OOF logistic stacker
0.648,0.6627418765972983,0.8095049504950496,0.5993256120803401,0.6887372588661443,0.673377602237027,0.6833387431622981,0.6603730114667341,0.7673518742442563,0.5993256120803401,0.8374233557753608,0.7526712352687048,OOF logistic stacker
0.649,0.6630156991602775,0.8104782694979162,0.598739187802375,0.6887015177065767,0.673956390114853,0.6838919639132794,0.660705713091251,0.7690447400241838,0.598739187802375,0.8374233557753608,0.7526712352687048,OOF logistic stacker
0.65,0.6630156991602775,0.8113432835820895,0.5977129453159361,0.6883336147222692,0.6743447154717057,0.6842252755600237,0.6607771789089192,0.7707376058041112,0.5977129453159361,0.8374233557753608,0.7526712352687048,OOF logistic stacker
0.651,0.6632895217232566,0.8125748502994012,0.5968333088989884,0.6881920378666216,0.6750395274033165,0.6848737282100746,0.6611280594054862,0.7729141475211608,0.5968333088989884,0.8374233557753608,0.7526712352687048,OOF logistic stacker
0.652,0.663198247535597,0.8136645962732919,0.5953672482040756,0.6876058245851676,0.675482759159278,0.685228968721143,0.6611296449658511,0.7750906892382105,0.5953672482040756,0.8374233557753608,0.7526712352687048,OOF logistic stacker
0.653,0.662833150784958,0.814397747838327,0.5937545814396716,0.6867898931660166,0.6756260843487139,0.6852690682289048,0.6608489888838582,0.7767835550181379,0.5937545814396716,0.8374233557753608,0.7526712352687048,OOF logistic stacker
0.654,0.6621942314713399,0.8148970528865563,0.591848702536285,0.6856900212314225,0.6755258340074235,0.6850416426828946,0.6602959329793296,0.7782345828295042,0.591848702536285,0.8374233557753608,0.7526712352687048,OOF logistic stacker
0.655,0.6612814895947426,0.815032414910859,0.5897962175634072,0.6843582546568002,0.6751241808773565,0.6844990761335779,0.6594612543594194,0.7792019347037484,0.5897962175634072,0.8374233557753608,0.7526712352687048,OOF logistic stacker
0.656,0.6613727637824023,0.8160942897785003,0.5887699750769682,0.6840401975813319,0.675652778692067,0.6849533067646025,0.6596208854180012,0.781136638452237,0.5887699750769682,0.8374233557753608,0.7526712352687048,OOF logistic stacker
0.657,0.6609163928441036,0.8166802610114192,0.5871573083125642,0.6831556503198294,0.6756897669895165,0.6848724872880838,0.6592375876022432,0.7825876662636034,0.5871573083125642,0.8374233557753608,0.7526712352687048,OOF logistic stacker
0.658,0.6601861993428259,0.8167689161554192,0.5855446415481601,0.6820937580052941,0.6753643459774789,0.6844289108587234,0.6585647694055488,0.7833131801692865,0.5855446415481601,0.8374233557753608,0.7526712352687048,OOF logistic stacker
0.659,0.6599123767798467,0.8170456873591477,0.5846650051312124,0.6815928901042557,0.6753541193997386,0.6843518496030911,0.658328276589836,0.7840386940749697,0.5846650051312124,0.8374233557753608,0.7526712352687048,OOF logistic stacker
0.66,0.659821102592187,0.8180509868421053,0.583345550505791,0.6810440735986307,0.6757687632831669,0.6846594741646246,0.6583082888771485,0.7859733978234583,0.583345550505791,0.8374233557753608,0.7526712352687048,OOF logistic stacker
0.661,0.6593647316538883,0.8187822497420021,0.5815862776718956,0.6800960054860278,0.675877788264881,0.6846262706376407,0.6579281510935897,0.7876662636033858,0.5815862776718956,0.8374233557753608,0.7526712352687048,OOF logistic stacker
0.662,0.6586345381526104,0.8190101470283703,0.5798270048380003,0.6789699570815451,0.6756222597390913,0.6842303101578151,0.6572592915401878,0.78863361547763,0.5798270048380003,0.8374233557753608,0.7526712352687048,OOF logistic stacker
0.663,0.6583607155896313,0.8191621733720448,0.5790939744905439,0.6785192819720004,0.6755576109768604,0.684105632952648,0.6570120998427535,0.7891172914147521,0.5790939744905439,0.8374233557753608,0.7526712352687048,OOF logistic stacker
0.664,0.6579956188389924,0.8198085726175613,0.5776279137956312,0.6777328631633267,0.6756766440323578,0.6840981165108748,0.6567079483536614,0.7905683192261185,0.5776279137956312,0.8374233557753608,0.7526712352687048,OOF logistic stacker
0.665,0.6571741511500547,0.8197371166284164,0.5760152470312271,0.6765972102634751,0.6752425644800366,0.6835336210972338,0.6559330972661326,0.7910519951632407,0.5760152470312271,0.8374233557753608,0.7526712352687048,OOF logistic stacker
0.666,0.6569003285870756,0.8201589293182768,0.5749890045447882,0.6760320606739636,0.6753046023332556,0.6835041757911365,0.6556996077935731,0.7920193470374849,0.5749890045447882,0.8374233557753608,0.7526712352687048,OOF logistic stacker
0.667,0.6569003285870756,0.8210989932885906,0.5739627620583492,0.6756406937613254,0.6757401883055751,0.6838374874378808,0.655751180940529,0.7937122128174123,0.5739627620583492,0.8374233557753608,0.7526712352687048,OOF logistic stacker
0.668,0.6569916027747353,0.8218113048959865,0.5733763377803841,0.6754749568221071,0.6761146245312594,0.6841488702203009,0.6558753026464388,0.7949214026602176,0.5733763377803841,0.8374233557753608,0.7526712352687048,OOF logistic stacker
0.669,0.656078860898138,0.821842715580856,0.5714704588769975,0.6741611898996887,0.6756887809354465,0.6835586877214492,0.6550164279610542,0.7956469165659008,0.5714704588769975,0.8374233557753608,0.7526712352687048,OOF logistic stacker
0.67,0.6558963125228185,0.822720541569706,0.570151004251576,0.6735365431243505,0.6760094921687028,0.6837453932987021,0.654888688389655,0.7973397823458283,0.570151004251576,0.8374233557753608,0.7526712352687048,OOF logistic stacker
0.671,0.6554399415845199,0.8230801866779804,0.5688315496261546,0.6727351538794972,0.675958548962188,0.6835693419231136,0.654474929739209,0.7983071342200726,0.5688315496261546,0.8374233557753608,0.7526712352687048,OOF logistic stacker
0.672,0.6554399415845199,0.8244567533020878,0.5673654889312417,0.67216673903604,0.6766007816334776,0.6840455014184624,0.65454061680089,0.8007255139056831,0.5673654889312417,0.8374233557753608,0.7526712352687048,OOF logistic stacker
0.673,0.655074844833881,0.825,0.5660460343058202,0.6714198765324755,0.6766810070108349,0.6839903690271544,0.6542192073085968,0.8019347037484885,0.5660460343058202,0.8374233557753608,0.7526712352687048,OOF logistic stacker
0.674,0.654709748083242,0.8258258258258259,0.5644333675414163,0.6705564747888183,0.6768944826618801,0.6840304685349161,0.6539089785968255,0.803627569528416,0.5644333675414163,0.8374233557753608,0.7526712352687048,OOF logistic stacker
0.675,0.6543446513326031,0.8267987936234382,0.5626740947075209,0.6696327313966676,0.6771783008345256,0.6841181839922127,0.6536028524434769,0.8055622732769044,0.5626740947075209,0.8374233557753608,0.7526712352687048,OOF logistic stacker
0.676,0.6537057320189851,0.8271017938188892,0.5610614279431169,0.6685883997204752,0.6770206393648088,0.6837955265471327,0.6530059735605434,0.8065296251511487,0.5610614279431169,0.8374233557753608,0.7526712352687048,OOF logistic stacker
0.677,0.6537970062066447,0.8287016934433348,0.559595367248204,0.668066859193139,0.6778154136508012,0.6843926050267622,0.6531559856289968,0.8091898428053205,0.559595367248204,0.8374233557753608,0.7526712352687048,OOF logistic stacker
0.678,0.6534319094560058,0.8296990841692107,0.5578360944143087,0.6671342158323836,0.6781148482070543,0.6844803204840588,0.652843642899533,0.811124546553809,0.5578360944143087,0.8374233557753608,0.7526712352687048,OOF logistic stacker
0.679,0.652701715954728,0.830122591943958,0.5559302155109221,0.6659056984809905,0.6779761362975896,0.6841319759537682,0.6521583989886659,0.8123337363966142,0.5559302155109221,0.8374233557753608,0.7526712352687048,OOF logistic stacker
0.68,0.6519715224534501,0.8305494505494505,0.5540243366075356,0.6646732917069739,0.6778410693271761,0.6837836314234775,0.6514714527977996,0.8135429262394196,0.5540243366075356,0.8374233557753608,0.7526712352687048,OOF logistic stacker
0.681,0.6514238773274917,0.831639416703491,0.5518252455651664,0.6634352692341589,0.6781058669831608,0.6837723567608178,0.6509793478210548,0.8157194679564692,0.5518252455651664,0.8374233557753608,0.7526712352687048,OOF logistic stacker
0.682,0.6510587805768528,0.8319309123117803,0.5507990030787274,0.6627855693746141,0.6780772573981262,0.6836219924704399,0.6506362835052739,0.8164449818621523,0.5507990030787274,0.8374233557753608,0.7526712352687048,OOF logistic stacker
0.683,0.6498722161372764,0.8317403867526116,0.5485999120363583,0.66113074204947,0.6774467769290393,0.6827642849178164,0.6494853106017743,0.8169286577992745,0.5485999120363583,0.8374233557753608,0.7526712352687048,OOF logistic stacker
0.684,0.6501460387002556,0.8330361123495319,0.547866881688902,0.6610064561775891,0.6781872988331894,0.6833651216183325,0.6497865849959139,0.818863361547763,0.547866881688902,0.8374233557753608,0.7526712352687048,OOF logistic stacker
0.685,0.6490507484483388,0.8328859060402685,0.545814396716024,0.6594632893454964,0.6776208746975934,0.6825807171004545,0.6487223235165482,0.8193470374848851,0.545814396716024,0.8374233557753608,0.7526712352687048,OOF logistic stacker
0.686,0.6489594742606791,0.8338945005611672,0.5446415481600938,0.6589216034054629,0.6780609250998422,0.6828407257124531,0.6486597486752775,0.8210399032648126,0.5446415481600938,0.8374233557753608,0.7526712352687048,OOF logistic stacker
0.687,0.6486856516976999,0.8348355114916629,0.5431754874651811,0.6581401545430322,0.6783873783294461,0.6829541282549605,0.6484167401833719,0.82273276904474,0.5431754874651811,0.8374233557753608,0.7526712352687048,OOF logistic stacker
0.6880000000000001,0.6480467323840818,0.8347256717091894,0.5420026389092508,0.6572444444444444,0.6780492155083406,0.6824886229612759,0.6477931094853999,0.822974607013301,0.5420026389092508,0.8374233557753608,0.7526712352687048,OOF logistic stacker
0.6890000000000001,0.6473165388828039,0.835184765359329,0.5400967600058643,0.655982905982906,0.6779437959722543,0.6821402784309853,0.6470925765869586,0.8241837968561064,0.5400967600058643,0.8374233557753608,0.7526712352687048,OOF logistic stacker
0.6900000000000001,0.6468601679445053,0.8359126081019572,0.5384840932414602,0.6550156041016496,0.6780904095066324,0.6820594589544665,0.6466627052947249,0.8256348246674728,0.5384840932414602,0.8374233557753608,0.7526712352687048,OOF logistic stacker
0.6910000000000001,0.645947426067908,0.8358447488584475,0.5367248204075649,0.6536916346754754,0.6776547345265473,0.6814216605060799,0.6457702875085901,0.8261185006045949,0.5367248204075649,0.8374233557753608,0.7526712352687048,OOF logistic stacker
0.6920000000000001,0.6458561518802483,0.837038734815494,0.5354053657821434,0.6530758226037195,0.6781887136841007,0.6817292850676133,0.6457027136881387,0.8280532043530834,0.5354053657821434,0.8374233557753608,0.7526712352687048,OOF logistic stacker
0.6930000000000001,0.6457648776925885,0.8377757352941176,0.5345257293651957,0.6526447686386826,0.6785032522624435,0.6818940617805422,0.6456258576408795,0.8292623941958888,0.5345257293651957,0.8374233557753608,0.7526712352687048,OOF logistic stacker
0.6940000000000001,0.644943410003651,0.8377506337865868,0.5329130626007916,0.6514336917562724,0.6781317775249995,0.6813295663669012,0.6448202684971838,0.8297460701330109,0.5329130626007916,0.8374233557753608,0.7526712352687048,OOF logistic stacker
0.6950000000000001,0.6441219423147134,0.8380379453956501,0.5310071836974051,0.6500942295611595,0.6779125512326457,0.6808603028523301,0.6440182355903113,0.8307134220072552,0.5310071836974051,0.8374233557753608,0.7526712352687048,OOF logistic stacker
0.6960000000000001,0.643574297188755,0.8385973060845332,0.529394516933001,0.64905185584614,0.67794526958362,0.6806585643915307,0.6434874485535753,0.8319226118500604,0.529394516933001,0.8374233557753608,0.7526712352687048,OOF logistic stacker
0.6970000000000001,0.6432092004381161,0.8393939393939394,0.5279284562380883,0.6481864818648186,0.6781728172817282,0.6806510479497576,0.6431377738460284,0.8333736396614269,0.5279284562380883,0.8374233557753608,0.7526712352687048,OOF logistic stacker
0.6980000000000001,0.6421139101861993,0.8391019644527596,0.5260225773347017,0.6466612597999459,0.677559964262308,0.6798190274823448,0.6420546243521228,0.8336154776299879,0.5260225773347017,0.8374233557753608,0.7526712352687048,OOF logistic stacker
0.6990000000000001,0.6420226359985396,0.8397000234356691,0.5252895469872453,0.6462842712842712,0.6778108429332628,0.6799361882457386,0.6419706648365184,0.8345828295042321,0.5252895469872453,0.8374233557753608,0.7526712352687048,OOF logistic stacker
0.7000000000000001,0.6417488134355605,0.8408662900188324,0.5236768802228412,0.6454060890776041,0.6782596208591478,0.680097206737781,0.6417106992469086,0.8365175332527207,0.5236768802228412,0.8374233557753608,0.7526712352687048,OOF logistic stacker
0.7010000000000001,0.6412924424972618,0.841483581384361,0.5222108195279285,0.6444725891080152,0.6783648756245024,0.6799687713117273,0.6412637397557022,0.837726723095526,0.5222108195279285,0.8374233557753608,0.7526712352687048,OOF logistic stacker
0.7020000000000001,0.6403797006206645,0.8417556346381969,0.5201583345550506,0.6429865893439652,0.6781096820275987,0.6794262047624104,0.6403605252714677,0.8386940749697702,0.5201583345550506,0.8374233557753608,0.7526712352687048,OOF logistic stacker
0.7030000000000001,0.6400146038700255,0.8424184717924303,0.5188388799296291,0.6421702050444565,0.6782780737940686,0.6793710723711024,0.6400015396204836,0.8399032648125756,0.5188388799296291,0.8374233557753608,0.7526712352687048,OOF logistic stacker
0.704,0.6396495071193866,0.8429219384101218,0.5176660313736988,0.6414168937329701,0.6783694958786237,0.6792683240302593,0.6396407528653842,0.8408706166868198,0.5176660313736988,0.8374233557753608,0.7526712352687048,OOF logistic stacker
0.705,0.6392844103687477,0.8437574886173017,0.5161999706787861,0.6405311988357286,0.6786235474930825,0.6792608075884862,0.6392800709327937,0.8423216444981863,0.5161999706787861,0.8374233557753608,0.7526712352687048,OOF logistic stacker
0.706,0.639193136181088,0.8443804034582133,0.5154669403313297,0.6401456531634047,0.6788892594440654,0.6793779683518801,0.639190608223507,0.8432889963724305,0.5154669403313297,0.8374233557753608,0.7526712352687048,OOF logistic stacker
0.707,0.6392844103687477,0.8462466811489259,0.5140008796364169,0.639547610361182,0.6798384440531067,0.6799750468315096,0.6392842180413876,0.8459492140266022,0.5140008796364169,0.8374233557753608,0.7526712352687048,OOF logistic stacker
0.708,0.6380978459291712,0.8460979156568105,0.5118017885940478,0.6378003105873755,0.6792715054125926,0.6791173392788861,0.6380976017141164,0.8464328899637243,0.5118017885940478,0.8374233557753608,0.7526712352687048,OOF logistic stacker
0.709,0.6376414749908725,0.846415552855407,0.5106289400381175,0.6369787856620337,0.6792375966294284,0.6788936719537626,0.6376402674665853,0.8471584038694076,0.5106289400381175,0.8374233557753608,0.7526712352687048,OOF logistic stacker
0.71,0.6375502008032129,0.8475609756097561,0.5094560914821874,0.6363886091017306,0.6797606511654382,0.6791536805657612,0.6375465018031626,0.848851269649335,0.5094560914821874,0.8374233557753608,0.7526712352687048,OOF logistic stacker
0.711,0.6370938298649143,0.8478845683541208,0.5082832429262572,0.635563703024748,0.679730838130752,0.6789300132406376,0.6370874323158642,0.8495767835550181,0.5082832429262572,0.8374233557753608,0.7526712352687048,OOF logistic stacker
0.712,0.6363636363636364,0.8484401866863178,0.5063773640228706,0.6342269555637164,0.6797030272574653,0.678581668710347,0.6363512273281378,0.8507859733978235,0.5063773640228706,0.8374233557753608,0.7526712352687048,OOF logistic stacker
0.713,0.6356334428623586,0.8484848484848485,0.5049113033279578,0.6330882352941176,0.6794258373205742,0.6780904763314517,0.6356159088000682,0.8512696493349455,0.5049113033279578,0.8374233557753608,0.7526712352687048,OOF logistic stacker
0.714,0.6350857977364002,0.8487768717568569,0.5035918487025363,0.6321310268678689,0.6793457379481925,0.6777935059715825,0.6350622537454158,0.8519951632406287,0.5035918487025363,0.8374233557753608,0.7526712352687048,OOF logistic stacker
0.715,0.6351770719240599,0.8500247892910263,0.5027122122855886,0.6317825886688162,0.6799965032846348,0.6782001206530723,0.6351460650678802,0.8536880290205562,0.5027122122855886,0.8374233557753608,0.7526712352687048,OOF logistic stacker
0.716,0.6348119751734209,0.8507462686567164,0.5013927576601671,0.6309381053408357,0.680203007454079,0.6781449882617643,0.6347717353549089,0.8548972188633616,0.5013927576601671,0.8374233557753608,0.7526712352687048,OOF logistic stacker
0.717,0.6341730558598029,0.8508356198553255,0.5000733030347456,0.6299168975069253,0.6799881280505935,0.6777270989176146,0.6341246642380323,0.8553808948004836,0.5000733030347456,0.8374233557753608,0.7526712352687048,OOF logistic stacker
0.718,0.6337166849215042,0.8517034068136272,0.4984606362703416,0.6288726532877092,0.6802313702649412,0.6776462794410958,0.6336542742066982,0.85683192261185,0.4984606362703416,0.8374233557753608,0.7526712352687048,OOF logistic stacker
0.719,0.6327126688572472,0.8523557571176619,0.4959683330889899,0.627062094531974,0.6801495402161946,0.6771256417561031,0.6326283319270192,0.8582829504232165,0.4959683330889899,0.8374233557753608,0.7526712352687048,OOF logistic stacker
0.72,0.6313435560423513,0.8525088697415104,0.49318281776865563,0.6248722949753878,0.679678115327246,0.6762165600330582,0.6312338146029922,0.8592503022974607,0.49318281776865563,0.8374233557753608,0.7526712352687048,OOF logistic stacker
0.721,0.6308871851040526,0.8530383930841596,0.49186336314323414,0.6239538776269296,0.6797585529424786,0.6760405086574696,0.6307616672594228,0.8602176541717049,0.49186336314323414,0.8374233557753608,0.7526712352687048,OOF logistic stacker
0.722,0.6301569916027747,0.8530986993114001,0.49039730244832136,0.6227890523180041,0.6794988876798649,0.6755493162785742,0.6300158332315178,0.8607013301088271,0.49039730244832136,0.8374233557753608,0.7526712352687048,OOF logistic stacker
0.723,0.6292442497261774,0.8532650448143406,0.48849142354493474,0.6212940518366585,0.6792208077567661,0.6749591337797225,0.6290807823996452,0.8614268440145103,0.48849142354493474,0.8374233557753608,0.7526712352687048,OOF logistic stacker
0.724,0.6293355239138372,0.8538461538461538,0.4881982114059522,0.6212107079563474,0.6795449590092447,0.6751752846630729,0.6291649107648773,0.8621523579201935,0.4881982114059522,0.8374233557753608,0.7526712352687048,OOF logistic stacker
0.725,0.628696604600219,0.8539470300848547,0.4868787567805307,0.6201680672268908,0.6793436862607661,0.6747573953189232,0.6285093148132311,0.8626360338573156,0.4868787567805307,0.8374233557753608,0.7526712352687048,OOF logistic stacker
0.726,0.6282402336619204,0.8543063434760185,0.4857059082246005,0.6193102159080288,0.6793430558860737,0.6745337279937996,0.6280355592159426,0.8633615477629988,0.4857059082246005,0.8374233557753608,0.7526712352687048,OOF logistic stacker
0.727,0.6275100401606426,0.8547384774728121,0.48394663539070515,0.6179912009735093,0.6792722553701811,0.6741377675139741,0.6272786176743939,0.864328899637243,0.48394663539070515,0.8374233557753608,0.7526712352687048,OOF logistic stacker
0.728,0.6271449434100036,0.8553246753246754,0.48277378683477495,0.6171867678755506,0.6794214144988139,0.6740350191731311,0.6268924676491889,0.8652962515114873,0.48277378683477495,0.8374233557753608,0.7526712352687048,OOF logistic stacker
0.729,0.6265060240963856,0.855616366953349,0.48130772613986217,0.6160630512291236,0.6793182270221163,0.6736647457785163,0.6262294996682316,0.8660217654171705,0.48130772613986217,0.8374233557753608,0.7526712352687048,OOF logistic stacker
0.73,0.6259583789704272,0.8559477124183007,0.4799882715144407,0.6150666917151982,0.6792710094835859,0.6733677754186471,0.6256586787175317,0.8667472793228537,0.4799882715144407,0.8374233557753608,0.7526712352687048,OOF logistic stacker
0.731,0.6255020080321285,0.8561320754716981,0.4789620290280018,0.6142709410548087,0.6791864859151208,0.6730964921439888,0.6251842510152092,0.8672309552599758,0.4789620290280018,0.8374233557753608,0.7526712352687048,OOF logistic stacker
0.732,0.625319459656809,0.8569926393270242,0.4779357865415628,0.6136470588235294,0.6795449773816329,0.673187965822172,0.6249771574794531,0.8684401451027811,0.4779357865415628,0.8374233557753608,0.7526712352687048,OOF logistic stacker
0.733,0.6238590726542533,0.856388595564942,0.4755900894297024,0.6115562258459798,0.678682579032471,0.6720151172662417,0.6234813775430023,0.8684401451027811,0.4755900894297024,0.8374233557753608,0.7526712352687048,OOF logistic stacker
0.734,0.6230376049653158,0.8566127749801219,0.47383081659580706,0.6101566924674344,0.6784804094864413,0.6714982378021357,0.6226256160693773,0.8691656590084643,0.47383081659580706,0.8374233557753608,0.7526712352687048,OOF logistic stacker
0.735,0.6220335889010588,0.8565726450239489,0.47192493769242044,0.6085641364968334,0.6780779312921912,0.6707871363190034,0.6215855183498903,0.8696493349455865,0.47192493769242044,0.8374233557753608,0.7526712352687048,OOF logistic stacker
0.736,0.6210295728368017,0.857104629381857,0.46957924058056005,0.6067437014586096,0.6779635904909008,0.6702188826844759,0.6205287998221355,0.8708585247883918,0.46957924058056005,0.8374233557753608,0.7526712352687048,OOF logistic stacker
0.737,0.6211208470244615,0.8588709677419355,0.4684063920246298,0.6062043449388104,0.6788826922734,0.6707207292650356,0.6205764491381238,0.8730350665054414,0.4684063920246298,0.8374233557753608,0.7526712352687048,OOF logistic stacker
0.738,0.6208470244614823,0.8601134215500945,0.4669403313297171,0.605283162295705,0.6794018093549452,0.6708341318075429,0.6202566145163105,0.8747279322853688,0.4669403313297171,0.8374233557753608,0.7526712352687048,OOF logistic stacker
0.739,0.619934282584885,0.859734633089629,0.4654742706348043,0.6039566292562298,0.6788691064387977,0.6701011014600866,0.6193146894307119,0.8747279322853688,0.4654742706348043,0.8374233557753608,0.7526712352687048,OOF logistic stacker
0.74,0.618930266520628,0.8595108695652174,0.46371499780090897,0.6024188172554995,0.6783810532542964,0.6693423840274194,0.6182718921962362,0.8749697702539299,0.46371499780090897,0.8374233557753608,0.7526712352687048,OOF logistic stacker
0.741,0.6182913472070098,0.8602238602238602,0.46195572496701365,0.6011064479206409,0.678500796147855,0.6690673425318745,0.6175815753778913,0.8761789600967352,0.46195572496701365,0.8374233557753608,0.7526712352687048,OOF logistic stacker
0.742,0.6177437020810514,0.8609816287359473,0.46034305820260957,0.5999235766144441,0.6786779808750197,0.668865604071075,0.616983808579854,0.8773881499395405,0.46034305820260957,0.8374233557753608,0.7526712352687048,OOF logistic stacker
0.743,0.6170135085797737,0.8610729023383769,0.45887699750769684,0.598699311400153,0.6784534024053583,0.6683744116921797,0.6162141808397412,0.8778718258766627,0.45887699750769684,0.8374233557753608,0.7526712352687048,OOF logistic stacker
0.744,0.6168309602044542,0.8627939142461964,0.45726433074329276,0.5977385971636643,0.6792514728566496,0.6686563491685025,0.6159658479021528,0.8800483675937122,0.45726433074329276,0.8374233557753608,0.7526712352687048,OOF logistic stacker
0.745,0.6162833150784958,0.8635732147818839,0.45565166397888873,0.5965451055662188,0.6794419016685007,0.6684546107077032,0.6153627024524446,0.8812575574365176,0.45565166397888873,0.8374233557753608,0.7526712352687048,OOF logistic stacker
0.746,0.6158269441401971,0.8652125279642058,0.4535991790060108,0.5951716841396557,0.6800994889143522,0.668516639079789,0.6148242267854163,0.8834340991535671,0.4535991790060108,0.8374233557753608,0.7526712352687048,OOF logistic stacker
0.747,0.6139101861993428,0.8644163150492264,0.450520451546694,0.5923284502698535,0.6789991317172899,0.6669772753501305,0.6128251127909601,0.8834340991535671,0.450520451546694,0.8374233557753608,0.7526712352687048,OOF logistic stacker
0.748,0.6140014603870025,0.866723259762309,0.4490543908517813,0.5915982617093192,0.6801953674182065,0.66757435382976,0.6128364242699058,0.8860943168077389,0.4490543908517813,0.8374233557753608,0.7526712352687048,OOF logistic stacker
0.749,0.6129974443227455,0.8669320443559853,0.44700190587890337,0.5898626426775004,0.679937322083894,0.6669108682961626,0.6117621490560476,0.886819830713422,0.44700190587890337,0.8374233557753608,0.7526712352687048,OOF logistic stacker
0.75,0.6122672508214677,0.8670470756062767,0.44553584518399064,0.5886112725159791,0.6797321004121841,0.6664196759172674,0.610980934031164,0.8873035066505441,0.44553584518399064,0.8374233557753608,0.7526712352687048,OOF logistic stacker
0.751,0.6118108798831691,0.8674871207784773,0.4443629966280604,0.5876878332525448,0.6797901966797774,0.6661960085921439,0.6104775287673434,0.8880290205562273,0.4443629966280604,0.8374233557753608,0.7526712352687048,OOF logistic stacker
0.752,0.6111719605695509,0.8678540649238724,0.4428969359331476,0.586488060570763,0.6797464304552472,0.6658257351975291,0.60978149798564,0.8887545344619106,0.4428969359331476,0.8374233557753608,0.7526712352687048,OOF logistic stacker
0.753,0.6100766703176341,0.8676088837611768,0.44099105702976105,0.5847589424572317,0.6792310675983078,0.6649937147301164,0.6086217286271017,0.8889963724304716,0.44099105702976105,0.8374233557753608,0.7526712352687048,OOF logistic stacker
0.754,0.6100766703176341,0.8688856729377713,0.4401114206128134,0.5842740365901129,0.6798767786099336,0.6652794104273256,0.6085687817876656,0.890447400241838,0.4401114206128134,0.8374233557753608,0.7526712352687048,OOF logistic stacker
0.755,0.6089813800657174,0.8690718649985453,0.43791232957044424,0.582374731916553,0.679581816260411,0.6645426218589827,0.6073878121570065,0.8911729141475212,0.43791232957044424,0.8374233557753608,0.7526712352687048,OOF logistic stacker
0.756,0.608433734939759,0.8694890510948905,0.43659287494502275,0.5813000195198126,0.6795991265300505,0.6642456514991135,0.6067823601799303,0.8918984280532044,0.43659287494502275,0.8374233557753608,0.7526712352687048,OOF logistic stacker
0.757,0.6069733479372034,0.8690930437334898,0.434100571763671,0.5789988267500977,0.6788835201446626,0.6631204188927182,0.6052303274455726,0.8921402660217654,0.434100571763671,0.8374233557753608,0.7526712352687048,OOF logistic stacker
0.758,0.6059693318729463,0.8695395513577332,0.43190148072130186,0.5771378195709668,0.6787576192306637,0.6625045493086558,0.6041290225770752,0.8931076178960097,0.43190148072130186,0.8374233557753608,0.7526712352687048,OOF logistic stacker
0.759,0.605056589996349,0.8695909899229401,0.43014220788740654,0.5755762628739578,0.67846471152702,0.6618667508602691,0.6031418909317301,0.8935912938331319,0.43014220788740654,0.8374233557753608,0.7526712352687048,OOF logistic stacker
0.76,0.6046914932457101,0.8700951248513674,0.4291159654009676,0.5747668139420716,0.6785934001496037,0.6617163865698913,0.6027240738082491,0.894316807738815,0.4291159654009676,0.8374233557753608,0.7526712352687048,OOF logistic stacker
0.761,0.6038700255567725,0.8708520179372198,0.4270634804280897,0.5730867597875271,0.6786923340244502,0.661294739004855,0.601799637343108,0.8955259975816203,0.4270634804280897,0.8374233557753608,0.7526712352687048,OOF logistic stacker
0.762,0.6034136546184738,0.8713257348530294,0.42589063187215953,0.5721319547021172,0.6787749115094326,0.6610710716797316,0.6012824441368032,0.8962515114873035,0.42589063187215953,0.8374233557753608,0.7526712352687048,OOF logistic stacker
0.763,0.6026834611171961,0.8716867469879518,0.42427796510775545,0.570752391282911,0.6787061288632792,0.6606274952503711,0.6004726190549292,0.8969770253929867,0.42427796510775545,0.8374233557753608,0.7526712352687048,OOF logistic stacker
0.764,0.6019532676159182,0.8720508166969148,0.4226652983433514,0.5693690135281919,0.6786397874334247,0.6601839188210107,0.5996611720165355,0.8977025392986699,0.4226652983433514,0.8374233557753608,0.7526712352687048,OOF logistic stacker
0.765,0.6014056224899599,0.8729483282674773,0.42105263157894735,0.5680941548808228,0.6789082888402349,0.6599821803602113,0.5990203847872464,0.8989117291414752,0.42105263157894735,0.8374233557753608,0.7526712352687048,OOF logistic stacker
0.766,0.6013143483023001,0.8740469655382739,0.4201729951619997,0.5675247524752475,0.6794358834464849,0.6601469570731401,0.5988656610327474,0.9001209189842805,0.4201729951619997,0.8374233557753608,0.7526712352687048,OOF logistic stacker
0.767,0.6004016064257028,0.8745783501993254,0.41812051018912183,0.5657607617536203,0.6793944382575574,0.6596043905238234,0.5978423419926174,0.9010882708585248,0.41812051018912183,0.8374233557753608,0.7526712352687048,OOF logistic stacker
0.768,0.5990324936108069,0.8746913580246913,0.41548160093827885,0.5633634827551933,0.6789864255131233,0.6586476928512434,0.5963387323488227,0.9018137847642079,0.41548160093827885,0.8374233557753608,0.7526712352687048,OOF logistic stacker
0.769,0.5979372033588901,0.8742255266418835,0.41372232810438353,0.5616479251666833,0.6783782912712523,0.6577680564342957,0.5951626627435035,0.9018137847642079,0.41372232810438353,0.8374233557753608,0.7526712352687048,OOF logistic stacker
0.77,0.5975721066082512,0.8745341614906832,0.41284269168743587,0.5609003087341898,0.6784123754712982,0.657570076194383,0.5947454959558406,0.9022974607013301,0.41284269168743587,0.8374233557753608,0.7526712352687048,OOF logistic stacker
0.771,0.5969331872946331,0.8749610227627066,0.4113766309925231,0.5596330275229358,0.6784148254863991,0.6571998027997682,0.5940204854881592,0.9030229746070133,0.4113766309925231,0.8374233557753608,0.7526712352687048,OOF logistic stacker
0.772,0.5962942679810149,0.8753913587977458,0.4099105702976103,0.5583624563155267,0.6784197195946987,0.6568295294051534,0.5932940297043717,0.9037484885126965,0.4099105702976103,0.8374233557753608,0.7526712352687048,OOF logistic stacker
0.773,0.595929171230376,0.8759422110552764,0.4088843278111714,0.5575212393803098,0.6785784138137936,0.6566791651147755,0.5928615687117389,0.9044740024183797,0.4088843278111714,0.8374233557753608,0.7526712352687048,OOF logistic stacker
0.774,0.5950164293537787,0.8762626262626263,0.4069784489077848,0.5558113925317849,0.678436911487759,0.6560889826159239,0.5918367538856191,0.9051995163240629,0.4069784489077848,0.8374233557753608,0.7526712352687048,OOF logistic stacker
0.775,0.594925155166119,0.876699336073348,0.40653863069931095,0.555488782051282,0.6786294062632876,0.6561109114802479,0.5917115271758757,0.905683192261185,0.40653863069931095,0.8374233557753608,0.7526712352687048,OOF logistic stacker
0.776,0.5941036874771815,0.87730451366815,0.40463275179592434,0.5538276311829036,0.6786650609313861,0.6556416479656768,0.5907689851184506,0.9066505441354292,0.40463275179592434,0.8374233557753608,0.7526712352687048,OOF logistic stacker
0.777,0.5935560423512231,0.8780332056194126,0.4031666911010116,0.5525972068722999,0.678855559864921,0.6553922935553426,0.5901208293747735,0.9076178960096735,0.4031666911010116,0.8374233557753608,0.7526712352687048,OOF logistic stacker
0.778,0.5928258488499453,0.8786906290115533,0.40140741826711623,0.5510717520378384,0.6789499063425113,0.6549963330755171,0.5892728280022177,0.9085852478839178,0.40140741826711623,0.8374233557753608,0.7526712352687048,OOF logistic stacker
0.779,0.5920956553486674,0.879110251450677,0.3997947515027122,0.5496321676912224,0.6789236003879309,0.6545527566461566,0.5884369029297717,0.909310761789601,0.3997947515027122,0.8374233557753608,0.7526712352687048,OOF logistic stacker
0.78,0.5907265425337714,0.8790139474537788,0.3973024483213605,0.5472536348949919,0.6784247941257209,0.6535484430240418,0.5869179566880023,0.9097944377267231,0.3973024483213605,0.8374233557753608,0.7526712352687048,OOF logistic stacker
0.781,0.5899963490324936,0.8789456557110316,0.39598299369593903,0.5459874671518091,0.678150996065588,0.6530096346956116,0.5861073964149792,0.9100362756952841,0.39598299369593903,0.8374233557753608,0.7526712352687048,OOF logistic stacker
0.782,0.5896312522818546,0.8800261523373651,0.39466353907051754,0.5449392712550607,0.6785846856406339,0.6529545023043035,0.5856345292445516,0.9112454655380895,0.39466353907051754,0.8374233557753608,0.7526712352687048,OOF logistic stacker
0.783,0.5882621394669587,0.8796844181459567,0.3923178419586571,0.5426340869917875,0.6779645239579922,0.6519025727326538,0.58412308549108,0.9114873035066505,0.3923178419586571,0.8374233557753608,0.7526712352687048,OOF logistic stacker
0.784,0.5873493975903614,0.8797886393659181,0.3905585691247618,0.5409686262564727,0.6777222712470358,0.6512647742842672,0.5830931169083906,0.9119709794437727,0.3905585691247618,0.8374233557753608,0.7526712352687048,OOF logistic stacker
0.785,0.5866192040890836,0.8802256138022562,0.3889459023603577,0.5395017793594306,0.6777103893740568,0.6508211978549068,0.5822457145534422,0.9126964933494559,0.3889459023603577,0.8374233557753608,0.7526712352687048,OOF logistic stacker
0.786,0.586162833150785,0.8807858807858808,0.3877730538044275,0.5384771986970684,0.6778505035766447,0.6505975305297833,0.5816972360129948,0.9134220072551391,0.3877730538044275,0.8374233557753608,0.7526712352687048,OOF logistic stacker
0.787,0.585158817086528,0.8806020066889632,0.3860137809705322,0.5367444704923046,0.6774338178059428,0.6498388130971162,0.5805778380888926,0.9136638452237001,0.3860137809705322,0.8374233557753608,0.7526712352687048,OOF logistic stacker
0.788,0.5841548010222709,0.88118478626725,0.38381468992816303,0.5347222222222222,0.6774114288255474,0.6492229435130537,0.5794073157315731,0.9146311970979444,0.38381468992816303,0.8374233557753608,0.7526712352687048,OOF logistic stacker
0.789,0.5836984300839723,0.8827913279132791,0.3820554170942677,0.5333060472730994,0.6780898168801778,0.6491897399860698,0.5787874663418796,0.9163240628778718,0.3820554170942677,0.8374233557753608,0.7526712352687048,OOF logistic stacker
0.79,0.5823293172690763,0.8829750938246332,0.37941650784342473,0.5307629204265791,0.6777492291553073,0.6482330423134899,0.5772235654764475,0.917049576783555,0.37941650784342473,0.8374233557753608,0.7526712352687048,OOF logistic stacker
0.791,0.5817816721431179,0.8835217540253512,0.37809705321800324,0.5295687885010267,0.6778564350567219,0.6479360719536207,0.5765655312863333,0.9177750906892382,0.37809705321800324,0.8374233557753608,0.7526712352687048,OOF logistic stacker
0.792,0.5809602044541804,0.8847481021394065,0.3758979621756341,0.5276262990019549,0.6782266199453548,0.6475620403381194,0.5755493916071039,0.9192261185006046,0.3758979621756341,0.8374233557753608,0.7526712352687048,OOF logistic stacker
0.793,0.5811427528294998,0.8875,0.37472511361970384,0.5269559839191836,0.6796960128776621,0.6481848059029596,0.5755736434213885,0.9216444981862152,0.37472511361970384,0.8374233557753608,0.7526712352687048,OOF logistic stacker
0.794,0.580412559328222,0.8877266387726639,0.3732590529247911,0.5255444318299102,0.6795829039560649,0.6476936135240643,0.5747250916410452,0.9221281741233374,0.3732590529247911,0.8374233557753608,0.7526712352687048,OOF logistic stacker
0.795,0.5791347207009858,0.8882642304989459,0.3706201436739481,0.5230164477086997,0.6794588723394852,0.6468578348357649,0.573227292862108,0.9230955259975816,0.3706201436739481,0.8374233557753608,0.7526712352687048,OOF logistic stacker
0.796,0.5790434465133261,0.8893197039125837,0.3698871133264917,0.5224684199627252,0.6799720825265592,0.6469749955991588,0.5730507596794203,0.9240628778718258,0.3698871133264917,0.8374233557753608,0.7526712352687048,OOF logistic stacker
0.797,0.5785870755750274,0.8907801418439716,0.3682744465620877,0.5211077689036407,0.6805793531245423,0.64689417612264,0.5724274073920861,0.9255139056831923,0.3682744465620877,0.8374233557753608,0.7526712352687048,OOF logistic stacker
0.798,0.5778568820737495,0.8913043478260869,0.3666617797976836,0.5195803469408954,0.6806214990664177,0.6464505996932796,0.5715524852327595,0.9262394195888755,0.3666617797976836,0.8374233557753608,0.7526712352687048,OOF logistic stacker
0.799,0.5771266885724717,0.8921146953405018,0.3649025069637883,0.5179481843720737,0.6808112051280025,0.646054639213454,0.5706560692610714,0.9272067714631197,0.3649025069637883,0.8374233557753608,0.7526712352687048,OOF logistic stacker
0.8,0.5755750273822563,0.8917358354384699,0.3622635977129453,0.5152210175145955,0.6801379238279704,0.644856103572313,0.5688929762897652,0.9274486094316807,0.3622635977129453,0.8374233557753608,0.7526712352687048,OOF logistic stacker
0.801,0.5752099306316174,0.8924302788844621,0.36123735522650635,0.5142976414109789,0.6803823145490036,0.6447057392819351,0.5684221378182226,0.9281741233373639,0.36123735522650635,0.8374233557753608,0.7526712352687048,OOF logistic stacker
0.802,0.573658269441402,0.8929093567251462,0.35815862776718954,0.5112482996756305,0.6801529751995561,0.6436500514893988,0.5665913695869047,0.9291414752116082,0.35815862776718954,0.8374233557753608,0.7526712352687048,OOF logistic stacker
0.803,0.5728368017524644,0.8931325743665075,0.3565459610027855,0.509639564124057,0.6800170341770592,0.6430855560757579,0.5656218519197258,0.9296251511487303,0.3565459610027855,0.8374233557753608,0.7526712352687048,OOF logistic stacker
0.804,0.572289156626506,0.8940568475452196,0.35507990030787273,0.508289611752361,0.6803253802416289,0.6428362016654237,0.5649185096397082,0.9305925030229746,0.35507990030787273,0.8374233557753608,0.7526712352687048,OOF logistic stacker
0.805,0.5718327856882074,0.8947368421052632,0.35390705175194254,0.507196134047694,0.6805362583013601,0.6426125343403002,0.5643380008574628,0.9313180169286578,0.35390705175194254,0.8374233557753608,0.7526712352687048,OOF logistic stacker
0.806,0.5711025921869295,0.8947172619047619,0.35258759712652105,0.5058365758754864,0.6803049299364158,0.64207372601187,0.5634883113191831,0.9315598548972188,0.35258759712652105,0.8374233557753608,0.7526712352687048,OOF logistic stacker
0.807,0.5697334793720336,0.8953095684803002,0.34980208180618677,0.503057136833228,0.6801960940942087,0.641164644288825,0.5618456455130247,0.9325272067714632,0.34980208180618677,0.8374233557753608,0.7526712352687048,OOF logistic stacker
0.808,0.568912011683096,0.8955505279034691,0.34818941504178275,0.5014251029241,0.6800729518130062,0.640600148875184,0.5608661007827349,0.9330108827085852,0.34818941504178275,0.8374233557753608,0.7526712352687048,OOF logistic stacker
0.809,0.5679992698064987,0.895754359363154,0.3464301422078874,0.4996299820276985,0.6799041092319497,0.6399623504267974,0.5597804611816803,0.9334945586457074,0.3464301422078874,0.8374233557753608,0.7526712352687048,OOF logistic stacker
0.81,0.5672690763052208,0.895738203957382,0.34511068758246594,0.49825378346915017,0.6796774593273942,0.6394235420983672,0.5589238908519625,0.9337363966142684,0.34511068758246594,0.8374233557753608,0.7526712352687048,OOF logistic stacker
0.811,0.5668127053669222,0.8973573343546534,0.34349802081806186,0.49681933842239184,0.6803742933007539,0.6393427226218483,0.5582654384419652,0.9351874244256349,0.34349802081806186,0.8374233557753608,0.7526712352687048,OOF logistic stacker
0.812,0.5666301569916028,0.8994219653179191,0.34217856619264037,0.4957519116397621,0.6813818354277671,0.6395294281991013,0.5578951619658478,0.9368802902055623,0.34217856619264037,0.8374233557753608,0.7526712352687048,OOF logistic stacker
0.8130000000000001,0.5661737860533042,0.9010861132660978,0.34056589942823634,0.49430790509628686,0.6821019012260305,0.6394486087225826,0.5572314719279884,0.9383313180169287,0.34056589942823634,0.8374233557753608,0.7526712352687048,OOF logistic stacker
0.8140000000000001,0.5649872216137276,0.9024676850763808,0.33778038410790207,0.4915724343930019,0.682460785296729,0.6387813649680986,0.5557240063175729,0.939782345828295,0.33778038410790207,0.8374233557753608,0.7526712352687048,OOF logistic stacker
0.8150000000000001,0.5639832055494706,0.9026792750197006,0.33587450520451545,0.48958222032268406,0.6822733509809835,0.6380702634849663,0.5545178687051164,0.9402660217654172,0.33587450520451545,0.8374233557753608,0.7526712352687048,OOF logistic stacker
0.8160000000000001,0.5632530120481928,0.9033280507131537,0.3342618384401114,0.48796147672552165,0.6823922037246983,0.6376266870556059,0.553601172833995,0.9409915356711004,0.3342618384401114,0.8374233557753608,0.7526712352687048,OOF logistic stacker
0.8170000000000001,0.5622489959839357,0.9041916167664671,0.3320627473977423,0.4857387947673172,0.6825419094363634,0.6370108174715434,0.5523402380002167,0.9419588875453446,0.3320627473977423,0.8374233557753608,0.7526712352687048,OOF logistic stacker
0.8180000000000001,0.5617926250456371,0.9056224899598394,0.3305966867028295,0.4843733218773494,0.6831443420741791,0.6368823820454896,0.5516859070302547,0.9431680773881499,0.3305966867028295,0.8374233557753608,0.7526712352687048,OOF logistic stacker
0.8190000000000001,0.5602409638554217,0.9053014973694861,0.3279577774519865,0.4814894532931554,0.682527000894525,0.6356838464043488,0.5498572464564033,0.943409915356711,0.3279577774519865,0.8374233557753608,0.7526712352687048,OOF logistic stacker
0.8200000000000001,0.559784592917123,0.9060975609756098,0.3267849288960563,0.4803361706712639,0.6828039593955262,0.6354601790792253,0.5492489182071385,0.9441354292623942,0.3267849288960563,0.8374233557753608,0.7526712352687048,OOF logistic stacker
0.8210000000000001,0.5589631252281855,0.9067484662576687,0.325025656062161,0.47852363479387006,0.6829007282527916,0.6349432996151192,0.5482132644948317,0.9448609431680773,0.325025656062161,0.8374233557753608,0.7526712352687048,OOF logistic stacker
0.8220000000000001,0.5583242059145673,0.9078189300411522,0.3234129892977569,0.47692141390119985,0.6832667251660136,0.6346206421700393,0.5473620575548176,0.9458282950423217,0.3234129892977569,0.8374233557753608,0.7526712352687048,OOF logistic stacker
0.8230000000000001,0.5572289156626506,0.9073614557485525,0.3216537164638616,0.47494317566836236,0.6827156306618143,0.6337410057530917,0.546080441302184,0.9458282950423217,0.3216537164638616,0.8374233557753608,0.7526712352687048,OOF logistic stacker
0.8240000000000001,0.5564987221613727,0.9080698835274542,0.32004104969945757,0.47327913279132794,0.6828703019133997,0.6332974293237312,0.545144335056498,0.9465538089480048,0.32004104969945757,0.8374233557753608,0.7526712352687048,OOF logistic stacker
0.8250000000000001,0.5554947060971157,0.9090146750524108,0.3178419586570884,0.47099717575494243,0.683068765597609,0.6326815597396688,0.5438568438195458,0.9475211608222491,0.3178419586570884,0.8374233557753608,0.7526712352687048,OOF logistic stacker
0.8260000000000001,0.5547645125958379,0.9093973872734935,0.31637589796217563,0.46943658907983465,0.6830570764865662,0.6321903673607734,0.542942858150548,0.9480048367593712,0.31637589796217563,0.8374233557753608,0.7526712352687048,OOF logistic stacker
0.8270000000000001,0.5542168674698795,0.910555320050869,0.31490983726726285,0.46797385620915033,0.68349680623923,0.6319410129504391,0.5421867396031614,0.9489721886336154,0.31490983726726285,0.8374233557753608,0.7526712352687048,OOF logistic stacker
0.8280000000000001,0.553030303030303,0.9104095563139932,0.312857352294385,0.4656846699399891,0.6830844808973588,0.6310356894482808,0.5407579229514804,0.9492140266021766,0.312857352294385,0.8374233557753608,0.7526712352687048,OOF logistic stacker
0.8290000000000001,0.5517524644030668,0.9098712446351931,0.3108048673215071,0.46333734018140094,0.6824454762475757,0.6300094469618418,0.5392464461270612,0.9492140266021766,0.3108048673215071,0.8374233557753608,0.7526712352687048,OOF logistic stacker
0.8300000000000001,0.5512048192771084,0.9103448275862069,0.3096320187655769,0.4620938628158845,0.682534618517513,0.6296648606524378,0.5385404714596218,0.9496977025392986,0.3096320187655769,0.8374233557753608,0.7526712352687048,OOF logistic stacker
0.8310000000000001,0.55065717415115,0.9115351257588898,0.3081659580706641,0.46061137284978637,0.6829929964054565,0.6294155062421035,0.5377753774690857,0.9506650544135429,0.3081659580706641,0.8374233557753608,0.7526712352687048,OOF logistic stacker
0.8320000000000001,0.5502920774005111,0.9120974760661444,0.30728632165371644,0.4596995284570677,0.6831797151640493,0.6292175260021907,0.5372835170621147,0.951148730350665,0.30728632165371644,0.8374233557753608,0.7526712352687048,OOF logistic stacker
0.833,0.5492880613362541,0.9127575624725998,0.3052338366808386,0.4574818721160185,0.6832375708616601,0.6285540404685934,0.5360008892196018,0.9518742442563483,0.3052338366808386,0.8374233557753608,0.7526712352687048,OOF logistic stacker
0.834,0.5479189485213581,0.9129089301503095,0.3027415334994869,0.4546955851590884,0.6829324959010117,0.6275497268464786,0.5343085845352695,0.9523579201934703,0.3027415334994869,0.8374233557753608,0.7526712352687048,OOF logistic stacker
0.835,0.546641109894122,0.9138392857142857,0.30010262424864387,0.4518265092153184,0.68305548498656,0.6267139481581793,0.5326598112958547,0.9533252720677147,0.30010262424864387,0.8374233557753608,0.7526712352687048,OOF logistic stacker
0.836,0.5450894487039065,0.9135524538496173,0.2974637149978009,0.44879451448794516,0.682477428985484,0.6255154125170383,0.530768663615379,0.9535671100362757,0.2974637149978009,0.8374233557753608,0.7526712352687048,OOF logistic stacker
0.837,0.5434465133260314,0.9139736003641329,0.2943849875384841,0.4453315591040142,0.6822408246140792,0.6243388057402215,0.5286995937291438,0.9542926239419589,0.2943849875384841,0.8374233557753608,0.7526712352687048,OOF logistic stacker
0.838,0.5421686746987951,0.9145613229214515,0.2918926843571324,0.44254278728606355,0.6821923826134766,0.6234554111023872,0.527063557186473,0.9550181378476421,0.2918926843571324,0.8374233557753608,0.7526712352687048,OOF logistic stacker
0.839,0.5419861263234758,0.917167977788061,0.2905732297317109,0.4413270986417279,0.6834845005483796,0.6236421166796402,0.5266186923989769,0.9567110036275696,0.2905732297317109,0.8374233557753608,0.7526712352687048,OOF logistic stacker
0.84,0.5412559328221979,0.9176361098185203,0.2891071690367981,0.43968784838350056,0.6835256738487401,0.6231509243007449,0.5256699170831117,0.9571946795646916,0.2891071690367981,0.8374233557753608,0.7526712352687048,OOF logistic stacker
0.841,0.5401606425702812,0.9179559306141585,0.28705468406392026,0.43734643734643736,0.6833914301149677,0.6223665197828671,0.5242759351418095,0.9576783555018138,0.28705468406392026,0.8374233557753608,0.7526712352687048,OOF logistic stacker
0.842,0.5398868200073019,0.9194156456173421,0.2860284415774813,0.4363189086436319,0.6840682484369256,0.6223370744767697,0.5238113935615414,0.958645707376058,0.2860284415774813,0.8374233557753608,0.7526712352687048,OOF logistic stacker
0.843,0.5396129974443228,0.9200945626477541,0.28529541123002494,0.43554162936436885,0.6843431754535004,0.6222123972716026,0.5234119984059822,0.9591293833131802,0.28529541123002494,0.8374233557753608,0.7526712352687048,OOF logistic stacker
0.844,0.5390653523183644,0.9198672356567094,0.2844157748130773,0.43449048152295633,0.6840773953800672,0.6217725790631288,0.5227451637317446,0.9591293833131802,0.2844157748130773,0.8374233557753608,0.7526712352687048,OOF logistic stacker
0.845,0.5379700620664476,0.9202102245580507,0.28236328984019937,0.43212923491137534,0.6839570811383281,0.6209881745452508,0.521342352491847,0.9596130592503023,0.28236328984019937,0.8374233557753608,0.7526712352687048,OOF logistic stacker
0.846,0.5374224169404892,0.921191734742912,0.2810438352147779,0.43068973264434957,0.6843141772306109,0.6206912041853817,0.5205716149770556,0.9603385731559855,0.2810438352147779,0.8374233557753608,0.7526712352687048,OOF logistic stacker
0.847,0.5362358525009128,0.9223300970873787,0.2785515320334262,0.42787974327215406,0.6845800665293008,0.619928728531828,0.5189816949804098,0.9613059250302297,0.2785515320334262,0.8374233557753608,0.7526712352687048,OOF logistic stacker
0.848,0.5356882073749544,0.92333984375,0.2772320774080047,0.4264291351899876,0.6849523646230916,0.6196317581719588,0.5182057506050375,0.9620314389359129,0.2772320774080047,0.8374233557753608,0.7526712352687048,OOF logistic stacker
0.849,0.5347754654983571,0.9233791748526523,0.2756194106436006,0.4245229761770351,0.6847277040182544,0.6189463437740372,0.5170489258518266,0.962273276904474,0.2756194106436006,0.8374233557753608,0.7526712352687048,OOF logistic stacker
0.85,0.5329499817451625,0.9226190476190477,0.2726872892537751,0.4209573384632794,0.683848673697667,0.6174802830791245,0.5147998929410087,0.962273276904474,0.2726872892537751,0.8374233557753608,0.7526712352687048,OOF logistic stacker
0.851,0.5319459656809055,0.9238858287431146,0.27048819821140596,0.4184622363347698,0.6842333485718028,0.6168644134950622,0.5134162411244645,0.9632406287787183,0.27048819821140596,0.8374233557753608,0.7526712352687048,OOF logistic stacker
0.852,0.5305768528660095,0.9237373737373737,0.2681425010995455,0.41563458697875244,0.6837938205585264,0.6158124839234125,0.5116842754129518,0.9634824667472793,0.2681425010995455,0.8374233557753608,0.7526712352687048,OOF logistic stacker
0.853,0.5298466593647316,0.9247202441505595,0.2665298343351415,0.41379310344827586,0.6841065069473599,0.615368907494052,0.5106679802955665,0.9642079806529625,0.2665298343351415,0.8374233557753608,0.7526712352687048,OOF logistic stacker
0.854,0.5292990142387732,0.9266666666666666,0.2649171675707374,0.41203967620567783,0.6849633577614923,0.6151671690332526,0.5098018942629485,0.9654171704957678,0.2649171675707374,0.8374233557753608,0.7526712352687048,OOF logistic stacker
0.855,0.5290251916757941,0.9274318064848173,0.26418413722328105,0.41122774988589683,0.6852847482440729,0.6150424918280855,0.5093863118154766,0.96590084643289,0.26418413722328105,0.8374233557753608,0.7526712352687048,OOF logistic stacker
0.856,0.528386272362176,0.9280538302277432,0.26286468259785956,0.4096881069347652,0.6854364895819567,0.6146246024839358,0.5085145451460815,0.966384522370012,0.26286468259785956,0.8374233557753608,0.7526712352687048,OOF logistic stacker
0.857,0.5274735304855787,0.9294670846394985,0.2608121976249817,0.40732684602175157,0.6859235445316493,0.6140820359346191,0.5072226550060188,0.9673518742442564,0.2608121976249817,0.8374233557753608,0.7526712352687048,OOF logistic stacker
0.858,0.5268346111719606,0.9301103520756699,0.25949274299956016,0.405777166437414,0.6860868782360013,0.6136641465904693,0.5063462720267142,0.9678355501813785,0.25949274299956016,0.8374233557753608,0.7526712352687048,OOF logistic stacker
0.859,0.5257393209200438,0.9310344827586207,0.257293651957191,0.40317022742935904,0.6862757024089653,0.6129273580221264,0.5048563540599771,0.9685610640870617,0.257293651957191,0.8374233557753608,0.7526712352687048,OOF logistic stacker
0.86,0.5254654983570646,0.9318423855165069,0.25656062160973464,0.402345097137602,0.6866195844744905,0.6128026808169592,0.5044344875682713,0.9690447400241838,0.25656062160973464,0.8374233557753608,0.7526712352687048,OOF logistic stacker
0.861,0.5239138371668492,0.9316837009144702,0.25392171235889166,0.3990783410138249,0.6861342545464952,0.6116041451758183,0.5024412261296451,0.9692865779927449,0.25392171235889166,0.8374233557753608,0.7526712352687048,OOF logistic stacker
0.862,0.5228185469149325,0.9317073170731708,0.25201583345550505,0.39672282483267945,0.6858624391314707,0.6107721247084055,0.5010188184257011,0.9695284159613059,0.25201583345550505,0.8374233557753608,0.7526712352687048,OOF logistic stacker
0.863,0.5219058050383352,0.932750136686714,0.2501099545521185,0.39445086705202315,0.6861625121912808,0.6101819422095538,0.4997439073610289,0.9702539298669891,0.2501099545521185,0.8374233557753608,0.7526712352687048,OOF logistic stacker
0.864,0.5211756115370573,0.9334067143643369,0.2486438938572057,0.39268349154896964,0.6863116294220196,0.6096907498306585,0.4987374064645556,0.9707376058041113,0.2486438938572057,0.8374233557753608,0.7526712352687048,OOF logistic stacker
0.865,0.520627966411099,0.9331860850358917,0.24776425744025804,0.39156626506024095,0.6860572305988644,0.6092509316221847,0.4980421686746988,0.9707376058041113,0.24776425744025804,0.8374233557753608,0.7526712352687048,OOF logistic stacker
0.866,0.5191675794085433,0.9335566722501396,0.24512534818941503,0.3882954017649791,0.6858727169215783,0.6081733149653242,0.49610258810053465,0.9712212817412333,0.24512534818941503,0.8374233557753608,0.7526712352687048,OOF logistic stacker
0.867,0.5183461117196057,0.9341957255343082,0.243512681425011,0.38632399116176297,0.6859908677791393,0.6076088195516832,0.4949722562283689,0.9717049576783555,0.243512681425011,0.8374233557753608,0.7526712352687048,OOF logistic stacker
0.868,0.5173420956553487,0.9352640545144804,0.24146019645213312,0.38382661384292704,0.686283468257784,0.6069453340180859,0.4935637195246143,0.9724304715840387,0.24146019645213312,0.8374233557753608,0.7526712352687048,OOF logistic stacker
0.869,0.5152427893391749,0.9344073647871116,0.23808825685383375,0.37948358453090314,0.6853095621939463,0.6052593642189362,0.490872624288218,0.9724304715840387,0.23808825685383375,0.8374233557753608,0.7526712352687048,OOF logistic stacker
0.87,0.5144213216502374,0.9345686160972785,0.23662219615892097,0.3776321946654188,0.6851844055673303,0.6046472528557604,0.48977389439945584,0.9726723095525998,0.23662219615892097,0.8374233557753608,0.7526712352687048,OOF logistic stacker
0.871,0.5140562248995983,0.9349215572341661,0.2358891658114646,0.3767267618824631,0.6852734478103695,0.6044016566663127,0.4892609127288157,0.9729141475211608,0.2358891658114646,0.8374233557753608,0.7526712352687048,OOF logistic stacker
0.872,0.5132347572106608,0.9355971896955504,0.23427649904706055,0.3747215382811584,0.6854132142249378,0.6038371612526717,0.4881154579248578,0.973397823458283,0.23427649904706055,0.8374233557753608,0.7526712352687048,OOF logistic stacker
0.873,0.5117743702081051,0.9355029585798816,0.23178419586570884,0.37151921043355657,0.6849973243147628,0.6027119286462764,0.48618494660921163,0.973639661426844,0.23178419586570884,0.8374233557753608,0.7526712352687048,OOF logistic stacker
0.874,0.5109529025191676,0.936195587358378,0.23017152910130478,0.369498705577783,0.6851470446760637,0.6021474332326355,0.48503263890787174,0.9741233373639662,0.23017152910130478,0.8374233557753608,0.7526712352687048,OOF logistic stacker
0.875,0.5100401606425703,0.9379144062688366,0.22811904412842693,0.36698113207547167,0.6858013464064415,0.6016048666833187,0.48366924382213133,0.9750906892382104,0.22811904412842693,0.8374233557753608,0.7526712352687048,OOF logistic stacker
0.876,0.5095837897042717,0.9387878787878788,0.22709280164198797,0.36571833313658364,0.6861358263485924,0.6013335834086603,0.4829856452529135,0.9755743651753326,0.22709280164198797,0.8374233557753608,0.7526712352687048,OOF logistic stacker
0.877,0.5080321285140562,0.9381506429883649,0.22460049846063626,0.3624319848592382,0.6854219910211587,0.6000874318179844,0.48096335459338785,0.9755743651753326,0.22460049846063626,0.8374233557753608,0.7526712352687048,OOF logistic stacker
0.878,0.5065717415115005,0.9391682184978274,0.221814983140302,0.3588709677419355,0.6855819690669982,0.5990574311106589,0.47891619603713986,0.9762998790810157,0.221814983140302,0.8374233557753608,0.7526712352687048,OOF logistic stacker
0.879,0.5053851770719241,0.9397741530740276,0.21961589209793286,0.3560308972073678,0.6855995311407309,0.5981997235580354,0.4772671341634379,0.9767835550181379,0.21961589209793286,0.8374233557753608,0.7526712352687048,OOF logistic stacker
0.88,0.5044724351953268,0.9399494310998736,0.2180032253335288,0.35392121861240033,0.6854643677795079,0.5975143091601138,0.4760204953081248,0.9770253929866989,0.2180032253335288,0.8374233557753608,0.7526712352687048,OOF logistic stacker
0.881,0.5029207740051114,0.9404228058936579,0.21521771001319454,0.350274397518492,0.6853258255120231,0.5963633894685078,0.47388073164912037,0.9775090689238211,0.21521771001319454,0.8374233557753608,0.7526712352687048,OOF logistic stacker
0.882,0.5022818546914932,0.9412903225806452,0.21389825538777305,0.3485843985186955,0.6856143299060997,0.5959455001243581,0.4729407481109835,0.9779927448609431,0.21389825538777305,0.8374233557753608,0.7526712352687048,OOF logistic stacker
0.883,0.5018254837531946,0.9422452952628163,0.21287201290133412,0.3472853384357809,0.6859925361072445,0.5956742168496997,0.47224045519575025,0.9784764207980653,0.21287201290133412,0.8374233557753608,0.7526712352687048,OOF logistic stacker
0.884,0.5014603870025557,0.9432485322896281,0.21199237648438646,0.3461814699545128,0.6864178562965704,0.595476236609787,0.471659845465529,0.9789600967351875,0.21199237648438646,0.8374233557753608,0.7526712352687048,OOF logistic stacker
0.885,0.5004563709382986,0.9440052700922266,0.21008649758099984,0.343686293320542,0.686560804149737,0.5947651351266547,0.4702296492757576,0.9794437726723095,0.21008649758099984,0.8374233557753608,0.7526712352687048,OOF logistic stacker
0.886,0.49926980649872216,0.9435215946843853,0.20818061867761326,0.34110016814797023,0.6860238382902405,0.5938121956749614,0.46865107038342135,0.9794437726723095,0.20818061867761326,0.8374233557753608,0.7526712352687048,OOF logistic stacker
0.887,0.4984483388097846,0.9437751004016064,0.2067145579827005,0.3391461214672279,0.6859543436905516,0.5932000843117855,0.46750642838824363,0.9796856106408706,0.2067145579827005,0.8374233557753608,0.7526712352687048,OOF logistic stacker
0.888,0.49808324205914567,0.9448183041722745,0.2058349215657528,0.3380281690140845,0.6864007043564646,0.5930021040718728,0.4669192664254546,0.9801692865779927,0.2058349215657528,0.8374233557753608,0.7526712352687048,OOF logistic stacker
0.889,0.49726177437020813,0.9444820582261341,0.20451546694033132,0.3362255965292842,0.6860294034141536,0.592342376759162,0.4658210397807285,0.9801692865779927,0.20451546694033132,0.8374233557753608,0.7526712352687048,OOF logistic stacker
0.89,0.4963490324936108,0.9447098976109215,0.2029028001759273,0.3340574462949554,0.6859257000434758,0.5916569623612405,0.4645481712613776,0.9804111245465538,0.2029028001759273,0.8374233557753608,0.7526712352687048,OOF logistic stacker
0.891,0.4954362906170135,0.9449415003441156,0.20129013341152324,0.3318830070099106,0.6858244279580201,0.5909715479633191,0.4632724904531882,0.9806529625151149,0.20129013341152324,0.8374233557753608,0.7526712352687048,OOF logistic stacker
0.892,0.49497991967871485,0.9466019417475728,0.20011728485559302,0.3303884787607407,0.686565633476267,0.5907478806381956,0.4625053977069876,0.9813784764207981,0.20011728485559302,0.8374233557753608,0.7526712352687048,OOF logistic stacker
0.893,0.4945235487404162,0.9464161447459986,0.19938425450813663,0.3293775732622911,0.6863607144572519,0.5903813654644674,0.4618910716758211,0.9813784764207981,0.19938425450813663,0.8374233557753608,0.7526712352687048,OOF logistic stacker
0.894,0.4928806133625411,0.9463655610444601,0.19659873918780238,0.325564457392571,0.6859409312717846,0.5891095267885808,0.4596229483101512,0.9816203143893591,0.19659873918780238,0.8374233557753608,0.7526712352687048,OOF logistic stacker
0.895,0.49160277473530484,0.9464668094218416,0.19439964814543323,0.32254925808805646,0.6856876171651333,0.5881309002516767,0.45784146615140586,0.9818621523579202,0.19439964814543323,0.8374233557753608,0.7526712352687048,OOF logistic stacker
0.896,0.48986856516977,0.9457308248914617,0.19161413282509895,0.3186639034499573,0.6848980007056014,0.5867381425915096,0.4554877617767695,0.9818621523579202,0.19161413282509895,0.8374233557753608,0.7526712352687048,OOF logistic stacker
0.897,0.4890470974808324,0.9473299195318216,0.18985485999120363,0.31631656082071324,0.6855222962973531,0.5862212631274035,0.45420899448788504,0.9825876662636034,0.18985485999120363,0.8374233557753608,0.7526712352687048,OOF logistic stacker
0.898,0.48749543629061703,0.9473293768545994,0.18721595074036065,0.31264536662994247,0.6851551130734279,0.5850227274862625,0.45203686508023355,0.9828295042321644,0.18721595074036065,0.8374233557753608,0.7526712352687048,OOF logistic stacker
0.899,0.4865826944140197,0.9482758620689655,0.18545667790646533,0.3102391171060699,0.6854245658297436,0.584384929037876,0.4506781832531876,0.9833131801692866,0.18545667790646533,0.8374233557753608,0.7526712352687048,OOF logistic stacker
0.9,0.48576122672508215,0.9479245283018868,0.18413722328104384,0.30837220721826664,0.68505145530451,0.5837252017251652,0.4495514966063729,0.9833131801692866,0.18413722328104384,0.8374233557753608,0.7526712352687048,OOF logistic stacker
0.901,0.4844833880978459,0.9473684210526315,0.18208473830816596,0.30545991146089524,0.6844669995361654,0.5826989592387263,0.4477952677768917,0.9833131801692866,0.18208473830816596,0.8374233557753608,0.7526712352687048,OOF logistic stacker
0.902,0.4828404527199708,0.9473276529821844,0.17929922298783169,0.3015285996055227,0.6840621710332546,0.5814271205628396,0.44547444473029757,0.9835550181378476,0.17929922298783169,0.8374233557753608,0.7526712352687048,OOF logistic stacker
0.903,0.48201898503103324,0.9469578783151326,0.1779797683624102,0.2996421078612859,0.6836815440779715,0.5807673932501289,0.44433912185735747,0.9835550181378476,0.1779797683624102,0.8374233557753608,0.7526712352687048,OOF logistic stacker
0.904,0.48055859802847756,0.946993670886076,0.17548746518105848,0.2961038961038961,0.6833606406432031,0.5796421606437335,0.44225893438303937,0.9837968561064087,0.17548746518105848,0.8374233557753608,0.7526712352687048,OOF logistic stacker
0.905,0.47946330777656077,0.9464856230031949,0.17372819234716316,0.29357116313638054,0.6828470983936008,0.5787625242267859,0.4407374567036769,0.9837968561064087,0.17372819234716316,0.8374233557753608,0.7526712352687048,OOF logistic stacker
0.906,0.47836801752464403,0.9474110032362459,0.1716757073742853,0.2906789127466799,0.6830676415358184,0.5779781197089081,0.43909622288362504,0.9842805320435308,0.1716757073742853,0.8374233557753608,0.7526712352687048,OOF logistic stacker
0.907,0.477364001460387,0.9484029484029484,0.1697698284708987,0.2879880626709774,0.6833437443606936,0.5772670182257759,0.43757730458711086,0.984764207980653,0.1697698284708987,0.8374233557753608,0.7526712352687048,OOF logistic stacker
0.908,0.47572106608251186,0.9491242702251876,0.16683770708107315,0.28379052369077307,0.6833353235926594,0.576042795499424,0.43515757108811615,0.9852478839177751,0.16683770708107315,0.8374233557753608,0.7526712352687048,OOF logistic stacker
0.909,0.473986856516977,0.9490662139219015,0.1639055856912476,0.2795349418677335,0.682909052962178,0.5746976537887919,0.4326590112199301,0.9854897218863361,0.1639055856912476,0.8374233557753608,0.7526712352687048,OOF logistic stacker
0.91,0.47298284045272,0.9493562231759657,0.1621463128573523,0.276984723265715,0.6828284537389377,0.5739389363561248,0.4311822941332165,0.9857315598548972,0.1621463128573523,0.8374233557753608,0.7526712352687048,OOF logistic stacker
0.911,0.4717962760131435,0.9503484320557491,0.15994722181498314,0.27381101769356253,0.6830657331567489,0.5730812288035012,0.4293820203579338,0.9862152357920193,0.15994722181498314,0.8374233557753608,0.7526712352687048,OOF logistic stacker
0.912,0.4704271631982475,0.9512843224092117,0.15745491863363142,0.270188679245283,0.6832334912137643,0.5720769151813865,0.4273160843583527,0.9866989117291415,0.15745491863363142,0.8374233557753608,0.7526712352687048,OOF logistic stacker
0.913,0.46860167944505293,0.9504057709648331,0.15452279724380588,0.26582597730138713,0.6823725818366362,0.5706108544864736,0.42471673632627643,0.9866989117291415,0.15452279724380588,0.8374233557753608,0.7526712352687048,OOF logistic stacker
0.914,0.46732384081781675,0.9497716894977168,0.15247031227092803,0.2627589691763517,0.681761415177821,0.5695846120000347,0.42289134511975635,0.9866989117291415,0.15247031227092803,0.8374233557753608,0.7526712352687048,OOF logistic stacker
0.915,0.46595472800292076,0.9490740740740741,0.15027122122855885,0.25946082774332363,0.6810983979118852,0.5684850664788501,0.4209301854796841,0.9866989117291415,0.15027122122855885,0.8374233557753608,0.7526712352687048,OOF logistic stacker
0.916,0.4646768893756846,0.9500941619585688,0.14792552411669843,0.25599391094760876,0.6813337193459712,0.567554055891481,0.4189656631507592,0.9871825876662637,0.14792552411669843,0.8374233557753608,0.7526712352687048,OOF logistic stacker
0.917,0.4629426798101497,0.9517839922854388,0.14470019058789033,0.25120895902265206,0.6818099314184528,0.5663041460799185,0.4162690589904779,0.9879081015719468,0.14470019058789033,0.8374233557753608,0.7526712352687048,OOF logistic stacker
0.918,0.461482292807594,0.9519136408243376,0.14220788740653864,0.24744897959183673,0.6815520704876443,0.5651789134735232,0.41408833288858465,0.9881499395405079,0.14220788740653864,0.8374233557753608,0.7526712352687048,OOF logistic stacker
0.919,0.46020445418035777,0.9521435692921236,0.14000879636416946,0.244120654396728,0.681386765053979,0.5642002869366192,0.41216538114498524,0.9883917775090689,0.14000879636416946,0.8374233557753608,0.7526712352687048,OOF logistic stacker
0.92,0.45874406717780214,0.953204476093591,0.13736988711332648,0.24013326499231163,0.6816057475223796,0.5631226702797588,0.40990218679159107,0.9888754534461911,0.13736988711332648,0.8374233557753608,0.7526712352687048,OOF logistic stacker
0.921,0.457101131799927,0.9551616266944735,0.13429115965400967,0.23547557840616967,0.6822422117667626,0.561946063502942,0.407293407657656,0.9896009673518742,0.13429115965400967,0.8374233557753608,0.7526712352687048,OOF logistic stacker
0.922,0.45554947060971157,0.9562899786780383,0.13150564433367543,0.23121536280448513,0.6824771913753538,0.5607951438113359,0.4048749745556376,0.9900846432889964,0.13150564433367543,0.8374233557753608,0.7526712352687048,OOF logistic stacker
0.923,0.4535414384811975,0.9562363238512035,0.12813370473537605,0.2259857789269554,0.6820118086095293,0.5592300929964668,0.4018410237655162,0.9903264812575574,0.12813370473537605,0.8374233557753608,0.7526712352687048,OOF logistic stacker
0.924,0.4522635998539613,0.9575892857142857,0.1257880076235156,0.2223662044836076,0.682422873473445,0.5582990824090976,0.39980585673282176,0.9908101571946796,0.1257880076235156,0.8374233557753608,0.7526712352687048,OOF logistic stacker
0.925,0.4508032128514056,0.9578587699316629,0.12329570444216391,0.21846993115989088,0.682243534598695,0.5571738498027022,0.39756255299991305,0.9910519951632406,0.12329570444216391,0.8374233557753608,0.7526712352687048,OOF logistic stacker
0.926,0.44925155166119024,0.9591598599766628,0.12051018912182965,0.21411825996353218,0.682570325076954,0.5560229301110962,0.39510184460871567,0.9915356711003628,0.12051018912182965,0.8374233557753608,0.7526712352687048,OOF logistic stacker
0.927,0.4471522453450164,0.9591346153846154,0.116991643454039,0.2085456683653469,0.6821058300155001,0.5543845762614814,0.39188066081848244,0.9917775090689238,0.116991643454039,0.8374233557753608,0.7526712352687048,OOF logistic stacker
0.928,0.44532676159182183,0.9592592592592593,0.11391291599472218,0.20364303498886122,0.6817782596316009,0.5529661315161035,0.389056304974299,0.9920193470374848,0.11391291599472218,0.8374233557753608,0.7526712352687048,OOF logistic stacker
0.929,0.44377510040160645,0.9607097591888466,0.11112740067438792,0.19921156373193166,0.6821843278092359,0.5518152118244974,0.38655865558992053,0.992503022974607,0.11112740067438792,0.8374233557753608,0.7526712352687048,OOF logistic stacker
0.93,0.4421321650237313,0.959792477302205,0.10848849142354494,0.19494204425711276,0.6813689927011761,0.550495757199076,0.3840632008995061,0.992503022974607,0.10848849142354494,0.8374233557753608,0.7526712352687048,OOF logistic stacker
0.931,0.4410368747718145,0.9603698811096433,0.10658261252015834,0.1918712061229876,0.6814301606744412,0.5496637367316632,0.38231763180434297,0.992744860943168,0.10658261252015834,0.8374233557753608,0.7526712352687048,OOF logistic stacker
0.932,0.4397590361445783,0.9608636977058029,0.10438352147778918,0.18830997090716742,0.6814108013737042,0.5486851101947592,0.3802873896347684,0.9929866989117292,0.10438352147778918,0.8374233557753608,0.7526712352687048,OOF logistic stacker
0.933,0.4387550200803213,0.9615384615384616,0.10262424864389386,0.1854550271559147,0.6815416202881983,0.5479263927620921,0.3786705616876837,0.9932285368802902,0.10262424864389386,0.8374233557753608,0.7526712352687048,OOF logistic stacker
0.934,0.43692953632712667,0.96045197740113,0.09969212725406831,0.18063487846991633,0.6806065507614549,0.5464603320671793,0.37586287481863334,0.9932285368802902,0.09969212725406831,0.8374233557753608,0.7526712352687048,OOF logistic stacker
0.935,0.43528660094925153,0.9594202898550724,0.09705321800322533,0.17627479696445214,0.6797393676043334,0.5451408774417578,0.37332592705663065,0.9932285368802902,0.09705321800322533,0.8374233557753608,0.7526712352687048,OOF logistic stacker
0.936,0.4341913106973348,0.9600591715976331,0.09514733909983873,0.1731359210350807,0.6798350332696337,0.544308856974345,0.3715488831675577,0.9934703748488513,0.09514733909983873,0.8374233557753608,0.7526712352687048,OOF logistic stacker
0.937,0.4324571011317999,0.9617151607963247,0.09206861164052192,0.16804923735616806,0.6803140493877771,0.5430113312132476,0.3686900848091271,0.9939540507859734,0.09206861164052192,0.8374233557753608,0.7526712352687048,OOF logistic stacker
0.9380000000000001,0.43117926250456373,0.9652448657187994,0.08957630845917021,0.16393882479205796,0.6818377772360344,0.5421279365754135,0.3664485934722498,0.9946795646916566,0.08957630845917021,0.8374233557753608,0.7526712352687048,OOF logistic stacker
0.9390000000000001,0.4290799561883899,0.9654605263157895,0.08605776279137957,0.15802934446089648,0.6815126365633837,0.5404895827257986,0.36307184270617837,0.9949214026602177,0.08605776279137957,0.8374233557753608,0.7526712352687048,OOF logistic stacker
0.9400000000000001,0.4267068273092369,0.9655172413793104,0.08209939891511508,0.15133090122956358,0.6810527610134793,0.5386313197719469,0.3592434259438425,0.9951632406287787,0.08209939891511508,0.8374233557753608,0.7526712352687048,OOF logistic stacker
0.9410000000000001,0.4256115370573202,0.9664310954063604,0.08019352001172848,0.14809801001759848,0.6812906198879732,0.5377992993045341,0.35742249898470285,0.9954050785973397,0.08019352001172848,0.8374233557753608,0.7526712352687048,OOF logistic stacker
0.9420000000000001,0.4238773274917853,0.9652650822669104,0.07740800469139422,0.14332247557003258,0.6803460582820766,0.536406541644367,0.3546645381150493,0.9954050785973397,0.07740800469139422,0.8374233557753608,0.7526712352687048,OOF logistic stacker
0.9430000000000001,0.4223256663015699,0.9659090909090909,0.07476909544055124,0.13879439379507416,0.6803557729190641,0.535208006003226,0.3520999367176291,0.9956469165659009,0.07476909544055124,0.8374233557753608,0.7526712352687048,OOF logistic stacker
0.9440000000000001,0.4210478276743337,0.9649805447470817,0.07271661046767336,0.1352419904567144,0.6796268362501928,0.5341817635167871,0.3500522225042027,0.9956469165659009,0.07271661046767336,0.8374233557753608,0.7526712352687048,OOF logistic stacker
0.9450000000000001,0.4194961664841183,0.9637826961770624,0.07022430728632166,0.1309100847226018,0.6787074872987807,0.5329356119261113,0.34755727615601106,0.9956469165659009,0.07022430728632166,0.8374233557753608,0.7526712352687048,OOF logistic stacker
0.9460000000000001,0.417214311792625,0.961864406779661,0.06655915554903973,0.1245029480323598,0.6772790175828866,0.5311030360574703,0.34387128385269405,0.9956469165659009,0.06655915554903973,0.8374233557753608,0.7526712352687048,OOF logistic stacker
0.9470000000000001,0.4157539247900694,0.9646017699115044,0.06392024629819675,0.11989550391860306,0.6783690494645107,0.5300254194006099,0.3413194303526344,0.9961305925030229,0.06392024629819675,0.8374233557753608,0.7526712352687048,OOF logistic stacker
0.9480000000000001,0.4146586345381526,0.9678899082568807,0.06186776132531887,0.11630150199807082,0.6798099731398473,0.529241014882732,0.33935170630439193,0.9966142684401451,0.06186776132531887,0.8374233557753608,0.7526712352687048,OOF logistic stacker
0.9490000000000001,0.41365461847389556,0.9670588235294117,0.060255094560914824,0.11344189897874689,0.6791898428728628,0.52843468150053,0.337710994491419,0.9966142684401451,0.060255094560914824,0.8374233557753608,0.7526712352687048,OOF logistic stacker
0.9500000000000001,0.4124680540343191,0.9682926829268292,0.05820260958803695,0.10980500622320565,0.6795758882109967,0.5275293579983715,0.335673567752976,0.9968561064087061,0.05820260958803695,0.8374233557753608,0.7526712352687048,OOF logistic stacker
0.9510000000000001,0.4103687477181453,0.9688311688311688,0.0546840639202463,0.1035248404107688,0.6794302471721827,0.5258910041487568,0.33212417731132754,0.9970979443772672,0.0546840639202463,0.8374233557753608,0.7526712352687048,OOF logistic stacker
0.9520000000000001,0.4085432639649507,0.9671232876712329,0.05175194253042076,0.09824659059281937,0.6782080417206131,0.5244249434538439,0.32910428130754643,0.9970979443772672,0.05175194253042076,0.8374233557753608,0.7526712352687048,OOF logistic stacker
0.9530000000000001,0.40744797371303393,0.9713467048710601,0.04969945755754288,0.09456066945606695,0.6801204156956413,0.5236405389359661,0.32709311454081325,0.9975816203143894,0.04969945755754288,0.8374233557753608,0.7526712352687048,OOF logistic stacker
0.9540000000000001,0.40589631252281855,0.975609756097561,0.04691394223720862,0.08952301021121835,0.6819618219704967,0.5224896192443601,0.3243117320242571,0.9980652962515115,0.04691394223720862,0.8374233557753608,0.7526712352687048,OOF logistic stacker
0.9550000000000001,0.40507484483388095,0.9749216300940439,0.04559448761178713,0.08711484593837535,0.6814534821524088,0.5218298919316493,0.3229373309031167,0.9980652962515115,0.04559448761178713,0.8374233557753608,0.7526712352687048,OOF logistic stacker
0.9560000000000001,0.40416210295728366,0.9771986970684039,0.04398182084738308,0.08417508417508418,0.6824203645920477,0.5211444775337278,0.3213083213083213,0.9983071342200726,0.04398182084738308,0.8374233557753608,0.7526712352687048,OOF logistic stacker
0.9570000000000001,0.4029755385177072,0.9794520547945206,0.0419293358745052,0.08041613946295516,0.6833213012157149,0.5202391540315694,0.31921340793000447,0.9985489721886336,0.0419293358745052,0.8374233557753608,0.7526712352687048,OOF logistic stacker
0.9580000000000001,0.4017889740781307,0.9819494584837545,0.03987685090162733,0.07664130741053818,0.6843448949877335,0.5193338305294111,0.31711098717360986,0.9987908101571947,0.03987685090162733,0.8374233557753608,0.7526712352687048,OOF logistic stacker
0.9590000000000001,0.40105878057685285,0.9850187265917603,0.03855739627620584,0.07420993227990971,0.6857454003433121,0.5187950222009808,0.31577469091059707,0.9990326481257558,0.03855739627620584,0.8374233557753608,0.7526712352687048,OOF logistic stacker
0.96,0.39950711938663747,0.984,0.036065093094854124,0.06957997454391175,0.6849291985802354,0.517548870610305,0.3131405027358734,0.9990326481257558,0.036065093094854124,0.8374233557753608,0.7526712352687048,OOF logistic stacker
0.961,0.3985943775100402,0.9873949579831933,0.03445242633045008,0.06658166879161355,0.6864573222459351,0.5168634562123834,0.31148379204745963,0.9992744860943168,0.03445242633045008,0.8374233557753608,0.7526712352687048,OOF logistic stacker
0.962,0.39731653888280394,0.9866071428571429,0.0323999413575722,0.06273953158268275,0.6858119575634951,0.5158372137259445,0.3093007538857787,0.9992744860943168,0.0323999413575722,0.8374233557753608,0.7526712352687048,OOF logistic stacker
0.963,0.39558232931726905,0.9853658536585366,0.02961442603723794,0.05750071164247082,0.6848510972320215,0.5144444560657774,0.30632660195854566,0.9992744860943168,0.02961442603723794,0.8374233557753608,0.7526712352687048,OOF logistic stacker
0.964,0.3948521358159912,0.9847715736040609,0.028441577481307725,0.05528640638358507,0.6844110679619895,0.5138580317878123,0.30507035506503005,0.9992744860943168,0.028441577481307725,0.8374233557753608,0.7526712352687048,OOF logistic stacker
0.965,0.3941219423147134,0.9893048128342246,0.027122122855886235,0.05279680365296804,0.6865458041327777,0.5133192234593821,0.30370650703313995,0.9995163240628778,0.027122122855886235,0.8374233557753608,0.7526712352687048,OOF logistic stacker
0.966,0.3936655713764147,0.9944444444444445,0.026242486438938572,0.051135552063990855,0.6890373669883693,0.5130003242351888,0.30281276295440174,0.999758162031439,0.026242486438938572,0.8374233557753608,0.7526712352687048,OOF logistic stacker
0.967,0.3928441036874772,0.9941520467836257,0.02492303181351708,0.04862700228832952,0.6887310998869449,0.512340596922478,0.3013912491334409,0.999758162031439,0.02492303181351708,0.8374233557753608,0.7526712352687048,OOF logistic stacker
0.968,0.39156626506024095,0.9936305732484076,0.022870546840639203,0.04471195184866724,0.6882218983475116,0.5113143544360391,0.2991739751207981,0.999758162031439,0.022870546840639203,0.8374233557753608,0.7526712352687048,OOF logistic stacker
0.969,0.3904709748083242,0.993103448275862,0.02111127400674388,0.041343669250646,0.6877458782402343,0.5104347180190915,0.2972675793061741,0.999758162031439,0.02111127400674388,0.8374233557753608,0.7526712352687048,OOF logistic stacker
0.97,0.3898320554947061,0.9927536231884058,0.02008503152030494,0.03937347320017244,0.6874472497528274,0.5099215967758719,0.296152997551066,0.999758162031439,0.02008503152030494,0.8374233557753608,0.7526712352687048,OOF logistic stacker
0.971,0.3890105878057685,0.9922480620155039,0.018765576894883448,0.03683453237410072,0.6870356408719802,0.5092618694631612,0.2947172260854597,0.999758162031439,0.018765576894883448,0.8374233557753608,0.7526712352687048,OOF logistic stacker
0.972,0.38837166849215043,1.0,0.017592728338953232,0.0345771502665322,0.6907991878922112,0.5087963641694766,0.2934892297321573,1.0,0.017592728338953232,0.8374233557753608,0.7526712352687048,OOF logistic stacker
0.973,0.38755020080321284,1.0,0.016273273713531742,0.03202538949798038,0.6906408483171969,0.5081366368567659,0.292047407699591,1.0,0.016273273713531742,0.8374233557753608,0.7526712352687048,OOF logistic stacker
0.974,0.38691128148959475,1.0,0.015247031227092802,0.03003610108303249,0.6905178768890528,0.5076235156135463,0.29092383555519474,1.0,0.015247031227092802,0.8374233557753608,0.7526712352687048,OOF logistic stacker
0.975,0.3864549105512961,1.0,0.014514000879636417,0.02861271676300578,0.6904301372386479,0.5072570004398183,0.29012012572408563,1.0,0.014514000879636417,0.8374233557753608,0.7526712352687048,OOF logistic stacker
0.976,0.38572471705001826,1.0,0.013341152323706201,0.026331018518518517,0.6902899217671422,0.5066705761618531,0.2888321759259259,1.0,0.013341152323706201,0.8374233557753608,0.7526712352687048,OOF logistic stacker
0.977,0.38508579773640017,1.0,0.012314909837267263,0.024330195510499638,0.6901674025018396,0.5061574549186336,0.2877031799835433,1.0,0.012314909837267263,0.8374233557753608,0.7526712352687048,OOF logistic stacker
0.978,0.3838992332968237,1.0,0.010409030933880663,0.02060359837492745,0.6899402847955902,0.5052045154669403,0.28560139972008686,1.0,0.010409030933880663,0.8374233557753608,0.7526712352687048,OOF logistic stacker
0.979,0.383442862358525,1.0,0.009676000586424278,0.01916654566574706,0.6898530762167125,0.5048380002932121,0.28479125952172546,1.0,0.009676000586424278,0.8374233557753608,0.7526712352687048,OOF logistic stacker
0.98,0.3830777656078861,1.0,0.00908957630845917,0.018015400261513874,0.6897833669910043,0.5045447881542295,0.28414243963438324,1.0,0.00908957630845917,0.8374233557753608,0.7526712352687048,OOF logistic stacker
0.981,0.3825301204819277,1.0,0.008209939891511508,0.01628617129562309,0.6896788990825689,0.5041049699457557,0.2831680274502724,1.0,0.008209939891511508,0.8374233557753608,0.7526712352687048,OOF logistic stacker
0.982,0.38198247535596935,1.0,0.007330303474563847,0.014553922282055013,0.6895745461214011,0.5036651517372819,0.28219219284104746,1.0,0.007330303474563847,0.8374233557753608,0.7526712352687048,OOF logistic stacker
0.983,0.3813435560423512,1.0,0.0063040609881249085,0.01252913752913753,0.6894529460276735,0.5031520304940624,0.28105191592033696,1.0,0.0063040609881249085,0.8374233557753608,0.7526712352687048,OOF logistic stacker
0.984,0.38088718510405256,1.0,0.005571030640668524,0.0110803324099723,0.6893661842828357,0.5027855153203342,0.28023624007730397,1.0,0.005571030640668524,0.8374233557753608,0.7526712352687048,OOF logistic stacker
0.985,0.3804308141657539,1.0,0.004838000293212139,0.009629413481178874,0.6892795019683238,0.5024190001466061,0.27941956794393646,1.0,0.004838000293212139,0.8374233557753608,0.7526712352687048,OOF logistic stacker
0.986,0.3798831690397955,1.0,0.003958363876264477,0.007885514018691588,0.6891755878854424,0.5019791819381323,0.2784382429360585,1.0,0.003958363876264477,0.8374233557753608,0.7526712352687048,OOF logistic stacker
0.987,0.3793355239138372,1.0,0.0030787274593168158,0.006138555977784273,0.6890717878372199,0.5015393637296585,0.2774554757327541,1.0,0.0030787274593168158,0.8374233557753608,0.7526712352687048,OOF logistic stacker
0.988,0.37869660460021903,1.0,0.002052484972877877,0.004096561814191661,0.6889508316578322,0.5010262424864389,0.27630708570911217,1.0,0.002052484972877877,0.8374233557753608,0.7526712352687048,OOF logistic stacker
0.989,0.3784227820372399,1.0,0.0016126667644040464,0.0032201405152224825,0.6888990406578346,0.500806333382202,0.2758143142894415,1.0,0.0016126667644040464,0.8374233557753608,0.7526712352687048,OOF logistic stacker
0.99,0.3782402336619204,1.0,0.0013194546254214924,0.0026354319180087846,0.6888645290947292,0.5006597273127108,0.2754855982027386,1.0,0.0013194546254214924,0.8374233557753608,0.7526712352687048,OOF logistic stacker
0.991,0.37805768528660094,1.0,0.0010262424864389385,0.002050380785002929,0.6888300301397388,0.5005131212432194,0.2751567204906187,1.0,0.0010262424864389385,0.8374233557753608,0.7526712352687048,OOF logistic stacker
0.992,0.3776013143483023,1.0,0.00029321213898255387,0.0005862523816503004,0.6887438378674456,0.5001466060694912,0.27433381808558294,1.0,0.00029321213898255387,0.8374233557753608,0.7526712352687048,OOF logistic stacker
0.993,0.37741876597298285,0.0,0.0,0.0,0.18870938298649143,0.5,0.27400437346762974,1.0,0.0,0.8374233557753608,0.7526712352687048,OOF logistic stacker
0.994,0.37741876597298285,0.0,0.0,0.0,0.18870938298649143,0.5,0.27400437346762974,1.0,0.0,0.8374233557753608,0.7526712352687048,OOF logistic stacker
0.995,0.37741876597298285,0.0,0.0,0.0,0.18870938298649143,0.5,0.27400437346762974,1.0,0.0,0.8374233557753608,0.7526712352687048,OOF logistic stacker
0.996,0.37741876597298285,0.0,0.0,0.0,0.18870938298649143,0.5,0.27400437346762974,1.0,0.0,0.8374233557753608,0.7526712352687048,OOF logistic stacker
0.997,0.37741876597298285,0.0,0.0,0.0,0.18870938298649143,0.5,0.27400437346762974,1.0,0.0,0.8374233557753608,0.7526712352687048,OOF logistic stacker
0.998,0.37741876597298285,0.0,0.0,0.0,0.18870938298649143,0.5,0.27400437346762974,1.0,0.0,0.8374233557753608,0.7526712352687048,OOF logistic stacker
0.999,0.37741876597298285,0.0,0.0,0.0,0.18870938298649143,0.5,0.27400437346762974,1.0,0.0,0.8374233557753608,0.7526712352687048,OOF logistic stacker
1.0,0.37741876597298285,0.0,0.0,0.0,0.18870938298649143,0.5,0.27400437346762974,1.0,0.0,0.8374233557753608,0.7526712352687048,OOF logistic stacker
