threshold,accuracy,precision,recall,f1,macro_precision,macro_recall,macro_f1,recall_123,recall_45,auc_pr,auc_roc,method
0.0,0.6225812340270171,0.6225812340270171,1.0,0.767396073578219,0.3112906170135086,0.5,0.3836980367891095,0.0,1.0,0.8319526586552979,0.7460013150227611,5-class expected score 0-1
0.001,0.6225812340270171,0.6225812340270171,1.0,0.767396073578219,0.3112906170135086,0.5,0.3836980367891095,0.0,1.0,0.8319526586552979,0.7460013150227611,5-class expected score 0-1
0.002,0.6225812340270171,0.6225812340270171,1.0,0.767396073578219,0.3112906170135086,0.5,0.3836980367891095,0.0,1.0,0.8319526586552979,0.7460013150227611,5-class expected score 0-1
0.003,0.6225812340270171,0.6225812340270171,1.0,0.767396073578219,0.3112906170135086,0.5,0.3836980367891095,0.0,1.0,0.8319526586552979,0.7460013150227611,5-class expected score 0-1
0.004,0.6225812340270171,0.6225812340270171,1.0,0.767396073578219,0.3112906170135086,0.5,0.3836980367891095,0.0,1.0,0.8319526586552979,0.7460013150227611,5-class expected score 0-1
0.005,0.6225812340270171,0.6225812340270171,1.0,0.767396073578219,0.3112906170135086,0.5,0.3836980367891095,0.0,1.0,0.8319526586552979,0.7460013150227611,5-class expected score 0-1
0.006,0.6225812340270171,0.6225812340270171,1.0,0.767396073578219,0.3112906170135086,0.5,0.3836980367891095,0.0,1.0,0.8319526586552979,0.7460013150227611,5-class expected score 0-1
0.007,0.6225812340270171,0.6225812340270171,1.0,0.767396073578219,0.3112906170135086,0.5,0.3836980367891095,0.0,1.0,0.8319526586552979,0.7460013150227611,5-class expected score 0-1
0.008,0.6225812340270171,0.6225812340270171,1.0,0.767396073578219,0.3112906170135086,0.5,0.3836980367891095,0.0,1.0,0.8319526586552979,0.7460013150227611,5-class expected score 0-1
0.009000000000000001,0.6225812340270171,0.6225812340270171,1.0,0.767396073578219,0.3112906170135086,0.5,0.3836980367891095,0.0,1.0,0.8319526586552979,0.7460013150227611,5-class expected score 0-1
0.01,0.6225812340270171,0.6225812340270171,1.0,0.767396073578219,0.3112906170135086,0.5,0.3836980367891095,0.0,1.0,0.8319526586552979,0.7460013150227611,5-class expected score 0-1
0.011,0.6225812340270171,0.6225812340270171,1.0,0.767396073578219,0.3112906170135086,0.5,0.3836980367891095,0.0,1.0,0.8319526586552979,0.7460013150227611,5-class expected score 0-1
0.012,0.6225812340270171,0.6225812340270171,1.0,0.767396073578219,0.3112906170135086,0.5,0.3836980367891095,0.0,1.0,0.8319526586552979,0.7460013150227611,5-class expected score 0-1
0.013000000000000001,0.6225812340270171,0.6225812340270171,1.0,0.767396073578219,0.3112906170135086,0.5,0.3836980367891095,0.0,1.0,0.8319526586552979,0.7460013150227611,5-class expected score 0-1
0.014,0.6225812340270171,0.6225812340270171,1.0,0.767396073578219,0.3112906170135086,0.5,0.3836980367891095,0.0,1.0,0.8319526586552979,0.7460013150227611,5-class expected score 0-1
0.015,0.6225812340270171,0.6225812340270171,1.0,0.767396073578219,0.3112906170135086,0.5,0.3836980367891095,0.0,1.0,0.8319526586552979,0.7460013150227611,5-class expected score 0-1
0.016,0.6225812340270171,0.6225812340270171,1.0,0.767396073578219,0.3112906170135086,0.5,0.3836980367891095,0.0,1.0,0.8319526586552979,0.7460013150227611,5-class expected score 0-1
0.017,0.6225812340270171,0.6225812340270171,1.0,0.767396073578219,0.3112906170135086,0.5,0.3836980367891095,0.0,1.0,0.8319526586552979,0.7460013150227611,5-class expected score 0-1
0.018000000000000002,0.6225812340270171,0.6225812340270171,1.0,0.767396073578219,0.3112906170135086,0.5,0.3836980367891095,0.0,1.0,0.8319526586552979,0.7460013150227611,5-class expected score 0-1
0.019,0.6225812340270171,0.6225812340270171,1.0,0.767396073578219,0.3112906170135086,0.5,0.3836980367891095,0.0,1.0,0.8319526586552979,0.7460013150227611,5-class expected score 0-1
0.02,0.6225812340270171,0.6225812340270171,1.0,0.767396073578219,0.3112906170135086,0.5,0.3836980367891095,0.0,1.0,0.8319526586552979,0.7460013150227611,5-class expected score 0-1
0.021,0.6225812340270171,0.6225812340270171,1.0,0.767396073578219,0.3112906170135086,0.5,0.3836980367891095,0.0,1.0,0.8319526586552979,0.7460013150227611,5-class expected score 0-1
0.022,0.6225812340270171,0.6225812340270171,1.0,0.767396073578219,0.3112906170135086,0.5,0.3836980367891095,0.0,1.0,0.8319526586552979,0.7460013150227611,5-class expected score 0-1
0.023,0.6225812340270171,0.6225812340270171,1.0,0.767396073578219,0.3112906170135086,0.5,0.3836980367891095,0.0,1.0,0.8319526586552979,0.7460013150227611,5-class expected score 0-1
0.024,0.6225812340270171,0.6225812340270171,1.0,0.767396073578219,0.3112906170135086,0.5,0.3836980367891095,0.0,1.0,0.8319526586552979,0.7460013150227611,5-class expected score 0-1
0.025,0.6225812340270171,0.6225812340270171,1.0,0.767396073578219,0.3112906170135086,0.5,0.3836980367891095,0.0,1.0,0.8319526586552979,0.7460013150227611,5-class expected score 0-1
0.026000000000000002,0.6225812340270171,0.6225812340270171,1.0,0.767396073578219,0.3112906170135086,0.5,0.3836980367891095,0.0,1.0,0.8319526586552979,0.7460013150227611,5-class expected score 0-1
0.027,0.6225812340270171,0.6225812340270171,1.0,0.767396073578219,0.3112906170135086,0.5,0.3836980367891095,0.0,1.0,0.8319526586552979,0.7460013150227611,5-class expected score 0-1
0.028,0.6225812340270171,0.6225812340270171,1.0,0.767396073578219,0.3112906170135086,0.5,0.3836980367891095,0.0,1.0,0.8319526586552979,0.7460013150227611,5-class expected score 0-1
0.029,0.6225812340270171,0.6225812340270171,1.0,0.767396073578219,0.3112906170135086,0.5,0.3836980367891095,0.0,1.0,0.8319526586552979,0.7460013150227611,5-class expected score 0-1
0.03,0.6225812340270171,0.6225812340270171,1.0,0.767396073578219,0.3112906170135086,0.5,0.3836980367891095,0.0,1.0,0.8319526586552979,0.7460013150227611,5-class expected score 0-1
0.031,0.6225812340270171,0.6225812340270171,1.0,0.767396073578219,0.3112906170135086,0.5,0.3836980367891095,0.0,1.0,0.8319526586552979,0.7460013150227611,5-class expected score 0-1
0.032,0.6225812340270171,0.6225812340270171,1.0,0.767396073578219,0.3112906170135086,0.5,0.3836980367891095,0.0,1.0,0.8319526586552979,0.7460013150227611,5-class expected score 0-1
0.033,0.6225812340270171,0.6225812340270171,1.0,0.767396073578219,0.3112906170135086,0.5,0.3836980367891095,0.0,1.0,0.8319526586552979,0.7460013150227611,5-class expected score 0-1
0.034,0.6225812340270171,0.6225812340270171,1.0,0.767396073578219,0.3112906170135086,0.5,0.3836980367891095,0.0,1.0,0.8319526586552979,0.7460013150227611,5-class expected score 0-1
0.035,0.6225812340270171,0.6225812340270171,1.0,0.767396073578219,0.3112906170135086,0.5,0.3836980367891095,0.0,1.0,0.8319526586552979,0.7460013150227611,5-class expected score 0-1
0.036000000000000004,0.6225812340270171,0.6225812340270171,1.0,0.767396073578219,0.3112906170135086,0.5,0.3836980367891095,0.0,1.0,0.8319526586552979,0.7460013150227611,5-class expected score 0-1
0.037,0.6225812340270171,0.6225812340270171,1.0,0.767396073578219,0.3112906170135086,0.5,0.3836980367891095,0.0,1.0,0.8319526586552979,0.7460013150227611,5-class expected score 0-1
0.038,0.6225812340270171,0.6225812340270171,1.0,0.767396073578219,0.3112906170135086,0.5,0.3836980367891095,0.0,1.0,0.8319526586552979,0.7460013150227611,5-class expected score 0-1
0.039,0.6225812340270171,0.6225812340270171,1.0,0.767396073578219,0.3112906170135086,0.5,0.3836980367891095,0.0,1.0,0.8319526586552979,0.7460013150227611,5-class expected score 0-1
0.04,0.6225812340270171,0.6225812340270171,1.0,0.767396073578219,0.3112906170135086,0.5,0.3836980367891095,0.0,1.0,0.8319526586552979,0.7460013150227611,5-class expected score 0-1
0.041,0.6225812340270171,0.6225812340270171,1.0,0.767396073578219,0.3112906170135086,0.5,0.3836980367891095,0.0,1.0,0.8319526586552979,0.7460013150227611,5-class expected score 0-1
0.042,0.6225812340270171,0.6225812340270171,1.0,0.767396073578219,0.3112906170135086,0.5,0.3836980367891095,0.0,1.0,0.8319526586552979,0.7460013150227611,5-class expected score 0-1
0.043000000000000003,0.6225812340270171,0.6225812340270171,1.0,0.767396073578219,0.3112906170135086,0.5,0.3836980367891095,0.0,1.0,0.8319526586552979,0.7460013150227611,5-class expected score 0-1
0.044,0.6225812340270171,0.6225812340270171,1.0,0.767396073578219,0.3112906170135086,0.5,0.3836980367891095,0.0,1.0,0.8319526586552979,0.7460013150227611,5-class expected score 0-1
0.045,0.6225812340270171,0.6225812340270171,1.0,0.767396073578219,0.3112906170135086,0.5,0.3836980367891095,0.0,1.0,0.8319526586552979,0.7460013150227611,5-class expected score 0-1
0.046,0.6225812340270171,0.6225812340270171,1.0,0.767396073578219,0.3112906170135086,0.5,0.3836980367891095,0.0,1.0,0.8319526586552979,0.7460013150227611,5-class expected score 0-1
0.047,0.6225812340270171,0.6225812340270171,1.0,0.767396073578219,0.3112906170135086,0.5,0.3836980367891095,0.0,1.0,0.8319526586552979,0.7460013150227611,5-class expected score 0-1
0.048,0.6225812340270171,0.6225812340270171,1.0,0.767396073578219,0.3112906170135086,0.5,0.3836980367891095,0.0,1.0,0.8319526586552979,0.7460013150227611,5-class expected score 0-1
0.049,0.6225812340270171,0.6225812340270171,1.0,0.767396073578219,0.3112906170135086,0.5,0.3836980367891095,0.0,1.0,0.8319526586552979,0.7460013150227611,5-class expected score 0-1
0.05,0.6225812340270171,0.6225812340270171,1.0,0.767396073578219,0.3112906170135086,0.5,0.3836980367891095,0.0,1.0,0.8319526586552979,0.7460013150227611,5-class expected score 0-1
0.051000000000000004,0.6225812340270171,0.6225812340270171,1.0,0.767396073578219,0.3112906170135086,0.5,0.3836980367891095,0.0,1.0,0.8319526586552979,0.7460013150227611,5-class expected score 0-1
0.052000000000000005,0.6225812340270171,0.6225812340270171,1.0,0.767396073578219,0.3112906170135086,0.5,0.3836980367891095,0.0,1.0,0.8319526586552979,0.7460013150227611,5-class expected score 0-1
0.053,0.6225812340270171,0.6225812340270171,1.0,0.767396073578219,0.3112906170135086,0.5,0.3836980367891095,0.0,1.0,0.8319526586552979,0.7460013150227611,5-class expected score 0-1
0.054,0.6225812340270171,0.6225812340270171,1.0,0.767396073578219,0.3112906170135086,0.5,0.3836980367891095,0.0,1.0,0.8319526586552979,0.7460013150227611,5-class expected score 0-1
0.055,0.6225812340270171,0.6225812340270171,1.0,0.767396073578219,0.3112906170135086,0.5,0.3836980367891095,0.0,1.0,0.8319526586552979,0.7460013150227611,5-class expected score 0-1
0.056,0.6225812340270171,0.6225812340270171,1.0,0.767396073578219,0.3112906170135086,0.5,0.3836980367891095,0.0,1.0,0.8319526586552979,0.7460013150227611,5-class expected score 0-1
0.057,0.6225812340270171,0.6225812340270171,1.0,0.767396073578219,0.3112906170135086,0.5,0.3836980367891095,0.0,1.0,0.8319526586552979,0.7460013150227611,5-class expected score 0-1
0.058,0.6225812340270171,0.6225812340270171,1.0,0.767396073578219,0.3112906170135086,0.5,0.3836980367891095,0.0,1.0,0.8319526586552979,0.7460013150227611,5-class expected score 0-1
0.059000000000000004,0.6225812340270171,0.6225812340270171,1.0,0.767396073578219,0.3112906170135086,0.5,0.3836980367891095,0.0,1.0,0.8319526586552979,0.7460013150227611,5-class expected score 0-1
0.06,0.6225812340270171,0.6225812340270171,1.0,0.767396073578219,0.3112906170135086,0.5,0.3836980367891095,0.0,1.0,0.8319526586552979,0.7460013150227611,5-class expected score 0-1
0.061,0.6225812340270171,0.6225812340270171,1.0,0.767396073578219,0.3112906170135086,0.5,0.3836980367891095,0.0,1.0,0.8319526586552979,0.7460013150227611,5-class expected score 0-1
0.062,0.6225812340270171,0.6225812340270171,1.0,0.767396073578219,0.3112906170135086,0.5,0.3836980367891095,0.0,1.0,0.8319526586552979,0.7460013150227611,5-class expected score 0-1
0.063,0.6225812340270171,0.6225812340270171,1.0,0.767396073578219,0.3112906170135086,0.5,0.3836980367891095,0.0,1.0,0.8319526586552979,0.7460013150227611,5-class expected score 0-1
0.064,0.6225812340270171,0.6225812340270171,1.0,0.767396073578219,0.3112906170135086,0.5,0.3836980367891095,0.0,1.0,0.8319526586552979,0.7460013150227611,5-class expected score 0-1
0.065,0.6225812340270171,0.6225812340270171,1.0,0.767396073578219,0.3112906170135086,0.5,0.3836980367891095,0.0,1.0,0.8319526586552979,0.7460013150227611,5-class expected score 0-1
0.066,0.6225812340270171,0.6225812340270171,1.0,0.767396073578219,0.3112906170135086,0.5,0.3836980367891095,0.0,1.0,0.8319526586552979,0.7460013150227611,5-class expected score 0-1
0.067,0.6225812340270171,0.6225812340270171,1.0,0.767396073578219,0.3112906170135086,0.5,0.3836980367891095,0.0,1.0,0.8319526586552979,0.7460013150227611,5-class expected score 0-1
0.068,0.6225812340270171,0.6225812340270171,1.0,0.767396073578219,0.3112906170135086,0.5,0.3836980367891095,0.0,1.0,0.8319526586552979,0.7460013150227611,5-class expected score 0-1
0.069,0.6225812340270171,0.6225812340270171,1.0,0.767396073578219,0.3112906170135086,0.5,0.3836980367891095,0.0,1.0,0.8319526586552979,0.7460013150227611,5-class expected score 0-1
0.07,0.6225812340270171,0.6225812340270171,1.0,0.767396073578219,0.3112906170135086,0.5,0.3836980367891095,0.0,1.0,0.8319526586552979,0.7460013150227611,5-class expected score 0-1
0.07100000000000001,0.6225812340270171,0.6225812340270171,1.0,0.767396073578219,0.3112906170135086,0.5,0.3836980367891095,0.0,1.0,0.8319526586552979,0.7460013150227611,5-class expected score 0-1
0.07200000000000001,0.6225812340270171,0.6225812340270171,1.0,0.767396073578219,0.3112906170135086,0.5,0.3836980367891095,0.0,1.0,0.8319526586552979,0.7460013150227611,5-class expected score 0-1
0.073,0.6225812340270171,0.6225812340270171,1.0,0.767396073578219,0.3112906170135086,0.5,0.3836980367891095,0.0,1.0,0.8319526586552979,0.7460013150227611,5-class expected score 0-1
0.074,0.6225812340270171,0.6225812340270171,1.0,0.767396073578219,0.3112906170135086,0.5,0.3836980367891095,0.0,1.0,0.8319526586552979,0.7460013150227611,5-class expected score 0-1
0.075,0.6225812340270171,0.6225812340270171,1.0,0.767396073578219,0.3112906170135086,0.5,0.3836980367891095,0.0,1.0,0.8319526586552979,0.7460013150227611,5-class expected score 0-1
0.076,0.6225812340270171,0.6225812340270171,1.0,0.767396073578219,0.3112906170135086,0.5,0.3836980367891095,0.0,1.0,0.8319526586552979,0.7460013150227611,5-class expected score 0-1
0.077,0.6225812340270171,0.6225812340270171,1.0,0.767396073578219,0.3112906170135086,0.5,0.3836980367891095,0.0,1.0,0.8319526586552979,0.7460013150227611,5-class expected score 0-1
0.078,0.6225812340270171,0.6225812340270171,1.0,0.767396073578219,0.3112906170135086,0.5,0.3836980367891095,0.0,1.0,0.8319526586552979,0.7460013150227611,5-class expected score 0-1
0.079,0.6225812340270171,0.6225812340270171,1.0,0.767396073578219,0.3112906170135086,0.5,0.3836980367891095,0.0,1.0,0.8319526586552979,0.7460013150227611,5-class expected score 0-1
0.08,0.6225812340270171,0.6225812340270171,1.0,0.767396073578219,0.3112906170135086,0.5,0.3836980367891095,0.0,1.0,0.8319526586552979,0.7460013150227611,5-class expected score 0-1
0.081,0.6225812340270171,0.6225812340270171,1.0,0.767396073578219,0.3112906170135086,0.5,0.3836980367891095,0.0,1.0,0.8319526586552979,0.7460013150227611,5-class expected score 0-1
0.082,0.6225812340270171,0.6225812340270171,1.0,0.767396073578219,0.3112906170135086,0.5,0.3836980367891095,0.0,1.0,0.8319526586552979,0.7460013150227611,5-class expected score 0-1
0.083,0.6225812340270171,0.6225812340270171,1.0,0.767396073578219,0.3112906170135086,0.5,0.3836980367891095,0.0,1.0,0.8319526586552979,0.7460013150227611,5-class expected score 0-1
0.084,0.6225812340270171,0.6225812340270171,1.0,0.767396073578219,0.3112906170135086,0.5,0.3836980367891095,0.0,1.0,0.8319526586552979,0.7460013150227611,5-class expected score 0-1
0.085,0.6225812340270171,0.6225812340270171,1.0,0.767396073578219,0.3112906170135086,0.5,0.3836980367891095,0.0,1.0,0.8319526586552979,0.7460013150227611,5-class expected score 0-1
0.08600000000000001,0.6225812340270171,0.6225812340270171,1.0,0.767396073578219,0.3112906170135086,0.5,0.3836980367891095,0.0,1.0,0.8319526586552979,0.7460013150227611,5-class expected score 0-1
0.08700000000000001,0.6225812340270171,0.6225812340270171,1.0,0.767396073578219,0.3112906170135086,0.5,0.3836980367891095,0.0,1.0,0.8319526586552979,0.7460013150227611,5-class expected score 0-1
0.088,0.6225812340270171,0.6225812340270171,1.0,0.767396073578219,0.3112906170135086,0.5,0.3836980367891095,0.0,1.0,0.8319526586552979,0.7460013150227611,5-class expected score 0-1
0.089,0.6225812340270171,0.6225812340270171,1.0,0.767396073578219,0.3112906170135086,0.5,0.3836980367891095,0.0,1.0,0.8319526586552979,0.7460013150227611,5-class expected score 0-1
0.09,0.6225812340270171,0.6225812340270171,1.0,0.767396073578219,0.3112906170135086,0.5,0.3836980367891095,0.0,1.0,0.8319526586552979,0.7460013150227611,5-class expected score 0-1
0.091,0.6225812340270171,0.6225812340270171,1.0,0.767396073578219,0.3112906170135086,0.5,0.3836980367891095,0.0,1.0,0.8319526586552979,0.7460013150227611,5-class expected score 0-1
0.092,0.6225812340270171,0.6225812340270171,1.0,0.767396073578219,0.3112906170135086,0.5,0.3836980367891095,0.0,1.0,0.8319526586552979,0.7460013150227611,5-class expected score 0-1
0.093,0.6225812340270171,0.6225812340270171,1.0,0.767396073578219,0.3112906170135086,0.5,0.3836980367891095,0.0,1.0,0.8319526586552979,0.7460013150227611,5-class expected score 0-1
0.094,0.6225812340270171,0.6225812340270171,1.0,0.767396073578219,0.3112906170135086,0.5,0.3836980367891095,0.0,1.0,0.8319526586552979,0.7460013150227611,5-class expected score 0-1
0.095,0.6225812340270171,0.6225812340270171,1.0,0.767396073578219,0.3112906170135086,0.5,0.3836980367891095,0.0,1.0,0.8319526586552979,0.7460013150227611,5-class expected score 0-1
0.096,0.6225812340270171,0.6225812340270171,1.0,0.767396073578219,0.3112906170135086,0.5,0.3836980367891095,0.0,1.0,0.8319526586552979,0.7460013150227611,5-class expected score 0-1
0.097,0.6225812340270171,0.6225812340270171,1.0,0.767396073578219,0.3112906170135086,0.5,0.3836980367891095,0.0,1.0,0.8319526586552979,0.7460013150227611,5-class expected score 0-1
0.098,0.6225812340270171,0.6225812340270171,1.0,0.767396073578219,0.3112906170135086,0.5,0.3836980367891095,0.0,1.0,0.8319526586552979,0.7460013150227611,5-class expected score 0-1
0.099,0.6225812340270171,0.6225812340270171,1.0,0.767396073578219,0.3112906170135086,0.5,0.3836980367891095,0.0,1.0,0.8319526586552979,0.7460013150227611,5-class expected score 0-1
0.1,0.6225812340270171,0.6225812340270171,1.0,0.767396073578219,0.3112906170135086,0.5,0.3836980367891095,0.0,1.0,0.8319526586552979,0.7460013150227611,5-class expected score 0-1
0.101,0.6225812340270171,0.6225812340270171,1.0,0.767396073578219,0.3112906170135086,0.5,0.3836980367891095,0.0,1.0,0.8319526586552979,0.7460013150227611,5-class expected score 0-1
0.10200000000000001,0.6225812340270171,0.6225812340270171,1.0,0.767396073578219,0.3112906170135086,0.5,0.3836980367891095,0.0,1.0,0.8319526586552979,0.7460013150227611,5-class expected score 0-1
0.10300000000000001,0.6225812340270171,0.6225812340270171,1.0,0.767396073578219,0.3112906170135086,0.5,0.3836980367891095,0.0,1.0,0.8319526586552979,0.7460013150227611,5-class expected score 0-1
0.10400000000000001,0.6225812340270171,0.6225812340270171,1.0,0.767396073578219,0.3112906170135086,0.5,0.3836980367891095,0.0,1.0,0.8319526586552979,0.7460013150227611,5-class expected score 0-1
0.105,0.6225812340270171,0.6225812340270171,1.0,0.767396073578219,0.3112906170135086,0.5,0.3836980367891095,0.0,1.0,0.8319526586552979,0.7460013150227611,5-class expected score 0-1
0.106,0.6225812340270171,0.6225812340270171,1.0,0.767396073578219,0.3112906170135086,0.5,0.3836980367891095,0.0,1.0,0.8319526586552979,0.7460013150227611,5-class expected score 0-1
0.107,0.6225812340270171,0.6225812340270171,1.0,0.767396073578219,0.3112906170135086,0.5,0.3836980367891095,0.0,1.0,0.8319526586552979,0.7460013150227611,5-class expected score 0-1
0.108,0.6225812340270171,0.6225812340270171,1.0,0.767396073578219,0.3112906170135086,0.5,0.3836980367891095,0.0,1.0,0.8319526586552979,0.7460013150227611,5-class expected score 0-1
0.109,0.6225812340270171,0.6225812340270171,1.0,0.767396073578219,0.3112906170135086,0.5,0.3836980367891095,0.0,1.0,0.8319526586552979,0.7460013150227611,5-class expected score 0-1
0.11,0.6225812340270171,0.6225812340270171,1.0,0.767396073578219,0.3112906170135086,0.5,0.3836980367891095,0.0,1.0,0.8319526586552979,0.7460013150227611,5-class expected score 0-1
0.111,0.6225812340270171,0.6225812340270171,1.0,0.767396073578219,0.3112906170135086,0.5,0.3836980367891095,0.0,1.0,0.8319526586552979,0.7460013150227611,5-class expected score 0-1
0.112,0.6225812340270171,0.6225812340270171,1.0,0.767396073578219,0.3112906170135086,0.5,0.3836980367891095,0.0,1.0,0.8319526586552979,0.7460013150227611,5-class expected score 0-1
0.113,0.6225812340270171,0.6225812340270171,1.0,0.767396073578219,0.3112906170135086,0.5,0.3836980367891095,0.0,1.0,0.8319526586552979,0.7460013150227611,5-class expected score 0-1
0.114,0.6225812340270171,0.6225812340270171,1.0,0.767396073578219,0.3112906170135086,0.5,0.3836980367891095,0.0,1.0,0.8319526586552979,0.7460013150227611,5-class expected score 0-1
0.115,0.6225812340270171,0.6225812340270171,1.0,0.767396073578219,0.3112906170135086,0.5,0.3836980367891095,0.0,1.0,0.8319526586552979,0.7460013150227611,5-class expected score 0-1
0.116,0.6225812340270171,0.6225812340270171,1.0,0.767396073578219,0.3112906170135086,0.5,0.3836980367891095,0.0,1.0,0.8319526586552979,0.7460013150227611,5-class expected score 0-1
0.117,0.6225812340270171,0.6225812340270171,1.0,0.767396073578219,0.3112906170135086,0.5,0.3836980367891095,0.0,1.0,0.8319526586552979,0.7460013150227611,5-class expected score 0-1
0.11800000000000001,0.6225812340270171,0.6225812340270171,1.0,0.767396073578219,0.3112906170135086,0.5,0.3836980367891095,0.0,1.0,0.8319526586552979,0.7460013150227611,5-class expected score 0-1
0.11900000000000001,0.6225812340270171,0.6225812340270171,1.0,0.767396073578219,0.3112906170135086,0.5,0.3836980367891095,0.0,1.0,0.8319526586552979,0.7460013150227611,5-class expected score 0-1
0.12,0.6225812340270171,0.6225812340270171,1.0,0.767396073578219,0.3112906170135086,0.5,0.3836980367891095,0.0,1.0,0.8319526586552979,0.7460013150227611,5-class expected score 0-1
0.121,0.6225812340270171,0.6225812340270171,1.0,0.767396073578219,0.3112906170135086,0.5,0.3836980367891095,0.0,1.0,0.8319526586552979,0.7460013150227611,5-class expected score 0-1
0.122,0.6225812340270171,0.6225812340270171,1.0,0.767396073578219,0.3112906170135086,0.5,0.3836980367891095,0.0,1.0,0.8319526586552979,0.7460013150227611,5-class expected score 0-1
0.123,0.6225812340270171,0.6225812340270171,1.0,0.767396073578219,0.3112906170135086,0.5,0.3836980367891095,0.0,1.0,0.8319526586552979,0.7460013150227611,5-class expected score 0-1
0.124,0.6225812340270171,0.6225812340270171,1.0,0.767396073578219,0.3112906170135086,0.5,0.3836980367891095,0.0,1.0,0.8319526586552979,0.7460013150227611,5-class expected score 0-1
0.125,0.6225812340270171,0.6225812340270171,1.0,0.767396073578219,0.3112906170135086,0.5,0.3836980367891095,0.0,1.0,0.8319526586552979,0.7460013150227611,5-class expected score 0-1
0.126,0.6225812340270171,0.6225812340270171,1.0,0.767396073578219,0.3112906170135086,0.5,0.3836980367891095,0.0,1.0,0.8319526586552979,0.7460013150227611,5-class expected score 0-1
0.127,0.6225812340270171,0.6225812340270171,1.0,0.767396073578219,0.3112906170135086,0.5,0.3836980367891095,0.0,1.0,0.8319526586552979,0.7460013150227611,5-class expected score 0-1
0.128,0.6225812340270171,0.6225812340270171,1.0,0.767396073578219,0.3112906170135086,0.5,0.3836980367891095,0.0,1.0,0.8319526586552979,0.7460013150227611,5-class expected score 0-1
0.129,0.6225812340270171,0.6225812340270171,1.0,0.767396073578219,0.3112906170135086,0.5,0.3836980367891095,0.0,1.0,0.8319526586552979,0.7460013150227611,5-class expected score 0-1
0.13,0.6225812340270171,0.6225812340270171,1.0,0.767396073578219,0.3112906170135086,0.5,0.3836980367891095,0.0,1.0,0.8319526586552979,0.7460013150227611,5-class expected score 0-1
0.131,0.6225812340270171,0.6225812340270171,1.0,0.767396073578219,0.3112906170135086,0.5,0.3836980367891095,0.0,1.0,0.8319526586552979,0.7460013150227611,5-class expected score 0-1
0.132,0.6225812340270171,0.6225812340270171,1.0,0.767396073578219,0.3112906170135086,0.5,0.3836980367891095,0.0,1.0,0.8319526586552979,0.7460013150227611,5-class expected score 0-1
0.133,0.6225812340270171,0.6225812340270171,1.0,0.767396073578219,0.3112906170135086,0.5,0.3836980367891095,0.0,1.0,0.8319526586552979,0.7460013150227611,5-class expected score 0-1
0.134,0.6225812340270171,0.6225812340270171,1.0,0.767396073578219,0.3112906170135086,0.5,0.3836980367891095,0.0,1.0,0.8319526586552979,0.7460013150227611,5-class expected score 0-1
0.135,0.6225812340270171,0.6225812340270171,1.0,0.767396073578219,0.3112906170135086,0.5,0.3836980367891095,0.0,1.0,0.8319526586552979,0.7460013150227611,5-class expected score 0-1
0.136,0.6225812340270171,0.6225812340270171,1.0,0.767396073578219,0.3112906170135086,0.5,0.3836980367891095,0.0,1.0,0.8319526586552979,0.7460013150227611,5-class expected score 0-1
0.137,0.6225812340270171,0.6225812340270171,1.0,0.767396073578219,0.3112906170135086,0.5,0.3836980367891095,0.0,1.0,0.8319526586552979,0.7460013150227611,5-class expected score 0-1
0.138,0.6225812340270171,0.6225812340270171,1.0,0.767396073578219,0.3112906170135086,0.5,0.3836980367891095,0.0,1.0,0.8319526586552979,0.7460013150227611,5-class expected score 0-1
0.139,0.6225812340270171,0.6225812340270171,1.0,0.767396073578219,0.3112906170135086,0.5,0.3836980367891095,0.0,1.0,0.8319526586552979,0.7460013150227611,5-class expected score 0-1
0.14,0.6225812340270171,0.6225812340270171,1.0,0.767396073578219,0.3112906170135086,0.5,0.3836980367891095,0.0,1.0,0.8319526586552979,0.7460013150227611,5-class expected score 0-1
0.14100000000000001,0.6225812340270171,0.6225812340270171,1.0,0.767396073578219,0.3112906170135086,0.5,0.3836980367891095,0.0,1.0,0.8319526586552979,0.7460013150227611,5-class expected score 0-1
0.14200000000000002,0.6225812340270171,0.6225812340270171,1.0,0.767396073578219,0.3112906170135086,0.5,0.3836980367891095,0.0,1.0,0.8319526586552979,0.7460013150227611,5-class expected score 0-1
0.14300000000000002,0.6225812340270171,0.6225812340270171,1.0,0.767396073578219,0.3112906170135086,0.5,0.3836980367891095,0.0,1.0,0.8319526586552979,0.7460013150227611,5-class expected score 0-1
0.14400000000000002,0.6225812340270171,0.6225812340270171,1.0,0.767396073578219,0.3112906170135086,0.5,0.3836980367891095,0.0,1.0,0.8319526586552979,0.7460013150227611,5-class expected score 0-1
0.145,0.6225812340270171,0.6225812340270171,1.0,0.767396073578219,0.3112906170135086,0.5,0.3836980367891095,0.0,1.0,0.8319526586552979,0.7460013150227611,5-class expected score 0-1
0.146,0.6225812340270171,0.6225812340270171,1.0,0.767396073578219,0.3112906170135086,0.5,0.3836980367891095,0.0,1.0,0.8319526586552979,0.7460013150227611,5-class expected score 0-1
0.147,0.6225812340270171,0.6225812340270171,1.0,0.767396073578219,0.3112906170135086,0.5,0.3836980367891095,0.0,1.0,0.8319526586552979,0.7460013150227611,5-class expected score 0-1
0.148,0.6225812340270171,0.6225812340270171,1.0,0.767396073578219,0.3112906170135086,0.5,0.3836980367891095,0.0,1.0,0.8319526586552979,0.7460013150227611,5-class expected score 0-1
0.149,0.6225812340270171,0.6225812340270171,1.0,0.767396073578219,0.3112906170135086,0.5,0.3836980367891095,0.0,1.0,0.8319526586552979,0.7460013150227611,5-class expected score 0-1
0.15,0.6225812340270171,0.6225812340270171,1.0,0.767396073578219,0.3112906170135086,0.5,0.3836980367891095,0.0,1.0,0.8319526586552979,0.7460013150227611,5-class expected score 0-1
0.151,0.6225812340270171,0.6225812340270171,1.0,0.767396073578219,0.3112906170135086,0.5,0.3836980367891095,0.0,1.0,0.8319526586552979,0.7460013150227611,5-class expected score 0-1
0.152,0.6225812340270171,0.6225812340270171,1.0,0.767396073578219,0.3112906170135086,0.5,0.3836980367891095,0.0,1.0,0.8319526586552979,0.7460013150227611,5-class expected score 0-1
0.153,0.6225812340270171,0.6225812340270171,1.0,0.767396073578219,0.3112906170135086,0.5,0.3836980367891095,0.0,1.0,0.8319526586552979,0.7460013150227611,5-class expected score 0-1
0.154,0.6225812340270171,0.6225812340270171,1.0,0.767396073578219,0.3112906170135086,0.5,0.3836980367891095,0.0,1.0,0.8319526586552979,0.7460013150227611,5-class expected score 0-1
0.155,0.6225812340270171,0.6225812340270171,1.0,0.767396073578219,0.3112906170135086,0.5,0.3836980367891095,0.0,1.0,0.8319526586552979,0.7460013150227611,5-class expected score 0-1
0.156,0.6225812340270171,0.6225812340270171,1.0,0.767396073578219,0.3112906170135086,0.5,0.3836980367891095,0.0,1.0,0.8319526586552979,0.7460013150227611,5-class expected score 0-1
0.157,0.6225812340270171,0.6225812340270171,1.0,0.767396073578219,0.3112906170135086,0.5,0.3836980367891095,0.0,1.0,0.8319526586552979,0.7460013150227611,5-class expected score 0-1
0.158,0.6225812340270171,0.6225812340270171,1.0,0.767396073578219,0.3112906170135086,0.5,0.3836980367891095,0.0,1.0,0.8319526586552979,0.7460013150227611,5-class expected score 0-1
0.159,0.6225812340270171,0.6225812340270171,1.0,0.767396073578219,0.3112906170135086,0.5,0.3836980367891095,0.0,1.0,0.8319526586552979,0.7460013150227611,5-class expected score 0-1
0.16,0.6225812340270171,0.6225812340270171,1.0,0.767396073578219,0.3112906170135086,0.5,0.3836980367891095,0.0,1.0,0.8319526586552979,0.7460013150227611,5-class expected score 0-1
0.161,0.6225812340270171,0.6225812340270171,1.0,0.767396073578219,0.3112906170135086,0.5,0.3836980367891095,0.0,1.0,0.8319526586552979,0.7460013150227611,5-class expected score 0-1
0.162,0.6225812340270171,0.6225812340270171,1.0,0.767396073578219,0.3112906170135086,0.5,0.3836980367891095,0.0,1.0,0.8319526586552979,0.7460013150227611,5-class expected score 0-1
0.163,0.6225812340270171,0.6225812340270171,1.0,0.767396073578219,0.3112906170135086,0.5,0.3836980367891095,0.0,1.0,0.8319526586552979,0.7460013150227611,5-class expected score 0-1
0.164,0.6225812340270171,0.6225812340270171,1.0,0.767396073578219,0.3112906170135086,0.5,0.3836980367891095,0.0,1.0,0.8319526586552979,0.7460013150227611,5-class expected score 0-1
0.165,0.6225812340270171,0.6225812340270171,1.0,0.767396073578219,0.3112906170135086,0.5,0.3836980367891095,0.0,1.0,0.8319526586552979,0.7460013150227611,5-class expected score 0-1
0.166,0.6225812340270171,0.6225812340270171,1.0,0.767396073578219,0.3112906170135086,0.5,0.3836980367891095,0.0,1.0,0.8319526586552979,0.7460013150227611,5-class expected score 0-1
0.167,0.6226725082146769,0.6226380648105888,1.0,0.7674392439243924,0.8113190324052943,0.5001209189842806,0.38396140145929486,0.0002418379685610641,1.0,0.8319526586552979,0.7460013150227611,5-class expected score 0-1
0.168,0.6226725082146769,0.6226380648105888,1.0,0.7674392439243924,0.8113190324052943,0.5001209189842806,0.38396140145929486,0.0002418379685610641,1.0,0.8319526586552979,0.7460013150227611,5-class expected score 0-1
0.169,0.6226725082146769,0.6226380648105888,1.0,0.7674392439243924,0.8113190324052943,0.5001209189842806,0.38396140145929486,0.0002418379685610641,1.0,0.8319526586552979,0.7460013150227611,5-class expected score 0-1
0.17,0.6226725082146769,0.6226380648105888,1.0,0.7674392439243924,0.8113190324052943,0.5001209189842806,0.38396140145929486,0.0002418379685610641,1.0,0.8319526586552979,0.7460013150227611,5-class expected score 0-1
0.171,0.6226725082146769,0.6226380648105888,1.0,0.7674392439243924,0.8113190324052943,0.5001209189842806,0.38396140145929486,0.0002418379685610641,1.0,0.8319526586552979,0.7460013150227611,5-class expected score 0-1
0.17200000000000001,0.6226725082146769,0.6226380648105888,1.0,0.7674392439243924,0.8113190324052943,0.5001209189842806,0.38396140145929486,0.0002418379685610641,1.0,0.8319526586552979,0.7460013150227611,5-class expected score 0-1
0.17300000000000001,0.6226725082146769,0.6226380648105888,1.0,0.7674392439243924,0.8113190324052943,0.5001209189842806,0.38396140145929486,0.0002418379685610641,1.0,0.8319526586552979,0.7460013150227611,5-class expected score 0-1
0.17400000000000002,0.6226725082146769,0.6226380648105888,1.0,0.7674392439243924,0.8113190324052943,0.5001209189842806,0.38396140145929486,0.0002418379685610641,1.0,0.8319526586552979,0.7460013150227611,5-class expected score 0-1
0.17500000000000002,0.6226725082146769,0.6226380648105888,1.0,0.7674392439243924,0.8113190324052943,0.5001209189842806,0.38396140145929486,0.0002418379685610641,1.0,0.8319526586552979,0.7460013150227611,5-class expected score 0-1
0.176,0.6226725082146769,0.6226380648105888,1.0,0.7674392439243924,0.8113190324052943,0.5001209189842806,0.38396140145929486,0.0002418379685610641,1.0,0.8319526586552979,0.7460013150227611,5-class expected score 0-1
0.177,0.6226725082146769,0.6226380648105888,1.0,0.7674392439243924,0.8113190324052943,0.5001209189842806,0.38396140145929486,0.0002418379685610641,1.0,0.8319526586552979,0.7460013150227611,5-class expected score 0-1
0.178,0.6226725082146769,0.6226380648105888,1.0,0.7674392439243924,0.8113190324052943,0.5001209189842806,0.38396140145929486,0.0002418379685610641,1.0,0.8319526586552979,0.7460013150227611,5-class expected score 0-1
0.179,0.6226725082146769,0.6226380648105888,1.0,0.7674392439243924,0.8113190324052943,0.5001209189842806,0.38396140145929486,0.0002418379685610641,1.0,0.8319526586552979,0.7460013150227611,5-class expected score 0-1
0.18,0.6226725082146769,0.6226380648105888,1.0,0.7674392439243924,0.8113190324052943,0.5001209189842806,0.38396140145929486,0.0002418379685610641,1.0,0.8319526586552979,0.7460013150227611,5-class expected score 0-1
0.181,0.6226725082146769,0.6226380648105888,1.0,0.7674392439243924,0.8113190324052943,0.5001209189842806,0.38396140145929486,0.0002418379685610641,1.0,0.8319526586552979,0.7460013150227611,5-class expected score 0-1
0.182,0.6226725082146769,0.6226380648105888,1.0,0.7674392439243924,0.8113190324052943,0.5001209189842806,0.38396140145929486,0.0002418379685610641,1.0,0.8319526586552979,0.7460013150227611,5-class expected score 0-1
0.183,0.6226725082146769,0.6226380648105888,1.0,0.7674392439243924,0.8113190324052943,0.5001209189842806,0.38396140145929486,0.0002418379685610641,1.0,0.8319526586552979,0.7460013150227611,5-class expected score 0-1
0.184,0.6226725082146769,0.6226380648105888,1.0,0.7674392439243924,0.8113190324052943,0.5001209189842806,0.38396140145929486,0.0002418379685610641,1.0,0.8319526586552979,0.7460013150227611,5-class expected score 0-1
0.185,0.6226725082146769,0.6226380648105888,1.0,0.7674392439243924,0.8113190324052943,0.5001209189842806,0.38396140145929486,0.0002418379685610641,1.0,0.8319526586552979,0.7460013150227611,5-class expected score 0-1
0.186,0.6226725082146769,0.6226380648105888,1.0,0.7674392439243924,0.8113190324052943,0.5001209189842806,0.38396140145929486,0.0002418379685610641,1.0,0.8319526586552979,0.7460013150227611,5-class expected score 0-1
0.187,0.6226725082146769,0.6226380648105888,1.0,0.7674392439243924,0.8113190324052943,0.5001209189842806,0.38396140145929486,0.0002418379685610641,1.0,0.8319526586552979,0.7460013150227611,5-class expected score 0-1
0.188,0.6226725082146769,0.6226380648105888,1.0,0.7674392439243924,0.8113190324052943,0.5001209189842806,0.38396140145929486,0.0002418379685610641,1.0,0.8319526586552979,0.7460013150227611,5-class expected score 0-1
0.189,0.6226725082146769,0.6226380648105888,1.0,0.7674392439243924,0.8113190324052943,0.5001209189842806,0.38396140145929486,0.0002418379685610641,1.0,0.8319526586552979,0.7460013150227611,5-class expected score 0-1
0.19,0.6226725082146769,0.6226380648105888,1.0,0.7674392439243924,0.8113190324052943,0.5001209189842806,0.38396140145929486,0.0002418379685610641,1.0,0.8319526586552979,0.7460013150227611,5-class expected score 0-1
0.191,0.6226725082146769,0.6226380648105888,1.0,0.7674392439243924,0.8113190324052943,0.5001209189842806,0.38396140145929486,0.0002418379685610641,1.0,0.8319526586552979,0.7460013150227611,5-class expected score 0-1
0.192,0.6226725082146769,0.6226380648105888,1.0,0.7674392439243924,0.8113190324052943,0.5001209189842806,0.38396140145929486,0.0002418379685610641,1.0,0.8319526586552979,0.7460013150227611,5-class expected score 0-1
0.193,0.6226725082146769,0.6226380648105888,1.0,0.7674392439243924,0.8113190324052943,0.5001209189842806,0.38396140145929486,0.0002418379685610641,1.0,0.8319526586552979,0.7460013150227611,5-class expected score 0-1
0.194,0.6226725082146769,0.6226380648105888,1.0,0.7674392439243924,0.8113190324052943,0.5001209189842806,0.38396140145929486,0.0002418379685610641,1.0,0.8319526586552979,0.7460013150227611,5-class expected score 0-1
0.195,0.6226725082146769,0.6226380648105888,1.0,0.7674392439243924,0.8113190324052943,0.5001209189842806,0.38396140145929486,0.0002418379685610641,1.0,0.8319526586552979,0.7460013150227611,5-class expected score 0-1
0.196,0.6226725082146769,0.6226380648105888,1.0,0.7674392439243924,0.8113190324052943,0.5001209189842806,0.38396140145929486,0.0002418379685610641,1.0,0.8319526586552979,0.7460013150227611,5-class expected score 0-1
0.197,0.6226725082146769,0.6226380648105888,1.0,0.7674392439243924,0.8113190324052943,0.5001209189842806,0.38396140145929486,0.0002418379685610641,1.0,0.8319526586552979,0.7460013150227611,5-class expected score 0-1
0.198,0.6226725082146769,0.6226380648105888,1.0,0.7674392439243924,0.8113190324052943,0.5001209189842806,0.38396140145929486,0.0002418379685610641,1.0,0.8319526586552979,0.7460013150227611,5-class expected score 0-1
0.199,0.6226725082146769,0.6226380648105888,1.0,0.7674392439243924,0.8113190324052943,0.5001209189842806,0.38396140145929486,0.0002418379685610641,1.0,0.8319526586552979,0.7460013150227611,5-class expected score 0-1
0.2,0.6226725082146769,0.6226380648105888,1.0,0.7674392439243924,0.8113190324052943,0.5001209189842806,0.38396140145929486,0.0002418379685610641,1.0,0.8319526586552979,0.7460013150227611,5-class expected score 0-1
0.201,0.6226725082146769,0.6226380648105888,1.0,0.7674392439243924,0.8113190324052943,0.5001209189842806,0.38396140145929486,0.0002418379685610641,1.0,0.8319526586552979,0.7460013150227611,5-class expected score 0-1
0.202,0.6226725082146769,0.6226380648105888,1.0,0.7674392439243924,0.8113190324052943,0.5001209189842806,0.38396140145929486,0.0002418379685610641,1.0,0.8319526586552979,0.7460013150227611,5-class expected score 0-1
0.203,0.6226725082146769,0.6226380648105888,1.0,0.7674392439243924,0.8113190324052943,0.5001209189842806,0.38396140145929486,0.0002418379685610641,1.0,0.8319526586552979,0.7460013150227611,5-class expected score 0-1
0.20400000000000001,0.6226725082146769,0.6226380648105888,1.0,0.7674392439243924,0.8113190324052943,0.5001209189842806,0.38396140145929486,0.0002418379685610641,1.0,0.8319526586552979,0.7460013150227611,5-class expected score 0-1
0.20500000000000002,0.6226725082146769,0.6226380648105888,1.0,0.7674392439243924,0.8113190324052943,0.5001209189842806,0.38396140145929486,0.0002418379685610641,1.0,0.8319526586552979,0.7460013150227611,5-class expected score 0-1
0.20600000000000002,0.6226725082146769,0.6226380648105888,1.0,0.7674392439243924,0.8113190324052943,0.5001209189842806,0.38396140145929486,0.0002418379685610641,1.0,0.8319526586552979,0.7460013150227611,5-class expected score 0-1
0.20700000000000002,0.6226725082146769,0.6226380648105888,1.0,0.7674392439243924,0.8113190324052943,0.5001209189842806,0.38396140145929486,0.0002418379685610641,1.0,0.8319526586552979,0.7460013150227611,5-class expected score 0-1
0.20800000000000002,0.6226725082146769,0.6226380648105888,1.0,0.7674392439243924,0.8113190324052943,0.5001209189842806,0.38396140145929486,0.0002418379685610641,1.0,0.8319526586552979,0.7460013150227611,5-class expected score 0-1
0.209,0.6226725082146769,0.6226380648105888,1.0,0.7674392439243924,0.8113190324052943,0.5001209189842806,0.38396140145929486,0.0002418379685610641,1.0,0.8319526586552979,0.7460013150227611,5-class expected score 0-1
0.21,0.6226725082146769,0.6226380648105888,1.0,0.7674392439243924,0.8113190324052943,0.5001209189842806,0.38396140145929486,0.0002418379685610641,1.0,0.8319526586552979,0.7460013150227611,5-class expected score 0-1
0.211,0.6226725082146769,0.6226380648105888,1.0,0.7674392439243924,0.8113190324052943,0.5001209189842806,0.38396140145929486,0.0002418379685610641,1.0,0.8319526586552979,0.7460013150227611,5-class expected score 0-1
0.212,0.6226725082146769,0.6226380648105888,1.0,0.7674392439243924,0.8113190324052943,0.5001209189842806,0.38396140145929486,0.0002418379685610641,1.0,0.8319526586552979,0.7460013150227611,5-class expected score 0-1
0.213,0.6226725082146769,0.6226380648105888,1.0,0.7674392439243924,0.8113190324052943,0.5001209189842806,0.38396140145929486,0.0002418379685610641,1.0,0.8319526586552979,0.7460013150227611,5-class expected score 0-1
0.214,0.6226725082146769,0.6226380648105888,1.0,0.7674392439243924,0.8113190324052943,0.5001209189842806,0.38396140145929486,0.0002418379685610641,1.0,0.8319526586552979,0.7460013150227611,5-class expected score 0-1
0.215,0.6227637824023367,0.6226949059704218,1.0,0.7674824191279888,0.8113474529852109,0.500241837968561,0.384224651671802,0.0004836759371221282,1.0,0.8319526586552979,0.7460013150227611,5-class expected score 0-1
0.216,0.6228550565899964,0.6227517575093582,1.0,0.7675255991898279,0.8113758787546791,0.5003627569528416,0.384487787511782,0.0007255139056831923,1.0,0.8319526586552979,0.7460013150227611,5-class expected score 0-1
0.217,0.6228550565899964,0.6227517575093582,1.0,0.7675255991898279,0.8113758787546791,0.5003627569528416,0.384487787511782,0.0007255139056831923,1.0,0.8319526586552979,0.7460013150227611,5-class expected score 0-1
0.218,0.6228550565899964,0.6227517575093582,1.0,0.7675255991898279,0.8113758787546791,0.5003627569528416,0.384487787511782,0.0007255139056831923,1.0,0.8319526586552979,0.7460013150227611,5-class expected score 0-1
0.219,0.6228550565899964,0.6227517575093582,1.0,0.7675255991898279,0.8113758787546791,0.5003627569528416,0.384487787511782,0.0007255139056831923,1.0,0.8319526586552979,0.7460013150227611,5-class expected score 0-1
0.22,0.6228550565899964,0.6227517575093582,1.0,0.7675255991898279,0.8113758787546791,0.5003627569528416,0.384487787511782,0.0007255139056831923,1.0,0.8319526586552979,0.7460013150227611,5-class expected score 0-1
0.221,0.6228550565899964,0.6227517575093582,1.0,0.7675255991898279,0.8113758787546791,0.5003627569528416,0.384487787511782,0.0007255139056831923,1.0,0.8319526586552979,0.7460013150227611,5-class expected score 0-1
0.222,0.6228550565899964,0.6227517575093582,1.0,0.7675255991898279,0.8113758787546791,0.5003627569528416,0.384487787511782,0.0007255139056831923,1.0,0.8319526586552979,0.7460013150227611,5-class expected score 0-1
0.223,0.6228550565899964,0.6227517575093582,1.0,0.7675255991898279,0.8113758787546791,0.5003627569528416,0.384487787511782,0.0007255139056831923,1.0,0.8319526586552979,0.7460013150227611,5-class expected score 0-1
0.224,0.622946330777656,0.622808619430241,1.0,0.7675687841107297,0.8114043097151205,0.5004836759371222,0.3847508090643042,0.0009673518742442564,1.0,0.8319526586552979,0.7460013150227611,5-class expected score 0-1
0.225,0.622946330777656,0.622808619430241,1.0,0.7675687841107297,0.8114043097151205,0.5004836759371222,0.3847508090643042,0.0009673518742442564,1.0,0.8319526586552979,0.7460013150227611,5-class expected score 0-1
0.226,0.622946330777656,0.622808619430241,1.0,0.7675687841107297,0.8114043097151205,0.5004836759371222,0.3847508090643042,0.0009673518742442564,1.0,0.8319526586552979,0.7460013150227611,5-class expected score 0-1
0.227,0.622946330777656,0.622808619430241,1.0,0.7675687841107297,0.8114043097151205,0.5004836759371222,0.3847508090643042,0.0009673518742442564,1.0,0.8319526586552979,0.7460013150227611,5-class expected score 0-1
0.228,0.622946330777656,0.622808619430241,1.0,0.7675687841107297,0.8114043097151205,0.5004836759371222,0.3847508090643042,0.0009673518742442564,1.0,0.8319526586552979,0.7460013150227611,5-class expected score 0-1
0.229,0.622946330777656,0.622808619430241,1.0,0.7675687841107297,0.8114043097151205,0.5004836759371222,0.3847508090643042,0.0009673518742442564,1.0,0.8319526586552979,0.7460013150227611,5-class expected score 0-1
0.23,0.622946330777656,0.622808619430241,1.0,0.7675687841107297,0.8114043097151205,0.5004836759371222,0.3847508090643042,0.0009673518742442564,1.0,0.8319526586552979,0.7460013150227611,5-class expected score 0-1
0.231,0.622946330777656,0.622808619430241,1.0,0.7675687841107297,0.8114043097151205,0.5004836759371222,0.3847508090643042,0.0009673518742442564,1.0,0.8319526586552979,0.7460013150227611,5-class expected score 0-1
0.232,0.622946330777656,0.622808619430241,1.0,0.7675687841107297,0.8114043097151205,0.5004836759371222,0.3847508090643042,0.0009673518742442564,1.0,0.8319526586552979,0.7460013150227611,5-class expected score 0-1
0.233,0.6228550565899964,0.6227741758743494,0.9998533939305088,0.7674994373171281,0.7113870879371746,0.5004103729023766,0.38471590223344326,0.0009673518742442564,0.9998533939305088,0.8319526586552979,0.7460013150227611,5-class expected score 0-1
0.234,0.6228550565899964,0.6227741758743494,0.9998533939305088,0.7674994373171281,0.7113870879371746,0.5004103729023766,0.38471590223344326,0.0009673518742442564,0.9998533939305088,0.8319526586552979,0.7460013150227611,5-class expected score 0-1
0.23500000000000001,0.6228550565899964,0.6227741758743494,0.9998533939305088,0.7674994373171281,0.7113870879371746,0.5004103729023766,0.38471590223344326,0.0009673518742442564,0.9998533939305088,0.8319526586552979,0.7460013150227611,5-class expected score 0-1
0.23600000000000002,0.6228550565899964,0.6227741758743494,0.9998533939305088,0.7674994373171281,0.7113870879371746,0.5004103729023766,0.38471590223344326,0.0009673518742442564,0.9998533939305088,0.8319526586552979,0.7460013150227611,5-class expected score 0-1
0.23700000000000002,0.6228550565899964,0.6227741758743494,0.9998533939305088,0.7674994373171281,0.7113870879371746,0.5004103729023766,0.38471590223344326,0.0009673518742442564,0.9998533939305088,0.8319526586552979,0.7460013150227611,5-class expected score 0-1
0.23800000000000002,0.6228550565899964,0.6227741758743494,0.9998533939305088,0.7674994373171281,0.7113870879371746,0.5004103729023766,0.38471590223344326,0.0009673518742442564,0.9998533939305088,0.8319526586552979,0.7460013150227611,5-class expected score 0-1
0.23900000000000002,0.6228550565899964,0.6227741758743494,0.9998533939305088,0.7674994373171281,0.7113870879371746,0.5004103729023766,0.38471590223344326,0.0009673518742442564,0.9998533939305088,0.8319526586552979,0.7460013150227611,5-class expected score 0-1
0.24,0.6228550565899964,0.6227741758743494,0.9998533939305088,0.7674994373171281,0.7113870879371746,0.5004103729023766,0.38471590223344326,0.0009673518742442564,0.9998533939305088,0.8319526586552979,0.7460013150227611,5-class expected score 0-1
0.241,0.6228550565899964,0.6227741758743494,0.9998533939305088,0.7674994373171281,0.7113870879371746,0.5004103729023766,0.38471590223344326,0.0009673518742442564,0.9998533939305088,0.8319526586552979,0.7460013150227611,5-class expected score 0-1
0.242,0.6228550565899964,0.6227741758743494,0.9998533939305088,0.7674994373171281,0.7113870879371746,0.5004103729023766,0.38471590223344326,0.0009673518742442564,0.9998533939305088,0.8319526586552979,0.7460013150227611,5-class expected score 0-1
0.243,0.6228550565899964,0.6227741758743494,0.9998533939305088,0.7674994373171281,0.7113870879371746,0.5004103729023766,0.38471590223344326,0.0009673518742442564,0.9998533939305088,0.8319526586552979,0.7460013150227611,5-class expected score 0-1
0.244,0.6228550565899964,0.6227741758743494,0.9998533939305088,0.7674994373171281,0.7113870879371746,0.5004103729023766,0.38471590223344326,0.0009673518742442564,0.9998533939305088,0.8319526586552979,0.7460013150227611,5-class expected score 0-1
0.245,0.6228550565899964,0.6227741758743494,0.9998533939305088,0.7674994373171281,0.7113870879371746,0.5004103729023766,0.38471590223344326,0.0009673518742442564,0.9998533939305088,0.8319526586552979,0.7460013150227611,5-class expected score 0-1
0.246,0.6228550565899964,0.6227741758743494,0.9998533939305088,0.7674994373171281,0.7113870879371746,0.5004103729023766,0.38471590223344326,0.0009673518742442564,0.9998533939305088,0.8319526586552979,0.7460013150227611,5-class expected score 0-1
0.247,0.622946330777656,0.6228534892217756,0.9997067878610174,0.7675164612527435,0.6864267446108878,0.5005789078361919,0.38520645654961577,0.0014510278113663846,0.9997067878610174,0.8319526586552979,0.7460013150227611,5-class expected score 0-1
0.248,0.622946330777656,0.6228534892217756,0.9997067878610174,0.7675164612527435,0.6864267446108878,0.5005789078361919,0.38520645654961577,0.0014510278113663846,0.9997067878610174,0.8319526586552979,0.7460013150227611,5-class expected score 0-1
0.249,0.622946330777656,0.6228534892217756,0.9997067878610174,0.7675164612527435,0.6864267446108878,0.5005789078361919,0.38520645654961577,0.0014510278113663846,0.9997067878610174,0.8319526586552979,0.7460013150227611,5-class expected score 0-1
0.25,0.622946330777656,0.6228534892217756,0.9997067878610174,0.7675164612527435,0.6864267446108878,0.5005789078361919,0.38520645654961577,0.0014510278113663846,0.9997067878610174,0.8319526586552979,0.7460013150227611,5-class expected score 0-1
0.251,0.6230376049653158,0.6229103864072348,0.9997067878610174,0.7675596578117965,0.7003440820925063,0.5006998268204724,0.38546901809508743,0.0016928657799274486,0.9997067878610174,0.8319526586552979,0.7460013150227611,5-class expected score 0-1
0.252,0.622946330777656,0.6228759364151288,0.9995601817915262,0.7674902909889121,0.6614379682075644,0.5006265237857268,0.38543392715911223,0.0016928657799274486,0.9995601817915262,0.8319526586552979,0.7460013150227611,5-class expected score 0-1
0.253,0.622946330777656,0.6228759364151288,0.9995601817915262,0.7674902909889121,0.6614379682075644,0.5006265237857268,0.38543392715911223,0.0016928657799274486,0.9995601817915262,0.8319526586552979,0.7460013150227611,5-class expected score 0-1
0.254,0.622946330777656,0.6228983918128655,0.9994135757220349,0.7674641148325358,0.6447825292397661,0.5006741397352618,0.38566116279364915,0.0019347037484885128,0.9994135757220349,0.8319526586552979,0.7460013150227611,5-class expected score 0-1
0.255,0.622946330777656,0.6228983918128655,0.9994135757220349,0.7674641148325358,0.6447825292397661,0.5006741397352618,0.38566116279364915,0.0019347037484885128,0.9994135757220349,0.8319526586552979,0.7460013150227611,5-class expected score 0-1
0.256,0.6230376049653158,0.6229553138992964,0.9994135757220349,0.767507318171583,0.6576315031034943,0.5007950587195422,0.38592337943294674,0.002176541717049577,0.9994135757220349,0.8319526586552979,0.7460013150227611,5-class expected score 0-1
0.257,0.6230376049653158,0.6229553138992964,0.9994135757220349,0.767507318171583,0.6576315031034943,0.5007950587195422,0.38592337943294674,0.002176541717049577,0.9994135757220349,0.8319526586552979,0.7460013150227611,5-class expected score 0-1
0.258,0.6230376049653158,0.6229553138992964,0.9994135757220349,0.767507318171583,0.6576315031034943,0.5007950587195422,0.38592337943294674,0.002176541717049577,0.9994135757220349,0.8319526586552979,0.7460013150227611,5-class expected score 0-1
0.259,0.6230376049653158,0.6229553138992964,0.9994135757220349,0.767507318171583,0.6576315031034943,0.5007950587195422,0.38592337943294674,0.002176541717049577,0.9994135757220349,0.8319526586552979,0.7460013150227611,5-class expected score 0-1
0.26,0.6230376049653158,0.6229553138992964,0.9994135757220349,0.767507318171583,0.6576315031034943,0.5007950587195422,0.38592337943294674,0.002176541717049577,0.9994135757220349,0.8319526586552979,0.7460013150227611,5-class expected score 0-1
0.261,0.6230376049653158,0.6229553138992964,0.9994135757220349,0.767507318171583,0.6576315031034943,0.5007950587195422,0.38592337943294674,0.002176541717049577,0.9994135757220349,0.8319526586552979,0.7460013150227611,5-class expected score 0-1
0.262,0.622946330777656,0.6229208554194846,0.9992669696525436,0.7674379327816248,0.6328889991383138,0.5007217556847966,0.3858881637877755,0.002176541717049577,0.9992669696525436,0.8319526586552979,0.7460013150227611,5-class expected score 0-1
0.263,0.6230376049653158,0.6229777899643543,0.9992669696525436,0.7674811395113162,0.6448222283155105,0.5008426746690771,0.386150208309875,0.0024183796856106408,0.9992669696525436,0.8319526586552979,0.7460013150227611,5-class expected score 0-1
0.264,0.6230376049653158,0.6229777899643543,0.9992669696525436,0.7674811395113162,0.6448222283155105,0.5008426746690771,0.386150208309875,0.0024183796856106408,0.9992669696525436,0.8319526586552979,0.7460013150227611,5-class expected score 0-1
0.265,0.6230376049653158,0.6229777899643543,0.9992669696525436,0.7674811395113162,0.6448222283155105,0.5008426746690771,0.386150208309875,0.0024183796856106408,0.9992669696525436,0.8319526586552979,0.7460013150227611,5-class expected score 0-1
0.266,0.6230376049653158,0.6229777899643543,0.9992669696525436,0.7674811395113162,0.6448222283155105,0.5008426746690771,0.386150208309875,0.0024183796856106408,0.9992669696525436,0.8319526586552979,0.7460013150227611,5-class expected score 0-1
0.267,0.6230376049653158,0.6229777899643543,0.9992669696525436,0.7674811395113162,0.6448222283155105,0.5008426746690771,0.386150208309875,0.0024183796856106408,0.9992669696525436,0.8319526586552979,0.7460013150227611,5-class expected score 0-1
0.268,0.6230376049653158,0.6229777899643543,0.9992669696525436,0.7674811395113162,0.6448222283155105,0.5008426746690771,0.386150208309875,0.0024183796856106408,0.9992669696525436,0.8319526586552979,0.7460013150227611,5-class expected score 0-1
0.269,0.6230376049653158,0.6229777899643543,0.9992669696525436,0.7674811395113162,0.6448222283155105,0.5008426746690771,0.386150208309875,0.0024183796856106408,0.9992669696525436,0.8319526586552979,0.7460013150227611,5-class expected score 0-1
0.27,0.6230376049653158,0.6229777899643543,0.9992669696525436,0.7674811395113162,0.6448222283155105,0.5008426746690771,0.386150208309875,0.0024183796856106408,0.9992669696525436,0.8319526586552979,0.7460013150227611,5-class expected score 0-1
0.271,0.6231288791529755,0.6230347349177331,0.9992669696525436,0.7675243511063566,0.6552673674588665,0.5009635936533576,0.38641213941730745,0.002660217654171705,0.9992669696525436,0.8319526586552979,0.7460013150227611,5-class expected score 0-1
0.272,0.6232201533406353,0.6230916902824756,0.9992669696525436,0.7675675675675676,0.664487021611826,0.5010845126376382,0.38667395719418846,0.002902055622732769,0.9992669696525436,0.8319526586552979,0.7460013150227611,5-class expected score 0-1
0.273,0.623311427528295,0.6231711777615215,0.9991203635830523,0.7675846145182181,0.6615855888807607,0.5012530475714536,0.3871617416754749,0.003385731559854897,0.9991203635830523,0.8319526586552979,0.7460013150227611,5-class expected score 0-1
0.274,0.623311427528295,0.62319370770075,0.9989737575135611,0.7675584342438749,0.6525059447594659,0.5013006635209886,0.3873875885436358,0.0036275695284159614,0.9989737575135611,0.8319526586552979,0.7460013150227611,5-class expected score 0-1
0.275,0.623311427528295,0.62319370770075,0.9989737575135611,0.7675584342438749,0.6525059447594659,0.5013006635209886,0.3873875885436358,0.0036275695284159614,0.9989737575135611,0.8319526586552979,0.7460013150227611,5-class expected score 0-1
0.276,0.6234027017159547,0.6232507088630751,0.9989737575135611,0.7676016672299201,0.6594514413880592,0.501421582505269,0.38764883746296386,0.0038694074969770256,0.9989737575135611,0.8319526586552979,0.7460013150227611,5-class expected score 0-1
0.277,0.6234027017159547,0.6232507088630751,0.9989737575135611,0.7676016672299201,0.6594514413880592,0.501421582505269,0.38764883746296386,0.0038694074969770256,0.9989737575135611,0.8319526586552979,0.7460013150227611,5-class expected score 0-1
0.278,0.6235852500912742,0.6233647424755283,0.9989737575135611,0.7676881478143308,0.6716823712377642,0.5016634204738302,0.38817099698408847,0.004353083434099154,0.9989737575135611,0.8319526586552979,0.7460013150227611,5-class expected score 0-1
0.279,0.6235852500912742,0.6233647424755283,0.9989737575135611,0.7676881478143308,0.6716823712377642,0.5016634204738302,0.38817099698408847,0.004353083434099154,0.9989737575135611,0.8319526586552979,0.7460013150227611,5-class expected score 0-1
0.28,0.6235852500912742,0.6233647424755283,0.9989737575135611,0.7676881478143308,0.6716823712377642,0.5016634204738302,0.38817099698408847,0.004353083434099154,0.9989737575135611,0.8319526586552979,0.7460013150227611,5-class expected score 0-1
0.281,0.6236765242789339,0.6234217749313815,0.9989737575135611,0.7677313954143429,0.6770955028503061,0.5017843394581106,0.38843190775283354,0.004594921402660218,0.9989737575135611,0.8319526586552979,0.7460013150227611,5-class expected score 0-1
0.28200000000000003,0.6236765242789339,0.6234217749313815,0.9989737575135611,0.7677313954143429,0.6770955028503061,0.5017843394581106,0.38843190775283354,0.004594921402660218,0.9989737575135611,0.8319526586552979,0.7460013150227611,5-class expected score 0-1
0.28300000000000003,0.6239503468419131,0.6235929349318202,0.9989737575135611,0.7678611674554879,0.6911068122934962,0.5021470964109522,0.389213965091817,0.00532043530834341,0.9989737575135611,0.8319526586552979,0.7460013150227611,5-class expected score 0-1
0.28400000000000003,0.6239503468419131,0.6235929349318202,0.9989737575135611,0.7678611674554879,0.6911068122934962,0.5021470964109522,0.389213965091817,0.00532043530834341,0.9989737575135611,0.8319526586552979,0.7460013150227611,5-class expected score 0-1
0.28500000000000003,0.6239503468419131,0.6235929349318202,0.9989737575135611,0.7678611674554879,0.6911068122934962,0.5021470964109522,0.389213965091817,0.00532043530834341,0.9989737575135611,0.8319526586552979,0.7460013150227611,5-class expected score 0-1
0.28600000000000003,0.6239503468419131,0.6235929349318202,0.9989737575135611,0.7678611674554879,0.6911068122934962,0.5021470964109522,0.389213965091817,0.00532043530834341,0.9989737575135611,0.8319526586552979,0.7460013150227611,5-class expected score 0-1
0.28700000000000003,0.6239503468419131,0.6235929349318202,0.9989737575135611,0.7678611674554879,0.6911068122934962,0.5021470964109522,0.389213965091817,0.00532043530834341,0.9989737575135611,0.8319526586552979,0.7460013150227611,5-class expected score 0-1
0.28800000000000003,0.6239503468419131,0.6235929349318202,0.9989737575135611,0.7678611674554879,0.6911068122934962,0.5021470964109522,0.389213965091817,0.00532043530834341,0.9989737575135611,0.8319526586552979,0.7460013150227611,5-class expected score 0-1
0.289,0.6239503468419131,0.6235929349318202,0.9989737575135611,0.7678611674554879,0.6911068122934962,0.5021470964109522,0.389213965091817,0.00532043530834341,0.9989737575135611,0.8319526586552979,0.7460013150227611,5-class expected score 0-1
0.29,0.6239503468419131,0.6235929349318202,0.9989737575135611,0.7678611674554879,0.6911068122934962,0.5021470964109522,0.389213965091817,0.00532043530834341,0.9989737575135611,0.8319526586552979,0.7460013150227611,5-class expected score 0-1
0.291,0.6239503468419131,0.6235929349318202,0.9989737575135611,0.7678611674554879,0.6911068122934962,0.5021470964109522,0.389213965091817,0.00532043530834341,0.9989737575135611,0.8319526586552979,0.7460013150227611,5-class expected score 0-1
0.292,0.6239503468419131,0.6235929349318202,0.9989737575135611,0.7678611674554879,0.6911068122934962,0.5021470964109522,0.389213965091817,0.00532043530834341,0.9989737575135611,0.8319526586552979,0.7460013150227611,5-class expected score 0-1
0.293,0.6239503468419131,0.6235929349318202,0.9989737575135611,0.7678611674554879,0.6911068122934962,0.5021470964109522,0.389213965091817,0.00532043530834341,0.9989737575135611,0.8319526586552979,0.7460013150227611,5-class expected score 0-1
0.294,0.6240416210295728,0.6236500091524804,0.9989737575135611,0.7679044345523187,0.6951583379095736,0.5022680153952328,0.3894744261597128,0.005562273276904474,0.9989737575135611,0.8319526586552979,0.7460013150227611,5-class expected score 0-1
0.295,0.6242241694048923,0.6237641889417795,0.9989737575135611,0.7679909833755988,0.7025070944708898,0.5025098533637938,0.38999501172619633,0.006045949214026602,0.9989737575135611,0.8319526586552979,0.7460013150227611,5-class expected score 0-1
0.296,0.6242241694048923,0.6237641889417795,0.9989737575135611,0.7679909833755988,0.7025070944708898,0.5025098533637938,0.38999501172619633,0.006045949214026602,0.9989737575135611,0.8319526586552979,0.7460013150227611,5-class expected score 0-1
0.297,0.6242241694048923,0.6237641889417795,0.9989737575135611,0.7679909833755988,0.7025070944708898,0.5025098533637938,0.38999501172619633,0.006045949214026602,0.9989737575135611,0.8319526586552979,0.7460013150227611,5-class expected score 0-1
0.298,0.6242241694048923,0.6237641889417795,0.9989737575135611,0.7679909833755988,0.7025070944708898,0.5025098533637938,0.38999501172619633,0.006045949214026602,0.9989737575135611,0.8319526586552979,0.7460013150227611,5-class expected score 0-1
0.299,0.624315443592552,0.6238212945161585,0.9989737575135611,0.768034265103697,0.7058500411974732,0.5026307723480744,0.3902551363906201,0.006287787182587666,0.9989737575135611,0.8319526586552979,0.7460013150227611,5-class expected score 0-1
0.3,0.6244067177802117,0.6238784105475188,0.9989737575135611,0.7680775517105337,0.7089980288031712,0.5027516913323549,0.3905151490862575,0.0065296251511487305,0.9989737575135611,0.8319526586552979,0.7460013150227611,5-class expected score 0-1
0.301,0.6244067177802117,0.6238784105475188,0.9989737575135611,0.7680775517105337,0.7089980288031712,0.5027516913323549,0.3905151490862575,0.0065296251511487305,0.9989737575135611,0.8319526586552979,0.7460013150227611,5-class expected score 0-1
0.302,0.624315443592552,0.6238439703323871,0.9988271514440697,0.7680081163341225,0.6976362708804793,0.5026783882976092,0.39047887831094613,0.0065296251511487305,0.9988271514440697,0.8319526586552979,0.7460013150227611,5-class expected score 0-1
0.303,0.6244067177802117,0.6239010989010989,0.9988271514440697,0.7680514063468801,0.7008394383394383,0.5027993072818898,0.3907387216342408,0.006771463119709794,0.9988271514440697,0.8319526586552979,0.7460013150227611,5-class expected score 0-1
0.304,0.6244979919678715,0.6239582379338767,0.9988271514440697,0.7680947012401352,0.7038710108588302,0.5029202262661703,0.3909984532087541,0.007013301088270859,0.9988271514440697,0.8319526586552979,0.7460013150227611,5-class expected score 0-1
0.305,0.6245892661555312,0.6240153874335959,0.9988271514440697,0.7681380010147133,0.7067445358220611,0.5030411452504508,0.39125807311699,0.007255139056831923,0.9988271514440697,0.8319526586552979,0.7460013150227611,5-class expected score 0-1
0.306,0.6244979919678715,0.623980947146652,0.9986805453745785,0.7680685533882061,0.6966058581887107,0.5029678422157052,0.39122162695763923,0.007255139056831923,0.9986805453745785,0.8319526586552979,0.7460013150227611,5-class expected score 0-1
0.307,0.6244979919678715,0.623980947146652,0.9986805453745785,0.7680685533882061,0.6966058581887107,0.5029678422157052,0.39122162695763923,0.007255139056831923,0.9986805453745785,0.8319526586552979,0.7460013150227611,5-class expected score 0-1
0.308,0.6244979919678715,0.623980947146652,0.9986805453745785,0.7680685533882061,0.6966058581887107,0.5029678422157052,0.39122162695763923,0.007255139056831923,0.9986805453745785,0.8319526586552979,0.7460013150227611,5-class expected score 0-1
0.309,0.6245892661555312,0.6240381091975082,0.9986805453745785,0.7681118565710098,0.6995190545987542,0.5030887611999858,0.3914810779861037,0.0074969770253929865,0.9986805453745785,0.8319526586552979,0.7460013150227611,5-class expected score 0-1
0.31,0.624680540343191,0.6240952817224004,0.9986805453745785,0.7681551646368967,0.7022915433002246,0.5032096801842663,0.3917404175674905,0.007738814993954051,0.9986805453745785,0.8319526586552979,0.7460013150227611,5-class expected score 0-1
0.311,0.624680540343191,0.6241180243745991,0.9985339393050873,0.7681290177061013,0.6957799424198576,0.5032572961338012,0.3919630248894317,0.007980652962515114,0.9985339393050873,0.8319526586552979,0.7460013150227611,5-class expected score 0-1
0.312,0.6248630887185104,0.624232425992118,0.9985339393050873,0.7682156553124295,0.7010051018849479,0.5034991341023622,0.39248103339784157,0.008464328899637243,0.9985339393050873,0.8319526586552979,0.7460013150227611,5-class expected score 0-1
0.313,0.6249543629061701,0.6242896425297891,0.9985339393050873,0.768258981444927,0.7034491690909815,0.5036200530866428,0.3927398710142597,0.008706166868198308,0.9985339393050873,0.8319526586552979,0.7460013150227611,5-class expected score 0-1
0.314,0.6254107338444688,0.6245758826226502,0.9985339393050873,0.768475685433826,0.7142487256250506,0.5042246480080455,0.39403239598972717,0.009915356711003628,0.9985339393050873,0.8319526586552979,0.7460013150227611,5-class expected score 0-1
0.315,0.6255020080321285,0.6246331621423331,0.9985339393050873,0.7685190409026799,0.7161627349173204,0.504345566992326,0.39429056893474096,0.010157194679564692,0.9985339393050873,0.8319526586552979,0.7460013150227611,5-class expected score 0-1
0.316,0.6255932822197883,0.6247133290523805,0.9983873332355959,0.7685362825866155,0.7123566645261903,0.5045141019261413,0.3947693346107302,0.01064087061668682,0.9983873332355959,0.8319526586552979,0.7460013150227611,5-class expected score 0-1
0.317,0.6255932822197883,0.6247362143315901,0.9982407271661047,0.768510158013544,0.7071049492710582,0.5045617178756763,0.3949898118311995,0.010882708585247884,0.9982407271661047,0.8319526586552979,0.7460013150227611,5-class expected score 0-1
0.318,0.625684556407448,0.6247935400991007,0.9982407271661047,0.7685535301089226,0.7089484941874814,0.5046826368599568,0.39524743044916677,0.011124546553808947,0.9982407271661047,0.8319526586552979,0.7460013150227611,5-class expected score 0-1
0.319,0.6258671047827674,0.6249082232011748,0.9982407271661047,0.7686402889879776,0.7124541116005874,0.5049244748285179,0.39576233758099716,0.011608222490931077,0.9982407271661047,0.8319526586552979,0.7460013150227611,5-class expected score 0-1
0.32,0.6261409273457467,0.6250803268153861,0.9982407271661047,0.7687704640397426,0.7173020681695979,0.5052872317813595,0.3965338742304478,0.012333736396614269,0.9982407271661047,0.8319526586552979,0.7460013150227611,5-class expected score 0-1
0.321,0.6261409273457467,0.625103296299697,0.9980941210966134,0.7687443541102078,0.7125516481498485,0.5053348477308944,0.3967531294360563,0.012575574365175332,0.9980941210966134,0.8319526586552979,0.7460013150227611,5-class expected score 0-1
0.322,0.6261409273457467,0.625103296299697,0.9980941210966134,0.7687443541102078,0.7125516481498485,0.5053348477308944,0.3967531294360563,0.012575574365175332,0.9980941210966134,0.8319526586552979,0.7460013150227611,5-class expected score 0-1
0.323,0.6263234757210661,0.6252181100192855,0.9980941210966134,0.7688311688311689,0.7155941296365085,0.5055766856994555,0.3972666077378119,0.013059250302297461,0.9980941210966134,0.8319526586552979,0.7460013150227611,5-class expected score 0-1
0.324,0.6264147499087258,0.6252755326965467,0.9980941210966134,0.7688745835450901,0.7170495310541557,0.505697604683736,0.39752318280276155,0.013301088270858524,0.9980941210966134,0.8319526586552979,0.7460013150227611,5-class expected score 0-1
0.325,0.6264147499087258,0.6252755326965467,0.9980941210966134,0.7688745835450901,0.7170495310541557,0.505697604683736,0.39752318280276155,0.013301088270858524,0.9980941210966134,0.8319526586552979,0.7460013150227611,5-class expected score 0-1
0.326,0.6265060240963856,0.6253329659226601,0.9980941210966134,0.7689180031624124,0.7184635844106054,0.5058185236680165,0.3977796485840606,0.013542926239419589,0.9980941210966134,0.8319526586552979,0.7460013150227611,5-class expected score 0-1
0.327,0.6265060240963856,0.6253329659226601,0.9980941210966134,0.7689180031624124,0.7184635844106054,0.5058185236680165,0.3977796485840606,0.013542926239419589,0.9980941210966134,0.8319526586552979,0.7460013150227611,5-class expected score 0-1
0.328,0.6265060240963856,0.6253329659226601,0.9980941210966134,0.7689180031624124,0.7184635844106054,0.5058185236680165,0.3977796485840606,0.013542926239419589,0.9980941210966134,0.8319526586552979,0.7460013150227611,5-class expected score 0-1
0.329,0.6265972982840453,0.6254134509371555,0.9979475150271221,0.7689353290031065,0.7154845032463555,0.5059870586018319,0.3982542107340229,0.014026602176541718,0.9979475150271221,0.8319526586552979,0.7460013150227611,5-class expected score 0-1
0.33,0.626688572471705,0.6254709179454194,0.9979475150271221,0.7689787618617262,0.7168450480138056,0.5061079775861125,0.3985102934783916,0.01426844014510278,0.9979475150271221,0.8319526586552979,0.7460013150227611,5-class expected score 0-1
0.331,0.6267798466593647,0.6255514705882353,0.9978009089576308,0.768996101915146,0.7140915247678019,0.5062765125199279,0.3989839212971598,0.01475211608222491,0.9978009089576308,0.8319526586552979,0.7460013150227611,5-class expected score 0-1
0.332,0.6267798466593647,0.6255745541459827,0.9976543028881396,0.768969998304989,0.7102231745088887,0.5063241284694628,0.3992013532944361,0.014993954050785973,0.9976543028881396,0.8319526586552979,0.7460013150227611,5-class expected score 0-1
0.333,0.6268711208470245,0.6256320676657167,0.9976543028881396,0.7690134478472144,0.7115502110480483,0.5064450474537433,0.399456890036564,0.015235792019347038,0.9976543028881396,0.8319526586552979,0.7460013150227611,5-class expected score 0-1
0.334,0.6269623950346842,0.625689591761677,0.9976543028881396,0.7690569022998248,0.7128447958808386,0.5065659664380239,0.3997123182910749,0.015477629987908102,0.9976543028881396,0.8319526586552979,0.7460013150227611,5-class expected score 0-1
0.335,0.627053669222344,0.6257471264367817,0.9976543028881396,0.7691003616636528,0.7141081311196253,0.5066868854223043,0.3999676381373293,0.015719467956469165,0.9976543028881396,0.8319526586552979,0.7460013150227611,5-class expected score 0-1
0.336,0.627053669222344,0.6257471264367817,0.9976543028881396,0.7691003616636528,0.7141081311196253,0.5066868854223043,0.3999676381373293,0.015719467956469165,0.9976543028881396,0.8319526586552979,0.7460013150227611,5-class expected score 0-1
0.337,0.6271449434100036,0.6258046716939488,0.9976543028881396,0.7691438259395309,0.7153413602372183,0.5068078044065849,0.4002228496546125,0.015961305925030228,0.9976543028881396,0.8319526586552979,0.7460013150227611,5-class expected score 0-1
0.338,0.6272362175976633,0.6258622275360985,0.9976543028881396,0.7691872951282921,0.7165455715993746,0.5069287233908655,0.4004779529221356,0.016203143893591294,0.9976543028881396,0.8319526586552979,0.7460013150227611,5-class expected score 0-1
0.339,0.6275100401606426,0.6260349586016559,0.9976543028881396,0.7693177321802046,0.7199942234868745,0.5072914803437071,0.4012426140171338,0.016928657799274487,0.9976543028881396,0.8319526586552979,0.7460013150227611,5-class expected score 0-1
0.34,0.6279664110989412,0.626323055683387,0.9976543028881396,0.7695352256021712,0.7252494399296056,0.5078960752651097,0.4025148915516772,0.018137847642079808,0.9976543028881396,0.8319526586552979,0.7460013150227611,5-class expected score 0-1
0.341,0.6282402336619204,0.6264960412447064,0.9976543028881396,0.7696657806933213,0.7281416376436298,0.5082588322179513,0.40327696696051735,0.018863361547763,0.9976543028881396,0.8319526586552979,0.7460013150227611,5-class expected score 0-1
0.342,0.6284227820372399,0.6266114180478821,0.9976543028881396,0.7697528420338217,0.7299723756906078,0.5085006701865123,0.40378448057729843,0.019347037484885126,0.9976543028881396,0.8319526586552979,0.7460013150227611,5-class expected score 0-1
0.343,0.6285140562248996,0.6266691223869602,0.9976543028881396,0.7697963800904978,0.7308603343893564,0.5086215891707929,0.4040380766236988,0.019588875453446192,0.9976543028881396,0.8319526586552979,0.7460013150227611,5-class expected score 0-1
0.34400000000000003,0.628696604600219,0.6267845629547757,0.9976543028881396,0.7698834709808802,0.7325842006693071,0.508863427139354,0.40454494758302395,0.020072551390568318,0.9976543028881396,0.8319526586552979,0.7460013150227611,5-class expected score 0-1
0.34500000000000003,0.6287878787878788,0.6268422991893884,0.9976543028881396,0.7699270238162584,0.7334211495946942,0.5089843461236345,0.4047982226519309,0.020314389359129385,0.9976543028881396,0.8319526586552979,0.7460013150227611,5-class expected score 0-1
0.34600000000000003,0.6288791529755385,0.6269234313093154,0.9975076968186483,0.7699445513183207,0.7309374438099975,0.5091528810574499,0.4052648665038985,0.02079806529625151,0.9975076968186483,0.8319526586552979,0.7460013150227611,5-class expected score 0-1
0.34700000000000003,0.6288791529755385,0.626970227670753,0.9972144846796658,0.7698924731182796,0.7247000671064046,0.5092481129565197,0.40569116819516055,0.02128174123337364,0.9972144846796658,0.8319526586552979,0.7460013150227611,5-class expected score 0-1
0.34800000000000003,0.6289704271631983,0.62702802359882,0.9972144846796658,0.7699360461825797,0.725551048836447,0.5093690319408002,0.40594374781436315,0.021523579201934703,0.9972144846796658,0.8319526586552979,0.7460013150227611,5-class expected score 0-1
0.34900000000000003,0.6291529755385177,0.6271436474276231,0.9972144846796658,0.7700232071092998,0.7272081873501752,0.5096108699093613,0.406448588242518,0.022007255139056832,0.9972144846796658,0.8319526586552979,0.7460013150227611,5-class expected score 0-1
0.35000000000000003,0.6293355239138372,0.6272827891532927,0.9970678786101744,0.7700843571307252,0.7259220963310323,0.5099003238274572,0.40716503100122986,0.022732769044740024,0.9970678786101744,0.8319526586552979,0.7460013150227611,5-class expected score 0-1
0.35100000000000003,0.6295180722891566,0.6274220335855324,0.9969212725406832,0.7701455348547482,0.7247279659453085,0.5101897777455532,0.407880197476751,0.023458282950423216,0.9969212725406832,0.8319526586552979,0.7460013150227611,5-class expected score 0-1
0.352,0.6297006206644761,0.6275378368401624,0.9969212725406832,0.7702327688735345,0.7262689184200812,0.5104316157141142,0.4083831294426427,0.023941958887545346,0.9969212725406832,0.8319526586552979,0.7460013150227611,5-class expected score 0-1
0.353,0.6296093464768163,0.6275034610059991,0.996774666471192,0.770163117353874,0.7228426395939087,0.5103583126793686,0.40834283687242573,0.023941958887545346,0.996774666471192,0.8319526586552979,0.7460013150227611,5-class expected score 0-1
0.354,0.6295180722891566,0.6274690788259184,0.9966280604017006,0.7700934579439253,0.719472244330992,0.510285009644623,0.408302542925451,0.023941958887545346,0.9966280604017006,0.8319526586552979,0.7460013150227611,5-class expected score 0-1
0.355,0.6296093464768163,0.6275270008307948,0.9966280604017006,0.77013707941543,0.7202675654560478,0.5104059286289035,0.4085537440289926,0.02418379685610641,0.9966280604017006,0.8319526586552979,0.7460013150227611,5-class expected score 0-1
0.356,0.6298831690397956,0.6277008310249308,0.9966280604017006,0.7702679734859215,0.7225805742426241,0.5107686855817452,0.4093067161492034,0.0249093107617896,0.9966280604017006,0.8319526586552979,0.7460013150227611,5-class expected score 0-1
0.357,0.6301569916027747,0.627874757550568,0.9966280604017006,0.7703989120580236,0.7247900919535786,0.5111314425345866,0.4100587430834208,0.025634824667472793,0.9966280604017006,0.8319526586552979,0.7460013150227611,5-class expected score 0-1
0.358,0.630430814165754,0.6280487804878049,0.9966280604017006,0.7705298951544347,0.7269031781226903,0.5114941994874282,0.4108098268835215,0.026360338573155985,0.9966280604017006,0.8319526586552979,0.7460013150227611,5-class expected score 0-1
0.359,0.6305220883534136,0.6281304870159874,0.9964814543322094,0.7705475569663304,0.7251763546191048,0.5116627344212438,0.4112690946424158,0.026844014510278114,0.9964814543322094,0.8319526586552979,0.7460013150227611,5-class expected score 0-1
0.36,0.6305220883534136,0.6281541732137905,0.9963348482627181,0.7705215419501134,0.7228362106944866,0.5117103503707786,0.41147799943947616,0.027085852478839177,0.9963348482627181,0.8319526586552979,0.7460013150227611,5-class expected score 0-1
0.361,0.6305220883534136,0.6281541732137905,0.9963348482627181,0.7705215419501134,0.7228362106944866,0.5117103503707786,0.41147799943947616,0.027085852478839177,0.9963348482627181,0.8319526586552979,0.7460013150227611,5-class expected score 0-1
0.362,0.6305220883534136,0.6281541732137905,0.9963348482627181,0.7705215419501134,0.7228362106944866,0.5117103503707786,0.41147799943947616,0.027085852478839177,0.9963348482627181,0.8319526586552979,0.7460013150227611,5-class expected score 0-1
0.363,0.6307959109163929,0.6283521361198446,0.9961882421932268,0.7706265948398072,0.7226267722852744,0.512120723273155,0.41243511177576053,0.028053204353083436,0.9961882421932268,0.8319526586552979,0.7460013150227611,5-class expected score 0-1
0.364,0.6307959109163929,0.6283758786533481,0.9960416361237355,0.7706005784608405,0.720437939326674,0.51216833922269,0.41264312634189493,0.0282950423216445,0.9960416361237355,0.8319526586552979,0.7460013150227611,5-class expected score 0-1
0.365,0.6308871851040526,0.6284577666759182,0.9958950300542443,0.7706182643221781,0.7189907880998638,0.5123368741565054,0.41309988414614274,0.028778718258766628,0.9958950300542443,0.8319526586552979,0.7460013150227611,5-class expected score 0-1
0.366,0.6309784592917123,0.6285159141376758,0.9958950300542443,0.7706619774235635,0.7196633624742433,0.512457793140786,0.4133487332833437,0.02902055622732769,0.9958950300542443,0.8319526586552979,0.7460013150227611,5-class expected score 0-1
0.367,0.631069733479372,0.6285978713558538,0.9957484239847529,0.7706796777487802,0.7182724456117018,0.5126263280746014,0.41380460788978907,0.02950423216444982,0.9957484239847529,0.8319526586552979,0.7460013150227611,5-class expected score 0-1
0.368,0.6309784592917123,0.6285634950018512,0.9956018179152617,0.7706099290780142,0.7155975369746098,0.5125530250398558,0.4137630937669054,0.02950423216444982,0.9956018179152617,0.8319526586552979,0.7460013150227611,5-class expected score 0-1
0.369,0.6308871851040526,0.628529112283625,0.9954552118457705,0.7705401724920563,0.7129573665993288,0.5124797220051102,0.4137215787833416,0.02950423216444982,0.9954552118457705,0.8319526586552979,0.7460013150227611,5-class expected score 0-1
0.37,0.6309784592917123,0.628634932394888,0.9951619997067879,0.7705318122481412,0.7098870864506086,0.5126958728884604,0.41438307360601795,0.030229746070133012,0.9951619997067879,0.8319526586552979,0.7460013150227611,5-class expected score 0-1
0.371,0.6311610076670318,0.628775245506763,0.9950153936372966,0.7705932443939824,0.7094493511484432,0.5129853268065564,0.41508484653955574,0.030955259975816204,0.9950153936372966,0.8319526586552979,0.7460013150227611,5-class expected score 0-1
0.372,0.6314348302300109,0.6289500509683996,0.9950153936372966,0.7707245060186236,0.7114447224538968,0.513348083759398,0.4158273692883816,0.0316807738814994,0.9950153936372966,0.8319526586552979,0.7460013150227611,5-class expected score 0-1
0.373,0.6313435560423513,0.6289156626506024,0.9948687875678053,0.7706547044460849,0.7090361445783133,0.5132747807246524,0.4157853852386202,0.0316807738814994,0.9948687875678053,0.8319526586552979,0.7460013150227611,5-class expected score 0-1
0.374,0.6311610076670318,0.6288707583905062,0.9944289693593314,0.7704890100528199,0.7026706733129002,0.513175790604696,0.4159065259323333,0.031922611850060456,0.9944289693593314,0.8319526586552979,0.7460013150227611,5-class expected score 0-1
0.375,0.6314348302300109,0.6290457201149958,0.9944289693593314,0.7706203135650989,0.7046962704621222,0.5135385475575376,0.41664720413630985,0.032648125755743655,0.9944289693593314,0.8319526586552979,0.7460013150227611,5-class expected score 0-1
0.376,0.6315261044176707,0.6291040623260991,0.9944289693593314,0.7706640913480657,0.705356628864199,0.513659466541818,0.4168938929703893,0.032889963724304715,0.9944289693593314,0.8319526586552979,0.7460013150227611,5-class expected score 0-1
0.377,0.6318912011683097,0.6293615441722346,0.9942823632898402,0.770813206796613,0.7063474387527839,0.5141907584284752,0.4180833125524201,0.03409915356711004,0.9942823632898402,0.8319526586552979,0.7460013150227611,5-class expected score 0-1
0.378,0.6322562979189486,0.629595246936502,0.9942823632898402,0.7709884613198431,0.7088193625986858,0.5146744343655972,0.41906681690673797,0.03506650544135429,0.9942823632898402,0.8319526586552979,0.7460013150227611,5-class expected score 0-1
0.379,0.6322562979189486,0.6296433878157504,0.9939891511508576,0.7709363806924783,0.7057791407163858,0.514769666264667,0.4194723541213953,0.035550181378476424,0.9939891511508576,0.8319526586552979,0.7460013150227611,5-class expected score 0-1
0.38,0.6325301204819277,0.6298188574082675,0.9939891511508576,0.7710678949164108,0.7075795857721966,0.5151324232175086,0.4202080112584828,0.036275695284159616,0.9939891511508576,0.8319526586552979,0.7460013150227611,5-class expected score 0-1
0.381,0.6326213946695874,0.6298773690078038,0.9939891511508576,0.7711117429627523,0.7081678511705686,0.5152533422017892,0.4204530288652449,0.036517533252720676,0.9939891511508576,0.8319526586552979,0.7460013150227611,5-class expected score 0-1
0.382,0.632803943044907,0.6300185873605948,0.9938425450813664,0.7711734258574597,0.7078664365374403,0.5155427961198851,0.42114432087146825,0.03724304715840387,0.9938425450813664,0.8319526586552979,0.7460013150227611,5-class expected score 0-1
0.383,0.6328952172325666,0.6301013293669239,0.9936959390118751,0.7711912618045283,0.7070104636784368,0.5157113310537006,0.42159009329266567,0.037726723095526,0.9936959390118751,0.8319526586552979,0.7460013150227611,5-class expected score 0-1
0.384,0.6330777656078861,0.6302669519114501,0.9934027268728925,0.7712269519690417,0.7053773783947495,0.5160484009213314,0.42247983543152545,0.03869407496977025,0.9934027268728925,0.8319526586552979,0.7460013150227611,5-class expected score 0-1
0.385,0.6329864914202263,0.6302810348036478,0.9929629086644187,0.7711049126202539,0.7008548031161097,0.5160703297856556,0.42283669106271615,0.039177750906892385,0.9929629086644187,0.8319526586552979,0.7460013150227611,5-class expected score 0-1
0.386,0.6331690397955458,0.6304469273743016,0.9926696965254361,0.7711405956380616,0.69948272294641,0.5164073996532864,0.42372244675031095,0.040145102781136636,0.9926696965254361,0.8319526586552979,0.7460013150227611,5-class expected score 0-1
0.387,0.6337166849215042,0.630799329234209,0.9926696965254361,0.7714041583594418,0.7027870520044919,0.5171329135589696,0.4251787833339554,0.04159613059250302,0.9926696965254361,0.8319526586552979,0.7460013150227611,5-class expected score 0-1
0.388,0.6338992332968236,0.6309168840849795,0.9926696965254361,0.7714920526405743,0.703851299185347,0.5173747515275307,0.42566343857080335,0.042079806529625154,0.9926696965254361,0.8319526586552979,0.7460013150227611,5-class expected score 0-1
0.389,0.6339905074844834,0.6310245175724807,0.9923764843864537,0.771483929792569,0.7019751408823103,0.517590902410881,0.4263010849696117,0.042805320435308346,0.9923764843864537,0.8319526586552979,0.7460013150227611,5-class expected score 0-1
0.39,0.6341730558598029,0.6311421911421912,0.9923764843864537,0.7715718682320757,0.703016983016983,0.517832740379442,0.4267845598604263,0.04328899637243047,0.9923764843864537,0.8319526586552979,0.7460013150227611,5-class expected score 0-1
0.391,0.634446878422782,0.6313432835820896,0.9922298783169623,0.7716777834787071,0.7033835061978244,0.5182431132818185,0.4277057414304997,0.04425634824667473,0.9922298783169623,0.8319526586552979,0.7460013150227611,5-class expected score 0-1
0.392,0.6343556042351223,0.6313333955397966,0.9919366661779798,0.771581708290569,0.7006039362636222,0.5182174261966078,0.4278576122614254,0.04449818621523579,0.9919366661779798,0.8319526586552979,0.7460013150227611,5-class expected score 0-1
0.393,0.634446878422782,0.6313923105636432,0.9919366661779798,0.7716257056509095,0.7011128219484883,0.5183383451808883,0.428098567111169,0.044740024183796856,0.9919366661779798,0.8319526586552979,0.7460013150227611,5-class expected score 0-1
0.394,0.6343556042351223,0.6313824325585737,0.9916434540389972,0.7715295996349949,0.6984072656620028,0.5183126580956776,0.4282499528554143,0.04498186215235792,0.9916434540389972,0.8319526586552979,0.7460013150227611,5-class expected score 0-1
0.395,0.6350857977364002,0.6318542737038767,0.9916434540389972,0.7718817756476093,0.7023813201188707,0.5192800099699219,0.4301725339706355,0.04691656590084643,0.9916434540389972,0.8319526586552979,0.7460013150227611,5-class expected score 0-1
0.396,0.6352683461117196,0.63197234420256,0.9916434540389972,0.7719698698927185,0.7033379507574065,0.5195218479384829,0.43065220933104476,0.04740024183796856,0.9916434540389972,0.8319526586552979,0.7460013150227611,5-class expected score 0-1
0.397,0.6355421686746988,0.6321742381753599,0.991496847969506,0.7720760317369713,0.7036840183124862,0.5199322208408594,0.43156499060101466,0.04836759371221282,0.991496847969506,0.8319526586552979,0.7460013150227611,5-class expected score 0-1
0.398,0.6355421686746988,0.6321989528795812,0.9913502419000146,0.7720500085631101,0.7026379379782521,0.5199798367903943,0.4317587926774595,0.04860943168077388,0.9913502419000146,0.8319526586552979,0.7460013150227611,5-class expected score 0-1
0.399,0.635815991237678,0.6324010850247872,0.9912036358305234,0.7721562357240749,0.7029929953425823,0.5203902096927707,0.4326690269529465,0.049576783555018135,0.9912036358305234,0.8319526586552979,0.7460013150227611,5-class expected score 0-1
0.4,0.6359072654253377,0.6324850299401198,0.9910570297610322,0.7721743103546748,0.7024365448208061,0.5205587446265862,0.4331005551319138,0.05006045949214027,0.9910570297610322,0.8319526586552979,0.7460013150227611,5-class expected score 0-1
0.401,0.635815991237678,0.6324754328497895,0.9907638176220496,0.7720781446361248,0.7000015540632711,0.5205330575413755,0.4332474245649984,0.05030229746070133,0.9907638176220496,0.8319526586552979,0.7460013150227611,5-class expected score 0-1
0.402,0.6362723621759766,0.6327964038209403,0.9906172115525583,0.772272701297217,0.7012902882414054,0.521185268412313,0.43462943925046665,0.05175332527206771,0.9906172115525583,0.8319526586552979,0.7460013150227611,5-class expected score 0-1
0.403,0.6363636363636364,0.6328556710686523,0.9906172115525583,0.7723168362098526,0.701732495032534,0.5213061873965935,0.4348670723867568,0.05199516324062878,0.9906172115525583,0.8319526586552979,0.7460013150227611,5-class expected score 0-1
0.404,0.6366374589266156,0.6330584707646177,0.990470605483067,0.7724232550162923,0.702092615663999,0.52171656029897,0.4357703512012894,0.052962515114873036,0.990470605483067,0.8319526586552979,0.7460013150227611,5-class expected score 0-1
0.405,0.6369112814895947,0.633261460579357,0.9903239994135757,0.7725297346752058,0.7024438790786058,0.5221269332013465,0.43667173894700617,0.05392986698911729,0.9903239994135757,0.8319526586552979,0.7460013150227611,5-class expected score 0-1
0.406,0.6372763782402336,0.6335240596566927,0.9901773933440845,0.7726804713419517,0.703202707794448,0.5226582250880035,0.43780750429400067,0.05513905683192261,0.9901773933440845,0.8319526586552979,0.7460013150227611,5-class expected score 0-1
0.40700000000000003,0.6377327491785323,0.6338213213213213,0.9901773933440845,0.7729015277221492,0.705243993993994,0.5232628200094063,0.4389874042218412,0.05634824667472793,0.9901773933440845,0.8319526586552979,0.7460013150227611,5-class expected score 0-1
0.40800000000000003,0.6380978459291712,0.6341096919609316,0.9898841812051019,0.7730265040929647,0.7050418589674787,0.5238417278455981,0.44030573460331335,0.057799274486094315,0.9898841812051019,0.8319526586552979,0.7460013150227611,5-class expected score 0-1
0.40900000000000003,0.6386454910551296,0.6344672054125164,0.9898841812051019,0.7732921033041287,0.7073609912412901,0.5245672417512813,0.44171460638346466,0.0592503022974607,0.9898841812051019,0.8319526586552979,0.7460013150227611,5-class expected score 0-1
0.41000000000000003,0.6387367652427893,0.634526830185133,0.9898841812051019,0.7733363875844691,0.707739605568757,0.5246881607355618,0.441949092668639,0.059492140266021766,0.9898841812051019,0.8319526586552979,0.7460013150227611,5-class expected score 0-1
0.41100000000000003,0.6391018619934282,0.6347907851433945,0.9897375751356106,0.773487626031164,0.7083611246589246,0.5252194526222188,0.4430723587965515,0.060701330108827084,0.9897375751356106,0.8319526586552979,0.7460013150227611,5-class expected score 0-1
0.41200000000000003,0.6393756845564075,0.6349699021820918,0.9897375751356106,0.7736205809889417,0.7094602597330213,0.5255822095750604,0.4437737352130176,0.061426844014510276,0.9897375751356106,0.8319526586552979,0.7460013150227611,5-class expected score 0-1
0.41300000000000003,0.6400146038700255,0.6353882352941177,0.9897375751356106,0.7739309870457411,0.7119539363781766,0.5264286424650242,0.44540705196442903,0.06311970979443772,0.9897375751356106,0.8319526586552979,0.7460013150227611,5-class expected score 0-1
0.41400000000000003,0.6406535231836437,0.6358071199849312,0.9897375751356106,0.7742416422960032,0.7143532641344774,0.5272750753549879,0.4470358669785404,0.06481257557436518,0.9897375751356106,0.8319526586552979,0.7460013150227611,5-class expected score 0-1
0.41500000000000004,0.6409273457466228,0.636012437576557,0.9895909690661193,0.7743489732706206,0.714507676514226,0.5276854482573644,0.4479158890471013,0.06577992744860943,0.9895909690661193,0.8319526586552979,0.7460013150227611,5-class expected score 0-1
0.41600000000000004,0.6410186199342826,0.6361750282912109,0.9890045447881542,0.7742898134863702,0.7115534232365146,0.5279968310397845,0.44887880467053076,0.06698911729141475,0.9890045447881542,0.8319526586552979,0.7460013150227611,5-class expected score 0-1
0.417,0.6410186199342826,0.6362264150943396,0.9887113326491717,0.7742379886344067,0.7099671401314395,0.5280920629388542,0.44924324281419736,0.06747279322853689,0.9887113326491717,0.8319526586552979,0.7460013150227611,5-class expected score 0-1
0.418,0.6413837166849216,0.6365181268882175,0.9884181205101891,0.7743639809337851,0.7097425799276252,0.5286709707750462,0.45052940100256716,0.06892382103990327,0.9884181205101891,0.8319526586552979,0.7460013150227611,5-class expected score 0-1
0.419,0.6422051843738591,0.6370853416501275,0.9882715144406978,0.7747385358004827,0.7118760041583971,0.5298068575831059,0.4527794674567824,0.07134220072551391,0.9882715144406978,0.8319526586552979,0.7460013150227611,5-class expected score 0-1
0.42,0.6423877327491785,0.63725768321513,0.9879783023017152,0.7747758105311566,0.7110172930511345,0.5301439274507367,0.4535969398094224,0.07230955259975816,0.9879783023017152,0.8319526586552979,0.7460013150227611,5-class expected score 0-1
0.421,0.6422964585615188,0.6373012869038607,0.9873918780237502,0.7746276381620565,0.7078259011838891,0.5302134722645958,0.4540836621055695,0.07303506650544135,0.9873918780237502,0.8319526586552979,0.7460013150227611,5-class expected score 0-1
0.422,0.642570281124498,0.6375343244010984,0.9870986658847676,0.7747094695662179,0.7073747571372581,0.5306714611165071,0.4551251542091575,0.07424425634824668,0.9870986658847676,0.8319526586552979,0.7460013150227611,5-class expected score 0-1
0.423,0.6426615553121577,0.637646835922698,0.9868054537457851,0.7747021925533751,0.706323417961349,0.5308876119998575,0.4557083178863899,0.07496977025392987,0.9868054537457851,0.8319526586552979,0.7460013150227611,5-class expected score 0-1
0.424,0.6428441036874771,0.6378460371634433,0.9863656355373113,0.7747135701537221,0.7049524303464276,0.5312722978170232,0.4566942272956592,0.0761789600967352,0.9863656355373113,0.8319526586552979,0.7460013150227611,5-class expected score 0-1
0.425,0.6430266520627966,0.6380193511667616,0.9860724233983287,0.7747509071013073,0.7042753760664726,0.531609367684654,0.4575007558148876,0.07714631197097944,0.9860724233983287,0.8319526586552979,0.7460013150227611,5-class expected score 0-1
0.426,0.6436655713764148,0.6384958693381445,0.9857792112593461,0.7750115260488705,0.7051302876102488,0.5325510324736875,0.45943558758583875,0.07932285368802902,0.9857792112593461,0.8319526586552979,0.7460013150227611,5-class expected score 0-1
0.427,0.6437568455640745,0.6386354998099582,0.9853393930508723,0.7749783799365811,0.7035770091642384,0.5328147993065727,0.4601846136599919,0.08029020556227327,0.9853393930508723,0.8319526586552979,0.7460013150227611,5-class expected score 0-1
0.428,0.6440306681270537,0.6388176028894592,0.9853393930508723,0.775112443778111,0.7044662727090973,0.5331775562594143,0.4608603794382896,0.08101571946795647,0.9853393930508723,0.8319526586552979,0.7460013150227611,5-class expected score 0-1
0.429,0.6444870390653523,0.6391742770167428,0.9850461809118898,0.7752841400796169,0.7047222736435066,0.5338773830798869,0.4623308667203064,0.08270858524788392,0.9850461809118898,0.8319526586552979,0.7460013150227611,5-class expected score 0-1
0.43,0.6447608616283315,0.6393567418403273,0.9850461809118898,0.7754183496826312,0.70558441118862,0.5342401400327285,0.46300380600674557,0.08343409915356712,0.9850461809118898,0.8319526586552979,0.7460013150227611,5-class expected score 0-1
0.431,0.6455823293172691,0.6399847531923004,0.984606362703416,0.7757435749350274,0.7063560129597866,0.5354712587398579,0.4655311305173288,0.08633615477629988,0.984606362703416,0.8319526586552979,0.7460013150227611,5-class expected score 0-1
0.432,0.6460387002555678,0.640343347639485,0.9843131505644334,0.77591586732925,0.7065835634163455,0.5361710855603303,0.4669852892877253,0.08802902055622733,0.9843131505644334,0.8319526586552979,0.7460013150227611,5-class expected score 0-1
0.433,0.646951442132165,0.6410084996657435,0.9840199384254508,0.7763127457783946,0.7081331158122532,0.5374755073022054,0.4695416542744787,0.0909310761789601,0.9840199384254508,0.8319526586552979,0.7460013150227611,5-class expected score 0-1
0.434,0.6473165388828039,0.6413344804511997,0.9835801202169769,0.776414766809397,0.7075359270942867,0.5381020310879322,0.47092876569411535,0.09262394195888754,0.9835801202169769,0.8319526586552979,0.7460013150227611,5-class expected score 0-1
0.435,0.6475903614457831,0.6415455241009946,0.9834335141474857,0.7765237020316027,0.7077727620504973,0.5385124039903088,0.4717569966468693,0.0935912938331318,0.9834335141474857,0.8319526586552979,0.7460013150227611,5-class expected score 0-1
0.436,0.6479554581964221,0.6418453292496171,0.9831403020085031,0.7766518038102959,0.7077336882468558,0.5390913118265006,0.4729694513343963,0.09504232164449819,0.9831403020085031,0.8319526586552979,0.7460013150227611,5-class expected score 0-1
0.437,0.6482292807594012,0.64211131334419,0.9827004838000293,0.7767091541135573,0.7069357340415341,0.539596916627947,0.47412413853571245,0.09649334945586457,0.9827004838000293,0.8319526586552979,0.7460013150227611,5-class expected score 0-1
0.438,0.6486856516976999,0.6424463190184049,0.982553877730538,0.7769083637628239,0.7076735411885917,0.5402491274988845,0.4753827073160546,0.09794437726723096,0.982553877730538,0.8319526586552979,0.7460013150227611,5-class expected score 0-1
0.439,0.6491420226359985,0.6428091720234098,0.9822606655915554,0.7770818835536999,0.7078961432349695,0.540948954319357,0.47680143877770687,0.0996372430471584,0.9822606655915554,0.8319526586552979,0.7460013150227611,5-class expected score 0-1
0.44,0.6492332968236583,0.6429806030343768,0.9816742413135904,0.7770234986945169,0.7061766483806571,0.541260337101777,0.4776714671150583,0.10084643288996373,0.9816742413135904,0.8319526586552979,0.7460013150227611,5-class expected score 0-1
0.441,0.6492332968236583,0.6431180315263361,0.980941210966134,0.7768940493468796,0.7038053925747623,0.5414984168494515,0.4784832952089636,0.10205562273276904,0.980941210966134,0.8319526586552979,0.7460013150227611,5-class expected score 0-1
0.442,0.6491420226359985,0.6431938431938432,0.9802081806186776,0.7767193308550185,0.7012760659819484,0.5416155776128455,0.4790751679828755,0.1030229746070133,0.9802081806186776,0.8319526586552979,0.7460013150227611,5-class expected score 0-1
0.443,0.6492332968236583,0.6433660697092239,0.9796217563407125,0.7766606613587493,0.6997532102932085,0.5419269603952656,0.47993500655610155,0.10423216444981862,0.9796217563407125,0.8319526586552979,0.7460013150227611,5-class expected score 0-1
0.444,0.6495071193866374,0.6436349619350487,0.9791819381322386,0.7767182230491918,0.6991922650780598,0.5424325651967118,0.4810616995602344,0.105683192261185,0.9791819381322386,0.8319526586552979,0.7460013150227611,5-class expected score 0-1
0.445,0.6500547645125958,0.6440073281265066,0.9791819381322386,0.7769892973476036,0.7006361426957319,0.543158079102395,0.4823505808771916,0.10713422007255138,0.9791819381322386,0.8319526586552979,0.7460013150227611,5-class expected score 0-1
0.446,0.6506024096385542,0.6443801254220936,0.9791819381322386,0.7772605609216804,0.7020546989208607,0.5438835930080782,0.48363662832372634,0.10858524788391777,0.9791819381322386,0.8319526586552979,0.7460013150227611,5-class expected score 0-1
0.447,0.6512413289521723,0.6448715472281243,0.9788887259932562,0.7775254730713246,0.7028344447104077,0.5448252577971118,0.4854484025690167,0.11076178960096736,0.9788887259932562,0.8319526586552979,0.7460013150227611,5-class expected score 0-1
0.448,0.6518802482657904,0.6453078186914082,0.9788887259932562,0.7778424976700838,0.7044273083604824,0.5456716906870754,0.4869397985820908,0.1124546553808948,0.9788887259932562,0.8319526586552979,0.7460013150227611,5-class expected score 0-1
0.449,0.6513326031398321,0.6451300899506722,0.9778624835068171,0.7773892773892774,0.7001987564826295,0.5452794884281364,0.4867586117586118,0.11269649334945586,0.9778624835068171,0.8319526586552979,0.7460013150227611,5-class expected score 0-1
0.45,0.6516064257028112,0.6453173374613003,0.9778624835068171,0.7775252083697616,0.700884475182263,0.545642245380978,0.4873956220608009,0.11342200725513905,0.9778624835068171,0.8319526586552979,0.7460013150227611,5-class expected score 0-1
0.451,0.6518802482657904,0.6455892321100029,0.9774226652983433,0.7775833916491719,0.7003780818737614,0.5461478501824244,0.4884978251276926,0.11487303506650544,0.9774226652983433,0.8319526586552979,0.7460013150227611,5-class expected score 0-1
0.452,0.6520627966411099,0.6457707586474178,0.9771294531593608,0.7776222144440555,0.7000507336544175,0.5464849200500552,0.4892303944337678,0.1158403869407497,0.9771294531593608,0.8319526586552979,0.7460013150227611,5-class expected score 0-1
0.453,0.6525191675794085,0.6461120806670545,0.9769828470898695,0.7778231689524365,0.7007818970313466,0.5471371309209928,0.49043974022250253,0.11729141475211609,0.9769828470898695,0.8319526586552979,0.7460013150227611,5-class expected score 0-1
0.454,0.6529755385177072,0.6465107250315442,0.9765430288813957,0.777972436346648,0.700743877064011,0.5478845736910001,0.49195196587591383,0.11922611850060459,0.9765430288813957,0.8319526586552979,0.7460013150227611,5-class expected score 0-1
0.455,0.6532493610806864,0.646727519906778,0.9763964228119044,0.778082831941118,0.7010233344214741,0.5482949465933766,0.49273430142851854,0.12019347037484886,0.9763964228119044,0.8319526586552979,0.7460013150227611,5-class expected score 0-1
0.456,0.6532493610806864,0.6468130586863583,0.9759566046034306,0.7780050254192719,0.6999125534395647,0.5484377944419814,0.4931908852872563,0.12091898428053205,0.9759566046034306,0.8319526586552979,0.7460013150227611,5-class expected score 0-1
0.457,0.6537057320189851,0.6471846737333463,0.975663392464448,0.7781805425631432,0.7002639564803432,0.5491376212624537,0.49453952252949174,0.12261185006045949,0.975663392464448,0.8319526586552979,0.7460013150227611,5-class expected score 0-1
0.458,0.6534319094560058,0.6471676075530465,0.9747837560475003,0.7778882714243931,0.6974840970316551,0.5490605600068215,0.49481916166195783,0.12333736396614269,0.9747837560475003,0.8319526586552979,0.7460013150227611,5-class expected score 0-1
0.459,0.6537970062066447,0.6475058456742011,0.9743439378390265,0.7779923909862453,0.6973078361318983,0.5496870837925483,0.4961020583478979,0.12503022974607014,0.9743439378390265,0.8319526586552979,0.7460013150227611,5-class expected score 0-1
0.46,0.6539795545819642,0.6477184087363494,0.9739041196305527,0.7780055044797095,0.6967163472253175,0.550071769609714,0.49696552369797264,0.12623941958887544,0.9739041196305527,0.8319526586552979,0.7460013150227611,5-class expected score 0-1
0.461,0.6541621029572837,0.6479024390243903,0.9736109074915702,0.7780446371038603,0.6964724659711187,0.550408839477345,0.49767755507331,0.1272067714631197,0.9736109074915702,0.8319526586552979,0.7460013150227611,5-class expected score 0-1
0.462,0.6551661190215408,0.6486565705911089,0.9733176953525876,0.7784943714821764,0.6981146930625448,0.5518341802035006,0.5002438908481722,0.13035066505441353,0.9733176953525876,0.8319526586552979,0.7460013150227611,5-class expected score 0-1
0.463,0.655713764147499,0.6490953545232274,0.973024483213605,0.7787164144080723,0.698692684101559,0.5526549260082535,0.5017708664724291,0.13228536880290206,0.973024483213605,0.8319526586552979,0.7460013150227611,5-class expected score 0-1
0.464,0.6559875867104783,0.6493442943824623,0.9727312710746225,0.7788015728622572,0.6986558870286295,0.553112914860165,0.5026780283765421,0.1334945586457074,0.9727312710746225,0.8319526586552979,0.7460013150227611,5-class expected score 0-1
0.465,0.6559875867104783,0.6494320407363886,0.9722914528661487,0.7787236540832502,0.6976998913359362,0.5532557627087696,0.503114645242076,0.13422007255139057,0.9722914528661487,0.8319526586552979,0.7460013150227611,5-class expected score 0-1
0.466,0.6569003285870756,0.6500980392156863,0.9721448467966574,0.7791551612713706,0.6993876439464675,0.5545125685011099,0.505300336718286,0.13688029020556228,0.9721448467966574,0.8319526586552979,0.7460013150227611,5-class expected score 0-1
0.467,0.6576305220883534,0.6507266300078555,0.9715584225186923,0.7794178182887386,0.6997156466101453,0.5556703841734937,0.5074998200879193,0.13978234582829505,0.9715584225186923,0.8319526586552979,0.7460013150227611,5-class expected score 0-1
0.468,0.6578130704636729,0.6510027526543453,0.9708253921712359,0.7793797446007179,0.6985881110210501,0.5561503018897291,0.508616483400176,0.1414752116082225,0.9708253921712359,0.8319526586552979,0.7460013150227611,5-class expected score 0-1
0.46900000000000003,0.658451989777291,0.6515405059553105,0.970385573962762,0.77962308598351,0.6990450334042551,0.5571395826282975,0.5104522566981622,0.14389359129383314,0.970385573962762,0.8319526586552979,0.7460013150227611,5-class expected score 0-1
0.47000000000000003,0.6589996349032493,0.6520753228827763,0.9696525436153057,0.7797689224239566,0.6987313883786574,0.5581031762816553,0.5123581879702644,0.14655380894800485,0.9696525436153057,0.8319526586552979,0.7460013150227611,5-class expected score 0-1
0.47100000000000003,0.6592734574662286,0.6523583974738504,0.9692127254068318,0.7798289590091418,0.698441972459553,0.5586087810831015,0.5133762507371713,0.14800483675937123,0.9692127254068318,0.8319526586552979,0.7460013150227611,5-class expected score 0-1
0.47200000000000003,0.6597298284045272,0.6527407407407407,0.9689195132678493,0.780007081317125,0.6988132103222355,0.559308607903574,0.5146511443637578,0.14969770253929868,0.9689195132678493,0.8319526586552979,0.7460013150227611,5-class expected score 0-1
0.47300000000000003,0.6600949251551661,0.6530289554303785,0.968772907198358,0.7801652892561983,0.6992743343460137,0.559839899790231,0.5155854603964016,0.150906892382104,0.968772907198358,0.8319526586552979,0.7460013150227611,5-class expected score 0-1
0.47400000000000003,0.6603687477181454,0.6534349633735894,0.9677466647119191,0.7801217278260356,0.6979118610778954,0.5605359683898168,0.5171404389781611,0.15332527206771462,0.9677466647119191,0.8319526586552979,0.7460013150227611,5-class expected score 0-1
0.47500000000000003,0.6609163928441036,0.6539758080507634,0.9670136343644626,0.78026852782871,0.6976775591977955,0.5614995620431745,0.5190053927854839,0.15598548972188633,0.9670136343644626,0.8319526586552979,0.7460013150227611,5-class expected score 0-1
0.47600000000000003,0.6612814895947426,0.6543577526305341,0.9664272100864976,0.780349215744303,0.6973602822109586,0.5621737017784362,0.5203320724924425,0.15792019347037484,0.9664272100864976,0.8319526586552979,0.7460013150227611,5-class expected score 0-1
0.47700000000000004,0.6612814895947426,0.654572564612326,0.9654009676000587,0.7801670517149458,0.6955898537347345,0.5625070134251805,0.5212701686720227,0.1596130592503023,0.9654009676000587,0.8319526586552979,0.7460013150227611,5-class expected score 0-1
0.47800000000000004,0.6617378605330413,0.6550213994227132,0.9648145433220935,0.7802940479013517,0.6954974983912245,0.5633020721447227,0.5227798550371152,0.16178960096735187,0.9648145433220935,0.8319526586552979,0.7460013150227611,5-class expected score 0-1
0.47900000000000004,0.6616465863453815,0.655234297108674,0.963495088696672,0.7800130556050086,0.6931679044938619,0.5636096967062562,0.5237745578360945,0.16372430471584037,0.963495088696672,0.8319526586552979,0.7460013150227611,5-class expected score 0-1
0.48,0.661829134720701,0.6555200638850069,0.9627620583492157,0.7799750579013005,0.6923655756525248,0.5640896144224917,0.5248189896248076,0.16541717049576785,0.9627620583492157,0.8319526586552979,0.7460013150227611,5-class expected score 0-1
0.481,0.6619204089083607,0.6557098611249875,0.9621756340712505,0.7799168152109328,0.6916352895910048,0.5644009972049118,0.5255349522729201,0.16662636033857314,0.9621756340712505,0.8319526586552979,0.7460013150227611,5-class expected score 0-1
0.482,0.6621942314713399,0.6559688062387522,0.961882421932268,0.7800035665458004,0.6917160593038625,0.5648589860568233,0.5263743515574355,0.16783555018137847,0.961882421932268,0.8319526586552979,0.7460013150227611,5-class expected score 0-1
0.483,0.6621029572836802,0.6560280140070035,0.9612959976543028,0.7798525214081827,0.6906570871283717,0.5649285308706823,0.5267002010494602,0.16856106408706167,0.9612959976543028,0.8319526586552979,0.7460013150227611,5-class expected score 0-1
0.484,0.6620116830960204,0.6561811260268483,0.960269755167864,0.7796226864250432,0.6889735198922742,0.565140923533146,0.5274116563853538,0.17001209189842806,0.960269755167864,0.8319526586552979,0.7460013150227611,5-class expected score 0-1
0.485,0.6623767798466593,0.6565697091273821,0.9596833308898989,0.7797034125424335,0.6888325219064902,0.5658150632684077,0.5286917765699866,0.17194679564691656,0.9596833308898989,0.8319526586552979,0.7460013150227611,5-class expected score 0-1
0.486,0.6630156991602775,0.6571256402530883,0.959243512681425,0.7799499344379545,0.689423680987405,0.5668043440069761,0.5304112741920977,0.1743651753325272,0.959243512681425,0.8319526586552979,0.7460013150227611,5-class expected score 0-1
0.487,0.6634720700985761,0.6576141621404143,0.9585104823339686,0.7800513034659667,0.6892607299853946,0.5676470186760533,0.5319949661629697,0.17678355501813786,0.9585104823339686,0.8319526586552979,0.7460013150227611,5-class expected score 0-1
0.488,0.6637458926615553,0.6579397845131407,0.9579240580560036,0.7800859598853869,0.6889698922565703,0.5682002394270345,0.5330662357566469,0.1784764207980653,0.9579240580560036,0.8319526586552979,0.7460013150227611,5-class expected score 0-1
0.489,0.6639284410368748,0.6581360201511335,0.957630845917021,0.7801265973963931,0.6889128209388062,0.5685373092946653,0.5336947350125597,0.17944377267230954,0.957630845917021,0.8319526586552979,0.7460013150227611,5-class expected score 0-1
0.49,0.6640197152245345,0.6584898041590955,0.9563113912915995,0.7799366294015664,0.6873401401747858,0.5690867718247599,0.5350020659061834,0.1818621523579202,0.9563113912915995,0.8319526586552979,0.7460013150227611,5-class expected score 0-1
0.491,0.664202263599854,0.6588152042054185,0.9554317548746518,0.7798719559624244,0.6865504592455665,0.5696143054905303,0.5361179360500716,0.1837968561064087,0.9554317548746518,0.8319526586552979,0.7460013150227611,5-class expected score 0-1
0.492,0.6643848119751734,0.6590449210845811,0.954991936666178,0.7798862615983239,0.6863321620348279,0.569998991307696,0.5368607417075545,0.18500604594921402,0.954991936666178,0.8319526586552979,0.7460013150227611,5-class expected score 0-1
0.493,0.6656626506024096,0.6600121605188488,0.9548453305966867,0.7805141110911379,0.6884619626123656,0.5717394730371583,0.5395965156259825,0.18863361547763,0.9548453305966867,0.8319526586552979,0.7460013150227611,5-class expected score 0-1
0.494,0.6661190215407082,0.6605094894955851,0.9541123002492303,0.78061652872736,0.6883689786553175,0.5725821477062355,0.5411291883804803,0.19105199516324062,0.9541123002492303,0.8319526586552979,0.7460013150227611,5-class expected score 0-1
0.495,0.666575392479007,0.6610410736071574,0.9532326638322827,0.7806928018250585,0.6881098225178643,0.5734724383248475,0.5427726616166206,0.19371221281741233,0.9532326638322827,0.8319526586552979,0.7460013150227611,5-class expected score 0-1
0.496,0.6671230376049653,0.6616089613034624,0.9524996334848262,0.7808424974460669,0.6881988468489143,0.5744360319782051,0.5444717135304704,0.19637243047158404,0.9524996334848262,0.8319526586552979,0.7460013150227611,5-class expected score 0-1
0.497,0.6682183278568821,0.6625178534992858,0.9520598152763524,0.781327076941587,0.6895778175642009,0.5760299076381762,0.5470257997678251,0.2,0.9520598152763524,0.8319526586552979,0.7460013150227611,5-class expected score 0-1
0.498,0.6684008762322016,0.6628524724152023,0.9511801788594048,0.7812631705701728,0.6888748663445874,0.5765574413039466,0.5480896279024727,0.20193470374848851,0.9511801788594048,0.8319526586552979,0.7460013150227611,5-class expected score 0-1
0.499,0.6688572471705002,0.6634251202784318,0.9501539363729659,0.7813140446051838,0.6884943630035798,0.5774953478720936,0.5498077175299501,0.20483675937122128,0.9501539363729659,0.8319526586552979,0.7460013150227611,5-class expected score 0-1
0.5,0.6682183278568821,0.6633511074651354,0.9483946635390705,0.7806673505098655,0.6854961517392122,0.5772203063765485,0.5499141210312953,0.2060459492140266,0.9483946635390705,0.8319526586552979,0.7460013150227611,5-class expected score 0-1
0.501,0.6681270536692223,0.6635178149707363,0.9473684210526315,0.7804347826086957,0.6842650701805202,0.5774326990390123,0.5505312926496393,0.207496977025393,0.9473684210526315,0.8319526586552979,0.7460013150227611,5-class expected score 0-1
0.502,0.6681270536692223,0.6636858875526775,0.9466353907051752,0.7803021148036253,0.6835136854226305,0.5776707787866868,0.5510984650855127,0.20870616686819832,0.9466353907051752,0.8319526586552979,0.7460013150227611,5-class expected score 0-1
0.503,0.6683096020445418,0.6640247040658775,0.9457557542882276,0.7802370585389453,0.6829390240716173,0.5781983124524572,0.5521348983170917,0.21064087061668682,0.9457557542882276,0.8319526586552979,0.7460013150227611,5-class expected score 0-1
0.504,0.6681270536692223,0.6640906749098403,0.9448761178712799,0.7799830570010892,0.6817655612758634,0.5782421701811055,0.5524497535283945,0.21160822249093109,0.9448761178712799,0.8319526586552979,0.7460013150227611,5-class expected score 0-1
0.505,0.6681270536692223,0.6644974692697035,0.9431168450373846,0.7796630711428918,0.6800918718897537,0.5788135615755242,0.5537871732793942,0.21451027811366385,0.9431168450373846,0.8319526586552979,0.7460013150227611,5-class expected score 0-1
0.506,0.6678532311062432,0.6645635084815887,0.9419439964814543,0.7793074170659228,0.6785550461662602,0.5788317322189618,0.5541383111514382,0.21571946795646915,0.9419439964814543,0.8319526586552979,0.7460013150227611,5-class expected score 0-1
0.507,0.6678532311062432,0.6646657006830884,0.9415041782729805,0.7792270824485834,0.6781597436954855,0.5789745800675664,0.5544689473764376,0.21644498186215236,0.9415041782729805,0.8319526586552979,0.7460013150227611,5-class expected score 0-1
0.508,0.6677619569185834,0.6648015749663247,0.9406245418560328,0.7790189412336086,0.677228373690059,0.5791393567804952,0.5549506470873925,0.21765417170495768,0.9406245418560328,0.8319526586552979,0.7460013150227611,5-class expected score 0-1
0.509,0.668583424607521,0.665593853820598,0.9398915115085764,0.7793107639944084,0.6779630900522929,0.5804657073866945,0.5570853142192229,0.22103990326481257,0.9398915115085764,0.8319526586552979,0.7460013150227611,5-class expected score 0-1
0.51,0.6686746987951807,0.6658696330179852,0.9390118750916288,0.7791970802919708,0.6773626399944077,0.5808723220681844,0.5579099436547573,0.22273276904474001,0.9390118750916288,0.8319526586552979,0.7460013150227611,5-class expected score 0-1
0.511,0.6692223439211391,0.666527763308678,0.9379856326051899,0.779293544457978,0.677405370232084,0.5819311476206118,0.5597123221197392,0.22587666263603387,0.9379856326051899,0.8319526586552979,0.7460013150227611,5-class expected score 0-1
0.512,0.6698612632347573,0.6671187147924056,0.937545814396716,0.7795453160236484,0.6780849048414583,0.5829204283591802,0.5612531303097352,0.2282950423216445,0.937545814396716,0.8319526586552979,0.7460013150227611,5-class expected score 0-1
0.513,0.6699525374224169,0.6674328701285133,0.9365195719102771,0.7794045876037091,0.6773987455335707,0.5833746589902051,0.5621660619177966,0.23022974607013302,0.9365195719102771,0.8319526586552979,0.7460013150227611,5-class expected score 0-1
0.514,0.6699525374224169,0.6678186197507593,0.934906905145873,0.779108124618204,0.6761267938839084,0.5838984344350888,0.5633180464303579,0.2328899637243047,0.934906905145873,0.8319526586552979,0.7460013150227611,5-class expected score 0-1
0.515,0.6698612632347573,0.6681360201511335,0.933294238381469,0.7787632271086916,0.6747542845853707,0.5843012908956922,0.5642872400148886,0.23530834340991535,0.933294238381469,0.8319526586552979,0.7460013150227611,5-class expected score 0-1
0.516,0.6702263599853961,0.6687000420698359,0.9321213898255388,0.7787372159960806,0.6744743304271832,0.5851658944290935,0.5657970514872038,0.23821039903264812,0.9321213898255388,0.8319526586552979,0.7460013150227611,5-class expected score 0-1
0.517,0.6708652792990142,0.6692996313849394,0.931681571617065,0.7789899485167934,0.6751700073420248,0.5861551751676619,0.5673005496694046,0.24062877871825877,0.931681571617065,0.8319526586552979,0.7460013150227611,5-class expected score 0-1
0.518,0.6714129244249726,0.6699736147757256,0.930655329130626,0.7790868924889544,0.67529740833317,0.5872140007200893,0.5690306257316566,0.2437726723095526,0.930655329130626,0.8319526586552979,0.7460013150227611,5-class expected score 0-1
0.519,0.6713216502373129,0.6702622673434856,0.9291892684357133,0.7787675861645267,0.6741311336717428,0.5875692412311577,0.5698629412632749,0.24594921402660216,0.9291892684357133,0.8319526586552979,0.7460013150227611,5-class expected score 0-1
0.52,0.6717780211756116,0.670869979866483,0.9281630259492742,0.7788165826054866,0.6741446673525964,0.5885071477993046,0.571403339056546,0.24885126964933493,0.9281630259492742,0.8319526586552979,0.7460013150227611,5-class expected score 0-1
0.521,0.6718692953632712,0.6712677850923763,0.9268435713238528,0.778619373114108,0.6734102254460581,0.5890566103293992,0.5724579326349669,0.2512696493349456,0.9268435713238528,0.8319526586552979,0.7460013150227611,5-class expected score 0-1
0.522,0.671960569550931,0.6717037352346493,0.92537751062894,0.7783943766185719,0.6726061973158494,0.5896536888090287,0.5736018247687169,0.2539298669891173,0.92537751062894,0.8319526586552979,0.7460013150227611,5-class expected score 0-1
0.523,0.6725994888645491,0.6724616040955631,0.9243512681425011,0.7785392356609249,0.6729396628072752,0.5908334333457367,0.5754463457394738,0.2573155985489722,0.9243512681425011,0.8319526586552979,0.7460013150227611,5-class expected score 0-1
0.524,0.6734209565534867,0.673403914019891,0.9231784195865709,0.7787534009398961,0.6734620816205374,0.5923026318005405,0.5777042266023522,0.2614268440145103,0.9231784195865709,0.8319526586552979,0.7460013150227611,5-class expected score 0-1
0.525,0.6738773274917853,0.6740621650589497,0.9220055710306406,0.7787753080304625,0.6734394466131157,0.5932881543182223,0.5792852412396714,0.26457073760580413,0.9220055710306406,0.8319526586552979,0.7460013150227611,5-class expected score 0-1
0.526,0.6737860533041256,0.6743262106732525,0.9206861164052191,0.7784802280897484,0.6725252477590242,0.5935957788797559,0.5799635477589621,0.2665054413542926,0.9206861164052191,0.8319526586552979,0.7460013150227611,5-class expected score 0-1
0.527,0.6741511500547646,0.6748789671866595,0.9196598739187802,0.7784810126582279,0.6724786166457078,0.5944127664636223,0.5812694918363603,0.26916565900846434,0.9196598739187802,0.8319526586552979,0.7460013150227611,5-class expected score 0-1
0.528,0.6748813435560423,0.6756873315363882,0.9187802375018326,0.7787027833001988,0.6730607984273256,0.5956658140350759,0.583127182571695,0.27255139056831923,0.9187802375018326,0.8319526586552979,0.7460013150227611,5-class expected score 0-1
0.529,0.6750638919313618,0.6761750405186385,0.9174607828764111,0.7785518785767603,0.6725966325462094,0.596336195549451,0.5842725122835823,0.2752116082224909,0.9174607828764111,0.8319526586552979,0.7460013150227611,5-class expected score 0-1
0.53,0.6750638919313618,0.6766330841728957,0.9157015100425158,0.7782207824570146,0.6716498754197812,0.5969075869438697,0.5853561250169033,0.2781136638452237,0.9157015100425158,0.8319526586552979,0.7460013150227611,5-class expected score 0-1
0.531,0.6754289886820007,0.6772337422646836,0.9145286614865855,0.7781936127744511,0.6715681605306225,0.597772190477271,0.5867158540062731,0.28101571946795645,0.9145286614865855,0.8319526586552979,0.7460013150227611,5-class expected score 0-1
0.532,0.6756115370573202,0.6776895463939955,0.9133558129306554,0.7780691894592232,0.6712327482395388,0.5983949560421112,0.5877460223321888,0.2834340991535671,0.9133558129306554,0.8319526586552979,0.7460013150227611,5-class expected score 0-1
0.533,0.6762504563709383,0.6784779764500655,0.9123295704442164,0.7782154692678047,0.6716380913640462,0.5995747005788192,0.5894794190400521,0.286819830713422,0.9123295704442164,0.8319526586552979,0.7460013150227611,5-class expected score 0-1
0.534,0.6764330047462578,0.679016393442623,0.9108635097493036,0.7780351887796632,0.6711804004865385,0.6002926980427292,0.5906671483369785,0.28972188633615475,0.9108635097493036,0.8319526586552979,0.7460013150227611,5-class expected score 0-1
0.535,0.6769806498722162,0.6798553266111355,0.9093974490543909,0.77804954531201,0.6712595410348254,0.6014943714437614,0.5924770937553849,0.2935912938331318,0.9093974490543909,0.8319526586552979,0.7460013150227611,5-class expected score 0-1
0.536,0.6775282949981745,0.6804610318331504,0.9088110247764257,0.7782311217123846,0.6717581432188504,0.6024103491475841,0.5937636130213821,0.29600967351874247,0.9088110247764257,0.8319526586552979,0.7460013150227611,5-class expected score 0-1
0.537,0.6779846659364732,0.6811530421388492,0.9076381762204955,0.7782526712759271,0.6718566496178981,0.6033958716652659,0.5952243029821822,0.29915356711003627,0.9076381762204955,0.8319526586552979,0.7460013150227611,5-class expected score 0-1
0.538,0.6786235852500913,0.6818382190875028,0.9070517519425304,0.7784837999370872,0.6724812774502338,0.6044327683533692,0.5966542316953177,0.301813784764208,0.9070517519425304,0.8319526586552979,0.7460013150227611,5-class expected score 0-1
0.539,0.6783497626871121,0.6820541137493098,0.9054390851781263,0.7780297304106828,0.6713795029556648,0.6045937868454114,0.5970996895923526,0.3037484885126965,0.9054390851781263,0.8319526586552979,0.7460013150227611,5-class expected score 0-1
0.54,0.678714859437751,0.6826784726065301,0.9042662366221962,0.7780020181634713,0.671375675657768,0.6054583903788127,0.59838013721912,0.30665054413542925,0.9042662366221962,0.8319526586552979,0.7460013150227611,5-class expected score 0-1
0.541,0.679718875502008,0.6837142223208342,0.9035332062747398,0.7784022734449005,0.6724441348473378,0.607026578953573,0.6004896014254287,0.3105199516324063,0.9035332062747398,0.8319526586552979,0.7460013150227611,5-class expected score 0-1
0.542,0.6799014238773274,0.6841520337852857,0.9025069637883009,0.7783045704532524,0.6722598779753803,0.6076017285688784,0.6013630188553805,0.3126964933494559,0.9025069637883009,0.8319526586552979,0.7460013150227611,5-class expected score 0-1
0.543,0.6804490690032858,0.6848964134551125,0.9014807213018619,0.7784036964364833,0.6725796526325107,0.6086605541213057,0.6028449040009998,0.3158403869407497,0.9014807213018619,0.8319526586552979,0.7460013150227611,5-class expected score 0-1
0.544,0.6809967141292442,0.6856026785714285,0.9006010848849142,0.7785311450478424,0.6729616599269969,0.6096717637241983,0.6042386601115904,0.31874244256348244,0.9006010848849142,0.8319526586552979,0.7460013150227611,5-class expected score 0-1
0.545,0.6816356334428624,0.6865554684876302,0.8991350241900015,0.7785959121492955,0.6732332458602264,0.610994356109511,0.6060891220376228,0.32285368802902054,0.8991350241900015,0.8319526586552979,0.7460013150227611,5-class expected score 0-1
0.546,0.6827309236947792,0.6878580253847018,0.89781556956458,0.7789366573390994,0.6741774296431546,0.6128739274666914,0.6086021360386512,0.3279322853688029,0.89781556956458,0.8319526586552979,0.7460013150227611,5-class expected score 0-1
0.547,0.6825483753194597,0.6882955953587924,0.8957630845917021,0.7784431137724551,0.6731521266837253,0.6132987127916188,0.6093696096702637,0.3308343409915357,0.8957630845917021,0.8319526586552979,0.7460013150227611,5-class expected score 0-1
0.548,0.6838262139466958,0.6895967468654693,0.8950300542442458,0.7789970652035217,0.6745653729572235,0.6152296583192208,0.6118454386613954,0.3354292623941959,0.8950300542442458,0.8319526586552979,0.7460013150227611,5-class expected score 0-1
0.549,0.6838262139466958,0.6901121304791029,0.8932707814103504,0.7786581469648562,0.6739230139936652,0.6158010497136396,0.6127401242649257,0.3383313180169287,0.8932707814103504,0.8319526586552979,0.7460013150227611,5-class expected score 0-1
0.55,0.684465133260314,0.6909194097616345,0.8923911449934028,0.7788369266201779,0.6744438614511807,0.6169331783008126,0.614223430671974,0.3414752116082225,0.8923911449934028,0.8319526586552979,0.7460013150227611,5-class expected score 0-1
0.551,0.6852866009492515,0.6920186724353865,0.8910716903679813,0.7790310176877724,0.6750475322600311,0.6184499927051514,0.616211767562973,0.34582829504232165,0.8910716903679813,0.8319526586552979,0.7460013150227611,5-class expected score 0-1
0.552,0.6855604235122308,0.692826136623258,0.8891658114645946,0.7788121990369181,0.6747509429710296,0.6194317570019466,0.617589782649278,0.34969770253929866,0.8891658114645946,0.8319526586552979,0.7460013150227611,5-class expected score 0-1
0.553,0.6853778751369113,0.6931089743589743,0.8876997507696819,0.778427717426239,0.6740319646569646,0.6196660785287346,0.6180100821592249,0.3516324062877872,0.8876997507696819,0.8319526586552979,0.7460013150227611,5-class expected score 0-1
0.554,0.6853778751369113,0.6937744084539398,0.8855006597273127,0.7779996135763508,0.6733316486714143,0.620380317771758,0.6190702844702427,0.35525997581620317,0.8855006597273127,0.8319526586552979,0.7460013150227611,5-class expected score 0-1
0.555,0.6859255202628697,0.6947453330260429,0.8838879929629087,0.7779856764952577,0.6735359676543735,0.621629607122325,0.6207096634464437,0.35937122128174126,0.8838879929629087,0.8319526586552979,0.7460013150227611,5-class expected score 0-1
0.556,0.6855604235122308,0.6950092421441775,0.8819821140595221,0.7774116430832849,0.6725046210720887,0.6217649385291565,0.6210290538648748,0.3615477629987908,0.8819821140595221,0.8319526586552979,0.7460013150227611,5-class expected score 0-1
0.557,0.6862906170135086,0.6961511708787387,0.880369447295118,0.7774972486566971,0.6729682893020303,0.6232560658482845,0.6229326923871266,0.36614268440145104,0.880369447295118,0.8319526586552979,0.7460013150227611,5-class expected score 0-1
0.558,0.6867469879518072,0.6970119753517033,0.8789033866002053,0.7774607703281027,0.6731344377820088,0.6243368202650361,0.6243236055030343,0.369770253929867,0.8789033866002053,0.8319526586552979,0.7460013150227611,5-class expected score 0-1
0.559,0.6874771814530851,0.6982144941066636,0.87714411376631,0.7775178687459389,0.673573103777253,0.6258755635336991,0.6262627675529756,0.37460701330108825,0.87714411376631,0.8319526586552979,0.7460013150227611,5-class expected score 0-1
0.56,0.6874771814530851,0.6986317389778973,0.8758246591408885,0.7772573510278429,0.6732243933974726,0.6263041070795132,0.6268549752081111,0.3767835550181379,0.8758246591408885,0.8319526586552979,0.7460013150227611,5-class expected score 0-1
0.561,0.6881161007667032,0.6999060371153394,0.8736255680985193,0.7771763938702315,0.6734583420629932,0.6278647792125003,0.6288193053432045,0.38210399032648124,0.8736255680985193,0.8319526586552979,0.7460013150227611,5-class expected score 0-1
0.562,0.6876597298284045,0.7004363722137045,0.8706934467086938,0.7763398692810457,0.6721802369748378,0.6282125032817955,0.6293980048159614,0.3857315598548972,0.8706934467086938,0.8319526586552979,0.7460013150227611,5-class expected score 0-1
0.5630000000000001,0.6882073749543629,0.7015508464543625,0.8687875678053072,0.776264081739586,0.6724175117086479,0.6295570245314324,0.6310579890937544,0.3903264812575574,0.8687875678053072,0.8319526586552979,0.7460013150227611,5-class expected score 0-1
0.5640000000000001,0.6882073749543629,0.7018854500177872,0.8677613253188682,0.7760587386914908,0.6721872751476173,0.6298903361781765,0.6314958758041413,0.39201934703748487,0.8677613253188682,0.8319526586552979,0.7460013150227611,5-class expected score 0-1
0.5650000000000001,0.6885724717050018,0.7026994886431205,0.8662952646239555,0.7759684832567302,0.6723155864888158,0.6308501716106476,0.6326714610237557,0.3954050785973398,0.8662952646239555,0.8319526586552979,0.7460013150227611,5-class expected score 0-1
0.5660000000000001,0.6886637458926615,0.7034120734908137,0.8643893857205688,0.7756363875550878,0.6720246070639772,0.6315900979388818,0.6336074321141068,0.3987908101571947,0.8643893857205688,0.8319526586552979,0.7460013150227611,5-class expected score 0-1
0.5670000000000001,0.6898503103322381,0.7048964443912367,0.8632165371646386,0.7760643205483063,0.6732319332981923,0.6335429723308078,0.6358801863946637,0.40386940749697703,0.8632165371646386,0.8319526586552979,0.7460013150227611,5-class expected score 0-1
0.5680000000000001,0.6900328587075575,0.70560691559611,0.8616038704002346,0.7758415841584159,0.6731308274211993,0.6343085857442528,0.6368116527713108,0.4070133010882709,0.8616038704002346,0.8319526586552979,0.7460013150227611,5-class expected score 0-1
0.5690000000000001,0.6910368747718145,0.7072376357056694,0.8595513854273567,0.775990999933823,0.6739489003734649,0.636305317864827,0.6391350382701022,0.41305925030229745,0.8595513854273567,0.8319526586552979,0.7460013150227611,5-class expected score 0-1
0.5700000000000001,0.6903979554581964,0.7076420007266562,0.8566192640375312,0.7750364769863377,0.672642786209938,0.6364112039655613,0.639347328338062,0.4162031438935913,0.8566192640375312,0.8319526586552979,0.7460013150227611,5-class expected score 0-1
0.5710000000000001,0.690215407082877,0.7084296314316993,0.8538337487171969,0.7743651110224704,0.6719479052953743,0.6370740690381631,0.6401665438664026,0.4203143893591294,0.8538337487171969,0.8319526586552979,0.7460013150227611,5-class expected score 0-1
0.5720000000000001,0.6906717780211756,0.70947265625,0.8520744758833015,0.7742623060014654,0.6722110025099494,0.6382500553539845,0.6415158464345636,0.4244256348246675,0.8520744758833015,0.8319526586552979,0.7460013150227611,5-class expected score 0-1
0.5730000000000001,0.6913106973347937,0.7106455959818694,0.8504618091188976,0.7742925787506674,0.6727234424592483,0.6396202636888321,0.6430643032321466,0.4287787182587666,0.8504618091188976,0.8319526586552979,0.7460013150227611,5-class expected score 0-1
0.5740000000000001,0.6919496166484118,0.7119311193111931,0.8485559302155109,0.774262591131028,0.6731983975890714,0.6410857039227494,0.6447092297703696,0.4336154776299879,0.8485559302155109,0.8319526586552979,0.7460013150227611,5-class expected score 0-1
0.5750000000000001,0.6922234392113911,0.7129801160923799,0.8463568391731418,0.7739643383831613,0.6732091906100235,0.6421627001186144,0.6459184002467708,0.43796856106408705,0.8463568391731418,0.8319526586552979,0.7460013150227611,5-class expected score 0-1
0.5760000000000001,0.6919496166484118,0.7134539147670962,0.8443043542002638,0.7733834687437051,0.6726076786040751,0.6424665664592613,0.6462728712859429,0.4406287787182588,0.8443043542002638,0.8319526586552979,0.7460013150227611,5-class expected score 0-1
0.577,0.691219423147134,0.7138059701492537,0.8413722328104384,0.7723571765022542,0.671374864361321,0.6424515335757149,0.6462835379036587,0.44353083434099155,0.8413722328104384,0.8319526586552979,0.7460013150227611,5-class expected score 0-1
0.578,0.6914019715224534,0.7151613710282712,0.8381468992816302,0.7717853526830915,0.6712201183298007,0.6437409224340437,0.6476934372264267,0.4493349455864571,0.8381468992816302,0.8319526586552979,0.7460013150227611,5-class expected score 0-1
0.579,0.6915845198977729,0.71588058203713,0.8366808385867175,0.7715811532481579,0.6712780926271441,0.6444589198979537,0.6484679189474389,0.45223700120918986,0.8366808385867175,0.8319526586552979,0.7460013150227611,5-class expected score 0-1
0.58,0.6917670682730924,0.7170405848248046,0.8340419293358745,0.7711284310403254,0.6712271090900992,0.6455578449581428,0.6496413428081325,0.4570737605804111,0.8340419293358745,0.8319526586552979,0.7460013150227611,5-class expected score 0-1
0.581,0.6919496166484118,0.7181012658227848,0.8316962322240141,0.7707356837171387,0.6712234077805024,0.6465615381192622,0.6506995064392953,0.4614268440145103,0.8316962322240141,0.8319526586552979,0.7460013150227611,5-class expected score 0-1
0.582,0.6918583424607521,0.7192870782940802,0.8283242926257147,0.7699645680021804,0.6708334778764822,0.6475357859742842,0.6517042298275136,0.4667472793228537,0.8283242926257147,0.8319526586552979,0.7460013150227611,5-class expected score 0-1
0.583,0.6917670682730924,0.7206560738083034,0.8245125348189415,0.7690940170940171,0.6704485952797863,0.6486528816779109,0.6528329972940925,0.4727932285368803,0.8245125348189415,0.8319526586552979,0.7460013150227611,5-class expected score 0-1
0.584,0.6923147133990507,0.722007722007722,0.8224600498460636,0.7689671715441025,0.6709536412926244,0.6500450188770825,0.6542554748582416,0.47762998790810157,0.8224600498460636,0.8319526586552979,0.7460013150227611,5-class expected score 0-1
0.585,0.6934100036509675,0.7238169123351436,0.8207007770121683,0.769220199244246,0.6721195052054365,0.6520674380828677,0.6563241134864699,0.4834340991535671,0.8207007770121683,0.8319526586552979,0.7460013150227611,5-class expected score 0-1
0.586,0.6931361810879884,0.7246395635796856,0.817915261691834,0.7684573002754821,0.6716535244978563,0.6526093841711891,0.6568206414797324,0.4873035066505441,0.817915261691834,0.8319526586552979,0.7460013150227611,5-class expected score 0-1
0.587,0.6926798101496897,0.7260471204188481,0.8132238674681131,0.7671668625959477,0.67092464585478,0.653528499634903,0.6576406048317277,0.49383313180169286,0.8132238674681131,0.8319526586552979,0.7460013150227611,5-class expected score 0-1
0.588,0.6922234392113911,0.7266990929407126,0.8104383521477789,0.7662877737732188,0.6703068471571285,0.6538286077546633,0.6578632882762405,0.49721886336154775,0.8104383521477789,0.8319526586552979,0.7460013150227611,5-class expected score 0-1
0.589,0.6924059875867105,0.7277887788778878,0.8082392611054098,0.7659071964434565,0.6704604941416945,0.6547846849662478,0.658765200137641,0.5013301088270858,0.8082392611054098,0.8319526586552979,0.7460013150227611,5-class expected score 0-1
0.59,0.6920408908360716,0.7290365448504983,0.8042808972291453,0.7648124912867699,0.6699685784584757,0.6555866396665678,0.6594350587546722,0.5068923821039903,0.8042808972291453,0.8319526586552979,0.7460013150227611,5-class expected score 0-1
0.591,0.6920408908360716,0.7301375350514088,0.8016419879783023,0.7642208245981831,0.6699432988207722,0.656443726758196,0.6601951268478945,0.5112454655380895,0.8016419879783023,0.8319526586552979,0.7460013150227611,5-class expected score 0-1
0.592,0.6923147133990507,0.7312952534191473,0.7995895030054244,0.7639190419497164,0.6702502567839018,0.657473107004526,0.6611420180271312,0.5153567110036276,0.7995895030054244,0.8319526586552979,0.7460013150227611,5-class expected score 0-1
0.593,0.6915845198977729,0.7321910415542364,0.79563113912916,0.7625939717557788,0.669425091883213,0.6577913857677239,0.6612813588431192,0.5199516324062878,0.79563113912916,0.8319526586552979,0.7460013150227611,5-class expected score 0-1
0.594,0.6914019715224534,0.7333152468800869,0.7925524116698431,0.7617839780173324,0.669252489511472,0.6585494827393956,0.6618869365407299,0.524546553808948,0.7925524116698431,0.8319526586552979,0.7460013150227611,5-class expected score 0-1
0.595,0.6922234392113911,0.7351056578050443,0.7904999266969652,0.7617971178298955,0.6702316469085978,0.6603043768914089,0.6635184660835913,0.5301088270858525,0.7904999266969652,0.8319526586552979,0.7460013150227611,5-class expected score 0-1
0.596,0.6924972617743702,0.736632848916918,0.787714411376631,0.761317747077577,0.6706102529674705,0.6615718368854134,0.6646142409878073,0.5354292623941959,0.787714411376631,0.8319526586552979,0.7460013150227611,5-class expected score 0-1
0.597,0.6924972617743702,0.7378721058434399,0.7849288960562967,0.7606734389429566,0.6706928096784768,0.6624765399265764,0.6653399102819442,0.5400241837968561,0.7849288960562967,0.8319526586552979,0.7460013150227611,5-class expected score 0-1
0.598,0.6924059875867105,0.7393535857955333,0.781410350388506,0.759800427655025,0.6707176255638996,0.6634984037311333,0.6661219849515927,0.5455864570737606,0.781410350388506,0.8319526586552979,0.7460013150227611,5-class expected score 0-1
0.599,0.6926798101496897,0.7410664433277498,0.7783316229291892,0.759242045048266,0.6711661330562799,0.6648610956242077,0.6672455967640725,0.5513905683192262,0.7783316229291892,0.8319526586552979,0.7460013150227611,5-class expected score 0-1
0.6,0.6920408908360716,0.7420986093552465,0.7745198651224161,0.7579626972740315,0.6706323122356113,0.6652526774221512,0.6673656938452446,0.5559854897218863,0.7745198651224161,0.8319526586552979,0.7460013150227611,5-class expected score 0-1
0.601,0.6916757940854327,0.7434591995474473,0.7707081073156429,0.7568384681831269,0.6704425984867224,0.6660070161729363,0.6678207303509152,0.5613059250302297,0.7707081073156429,0.8319526586552979,0.7460013150227611,5-class expected score 0-1
0.602,0.6914932457101132,0.7443544951001279,0.7683624102037825,0.7561679411340355,0.6703892526586208,0.6665270333969335,0.66814608236826,0.5646916565900847,0.7683624102037825,0.8319526586552979,0.7460013150227611,5-class expected score 0-1
0.603,0.6907630522088354,0.7446202080661252,0.766016713091922,0.7551669316375199,0.66972061431486,0.6663215367152475,0.6677742015135828,0.5666263603385732,0.766016713091922,0.8319526586552979,0.7460013150227611,5-class expected score 0-1
0.604,0.6894852135815991,0.7454414931801866,0.7611787127987099,0.7532279123748731,0.6686365571638844,0.6661999972699716,0.6672858734899224,0.5712212817412333,0.7611787127987099,0.8319526586552979,0.7460013150227611,5-class expected score 0-1
0.605,0.6895764877692588,0.746610902797808,0.7589796217563407,0.7527444565612504,0.6689295190269497,0.6670351554972755,0.6679009765949564,0.5750906892382104,0.7589796217563407,0.8319526586552979,0.7460013150227611,5-class expected score 0-1
0.606,0.6893026652062797,0.7477882523567803,0.7559008942970239,0.7518226888305628,0.6688953574022266,0.6676723334846667,0.6682490701351447,0.5794437726723095,0.7559008942970239,0.8319526586552979,0.7460013150227611,5-class expected score 0-1
0.607,0.6885724717050018,0.7493052508410122,0.7510628940038118,0.750183042905257,0.6685346356171558,0.668276307945074,0.6684038548667307,0.5854897218863362,0.7510628940038118,0.8319526586552979,0.7460013150227611,5-class expected score 0-1
0.608,0.6882073749543629,0.7504044712457715,0.747984166544495,0.7491923641703377,0.6684425531595708,0.6687925669481847,0.6686145130065388,0.5896009673518743,0.747984166544495,0.8319526586552979,0.7460013150227611,5-class expected score 0-1
0.609,0.6885724717050018,0.7523316062176166,0.7450520451546694,0.7486741308190925,0.6691912732349687,0.6702285618760047,0.6696825548529244,0.5954050785973398,0.7450520451546694,0.8319526586552979,0.7460013150227611,5-class expected score 0-1
0.61,0.6883899233296824,0.7538369840560274,0.74168010555637,0.7477091339048182,0.6693802116982139,0.6710818907467461,0.6701552829428625,0.6004836759371222,0.74168010555637,0.8319526586552979,0.7460013150227611,5-class expected score 0-1
0.611,0.6882986491420227,0.7555522208883554,0.7381615598885793,0.7467556544308491,0.66971460065853,0.6721037545513029,0.6707553043721826,0.6060459492140265,0.7381615598885793,0.8319526586552979,0.7460013150227611,5-class expected score 0-1
0.612,0.6871120847024461,0.7559209533866345,0.7346430142207887,0.7451301115241635,0.668808639392647,0.6716745905444935,0.6700124677214294,0.6087061668681983,0.7346430142207887,0.8319526586552979,0.7460013150227611,5-class expected score 0-1
0.613,0.6866557137641475,0.7575250836120402,0.730538044275033,0.7437868497649078,0.6688493394305062,0.6724032422100679,0.6702606279835934,0.6142684401451027,0.730538044275033,0.8319526586552979,0.7460013150227611,5-class expected score 0-1
0.614,0.6873859072654254,0.7595536533170284,0.7284855593021551,0.7436952780064356,0.6699897854260719,0.6740372173778006,0.6715318125907719,0.6195888754534462,0.7284855593021551,0.8319526586552979,0.7460013150227611,5-class expected score 0-1
0.615,0.6858342460752099,0.7602032958570768,0.723647559008943,0.7414751389514797,0.6689208278523564,0.6735529209796831,0.6705747409109573,0.6234582829504233,0.723647559008943,0.8319526586552979,0.7460013150227611,5-class expected score 0-1
0.616,0.6851953267615918,0.7618825722273999,0.7191027708547134,0.7398748020212685,0.6689005601287508,0.6741825825253012,0.670642358828732,0.6292623941958888,0.7191027708547134,0.8319526586552979,0.7460013150227611,5-class expected score 0-1
0.617,0.6849215041986126,0.763244256915143,0.7160240433953966,0.7388804841149773,0.6690919550979051,0.6748197605126922,0.6708668412291408,0.6336154776299879,0.7160240433953966,0.8319526586552979,0.7460013150227611,5-class expected score 0-1
0.618,0.6856516976998904,0.7651122625215889,0.7144113766309925,0.7388931008339651,0.6702169117273303,0.6763108878318203,0.672014768715538,0.6382103990326481,0.7144113766309925,0.8319526586552979,0.7460013150227611,5-class expected score 0-1
0.619,0.6843738590726542,0.765346378412498,0.7110394370326931,0.7371941024471804,0.6693153195374895,0.6757131888911954,0.6710873413766631,0.6403869407496977,0.7110394370326931,0.8319526586552979,0.7460013150227611,5-class expected score 0-1
0.62,0.6837349397590361,0.766264677880038,0.7079607095733763,0.7359597652975691,0.6691228847071011,0.6758666909414645,0.6708584808965943,0.6437726723095526,0.7079607095733763,0.8319526586552979,0.7460013150227611,5-class expected score 0-1
0.621,0.6846476816356335,0.7686781609195402,0.7059082246004985,0.7359572029040886,0.6705709645177411,0.6777425040777583,0.6722722459518744,0.6495767835550181,0.7059082246004985,0.8319526586552979,0.7460013150227611,5-class expected score 0-1
0.622,0.6841000365096751,0.7698361708962416,0.7026828910716904,0.734728290028359,0.6705417640950553,0.6780645410618428,0.6721582792499381,0.6534461910519952,0.7026828910716904,0.8319526586552979,0.7460013150227611,5-class expected score 0-1
0.623,0.683461117196057,0.7709713916276063,0.699310951473391,0.7333948339483395,0.6704510973654911,0.6783132750111815,0.6719534816641968,0.6573155985489721,0.699310951473391,0.8319526586552979,0.7460013150227611,5-class expected score 0-1
0.624,0.6827309236947792,0.771995446414051,0.6959390118750917,0.7319969159599075,0.6702706585097091,0.6784410899762399,0.6716347809502065,0.6609431680773882,0.6959390118750917,0.8319526586552979,0.7460013150227611,5-class expected score 0-1
0.625,0.6809967141292442,0.7723550605961349,0.691394223720862,0.7296356463216523,0.6691672210197169,0.6776197237104915,0.6703270051307761,0.6638452237001209,0.691394223720862,0.8319526586552979,0.7460013150227611,5-class expected score 0-1
0.626,0.679718875502008,0.772817133443163,0.6877290719835801,0.7277945853696377,0.6684388573478607,0.6771172566689363,0.6694066597172986,0.6665054413542926,0.6877290719835801,0.8319526586552979,0.7460013150227611,5-class expected score 0-1
0.627,0.6789886820007301,0.7738726790450928,0.6843571323852807,0.7263673850462927,0.6683132688482978,0.6772450716339946,0.6690673441403227,0.6701330108827086,0.6843571323852807,0.8319526586552979,0.7460013150227611,5-class expected score 0-1
0.628,0.6788974078130705,0.7754795663052544,0.6815716170649465,0.7254993757802747,0.6688323048216456,0.6780288556908771,0.6693679816456343,0.6744860943168077,0.6815716170649465,0.8319526586552979,0.7460013150227611,5-class expected score 0-1
0.629,0.6784410368747719,0.7767707284323598,0.6784928896056297,0.7243133265513734,0.6689976091141391,0.6784241957097072,0.6692846606478535,0.6783555018137848,0.6784928896056297,0.8319526586552979,0.7460013150227611,5-class expected score 0-1
0.63,0.6776195691858342,0.7778340935968914,0.6749743439378391,0.72276295133438,0.6688455756846875,0.6784787076400198,0.6688389549519698,0.6819830713422007,0.6749743439378391,0.8319526586552979,0.7460013150227611,5-class expected score 0-1
0.631,0.6772544724351953,0.7796696747829048,0.6713091922005571,0.7214432015125256,0.6692957856503546,0.6791854304412701,0.6689229459504481,0.687061668681983,0.6713091922005571,0.8319526586552979,0.7460013150227611,5-class expected score 0-1
0.632,0.6761591821832785,0.780558889079376,0.667497434393784,0.7196143511932985,0.6689247695445679,0.6789724173178109,0.6681891155404815,0.6904474002418379,0.667497434393784,0.8319526586552979,0.7460013150227611,5-class expected score 0-1
0.633,0.6749726177437021,0.7820069204152249,0.6626594341005717,0.7174033806840727,0.6687275714904564,0.6789717968568154,0.6674762580576415,0.6952841596130592,0.6626594341005717,0.8319526586552979,0.7460013150227611,5-class expected score 0-1
0.634,0.6734209565534867,0.7828362114076399,0.6579680398768509,0.7149912378524773,0.6680790285450989,0.678439884509163,0.6663222912921287,0.6989117291414753,0.6579680398768509,0.8319526586552979,0.7460013150227611,5-class expected score 0-1
0.635,0.6726907630522089,0.7842206993498506,0.6543028881395689,0.7133951406649617,0.6681787257433014,0.6786629313732911,0.6659528894814171,0.7030229746070134,0.6543028881395689,0.8319526586552979,0.7460013150227611,5-class expected score 0-1
0.636,0.6718692953632712,0.7852847541563495,0.6509309485412696,0.7118236472945891,0.6681044668556172,0.678669827354069,0.6654381561682228,0.7064087061668682,0.6509309485412696,0.8319526586552979,0.7460013150227611,5-class expected score 0-1
0.637,0.6717780211756116,0.7871772039180766,0.6479988271514441,0.7108394982309424,0.6688179597572035,0.6795012273604862,0.665677241728388,0.7110036275695284,0.6479988271514441,0.8319526586552979,0.7460013150227611,5-class expected score 0-1
0.638,0.671960569550931,0.7893132508517124,0.6453599179006011,0.7101145346023552,0.6698007042509166,0.6806001524206754,0.6661777213688673,0.7158403869407497,0.6453599179006011,0.8319526586552979,0.7460013150227611,5-class expected score 0-1
0.639,0.6712303760496532,0.7909962032182245,0.6414015540243366,0.7083873056994818,0.6700603135906791,0.6809184311838733,0.6658045315108287,0.72043530834341,0.6414015540243366,0.8319526586552979,0.7460013150227611,5-class expected score 0-1
0.64,0.6702263599853961,0.7927007299270074,0.636856765870107,0.7062840419478091,0.6701816286596323,0.6810644167923691,0.6651803104338982,0.7252720677146312,0.636856765870107,0.8319526586552979,0.7460013150227611,5-class expected score 0-1
0.641,0.6688572471705002,0.7940688892982133,0.6320187655768948,0.7038367346938775,0.6699673196264904,0.6808219583628126,0.6641725590256802,0.7296251511487304,0.6320187655768948,0.8319526586552979,0.7460013150227611,5-class expected score 0-1
0.642,0.6680357794815626,0.7960208255857196,0.6276205834921565,0.7018608082629724,0.6703302406881628,0.6811621659903346,0.6637070951641229,0.7347037484885127,0.6276205834921565,0.8319526586552979,0.7460013150227611,5-class expected score 0-1
0.643,0.6664841182913472,0.7969248078004876,0.623075795337927,0.6993582359716966,0.6698477853692105,0.6805826376931473,0.6624481280288899,0.7380894800483676,0.623075795337927,0.8319526586552979,0.7460013150227611,5-class expected score 0-1
0.644,0.66557137641475,0.7981114258734655,0.6195572496701364,0.6975899636843843,0.6698559249134153,0.6805162306391794,0.6617798736347605,0.7414752116082225,0.6195572496701364,0.8319526586552979,0.7460013150227611,5-class expected score 0-1
0.645,0.6645673603504929,0.7999618611746758,0.6150124615159067,0.6953999171156237,0.6701139838086264,0.6806622162476752,0.6610949011799303,0.7463119709794438,0.6150124615159067,0.8319526586552979,0.7460013150227611,5-class expected score 0-1
0.646,0.663837166849215,0.8020793222949557,0.6107608855006598,0.6934665002080732,0.6706509072425837,0.681075726909943,0.6606667653106648,0.7513905683192261,0.6107608855006598,0.8319526586552979,0.7460013150227611,5-class expected score 0-1
0.647,0.6633807959109164,0.8045887614232938,0.606655915554904,0.6917418923436978,0.6715185334726997,0.6818043785755172,0.6605070539322027,0.7569528415961306,0.606655915554904,0.8319526586552979,0.7460013150227611,5-class expected score 0-1
0.648,0.661464037970062,0.8054574008637613,0.6015247031227092,0.6887117079311792,0.670896561230243,0.6809316381393473,0.658850202270081,0.7603385731559855,0.6015247031227092,0.8319526586552979,0.7460013150227611,5-class expected score 0-1
0.649,0.6594560058415481,0.8069129916567342,0.595513854273567,0.6852804723745255,0.6705115447983097,0.6802236744161063,0.6571475445297108,0.7649334945586457,0.595513854273567,0.8319526586552979,0.7460013150227611,5-class expected score 0-1
0.65,0.657447973713034,0.807784911717496,0.590236035771881,0.6820838627700128,0.6698837485580112,0.6792776309451908,0.6553785297821568,0.7683192261185006,0.590236035771881,0.8319526586552979,0.7460013150227611,5-class expected score 0-1
0.651,0.657082876962395,0.8097452486858067,0.5871573083125642,0.6807172601342738,0.670596418020108,0.6797938899483014,0.6551935241036081,0.7724304715840387,0.5871573083125642,0.8319526586552979,0.7460013150227611,5-class expected score 0-1
0.652,0.656078860898138,0.8117214621196651,0.5827591262278259,0.6784434203789043,0.6710034938919831,0.6798922596072624,0.6544071133677923,0.7770253929866989,0.5827591262278259,0.8319526586552979,0.7460013150227611,5-class expected score 0-1
0.653,0.6555312157721797,0.8134128780086402,0.579680398768509,0.6769388803287109,0.6715136580363135,0.6801666806418118,0.6540119621584903,0.7806529625151148,0.579680398768509,0.8319526586552979,0.7460013150227611,5-class expected score 0-1
0.654,0.655074844833881,0.8152985074626866,0.5766016713091922,0.675483039931301,0.6721632785193408,0.680562020660642,0.6537052873757996,0.7845223700120919,0.5766016713091922,0.8319526586552979,0.7460013150227611,5-class expected score 0-1
0.655,0.6536144578313253,0.8171907756813417,0.5714704588769975,0.6725908032093866,0.6723360926580003,0.6802938751458748,0.6524469373085979,0.7891172914147521,0.5714704588769975,0.8319526586552979,0.7460013150227611,5-class expected score 0-1
0.656,0.6528842643300474,0.819432684165961,0.5675120950007331,0.6705933304460806,0.6730346989507597,0.6806121539090727,0.6518781256262427,0.7937122128174123,0.5675120950007331,0.8319526586552979,0.7460013150227611,5-class expected score 0-1
0.657,0.6517889740781307,0.8217037671232876,0.5628207007770122,0.6680588184112068,0.6735826283102115,0.6806848364828229,0.650950418899432,0.7985489721886336,0.5628207007770122,0.8319526586552979,0.7460013150227611,5-class expected score 0-1
0.658,0.6491420226359985,0.8216987248757294,0.5573962762058349,0.6642208245981831,0.672344069342589,0.6789399760714785,0.6484330422685105,0.8004836759371221,0.5573962762058349,0.8319526586552979,0.7460013150227611,5-class expected score 0-1
0.659,0.6476816356334428,0.823041675758237,0.5529980941210966,0.6615222728867064,0.6723085359804837,0.6784337508090368,0.6470915513653175,0.803869407496977,0.5529980941210966,0.8319526586552979,0.7460013150227611,5-class expected score 0-1
0.66,0.6462212486308871,0.823982398239824,0.5490397302448321,0.6589829315502376,0.6720910275398153,0.6777846776979903,0.6457251088625453,0.8065296251511487,0.5490397302448321,0.8319526586552979,0.7460013150227611,5-class expected score 0-1
0.661,0.6445783132530121,0.8252945098910869,0.5443483360211113,0.6560070671378092,0.6719782135950711,0.6771318463660575,0.6441855577380888,0.8099153567110037,0.5443483360211113,0.8319526586552979,0.7460013150227611,5-class expected score 0-1
0.662,0.6433004746257758,0.826936026936027,0.5400967600058643,0.6534231997162114,0.67219743971013,0.676819843122642,0.6429959172706669,0.8135429262394196,0.5400967600058643,0.8319526586552979,0.7460013150227611,5-class expected score 0-1
0.663,0.6417488134355605,0.8280471227911191,0.5358451839906172,0.6506453048509123,0.6720486301818634,0.6761450829263848,0.641516339790821,0.8164449818621523,0.5358451839906172,0.8319526586552979,0.7460013150227611,5-class expected score 0-1
0.664,0.6400146038700255,0.8291008922443377,0.5313003958363877,0.6476054324517513,0.6718017748996935,0.6753237166606364,0.6398474923452786,0.8193470374848851,0.5313003958363877,0.8319526586552979,0.7460013150227611,5-class expected score 0-1
0.665,0.6382803943044907,0.830328247803976,0.5266090016126668,0.644478334978021,0.6716497950935415,0.6745499663444229,0.638170426197789,0.822490931076179,0.5266090016126668,0.8319526586552979,0.7460013150227611,5-class expected score 0-1
0.666,0.6367287331142752,0.831196083003031,0.5226506377364023,0.6417641764176417,0.671410250891046,0.673779974249096,0.636656944716875,0.8249093107617896,0.5226506377364023,0.8319526586552979,0.7460013150227611,5-class expected score 0-1
0.667,0.6349032493610807,0.8319604612850082,0.518252455651664,0.6386630532971996,0.6710122867033361,0.6727900730495322,0.634863716281509,0.8273276904474003,0.518252455651664,0.8319526586552979,0.7460013150227611,5-class expected score 0-1
0.668,0.6321650237312888,0.8337718249222674,0.5110687582465914,0.6337029630976186,0.6707604512065212,0.6714956850483259,0.6321585392939972,0.8319226118500604,0.5110687582465914,0.8319526586552979,0.7460013150227611,5-class expected score 0-1
0.669,0.6307959109163929,0.8351038145823274,0.5071103943703269,0.6310316519200949,0.6708539325333123,0.6709675309215601,0.6307957602006173,0.8348246674727933,0.5071103943703269,0.8319526586552979,0.7460013150227611,5-class expected score 0-1
0.67,0.6294267981014969,0.8376131083394472,0.5021257880076235,0.6278643446379468,0.6715370041478801,0.6707726884415385,0.6294202653929599,0.8394195888754534,0.5021257880076235,0.8319526586552979,0.7460013150227611,5-class expected score 0-1
0.671,0.6276013143483024,0.8386459105510254,0.49758099985339393,0.624585940375414,0.6713131130407465,0.6698304031915095,0.6275772874640562,0.8420798065296251,0.49758099985339393,0.8319526586552979,0.7460013150227611,5-class expected score 0-1
0.672,0.6263234757210661,0.8401097530556249,0.4937692420466207,0.6219759926131118,0.6715303335596248,0.6693755520994893,0.6262740457561138,0.8449818621523579,0.4937692420466207,0.8319526586552979,0.7460013150227611,5-class expected score 0-1
0.673,0.6252281854691494,0.8416813491064686,0.49025069637883006,0.619603483416713,0.671878910268543,0.6690673070769604,0.625146228126777,0.8478839177750906,0.49025069637883006,0.8319526586552979,0.7460013150227611,5-class expected score 0-1
0.674,0.6234939759036144,0.8428280773143438,0.48585251429409176,0.6163861248023808,0.6717699612084247,0.6681983248616771,0.6233646727605415,0.8505441354292624,0.48585251429409176,0.8319526586552979,0.7460013150227611,5-class expected score 0-1
0.675,0.6224899598393574,0.8446726572528883,0.4823339686263011,0.6140350877192983,0.6723009228765504,0.6680109988234286,0.6223087192794419,0.8536880290205562,0.4823339686263011,0.8319526586552979,0.7460013150227611,5-class expected score 0-1
0.676,0.6207557502738226,0.8465938637545501,0.4773493622635977,0.6104809224711728,0.672593696996825,0.667332480406285,0.62049168400126,0.8573155985489722,0.4773493622635977,0.8319526586552979,0.7460013150227611,5-class expected score 0-1
0.677,0.6178349762687112,0.846396633350868,0.4717783316229292,0.6058552198060811,0.6713811514531807,0.6652724789916339,0.6174816005133692,0.8587666263603386,0.4717783316229292,0.8319526586552979,0.7460013150227611,5-class expected score 0-1
0.678,0.6159182183278569,0.8481215027977618,0.4666471191907345,0.6020427463589938,0.6715270848710453,0.664399738555464,0.6154507257990065,0.8621523579201935,0.4666471191907345,0.8319526586552979,0.7460013150227611,5-class expected score 0-1
0.679,0.6142752829499818,0.8502024291497976,0.46180911889752235,0.5985179555386662,0.6719637162987989,0.6637945231730659,0.6136801968102605,0.8657799274486094,0.46180911889752235,0.8319526586552979,0.7460013150227611,5-class expected score 0-1
0.68,0.613179992698065,0.8518114955053119,0.458437179299223,0.5960731986275257,0.672371087491846,0.663438662201002,0.6124849355659521,0.8684401451027811,0.458437179299223,0.8319526586552979,0.7460013150227611,5-class expected score 0-1
0.681,0.6113545089448704,0.8541033434650456,0.453159360797537,0.5921455938697318,0.6728605854574785,0.6627344566986476,0.6104905096266371,0.8723095525997582,0.453159360797537,0.8319526586552979,0.7460013150227611,5-class expected score 0-1
0.682,0.6093464768163563,0.8553846153846154,0.44832136050432486,0.5883031935359754,0.6727810490552666,0.6616455653791273,0.6083231841247088,0.8749697702539299,0.44832136050432486,0.8319526586552979,0.7460013150227611,5-class expected score 0-1
0.683,0.6072471705001825,0.8562535370684776,0.443629966280604,0.5844519555770159,0.6724679164727998,0.6603881391257918,0.6060617483171918,0.8771463119709795,0.443629966280604,0.8319526586552979,0.7460013150227611,5-class expected score 0-1
0.684,0.6060606060606061,0.8575506708535541,0.4404046327517959,0.5819449825648974,0.6727039547746907,0.6598637432199125,0.604745359767088,0.879322853688029,0.4404046327517959,0.8319526586552979,0.7460013150227611,5-class expected score 0-1
0.685,0.6045089448703906,0.8593298671288273,0.4361530567365489,0.5786249149081008,0.6730596493370318,0.6591889830236554,0.6030109697938904,0.8822249093107618,0.4361530567365489,0.8319526586552979,0.7460013150227611,5-class expected score 0-1
0.686,0.6037787513691129,0.8608847497089639,0.4336607535551972,0.5767768353319684,0.6735939705991628,0.6590311022915043,0.602159331436898,0.8844014510278113,0.4336607535551972,0.8319526586552979,0.7460013150227611,5-class expected score 0-1
0.687,0.6012230741146404,0.8603762492651381,0.4291159654009676,0.5726303433434412,0.6724438831710917,0.657121465167231,0.5994300660168315,0.8851269649334945,0.4291159654009676,0.8319526586552979,0.7460013150227611,5-class expected score 0-1
0.6880000000000001,0.5999452354874042,0.8627976190476191,0.42501099545521187,0.5694921913368038,0.6732366188971639,0.6567618459742807,0.5979333772300761,0.8885126964933494,0.42501099545521187,0.8319526586552979,0.7460013150227611,5-class expected score 0-1
0.6890000000000001,0.5988499452354874,0.8642642642642643,0.421932267995895,0.5670377302728795,0.6736086598006347,0.656310753103147,0.59667250853411,0.890689238210399,0.421932267995895,0.8319526586552979,0.7460013150227611,5-class expected score 0-1
0.6900000000000001,0.5965680905439942,0.864782740808265,0.41724087377217417,0.5628955696202531,0.6730958713826061,0.6548114888812503,0.5941596492169062,0.8923821039903265,0.41724087377217417,0.8319526586552979,0.7460013150227611,5-class expected score 0-1
0.6910000000000001,0.5950164293537787,0.866318377381684,0.4132825098959097,0.5596029776674938,0.673356540028157,0.6540414967859234,0.5923806896447632,0.8948004836759371,0.4132825098959097,0.8319526586552979,0.7460013150227611,5-class expected score 0-1
0.6920000000000001,0.5928258488499453,0.8673723536737236,0.40844450960269757,0.5553672879497658,0.6731618999773576,0.6527107674978422,0.5899153133073183,0.8969770253929867,0.40844450960269757,0.8319526586552979,0.7460013150227611,5-class expected score 0-1
0.6930000000000001,0.5911829134720701,0.868470736312146,0.40463275179592434,0.5520552055205521,0.6731785412082715,0.6517722404686997,0.5880396903956324,0.8989117291414752,0.40463275179592434,0.8319526586552979,0.7460013150227611,5-class expected score 0-1
0.6940000000000001,0.589539978094195,0.8705357142857143,0.40023456971118604,0.5483579391382947,0.6736949671172817,0.651024177237697,0.5860986684399128,0.9018137847642079,0.40023456971118604,0.8319526586552979,0.7460013150227611,5-class expected score 0-1
0.6950000000000001,0.5875319459656809,0.8708118556701031,0.39627620583492157,0.5446851385390428,0.6731797434234367,0.6496495902209675,0.5838466987431178,0.9030229746070133,0.39627620583492157,0.8319526586552979,0.7460013150227611,5-class expected score 0-1
0.6960000000000001,0.5858890105878057,0.8715029277813924,0.39275766016713093,0.5414855987872663,0.6730008929696102,0.6486158312927554,0.581968562895339,0.9044740024183797,0.39275766016713093,0.8319526586552979,0.7460013150227611,5-class expected score 0-1
0.6970000000000001,0.5832420591456736,0.8727272727272727,0.38704002345697114,0.5362583790371724,0.672777707729164,0.6469662027804808,0.5789198409357916,0.9068923821039904,0.38704002345697114,0.8319526586552979,0.7460013150227611,5-class expected score 0-1
0.6980000000000001,0.5826944140197152,0.8759612169842862,0.38410790206714557,0.5340399510803098,0.6742643498606302,0.6471930078654954,0.5780943557054441,0.9102781136638453,0.38410790206714557,0.8319526586552979,0.7460013150227611,5-class expected score 0-1
0.6990000000000001,0.5805038335158818,0.8777589134125636,0.3789766896349509,0.5293876715134139,0.6744929881006146,0.6459575104764839,0.575495745850565,0.9129383313180169,0.3789766896349509,0.8319526586552979,0.7460013150227611,5-class expected score 0-1
0.7000000000000001,0.5787696239503468,0.8795595320027529,0.37472511361970384,0.5255474452554745,0.6748729337032399,0.6450409123116657,0.5734015437192432,0.9153567110036276,0.37472511361970384,0.8319526586552979,0.7460013150227611,5-class expected score 0-1
0.7010000000000001,0.5774917853231106,0.8808200138985407,0.37164638616038703,0.522734302505413,0.6751215692171584,0.644347981471971,0.5718559746376242,0.917049576783555,0.37164638616038703,0.8319526586552979,0.7460013150227611,5-class expected score 0-1
0.7020000000000001,0.5752099306316174,0.8816484677703417,0.3669549919366662,0.5182194616977226,0.6748392640687362,0.6428487172500743,0.5691815558570232,0.9187424425634825,0.3669549919366662,0.8319526586552979,0.7460013150227611,5-class expected score 0-1
0.7030000000000001,0.5732931726907631,0.8826676176890157,0.36285002199091043,0.5142857142857142,0.6747734555569711,0.6416426651671602,0.5669011382529735,0.9204353083434099,0.36285002199091043,0.8319526586552979,0.7460013150227611,5-class expected score 0-1
0.704,0.5703723986856517,0.8824167872648335,0.35757220348922447,0.5089201877934272,0.6737523389449167,0.6394874318534394,0.563537728357653,0.9214026602176542,0.35757220348922447,0.8319526586552979,0.7460013150227611,5-class expected score 0-1
0.705,0.5680905439941585,0.883302752293578,0.3528808092655036,0.5042949926670857,0.6735187069692893,0.6379881676315426,0.5608164272732161,0.9230955259975816,0.3528808092655036,0.8319526586552979,0.7460013150227611,5-class expected score 0-1
0.706,0.5659912376779846,0.8843005952380952,0.3484826271807653,0.499947418235356,0.6734033213249015,0.6366355094791372,0.5582862141567815,0.924788391777509,0.3484826271807653,0.8319526586552979,0.7460013150227611,5-class expected score 0-1
0.707,0.5635268346111719,0.8857359061672342,0.3432048086790793,0.49471682163989855,0.6734104768415865,0.635084871086819,0.5552793619767616,0.9269649334945587,0.3432048086790793,0.8319526586552979,0.7460013150227611,5-class expected score 0-1
0.708,0.5616100766703176,0.8871834228702993,0.33895323266383226,0.49050599342314627,0.6735917114351496,0.6339264349534397,0.552902175726391,0.9288996372430471,0.33895323266383226,0.8319526586552979,0.7460013150227611,5-class expected score 0-1
0.709,0.559784592917123,0.8884136858475894,0.3349948687875678,0.48653252422016396,0.6736915757482221,0.6327936859052712,0.5506390554641838,0.9305925030229746,0.3349948687875678,0.8319526586552979,0.7460013150227611,5-class expected score 0-1
0.71,0.5582329317269076,0.8895005898545025,0.33162292918926844,0.48312686885946177,0.6738005742568602,0.6318332300118047,0.5487040146018698,0.932043530834341,0.33162292918926844,0.8319526586552979,0.7460013150227611,5-class expected score 0-1
0.711,0.5554947060971157,0.8903561424569828,0.3261985046180912,0.47746781115879827,0.6734505082629008,0.6299674506161799,0.5453571584383572,0.9337363966142684,0.3261985046180912,0.8319526586552979,0.7460013150227611,5-class expected score 0-1
0.712,0.5533041255932822,0.8911896061713358,0.3218003225333529,0.47285652735889705,0.6732528744385468,0.6284938734794938,0.5426525272207852,0.9351874244256349,0.3218003225333529,0.8319526586552979,0.7460013150227611,5-class expected score 0-1
0.713,0.5514786418400877,0.8931958762886598,0.31754874651810583,0.46852693056456846,0.6737694303492296,0.6274563563303951,0.5402795713931322,0.9373639661426844,0.31754874651810583,0.8319526586552979,0.7460013150227611,5-class expected score 0-1
0.714,0.5496531580868931,0.8949351192967769,0.3134437765723501,0.46427795874049943,0.6741513462714771,0.6263712232317615,0.5379175969107945,0.9392986698911729,0.3134437765723501,0.8319526586552979,0.7460013150227611,5-class expected score 0-1
0.715,0.5468236582694413,0.8945578231292517,0.3084591702096467,0.45873759947672516,0.6731622216529569,0.6242416770032514,0.5344947907894655,0.9400241837968561,0.3084591702096467,0.8319526586552979,0.7460013150227611,5-class expected score 0-1
0.716,0.5454545454545454,0.8965962947005601,0.3050872306113473,0.45526143075913367,0.6738337582362094,0.6235230590783459,0.5326424616599114,0.9419588875453446,0.3050872306113473,0.8319526586552979,0.7460013150227611,5-class expected score 0-1
0.717,0.544267981014969,0.899825021872266,0.30156868494355665,0.4517404194575601,0.6751720265070673,0.6230938950715365,0.5309073046135907,0.9446191051995163,0.30156868494355665,0.8319526586552979,0.7460013150227611,5-class expected score 0-1
0.718,0.5429901423877328,0.9027531083481349,0.298050139275766,0.44814284139755317,0.6763305982917145,0.6225438120804465,0.529079598905802,0.947037484885127,0.298050139275766,0.8319526586552979,0.7460013150227611,5-class expected score 0-1
0.719,0.5407082876962395,0.9027465105808195,0.29394516933001025,0.44348595443485955,0.6757006737220068,0.6208540840604102,0.5262495817240342,0.9477629987908102,0.29394516933001025,0.8319526586552979,0.7460013150227611,5-class expected score 0-1
0.72,0.5393391748813435,0.9065077910174152,0.2899868054537458,0.4394090858602688,0.6772680281733987,0.6203259299336443,0.5242207719176625,0.9506650544135429,0.2899868054537458,0.8319526586552979,0.7460013150227611,5-class expected score 0-1
0.721,0.5383351588170865,0.9090487238979118,0.2872012901334115,0.4364973262032086,0.6783057504275378,0.6199005241477215,0.5227477354578195,0.9525997581620315,0.2872012901334115,0.8319526586552979,0.7460013150227611,5-class expected score 0-1
0.722,0.5369660460021906,0.9103286384976526,0.284269168743586,0.43324768182325996,0.6785950919657988,0.6190390583742114,0.5209213488199704,0.9538089480048367,0.284269168743586,0.8319526586552979,0.7460013150227611,5-class expected score 0-1
0.723,0.535140562248996,0.9118207816968541,0.28045741093681276,0.42897185783159547,0.6788726848199782,0.617858693376508,0.5184957803742754,0.9552599758162031,0.28045741093681276,0.8319526586552979,0.7460013150227611,5-class expected score 0-1
0.724,0.5338627236217598,0.9136100386100386,0.27752528954698724,0.42572810075340156,0.6794524754058748,0.6171181465872784,0.5167276343693269,0.9567110036275696,0.27752528954698724,0.8319526586552979,0.7460013150227611,5-class expected score 0-1
0.725,0.5325848849945235,0.9154447702834799,0.2745931681571617,0.4224653208525995,0.680056840809529,0.6163775997980488,0.5149505600046823,0.958162031438936,0.2745931681571617,0.8319526586552979,0.7460013150227611,5-class expected score 0-1
0.726,0.5307594012413289,0.9158415841584159,0.2712212285588623,0.41850469403913587,0.6797762083728516,0.6150543869517406,0.5125956260341804,0.9588875453446191,0.2712212285588623,0.8319526586552979,0.7460013150227611,5-class expected score 0-1
0.727,0.5292077400511136,0.9176293319939729,0.267849288960563,0.4146618247843849,0.6802870586350233,0.6140939310582743,0.5104606833845589,0.9603385731559855,0.267849288960563,0.8319526586552979,0.7460013150227611,5-class expected score 0-1
0.728,0.5274735304855787,0.918960244648318,0.26433074329277234,0.4105658658772629,0.6805163687106389,0.6129392531457816,0.508123971860103,0.9615477629987909,0.26433074329277234,0.8319526586552979,0.7460013150227611,5-class expected score 0-1
0.729,0.5254654983570646,0.9202072538860103,0.26037237941650787,0.4058964689749743,0.6806332081528434,0.611564666129052,0.5054328481186702,0.9627569528415961,0.26037237941650787,0.8319526586552979,0.7460013150227611,5-class expected score 0-1
0.73,0.5240051113545089,0.9217436974789915,0.257293651957191,0.40229226361031517,0.681044186344445,0.6106298973207962,0.5034135163505432,0.9639661426844015,0.257293651957191,0.8319526586552979,0.7460013150227611,5-class expected score 0-1
0.731,0.523001095290252,0.9217345319936542,0.2555343791232957,0.400137741046832,0.6807790144800041,0.6098711798881291,0.5021143250688705,0.9642079806529625,0.2555343791232957,0.8319526586552979,0.7460013150227611,5-class expected score 0-1
0.732,0.521266885724717,0.9222936763129689,0.25230904559448764,0.3962242431219063,0.6806187853512039,0.6086212700765667,0.49981344481237094,0.9649334945586457,0.25230904559448764,0.8319526586552979,0.7460013150227611,5-class expected score 0-1
0.733,0.5203541438481197,0.9232432432432433,0.250403166691101,0.39395686771998617,0.6808726648897965,0.608031087577715,0.49854175989277005,0.965659008464329,0.250403166691101,0.8319526586552979,0.7460013150227611,5-class expected score 0-1
0.734,0.5194414019715224,0.9246724890829694,0.24835068171822314,0.39154050618282676,0.6813739473034313,0.6074885210283981,0.49722586814533903,0.9666263603385732,0.24835068171822314,0.8319526586552979,0.7460013150227611,5-class expected score 0-1
0.735,0.5186199342825849,0.9271120927664274,0.246151590675854,0.38901760889712694,0.6824188129223061,0.6071144894128967,0.4959395273401297,0.9680773881499395,0.246151590675854,0.8319526586552979,0.7460013150227611,5-class expected score 0-1
0.736,0.5176159182183279,0.9280936454849499,0.2440991057029761,0.3865351131746953,0.6826672113039244,0.6064510038792994,0.49453851996254505,0.9688029020556227,0.2440991057029761,0.8319526586552979,0.7460013150227611,5-class expected score 0-1
0.737,0.5167031763417306,0.9286516853932584,0.24233983286908078,0.3843739100104639,0.682721657866638,0.6058132054309129,0.49329130479112326,0.9692865779927449,0.24233983286908078,0.8319526586552979,0.7460013150227611,5-class expected score 0-1
0.738,0.514877692588536,0.9288154897494305,0.23911449934027268,0.3803194590183048,0.682342527483411,0.6044423766350698,0.4908721404577838,0.969770253929867,0.23911449934027268,0.8319526586552979,0.7460013150227611,5-class expected score 0-1
0.739,0.5139649507119387,0.9308755760368663,0.23691540829790353,0.37770246581745937,0.6831709767386067,0.603947426035288,0.48948769865189706,0.9709794437726723,0.23691540829790353,0.8319526586552979,0.7460013150227611,5-class expected score 0-1
0.74,0.5127783862723622,0.9313554392088423,0.23471631725553438,0.37494145199063234,0.6831184471133527,0.6030897184826645,0.4878745548915172,0.9714631197097945,0.23471631725553438,0.8319526586552979,0.7460013150227611,5-class expected score 0-1
0.741,0.5114092734574662,0.9312573443008225,0.23237062014367396,0.3719347647541945,0.6827239822865686,0.6020377889110148,0.4860644770070173,0.9717049576783555,0.23237062014367396,0.8319526586552979,0.7460013150227611,5-class expected score 0-1
0.742,0.5106790799561884,0.9324644549763034,0.2307579533792699,0.3699612175343754,0.6831614463055881,0.6015942124816543,0.4849880697833781,0.9724304715840387,0.2307579533792699,0.8319526586552979,0.7460013150227611,5-class expected score 0-1
0.743,0.5098576122672508,0.9336521219366407,0.2289986805453746,0.367789027548858,0.6835663388957145,0.6010773330175483,0.4837901763172819,0.9731559854897219,0.2289986805453746,0.8319526586552979,0.7460013150227611,5-class expected score 0-1
0.744,0.5092186929536328,0.9354644149577804,0.22738601378097054,0.3658450288949169,0.6843379291394623,0.6007546755724683,0.48278107173175827,0.9741233373639662,0.22738601378097054,0.8319526586552979,0.7460013150227611,5-class expected score 0-1
0.745,0.5079408543263965,0.9354445797807551,0.22518692273860139,0.3629918468628146,0.6840095993170471,0.5997760490355643,0.4810721000988175,0.9743651753325272,0.22518692273860139,0.8319526586552979,0.7460013150227611,5-class expected score 0-1
0.746,0.5064804673238408,0.9364197530864198,0.2224014074182671,0.359436085771828,0.6841481798851122,0.5987460483282387,0.47902767097588506,0.9750906892382104,0.2224014074182671,0.8319526586552979,0.7460013150227611,5-class expected score 0-1
0.747,0.5052026286966046,0.9369538077403246,0.2200557103064067,0.3564050813249436,0.6841065810136303,0.5978150377408696,0.4772610327671497,0.9755743651753326,0.2200557103064067,0.8319526586552979,0.7460013150227611,5-class expected score 0-1
0.748,0.5039247900693684,0.9369482976040353,0.21785661926403754,0.35351492803616036,0.6837889833804595,0.5968364112039656,0.4755356943031598,0.9758162031438936,0.21785661926403754,0.8319526586552979,0.7460013150227611,5-class expected score 0-1
0.749,0.5024644030668127,0.9379795396419437,0.21507110394370327,0.3499105545617174,0.6839599572144983,0.5958064104966401,0.4734693602260794,0.9765417170495768,0.21507110394370327,0.8319526586552979,0.7460013150227611,5-class expected score 0-1
0.75,0.5009127418765973,0.9384316267012314,0.21228558862336902,0.34624581539933047,0.6838126475161315,0.594655490805034,0.47132190386146033,0.9770253929866989,0.21228558862336902,0.8319526586552979,0.7460013150227611,5-class expected score 0-1
0.751,0.49981745162468055,0.9385219097449313,0.2103797097199824,0.3437125748502994,0.6835921312806549,0.5938234703376212,0.46982118935701817,0.97726723095526,0.2103797097199824,0.8319526586552979,0.7460013150227611,5-class expected score 0-1
0.752,0.4988134355604235,0.9392338177014531,0.20847383081659582,0.3412117576484703,0.6837134985562974,0.5931123688544889,0.46838889421791563,0.9777509068923821,0.20847383081659582,0.8319526586552979,0.7460013150227611,5-class expected score 0-1
0.753,0.4977181453085068,0.9410977242302544,0.20612813370473537,0.3381840048105833,0.6844042838018742,0.5924231962356808,0.4667311875196551,0.9787182587666263,0.20612813370473537,0.8319526586552979,0.7460013150227611,5-class expected score 0-1
0.754,0.4959839357429719,0.9415363698164514,0.20304940624541856,0.3340569223347805,0.6842104621881413,0.5911256704745835,0.4643118679221626,0.9792019347037485,0.20304940624541856,0.8319526586552979,0.7460013150227611,5-class expected score 0-1
0.755,0.49461482292807596,0.9421487603305785,0.20055710306406685,0.33071437205366855,0.6841951714110805,0.5901213568524687,0.46237309628418455,0.9796856106408706,0.20055710306406685,0.8319526586552979,0.7460013150227611,5-class expected score 0-1
0.756,0.49324571011317997,0.9433962264150944,0.19791819381322387,0.3271934076587494,0.6845065121576784,0.5891646591798888,0.4603756203740306,0.9804111245465538,0.19791819381322387,0.8319526586552979,0.7460013150227611,5-class expected score 0-1
0.757,0.49215041986126323,0.9435426958362738,0.19601231490983725,0.32459334789997574,0.6843198330842969,0.5883326387124761,0.4588448676021745,0.9806529625151149,0.19601231490983725,0.8319526586552979,0.7460013150227611,5-class expected score 0-1
0.758,0.49096385542168675,0.9449213161659513,0.19366661779797684,0.3214502980897919,0.6847435624562755,0.5875225471093874,0.45708095127961446,0.9813784764207981,0.19366661779797684,0.8319526586552979,0.7460013150227611,5-class expected score 0-1
0.759,0.4899598393574297,0.9451263537906137,0.19190734496408152,0.3190348525469169,0.6846099849613396,0.5867638296767204,0.4556650988256254,0.9816203143893591,0.19190734496408152,0.8319526586552979,0.7460013150227611,5-class expected score 0-1
0.76,0.4879518072289157,0.9442406456346295,0.1886820114352734,0.31451612903225806,0.6836808356912853,0.5851511629123163,0.452931141439206,0.9816203143893591,0.1886820114352734,0.8319526586552979,0.7460013150227611,5-class expected score 0-1
0.761,0.48640014603870024,0.9441964285714286,0.18604310218443043,0.3108389467238212,0.6832925546935379,0.5839526272711753,0.4507566378341591,0.9818621523579202,0.18604310218443043,0.8319526586552979,0.7460013150227611,5-class expected score 0-1
0.762,0.4850310332238043,0.9455782312925171,0.18340419293358745,0.30722003929273084,0.6836787658071637,0.5829959295985954,0.4487146100008105,0.9825876662636034,0.18340419293358745,0.8319526586552979,0.7460013150227611,5-class expected score 0-1
0.763,0.4839357429718876,0.9471264367816092,0.1812051018912183,0.30420871277381245,0.6842149643238685,0.5822591410302524,0.44704124888654356,0.9833131801692866,0.1812051018912183,0.8319526586552979,0.7460013150227611,5-class expected score 0-1
0.764,0.4825666301569916,0.9472049689440993,0.17885940477935786,0.3009002343075595,0.6839355419813588,0.5812072114586028,0.44509620858317916,0.9835550181378476,0.17885940477935786,0.8319526586552979,0.7460013150227611,5-class expected score 0-1
0.765,0.4810149689667762,0.946498819826908,0.17636710159800617,0.29733069698467623,0.683213271555168,0.5799610598679269,0.4429489953809054,0.9835550181378476,0.17636710159800617,0.8319526586552979,0.7460013150227611,5-class expected score 0-1
0.766,0.47946330777656077,0.9479166666666666,0.17343498020818063,0.29322096914115753,0.6835792645241038,0.5788577561258558,0.4406218982814796,0.9842805320435308,0.17343498020818063,0.8319526586552979,0.7460013150227611,5-class expected score 0-1
0.767,0.4779116465863454,0.9479251423921887,0.17079607095733762,0.2894409937888199,0.6832254477253429,0.5776592204847147,0.43840106246936306,0.9845223700120919,0.17079607095733762,0.8319526586552979,0.7460013150227611,5-class expected score 0-1
0.768,0.4767250821467689,0.9481054365733114,0.16874358598445977,0.2864965774735532,0.6830447117171627,0.5767538969825564,0.4366834692512971,0.984764207980653,0.16874358598445977,0.8319526586552979,0.7460013150227611,5-class expected score 0-1
0.769,0.47599488864549105,0.9485049833887044,0.16742413135903828,0.2846105919003115,0.6830814498567804,0.5762150886541262,0.4356011841909565,0.985006045949214,0.16742413135903828,0.8319526586552979,0.7460013150227611,5-class expected score 0-1
0.77,0.4746257758305951,0.9493670886075949,0.16493182817768656,0.2810392205845616,0.6832087720184633,0.5752107750320113,0.43355858627387145,0.9854897218863361,0.16493182817768656,0.8319526586552979,0.7460013150227611,5-class expected score 0-1
0.771,0.47289156626506024,0.9485420240137221,0.1621463128573523,0.27695004382120947,0.6823915431611001,0.5738180173718442,0.43111416015117926,0.9854897218863361,0.1621463128573523,0.8319526586552979,0.7460013150227611,5-class expected score 0-1
0.772,0.47106608251186566,0.9476439790575916,0.15921419146752674,0.27262457637755744,0.681518217867226,0.5723519566769314,0.4285317216774843,0.9854897218863361,0.15921419146752674,0.8319526586552979,0.7460013150227611,5-class expected score 0-1
0.773,0.4697882438846294,0.9493783303730018,0.15672188828617506,0.2690323392475148,0.6821154113716484,0.5714685620390971,0.4265319232936464,0.9862152357920193,0.15672188828617506,0.8319526586552979,0.7460013150227611,5-class expected score 0-1
0.774,0.46832785688207373,0.9486486486486486,0.15437619117431461,0.26554028495776066,0.6814134975926567,0.570295713483167,0.42445171032095175,0.9862152357920193,0.15437619117431461,0.8319526586552979,0.7460013150227611,5-class expected score 0-1
0.775,0.46741511500547644,0.9481818181818182,0.15291013047940186,0.26335058704709,0.6809699675324675,0.5695626831357106,0.4231483833670158,0.9862152357920193,0.15291013047940186,0.8319526586552979,0.7460013150227611,5-class expected score 0-1
0.776,0.46595472800292076,0.9499072356215214,0.15012461515906758,0.2592733257374351,0.6815237737127651,0.5685326824283851,0.42086623540850204,0.9869407496977025,0.15012461515906758,0.8319526586552979,0.7460013150227611,5-class expected score 0-1
0.777,0.464859437751004,0.950187969924812,0.148218736255681,0.2564362714013951,0.6814223311006996,0.5677006619609724,0.41922833032535,0.9871825876662637,0.148218736255681,0.8319526586552979,0.7460013150227611,5-class expected score 0-1
0.778,0.4635815991237678,0.950381679389313,0.14601964521331184,0.25314525352649636,0.6812364593959079,0.5667220354240683,0.4173224665410734,0.9874244256348247,0.14601964521331184,0.8319526586552979,0.7460013150227611,5-class expected score 0-1
0.779,0.46248630887185105,0.9498069498069498,0.1442603723794165,0.25047728140511644,0.6806998458712168,0.5658423990071206,0.4157402415563469,0.9874244256348247,0.1442603723794165,0.8319526586552979,0.7460013150227611,5-class expected score 0-1
0.78,0.4600219058050383,0.9493545183714002,0.14015540243366076,0.24425140521205926,0.6799240176538879,0.5639108330185232,0.4121001416858365,0.9876662636033857,0.14015540243366076,0.8319526586552979,0.7460013150227611,5-class expected score 0-1
0.781,0.4592917123037605,0.9498495486459378,0.13883594780823927,0.24226144794064977,0.680015646900537,0.5633720246900931,0.41097037204752085,0.9879081015719468,0.13883594780823927,0.8319526586552979,0.7460013150227611,5-class expected score 0-1
0.782,0.45792259948886455,0.950920245398773,0.13634364462688756,0.23849211437363765,0.6802606839341029,0.5623677110679782,0.40883721427602737,0.9883917775090689,0.13634364462688756,0.8319526586552979,0.7460013150227611,5-class expected score 0-1
0.783,0.457101131799927,0.9513960703205792,0.13487758393197477,0.23626091422701592,0.6803231227566455,0.5617555997048024,0.40756687739104974,0.98863361547763,0.13487758393197477,0.8319526586552979,0.7460013150227611,5-class expected score 0-1
0.784,0.4562796641109894,0.9528301886792453,0.13326491716757075,0.23382636655948552,0.680874202517987,0.5611911042911615,0.4062249184427901,0.9891172914147521,0.13326491716757075,0.8319526586552979,0.7460013150227611,5-class expected score 0-1
0.785,0.4546367287331143,0.953862660944206,0.1303327957777452,0.22933058171030568,0.6810414661464845,0.5599668815648097,0.4036687515515297,0.9896009673518742,0.1303327957777452,0.8319526586552979,0.7460013150227611,5-class expected score 0-1
0.786,0.45390653523183644,0.9544468546637744,0.1290133411523237,0.22730207929742993,0.6811799750695791,0.5594280732363796,0.40252110810802755,0.9898428053204353,0.1290133411523237,0.8319526586552979,0.7460013150227611,5-class expected score 0-1
0.787,0.45189850310332236,0.9533333333333334,0.1257880076235156,0.22225100375599016,0.6801770087509944,0.5578154064719755,0.3995477413255323,0.9898428053204353,0.1257880076235156,0.8319526586552979,0.7460013150227611,5-class expected score 0-1
0.788,0.45125958378970427,0.9570621468926553,0.12417534085911157,0.21982870490526862,0.6819368921336477,0.5574927490268956,0.3983136203675998,0.9908101571946796,0.12417534085911157,0.8319526586552979,0.7460013150227611,5-class expected score 0-1
0.789,0.44934282584884994,0.958139534883721,0.1208034012608122,0.21455539643275615,0.6820709560314009,0.5560486171963069,0.39531086524610193,0.9912938331318016,0.1208034012608122,0.8319526586552979,0.7460013150227611,5-class expected score 0-1
0.79,0.44760861628331505,0.9571938168846611,0.11801788594047793,0.21012790394152964,0.6812167799203335,0.5546558595361398,0.3927130747777824,0.9912938331318016,0.11801788594047793,0.8319526586552979,0.7460013150227611,5-class expected score 0-1
0.791,0.4462395034684191,0.9575242718446602,0.1156721888286175,0.20640941792020928,0.6810913897715207,0.5536039299644901,0.39058117212685306,0.9915356711003628,0.1156721888286175,0.8319526586552979,0.7460013150227611,5-class expected score 0-1
0.792,0.44468784227820374,0.9566294919454771,0.11317988564726579,0.20241216570529627,0.6803050898489825,0.5523577783738143,0.38824052698594413,0.9915356711003628,0.11317988564726579,0.8319526586552979,0.7460013150227611,5-class expected score 0-1
0.793,0.4434100036509675,0.9581749049429658,0.11083418853540536,0.19868593955321945,0.6808185432553916,0.5514267677864451,0.3861560029188276,0.9920193470374848,0.11083418853540536,0.8319526586552979,0.7460013150227611,5-class expected score 0-1
0.794,0.4419496166484118,0.9584954604409858,0.10834188535405366,0.19467860906217072,0.6806713924688974,0.5503015351800499,0.38386165089980046,0.992261185006046,0.10834188535405366,0.8319526586552979,0.7460013150227611,5-class expected score 0-1
0.795,0.4408543263964951,0.9578392621870883,0.10658261252015834,0.19182058047493403,0.6801062546102647,0.5494218987631022,0.38219273511606033,0.992261185006046,0.10658261252015834,0.8319526586552979,0.7460013150227611,5-class expected score 0-1
0.796,0.43957648776925884,0.9595141700404858,0.10423691540829791,0.1880454906109495,0.6806870899150055,0.548490888175733,0.3800854630755096,0.992744860943168,0.10423691540829791,0.8319526586552979,0.7460013150227611,5-class expected score 0-1
0.797,0.43692953632712667,0.9578651685393258,0.09998533939305088,0.18106995884773663,0.6792937713059768,0.5463651001681095,0.3760207572943739,0.992744860943168,0.09998533939305088,0.8319526586552979,0.7460013150227611,5-class expected score 0-1
0.798,0.4356516976998905,0.9583333333333334,0.09778624835068171,0.17746441399494478,0.6792641325536063,0.5453864736312054,0.3739701368342213,0.9929866989117292,0.09778624835068171,0.8319526586552979,0.7460013150227611,5-class expected score 0-1
0.799,0.434465133260314,0.9588839941262849,0.09573376337780384,0.17408691015729139,0.6792960116616826,0.5444811501290471,0.37205386451653605,0.9932285368802902,0.09573376337780384,0.8319526586552979,0.7460013150227611,5-class expected score 0-1
0.8,0.4333698430083972,0.95952023988006,0.09382788447441724,0.17094017094017094,0.6793907934748731,0.5436491296616343,0.370273191404639,0.9934703748488513,0.09382788447441724,0.8319526586552979,0.7460013150227611,5-class expected score 0-1
0.801,0.4319094560058416,0.9599383667180277,0.09133558129306553,0.16680053547523427,0.6792997354110173,0.542523897055239,0.3679176476019018,0.9937122128174123,0.09133558129306553,0.8319526586552979,0.7460013150227611,5-class expected score 0-1
0.802,0.43008397225264694,0.958664546899841,0.08840345990324,0.16187919463087247,0.6782767878297017,0.5410578363603261,0.3650635082544488,0.9937122128174123,0.08840345990324,0.8319526586552979,0.7460013150227611,5-class expected score 0-1
0.803,0.42880613362541076,0.9577235772357724,0.08635097493036212,0.15841850457235074,0.6775369650998512,0.5400315938738872,0.3630583818799858,0.9937122128174123,0.08635097493036212,0.8319526586552979,0.7460013150227611,5-class expected score 0-1
0.804,0.42734574662285507,0.9596638655462185,0.08371206567951914,0.1539913700107875,0.6782201192415969,0.5389539772170268,0.3605911596190803,0.9941958887545345,0.08371206567951914,0.8319526586552979,0.7460013150227611,5-class expected score 0-1
0.805,0.4264330047462578,0.9605488850771869,0.08209939891511508,0.151269584008644,0.6784813257931968,0.5382685628191053,0.3590646238212506,0.9944377267230955,0.08209939891511508,0.8319526586552979,0.7460013150227611,5-class expected score 0-1
0.806,0.42488134355604235,0.9593639575971732,0.07960709573376337,0.14701502639772573,0.677564558201859,0.5370224112284294,0.35660561991142736,0.9944377267230955,0.07960709573376337,0.8319526586552979,0.7460013150227611,5-class expected score 0-1
0.807,0.4238773274917853,0.9618874773139746,0.07770121683037677,0.14378730330982095,0.6786371552836091,0.5363113097452972,0.35483725550635475,0.9949214026602177,0.07770121683037677,0.8319526586552979,0.7460013150227611,5-class expected score 0-1
0.808,0.4228733114275283,0.9611111111111111,0.07608855006597273,0.14101344925961146,0.6780401945724527,0.5355049763630952,0.35323643392813575,0.9949214026602177,0.07608855006597273,0.8319526586552979,0.7460013150227611,5-class expected score 0-1
0.809,0.42177802117561153,0.9655172413793104,0.07388945902360358,0.13727359389895138,0.6800463339348153,0.5347681877947522,0.35122311035465104,0.9956469165659009,0.07388945902360358,0.8319526586552979,0.7460013150227611,5-class expected score 0-1
0.81,0.4207740051113545,0.9647749510763209,0.07227679225919953,0.13447899618112383,0.6794674180944075,0.5339618544125502,0.34961261194515725,0.9956469165659009,0.07227679225919953,0.8319526586552979,0.7460013150227611,5-class expected score 0-1
0.811,0.419587440671778,0.9676113360323887,0.07007770121683038,0.13069036226930963,0.6806609538124092,0.5331041468599267,0.3475264512586529,0.9961305925030229,0.07007770121683038,0.8319526586552979,0.7460013150227611,5-class expected score 0-1
0.812,0.41885724717050016,0.9670781893004116,0.06890485266090016,0.12864376625153962,0.6802439657103777,0.5325177225819615,0.34634858630961096,0.9961305925030229,0.06890485266090016,0.8319526586552979,0.7460013150227611,5-class expected score 0-1
0.8130000000000001,0.4183096020445418,0.9686192468619247,0.06787861017446123,0.1268666940676805,0.6809120284700919,0.5321255203230226,0.34537408473314907,0.9963724304715841,0.06787861017446123,0.8319526586552979,0.7460013150227611,5-class expected score 0-1
0.8140000000000001,0.41712303760496533,0.9697624190064795,0.06582612520158335,0.12328390993959364,0.6812502174132751,0.5312201968208642,0.34336194403186954,0.9966142684401451,0.06582612520158335,0.8319526586552979,0.7460013150227611,5-class expected score 0-1
0.8150000000000001,0.41621029572836804,0.9690949227373068,0.06436006450667058,0.12070387682155623,0.6807295045943984,0.5304871664734079,0.34187946949425946,0.9966142684401451,0.06436006450667058,0.8319526586552979,0.7460013150227611,5-class expected score 0-1
0.8160000000000001,0.4152975538517707,0.9683972911963883,0.0628940038117578,0.11811674008810573,0.6801940798224879,0.5297541361259515,0.34039370592608453,0.9966142684401451,0.0628940038117578,0.8319526586552979,0.7460013150227611,5-class expected score 0-1
0.8170000000000001,0.4137458926615553,0.9671361502347418,0.0604017006304061,0.11370222160894163,0.6792470874630498,0.5285079845352756,0.3378603163960153,0.9966142684401451,0.0604017006304061,0.8319526586552979,0.7460013150227611,5-class expected score 0-1
0.8180000000000001,0.4129244249726177,0.9686746987951808,0.05893563993549333,0.1111111111111111,0.6798595958637701,0.5278958731720997,0.3364222767329881,0.9968561064087061,0.05893563993549333,0.8319526586552979,0.7460013150227611,5-class expected score 0-1
0.8190000000000001,0.411829134720701,0.967741935483871,0.05717636710159801,0.1079734219269103,0.67917088245813,0.5270162367551521,0.33462396586541593,0.9968561064087061,0.05717636710159801,0.8319526586552979,0.7460013150227611,5-class expected score 0-1
0.8200000000000001,0.4109163928441037,0.9669211195928753,0.055710306406685235,0.10535070695869143,0.6785755839373067,0.5262832064076957,0.33312167270645143,0.9968561064087061,0.055710306406685235,0.8319526586552979,0.7460013150227611,5-class expected score 0-1
0.8210000000000001,0.4100036509675064,0.9660574412532638,0.05424424571177247,0.10272071071626875,0.6779592039331674,0.5255501760602393,0.3316159985455154,0.9968561064087061,0.05424424571177247,0.8319526586552979,0.7460013150227611,5-class expected score 0-1
0.8220000000000001,0.40927345746622856,0.967828418230563,0.052924791086350974,0.10036141228801779,0.6787077459195903,0.5250113677318091,0.3303138764117083,0.9970979443772672,0.052924791086350974,0.8319526586552979,0.7460013150227611,5-class expected score 0-1
0.8230000000000001,0.4086345381526104,0.9672131147540983,0.05189854859991204,0.09851120077918464,0.6782713354695893,0.5244982464885896,0.32925560038959234,0.9970979443772672,0.05189854859991204,0.8319526586552979,0.7460013150227611,5-class expected score 0-1
0.8240000000000001,0.40763052208835343,0.9661971830985916,0.05028588183550799,0.09559643255295429,0.6775613780788685,0.5236919131063876,0.3275892043329375,0.9970979443772672,0.05028588183550799,0.8319526586552979,0.7460013150227611,5-class expected score 0-1
0.8250000000000001,0.4069916027747353,0.9682080924855492,0.04911303327957778,0.09348402399888377,0.6784490038299564,0.523226407812703,0.32643004184006585,0.9973397823458283,0.04911303327957778,0.8319526586552979,0.7460013150227611,5-class expected score 0-1
0.8260000000000001,0.40589631252281855,0.9670658682634731,0.04735376044568245,0.09028651292802237,0.6776583342447096,0.5223467713957554,0.32460385143588893,0.9973397823458283,0.04735376044568245,0.8319526586552979,0.7460013150227611,5-class expected score 0-1
0.8270000000000001,0.4057137641474991,0.9696969696969697,0.04691394223720862,0.08949797231156481,0.6789478637304724,0.522247781275799,0.3242015977674618,0.9975816203143894,0.04691394223720862,0.8319526586552979,0.7460013150227611,5-class expected score 0-1
0.8280000000000001,0.40470974808324206,0.9716088328075709,0.045154669403313294,0.08629868310451107,0.679713618396454,0.5214890638431319,0.3224237425269408,0.9978234582829504,0.045154669403313294,0.8319526586552979,0.7460013150227611,5-class expected score 0-1
0.8290000000000001,0.40379700620664477,0.9706840390879479,0.04368860870840053,0.08361391694725027,0.679069130070784,0.5207560334956755,0.320892456309123,0.9978234582829504,0.04368860870840053,0.8319526586552979,0.7460013150227611,5-class expected score 0-1
0.8300000000000001,0.40306681270536693,0.9698996655518395,0.042515760152470314,0.08146067415730338,0.6785315161765015,0.5201696092177104,0.31966489629985234,0.9978234582829504,0.042515760152470314,0.8319526586552979,0.7460013150227611,5-class expected score 0-1
0.8310000000000001,0.40251916757940853,0.9692832764505119,0.041636123735522654,0.0798425639583919,0.6781143944852204,0.5197297910092366,0.3187427443389743,0.9978234582829504,0.041636123735522654,0.8319526586552979,0.7460013150227611,5-class expected score 0-1
0.8320000000000001,0.4019715224534502,0.9719298245614035,0.04060988124908371,0.07796228539262595,0.6793394788630277,0.5193375887502976,0.3177194920141571,0.9980652962515115,0.04060988124908371,0.8319526586552979,0.7460013150227611,5-class expected score 0-1
0.833,0.401697699890471,0.975,0.0400234569711186,0.07689057879171948,0.680830835518921,0.5191652955955955,0.3171570576761919,0.9983071342200726,0.0400234569711186,0.8319526586552979,0.7460013150227611,5-class expected score 0-1
0.834,0.40096750638919315,0.9777777777777777,0.03870400234569711,0.07446058383866873,0.6820855948593174,0.5186264872671653,0.31582148009826966,0.9985489721886336,0.03870400234569711,0.8319526586552979,0.7460013150227611,5-class expected score 0-1
0.835,0.40014603870025556,0.9770114942528736,0.03738454772027562,0.07201355549279864,0.6815398752236785,0.5179667599544546,0.31442889507613636,0.9985489721886336,0.03738454772027562,0.8319526586552979,0.7460013150227611,5-class expected score 0-1
0.836,0.399324571011318,0.9761904761904762,0.036065093094854124,0.06956029973137283,0.6809670617125774,0.5173070326417438,0.3130334014325036,0.9985489721886336,0.036065093094854124,0.8319526586552979,0.7460013150227611,5-class expected score 0-1
0.837,0.3988682000730194,0.9795918367346939,0.035185456677906464,0.06793093688083782,0.6825883747206286,0.5169881334175506,0.31215487972965505,0.9987908101571947,0.035185456677906464,0.8319526586552979,0.7460013150227611,5-class expected score 0-1
0.838,0.3987769258853596,0.9795081967213115,0.03503885060841519,0.06765746638358103,0.6825285569118134,0.516914830382805,0.3119994074020687,0.9987908101571947,0.03503885060841519,0.8319526586552979,0.7460013150227611,5-class expected score 0-1
0.839,0.398320554947061,0.9790794979079498,0.034305820260958804,0.06628895184135977,0.6822242688755947,0.5165483152090767,0.3112215025837555,0.9987908101571947,0.034305820260958804,0.8319526586552979,0.7460013150227611,5-class expected score 0-1
0.84,0.3977729098211026,0.9785407725321889,0.033426183844011144,0.06464417351857102,0.681847090546613,0.5161084970006029,0.3102868195631622,0.9987908101571947,0.033426183844011144,0.8319526586552979,0.7460013150227611,5-class expected score 0-1
0.841,0.3972252646951442,0.9779735682819384,0.032546547427063484,0.06299659477866061,0.681455793368297,0.5156686787921291,0.3093508269910526,0.9987908101571947,0.032546547427063484,0.8319526586552979,0.7460013150227611,5-class expected score 0-1
0.842,0.39667761956918585,0.9773755656108597,0.03166691101011582,0.061346208463504685,0.6810492173652808,0.5152288605836552,0.30841352117862525,0.9987908101571947,0.03166691101011582,0.8319526586552979,0.7460013150227611,5-class expected score 0-1
0.843,0.3965863453815261,0.9861111111111112,0.031227092801641987,0.060537160721898534,0.6854205462445686,0.5152507894479794,0.3080500929659913,0.9992744860943168,0.031227092801641987,0.8319526586552979,0.7460013150227611,5-class expected score 0-1
0.844,0.395947426067908,0.9856459330143541,0.03020085031520305,0.05860597439544808,0.6850626613057255,0.51473766820476,0.30695384057764613,0.9992744860943168,0.03020085031520305,0.8319526586552979,0.7460013150227611,5-class expected score 0-1
0.845,0.39549105512960936,0.9852941176470589,0.029467819967746663,0.05722419928825623,0.6847973564425771,0.5143711530310318,0.3061697002352479,0.9992744860943168,0.029467819967746663,0.8319526586552979,0.7460013150227611,5-class expected score 0-1
0.846,0.39494341000365096,0.9897959183673469,0.028441577481307725,0.0552942853071113,0.6869518625293984,0.5139789507720928,0.30512280562770805,0.9995163240628778,0.028441577481307725,0.8319526586552979,0.7460013150227611,5-class expected score 0-1
0.847,0.3942132165023731,0.9893617021276596,0.02726872892537751,0.05307461834783849,0.6865920694887927,0.5133925264941277,0.30386402191632006,0.9995163240628778,0.02726872892537751,0.8319526586552979,0.7460013150227611,5-class expected score 0-1
0.848,0.3940306681270537,0.989247311827957,0.026975516786394958,0.052518909661766804,0.6864992362296702,0.5132459204246363,0.30354895499861234,0.9995163240628778,0.026975516786394958,0.8319526586552979,0.7460013150227611,5-class expected score 0-1
0.849,0.39357429718875503,0.988950276243094,0.026242486438938572,0.051128249071693804,0.6862616810449809,0.5128794052509082,0.3027606369436269,0.9995163240628778,0.026242486438938572,0.8319526586552979,0.7460013150227611,5-class expected score 0-1
0.85,0.3928441036874772,0.9884393063583815,0.025069637883008356,0.048899056334000573,0.685863908024781,0.5122929809729431,0.30149738981065227,0.9995163240628778,0.025069637883008356,0.8319526586552979,0.7460013150227611,5-class expected score 0-1
0.851,0.3922051843738591,0.9879518072289156,0.02404339539656942,0.0469443251753256,0.685495829471733,0.5117798597297236,0.30039008553573654,0.9995163240628778,0.02404339539656942,0.8319526586552979,0.7460013150227611,5-class expected score 0-1
0.852,0.39174881343556045,0.9875776397515528,0.023310365049113033,0.045545688914351186,0.6852200380323303,0.5114133445559954,0.2995980286500758,0.9995163240628778,0.023310365049113033,0.8319526586552979,0.7460013150227611,5-class expected score 0-1
0.853,0.39120116830960205,0.9870967741935484,0.022430728632165373,0.04386467889908257,0.6848732644229477,0.5109735263475216,0.29864631909603295,0.9995163240628778,0.022430728632165373,0.8319526586552979,0.7460013150227611,5-class expected score 0-1
0.854,0.39120116830960205,0.9870967741935484,0.022430728632165373,0.04386467889908257,0.6848732644229477,0.5109735263475216,0.29864631909603295,0.9995163240628778,0.022430728632165373,0.8319526586552979,0.7460013150227611,5-class expected score 0-1
0.855,0.39065352318364366,0.9865771812080537,0.02155109221521771,0.04218077474892396,0.6845072451797648,0.5105337081390477,0.2976932517835103,0.9995163240628778,0.02155109221521771,0.8319526586552979,0.7460013150227611,5-class expected score 0-1
0.856,0.39037970062066446,0.9863013698630136,0.02111127400674388,0.04133773503660112,0.6843162723505632,0.5103137990348109,0.297216207765875,0.9995163240628778,0.02111127400674388,0.8319526586552979,0.7460013150227611,5-class expected score 0-1
0.857,0.390197152245345,0.9861111111111112,0.020818061867761327,0.040775305096913135,0.6841857812307313,0.5101671929653195,0.29689798907083564,0.9995163240628778,0.020818061867761327,0.8319526586552979,0.7460013150227611,5-class expected score 0-1
0.858,0.3898320554947061,0.9927536231884058,0.02008503152030494,0.03937347320017244,0.6874472497528274,0.5099215967758719,0.296152997551066,0.999758162031439,0.02008503152030494,0.8319526586552979,0.7460013150227611,5-class expected score 0-1
0.859,0.3895582329317269,0.9925925925925926,0.01964521331183111,0.03852788959171938,0.6873137623345552,0.509701687671635,0.29567474982394204,0.999758162031439,0.01964521331183111,0.8319526586552979,0.7460013150227611,5-class expected score 0-1
0.86,0.3892844103687477,0.9924242424242424,0.019205395103357278,0.03768157629800086,0.6871766444937177,0.5094817785673981,0.29519615949735256,0.999758162031439,0.019205395103357278,0.8319526586552979,0.7460013150227611,5-class expected score 0-1
0.861,0.389193136181088,0.9923664122137404,0.019058789033866003,0.037399309551208286,0.6871300883239603,0.5094084755326524,0.2950365531713261,0.999758162031439,0.019058789033866003,0.8319526586552979,0.7460013150227611,5-class expected score 0-1
0.862,0.3892844103687477,1.0,0.019058789033866003,0.03740468997266581,0.6909754295215222,0.509529394516933,0.295087613350747,1.0,0.019058789033866003,0.8319526586552979,0.7460013150227611,5-class expected score 0-1
0.863,0.3889193136181088,1.0,0.018472364755900895,0.03627465092845833,0.6909048938134811,0.5092361823779504,0.294448718715148,1.0,0.018472364755900895,0.8319526586552979,0.7460013150227611,5-class expected score 0-1
0.864,0.3888280394304491,1.0,0.018325758686409618,0.03599193780593147,0.6908872680269597,0.5091628793432048,0.29428889954575604,1.0,0.018325758686409618,0.8319526586552979,0.7460013150227611,5-class expected score 0-1
0.865,0.3882803943044907,1.0,0.017446122269461954,0.03429394812680115,0.6907815816185291,0.508723061134731,0.2933291808494011,1.0,0.017446122269461954,0.8319526586552979,0.7460013150227611,5-class expected score 0-1
0.866,0.388189120116831,1.0,0.01729951619997068,0.034010664360858915,0.6907639785938365,0.5086497580999854,0.2931690936176832,1.0,0.01729951619997068,0.8319526586552979,0.7460013150227611,5-class expected score 0-1
0.867,0.38782402336619204,1.0,0.016713091922005572,0.03287671232876712,0.6906935989669802,0.5083565459610028,0.29252836083821676,1.0,0.016713091922005572,0.8319526586552979,0.7460013150227611,5-class expected score 0-1
0.868,0.3877327491785323,1.0,0.016566485852514294,0.03259301990193251,0.6906760121737526,0.5082832429262572,0.2923680815893693,1.0,0.016566485852514294,0.8319526586552979,0.7460013150227611,5-class expected score 0-1
0.869,0.38755020080321284,1.0,0.016273273713531742,0.03202538949798038,0.6906408483171969,0.5081366368567659,0.292047407699591,1.0,0.016273273713531742,0.8319526586552979,0.7460013150227611,5-class expected score 0-1
0.87,0.38727637824023364,1.0,0.01583345550505791,0.031173329484774137,0.6905881268436578,0.5079167277525289,0.29156610811153877,1.0,0.01583345550505791,0.8319526586552979,0.7460013150227611,5-class expected score 0-1
0.871,0.38700255567725445,1.0,0.015393637296584078,0.03032053133121571,0.6905354345221638,0.5076968186482921,0.2910844615817963,1.0,0.015393637296584078,0.8319526586552979,0.7460013150227611,5-class expected score 0-1
0.872,0.3865461847389558,1.0,0.014660606949127694,0.02889755815633579,0.6904476787030214,0.5073303034745639,0.2902809450444143,1.0,0.014660606949127694,0.8319526586552979,0.7460013150227611,5-class expected score 0-1
0.873,0.38636363636363635,1.0,0.01436739481014514,0.028327793033675386,0.6904125990053417,0.5071836974050725,0.28995926769005187,1.0,0.01436739481014514,0.8319526586552979,0.7460013150227611,5-class expected score 0-1
0.874,0.38608981380065716,1.0,0.013927576601671309,0.027472527472527472,0.6903600036829021,0.5069637883008357,0.28947646112223335,1.0,0.013927576601671309,0.8319526586552979,0.7460013150227611,5-class expected score 0-1
0.875,0.3859072654253377,1.0,0.013634364462688755,0.026901938096615563,0.6903249562735893,0.5068171822313444,0.2891543961719243,1.0,0.013634364462688755,0.8319526586552979,0.7460013150227611,5-class expected score 0-1
0.876,0.3859072654253377,1.0,0.013634364462688755,0.026901938096615563,0.6903249562735893,0.5068171822313444,0.2891543961719243,1.0,0.013634364462688755,0.8319526586552979,0.7460013150227611,5-class expected score 0-1
0.877,0.38545089448703906,1.0,0.012901334115232371,0.02547401939499204,0.6902373941847626,0.5064506670576162,0.28834855405529114,1.0,0.012901334115232371,0.8319526586552979,0.7460013150227611,5-class expected score 0-1
0.878,0.38508579773640017,1.0,0.012314909837267263,0.024330195510499638,0.6901674025018396,0.5061574549186336,0.2877031799835433,1.0,0.012314909837267263,0.8319526586552979,0.7460013150227611,5-class expected score 0-1
0.879,0.3847207009857612,1.0,0.011728485559302155,0.023185045645558615,0.690097462302317,0.505864242779651,0.2870571820726627,1.0,0.011728485559302155,0.8319526586552979,0.7460013150227611,5-class expected score 0-1
0.88,0.38462942679810147,1.0,0.011581879489810877,0.02289855072463768,0.6900799852900616,0.5057909397449054,0.2868955849812903,1.0,0.011581879489810877,0.8319526586552979,0.7460013150227611,5-class expected score 0-1
0.881,0.3845381526104418,1.0,0.011435273420319601,0.022611972749673866,0.6900625114910829,0.5057176367101598,0.2867339488073954,1.0,0.011435273420319601,0.8319526586552979,0.7460013150227611,5-class expected score 0-1
0.882,0.38435560423512233,1.0,0.011142061281337047,0.02203856749311295,0.6900275735294118,0.5055710306406686,0.28641055913783187,1.0,0.011142061281337047,0.8319526586552979,0.7460013150227611,5-class expected score 0-1
0.883,0.3841730558598028,1.0,0.010848849142354493,0.021464829586657,0.6899926484102187,0.5054244245711772,0.28608701291545674,1.0,0.010848849142354493,0.8319526586552979,0.7460013150227611,5-class expected score 0-1
0.884,0.3841730558598028,1.0,0.010848849142354493,0.021464829586657,0.6899926484102187,0.5054244245711772,0.28608701291545674,1.0,0.010848849142354493,0.8319526586552979,0.7460013150227611,5-class expected score 0-1
0.885,0.3838992332968237,1.0,0.010409030933880663,0.02060359837492745,0.6899402847955902,0.5052045154669403,0.28560139972008686,1.0,0.010409030933880663,0.8319526586552979,0.7460013150227611,5-class expected score 0-1
0.886,0.38380795910916393,1.0,0.010262424864389386,0.020316354665505732,0.6899228366709536,0.5051312124321947,0.28543945021738104,1.0,0.010262424864389386,0.8319526586552979,0.7460013150227611,5-class expected score 0-1
0.887,0.3836254107338445,1.0,0.009969212725406832,0.01974161707069241,0.6898879500367376,0.5049846063627034,0.2851154334438199,1.0,0.009969212725406832,0.8319526586552979,0.7460013150227611,5-class expected score 0-1
0.888,0.383442862358525,1.0,0.009676000586424278,0.01916654566574706,0.6898530762167125,0.5048380002932121,0.28479125952172546,1.0,0.009676000586424278,0.8319526586552979,0.7460013150227611,5-class expected score 0-1
0.889,0.3830777656078861,1.0,0.00908957630845917,0.018015400261513874,0.6897833669910043,0.5045447881542295,0.28414243963438324,1.0,0.00908957630845917,0.8319526586552979,0.7460013150227611,5-class expected score 0-1
0.89,0.3828039430449069,1.0,0.00864975809998534,0.017151162790697675,0.6897311186565109,0.5043248790499927,0.283655411091996,1.0,0.00864975809998534,0.8319526586552979,0.7460013150227611,5-class expected score 0-1
0.891,0.3828039430449069,1.0,0.00864975809998534,0.017151162790697675,0.6897311186565109,0.5043248790499927,0.283655411091996,1.0,0.00864975809998534,0.8319526586552979,0.7460013150227611,5-class expected score 0-1
0.892,0.3828039430449069,1.0,0.00864975809998534,0.017151162790697675,0.6897311186565109,0.5043248790499927,0.283655411091996,1.0,0.00864975809998534,0.8319526586552979,0.7460013150227611,5-class expected score 0-1
0.893,0.38262139466958744,1.0,0.008356545961002786,0.016574585635359115,0.6896963024130655,0.5041782729805014,0.2833305281509242,1.0,0.008356545961002786,0.8319526586552979,0.7460013150227611,5-class expected score 0-1
0.894,0.3825301204819277,1.0,0.008209939891511508,0.01628617129562309,0.6896788990825689,0.5041049699457557,0.2831680274502724,1.0,0.008209939891511508,0.8319526586552979,0.7460013150227611,5-class expected score 0-1
0.895,0.3825301204819277,1.0,0.008209939891511508,0.01628617129562309,0.6896788990825689,0.5041049699457557,0.2831680274502724,1.0,0.008209939891511508,0.8319526586552979,0.7460013150227611,5-class expected score 0-1
0.896,0.3821650237312888,1.0,0.007623515613546401,0.015131674668994616,0.6896093176815847,0.5038117578067732,0.2825176293419446,1.0,0.007623515613546401,0.8319526586552979,0.7460013150227611,5-class expected score 0-1
0.897,0.3821650237312888,1.0,0.007623515613546401,0.015131674668994616,0.6896093176815847,0.5038117578067732,0.2825176293419446,1.0,0.007623515613546401,0.8319526586552979,0.7460013150227611,5-class expected score 0-1
0.898,0.38207374954362905,1.0,0.007476909544055124,0.014842840512223517,0.6895919303071986,0.5037384547720276,0.2823549308944096,1.0,0.007476909544055124,0.8319526586552979,0.7460013150227611,5-class expected score 0-1
0.899,0.38198247535596935,1.0,0.007330303474563847,0.014553922282055013,0.6895745461214011,0.5036651517372819,0.28219219284104746,1.0,0.007330303474563847,0.8319526586552979,0.7460013150227611,5-class expected score 0-1
0.9,0.38170865279299016,1.0,0.006890485266090016,0.013686662783925451,0.6895224126867724,0.503445242633045,0.2817037408575304,1.0,0.006890485266090016,0.8319526586552979,0.7460013150227611,5-class expected score 0-1
0.901,0.38143483023001096,1.0,0.0064506670576161855,0.01281864530225783,0.6894703079178885,0.503225333528808,0.28121493174264217,1.0,0.0064506670576161855,0.8319526586552979,0.7460013150227611,5-class expected score 0-1
0.902,0.3813435560423512,1.0,0.0063040609881249085,0.01252913752913753,0.6894529460276735,0.5031520304940624,0.28105191592033696,1.0,0.0063040609881249085,0.8319526586552979,0.7460013150227611,5-class expected score 0-1
0.903,0.38116100766703176,1.0,0.006010848849142355,0.011949868842902944,0.6894182317911132,0.5030054244245712,0.2807257649862355,1.0,0.006010848849142355,0.8319526586552979,0.7460013150227611,5-class expected score 0-1
0.904,0.381069733479372,1.0,0.005864242779651078,0.011660107855997668,0.6894008794430194,0.5029321213898256,0.28056262983657637,1.0,0.005864242779651078,0.8319526586552979,0.7460013150227611,5-class expected score 0-1
0.905,0.38088718510405256,1.0,0.005571030640668524,0.0110803324099723,0.6893661842828357,0.5027855153203342,0.28023624007730397,1.0,0.005571030640668524,0.8319526586552979,0.7460013150227611,5-class expected score 0-1
0.906,0.38079591091639287,1.0,0.005424424571177247,0.01079031787693205,0.689348841468999,0.5027122122855886,0.28007298542976405,1.0,0.005424424571177247,0.8319526586552979,0.7460013150227611,5-class expected score 0-1
0.907,0.3807046367287331,1.0,0.00527781850168597,0.010500218754557387,0.6893315018315018,0.502638909250843,0.2799096909116527,1.0,0.00527781850168597,0.8319526586552979,0.7460013150227611,5-class expected score 0-1
0.908,0.3807046367287331,1.0,0.00527781850168597,0.010500218754557387,0.6893315018315018,0.502638909250843,0.2799096909116527,1.0,0.00527781850168597,0.8319526586552979,0.7460013150227611,5-class expected score 0-1
0.909,0.38061336254107336,1.0,0.005131212432194693,0.010210035005834306,0.6893141653694717,0.5025656062160974,0.27974635650397983,1.0,0.005131212432194693,0.8319526586552979,0.7460013150227611,5-class expected score 0-1
0.91,0.3804308141657539,1.0,0.004838000293212139,0.009629413481178874,0.6892795019683238,0.5024190001466061,0.27941956794393646,1.0,0.004838000293212139,0.8319526586552979,0.7460013150227611,5-class expected score 0-1
0.911,0.3803395399780942,1.0,0.004691394223720862,0.009338975631110462,0.6892621750274625,0.5023456971118604,0.2792561137535325,1.0,0.004691394223720862,0.8319526586552979,0.7460013150227611,5-class expected score 0-1
0.912,0.3801569916027747,1.0,0.004398182084738308,0.008757845569989783,0.6892275306608091,0.5021990910423692,0.27892908545679623,1.0,0.004398182084738308,0.8319526586552979,0.7460013150227611,5-class expected score 0-1
0.913,0.380065717415115,1.0,0.004251576015247031,0.008467153284671533,0.6892102132332754,0.5021257880076235,0.2787655113123663,1.0,0.004251576015247031,0.8319526586552979,0.7460013150227611,5-class expected score 0-1
0.914,0.380065717415115,1.0,0.004251576015247031,0.008467153284671533,0.6892102132332754,0.5021257880076235,0.2787655113123663,1.0,0.004251576015247031,0.8319526586552979,0.7460013150227611,5-class expected score 0-1
0.915,0.37997444322745527,1.0,0.004104969945755754,0.008176376113301211,0.6891928989751098,0.5020524849728779,0.2786018971451456,1.0,0.004104969945755754,0.8319526586552979,0.7460013150227611,5-class expected score 0-1
0.916,0.3798831690397955,1.0,0.003958363876264477,0.007885514018691588,0.6891755878854424,0.5019791819381323,0.2784382429360585,1.0,0.003958363876264477,0.8319526586552979,0.7460013150227611,5-class expected score 0-1
0.917,0.3798831690397955,1.0,0.003958363876264477,0.007885514018691588,0.6891755878854424,0.5019791819381323,0.2784382429360585,1.0,0.003958363876264477,0.8319526586552979,0.7460013150227611,5-class expected score 0-1
0.918,0.3797918948521358,1.0,0.0038117578067732006,0.007594566963633708,0.6891582799634035,0.5019058789033866,0.27827454866601864,1.0,0.0038117578067732006,0.8319526586552979,0.7460013150227611,5-class expected score 0-1
0.919,0.3797918948521358,1.0,0.0038117578067732006,0.007594566963633708,0.6891582799634035,0.5019058789033866,0.27827454866601864,1.0,0.0038117578067732006,0.8319526586552979,0.7460013150227611,5-class expected score 0-1
0.92,0.3797006206644761,1.0,0.0036651517372819236,0.007303534910896874,0.6891409752081237,0.5018325758686409,0.278110814315929,1.0,0.0036651517372819236,0.8319526586552979,0.7460013150227611,5-class expected score 0-1
0.921,0.3795180722891566,1.0,0.0033719395982993697,0.0067212156633547635,0.6891063751943657,0.5016859697991497,0.27778322529915817,1.0,0.0033719395982993697,0.8319526586552979,0.7460013150227611,5-class expected score 0-1
0.922,0.3794267981014969,1.0,0.0032253335288080927,0.006429928393979249,0.6890890799341504,0.5016126667644041,0.277619370594229,1.0,0.0032253335288080927,0.8319526586552979,0.7460013150227611,5-class expected score 0-1
0.923,0.3793355239138372,1.0,0.0030787274593168158,0.006138555977784273,0.6890717878372199,0.5015393637296585,0.2774554757327541,1.0,0.0030787274593168158,0.8319526586552979,0.7460013150227611,5-class expected score 0-1
0.924,0.37924424972617743,1.0,0.002932121389825539,0.0058470983774302,0.6890544989027066,0.5014660606949127,0.2772915406955826,1.0,0.002932121389825539,0.8319526586552979,0.7460013150227611,5-class expected score 0-1
0.925,0.379061701350858,1.0,0.002638909250842985,0.005263927474777014,0.689019930517462,0.5013194546254215,0.276963550017492,1.0,0.002638909250842985,0.8319526586552979,0.7460013150227611,5-class expected score 0-1
0.926,0.37897042716319823,1.0,0.002492303181351708,0.004972214097689383,0.6890026510649968,0.5012461515906759,0.2767994943382171,1.0,0.002492303181351708,0.8319526586552979,0.7460013150227611,5-class expected score 0-1
0.927,0.37897042716319823,1.0,0.002492303181351708,0.004972214097689383,0.6890026510649968,0.5012461515906759,0.2767994943382171,1.0,0.002492303181351708,0.8319526586552979,0.7460013150227611,5-class expected score 0-1
0.928,0.37869660460021903,1.0,0.002052484972877877,0.004096561814191661,0.6889508316578322,0.5010262424864389,0.27630708570911217,1.0,0.002052484972877877,0.8319526586552979,0.7460013150227611,5-class expected score 0-1
0.929,0.37869660460021903,1.0,0.002052484972877877,0.004096561814191661,0.6889508316578322,0.5010262424864389,0.27630708570911217,1.0,0.002052484972877877,0.8319526586552979,0.7460013150227611,5-class expected score 0-1
0.93,0.37869660460021903,1.0,0.002052484972877877,0.004096561814191661,0.6889508316578322,0.5010262424864389,0.27630708570911217,1.0,0.002052484972877877,0.8319526586552979,0.7460013150227611,5-class expected score 0-1
0.931,0.3784227820372399,1.0,0.0016126667644040464,0.0032201405152224825,0.6888990406578346,0.500806333382202,0.2758143142894415,1.0,0.0016126667644040464,0.8319526586552979,0.7460013150227611,5-class expected score 0-1
0.932,0.3781489594742607,1.0,0.0011728485559302155,0.0023429491872895007,0.6888472780416515,0.5005864242779651,0.27532117955950036,1.0,0.0011728485559302155,0.8319526586552979,0.7460013150227611,5-class expected score 0-1
0.933,0.3781489594742607,1.0,0.0011728485559302155,0.0023429491872895007,0.6888472780416515,0.5005864242779651,0.27532117955950036,1.0,0.0011728485559302155,0.8319526586552979,0.7460013150227611,5-class expected score 0-1
0.934,0.3781489594742607,1.0,0.0011728485559302155,0.0023429491872895007,0.6888472780416515,0.5005864242779651,0.27532117955950036,1.0,0.0011728485559302155,0.8319526586552979,0.7460013150227611,5-class expected score 0-1
0.935,0.3781489594742607,1.0,0.0011728485559302155,0.0023429491872895007,0.6888472780416515,0.5005864242779651,0.27532117955950036,1.0,0.0011728485559302155,0.8319526586552979,0.7460013150227611,5-class expected score 0-1
0.936,0.3781489594742607,1.0,0.0011728485559302155,0.0023429491872895007,0.6888472780416515,0.5005864242779651,0.27532117955950036,1.0,0.0011728485559302155,0.8319526586552979,0.7460013150227611,5-class expected score 0-1
0.937,0.37805768528660094,1.0,0.0010262424864389385,0.002050380785002929,0.6888300301397388,0.5005131212432194,0.2751567204906187,1.0,0.0010262424864389385,0.8319526586552979,0.7460013150227611,5-class expected score 0-1
0.9380000000000001,0.37805768528660094,1.0,0.0010262424864389385,0.002050380785002929,0.6888300301397388,0.5005131212432194,0.2751567204906187,1.0,0.0010262424864389385,0.8319526586552979,0.7460013150227611,5-class expected score 0-1
0.9390000000000001,0.37805768528660094,1.0,0.0010262424864389385,0.002050380785002929,0.6888300301397388,0.5005131212432194,0.2751567204906187,1.0,0.0010262424864389385,0.8319526586552979,0.7460013150227611,5-class expected score 0-1
0.9400000000000001,0.37805768528660094,1.0,0.0010262424864389385,0.002050380785002929,0.6888300301397388,0.5005131212432194,0.2751567204906187,1.0,0.0010262424864389385,0.8319526586552979,0.7460013150227611,5-class expected score 0-1
0.9410000000000001,0.37796641109894125,1.0,0.0008796364169476617,0.0017577266735022705,0.6888127853881278,0.5004398182084738,0.27499222097679094,1.0,0.0008796364169476617,0.8319526586552979,0.7460013150227611,5-class expected score 0-1
0.9420000000000001,0.3778751369112815,1.0,0.0007330303474563847,0.001464986815118664,0.6887955437859556,0.5003665151737282,0.2748276809987034,1.0,0.0007330303474563847,0.8319526586552979,0.7460013150227611,5-class expected score 0-1
0.9430000000000001,0.3778751369112815,1.0,0.0007330303474563847,0.001464986815118664,0.6887955437859556,0.5003665151737282,0.2748276809987034,1.0,0.0007330303474563847,0.8319526586552979,0.7460013150227611,5-class expected score 0-1
0.9440000000000001,0.3778751369112815,1.0,0.0007330303474563847,0.001464986815118664,0.6887955437859556,0.5003665151737282,0.2748276809987034,1.0,0.0007330303474563847,0.8319526586552979,0.7460013150227611,5-class expected score 0-1
0.9450000000000001,0.3778751369112815,1.0,0.0007330303474563847,0.001464986815118664,0.6887955437859556,0.5003665151737282,0.2748276809987034,1.0,0.0007330303474563847,0.8319526586552979,0.7460013150227611,5-class expected score 0-1
0.9460000000000001,0.3778751369112815,1.0,0.0007330303474563847,0.001464986815118664,0.6887955437859556,0.5003665151737282,0.2748276809987034,1.0,0.0007330303474563847,0.8319526586552979,0.7460013150227611,5-class expected score 0-1
0.9470000000000001,0.37778386272362174,1.0,0.0005864242779651077,0.0011721611721611722,0.6887783053323594,0.5002932121389826,0.2746631005370317,1.0,0.0005864242779651077,0.8319526586552979,0.7460013150227611,5-class expected score 0-1
0.9480000000000001,0.37778386272362174,1.0,0.0005864242779651077,0.0011721611721611722,0.6887783053323594,0.5002932121389826,0.2746631005370317,1.0,0.0005864242779651077,0.8319526586552979,0.7460013150227611,5-class expected score 0-1
0.9490000000000001,0.37769258853596205,1.0,0.00043981820847383083,0.0008792497069167644,0.6887610700264768,0.500219909104237,0.27449847957244033,1.0,0.00043981820847383083,0.8319526586552979,0.7460013150227611,5-class expected score 0-1
0.9500000000000001,0.37769258853596205,1.0,0.00043981820847383083,0.0008792497069167644,0.6887610700264768,0.500219909104237,0.27449847957244033,1.0,0.00043981820847383083,0.8319526586552979,0.7460013150227611,5-class expected score 0-1
0.9510000000000001,0.37769258853596205,1.0,0.00043981820847383083,0.0008792497069167644,0.6887610700264768,0.500219909104237,0.27449847957244033,1.0,0.00043981820847383083,0.8319526586552979,0.7460013150227611,5-class expected score 0-1
0.9520000000000001,0.37769258853596205,1.0,0.00043981820847383083,0.0008792497069167644,0.6887610700264768,0.500219909104237,0.27449847957244033,1.0,0.00043981820847383083,0.8319526586552979,0.7460013150227611,5-class expected score 0-1
0.9530000000000001,0.37751004016064255,1.0,0.00014660606949127694,0.0002931691586045148,0.6887266088544044,0.5000733030347456,0.27416911605710215,1.0,0.00014660606949127694,0.8319526586552979,0.7460013150227611,5-class expected score 0-1
0.9540000000000001,0.37751004016064255,1.0,0.00014660606949127694,0.0002931691586045148,0.6887266088544044,0.5000733030347456,0.27416911605710215,1.0,0.00014660606949127694,0.8319526586552979,0.7460013150227611,5-class expected score 0-1
0.9550000000000001,0.37741876597298285,0.0,0.0,0.0,0.18870938298649143,0.5,0.27400437346762974,1.0,0.0,0.8319526586552979,0.7460013150227611,5-class expected score 0-1
0.9560000000000001,0.37741876597298285,0.0,0.0,0.0,0.18870938298649143,0.5,0.27400437346762974,1.0,0.0,0.8319526586552979,0.7460013150227611,5-class expected score 0-1
0.9570000000000001,0.37741876597298285,0.0,0.0,0.0,0.18870938298649143,0.5,0.27400437346762974,1.0,0.0,0.8319526586552979,0.7460013150227611,5-class expected score 0-1
0.9580000000000001,0.37741876597298285,0.0,0.0,0.0,0.18870938298649143,0.5,0.27400437346762974,1.0,0.0,0.8319526586552979,0.7460013150227611,5-class expected score 0-1
0.9590000000000001,0.37741876597298285,0.0,0.0,0.0,0.18870938298649143,0.5,0.27400437346762974,1.0,0.0,0.8319526586552979,0.7460013150227611,5-class expected score 0-1
0.96,0.37741876597298285,0.0,0.0,0.0,0.18870938298649143,0.5,0.27400437346762974,1.0,0.0,0.8319526586552979,0.7460013150227611,5-class expected score 0-1
0.961,0.37741876597298285,0.0,0.0,0.0,0.18870938298649143,0.5,0.27400437346762974,1.0,0.0,0.8319526586552979,0.7460013150227611,5-class expected score 0-1
0.962,0.37741876597298285,0.0,0.0,0.0,0.18870938298649143,0.5,0.27400437346762974,1.0,0.0,0.8319526586552979,0.7460013150227611,5-class expected score 0-1
0.963,0.37741876597298285,0.0,0.0,0.0,0.18870938298649143,0.5,0.27400437346762974,1.0,0.0,0.8319526586552979,0.7460013150227611,5-class expected score 0-1
0.964,0.37741876597298285,0.0,0.0,0.0,0.18870938298649143,0.5,0.27400437346762974,1.0,0.0,0.8319526586552979,0.7460013150227611,5-class expected score 0-1
0.965,0.37741876597298285,0.0,0.0,0.0,0.18870938298649143,0.5,0.27400437346762974,1.0,0.0,0.8319526586552979,0.7460013150227611,5-class expected score 0-1
0.966,0.37741876597298285,0.0,0.0,0.0,0.18870938298649143,0.5,0.27400437346762974,1.0,0.0,0.8319526586552979,0.7460013150227611,5-class expected score 0-1
0.967,0.37741876597298285,0.0,0.0,0.0,0.18870938298649143,0.5,0.27400437346762974,1.0,0.0,0.8319526586552979,0.7460013150227611,5-class expected score 0-1
0.968,0.37741876597298285,0.0,0.0,0.0,0.18870938298649143,0.5,0.27400437346762974,1.0,0.0,0.8319526586552979,0.7460013150227611,5-class expected score 0-1
0.969,0.37741876597298285,0.0,0.0,0.0,0.18870938298649143,0.5,0.27400437346762974,1.0,0.0,0.8319526586552979,0.7460013150227611,5-class expected score 0-1
0.97,0.37741876597298285,0.0,0.0,0.0,0.18870938298649143,0.5,0.27400437346762974,1.0,0.0,0.8319526586552979,0.7460013150227611,5-class expected score 0-1
0.971,0.37741876597298285,0.0,0.0,0.0,0.18870938298649143,0.5,0.27400437346762974,1.0,0.0,0.8319526586552979,0.7460013150227611,5-class expected score 0-1
0.972,0.37741876597298285,0.0,0.0,0.0,0.18870938298649143,0.5,0.27400437346762974,1.0,0.0,0.8319526586552979,0.7460013150227611,5-class expected score 0-1
0.973,0.37741876597298285,0.0,0.0,0.0,0.18870938298649143,0.5,0.27400437346762974,1.0,0.0,0.8319526586552979,0.7460013150227611,5-class expected score 0-1
0.974,0.37741876597298285,0.0,0.0,0.0,0.18870938298649143,0.5,0.27400437346762974,1.0,0.0,0.8319526586552979,0.7460013150227611,5-class expected score 0-1
0.975,0.37741876597298285,0.0,0.0,0.0,0.18870938298649143,0.5,0.27400437346762974,1.0,0.0,0.8319526586552979,0.7460013150227611,5-class expected score 0-1
0.976,0.37741876597298285,0.0,0.0,0.0,0.18870938298649143,0.5,0.27400437346762974,1.0,0.0,0.8319526586552979,0.7460013150227611,5-class expected score 0-1
0.977,0.37741876597298285,0.0,0.0,0.0,0.18870938298649143,0.5,0.27400437346762974,1.0,0.0,0.8319526586552979,0.7460013150227611,5-class expected score 0-1
0.978,0.37741876597298285,0.0,0.0,0.0,0.18870938298649143,0.5,0.27400437346762974,1.0,0.0,0.8319526586552979,0.7460013150227611,5-class expected score 0-1
0.979,0.37741876597298285,0.0,0.0,0.0,0.18870938298649143,0.5,0.27400437346762974,1.0,0.0,0.8319526586552979,0.7460013150227611,5-class expected score 0-1
0.98,0.37741876597298285,0.0,0.0,0.0,0.18870938298649143,0.5,0.27400437346762974,1.0,0.0,0.8319526586552979,0.7460013150227611,5-class expected score 0-1
0.981,0.37741876597298285,0.0,0.0,0.0,0.18870938298649143,0.5,0.27400437346762974,1.0,0.0,0.8319526586552979,0.7460013150227611,5-class expected score 0-1
0.982,0.37741876597298285,0.0,0.0,0.0,0.18870938298649143,0.5,0.27400437346762974,1.0,0.0,0.8319526586552979,0.7460013150227611,5-class expected score 0-1
0.983,0.37741876597298285,0.0,0.0,0.0,0.18870938298649143,0.5,0.27400437346762974,1.0,0.0,0.8319526586552979,0.7460013150227611,5-class expected score 0-1
0.984,0.37741876597298285,0.0,0.0,0.0,0.18870938298649143,0.5,0.27400437346762974,1.0,0.0,0.8319526586552979,0.7460013150227611,5-class expected score 0-1
0.985,0.37741876597298285,0.0,0.0,0.0,0.18870938298649143,0.5,0.27400437346762974,1.0,0.0,0.8319526586552979,0.7460013150227611,5-class expected score 0-1
0.986,0.37741876597298285,0.0,0.0,0.0,0.18870938298649143,0.5,0.27400437346762974,1.0,0.0,0.8319526586552979,0.7460013150227611,5-class expected score 0-1
0.987,0.37741876597298285,0.0,0.0,0.0,0.18870938298649143,0.5,0.27400437346762974,1.0,0.0,0.8319526586552979,0.7460013150227611,5-class expected score 0-1
0.988,0.37741876597298285,0.0,0.0,0.0,0.18870938298649143,0.5,0.27400437346762974,1.0,0.0,0.8319526586552979,0.7460013150227611,5-class expected score 0-1
0.989,0.37741876597298285,0.0,0.0,0.0,0.18870938298649143,0.5,0.27400437346762974,1.0,0.0,0.8319526586552979,0.7460013150227611,5-class expected score 0-1
0.99,0.37741876597298285,0.0,0.0,0.0,0.18870938298649143,0.5,0.27400437346762974,1.0,0.0,0.8319526586552979,0.7460013150227611,5-class expected score 0-1
0.991,0.37741876597298285,0.0,0.0,0.0,0.18870938298649143,0.5,0.27400437346762974,1.0,0.0,0.8319526586552979,0.7460013150227611,5-class expected score 0-1
0.992,0.37741876597298285,0.0,0.0,0.0,0.18870938298649143,0.5,0.27400437346762974,1.0,0.0,0.8319526586552979,0.7460013150227611,5-class expected score 0-1
0.993,0.37741876597298285,0.0,0.0,0.0,0.18870938298649143,0.5,0.27400437346762974,1.0,0.0,0.8319526586552979,0.7460013150227611,5-class expected score 0-1
0.994,0.37741876597298285,0.0,0.0,0.0,0.18870938298649143,0.5,0.27400437346762974,1.0,0.0,0.8319526586552979,0.7460013150227611,5-class expected score 0-1
0.995,0.37741876597298285,0.0,0.0,0.0,0.18870938298649143,0.5,0.27400437346762974,1.0,0.0,0.8319526586552979,0.7460013150227611,5-class expected score 0-1
0.996,0.37741876597298285,0.0,0.0,0.0,0.18870938298649143,0.5,0.27400437346762974,1.0,0.0,0.8319526586552979,0.7460013150227611,5-class expected score 0-1
0.997,0.37741876597298285,0.0,0.0,0.0,0.18870938298649143,0.5,0.27400437346762974,1.0,0.0,0.8319526586552979,0.7460013150227611,5-class expected score 0-1
0.998,0.37741876597298285,0.0,0.0,0.0,0.18870938298649143,0.5,0.27400437346762974,1.0,0.0,0.8319526586552979,0.7460013150227611,5-class expected score 0-1
0.999,0.37741876597298285,0.0,0.0,0.0,0.18870938298649143,0.5,0.27400437346762974,1.0,0.0,0.8319526586552979,0.7460013150227611,5-class expected score 0-1
1.0,0.37741876597298285,0.0,0.0,0.0,0.18870938298649143,0.5,0.27400437346762974,1.0,0.0,0.8319526586552979,0.7460013150227611,5-class expected score 0-1
