sound_id,confidence,audio_assigned_label_margin,sim_bin,pred_confidence_from_margin
185755,4,0.046245232224464417,Q5_pred_5,5
358405,5,0.004584915935993195,Q5_pred_5,5
358760,4,-0.24545946717262268,Q1_pred_1,1
432206,4,-0.36032670736312866,Q1_pred_1,1
80630,5,0.07232540845870972,Q5_pred_5,5
84090,5,-0.10105696320533752,Q3_pred_3,3
145544,4,-0.08247216045856476,Q3_pred_3,3
156796,1,-0.1193017065525055,Q3_pred_3,3
38633,5,-0.23557071387767792,Q1_pred_1,1
354592,5,-0.009085088968276978,Q4_pred_4,4
63352,4,0.02505408227443695,Q5_pred_5,5
376477,4,0.022348374128341675,Q5_pred_5,5
76567,4,-0.05791953206062317,Q4_pred_4,4
119764,4,-0.022806957364082336,Q4_pred_4,4
35034,2,-0.13220900297164917,Q2_pred_2,2
38886,1,-0.043136775493621826,Q4_pred_4,4
76539,4,-0.12852048873901367,Q3_pred_3,3
318557,3,-0.17551201581954956,Q2_pred_2,2
52789,3,-0.23442022502422333,Q1_pred_1,1
418422,2,-0.35945796966552734,Q1_pred_1,1
239077,5,-0.1736280769109726,Q2_pred_2,2
155747,4,0.012341871857643127,Q5_pred_5,5
273341,4,-0.1307593435049057,Q2_pred_2,2
24840,3,-0.2106919139623642,Q1_pred_1,1
126430,3,-0.13933813571929932,Q2_pred_2,2
119676,4,-0.08634525537490845,Q3_pred_3,3
153941,5,-0.2093917280435562,Q1_pred_1,1
40293,3,0.059473589062690735,Q5_pred_5,5
74217,4,0.21125635504722595,Q5_pred_5,5
386297,4,-0.19239293038845062,Q2_pred_2,2
216811,4,-0.06286707520484924,Q4_pred_4,4
70306,4,-0.03220202028751373,Q4_pred_4,4
55511,3,0.047995686531066895,Q5_pred_5,5
234883,3,-0.08599631488323212,Q3_pred_3,3
187210,4,-0.2525659203529358,Q1_pred_1,1
397339,4,-0.1938890814781189,Q2_pred_2,2
33563,4,-0.17574891448020935,Q2_pred_2,2
55996,5,-0.21025560796260834,Q1_pred_1,1
368566,4,-0.2586093544960022,Q1_pred_1,1
236342,4,-0.19074520468711853,Q2_pred_2,2
434970,3,-0.21902374923229218,Q1_pred_1,1
341419,4,-0.27746492624282837,Q1_pred_1,1
59013,4,-0.2601396441459656,Q1_pred_1,1
111073,1,-0.05647173523902893,Q4_pred_4,4
353550,4,-0.18977069854736328,Q2_pred_2,2
362908,4,-0.10490164160728455,Q3_pred_3,3
136745,4,-0.21183080971240997,Q1_pred_1,1
380164,4,-0.03097546100616455,Q4_pred_4,4
193974,4,-0.21427731215953827,Q1_pred_1,1
15171,4,-0.3213728666305542,Q1_pred_1,1
16437,5,-0.2008499801158905,Q1_pred_1,1
5163,5,-0.11109909415245056,Q3_pred_3,3
355106,5,-0.057535141706466675,Q4_pred_4,4
191991,4,-0.21850207448005676,Q1_pred_1,1
193747,3,-0.019112706184387207,Q4_pred_4,4
153632,5,-0.17049938440322876,Q2_pred_2,2
50191,4,-0.12265270948410034,Q3_pred_3,3
137538,5,-0.10787303745746613,Q3_pred_3,3
403343,4,-0.12963014841079712,Q3_pred_3,3
24649,1,-0.03407116234302521,Q4_pred_4,4
347038,5,-0.10667315125465393,Q3_pred_3,3
107519,2,-0.20564725995063782,Q1_pred_1,1
23926,1,-0.2530617415904999,Q1_pred_1,1
87778,4,-0.2615247964859009,Q1_pred_1,1
149011,4,-0.22999122738838196,Q1_pred_1,1
392839,3,-0.3068934679031372,Q1_pred_1,1
142692,5,-0.09334634989500046,Q3_pred_3,3
242647,4,-0.022367946803569794,Q4_pred_4,4
120989,5,-0.09062129259109497,Q3_pred_3,3
265056,2,-0.0758945494890213,Q3_pred_3,3
147958,3,-0.1962403953075409,Q2_pred_2,2
276308,4,-0.16452954709529877,Q2_pred_2,2
124677,3,-0.19386699795722961,Q2_pred_2,2
356886,4,-0.11742725223302841,Q3_pred_3,3
353039,4,-0.040232643485069275,Q4_pred_4,4
213724,4,0.04571804404258728,Q5_pred_5,5
200024,5,-0.11619944870471954,Q3_pred_3,3
38217,4,-0.27609020471572876,Q1_pred_1,1
86437,3,-0.12295742332935333,Q3_pred_3,3
88579,2,-0.0721811056137085,Q4_pred_4,4
156727,3,-0.21929557621479034,Q1_pred_1,1
153994,5,-0.17842891812324524,Q2_pred_2,2
344396,3,-0.0071358829736709595,Q4_pred_4,4
173110,4,-0.06386379897594452,Q4_pred_4,4
419197,4,0.02069312334060669,Q5_pred_5,5
68671,4,-0.12132774293422699,Q3_pred_3,3
88870,4,-0.17071174085140228,Q2_pred_2,2
51374,4,-0.05100741982460022,Q4_pred_4,4
27233,5,0.1869432032108307,Q5_pred_5,5
232624,3,-0.0859377533197403,Q3_pred_3,3
358952,3,-0.1482950747013092,Q2_pred_2,2
56110,3,-0.22862327098846436,Q1_pred_1,1
114090,4,-0.11820907890796661,Q3_pred_3,3
137462,4,-0.09589683264493942,Q3_pred_3,3
241528,4,-0.06251662224531174,Q4_pred_4,4
15743,4,-0.22932636737823486,Q1_pred_1,1
45610,4,-0.3654562830924988,Q1_pred_1,1
386219,3,-0.17805343866348267,Q2_pred_2,2
121346,3,-0.25500768423080444,Q1_pred_1,1
101059,4,0.03459551930427551,Q5_pred_5,5
378558,2,-0.3102567791938782,Q1_pred_1,1
360802,4,-0.03944745659828186,Q4_pred_4,4
10834,3,-0.18542668223381042,Q2_pred_2,2
232274,2,-0.13303880393505096,Q2_pred_2,2
196065,4,-0.0662737712264061,Q4_pred_4,4
26906,4,-0.20269712805747986,Q1_pred_1,1
170962,4,-0.15164795517921448,Q2_pred_2,2
153977,5,-0.11881881952285767,Q3_pred_3,3
117981,5,-0.04732446372509003,Q4_pred_4,4
55273,4,-0.41468703746795654,Q1_pred_1,1
96991,4,-0.10682376474142075,Q3_pred_3,3
120670,3,0.0707147866487503,Q5_pred_5,5
244054,4,-0.0784069299697876,Q3_pred_3,3
75628,4,-0.22187434136867523,Q1_pred_1,1
166433,3,-0.1978115737438202,Q2_pred_2,2
204035,4,-0.1669505536556244,Q2_pred_2,2
57023,4,0.041206374764442444,Q5_pred_5,5
164561,3,-0.18168821930885315,Q2_pred_2,2
423119,4,-0.3269208073616028,Q1_pred_1,1
147948,4,-0.164210706949234,Q2_pred_2,2
9235,4,-0.18946759402751923,Q2_pred_2,2
391293,4,-0.07146644592285156,Q4_pred_4,4
378695,4,-0.25573310256004333,Q1_pred_1,1
101460,4,-0.09004612267017365,Q3_pred_3,3
36554,4,-0.2696799039840698,Q1_pred_1,1
102007,4,0.03972628712654114,Q5_pred_5,5
11765,4,-0.1265602558851242,Q3_pred_3,3
126759,4,-0.13280068337917328,Q2_pred_2,2
374877,5,-0.12722396850585938,Q3_pred_3,3
424395,4,0.04361914098262787,Q5_pred_5,5
122065,3,-0.14775657653808594,Q2_pred_2,2
146197,4,-0.20016120374202728,Q1_pred_1,1
173946,3,-0.17978471517562866,Q2_pred_2,2
355874,4,-0.2271251082420349,Q1_pred_1,1
71754,4,-0.07508974522352219,Q3_pred_3,3
26630,5,-0.019197557121515274,Q4_pred_4,4
417846,3,-0.28304606676101685,Q1_pred_1,1
273710,4,0.0851559266448021,Q5_pred_5,5
151544,4,-0.12615790963172913,Q3_pred_3,3
27689,3,-0.34894368052482605,Q1_pred_1,1
248622,4,-0.05431809276342392,Q4_pred_4,4
258055,3,-0.06387081742286682,Q4_pred_4,4
211549,4,-0.056345969438552856,Q4_pred_4,4
420269,4,0.1335527002811432,Q5_pred_5,5
236500,5,-0.07159815728664398,Q4_pred_4,4
407012,4,-0.04230199754238129,Q4_pred_4,4
13151,3,-0.2880571484565735,Q1_pred_1,1
1076,4,-0.2403792142868042,Q1_pred_1,1
145656,3,-0.053334563970565796,Q4_pred_4,4
62118,3,-0.07536111772060394,Q3_pred_3,3
80816,2,-0.17115315794944763,Q2_pred_2,2
343955,4,-0.03166048228740692,Q4_pred_4,4
111784,4,-0.17000079154968262,Q2_pred_2,2
347315,4,0.039297088980674744,Q5_pred_5,5
57488,4,-0.17659655213356018,Q2_pred_2,2
74514,4,-0.009955376386642456,Q4_pred_4,4
417996,1,-0.05715668201446533,Q4_pred_4,4
223720,5,0.07762327790260315,Q5_pred_5,5
369932,3,0.12250420451164246,Q5_pred_5,5
354483,5,-0.02201664447784424,Q4_pred_4,4
30203,2,-0.22541292011737823,Q1_pred_1,1
316911,5,-0.06686240434646606,Q4_pred_4,4
171115,3,-0.13352513313293457,Q2_pred_2,2
337170,4,-0.07062163203954697,Q4_pred_4,4
61637,4,-0.02167806401848793,Q4_pred_4,4
110651,3,0.03047066181898117,Q5_pred_5,5
38623,4,-0.04553966224193573,Q4_pred_4,4
102407,5,-0.009535983204841614,Q4_pred_4,4
423473,4,-0.3057548403739929,Q1_pred_1,1
57587,4,0.002944380044937134,Q5_pred_5,5
82540,3,-0.2649325430393219,Q1_pred_1,1
396280,4,-0.05559016764163971,Q4_pred_4,4
1977,5,0.1113823652267456,Q5_pred_5,5
138116,4,0.06742163002490997,Q5_pred_5,5
167264,2,-0.006710529327392578,Q4_pred_4,4
51027,4,-0.08608970791101456,Q3_pred_3,3
99776,4,-0.05515876039862633,Q4_pred_4,4
201183,4,0.03955616056919098,Q5_pred_5,5
42343,4,-0.08119356632232666,Q3_pred_3,3
477659,4,-0.3265236020088196,Q1_pred_1,1
22889,3,-0.27063459157943726,Q1_pred_1,1
358656,5,-0.058848120272159576,Q4_pred_4,4
4279,4,-0.031972989439964294,Q4_pred_4,4
186660,5,-0.2271161526441574,Q1_pred_1,1
32168,4,-0.030147671699523926,Q4_pred_4,4
20761,4,-0.2217193990945816,Q1_pred_1,1
410241,4,-0.029063522815704346,Q4_pred_4,4
148275,4,0.12856943905353546,Q5_pred_5,5
126851,3,-0.3595307469367981,Q1_pred_1,1
209413,4,0.07302111387252808,Q5_pred_5,5
151445,5,-0.17244577407836914,Q2_pred_2,2
247929,4,-0.1866985410451889,Q2_pred_2,2
265290,3,0.0037087202072143555,Q5_pred_5,5
378367,4,0.0005458146333694458,Q5_pred_5,5
236509,4,-0.23897358775138855,Q1_pred_1,1
97311,3,-0.18937456607818604,Q2_pred_2,2
74200,4,0.10410112142562866,Q5_pred_5,5
485400,5,-0.025280743837356567,Q4_pred_4,4
246946,5,-0.08212164044380188,Q3_pred_3,3
269904,5,-0.1642562299966812,Q2_pred_2,2
168774,2,-0.1973886489868164,Q2_pred_2,2
119317,5,-0.12913362681865692,Q3_pred_3,3
247913,4,-0.19289828836917877,Q2_pred_2,2
373335,5,0.020795315504074097,Q5_pred_5,5
107123,4,-0.17932826280593872,Q2_pred_2,2
142843,4,-0.010058671236038208,Q4_pred_4,4
10592,4,-0.15568460524082184,Q2_pred_2,2
14998,4,-0.24353525042533875,Q1_pred_1,1
156723,4,-0.21886040270328522,Q1_pred_1,1
236679,4,-0.20543551445007324,Q1_pred_1,1
94243,4,-0.10191944241523743,Q3_pred_3,3
152172,4,-0.0943121463060379,Q3_pred_3,3
129427,4,-0.06762398779392242,Q4_pred_4,4
56697,3,-0.03723118454217911,Q4_pred_4,4
249460,3,-0.23478750884532928,Q1_pred_1,1
16746,4,-0.18952253460884094,Q2_pred_2,2
12834,4,-0.12400661408901215,Q3_pred_3,3
184354,4,-0.2529326379299164,Q1_pred_1,1
178067,4,0.07283806800842285,Q5_pred_5,5
3046,4,-0.14864778518676758,Q2_pred_2,2
65439,4,-0.29423776268959045,Q1_pred_1,1
83782,2,-0.26649630069732666,Q1_pred_1,1
139301,4,-0.19760382175445557,Q2_pred_2,2
383605,4,-0.18652406334877014,Q2_pred_2,2
3270,3,-0.15440762042999268,Q2_pred_2,2
353397,3,-0.13676555454730988,Q2_pred_2,2
464388,3,-0.2352363020181656,Q1_pred_1,1
34329,4,-0.002501577138900757,Q5_pred_5,5
61516,4,-0.037425652146339417,Q4_pred_4,4
109566,4,0.10073164105415344,Q5_pred_5,5
248386,4,0.025523439049720764,Q5_pred_5,5
236528,4,-0.23589736223220825,Q1_pred_1,1
255166,3,0.0236215740442276,Q5_pred_5,5
83593,5,-0.1885158270597458,Q2_pred_2,2
415391,3,0.04655447602272034,Q5_pred_5,5
169053,4,-0.058615490794181824,Q4_pred_4,4
25907,4,0.056894391775131226,Q5_pred_5,5
56966,2,-0.10831927508115768,Q3_pred_3,3
99796,4,-0.12688425183296204,Q3_pred_3,3
173891,4,0.19435837864875793,Q5_pred_5,5
128841,4,-0.12064855545759201,Q3_pred_3,3
196688,1,-0.18120235204696655,Q2_pred_2,2
180749,4,-0.11017385870218277,Q3_pred_3,3
76461,4,-0.22053879499435425,Q1_pred_1,1
356450,5,-0.013135567307472229,Q4_pred_4,4
340298,4,-0.28182584047317505,Q1_pred_1,1
156754,4,-0.2814118266105652,Q1_pred_1,1
30856,2,-0.08933722972869873,Q3_pred_3,3
3090,3,-0.11604379117488861,Q3_pred_3,3
81879,2,-0.07539650052785873,Q3_pred_3,3
129159,4,-0.173003688454628,Q2_pred_2,2
30023,4,-0.13122716546058655,Q2_pred_2,2
343896,3,-0.17436331510543823,Q2_pred_2,2
270469,4,-0.23145025968551636,Q1_pred_1,1
164925,3,-0.1612226665019989,Q2_pred_2,2
3909,4,-0.03768989443778992,Q4_pred_4,4
142817,4,-0.005998648703098297,Q5_pred_5,5
349847,4,-0.05480867624282837,Q4_pred_4,4
240674,4,-0.14731451869010925,Q2_pred_2,2
137412,1,-0.11372954398393631,Q3_pred_3,3
152435,4,-0.45326071977615356,Q1_pred_1,1
249464,4,-0.14603935182094574,Q2_pred_2,2
395124,4,-0.3455426096916199,Q1_pred_1,1
54944,4,-0.09652368724346161,Q3_pred_3,3
202002,4,-0.1796559989452362,Q2_pred_2,2
117236,2,-0.17471344769001007,Q2_pred_2,2
156718,4,-0.2864519953727722,Q1_pred_1,1
83905,3,-0.10803443193435669,Q3_pred_3,3
117663,4,0.009646415710449219,Q5_pred_5,5
151281,4,-0.23119032382965088,Q1_pred_1,1
40116,2,-0.21408148109912872,Q1_pred_1,1
7933,3,0.09423890709877014,Q5_pred_5,5
86769,3,-0.12477676570415497,Q3_pred_3,3
121080,4,-0.2306007444858551,Q1_pred_1,1
81855,4,-0.11714202165603638,Q3_pred_3,3
16671,3,-0.136819988489151,Q2_pred_2,2
142663,4,-0.10397522896528244,Q3_pred_3,3
30324,4,-0.07673583924770355,Q3_pred_3,3
148350,1,0.1007264256477356,Q5_pred_5,5
333862,4,-0.07281601428985596,Q4_pred_4,4
158628,4,-0.33258259296417236,Q1_pred_1,1
61733,4,0.06352922320365906,Q5_pred_5,5
16200,4,-0.091220423579216,Q3_pred_3,3
176245,3,-0.12203723192214966,Q3_pred_3,3
133097,3,-0.06901650130748749,Q4_pred_4,4
327401,3,-0.16446267068386078,Q2_pred_2,2
234589,4,-0.08453084528446198,Q3_pred_3,3
220539,4,-0.07429685443639755,Q3_pred_3,3
58654,3,-0.010668247938156128,Q4_pred_4,4
127362,3,-0.17735585570335388,Q2_pred_2,2
152042,4,-0.4045217037200928,Q1_pred_1,1
183735,4,-0.2098412662744522,Q1_pred_1,1
67337,5,-0.006833493709564209,Q4_pred_4,4
26,3,-0.13086465001106262,Q2_pred_2,2
359519,3,-0.21506467461585999,Q1_pred_1,1
81101,4,-0.06832339614629745,Q4_pred_4,4
32552,2,-0.2232944220304489,Q1_pred_1,1
110689,3,-0.17706577479839325,Q2_pred_2,2
156185,4,-0.08409047871828079,Q3_pred_3,3
127228,3,0.015693634748458862,Q5_pred_5,5
39710,2,-0.15885157883167267,Q2_pred_2,2
63796,2,-0.0820760577917099,Q3_pred_3,3
2734,3,-0.1293889880180359,Q3_pred_3,3
397937,3,-0.4066888988018036,Q1_pred_1,1
413462,4,-0.212607279419899,Q1_pred_1,1
12866,4,-0.10241170227527618,Q3_pred_3,3
390721,3,-0.08491579443216324,Q3_pred_3,3
405261,3,-0.02375638484954834,Q4_pred_4,4
33718,4,-0.1392434537410736,Q2_pred_2,2
247915,5,-0.1601289063692093,Q2_pred_2,2
236456,5,0.029579520225524902,Q5_pred_5,5
95842,3,-0.17663350701332092,Q2_pred_2,2
60830,4,-0.13358134031295776,Q2_pred_2,2
416732,2,-0.25211653113365173,Q1_pred_1,1
23484,4,-0.18309348821640015,Q2_pred_2,2
29419,4,-0.25606152415275574,Q1_pred_1,1
154307,4,-0.1164950430393219,Q3_pred_3,3
36331,3,-0.21475622057914734,Q1_pred_1,1
332320,3,-0.015826553106307983,Q4_pred_4,4
40404,4,0.09237280488014221,Q5_pred_5,5
120653,3,0.23942916095256805,Q5_pred_5,5
58026,4,-0.03770604729652405,Q4_pred_4,4
157643,3,-0.1668337881565094,Q2_pred_2,2
372703,4,-0.17741528153419495,Q2_pred_2,2
41709,4,-0.10479846596717834,Q3_pred_3,3
23923,4,-0.21388185024261475,Q1_pred_1,1
5998,4,-0.08641660958528519,Q3_pred_3,3
3800,5,0.06666717678308487,Q5_pred_5,5
374935,5,-0.1296815574169159,Q3_pred_3,3
166436,4,-0.18391242623329163,Q2_pred_2,2
5105,4,-0.05291704460978508,Q4_pred_4,4
171737,3,0.056856900453567505,Q5_pred_5,5
10803,3,-0.10892468690872192,Q3_pred_3,3
176086,2,-0.5018035769462585,Q1_pred_1,1
191088,3,-0.2190314084291458,Q1_pred_1,1
50267,4,-0.20295676589012146,Q1_pred_1,1
124921,4,-0.14597919583320618,Q2_pred_2,2
41600,5,0.07401485741138458,Q5_pred_5,5
374737,4,-0.1413366198539734,Q2_pred_2,2
374527,4,-0.21083799004554749,Q1_pred_1,1
360117,4,-0.0768580362200737,Q3_pred_3,3
129454,3,-0.08455631136894226,Q3_pred_3,3
29160,4,-0.11179514974355698,Q3_pred_3,3
89862,4,-0.13026617467403412,Q2_pred_2,2
165385,4,-0.12183530628681183,Q3_pred_3,3
97223,5,-0.21263089776039124,Q1_pred_1,1
339927,3,-0.1518923044204712,Q2_pred_2,2
270517,4,-0.08097906410694122,Q3_pred_3,3
355292,4,-0.05966216325759888,Q4_pred_4,4
63709,3,-0.14192324876785278,Q2_pred_2,2
171473,4,-0.051241546869277954,Q4_pred_4,4
138200,4,0.029178079217672348,Q5_pred_5,5
192178,2,-0.143328458070755,Q2_pred_2,2
350513,4,-0.054402559995651245,Q4_pred_4,4
372739,5,-0.23836679756641388,Q1_pred_1,1
31942,5,0.21304668486118317,Q5_pred_5,5
127635,4,0.006833016872406006,Q5_pred_5,5
144645,5,-0.06778532266616821,Q4_pred_4,4
155226,3,-0.05457711219787598,Q4_pred_4,4
218876,4,-0.14014393091201782,Q2_pred_2,2
40966,3,-0.1693052351474762,Q2_pred_2,2
369908,5,0.08356735110282898,Q5_pred_5,5
101602,3,-0.22856014966964722,Q1_pred_1,1
355114,5,-0.06115609407424927,Q4_pred_4,4
74364,4,0.024856366217136383,Q5_pred_5,5
59039,4,-0.16489224135875702,Q2_pred_2,2
151744,4,-0.1743350327014923,Q2_pred_2,2
274009,4,-0.15184375643730164,Q2_pred_2,2
2434,2,-0.04369989037513733,Q4_pred_4,4
156363,4,-0.1586296409368515,Q2_pred_2,2
64959,4,-0.23307447135448456,Q1_pred_1,1
339369,3,0.036694422364234924,Q5_pred_5,5
133105,5,-0.025670446455478668,Q4_pred_4,4
48161,4,-0.2775455117225647,Q1_pred_1,1
11191,4,-0.21063503623008728,Q1_pred_1,1
109549,1,0.05207865685224533,Q5_pred_5,5
66104,4,-0.24438071250915527,Q1_pred_1,1
76294,3,-0.10481296479701996,Q3_pred_3,3
50443,4,-0.2777579426765442,Q1_pred_1,1
114333,3,-0.10470519214868546,Q3_pred_3,3
5793,5,-0.06301160156726837,Q4_pred_4,4
168588,5,-0.03793945908546448,Q4_pred_4,4
11027,4,-0.10961829870939255,Q3_pred_3,3
107356,4,-0.06036260724067688,Q4_pred_4,4
219401,3,0.1296725869178772,Q5_pred_5,5
152711,4,-0.2288365662097931,Q1_pred_1,1
24939,4,-9.791553020477295e-05,Q5_pred_5,5
344664,4,-0.10436531901359558,Q3_pred_3,3
17696,3,0.06095165014266968,Q5_pred_5,5
17862,4,-0.3747371435165405,Q1_pred_1,1
23019,4,0.08465339243412018,Q5_pred_5,5
101247,3,-0.07351107895374298,Q3_pred_3,3
132176,3,0.08504670858383179,Q5_pred_5,5
183780,4,-0.005674883723258972,Q5_pred_5,5
326335,4,-0.06972233951091766,Q4_pred_4,4
74679,4,0.06285417079925537,Q5_pred_5,5
17929,1,-0.2526319921016693,Q1_pred_1,1
480715,4,-0.043145984411239624,Q4_pred_4,4
83434,4,-0.0719015896320343,Q4_pred_4,4
214617,4,-0.3169855773448944,Q1_pred_1,1
240008,4,-0.06478659808635712,Q4_pred_4,4
347562,4,0.13778318464756012,Q5_pred_5,5
5823,4,-0.13578888773918152,Q2_pred_2,2
96956,4,-0.007461771368980408,Q4_pred_4,4
65266,4,-0.31035491824150085,Q1_pred_1,1
61721,5,0.03523178771138191,Q5_pred_5,5
357024,4,-0.21109718084335327,Q1_pred_1,1
25610,4,-0.10193756222724915,Q3_pred_3,3
121206,4,-0.040588051080703735,Q4_pred_4,4
251161,5,0.016770943999290466,Q5_pred_5,5
4770,4,0.03333120048046112,Q5_pred_5,5
7313,4,-0.1429499387741089,Q2_pred_2,2
144982,2,0.0940929651260376,Q5_pred_5,5
328905,4,-0.13538816571235657,Q2_pred_2,2
171077,4,-0.10759588330984116,Q3_pred_3,3
75643,4,-0.23419317603111267,Q1_pred_1,1
195579,4,0.10508590936660767,Q5_pred_5,5
48478,4,-0.038319796323776245,Q4_pred_4,4
408708,4,-0.236395925283432,Q1_pred_1,1
260802,4,-0.10960011184215546,Q3_pred_3,3
374057,4,-0.09329023957252502,Q3_pred_3,3
41000,3,-0.04869413375854492,Q4_pred_4,4
18486,4,-0.02105197310447693,Q4_pred_4,4
153614,4,-0.13301536440849304,Q2_pred_2,2
263531,4,-0.003871932625770569,Q5_pred_5,5
186489,4,0.0526236891746521,Q5_pred_5,5
225092,4,-0.13063469529151917,Q2_pred_2,2
379754,4,0.02758297324180603,Q5_pred_5,5
196061,4,-0.06271176040172577,Q4_pred_4,4
48983,4,-0.27258768677711487,Q1_pred_1,1
55246,4,-0.041734449565410614,Q4_pred_4,4
78718,3,-0.3325809836387634,Q1_pred_1,1
57509,4,-0.08992624282836914,Q3_pred_3,3
215999,2,-0.1375095099210739,Q2_pred_2,2
146867,4,-0.30450573563575745,Q1_pred_1,1
50449,3,-0.19059526920318604,Q2_pred_2,2
277547,4,-0.14321494102478027,Q2_pred_2,2
86922,3,-0.27164316177368164,Q1_pred_1,1
23563,3,-0.012683965265750885,Q4_pred_4,4
255856,2,-0.10658510029315948,Q3_pred_3,3
182569,4,-0.09213611483573914,Q3_pred_3,3
48080,2,-0.10503901541233063,Q3_pred_3,3
71046,3,-0.13523131608963013,Q2_pred_2,2
328868,5,0.04114101082086563,Q5_pred_5,5
241925,4,-0.292091429233551,Q1_pred_1,1
13852,4,-0.06451644003391266,Q4_pred_4,4
92932,5,-0.06597895920276642,Q4_pred_4,4
23475,4,-0.2718634307384491,Q1_pred_1,1
55990,4,-0.12527191638946533,Q3_pred_3,3
38851,4,-0.05562783032655716,Q4_pred_4,4
47679,4,-0.15916875004768372,Q2_pred_2,2
209044,3,0.00794990360736847,Q5_pred_5,5
26500,4,-0.3775484263896942,Q1_pred_1,1
114117,4,-0.13189533352851868,Q2_pred_2,2
234996,4,-0.14543619751930237,Q2_pred_2,2
11653,4,0.015440881252288818,Q5_pred_5,5
187595,4,-0.01577312871813774,Q4_pred_4,4
236395,4,0.07079771161079407,Q5_pred_5,5
119668,4,-0.14582757651805878,Q2_pred_2,2
99977,4,-0.23841799795627594,Q1_pred_1,1
228752,4,-0.048911064863204956,Q4_pred_4,4
63733,4,-0.2547694444656372,Q1_pred_1,1
148941,4,-0.44438034296035767,Q1_pred_1,1
89782,4,-0.37835216522216797,Q1_pred_1,1
40807,3,-0.17372342944145203,Q2_pred_2,2
41691,4,-0.1860813945531845,Q2_pred_2,2
142870,4,-0.04638466238975525,Q4_pred_4,4
358311,5,-0.17774349451065063,Q2_pred_2,2
16844,4,-0.21701380610466003,Q1_pred_1,1
34140,4,-0.32489505410194397,Q1_pred_1,1
161600,3,-0.056603506207466125,Q4_pred_4,4
418994,5,-0.028379950672388077,Q4_pred_4,4
13479,4,-0.13436627388000488,Q2_pred_2,2
21057,4,-0.3276904821395874,Q1_pred_1,1
156756,4,-0.30031585693359375,Q1_pred_1,1
61560,4,-0.1594163030385971,Q2_pred_2,2
372423,4,-0.09134815633296967,Q3_pred_3,3
58160,4,-0.16180257499217987,Q2_pred_2,2
120455,3,-0.15108799934387207,Q2_pred_2,2
50123,4,-0.22326137125492096,Q1_pred_1,1
12927,4,-0.18554729223251343,Q2_pred_2,2
14321,4,0.0790056586265564,Q5_pred_5,5
172711,4,-0.19519025087356567,Q2_pred_2,2
372708,4,-0.12741626799106598,Q3_pred_3,3
151994,4,-0.06550522893667221,Q4_pred_4,4
46,4,-0.11419077217578888,Q3_pred_3,3
491167,5,0.11291937530040741,Q5_pred_5,5
393792,4,0.009124606847763062,Q5_pred_5,5
117566,4,-0.35821402072906494,Q1_pred_1,1
79264,4,-0.07987377047538757,Q3_pred_3,3
146671,5,-0.03547746688127518,Q4_pred_4,4
243780,4,-0.14757193624973297,Q2_pred_2,2
354037,3,-0.147788405418396,Q2_pred_2,2
368812,3,-0.13322360813617706,Q2_pred_2,2
177257,4,-0.2040429413318634,Q1_pred_1,1
173605,4,-0.037373777478933334,Q4_pred_4,4
38639,3,-0.27181845903396606,Q1_pred_1,1
277361,2,-0.04466277360916138,Q4_pred_4,4
61747,5,0.023787980899214745,Q5_pred_5,5
87963,4,0.13668563961982727,Q5_pred_5,5
427575,5,-0.2623749375343323,Q1_pred_1,1
40902,4,-0.06751186400651932,Q4_pred_4,4
3467,3,-0.14113426208496094,Q2_pred_2,2
244979,3,-0.16868360340595245,Q2_pred_2,2
247813,5,-0.17515283823013306,Q2_pred_2,2
187093,5,0.07157045602798462,Q5_pred_5,5
146554,4,-0.07296121120452881,Q4_pred_4,4
358637,5,-0.06345100700855255,Q4_pred_4,4
8763,4,0.12866216897964478,Q5_pred_5,5
101412,4,-0.09055861830711365,Q3_pred_3,3
53691,4,-0.29619526863098145,Q1_pred_1,1
25069,4,-0.12289422750473022,Q3_pred_3,3
114158,4,-0.1345207840204239,Q2_pred_2,2
102113,4,-0.018607869744300842,Q4_pred_4,4
157735,3,-0.0014725849032402039,Q5_pred_5,5
36562,4,0.03359222039580345,Q5_pred_5,5
29889,4,-0.10147368907928467,Q3_pred_3,3
128834,4,-0.016981005668640137,Q4_pred_4,4
246947,5,-0.019707053899765015,Q4_pred_4,4
72152,4,0.00038151443004608154,Q5_pred_5,5
236571,5,-0.06272487342357635,Q4_pred_4,4
137701,4,-0.18725380301475525,Q2_pred_2,2
354186,4,-0.20288704335689545,Q1_pred_1,1
200381,3,-0.0919911339879036,Q3_pred_3,3
412191,4,-0.08613801002502441,Q3_pred_3,3
132816,4,-0.13612359762191772,Q2_pred_2,2
132047,4,-0.07956382632255554,Q3_pred_3,3
246881,4,-0.2043725848197937,Q1_pred_1,1
236457,4,0.09478748589754105,Q5_pred_5,5
16436,3,-0.2744642198085785,Q1_pred_1,1
175465,3,-0.16970984637737274,Q2_pred_2,2
155234,4,-0.245106041431427,Q1_pred_1,1
238013,4,-0.13748705387115479,Q2_pred_2,2
29191,4,-0.2820146679878235,Q1_pred_1,1
48456,3,-0.27099379897117615,Q1_pred_1,1
104720,4,-0.03439018130302429,Q4_pred_4,4
181928,4,-0.129495307803154,Q3_pred_3,3
417430,4,-0.08134040236473083,Q3_pred_3,3
155279,4,-0.1450282633304596,Q2_pred_2,2
15363,3,-0.16611294448375702,Q2_pred_2,2
388688,3,-0.03952968120574951,Q4_pred_4,4
354220,4,-0.15370792150497437,Q2_pred_2,2
132802,4,-0.1568337380886078,Q2_pred_2,2
155123,4,-0.1629595309495926,Q2_pred_2,2
2705,4,-0.12152980268001556,Q3_pred_3,3
72678,4,-0.23171502351760864,Q1_pred_1,1
90412,4,-0.29486238956451416,Q1_pred_1,1
118748,4,-0.2696078419685364,Q1_pred_1,1
137837,2,0.06236061453819275,Q5_pred_5,5
172109,4,-0.07835973799228668,Q3_pred_3,3
86934,4,-0.2821442782878876,Q1_pred_1,1
413619,4,-0.07863367348909378,Q3_pred_3,3
130727,4,0.14061114192008972,Q5_pred_5,5
370664,4,0.015256762504577637,Q5_pred_5,5
144225,4,0.04017138481140137,Q5_pred_5,5
155222,4,0.09855785965919495,Q5_pred_5,5
34134,4,-0.21581842005252838,Q1_pred_1,1
109883,5,-0.12230956554412842,Q3_pred_3,3
5775,4,-0.09225857257843018,Q3_pred_3,3
347761,4,-0.030466824769973755,Q4_pred_4,4
69132,4,-0.2648134231567383,Q1_pred_1,1
221951,4,0.0029263347387313843,Q5_pred_5,5
29363,4,-0.10491267591714859,Q3_pred_3,3
421723,4,-0.22278127074241638,Q1_pred_1,1
97189,4,0.06288659572601318,Q5_pred_5,5
20784,2,-0.14697465300559998,Q2_pred_2,2
121943,4,0.1289878636598587,Q5_pred_5,5
355312,5,-0.07917924970388412,Q3_pred_3,3
63220,5,0.0827118456363678,Q5_pred_5,5
140638,4,-0.06354585289955139,Q4_pred_4,4
1922,4,-0.25187158584594727,Q1_pred_1,1
258038,4,-0.09879612177610397,Q3_pred_3,3
416380,4,-0.1675938069820404,Q2_pred_2,2
246083,4,-0.2497187852859497,Q1_pred_1,1
189822,4,-0.07788771390914917,Q3_pred_3,3
276119,4,-0.2082791030406952,Q1_pred_1,1
12920,4,-0.18443122506141663,Q2_pred_2,2
48157,4,-0.17491751909255981,Q2_pred_2,2
169620,4,-0.38730937242507935,Q1_pred_1,1
240230,4,0.09199851751327515,Q5_pred_5,5
78747,2,-0.4065454304218292,Q1_pred_1,1
3913,4,-0.07452632486820221,Q3_pred_3,3
56926,3,-0.08387650549411774,Q3_pred_3,3
358165,5,-0.1669893115758896,Q2_pred_2,2
47067,4,-0.014315873384475708,Q4_pred_4,4
62681,4,-0.20161403715610504,Q1_pred_1,1
490230,4,0.15824806690216064,Q5_pred_5,5
364343,5,-0.03214508295059204,Q4_pred_4,4
26931,4,-0.06904574483633041,Q4_pred_4,4
372679,4,-0.1575567126274109,Q2_pred_2,2
120667,4,0.118326336145401,Q5_pred_5,5
150854,4,-0.023306913673877716,Q4_pred_4,4
267918,4,-0.06234920024871826,Q4_pred_4,4
81349,4,-0.05560758709907532,Q4_pred_4,4
85272,4,-0.14278127253055573,Q2_pred_2,2
116229,2,-0.09374052286148071,Q3_pred_3,3
86262,4,0.0959957018494606,Q5_pred_5,5
79145,4,-0.27597618103027344,Q1_pred_1,1
101621,4,-0.004638701677322388,Q5_pred_5,5
2733,4,-0.21840877830982208,Q1_pred_1,1
368276,4,-0.06367979943752289,Q4_pred_4,4
212610,4,-0.06328423321247101,Q4_pred_4,4
143868,5,-0.06639564037322998,Q4_pred_4,4
89893,4,-0.11618458479642868,Q3_pred_3,3
241477,4,-0.113340824842453,Q3_pred_3,3
5785,2,-0.022641301155090332,Q4_pred_4,4
18716,3,-0.05346833914518356,Q4_pred_4,4
233410,4,-0.15129871666431427,Q2_pred_2,2
91605,5,-0.31064313650131226,Q1_pred_1,1
67861,4,-0.2113574594259262,Q1_pred_1,1
108042,4,-0.38070952892303467,Q1_pred_1,1
158601,4,-0.10930131375789642,Q3_pred_3,3
360794,4,-0.07841399312019348,Q3_pred_3,3
154334,5,-0.11047253012657166,Q3_pred_3,3
37209,4,-0.06945936381816864,Q4_pred_4,4
78611,2,-0.5496774911880493,Q1_pred_1,1
21412,3,0.06792205572128296,Q5_pred_5,5
86720,4,-0.23800355195999146,Q1_pred_1,1
380806,4,-0.05437400937080383,Q4_pred_4,4
172930,4,-0.12376049160957336,Q3_pred_3,3
170786,3,-0.059653133153915405,Q4_pred_4,4
360239,4,-0.08821547776460648,Q3_pred_3,3
396074,4,-0.1014203131198883,Q3_pred_3,3
162257,4,-0.19739069044589996,Q2_pred_2,2
69478,4,-0.14929521083831787,Q2_pred_2,2
153166,3,-0.3353334665298462,Q1_pred_1,1
81137,4,-0.04126289486885071,Q4_pred_4,4
97378,4,-0.07887905091047287,Q3_pred_3,3
68705,4,0.03384581208229065,Q5_pred_5,5
107740,3,0.051569864153862,Q5_pred_5,5
27062,2,-0.0643090307712555,Q4_pred_4,4
147164,4,-0.1140168160200119,Q3_pred_3,3
2890,4,-0.19745126366615295,Q2_pred_2,2
195282,5,-0.14986658096313477,Q2_pred_2,2
247391,5,0.008269228041172028,Q5_pred_5,5
41076,4,-0.4229883849620819,Q1_pred_1,1
64876,4,0.07356046140193939,Q5_pred_5,5
354190,5,-0.1808871030807495,Q2_pred_2,2
55438,5,0.09757661819458008,Q5_pred_5,5
15254,3,-0.2279760092496872,Q1_pred_1,1
104189,4,-0.10990908741950989,Q3_pred_3,3
151738,4,-0.08989939838647842,Q3_pred_3,3
264611,5,0.12172330915927887,Q5_pred_5,5
277595,3,-0.07650142908096313,Q3_pred_3,3
38423,4,-0.15156275033950806,Q2_pred_2,2
325017,3,-0.12492792308330536,Q3_pred_3,3
73203,3,-0.19737288355827332,Q2_pred_2,2
152074,4,-0.1177925169467926,Q3_pred_3,3
80641,5,0.06408561766147614,Q5_pred_5,5
195219,4,0.1824609488248825,Q5_pred_5,5
1135,2,0.003579307347536087,Q5_pred_5,5
15961,4,-0.1852816492319107,Q2_pred_2,2
41087,4,-0.5465275049209595,Q1_pred_1,1
108772,4,-0.005781501531600952,Q5_pred_5,5
123688,4,-0.11649347841739655,Q3_pred_3,3
271605,4,-0.30276212096214294,Q1_pred_1,1
189416,5,0.12621919810771942,Q5_pred_5,5
17133,4,-0.34634196758270264,Q1_pred_1,1
264152,4,-0.13386444747447968,Q2_pred_2,2
148547,5,0.07723921537399292,Q5_pred_5,5
53798,4,0.1158340573310852,Q5_pred_5,5
67417,4,0.02027338743209839,Q5_pred_5,5
71699,4,-0.028474122285842896,Q4_pred_4,4
64777,3,-0.0984615683555603,Q3_pred_3,3
248009,5,-0.21179404854774475,Q1_pred_1,1
25639,5,-0.15263140201568604,Q2_pred_2,2
66618,3,-0.2988658547401428,Q1_pred_1,1
93895,5,-0.033176302909851074,Q4_pred_4,4
13315,5,-0.13999174535274506,Q2_pred_2,2
58079,4,-0.06554652750492096,Q4_pred_4,4
156785,4,-0.21986615657806396,Q1_pred_1,1
409093,4,-0.09052499383687973,Q3_pred_3,3
41725,4,-0.2413349151611328,Q1_pred_1,1
174776,4,-0.11807199567556381,Q3_pred_3,3
190101,4,-0.13176336884498596,Q2_pred_2,2
372683,5,-0.12509319186210632,Q3_pred_3,3
463592,4,-0.035101477056741714,Q4_pred_4,4
371978,4,-0.10737530887126923,Q3_pred_3,3
156715,3,-0.24109578132629395,Q1_pred_1,1
86606,2,-0.2600248157978058,Q1_pred_1,1
42712,4,-0.0017973482608795166,Q5_pred_5,5
107736,5,-0.0858130156993866,Q3_pred_3,3
107725,5,-0.17163746058940887,Q2_pred_2,2
13052,4,-0.27284514904022217,Q1_pred_1,1
109122,4,-0.22021877765655518,Q1_pred_1,1
424785,2,-0.10043511539697647,Q3_pred_3,3
78523,2,-0.013963282108306885,Q4_pred_4,4
200955,3,-0.19412286579608917,Q2_pred_2,2
171442,4,-0.09785200655460358,Q3_pred_3,3
233068,4,-0.09753447771072388,Q3_pred_3,3
105438,3,-0.2946287989616394,Q1_pred_1,1
76531,4,-0.0008840262889862061,Q5_pred_5,5
142294,4,-0.3809562027454376,Q1_pred_1,1
361089,4,0.09651365876197815,Q5_pred_5,5
275791,4,0.15461526811122894,Q5_pred_5,5
71812,4,-0.0015286356210708618,Q5_pred_5,5
335347,4,-0.19560694694519043,Q2_pred_2,2
43542,4,-0.36653342843055725,Q1_pred_1,1
348385,4,-0.008343145251274109,Q4_pred_4,4
86447,4,-0.037668511271476746,Q4_pred_4,4
102934,4,-0.020798571407794952,Q4_pred_4,4
398461,4,-0.25770655274391174,Q1_pred_1,1
51207,4,-0.11686632037162781,Q3_pred_3,3
98449,4,-0.06336575746536255,Q4_pred_4,4
102508,4,0.006076216697692871,Q5_pred_5,5
267569,2,-0.28594595193862915,Q1_pred_1,1
80717,4,-0.03144824504852295,Q4_pred_4,4
46237,4,-0.08668174594640732,Q3_pred_3,3
42917,4,0.06979045271873474,Q5_pred_5,5
90438,4,-0.07884745299816132,Q3_pred_3,3
117946,4,-0.1138971671462059,Q3_pred_3,3
212108,4,-0.08994053304195404,Q3_pred_3,3
177811,4,-0.030612289905548096,Q4_pred_4,4
200960,4,-0.3097878694534302,Q1_pred_1,1
20694,4,-0.22309809923171997,Q1_pred_1,1
39169,4,0.004568427801132202,Q5_pred_5,5
50912,4,-0.12299046665430069,Q3_pred_3,3
29476,4,-0.2941618263721466,Q1_pred_1,1
377844,4,-0.22362495958805084,Q1_pred_1,1
85958,4,0.03250148892402649,Q5_pred_5,5
302492,4,-0.08838558197021484,Q3_pred_3,3
125272,4,-0.15019027888774872,Q2_pred_2,2
424071,3,-0.1463863104581833,Q2_pred_2,2
235167,4,-0.08014632016420364,Q3_pred_3,3
242688,3,-0.15103280544281006,Q2_pred_2,2
73282,4,-0.12759192287921906,Q3_pred_3,3
5520,3,-0.1826196014881134,Q2_pred_2,2
187662,4,0.10724123567342758,Q5_pred_5,5
57770,4,-0.2880162298679352,Q1_pred_1,1
427134,4,-0.31339842081069946,Q1_pred_1,1
38329,4,0.0018365681171417236,Q5_pred_5,5
142216,5,-0.05705675482749939,Q4_pred_4,4
114098,3,-0.15692679584026337,Q2_pred_2,2
142905,4,-0.13483811914920807,Q2_pred_2,2
459706,5,-0.08208268880844116,Q3_pred_3,3
142246,4,-0.06261194497346878,Q4_pred_4,4
10661,4,-0.20213831961154938,Q1_pred_1,1
34419,1,0.020779728889465332,Q5_pred_5,5
60777,4,-0.17986059188842773,Q2_pred_2,2
30353,4,0.021098345518112183,Q5_pred_5,5
105945,3,-0.2768149971961975,Q1_pred_1,1
66155,4,0.11966197937726974,Q5_pred_5,5
199070,4,-0.02014923095703125,Q4_pred_4,4
32311,4,-0.05966711789369583,Q4_pred_4,4
326348,4,-0.14771661162376404,Q2_pred_2,2
56019,4,-0.15875470638275146,Q2_pred_2,2
157599,4,-0.3083410859107971,Q1_pred_1,1
127113,4,0.04230205714702606,Q5_pred_5,5
78867,4,-0.08552750945091248,Q3_pred_3,3
48359,4,0.05777135491371155,Q5_pred_5,5
102864,4,-0.2717816233634949,Q1_pred_1,1
14009,2,0.01519148051738739,Q5_pred_5,5
101315,3,-0.06273479759693146,Q4_pred_4,4
385031,4,-0.14491212368011475,Q2_pred_2,2
371997,4,-0.14247573912143707,Q2_pred_2,2
415397,4,-0.03215658664703369,Q4_pred_4,4
343680,4,-0.3509671092033386,Q1_pred_1,1
340910,4,-0.07313112914562225,Q4_pred_4,4
328052,4,-0.24444732069969177,Q1_pred_1,1
247893,4,-0.170744389295578,Q2_pred_2,2
92970,5,-0.07562214136123657,Q3_pred_3,3
11066,3,-0.143405020236969,Q2_pred_2,2
45539,4,-0.08563528954982758,Q3_pred_3,3
40389,3,-0.08492042124271393,Q3_pred_3,3
146675,4,-0.040297746658325195,Q4_pred_4,4
97527,4,-0.24571186304092407,Q1_pred_1,1
188707,3,-0.11736710369586945,Q3_pred_3,3
275522,4,-0.23179760575294495,Q1_pred_1,1
232618,4,-0.2658085823059082,Q1_pred_1,1
178826,4,-0.030372560024261475,Q4_pred_4,4
1818,4,-0.1894025355577469,Q2_pred_2,2
21237,2,-0.12004689872264862,Q3_pred_3,3
198038,4,0.011796556413173676,Q5_pred_5,5
1194,3,-0.17379319667816162,Q2_pred_2,2
373179,4,-0.1854933202266693,Q2_pred_2,2
161427,4,-0.14049629867076874,Q2_pred_2,2
72288,4,-0.0695478767156601,Q4_pred_4,4
354985,3,-0.09935379028320312,Q3_pred_3,3
73188,3,0.07781986892223358,Q5_pred_5,5
162565,3,-0.09713399410247803,Q3_pred_3,3
366177,4,-0.14749367535114288,Q2_pred_2,2
79045,4,-0.005148790776729584,Q5_pred_5,5
154315,5,-0.14410483837127686,Q2_pred_2,2
210734,5,0.13755708932876587,Q5_pred_5,5
76169,4,-0.08732974529266357,Q3_pred_3,3
70098,3,-0.23173144459724426,Q1_pred_1,1
382906,4,-0.16939033567905426,Q2_pred_2,2
164118,4,-0.09342658519744873,Q3_pred_3,3
40831,4,0.031595632433891296,Q5_pred_5,5
5702,4,-0.24839766323566437,Q1_pred_1,1
150163,4,-0.12325070798397064,Q3_pred_3,3
218889,4,0.06388866901397705,Q5_pred_5,5
223002,4,-0.2802935242652893,Q1_pred_1,1
26539,3,-0.04645469784736633,Q4_pred_4,4
92000,2,0.08686560392379761,Q5_pred_5,5
77580,4,-0.004776492714881897,Q5_pred_5,5
372783,4,-0.25296443700790405,Q1_pred_1,1
25232,3,0.067456915974617,Q5_pred_5,5
52867,3,0.1652013063430786,Q5_pred_5,5
334538,5,0.05054232478141785,Q5_pred_5,5
86420,4,-0.19548332691192627,Q2_pred_2,2
157658,3,-0.07923173904418945,Q3_pred_3,3
50114,4,-0.15341231226921082,Q2_pred_2,2
123399,4,-0.12272066622972488,Q3_pred_3,3
56135,4,-0.18236441910266876,Q2_pred_2,2
124690,4,-0.22675764560699463,Q1_pred_1,1
236352,5,-0.14239101111888885,Q2_pred_2,2
5804,2,-0.18515530228614807,Q2_pred_2,2
172364,4,0.03944756090641022,Q5_pred_5,5
369358,4,-0.24058295786380768,Q1_pred_1,1
30199,2,-0.1036512702703476,Q3_pred_3,3
10697,3,-0.06102509796619415,Q4_pred_4,4
179315,4,-0.12164214253425598,Q3_pred_3,3
161267,4,-0.23581668734550476,Q1_pred_1,1
401605,4,-0.16492033004760742,Q2_pred_2,2
108870,4,-0.10292720049619675,Q3_pred_3,3
348244,3,-0.12102138996124268,Q3_pred_3,3
77291,4,0.13678482174873352,Q5_pred_5,5
386203,4,-0.15724053978919983,Q2_pred_2,2
41862,4,-0.03456581383943558,Q4_pred_4,4
51703,3,-0.16049987077713013,Q2_pred_2,2
375541,4,-0.2751466631889343,Q1_pred_1,1
265311,3,-0.1677040308713913,Q2_pred_2,2
151711,4,0.019584298133850098,Q5_pred_5,5
172440,4,-0.04014061391353607,Q4_pred_4,4
50951,4,-0.19253410398960114,Q2_pred_2,2
42352,4,0.10638479143381119,Q5_pred_5,5
89335,5,0.04480765759944916,Q5_pred_5,5
136878,5,-0.022024989128112793,Q4_pred_4,4
147925,4,0.07720017433166504,Q5_pred_5,5
93453,4,-0.1780748963356018,Q2_pred_2,2
83,4,-0.013022691011428833,Q4_pred_4,4
153620,4,-0.14935404062271118,Q2_pred_2,2
51413,4,-0.22561180591583252,Q1_pred_1,1
128673,5,-0.008742257952690125,Q4_pred_4,4
345263,4,-0.21831831336021423,Q1_pred_1,1
92392,4,-0.10096471011638641,Q3_pred_3,3
57147,4,-0.28905975818634033,Q1_pred_1,1
64664,4,-0.02954859472811222,Q4_pred_4,4
10729,2,-0.001515805721282959,Q5_pred_5,5
246958,5,0.007176220417022705,Q5_pred_5,5
77742,4,-0.21984770894050598,Q1_pred_1,1
246782,4,-0.14408323168754578,Q2_pred_2,2
343969,4,-0.07127150893211365,Q4_pred_4,4
153657,4,-0.15373840928077698,Q2_pred_2,2
351173,4,-0.03263287991285324,Q4_pred_4,4
222324,4,-0.024497687816619873,Q4_pred_4,4
119658,2,-0.3303448259830475,Q1_pred_1,1
343928,4,0.026803016662597656,Q5_pred_5,5
10971,4,0.03149069845676422,Q5_pred_5,5
64743,4,0.058865442872047424,Q5_pred_5,5
386106,3,-0.18709523975849152,Q2_pred_2,2
214697,4,-0.4099164307117462,Q1_pred_1,1
37361,4,-0.18635514378547668,Q2_pred_2,2
13050,4,-0.2864982485771179,Q1_pred_1,1
248176,4,-0.1741267591714859,Q2_pred_2,2
59303,4,-0.04678508639335632,Q4_pred_4,4
387957,4,-0.07800284028053284,Q3_pred_3,3
133230,5,0.05785024166107178,Q5_pred_5,5
223280,3,-0.0673336610198021,Q4_pred_4,4
161686,4,0.06872646510601044,Q5_pred_5,5
214623,4,-0.4146384596824646,Q1_pred_1,1
374117,5,-0.03811365365982056,Q4_pred_4,4
334100,4,0.04812122881412506,Q5_pred_5,5
382220,3,-0.127955824136734,Q3_pred_3,3
67199,3,-0.06756172329187393,Q4_pred_4,4
410642,4,-0.1863502562046051,Q2_pred_2,2
268128,4,0.05651587247848511,Q5_pred_5,5
83996,5,-0.10016340017318726,Q3_pred_3,3
277103,5,-0.010566502809524536,Q4_pred_4,4
104634,4,-0.30834054946899414,Q1_pred_1,1
358793,3,-0.14969699084758759,Q2_pred_2,2
56294,4,0.18850761651992798,Q5_pred_5,5
334588,4,-0.03683733940124512,Q4_pred_4,4
115504,4,-0.2950972318649292,Q1_pred_1,1
357175,3,-0.21825826168060303,Q1_pred_1,1
415371,2,-0.25718942284584045,Q1_pred_1,1
147944,4,-0.15914809703826904,Q2_pred_2,2
231265,4,-0.0013294517993927002,Q5_pred_5,5
153599,5,-0.18278217315673828,Q2_pred_2,2
27927,3,-0.328763872385025,Q1_pred_1,1
115221,4,0.043245747685432434,Q5_pred_5,5
37178,4,-0.08929697424173355,Q3_pred_3,3
151285,4,-0.20560520887374878,Q1_pred_1,1
180542,3,-0.15184152126312256,Q2_pred_2,2
152939,3,-0.0713309645652771,Q4_pred_4,4
21621,4,-0.1267525851726532,Q3_pred_3,3
161235,2,-0.04595284163951874,Q4_pred_4,4
40846,4,0.09286674112081528,Q5_pred_5,5
84574,2,-0.19900691509246826,Q1_pred_1,1
372631,4,-0.1596485823392868,Q2_pred_2,2
35140,3,-0.05263452231884003,Q4_pred_4,4
353103,3,0.01222941279411316,Q5_pred_5,5
157280,4,-0.32371845841407776,Q1_pred_1,1
127446,3,-0.38482722640037537,Q1_pred_1,1
356790,5,0.008379161357879639,Q5_pred_5,5
87130,2,-0.14859378337860107,Q2_pred_2,2
246671,5,-0.01856401562690735,Q4_pred_4,4
86434,5,-0.15392130613327026,Q2_pred_2,2
391842,4,-0.09553729742765427,Q3_pred_3,3
156602,4,0.02450399100780487,Q5_pred_5,5
183645,3,-0.05377282202243805,Q4_pred_4,4
239671,5,-0.025758996605873108,Q4_pred_4,4
59450,5,-0.006814084947109222,Q4_pred_4,4
16430,4,-0.16316023468971252,Q2_pred_2,2
347719,3,-0.14115358889102936,Q2_pred_2,2
58501,3,-0.1568431556224823,Q2_pred_2,2
73108,4,-0.1433461606502533,Q2_pred_2,2
327915,4,-0.12325455248355865,Q3_pred_3,3
320394,4,-0.04535616189241409,Q4_pred_4,4
48322,4,-0.10112297534942627,Q3_pred_3,3
13856,5,-0.07180386036634445,Q4_pred_4,4
65339,2,-0.27146846055984497,Q1_pred_1,1
154097,5,-0.11788743734359741,Q3_pred_3,3
188629,2,-0.1809375137090683,Q2_pred_2,2
222222,4,-0.07063648104667664,Q4_pred_4,4
84867,4,-0.21675771474838257,Q1_pred_1,1
159543,4,-0.10425370931625366,Q3_pred_3,3
132987,1,-0.20060791075229645,Q1_pred_1,1
368509,2,-0.25968873500823975,Q1_pred_1,1
24365,4,-0.04501636326313019,Q4_pred_4,4
119385,4,-0.24438302218914032,Q1_pred_1,1
130733,4,0.11740245670080185,Q5_pred_5,5
394909,3,0.07965296506881714,Q5_pred_5,5
31346,3,0.15687847137451172,Q5_pred_5,5
58063,4,-0.0404389351606369,Q4_pred_4,4
217740,4,0.07873706519603729,Q5_pred_5,5
4052,4,-0.041832804679870605,Q4_pred_4,4
358392,5,-0.009589947760105133,Q4_pred_4,4
164367,4,-0.045315757393836975,Q4_pred_4,4
111032,3,-0.15080279111862183,Q2_pred_2,2
127440,4,-0.044227540493011475,Q4_pred_4,4
86837,4,-0.1435868740081787,Q2_pred_2,2
95814,3,-0.14055871963500977,Q2_pred_2,2
124720,4,-0.13285107910633087,Q2_pred_2,2
177804,3,0.13011214137077332,Q5_pred_5,5
146217,4,-0.13137772679328918,Q2_pred_2,2
40049,3,-0.2546631991863251,Q1_pred_1,1
30041,3,-0.043821945786476135,Q4_pred_4,4
164385,4,-0.1098107099533081,Q3_pred_3,3
120970,4,-0.05873281508684158,Q4_pred_4,4
337236,4,-0.11611488461494446,Q3_pred_3,3
31940,4,0.17393758893013,Q5_pred_5,5
181896,3,-0.06887522339820862,Q4_pred_4,4
264376,3,-0.23027127981185913,Q1_pred_1,1
326721,4,-0.18662302196025848,Q2_pred_2,2
112066,4,0.10679632425308228,Q5_pred_5,5
395296,3,0.021219056099653244,Q5_pred_5,5
95818,4,-0.10929936170578003,Q3_pred_3,3
153108,1,-0.24343198537826538,Q1_pred_1,1
236505,5,-0.0723881721496582,Q4_pred_4,4
9663,4,0.018757328391075134,Q5_pred_5,5
86895,4,-0.15459007024765015,Q2_pred_2,2
96458,4,-0.08576460927724838,Q3_pred_3,3
78840,4,-0.2672784626483917,Q1_pred_1,1
246113,4,-0.09685523062944412,Q3_pred_3,3
349403,2,-0.12198051810264587,Q3_pred_3,3
13008,4,-0.2592337727546692,Q1_pred_1,1
56552,4,0.05788472294807434,Q5_pred_5,5
117215,1,-0.25006231665611267,Q1_pred_1,1
165170,4,-0.2757125496864319,Q1_pred_1,1
29157,4,-0.07082045078277588,Q4_pred_4,4
24598,4,-0.12640880048274994,Q3_pred_3,3
168671,3,-0.12009356915950775,Q3_pred_3,3
32582,4,-0.08829692006111145,Q3_pred_3,3
358276,5,-0.1550486534833908,Q2_pred_2,2
399048,5,0.060001492500305176,Q5_pred_5,5
85721,3,-0.24115076661109924,Q1_pred_1,1
183635,1,-0.08697390556335449,Q3_pred_3,3
152689,4,-0.13542065024375916,Q2_pred_2,2
68729,4,-0.24816522002220154,Q1_pred_1,1
24984,2,-0.08643148094415665,Q3_pred_3,3
325696,3,-0.16761448979377747,Q2_pred_2,2
89113,4,-0.06834045052528381,Q4_pred_4,4
3004,4,0.04898224025964737,Q5_pred_5,5
136263,2,-0.3658895194530487,Q1_pred_1,1
67872,4,-0.1692289113998413,Q2_pred_2,2
50775,4,-0.01717132329940796,Q4_pred_4,4
164878,4,-0.141749307513237,Q2_pred_2,2
194872,3,-0.13028912246227264,Q2_pred_2,2
423009,4,-0.23881211876869202,Q1_pred_1,1
38561,4,-0.05154448747634888,Q4_pred_4,4
92943,5,-0.15274308621883392,Q2_pred_2,2
355102,5,0.043110303580760956,Q5_pred_5,5
20695,4,-0.2378789335489273,Q1_pred_1,1
379058,4,-0.04488658905029297,Q4_pred_4,4
397673,4,-0.14753618836402893,Q2_pred_2,2
4530,2,-0.1352384388446808,Q2_pred_2,2
5187,4,-0.026900414377450943,Q4_pred_4,4
66785,4,-0.042725205421447754,Q4_pred_4,4
80558,4,-0.3108682632446289,Q1_pred_1,1
341189,2,0.0638490617275238,Q5_pred_5,5
214849,4,-0.07936272025108337,Q3_pred_3,3
151611,2,-0.20648419857025146,Q1_pred_1,1
156832,4,0.08369237184524536,Q5_pred_5,5
410868,4,-0.04428461194038391,Q4_pred_4,4
10981,1,-0.19789192080497742,Q2_pred_2,2
20644,4,-0.16144788265228271,Q2_pred_2,2
25704,3,-0.18439722061157227,Q2_pred_2,2
365207,4,-0.15601138770580292,Q2_pred_2,2
59890,4,-0.020454108715057373,Q4_pred_4,4
166919,2,-0.30654266476631165,Q1_pred_1,1
83494,4,-0.06820160150527954,Q4_pred_4,4
189376,5,0.059819839894771576,Q5_pred_5,5
71138,2,-0.13328558206558228,Q2_pred_2,2
57598,4,-0.12478050589561462,Q3_pred_3,3
39,3,-0.1551741361618042,Q2_pred_2,2
22717,4,0.020714789628982544,Q5_pred_5,5
69159,4,-0.11434805393218994,Q3_pred_3,3
388476,4,-0.06873491406440735,Q4_pred_4,4
210602,4,0.062075257301330566,Q5_pred_5,5
232499,4,-0.2313767969608307,Q1_pred_1,1
358391,4,-0.03609929233789444,Q4_pred_4,4
127644,5,-0.2263728529214859,Q1_pred_1,1
15903,2,-0.21969512104988098,Q1_pred_1,1
36231,4,-0.371759295463562,Q1_pred_1,1
53474,4,-0.16448944807052612,Q2_pred_2,2
31345,4,0.0874437615275383,Q5_pred_5,5
343939,4,-0.18647989630699158,Q2_pred_2,2
15929,3,-0.13791896402835846,Q2_pred_2,2
113263,2,-0.14508214592933655,Q2_pred_2,2
144260,4,-0.08925974369049072,Q3_pred_3,3
154029,4,-0.13901954889297485,Q2_pred_2,2
168305,4,0.05074465274810791,Q5_pred_5,5
22018,4,0.10432720929384232,Q5_pred_5,5
382885,4,-0.10257308185100555,Q3_pred_3,3
72008,4,-0.1430690884590149,Q2_pred_2,2
214609,4,-0.38208192586898804,Q1_pred_1,1
254384,4,-0.049293167889118195,Q4_pred_4,4
13594,4,0.0038713961839675903,Q5_pred_5,5
197947,4,-0.14074024558067322,Q2_pred_2,2
241546,2,-0.23788969218730927,Q1_pred_1,1
375068,4,-0.11090442538261414,Q3_pred_3,3
86729,2,0.040368616580963135,Q5_pred_5,5
137444,4,-0.04738836735486984,Q4_pred_4,4
76449,4,-0.13663168251514435,Q2_pred_2,2
50495,4,-0.12168624997138977,Q3_pred_3,3
3949,3,-0.17344436049461365,Q2_pred_2,2
15541,4,0.019621804356575012,Q5_pred_5,5
270695,5,-0.02584940195083618,Q4_pred_4,4
108769,3,-0.2197638750076294,Q1_pred_1,1
222356,4,-0.05125761032104492,Q4_pred_4,4
187147,4,-0.16941159963607788,Q2_pred_2,2
383948,3,-0.06187774986028671,Q4_pred_4,4
38969,4,-0.23596049845218658,Q1_pred_1,1
26588,4,-0.41961973905563354,Q1_pred_1,1
39388,4,-0.17724552750587463,Q2_pred_2,2
6987,2,-0.06466734409332275,Q4_pred_4,4
96091,4,-0.1172020435333252,Q3_pred_3,3
32169,4,-0.17537635564804077,Q2_pred_2,2
30143,4,-0.27476292848587036,Q1_pred_1,1
120384,3,-0.17328006029129028,Q2_pred_2,2
143803,4,-0.1461288332939148,Q2_pred_2,2
9364,3,-0.30134066939353943,Q1_pred_1,1
252393,4,0.008874490857124329,Q5_pred_5,5
91237,4,0.03690597414970398,Q5_pred_5,5
218877,4,-0.1786116659641266,Q2_pred_2,2
32547,3,0.07603336125612259,Q5_pred_5,5
59158,3,-0.12116645276546478,Q3_pred_3,3
38628,4,-0.09490995854139328,Q3_pred_3,3
90351,4,-0.31478041410446167,Q1_pred_1,1
193675,1,-0.1761356145143509,Q2_pred_2,2
195862,4,-0.11010304093360901,Q3_pred_3,3
60802,3,-0.15973669290542603,Q2_pred_2,2
90259,4,-0.06801865994930267,Q4_pred_4,4
19749,3,-0.08844749629497528,Q3_pred_3,3
200551,4,-0.08996310830116272,Q3_pred_3,3
39202,4,-0.02231776714324951,Q4_pred_4,4
28672,3,-0.044025782495737076,Q4_pred_4,4
29130,4,-0.22646120190620422,Q1_pred_1,1
23076,4,-0.35223934054374695,Q1_pred_1,1
355912,4,-0.18818429112434387,Q2_pred_2,2
15395,4,0.06808769702911377,Q5_pred_5,5
121301,4,-0.01021130383014679,Q4_pred_4,4
183636,1,-0.08953297138214111,Q3_pred_3,3
17146,3,-0.1281038522720337,Q3_pred_3,3
89124,4,-0.017959341406822205,Q4_pred_4,4
120963,2,-0.3271706700325012,Q1_pred_1,1
3329,4,-0.015922129154205322,Q4_pred_4,4
270470,4,-0.26424944400787354,Q1_pred_1,1
393461,4,-0.11029084771871567,Q3_pred_3,3
418458,4,-0.3029894232749939,Q1_pred_1,1
57496,4,-0.19279077649116516,Q2_pred_2,2
153939,5,-0.1345931589603424,Q2_pred_2,2
91989,3,0.027622707188129425,Q5_pred_5,5
218177,4,-0.033077485859394073,Q4_pred_4,4
15257,3,-0.053655609488487244,Q4_pred_4,4
348879,3,-0.05367332696914673,Q4_pred_4,4
420054,4,-0.09589836001396179,Q3_pred_3,3
151861,1,-0.20698252320289612,Q1_pred_1,1
365241,3,0.1362483948469162,Q5_pred_5,5
105276,4,-0.14170753955841064,Q2_pred_2,2
237730,3,-0.14762772619724274,Q2_pred_2,2
2615,4,-0.12288409471511841,Q3_pred_3,3
56292,3,-0.1817440539598465,Q2_pred_2,2
411917,4,-0.13831773400306702,Q2_pred_2,2
236508,3,-0.18671415746212006,Q2_pred_2,2
15474,4,-0.2049967646598816,Q1_pred_1,1
61893,3,-0.11338211596012115,Q3_pred_3,3
166958,4,-0.11332239210605621,Q3_pred_3,3
111030,4,-0.018853619694709778,Q4_pred_4,4
202301,1,-0.07435141503810883,Q3_pred_3,3
21123,3,-0.15179607272148132,Q2_pred_2,2
11666,4,0.042749375104904175,Q5_pred_5,5
92381,4,-0.1385374665260315,Q2_pred_2,2
202420,1,-0.1964615434408188,Q2_pred_2,2
15749,4,-0.3435665965080261,Q1_pred_1,1
240934,4,-0.2688092887401581,Q1_pred_1,1
128996,4,0.09226994216442108,Q5_pred_5,5
127251,4,-0.19573821127414703,Q2_pred_2,2
103562,3,-0.08445130288600922,Q3_pred_3,3
166050,4,-0.10890191793441772,Q3_pred_3,3
114364,2,-0.047946929931640625,Q4_pred_4,4
214989,3,-0.1144416332244873,Q3_pred_3,3
69760,2,-0.11301113665103912,Q3_pred_3,3
236643,4,-0.21911576390266418,Q1_pred_1,1
137463,5,-0.11162961274385452,Q3_pred_3,3
132340,4,-0.06452161818742752,Q4_pred_4,4
36859,3,-0.04806394875049591,Q4_pred_4,4
80798,2,-0.3933883309364319,Q1_pred_1,1
21560,2,-0.27236348390579224,Q1_pred_1,1
417826,4,-0.11210721731185913,Q3_pred_3,3
114079,4,-0.09182585775852203,Q3_pred_3,3
373875,5,-0.13270261883735657,Q2_pred_2,2
40899,4,-0.22577336430549622,Q1_pred_1,1
57446,4,-0.14914865791797638,Q2_pred_2,2
90258,4,-0.0376071035861969,Q4_pred_4,4
93640,4,-0.03728301823139191,Q4_pred_4,4
170797,4,-0.09029772877693176,Q3_pred_3,3
171349,4,-0.35552459955215454,Q1_pred_1,1
156716,3,-0.32468315958976746,Q1_pred_1,1
432400,4,0.057695455849170685,Q5_pred_5,5
111650,4,0.12160506844520569,Q5_pred_5,5
396995,3,-0.10381832718849182,Q3_pred_3,3
40455,2,-0.16765134036540985,Q2_pred_2,2
111038,3,-0.02033287286758423,Q4_pred_4,4
4270,4,-0.23681749403476715,Q1_pred_1,1
25607,4,-0.07408978044986725,Q3_pred_3,3
76143,2,0.026201575994491577,Q5_pred_5,5
399464,3,-0.14934635162353516,Q2_pred_2,2
102706,4,0.005965769290924072,Q5_pred_5,5
101903,4,0.013133689761161804,Q5_pred_5,5
236545,4,-0.15351808071136475,Q2_pred_2,2
11958,4,-0.2878625690937042,Q1_pred_1,1
119844,4,-0.03989183157682419,Q4_pred_4,4
29335,4,-0.1283271312713623,Q3_pred_3,3
261585,4,-0.18203413486480713,Q2_pred_2,2
46729,4,-0.04460570216178894,Q4_pred_4,4
174024,2,-0.022715449333190918,Q4_pred_4,4
69368,3,-0.0894264504313469,Q3_pred_3,3
145486,4,-0.21027539670467377,Q1_pred_1,1
477115,4,-0.13001397252082825,Q3_pred_3,3
69027,3,-0.26320213079452515,Q1_pred_1,1
77668,3,-0.08866933733224869,Q3_pred_3,3
369707,4,-0.2091117799282074,Q1_pred_1,1
357454,4,-0.12601788341999054,Q3_pred_3,3
6272,4,0.1724974811077118,Q5_pred_5,5
61787,4,0.051908284425735474,Q5_pred_5,5
388423,4,-0.15465807914733887,Q2_pred_2,2
274153,4,-0.14627878367900848,Q2_pred_2,2
34278,4,-0.09969747811555862,Q3_pred_3,3
105481,3,-0.3967152237892151,Q1_pred_1,1
174105,4,-0.2696981132030487,Q1_pred_1,1
163120,4,-0.06936816871166229,Q4_pred_4,4
407945,1,-0.25231730937957764,Q1_pred_1,1
361564,2,-0.3011694848537445,Q1_pred_1,1
13881,4,-0.013324730098247528,Q4_pred_4,4
2438,2,-0.040581271052360535,Q4_pred_4,4
341534,4,0.04500943422317505,Q5_pred_5,5
154059,5,-0.06552988290786743,Q4_pred_4,4
325032,4,-0.007774367928504944,Q4_pred_4,4
60782,4,-0.14774535596370697,Q2_pred_2,2
316686,4,-0.03260011970996857,Q4_pred_4,4
41744,4,-0.23254457116127014,Q1_pred_1,1
146835,4,-0.06544088572263718,Q4_pred_4,4
41979,4,-0.1474340856075287,Q2_pred_2,2
143958,4,-0.12442372739315033,Q3_pred_3,3
44051,2,-0.13921718299388885,Q2_pred_2,2
372663,4,-0.13464483618736267,Q2_pred_2,2
162950,4,-0.07956165075302124,Q3_pred_3,3
236617,4,-0.21808147430419922,Q1_pred_1,1
248648,4,-0.05529462546110153,Q4_pred_4,4
302493,4,-0.08222288638353348,Q3_pred_3,3
246974,4,-0.00716419517993927,Q4_pred_4,4
11369,3,-0.12354148924350739,Q3_pred_3,3
203492,5,0.01700383424758911,Q5_pred_5,5
267501,4,-0.19363674521446228,Q2_pred_2,2
176251,4,-0.20249944925308228,Q1_pred_1,1
253598,4,-0.14894692599773407,Q2_pred_2,2
22887,4,0.12221255898475647,Q5_pred_5,5
355000,3,-0.14592663943767548,Q2_pred_2,2
243944,4,-0.1396634429693222,Q2_pred_2,2
251633,4,0.12073251605033875,Q5_pred_5,5
345423,4,-0.262523889541626,Q1_pred_1,1
2714,2,-0.25661128759384155,Q1_pred_1,1
38983,3,-0.181949183344841,Q2_pred_2,2
61771,5,-0.026941560208797455,Q4_pred_4,4
162395,2,-0.04566803574562073,Q4_pred_4,4
58124,4,-0.16206859052181244,Q2_pred_2,2
315923,2,-0.11101193726062775,Q3_pred_3,3
316443,2,-0.04265914857387543,Q4_pred_4,4
96825,4,0.13397637009620667,Q5_pred_5,5
180920,3,-0.08884268999099731,Q3_pred_3,3
24243,3,-0.12474693357944489,Q3_pred_3,3
21245,3,-0.08259955793619156,Q3_pred_3,3
141160,3,-0.12357577681541443,Q3_pred_3,3
324338,4,-0.014310628175735474,Q4_pred_4,4
38465,3,-0.019778400659561157,Q4_pred_4,4
422146,3,-0.21330277621746063,Q1_pred_1,1
358066,5,-0.11796029657125473,Q3_pred_3,3
341509,3,-0.0910262018442154,Q3_pred_3,3
366034,4,-0.03786834329366684,Q4_pred_4,4
94033,3,-0.04075080156326294,Q4_pred_4,4
104212,4,-0.23170961439609528,Q1_pred_1,1
97635,4,-0.060437433421611786,Q4_pred_4,4
70955,3,-0.24102701246738434,Q1_pred_1,1
214622,2,-0.393429160118103,Q1_pred_1,1
161678,4,0.23399701714515686,Q5_pred_5,5
123900,4,-0.16656428575515747,Q2_pred_2,2
2531,3,-0.12726259231567383,Q3_pred_3,3
386303,4,-0.11454391479492188,Q3_pred_3,3
166216,4,-0.19641679525375366,Q2_pred_2,2
189420,4,-0.019101480022072792,Q4_pred_4,4
187340,4,-0.19484493136405945,Q2_pred_2,2
153601,4,-0.17339085042476654,Q2_pred_2,2
256205,4,0.1016848236322403,Q5_pred_5,5
158526,4,-0.06620128452777863,Q4_pred_4,4
353953,2,-0.10750889778137207,Q3_pred_3,3
412556,3,-0.13833749294281006,Q2_pred_2,2
163695,4,-0.10742145776748657,Q3_pred_3,3
69084,2,-0.3391020894050598,Q1_pred_1,1
111124,3,0.06226117163896561,Q5_pred_5,5
149877,4,-0.158179372549057,Q2_pred_2,2
24507,3,0.05303650349378586,Q5_pred_5,5
146257,4,-0.09015139937400818,Q3_pred_3,3
477251,4,-0.3246873617172241,Q1_pred_1,1
4527,2,-0.26022082567214966,Q1_pred_1,1
115560,3,0.09991022199392319,Q5_pred_5,5
102390,4,0.016622468829154968,Q5_pred_5,5
96090,4,-0.1251436173915863,Q3_pred_3,3
413244,4,-0.005694780498743057,Q5_pred_5,5
18057,1,-0.18365523219108582,Q2_pred_2,2
348873,4,-0.07323190569877625,Q4_pred_4,4
174860,4,-0.3004245162010193,Q1_pred_1,1
72143,4,-0.05043609440326691,Q4_pred_4,4
63063,4,-0.518095850944519,Q1_pred_1,1
73257,4,-0.02272762358188629,Q4_pred_4,4
55306,3,-0.004700794816017151,Q5_pred_5,5
349263,4,-0.1179303228855133,Q3_pred_3,3
45728,4,0.0366014689207077,Q5_pred_5,5
4285,4,-0.010674938559532166,Q4_pred_4,4
397920,4,0.11881111562252045,Q5_pred_5,5
49898,4,-0.25766870379447937,Q1_pred_1,1
211528,4,-0.10311815142631531,Q3_pred_3,3
81321,4,-0.2712036073207855,Q1_pred_1,1
11009,3,-0.1916055977344513,Q2_pred_2,2
6849,2,0.0844516009092331,Q5_pred_5,5
152802,2,0.0077696144580841064,Q5_pred_5,5
76302,4,-0.05106641352176666,Q4_pred_4,4
120124,4,-0.04405073821544647,Q4_pred_4,4
146569,4,-0.03861375153064728,Q4_pred_4,4
46153,5,-0.039542730897665024,Q4_pred_4,4
28826,4,-0.13074249029159546,Q2_pred_2,2
142622,4,0.0691552609205246,Q5_pred_5,5
336514,4,0.014825060963630676,Q5_pred_5,5
485473,4,0.022838369011878967,Q5_pred_5,5
324057,4,-0.28177395462989807,Q1_pred_1,1
100253,4,-0.032868072390556335,Q4_pred_4,4
103592,4,-0.08143854141235352,Q3_pred_3,3
373674,3,0.012554571032524109,Q5_pred_5,5
18756,3,-0.1107790619134903,Q3_pred_3,3
80317,4,-0.33193278312683105,Q1_pred_1,1
127162,4,0.04244142770767212,Q5_pred_5,5
44124,2,-0.3553121089935303,Q1_pred_1,1
221548,3,0.002864271402359009,Q5_pred_5,5
263036,4,-0.11002179235219955,Q3_pred_3,3
39495,4,-0.06981244683265686,Q4_pred_4,4
65576,3,0.12727467715740204,Q5_pred_5,5
248362,4,0.011133193969726562,Q5_pred_5,5
36129,4,0.08119294047355652,Q5_pred_5,5
2693,3,-0.15530537068843842,Q2_pred_2,2
65604,4,-0.05923774093389511,Q4_pred_4,4
50130,4,-0.3749719262123108,Q1_pred_1,1
189488,4,-0.04904361069202423,Q4_pred_4,4
162854,3,-0.21973341703414917,Q1_pred_1,1
24808,3,-0.15063340961933136,Q2_pred_2,2
13323,5,-0.16461589932441711,Q2_pred_2,2
25227,3,0.03410717844963074,Q5_pred_5,5
23567,4,-0.01859835535287857,Q4_pred_4,4
222648,4,-0.05365404486656189,Q4_pred_4,4
156188,4,-0.15235987305641174,Q2_pred_2,2
58272,4,-0.12008804827928543,Q3_pred_3,3
50332,4,-0.03507676720619202,Q4_pred_4,4
79470,4,-0.15140756964683533,Q2_pred_2,2
425230,4,0.060662537813186646,Q5_pred_5,5
40908,2,-0.17217937111854553,Q2_pred_2,2
137940,3,0.11273094266653061,Q5_pred_5,5
142813,5,-0.011122137308120728,Q4_pred_4,4
237682,3,-0.26530346274375916,Q1_pred_1,1
398513,3,-0.28691819310188293,Q1_pred_1,1
254570,4,0.01979580521583557,Q5_pred_5,5
166171,4,-0.25292372703552246,Q1_pred_1,1
3336,4,-0.05860522389411926,Q4_pred_4,4
108889,5,-0.10117800533771515,Q3_pred_3,3
260246,4,-0.16567832231521606,Q2_pred_2,2
3739,4,-0.21057994663715363,Q1_pred_1,1
78854,4,0.08194281160831451,Q5_pred_5,5
339656,2,-0.15187793970108032,Q2_pred_2,2
148536,4,-0.07164186239242554,Q4_pred_4,4
49315,3,-0.20269468426704407,Q1_pred_1,1
157514,4,-0.10127842426300049,Q3_pred_3,3
79454,4,-0.12729953229427338,Q3_pred_3,3
9544,4,-0.15931133925914764,Q2_pred_2,2
102308,3,0.025161217898130417,Q5_pred_5,5
127360,4,-0.1604965776205063,Q2_pred_2,2
30942,4,-0.11434933543205261,Q3_pred_3,3
361278,4,0.014872603118419647,Q5_pred_5,5
358163,4,-0.19076864421367645,Q2_pred_2,2
72826,4,-0.310030996799469,Q1_pred_1,1
377157,2,-0.08666041493415833,Q3_pred_3,3
429076,4,-0.1689736247062683,Q2_pred_2,2
12784,4,-0.04039517045021057,Q4_pred_4,4
24247,4,-0.01163104921579361,Q4_pred_4,4
56154,3,-0.21225784718990326,Q1_pred_1,1
207481,2,-0.18618081510066986,Q2_pred_2,2
32548,3,-0.07709279656410217,Q3_pred_3,3
10549,3,-0.04558289051055908,Q4_pred_4,4
25590,3,0.06655488908290863,Q5_pred_5,5
50172,4,0.016836926341056824,Q5_pred_5,5
92934,4,-0.024743512272834778,Q4_pred_4,4
348324,2,-0.2786099314689636,Q1_pred_1,1
109244,4,-0.08326040208339691,Q3_pred_3,3
239508,3,0.026955433189868927,Q5_pred_5,5
138902,4,-0.10013490915298462,Q3_pred_3,3
318838,3,-0.18644550442695618,Q2_pred_2,2
104795,3,0.10883812606334686,Q5_pred_5,5
49661,4,-0.1897694170475006,Q2_pred_2,2
5146,4,-0.10888158529996872,Q3_pred_3,3
102072,4,-0.09059096872806549,Q3_pred_3,3
147599,4,-0.16565844416618347,Q2_pred_2,2
96077,3,-0.20801381766796112,Q1_pred_1,1
316440,2,-0.1548832654953003,Q2_pred_2,2
247121,4,-0.15935344994068146,Q2_pred_2,2
48510,4,0.19397428631782532,Q5_pred_5,5
150271,4,-0.014330431818962097,Q4_pred_4,4
402461,2,0.02175167202949524,Q5_pred_5,5
82698,2,-0.15053224563598633,Q2_pred_2,2
247395,5,-0.008567482233047485,Q4_pred_4,4
347314,4,-0.2563536763191223,Q1_pred_1,1
3896,3,-0.10821832716464996,Q3_pred_3,3
86653,4,-0.10169368237257004,Q3_pred_3,3
138149,2,0.019323736429214478,Q5_pred_5,5
219110,4,-0.10776127129793167,Q3_pred_3,3
98439,3,-0.1573217213153839,Q2_pred_2,2
15248,2,-0.30762067437171936,Q1_pred_1,1
354694,3,-0.17208461463451385,Q2_pred_2,2
419855,4,-0.18760159611701965,Q2_pred_2,2
239756,4,-0.025879189372062683,Q4_pred_4,4
60801,4,-0.1614651083946228,Q2_pred_2,2
381192,4,-0.05475807189941406,Q4_pred_4,4
116367,4,-0.1020786464214325,Q3_pred_3,3
414225,4,-0.13454091548919678,Q2_pred_2,2
58237,3,-0.013017766177654266,Q4_pred_4,4
109871,5,-0.12158723175525665,Q3_pred_3,3
246732,4,-0.21571500599384308,Q1_pred_1,1
434344,3,-0.0303725004196167,Q4_pred_4,4
274058,4,-0.1127084419131279,Q3_pred_3,3
44969,4,-0.17637988924980164,Q2_pred_2,2
415473,4,-0.248407244682312,Q1_pred_1,1
85620,4,-0.21014155447483063,Q1_pred_1,1
136048,5,-0.0437270887196064,Q4_pred_4,4
36871,4,-0.11617819964885712,Q3_pred_3,3
28721,5,-0.20091436803340912,Q1_pred_1,1
184739,4,-0.15973365306854248,Q2_pred_2,2
71080,3,-0.1084052175283432,Q3_pred_3,3
15230,2,-0.2305348515510559,Q1_pred_1,1
40426,3,0.05022089183330536,Q5_pred_5,5
1830,4,-0.11707253009080887,Q3_pred_3,3
237063,3,-0.13396066427230835,Q2_pred_2,2
158980,3,-0.12975051999092102,Q3_pred_3,3
68722,4,-0.10130961239337921,Q3_pred_3,3
274890,3,-0.023695483803749084,Q4_pred_4,4
253532,4,-0.24086928367614746,Q1_pred_1,1
404368,4,0.02341252565383911,Q5_pred_5,5
23073,4,-0.2854008674621582,Q1_pred_1,1
177809,2,-0.25259751081466675,Q1_pred_1,1
213691,4,0.011361181735992432,Q5_pred_5,5
40058,3,-0.18153983354568481,Q2_pred_2,2
330564,3,-0.16711698472499847,Q2_pred_2,2
5265,4,-0.15292882919311523,Q2_pred_2,2
120666,2,0.20438747107982635,Q5_pred_5,5
155285,2,0.12457461655139923,Q5_pred_5,5
94407,4,-0.16620805859565735,Q2_pred_2,2
5254,4,-0.0816616415977478,Q3_pred_3,3
253463,4,0.08862501382827759,Q5_pred_5,5
100632,2,-0.28395938873291016,Q1_pred_1,1
22779,2,-0.25974366068840027,Q1_pred_1,1
425662,1,-0.5012285709381104,Q1_pred_1,1
63719,4,-0.224922314286232,Q1_pred_1,1
241485,4,-0.13815303146839142,Q2_pred_2,2
153876,4,-0.17385226488113403,Q2_pred_2,2
153973,4,-0.07010018825531006,Q4_pred_4,4
241484,5,-0.09313729405403137,Q3_pred_3,3
16625,4,-0.2091308832168579,Q1_pred_1,1
118379,4,-0.21350789070129395,Q1_pred_1,1
57458,4,-0.20574146509170532,Q1_pred_1,1
153376,4,0.005839318037033081,Q5_pred_5,5
92890,4,-0.30019286274909973,Q1_pred_1,1
94252,2,-0.2532747983932495,Q1_pred_1,1
147100,2,-0.18906767666339874,Q2_pred_2,2
50254,2,-0.10435518622398376,Q3_pred_3,3
323419,3,-0.2451377958059311,Q1_pred_1,1
213890,4,-0.31962865591049194,Q1_pred_1,1
68132,4,0.1261501908302307,Q5_pred_5,5
153143,4,-0.11318382620811462,Q3_pred_3,3
40619,2,0.02483871579170227,Q5_pred_5,5
246102,3,-0.19635680317878723,Q2_pred_2,2
189359,5,0.03786730766296387,Q5_pred_5,5
386434,4,-0.1192505955696106,Q3_pred_3,3
119352,4,-0.094711534678936,Q3_pred_3,3
48703,4,-0.2657735049724579,Q1_pred_1,1
107734,4,-0.05207735300064087,Q4_pred_4,4
146196,4,-0.14725887775421143,Q2_pred_2,2
333769,4,0.2694418132305145,Q5_pred_5,5
404841,4,0.03539478778839111,Q5_pred_5,5
39147,3,-0.1015152782201767,Q3_pred_3,3
269584,4,-0.24884255230426788,Q1_pred_1,1
251860,4,-0.03649178147315979,Q4_pred_4,4
355221,5,-0.09841600805521011,Q3_pred_3,3
147810,3,-0.26168036460876465,Q1_pred_1,1
92949,4,-0.053864285349845886,Q4_pred_4,4
192149,4,0.04147632420063019,Q5_pred_5,5
76650,4,-0.09432453662157059,Q3_pred_3,3
320456,4,-0.0071863410994410515,Q4_pred_4,4
158782,4,0.025805413722991943,Q5_pred_5,5
362760,4,-0.14925821125507355,Q2_pred_2,2
58858,4,0.10617345571517944,Q5_pred_5,5
72302,3,-0.12929195165634155,Q3_pred_3,3
28747,4,-0.28523319959640503,Q1_pred_1,1
180174,4,-0.2129475474357605,Q1_pred_1,1
173746,4,-0.1958676278591156,Q2_pred_2,2
24184,5,-0.20219407975673676,Q1_pred_1,1
173795,4,-0.003720223903656006,Q5_pred_5,5
88408,3,-0.22371351718902588,Q1_pred_1,1
323080,4,-0.11392858624458313,Q3_pred_3,3
46684,4,0.1408458650112152,Q5_pred_5,5
116617,4,-0.024232447147369385,Q4_pred_4,4
245639,4,-0.03307783603668213,Q4_pred_4,4
101676,4,-0.04161962866783142,Q4_pred_4,4
324192,4,-0.20123974978923798,Q1_pred_1,1
3253,3,0.0016535967588424683,Q5_pred_5,5
378684,3,-0.08949268609285355,Q3_pred_3,3
406067,4,-0.2251817137002945,Q1_pred_1,1
119375,4,-0.15874628722667694,Q2_pred_2,2
10785,4,-0.04041469097137451,Q4_pred_4,4
67999,3,0.01085883378982544,Q5_pred_5,5
17518,1,-0.48992544412612915,Q1_pred_1,1
174030,4,-0.08052480220794678,Q3_pred_3,3
216001,3,-0.11627551168203354,Q3_pred_3,3
337373,4,-0.1247672289609909,Q3_pred_3,3
269783,4,-0.2288336455821991,Q1_pred_1,1
416308,2,-0.09186038374900818,Q3_pred_3,3
269906,5,-0.2150411456823349,Q1_pred_1,1
270130,4,-0.07693307101726532,Q3_pred_3,3
76609,3,-0.1265498846769333,Q3_pred_3,3
11051,3,-0.10776486992835999,Q3_pred_3,3
46962,4,-0.07607991248369217,Q3_pred_3,3
369988,4,-0.02024473436176777,Q4_pred_4,4
410274,4,-0.03199997544288635,Q4_pred_4,4
41568,3,0.1561402827501297,Q5_pred_5,5
359788,5,0.0015441030263900757,Q5_pred_5,5
64205,3,-0.1646227389574051,Q2_pred_2,2
2723,4,-0.2739919126033783,Q1_pred_1,1
150946,4,-0.04206172376871109,Q4_pred_4,4
20084,4,-0.03812943398952484,Q4_pred_4,4
108358,5,-0.06176048517227173,Q4_pred_4,4
127276,4,-0.1088661253452301,Q3_pred_3,3
41361,3,-0.21930402517318726,Q1_pred_1,1
110265,4,-0.05905225872993469,Q4_pred_4,4
86830,4,-0.1450086534023285,Q2_pred_2,2
410145,4,-0.18121537566184998,Q2_pred_2,2
423748,4,0.0660083144903183,Q5_pred_5,5
3287,3,-0.10312792658805847,Q3_pred_3,3
107747,4,-0.13245689868927002,Q2_pred_2,2
21866,1,-0.19560253620147705,Q2_pred_2,2
222300,4,-0.07100033760070801,Q4_pred_4,4
167064,3,-0.13321097195148468,Q2_pred_2,2
169544,3,-0.09913717210292816,Q3_pred_3,3
374703,4,-0.1760074943304062,Q2_pred_2,2
366455,4,-0.14342397451400757,Q2_pred_2,2
236660,4,-0.1547648161649704,Q2_pred_2,2
149743,4,-0.21308042109012604,Q1_pred_1,1
32446,2,-0.4615885615348816,Q1_pred_1,1
288930,3,-0.002700105309486389,Q5_pred_5,5
139095,4,0.03404560685157776,Q5_pred_5,5
32865,4,-0.1753724068403244,Q2_pred_2,2
116899,4,-0.17008459568023682,Q2_pred_2,2
246363,4,-0.12451732903718948,Q3_pred_3,3
332729,4,-0.05543261766433716,Q4_pred_4,4
9573,3,0.02036266028881073,Q5_pred_5,5
127357,3,-0.21485885977745056,Q1_pred_1,1
10094,2,-0.11131911724805832,Q3_pred_3,3
316595,4,-0.21951469779014587,Q1_pred_1,1
92942,4,-0.0693533793091774,Q4_pred_4,4
5663,4,-0.10318486392498016,Q3_pred_3,3
168157,4,-0.270585298538208,Q1_pred_1,1
196930,4,-0.0940183699131012,Q3_pred_3,3
149763,2,-0.06330487132072449,Q4_pred_4,4
199154,3,-0.06767134368419647,Q4_pred_4,4
379757,4,0.056805893778800964,Q5_pred_5,5
131016,4,-0.02686910331249237,Q4_pred_4,4
25609,4,-0.13345803320407867,Q2_pred_2,2
395301,4,0.02396199107170105,Q5_pred_5,5
62556,4,-0.1754210889339447,Q2_pred_2,2
374706,4,-0.13272148370742798,Q2_pred_2,2
32151,4,0.09138411283493042,Q5_pred_5,5
11073,4,-0.05335424840450287,Q4_pred_4,4
347918,4,-0.3004472255706787,Q1_pred_1,1
358213,4,-0.19124320149421692,Q2_pred_2,2
68666,4,-0.08669999986886978,Q3_pred_3,3
45477,4,-0.003179699182510376,Q5_pred_5,5
101731,5,0.09024311602115631,Q5_pred_5,5
114358,4,-0.18731123208999634,Q2_pred_2,2
372046,4,-0.08896443992853165,Q3_pred_3,3
137979,3,-0.20363929867744446,Q1_pred_1,1
28567,4,0.10342612862586975,Q5_pred_5,5
36764,4,-0.19273178279399872,Q2_pred_2,2
86384,4,-0.043097153306007385,Q4_pred_4,4
388407,4,-0.09515215456485748,Q3_pred_3,3
16121,4,-0.049113377928733826,Q4_pred_4,4
153999,4,-0.14256207644939423,Q2_pred_2,2
57619,4,0.12557268142700195,Q5_pred_5,5
382857,4,-0.09172680974006653,Q3_pred_3,3
236487,4,0.10534830391407013,Q5_pred_5,5
34369,4,-0.04406490921974182,Q4_pred_4,4
113764,1,-0.27839982509613037,Q1_pred_1,1
190526,4,-0.30500832200050354,Q1_pred_1,1
50259,4,-0.3552524745464325,Q1_pred_1,1
373193,4,-0.12613984942436218,Q3_pred_3,3
415460,4,-0.3033114969730377,Q1_pred_1,1
189490,4,-0.017541270703077316,Q4_pred_4,4
47675,4,-0.12739835679531097,Q3_pred_3,3
191928,4,-0.2591497600078583,Q1_pred_1,1
65435,4,-0.17509382963180542,Q2_pred_2,2
357950,4,-0.19627758860588074,Q2_pred_2,2
106991,4,0.06601142883300781,Q5_pred_5,5
47847,4,-0.12773139774799347,Q3_pred_3,3
29364,4,-0.13102664053440094,Q2_pred_2,2
50178,4,-0.010931625962257385,Q4_pred_4,4
51265,3,-0.1547955721616745,Q2_pred_2,2
146254,4,-0.14580358564853668,Q2_pred_2,2
347322,4,-0.2866249680519104,Q1_pred_1,1
63521,4,-0.12390947341918945,Q3_pred_3,3
219303,4,-0.1787395477294922,Q2_pred_2,2
248945,5,-0.0506114736199379,Q4_pred_4,4
108541,3,-0.14617253839969635,Q2_pred_2,2
160018,4,-0.24891062080860138,Q1_pred_1,1
272038,4,0.025001585483551025,Q5_pred_5,5
8697,4,-0.2645933926105499,Q1_pred_1,1
24510,3,0.050222061574459076,Q5_pred_5,5
114073,2,-0.14585569500923157,Q2_pred_2,2
107605,3,-0.09630678594112396,Q3_pred_3,3
189360,5,0.026815831661224365,Q5_pred_5,5
86082,4,-0.1397859752178192,Q2_pred_2,2
168484,4,-0.307399719953537,Q1_pred_1,1
56875,4,-0.27636492252349854,Q1_pred_1,1
51900,4,-0.059986308217048645,Q4_pred_4,4
86443,4,-0.15163010358810425,Q2_pred_2,2
222375,4,-0.12297633290290833,Q3_pred_3,3
20786,4,-0.1628481149673462,Q2_pred_2,2
70375,4,-0.07776794582605362,Q3_pred_3,3
182789,3,-0.21724218130111694,Q1_pred_1,1
474941,4,-0.07679817080497742,Q3_pred_3,3
400586,4,-0.11609024554491043,Q3_pred_3,3
31027,4,-0.12604129314422607,Q3_pred_3,3
366676,2,0.08477051556110382,Q5_pred_5,5
45115,3,-0.5220971703529358,Q1_pred_1,1
105958,3,-0.22557488083839417,Q1_pred_1,1
344001,4,-0.2014908492565155,Q1_pred_1,1
147685,4,-0.004463687539100647,Q5_pred_5,5
67876,4,-0.16557228565216064,Q2_pred_2,2
83625,4,-0.09473694860935211,Q3_pred_3,3
259528,4,-0.14678546786308289,Q2_pred_2,2
137648,4,-0.0977802574634552,Q3_pred_3,3
388057,4,-0.05192790552973747,Q4_pred_4,4
344077,3,-0.14160171151161194,Q2_pred_2,2
355231,4,-0.06541949510574341,Q4_pred_4,4
12957,3,-0.21908174455165863,Q1_pred_1,1
167194,4,-0.22937017679214478,Q1_pred_1,1
29436,3,-0.21586334705352783,Q1_pred_1,1
96980,4,-0.1536218374967575,Q2_pred_2,2
178022,4,-0.11717545986175537,Q3_pred_3,3
187934,3,-0.29814592003822327,Q1_pred_1,1
6851,3,-0.0795210674405098,Q3_pred_3,3
117001,4,-0.1464684158563614,Q2_pred_2,2
84084,4,-0.12083511054515839,Q3_pred_3,3
25381,4,0.11993160098791122,Q5_pred_5,5
152548,4,-0.1672152429819107,Q2_pred_2,2
247103,4,-0.09303354471921921,Q3_pred_3,3
146771,4,-0.1717398464679718,Q2_pred_2,2
249474,1,-0.26137349009513855,Q1_pred_1,1
367099,4,-0.2207465022802353,Q1_pred_1,1
8157,4,-0.07748381048440933,Q3_pred_3,3
190915,5,-0.17390324175357819,Q2_pred_2,2
184469,4,-0.12852013111114502,Q3_pred_3,3
424111,2,-0.22392353415489197,Q1_pred_1,1
76555,3,-0.27863359451293945,Q1_pred_1,1
356858,5,-0.04340149462223053,Q4_pred_4,4
147018,4,-0.2536691725254059,Q1_pred_1,1
28570,4,0.09058086574077606,Q5_pred_5,5
137930,4,0.12367968261241913,Q5_pred_5,5
67750,4,-0.07095359265804291,Q4_pred_4,4
374802,4,-0.1713639795780182,Q2_pred_2,2
178560,4,-0.09758445620536804,Q3_pred_3,3
348392,4,-0.05192584544420242,Q4_pred_4,4
128100,3,-0.25085610151290894,Q1_pred_1,1
373990,4,-0.10114996135234833,Q3_pred_3,3
5153,4,-0.13551855087280273,Q2_pred_2,2
160040,4,-0.16440343856811523,Q2_pred_2,2
106352,4,0.02187265455722809,Q5_pred_5,5
63696,4,-0.23653490841388702,Q1_pred_1,1
375493,4,-0.17676769196987152,Q2_pred_2,2
388474,4,-0.11127357929944992,Q3_pred_3,3
88914,4,-0.1815120279788971,Q2_pred_2,2
78699,2,-0.5103622078895569,Q1_pred_1,1
382888,4,-0.07711219787597656,Q3_pred_3,3
14951,3,-0.22890478372573853,Q1_pred_1,1
383975,4,-0.06258649379014969,Q4_pred_4,4
82716,4,-0.15326115489006042,Q2_pred_2,2
165265,4,-0.047585710883140564,Q4_pred_4,4
182965,5,3.3229589462280273e-06,Q5_pred_5,5
179352,3,-0.1856170892715454,Q2_pred_2,2
151800,4,-0.12574023008346558,Q3_pred_3,3
208741,4,-0.2523379623889923,Q1_pred_1,1
355220,5,-0.04769928753376007,Q4_pred_4,4
11965,4,-0.08083337545394897,Q3_pred_3,3
72310,3,-0.1255604326725006,Q3_pred_3,3
37943,4,-0.06577522307634354,Q4_pred_4,4
387774,4,-0.07763859629631042,Q3_pred_3,3
249158,3,-0.10860253870487213,Q3_pred_3,3
223294,2,-0.171482115983963,Q2_pred_2,2
24833,4,-0.18730255961418152,Q2_pred_2,2
391494,4,-0.09252357482910156,Q3_pred_3,3
348386,4,-0.08328282833099365,Q3_pred_3,3
142880,5,-0.04045368731021881,Q4_pred_4,4
86824,3,-0.20635057985782623,Q1_pred_1,1
233805,3,-0.09648038446903229,Q3_pred_3,3
196378,3,-0.06356361508369446,Q4_pred_4,4
70069,4,-0.032457441091537476,Q4_pred_4,4
400699,4,-0.12135392427444458,Q3_pred_3,3
38590,2,-0.10822801291942596,Q3_pred_3,3
431189,4,-0.25063085556030273,Q1_pred_1,1
50505,3,-0.1501169204711914,Q2_pred_2,2
74820,4,-0.27048060297966003,Q1_pred_1,1
57425,4,-0.18727831542491913,Q2_pred_2,2
170737,4,0.06623846292495728,Q5_pred_5,5
247374,4,-0.12144623696804047,Q3_pred_3,3
131644,4,0.024301715195178986,Q5_pred_5,5
64279,4,-0.006045043468475342,Q5_pred_5,5
10113,4,-0.16308116912841797,Q2_pred_2,2
371090,3,-0.1519402712583542,Q2_pred_2,2
20935,2,0.04331400990486145,Q5_pred_5,5
408488,4,-0.17794397473335266,Q2_pred_2,2
90435,5,-0.08353478461503983,Q3_pred_3,3
46986,2,-0.22413499653339386,Q1_pred_1,1
233208,4,-0.08215648680925369,Q3_pred_3,3
257553,4,-0.13563483953475952,Q2_pred_2,2
30624,4,0.05840347707271576,Q5_pred_5,5
21625,4,-0.29008492827415466,Q1_pred_1,1
374209,4,-0.09165573120117188,Q3_pred_3,3
323725,4,-0.039831310510635376,Q4_pred_4,4
200712,5,-0.13411398231983185,Q2_pred_2,2
358380,4,-0.020273007452487946,Q4_pred_4,4
39301,4,-0.07904183864593506,Q3_pred_3,3
41068,2,-0.26604366302490234,Q1_pred_1,1
214404,2,-0.3203802704811096,Q1_pred_1,1
63852,4,-0.15118591487407684,Q2_pred_2,2
216283,4,-0.120690256357193,Q3_pred_3,3
253772,4,-0.15147367119789124,Q2_pred_2,2
382222,4,0.029015392065048218,Q5_pred_5,5
21440,3,-0.2746228575706482,Q1_pred_1,1
164656,3,0.05091594159603119,Q5_pred_5,5
200944,2,-0.4742652177810669,Q1_pred_1,1
192261,4,0.0040521323680877686,Q5_pred_5,5
118899,4,-0.04453413188457489,Q4_pred_4,4
155280,4,-0.03882351517677307,Q4_pred_4,4
213565,4,-0.2942873537540436,Q1_pred_1,1
38368,3,-0.12777675688266754,Q3_pred_3,3
108443,4,-0.2877545952796936,Q1_pred_1,1
154046,4,-0.16762807965278625,Q2_pred_2,2
109570,4,0.04405859112739563,Q5_pred_5,5
80706,4,-0.0350489467382431,Q4_pred_4,4
86675,4,-0.09010698646306992,Q3_pred_3,3
50314,4,-0.053596168756484985,Q4_pred_4,4
34328,4,-0.08210709691047668,Q3_pred_3,3
39863,4,-0.2039298117160797,Q1_pred_1,1
25773,4,0.07919174432754517,Q5_pred_5,5
380400,3,-0.21930785477161407,Q1_pred_1,1
32423,2,-0.11715973168611526,Q3_pred_3,3
41964,4,0.07150080800056458,Q5_pred_5,5
125579,1,-0.08654896169900894,Q3_pred_3,3
165288,3,-0.021660983562469482,Q4_pred_4,4
182356,4,-0.028203394263982773,Q4_pred_4,4
420313,4,0.0005958676338195801,Q5_pred_5,5
5193,4,-0.12000828236341476,Q3_pred_3,3
68438,4,0.19193270802497864,Q5_pred_5,5
59006,3,-0.16869986057281494,Q2_pred_2,2
193810,2,-0.07388180494308472,Q3_pred_3,3
106560,3,-0.24809736013412476,Q1_pred_1,1
89385,4,-0.2327641099691391,Q1_pred_1,1
354841,4,-0.13260601460933685,Q2_pred_2,2
165997,4,-0.048297345638275146,Q4_pred_4,4
260471,2,-0.1434384137392044,Q2_pred_2,2
92577,5,-0.2645253539085388,Q1_pred_1,1
150030,3,-0.19477471709251404,Q2_pred_2,2
231642,4,-0.07445334643125534,Q3_pred_3,3
116228,3,-0.11599273979663849,Q3_pred_3,3
72577,4,0.0424170196056366,Q5_pred_5,5
85684,4,-0.3043500483036041,Q1_pred_1,1
36044,4,0.13675034046173096,Q5_pred_5,5
24818,4,-0.21314387023448944,Q1_pred_1,1
68440,4,0.2566104531288147,Q5_pred_5,5
175417,4,-0.04841114953160286,Q4_pred_4,4
18966,4,-0.043622761964797974,Q4_pred_4,4
38181,4,-0.11435684561729431,Q3_pred_3,3
9923,3,-0.29015231132507324,Q1_pred_1,1
10899,4,-0.3009069561958313,Q1_pred_1,1
247902,4,-0.19485419988632202,Q2_pred_2,2
162103,4,0.12069811671972275,Q5_pred_5,5
97287,4,0.05235700309276581,Q5_pred_5,5
13904,4,-0.10077149420976639,Q3_pred_3,3
246368,3,-0.07947198301553726,Q3_pred_3,3
388056,4,-0.08826235681772232,Q3_pred_3,3
52404,3,-0.4935420751571655,Q1_pred_1,1
29302,4,-0.24648652970790863,Q1_pred_1,1
429063,4,0.02418394386768341,Q5_pred_5,5
50201,3,-0.014884322881698608,Q4_pred_4,4
239202,4,-0.08233390748500824,Q3_pred_3,3
10758,4,-0.1721208244562149,Q2_pred_2,2
421642,4,-0.12158380448818207,Q3_pred_3,3
188084,4,-0.05459734797477722,Q4_pred_4,4
359185,4,-0.062262050807476044,Q4_pred_4,4
56030,4,-0.17794692516326904,Q2_pred_2,2
245197,4,-0.18555329740047455,Q2_pred_2,2
119320,5,-0.09584544599056244,Q3_pred_3,3
50445,4,-0.19060206413269043,Q2_pred_2,2
106883,4,-0.08944196254014969,Q3_pred_3,3
14227,4,0.032373081892728806,Q5_pred_5,5
142860,5,-0.08481493592262268,Q3_pred_3,3
98645,4,-0.12632480263710022,Q3_pred_3,3
127364,3,-0.13481122255325317,Q2_pred_2,2
168514,4,0.14600133895874023,Q5_pred_5,5
261299,3,-0.09238717705011368,Q3_pred_3,3
130715,4,-0.03479396551847458,Q4_pred_4,4
34373,4,0.041473764926195145,Q5_pred_5,5
114115,4,-0.09016426652669907,Q3_pred_3,3
333923,4,-0.21298187971115112,Q1_pred_1,1
55093,4,-0.11853227019309998,Q3_pred_3,3
345966,2,0.04103854298591614,Q5_pred_5,5
24106,4,0.1203291118144989,Q5_pred_5,5
118384,2,-0.38127774000167847,Q1_pred_1,1
40011,3,0.027927517890930176,Q5_pred_5,5
69157,2,-0.11223337054252625,Q3_pred_3,3
61214,4,0.04989872872829437,Q5_pred_5,5
19247,4,-0.04235947132110596,Q4_pred_4,4
354103,4,-0.0014361925423145294,Q5_pred_5,5
380753,4,-0.18908026814460754,Q2_pred_2,2
80683,5,0.04136759042739868,Q5_pred_5,5
373004,5,-0.05893607437610626,Q4_pred_4,4
15746,4,-0.27483800053596497,Q1_pred_1,1
247776,4,-0.15267300605773926,Q2_pred_2,2
27930,4,0.022391043603420258,Q5_pred_5,5
401987,4,-0.09840644150972366,Q3_pred_3,3
13037,4,-0.23589441180229187,Q1_pred_1,1
65718,4,-0.0879497155547142,Q3_pred_3,3
90432,4,-0.10201601684093475,Q3_pred_3,3
69432,4,-0.16550131142139435,Q2_pred_2,2
259977,4,-0.06710676848888397,Q4_pred_4,4
55721,4,-0.23781198263168335,Q1_pred_1,1
233617,4,-0.21690839529037476,Q1_pred_1,1
236522,5,-0.12310148775577545,Q3_pred_3,3
387360,5,-0.009467735886573792,Q4_pred_4,4
44962,5,-0.08811625093221664,Q3_pred_3,3
415458,2,0.025897979736328125,Q5_pred_5,5
92921,5,-0.08424048125743866,Q3_pred_3,3
62457,4,-0.06836630403995514,Q4_pred_4,4
31934,4,-0.1577879935503006,Q2_pred_2,2
70383,4,-0.07807528972625732,Q3_pred_3,3
372702,5,-0.1343650370836258,Q2_pred_2,2
181540,5,-0.1365165114402771,Q2_pred_2,2
153337,4,-0.17686426639556885,Q2_pred_2,2
128005,3,-0.29167431592941284,Q1_pred_1,1
53882,4,-0.027391716837882996,Q4_pred_4,4
4227,5,-0.028445452451705933,Q4_pred_4,4
117496,3,-0.05999937653541565,Q4_pred_4,4
154698,3,0.0045001208782196045,Q5_pred_5,5
185812,2,-0.32474058866500854,Q1_pred_1,1
327661,4,-0.2260107398033142,Q1_pred_1,1
54949,3,-0.06036387383937836,Q4_pred_4,4
50185,2,-0.19570958614349365,Q2_pred_2,2
90738,4,0.01880984753370285,Q5_pred_5,5
201009,5,-0.1694515198469162,Q2_pred_2,2
16797,4,-0.0696379542350769,Q4_pred_4,4
390313,2,-0.20030556619167328,Q1_pred_1,1
165166,3,-0.02717559039592743,Q4_pred_4,4
373675,3,-0.04285085201263428,Q4_pred_4,4
34073,2,-0.21627992391586304,Q1_pred_1,1
60065,4,-0.10579711198806763,Q3_pred_3,3
160538,3,-0.18835760653018951,Q2_pred_2,2
137907,4,0.0935232937335968,Q5_pred_5,5
54539,4,-0.07189004123210907,Q4_pred_4,4
86579,3,0.01760397106409073,Q5_pred_5,5
328846,4,0.051995426416397095,Q5_pred_5,5
346492,3,-0.2815935015678406,Q1_pred_1,1
26368,4,-0.30144572257995605,Q1_pred_1,1
33411,4,-0.09668919444084167,Q3_pred_3,3
93854,5,0.03156714513897896,Q5_pred_5,5
111033,4,-0.18922509253025055,Q2_pred_2,2
55896,4,-0.015501938760280609,Q4_pred_4,4
15916,4,-0.1798952966928482,Q2_pred_2,2
4576,1,-0.2098819762468338,Q1_pred_1,1
34663,4,-0.39307844638824463,Q1_pred_1,1
57029,4,-0.13220243155956268,Q2_pred_2,2
73735,1,-0.060299813747406006,Q4_pred_4,4
79265,4,-0.00827653706073761,Q4_pred_4,4
9224,3,-0.2513578236103058,Q1_pred_1,1
107078,5,0.04659954458475113,Q5_pred_5,5
254583,5,-0.019168518483638763,Q4_pred_4,4
108572,4,-0.2083548605442047,Q1_pred_1,1
73115,2,-0.05110746622085571,Q4_pred_4,4
355832,5,-0.21368920803070068,Q1_pred_1,1
345,4,-0.13356688618659973,Q2_pred_2,2
339625,4,0.04082322120666504,Q5_pred_5,5
439994,3,0.04019436240196228,Q5_pred_5,5
79771,4,-0.02428603172302246,Q4_pred_4,4
29955,5,0.009944409132003784,Q5_pred_5,5
361045,4,-0.0862952172756195,Q3_pred_3,3
26898,4,-0.07930602133274078,Q3_pred_3,3
38514,4,-0.13729795813560486,Q2_pred_2,2
107053,4,-0.12168256938457489,Q3_pred_3,3
98994,3,0.04746261239051819,Q5_pred_5,5
104111,4,-0.3490278720855713,Q1_pred_1,1
244667,3,-0.26773783564567566,Q1_pred_1,1
434449,4,-0.07137666642665863,Q4_pred_4,4
275422,4,0.07127302885055542,Q5_pred_5,5
48989,3,-0.38405776023864746,Q1_pred_1,1
28933,5,-0.1861376315355301,Q2_pred_2,2
275788,5,-0.0032542571425437927,Q5_pred_5,5
423743,4,0.12824596464633942,Q5_pred_5,5
262326,4,-0.26011714339256287,Q1_pred_1,1
113288,3,-0.30082976818084717,Q1_pred_1,1
417452,4,-0.09936091303825378,Q3_pred_3,3
274997,4,-0.05205759406089783,Q4_pred_4,4
68904,4,-0.07602643221616745,Q3_pred_3,3
43187,4,5.771219730377197e-05,Q5_pred_5,5
372655,4,-0.2514170706272125,Q1_pred_1,1
220597,4,-0.219203919172287,Q1_pred_1,1
17437,3,0.15075910091400146,Q5_pred_5,5
97228,5,-0.14739187061786652,Q2_pred_2,2
359126,4,-0.06350234150886536,Q4_pred_4,4
10861,3,-0.2534024119377136,Q1_pred_1,1
202498,4,-0.043592795729637146,Q4_pred_4,4
72984,3,-0.05626275762915611,Q4_pred_4,4
201002,4,-0.07625535875558853,Q3_pred_3,3
65889,4,-0.1183442622423172,Q3_pred_3,3
240779,4,-0.1251118928194046,Q3_pred_3,3
43244,4,-0.1359572559595108,Q2_pred_2,2
80672,5,0.041332878172397614,Q5_pred_5,5
160539,3,-0.0670386254787445,Q4_pred_4,4
115567,4,0.0698150098323822,Q5_pred_5,5
113328,3,-0.0918736457824707,Q3_pred_3,3
344020,3,-0.154481440782547,Q2_pred_2,2
262233,5,0.10068914294242859,Q5_pred_5,5
259687,4,-0.3370530605316162,Q1_pred_1,1
45203,4,-0.1839802861213684,Q2_pred_2,2
26514,4,-0.3120214641094208,Q1_pred_1,1
162685,4,-0.13900724053382874,Q2_pred_2,2
53570,3,-0.0837307721376419,Q3_pred_3,3
108196,4,-0.21394307911396027,Q1_pred_1,1
358471,5,-0.10570943355560303,Q3_pred_3,3
18660,4,-0.048161327838897705,Q4_pred_4,4
16838,3,-0.0389072448015213,Q4_pred_4,4
40347,3,0.011951267719268799,Q5_pred_5,5
50413,4,-0.1236526370048523,Q3_pred_3,3
158592,3,-0.19400301575660706,Q2_pred_2,2
101318,3,-0.19717414677143097,Q2_pred_2,2
166101,4,-0.23809534311294556,Q1_pred_1,1
5108,4,-0.03661000728607178,Q4_pred_4,4
78804,3,-0.07059913873672485,Q4_pred_4,4
88300,4,-0.3327597975730896,Q1_pred_1,1
6059,3,-0.06435224413871765,Q4_pred_4,4
69434,3,-0.136460080742836,Q2_pred_2,2
266753,2,-0.1526488959789276,Q2_pred_2,2
181757,4,-0.13961191475391388,Q2_pred_2,2
25293,4,-0.07060134410858154,Q4_pred_4,4
29841,4,0.019461721181869507,Q5_pred_5,5
89261,5,-0.18865317106246948,Q2_pred_2,2
168725,4,-0.21348032355308533,Q1_pred_1,1
113333,3,-0.19721440970897675,Q2_pred_2,2
66494,2,-0.22052793204784393,Q1_pred_1,1
359804,5,-0.018870383501052856,Q4_pred_4,4
211503,3,-0.04617197811603546,Q4_pred_4,4
15246,2,-0.19164645671844482,Q2_pred_2,2
87682,3,-0.2036275565624237,Q1_pred_1,1
137573,5,-0.06453762203454971,Q4_pred_4,4
8528,4,-0.16389933228492737,Q2_pred_2,2
5511,4,-0.07912123203277588,Q3_pred_3,3
59973,4,-0.3412930369377136,Q1_pred_1,1
71190,4,-0.12021572142839432,Q3_pred_3,3
386117,2,-0.11272412538528442,Q3_pred_3,3
96096,4,-0.14682558178901672,Q2_pred_2,2
184606,4,-0.1337445229291916,Q2_pred_2,2
474943,5,-0.09492339938879013,Q3_pred_3,3
127290,3,-0.1745501607656479,Q2_pred_2,2
188825,4,-0.06596565246582031,Q4_pred_4,4
428781,4,0.0017159432172775269,Q5_pred_5,5
247272,5,-0.12154056131839752,Q3_pred_3,3
136666,4,-0.12175339460372925,Q3_pred_3,3
105964,4,-0.09998247027397156,Q3_pred_3,3
61580,3,-0.1565946638584137,Q2_pred_2,2
140519,5,-0.10376165807247162,Q3_pred_3,3
87259,5,0.03843417763710022,Q5_pred_5,5
321133,4,-0.205938458442688,Q1_pred_1,1
378275,4,0.026132911443710327,Q5_pred_5,5
21665,3,-0.1759892702102661,Q2_pred_2,2
43259,5,0.07269012928009033,Q5_pred_5,5
97032,4,-0.12530575692653656,Q3_pred_3,3
101409,4,0.04527166485786438,Q5_pred_5,5
111171,4,-0.2295626699924469,Q1_pred_1,1
155637,4,-0.3747578263282776,Q1_pred_1,1
152566,4,-0.2149970531463623,Q1_pred_1,1
82322,4,-0.33850863575935364,Q1_pred_1,1
476977,4,-0.12582463026046753,Q3_pred_3,3
239513,3,-0.00840509682893753,Q4_pred_4,4
36534,3,-0.23219376802444458,Q1_pred_1,1
241461,4,0.0939803272485733,Q5_pred_5,5
176126,4,0.030322179198265076,Q5_pred_5,5
71608,4,-0.08767993748188019,Q3_pred_3,3
92367,4,-0.07101131975650787,Q4_pred_4,4
102533,4,0.08617284893989563,Q5_pred_5,5
465902,5,-0.0608782097697258,Q4_pred_4,4
242230,4,-0.1847367286682129,Q2_pred_2,2
109900,5,-0.1245676726102829,Q3_pred_3,3
98290,4,-0.213063046336174,Q1_pred_1,1
367302,4,-0.13668987154960632,Q2_pred_2,2
66131,4,0.052439600229263306,Q5_pred_5,5
83703,4,-0.010496571660041809,Q4_pred_4,4
28932,5,-0.3095659017562866,Q1_pred_1,1
388840,5,-0.11733841896057129,Q3_pred_3,3
63827,4,-0.050533540546894073,Q4_pred_4,4
99002,5,-0.06067278981208801,Q4_pred_4,4
36394,4,-0.2786465287208557,Q1_pred_1,1
58386,2,-0.36361706256866455,Q1_pred_1,1
387225,4,0.02547246217727661,Q5_pred_5,5
105478,4,-0.1848990023136139,Q2_pred_2,2
271947,4,0.011519446969032288,Q5_pred_5,5
39389,4,-0.04986780509352684,Q4_pred_4,4
236326,4,-0.12582877278327942,Q3_pred_3,3
247967,5,-0.13693076372146606,Q2_pred_2,2
338220,3,-0.24601532518863678,Q1_pred_1,1
248713,5,-0.011033058166503906,Q4_pred_4,4
160373,5,0.036976300179958344,Q5_pred_5,5
193842,4,-0.09042301774024963,Q3_pred_3,3
246871,4,-0.1507006585597992,Q2_pred_2,2
8434,4,-0.22549936175346375,Q1_pred_1,1
239751,3,-0.042695052921772,Q4_pred_4,4
353528,4,-0.2695159316062927,Q1_pred_1,1
133442,4,-0.3044416606426239,Q1_pred_1,1
82808,4,-0.33021530508995056,Q1_pred_1,1
239870,4,-0.004860185086727142,Q5_pred_5,5
251091,5,-0.019258901476860046,Q4_pred_4,4
16250,5,-0.12104950100183487,Q3_pred_3,3
25824,4,-0.11644984781742096,Q3_pred_3,3
410427,4,-0.25184789299964905,Q1_pred_1,1
54458,4,0.08507122099399567,Q5_pred_5,5
100861,4,-0.18214906752109528,Q2_pred_2,2
15352,4,-0.2342817336320877,Q1_pred_1,1
76469,4,-0.24739402532577515,Q1_pred_1,1
142578,4,-0.027510710060596466,Q4_pred_4,4
355115,5,0.008094951510429382,Q5_pred_5,5
143393,5,-0.07251270115375519,Q4_pred_4,4
130872,3,-0.012421190738677979,Q4_pred_4,4
416438,5,0.07772038877010345,Q5_pred_5,5
10802,4,-0.13878309726715088,Q2_pred_2,2
79703,4,-0.07000112533569336,Q4_pred_4,4
151223,4,-0.16398003697395325,Q2_pred_2,2
114429,4,-0.05933745205402374,Q4_pred_4,4
721,4,-0.25613856315612793,Q1_pred_1,1
176021,4,0.15771952271461487,Q5_pred_5,5
48988,4,-0.07583120465278625,Q3_pred_3,3
240079,3,-0.017953425645828247,Q4_pred_4,4
377084,3,0.0277625173330307,Q5_pred_5,5
97150,1,-0.1502104103565216,Q2_pred_2,2
214866,4,-0.04184441268444061,Q4_pred_4,4
374978,5,-0.17793641984462738,Q2_pred_2,2
252320,4,0.01714135706424713,Q5_pred_5,5
72287,5,-0.09682008624076843,Q3_pred_3,3
8380,4,-0.15941783785820007,Q2_pred_2,2
427375,4,0.07717403769493103,Q5_pred_5,5
40448,4,0.043725475668907166,Q5_pred_5,5
5151,4,-0.16835564374923706,Q2_pred_2,2
156801,3,-0.29409682750701904,Q1_pred_1,1
108509,4,0.01987425982952118,Q5_pred_5,5
477507,4,-0.045607686042785645,Q4_pred_4,4
374220,5,-0.03959459066390991,Q4_pred_4,4
174168,4,-0.22629590332508087,Q1_pred_1,1
265110,4,-0.004207238554954529,Q5_pred_5,5
149252,4,-0.28869175910949707,Q1_pred_1,1
15919,4,-0.13887856900691986,Q2_pred_2,2
349956,4,-0.13742153346538544,Q2_pred_2,2
69962,4,-0.11218864470720291,Q3_pred_3,3
13853,4,-0.04636932536959648,Q4_pred_4,4
163688,5,-0.21158379316329956,Q1_pred_1,1
344017,4,-0.1910688579082489,Q2_pred_2,2
54465,4,0.03994414210319519,Q5_pred_5,5
188066,4,-0.1199532151222229,Q3_pred_3,3
418513,4,-0.07991230487823486,Q3_pred_3,3
476803,4,-0.18108654022216797,Q2_pred_2,2
108157,5,0.11680510640144348,Q5_pred_5,5
82671,3,0.022256970405578613,Q5_pred_5,5
78630,2,-0.2521660625934601,Q1_pred_1,1
336994,4,-0.16939228773117065,Q2_pred_2,2
337721,4,-0.17505651712417603,Q2_pred_2,2
128795,5,-0.08123144507408142,Q3_pred_3,3
27256,4,-0.07247313857078552,Q4_pred_4,4
189237,4,0.014478757977485657,Q5_pred_5,5
55017,3,-0.10686138272285461,Q3_pred_3,3
347862,4,-0.12115506082773209,Q3_pred_3,3
90082,4,-0.24341806769371033,Q1_pred_1,1
20188,4,-0.04462873563170433,Q4_pred_4,4
26969,4,-0.2953978180885315,Q1_pred_1,1
61914,3,-0.0401870422065258,Q4_pred_4,4
222061,3,-0.2921954095363617,Q1_pred_1,1
183597,4,-0.07490125298500061,Q3_pred_3,3
61873,4,-0.11918354034423828,Q3_pred_3,3
146465,4,-0.0844007059931755,Q3_pred_3,3
426783,3,-0.03392556309700012,Q4_pred_4,4
63507,4,-0.2291889637708664,Q1_pred_1,1
386492,4,-0.07030744850635529,Q4_pred_4,4
358048,4,-0.12160870432853699,Q3_pred_3,3
29447,5,-0.14085519313812256,Q2_pred_2,2
413742,4,-0.1513582319021225,Q2_pred_2,2
5810,5,-0.02577546238899231,Q4_pred_4,4
474938,4,-0.0015075132250785828,Q5_pred_5,5
66889,3,-0.13225165009498596,Q2_pred_2,2
31376,4,-0.14169873297214508,Q2_pred_2,2
330762,3,-0.2697422504425049,Q1_pred_1,1
137418,4,-0.10440852493047714,Q3_pred_3,3
42241,5,-0.15009146928787231,Q2_pred_2,2
270741,4,0.004477113485336304,Q5_pred_5,5
47589,3,-0.2431918829679489,Q1_pred_1,1
40861,3,0.11985470354557037,Q5_pred_5,5
196068,4,-0.07908103615045547,Q3_pred_3,3
114100,4,-0.18770527839660645,Q2_pred_2,2
84693,4,-0.08083577454090118,Q3_pred_3,3
79489,4,-0.037856779992580414,Q4_pred_4,4
355186,4,-0.08752493560314178,Q3_pred_3,3
173690,4,-0.27574607729911804,Q1_pred_1,1
10925,4,-0.33609920740127563,Q1_pred_1,1
231468,4,-0.0806039571762085,Q3_pred_3,3
371224,4,0.155591681599617,Q5_pred_5,5
48577,2,-0.19352306425571442,Q2_pred_2,2
126567,4,-0.13914766907691956,Q2_pred_2,2
61285,4,-0.05391347408294678,Q4_pred_4,4
395197,4,-0.07789942622184753,Q3_pred_3,3
6203,3,-0.16421619057655334,Q2_pred_2,2
88302,4,-0.2738475501537323,Q1_pred_1,1
90277,3,0.014542318880558014,Q5_pred_5,5
199150,4,-0.15136432647705078,Q2_pred_2,2
28620,3,-0.12653978168964386,Q3_pred_3,3
54452,3,-0.2209693193435669,Q1_pred_1,1
117545,3,0.04571017622947693,Q5_pred_5,5
159987,4,-0.13044686615467072,Q2_pred_2,2
11646,5,-0.026257693767547607,Q4_pred_4,4
4179,2,-0.13426266610622406,Q2_pred_2,2
7602,3,0.20207978785037994,Q5_pred_5,5
108880,5,-0.017902836203575134,Q4_pred_4,4
133100,4,-0.3151562809944153,Q1_pred_1,1
156802,3,-0.23819662630558014,Q1_pred_1,1
29441,4,-0.2682705819606781,Q1_pred_1,1
58948,1,-0.41386687755584717,Q1_pred_1,1
268844,4,-0.03499704599380493,Q4_pred_4,4
140703,2,-0.304890900850296,Q1_pred_1,1
189407,5,0.030787579715251923,Q5_pred_5,5
132711,4,-0.12553921341896057,Q3_pred_3,3
120760,2,-0.21389126777648926,Q1_pred_1,1
162230,4,-0.09499704837799072,Q3_pred_3,3
14160,2,-0.1780085414648056,Q2_pred_2,2
177252,5,-0.02639484405517578,Q4_pred_4,4
245410,4,-0.0034390613436698914,Q5_pred_5,5
24810,4,-0.292597234249115,Q1_pred_1,1
383565,4,-0.21551015973091125,Q1_pred_1,1
121295,5,-0.007450297474861145,Q4_pred_4,4
252295,2,-0.002627074718475342,Q5_pred_5,5
236291,3,-0.2998942732810974,Q1_pred_1,1
137939,3,0.10498156398534775,Q5_pred_5,5
157911,4,-0.3050834536552429,Q1_pred_1,1
327035,4,-0.12462674081325531,Q3_pred_3,3
39410,2,-0.08977890014648438,Q3_pred_3,3
10936,3,-0.22155767679214478,Q1_pred_1,1
79936,3,-0.25141972303390503,Q1_pred_1,1
183744,3,-0.011381149291992188,Q4_pred_4,4
1198,4,-0.3692326545715332,Q1_pred_1,1
107845,4,-0.02871537208557129,Q4_pred_4,4
341507,4,0.061986446380615234,Q5_pred_5,5
3842,2,-0.0891689881682396,Q3_pred_3,3
8797,3,-0.10836734622716904,Q3_pred_3,3
141808,2,-0.11958247423171997,Q3_pred_3,3
1412,2,-0.2169634997844696,Q1_pred_1,1
5361,3,-0.13299140334129333,Q2_pred_2,2
82228,1,-0.3260918855667114,Q1_pred_1,1
124488,3,-0.16468515992164612,Q2_pred_2,2
220590,4,-0.04316951334476471,Q4_pred_4,4
128060,3,-0.3332834839820862,Q1_pred_1,1
156744,4,-0.26490432024002075,Q1_pred_1,1
67280,1,-0.16413623094558716,Q2_pred_2,2
333659,3,-0.07066453248262405,Q4_pred_4,4
248117,4,-0.0727299228310585,Q4_pred_4,4
132110,3,-0.2410125732421875,Q1_pred_1,1
156704,4,-0.2729949951171875,Q1_pred_1,1
15566,4,-0.24675968289375305,Q1_pred_1,1
50655,2,-0.19128182530403137,Q2_pred_2,2
114507,4,0.13632987439632416,Q5_pred_5,5
427338,3,-0.02310405671596527,Q4_pred_4,4
434183,3,0.09219665825366974,Q5_pred_5,5
160371,4,-0.05714506283402443,Q4_pred_4,4
90022,3,-0.26026690006256104,Q1_pred_1,1
161923,2,0.1597336232662201,Q5_pred_5,5
28253,4,-0.2746729850769043,Q1_pred_1,1
96814,4,-0.16869649291038513,Q2_pred_2,2
179264,4,-0.062340326607227325,Q4_pred_4,4
111737,4,-0.10072174668312073,Q3_pred_3,3
362919,4,-0.3470456302165985,Q1_pred_1,1
89724,3,-0.06626203656196594,Q4_pred_4,4
264097,4,-0.04456488788127899,Q4_pred_4,4
28648,4,0.19839994609355927,Q5_pred_5,5
276669,3,-0.4553103744983673,Q1_pred_1,1
350109,4,-0.012175172567367554,Q4_pred_4,4
119201,4,-0.017339631915092468,Q4_pred_4,4
10800,3,-0.14231783151626587,Q2_pred_2,2
219636,2,-0.06225331127643585,Q4_pred_4,4
188031,2,-0.23929210007190704,Q1_pred_1,1
79618,4,-0.06331762671470642,Q4_pred_4,4
318555,4,-0.11554884910583496,Q3_pred_3,3
71914,2,-0.015864297747612,Q4_pred_4,4
31796,3,-0.26549482345581055,Q1_pred_1,1
204640,3,-0.206538125872612,Q1_pred_1,1
17943,2,0.04512546956539154,Q5_pred_5,5
28735,4,-0.18799909949302673,Q2_pred_2,2
144613,4,-0.060300733894109726,Q4_pred_4,4
126554,4,0.043833404779434204,Q5_pred_5,5
354426,5,-0.09071462601423264,Q3_pred_3,3
80,4,-0.10660707205533981,Q3_pred_3,3
354581,5,-0.023866958916187286,Q4_pred_4,4
241543,4,-0.0826265960931778,Q3_pred_3,3
15955,4,-0.041985079646110535,Q4_pred_4,4
50268,2,-0.28957125544548035,Q1_pred_1,1
30283,4,-0.16412881016731262,Q2_pred_2,2
363118,4,-0.22578392922878265,Q1_pred_1,1
39318,4,-0.1659243106842041,Q2_pred_2,2
90801,4,-0.1602747142314911,Q2_pred_2,2
245707,3,-0.21446199715137482,Q1_pred_1,1
202583,3,-0.16226379573345184,Q2_pred_2,2
5881,3,-0.098971426486969,Q3_pred_3,3
91995,4,-0.05894447863101959,Q4_pred_4,4
67308,4,-0.15325339138507843,Q2_pred_2,2
38582,3,-0.05104544758796692,Q4_pred_4,4
60799,3,-0.13248544931411743,Q2_pred_2,2
21573,4,-0.2148686647415161,Q1_pred_1,1
26934,4,-0.18504318594932556,Q2_pred_2,2
22751,4,-0.06964682042598724,Q4_pred_4,4
160983,2,-0.08934247493743896,Q3_pred_3,3
122956,2,-0.18353122472763062,Q2_pred_2,2
338170,2,-0.4024331569671631,Q1_pred_1,1
150546,4,-0.08251117169857025,Q3_pred_3,3
76999,3,-0.26182717084884644,Q1_pred_1,1
32105,2,-0.07908089458942413,Q3_pred_3,3
111018,4,0.13714182376861572,Q5_pred_5,5
67041,4,-0.06150936335325241,Q4_pred_4,4
115486,4,-0.19823241233825684,Q1_pred_1,1
29388,4,-0.16323237121105194,Q2_pred_2,2
142711,4,-0.010418951511383057,Q4_pred_4,4
150534,3,-0.14950287342071533,Q2_pred_2,2
355305,4,-0.008862301707267761,Q4_pred_4,4
389640,4,-0.18309733271598816,Q2_pred_2,2
43436,4,0.002736307680606842,Q5_pred_5,5
302526,4,-0.1043454110622406,Q3_pred_3,3
29186,4,-0.2528667747974396,Q1_pred_1,1
359121,4,-0.2567305564880371,Q1_pred_1,1
40998,3,-0.019401416182518005,Q4_pred_4,4
151349,4,-0.057575199753046036,Q4_pred_4,4
39732,1,-0.3137657046318054,Q1_pred_1,1
241742,3,-0.0013915002346038818,Q5_pred_5,5
53292,4,0.014813803136348724,Q5_pred_5,5
11007,4,-0.3602367043495178,Q1_pred_1,1
222878,4,-0.007198892533779144,Q4_pred_4,4
80613,5,0.0640038400888443,Q5_pred_5,5
2266,3,-0.2011551856994629,Q1_pred_1,1
467334,4,0.08480772376060486,Q5_pred_5,5
167404,3,-0.030821673572063446,Q4_pred_4,4
357428,4,-0.035727180540561676,Q4_pred_4,4
22706,4,-0.21730569005012512,Q1_pred_1,1
50278,3,-0.011780023574829102,Q4_pred_4,4
431439,4,-0.14768201112747192,Q2_pred_2,2
187284,3,-0.07465068250894547,Q3_pred_3,3
118607,2,-0.14734527468681335,Q2_pred_2,2
70143,4,0.19528992474079132,Q5_pred_5,5
134747,4,-0.18698850274085999,Q2_pred_2,2
58589,4,-0.0898660272359848,Q3_pred_3,3
394866,1,-0.1640872359275818,Q2_pred_2,2
32479,4,0.025722689926624298,Q5_pred_5,5
382411,3,-0.2611674964427948,Q1_pred_1,1
324546,4,-0.008441895246505737,Q4_pred_4,4
144823,4,-0.006047151982784271,Q5_pred_5,5
68653,4,-0.018605664372444153,Q4_pred_4,4
245604,3,0.03516620397567749,Q5_pred_5,5
70345,4,-0.27172109484672546,Q1_pred_1,1
78217,5,-0.1516450047492981,Q2_pred_2,2
28396,4,-0.28740260004997253,Q1_pred_1,1
118486,4,0.06204370781779289,Q5_pred_5,5
27232,4,-0.15876330435276031,Q2_pred_2,2
188465,4,-0.08729666471481323,Q3_pred_3,3
373204,4,-0.14165562391281128,Q2_pred_2,2
334585,3,0.051720961928367615,Q5_pred_5,5
195597,3,-0.1936425268650055,Q2_pred_2,2
434034,4,-0.08944529294967651,Q3_pred_3,3
34978,4,-0.3118332326412201,Q1_pred_1,1
10872,2,-0.32687172293663025,Q1_pred_1,1
372746,4,-0.20167765021324158,Q1_pred_1,1
102378,4,-0.03158813714981079,Q4_pred_4,4
50181,3,-0.005608677864074707,Q5_pred_5,5
237520,3,-0.15948736667633057,Q2_pred_2,2
50251,2,-0.09983780980110168,Q3_pred_3,3
667,3,0.02632009983062744,Q5_pred_5,5
137414,3,-0.09441860765218735,Q3_pred_3,3
71622,4,-0.2400140017271042,Q1_pred_1,1
165885,1,0.008006438612937927,Q5_pred_5,5
54417,2,-0.019319862127304077,Q4_pred_4,4
141184,4,-0.2036556601524353,Q1_pred_1,1
33565,4,0.00889202207326889,Q5_pred_5,5
354317,5,-0.2042769193649292,Q1_pred_1,1
177227,4,-0.2675982713699341,Q1_pred_1,1
484628,4,-0.34552136063575745,Q1_pred_1,1
360184,4,-0.16477467119693756,Q2_pred_2,2
214390,3,-0.3105164170265198,Q1_pred_1,1
347246,3,0.023011833429336548,Q5_pred_5,5
50285,3,0.03765040636062622,Q5_pred_5,5
105459,4,-0.3872759938240051,Q1_pred_1,1
6043,4,-0.0055564045906066895,Q5_pred_5,5
163653,3,-0.348311185836792,Q1_pred_1,1
179904,3,-0.13669505715370178,Q2_pred_2,2
6047,4,-0.056835539638996124,Q4_pred_4,4
23098,4,-0.12480056285858154,Q3_pred_3,3
152557,3,-0.25791725516319275,Q1_pred_1,1
116909,3,-0.0873824805021286,Q3_pred_3,3
154339,5,-0.12485691905021667,Q3_pred_3,3
383646,5,-0.295429527759552,Q1_pred_1,1
56033,5,-0.17566317319869995,Q2_pred_2,2
64254,3,0.05114032328128815,Q5_pred_5,5
239664,5,-0.05257728695869446,Q4_pred_4,4
39651,4,-0.10213714838027954,Q3_pred_3,3
316598,4,-0.17181508243083954,Q2_pred_2,2
54420,2,0.07373446226119995,Q5_pred_5,5
214548,3,-0.33313339948654175,Q1_pred_1,1
148016,4,-0.08014792203903198,Q3_pred_3,3
356441,4,-0.05279435217380524,Q4_pred_4,4
3269,2,-0.17502625286579132,Q2_pred_2,2
28563,4,0.06316551566123962,Q5_pred_5,5
63246,4,-0.11062362790107727,Q3_pred_3,3
13923,4,-0.05093201994895935,Q4_pred_4,4
242561,3,-0.3217797577381134,Q1_pred_1,1
110624,4,-0.2545810341835022,Q1_pred_1,1
274052,4,-0.0836392343044281,Q3_pred_3,3
65440,4,-0.2830289304256439,Q1_pred_1,1
365103,4,-0.0015878528356552124,Q5_pred_5,5
151260,4,-0.05322679877281189,Q4_pred_4,4
34889,4,-0.12505638599395752,Q3_pred_3,3
198262,4,-0.053459495306015015,Q4_pred_4,4
57515,2,-0.18689337372779846,Q2_pred_2,2
80822,4,-0.23337548971176147,Q1_pred_1,1
233803,2,-0.38658928871154785,Q1_pred_1,1
243798,3,-0.026714026927947998,Q4_pred_4,4
221832,4,-0.05043122544884682,Q4_pred_4,4
208905,4,-0.09927914291620255,Q3_pred_3,3
165113,4,-0.2434697300195694,Q1_pred_1,1
24314,4,-0.022327184677124023,Q4_pred_4,4
192238,4,-0.17723685503005981,Q2_pred_2,2
394770,4,-0.16305086016654968,Q2_pred_2,2
119321,4,-0.09949105978012085,Q3_pred_3,3
41516,4,-0.25174862146377563,Q1_pred_1,1
15265,3,-0.12031485140323639,Q3_pred_3,3
117802,4,-0.10522395372390747,Q3_pred_3,3
343957,4,-0.10163570195436478,Q3_pred_3,3
33791,4,-0.07631907612085342,Q3_pred_3,3
105578,4,-0.2575662136077881,Q1_pred_1,1
146854,3,-0.39633384346961975,Q1_pred_1,1
30282,4,-0.164072185754776,Q2_pred_2,2
173905,3,-0.0966462790966034,Q3_pred_3,3
88957,4,-0.2052760124206543,Q1_pred_1,1
127725,4,-0.1664501130580902,Q2_pred_2,2
151596,4,-0.18230825662612915,Q2_pred_2,2
92375,4,-0.10529474169015884,Q3_pred_3,3
10131,2,-0.1502446085214615,Q2_pred_2,2
63327,1,0.129972904920578,Q5_pred_5,5
1261,4,0.13690288364887238,Q5_pred_5,5
21063,4,-0.2643465995788574,Q1_pred_1,1
356824,4,-0.10497167706489563,Q3_pred_3,3
156806,4,-0.249808669090271,Q1_pred_1,1
155120,4,-0.1634143441915512,Q2_pred_2,2
374847,4,-0.12087218463420868,Q3_pred_3,3
101314,3,-0.17217732965946198,Q2_pred_2,2
222671,2,-0.009976625442504883,Q4_pred_4,4
78321,4,-0.0020294636487960815,Q5_pred_5,5
128104,3,-0.05393454432487488,Q4_pred_4,4
69387,3,0.0783357322216034,Q5_pred_5,5
373569,4,-0.15957064926624298,Q2_pred_2,2
2607,4,0.07850205898284912,Q5_pred_5,5
71049,2,-0.05660825967788696,Q4_pred_4,4
189947,3,-0.055825576186180115,Q4_pred_4,4
199174,3,-0.05821037292480469,Q4_pred_4,4
354867,3,-0.14218752086162567,Q2_pred_2,2
31817,4,-0.14820662140846252,Q2_pred_2,2
114083,4,-0.0675734281539917,Q4_pred_4,4
369088,4,-0.2534211277961731,Q1_pred_1,1
159436,3,-0.16481901705265045,Q2_pred_2,2
160910,4,0.1518547236919403,Q5_pred_5,5
30789,3,-0.1785178780555725,Q2_pred_2,2
373708,3,-0.03613746166229248,Q4_pred_4,4
373844,4,-0.18723243474960327,Q2_pred_2,2
147941,4,-0.18255484104156494,Q2_pred_2,2
87952,4,-0.054739318788051605,Q4_pred_4,4
154304,4,-0.09940093755722046,Q3_pred_3,3
74377,5,0.058534711599349976,Q5_pred_5,5
242242,4,-0.20964869856834412,Q1_pred_1,1
10885,4,-0.09993106871843338,Q3_pred_3,3
386126,3,-0.030279334634542465,Q4_pred_4,4
52102,2,-0.0996309146285057,Q3_pred_3,3
97827,3,-0.11561031639575958,Q3_pred_3,3
247491,4,-0.1294543743133545,Q3_pred_3,3
11969,3,-0.061213698238134384,Q4_pred_4,4
10419,4,-0.19746264815330505,Q2_pred_2,2
91907,4,-0.16148826479911804,Q2_pred_2,2
45065,4,-0.15443727374076843,Q2_pred_2,2
87406,4,-0.05738632380962372,Q4_pred_4,4
16051,4,0.09815137088298798,Q5_pred_5,5
86462,4,-0.2327021360397339,Q1_pred_1,1
362310,4,-0.003717377781867981,Q5_pred_5,5
365772,4,-0.10692248493432999,Q3_pred_3,3
63586,4,-0.054836418479681015,Q4_pred_4,4
42359,2,0.15771007537841797,Q5_pred_5,5
40333,4,-0.09879619628190994,Q3_pred_3,3
162992,4,-0.1317012906074524,Q2_pred_2,2
56414,2,-0.06750822067260742,Q4_pred_4,4
406632,4,-0.21682341396808624,Q1_pred_1,1
72652,2,-0.08530604094266891,Q3_pred_3,3
26766,3,-0.15108075737953186,Q2_pred_2,2
25424,4,-0.15964314341545105,Q2_pred_2,2
167543,3,-0.11086276918649673,Q3_pred_3,3
415430,4,0.024305880069732666,Q5_pred_5,5
421667,4,-0.2083006501197815,Q1_pred_1,1
72563,4,0.04862390458583832,Q5_pred_5,5
354453,4,-0.010690927505493164,Q4_pred_4,4
128816,4,-0.07377871870994568,Q3_pred_3,3
424123,3,0.01349064614623785,Q5_pred_5,5
270197,3,-0.04308667033910751,Q4_pred_4,4
29217,4,-0.23861581087112427,Q1_pred_1,1
50812,3,0.10684965550899506,Q5_pred_5,5
211823,3,-0.26502978801727295,Q1_pred_1,1
236663,4,-0.14138199388980865,Q2_pred_2,2
147760,3,0.05588287115097046,Q5_pred_5,5
319705,3,-0.08516887575387955,Q3_pred_3,3
104805,4,-0.14114248752593994,Q2_pred_2,2
377842,4,-0.14566239714622498,Q2_pred_2,2
245204,4,-0.09643390774726868,Q3_pred_3,3
119726,4,-0.07067449390888214,Q4_pred_4,4
16668,3,-0.19611269235610962,Q2_pred_2,2
324060,4,-0.12534384429454803,Q3_pred_3,3
177859,3,-0.06062936782836914,Q4_pred_4,4
30685,4,-0.11003617942333221,Q3_pred_3,3
84067,4,-0.09311319887638092,Q3_pred_3,3
333421,4,0.019710883498191833,Q5_pred_5,5
340547,4,-0.20020447671413422,Q1_pred_1,1
11676,4,0.11062993854284286,Q5_pred_5,5
136992,4,0.08813723921775818,Q5_pred_5,5
58265,4,-0.038456231355667114,Q4_pred_4,4
173195,4,-0.21829333901405334,Q1_pred_1,1
107608,4,-0.04523573815822601,Q4_pred_4,4
45280,3,-0.2716357707977295,Q1_pred_1,1
153646,4,-0.18432465195655823,Q2_pred_2,2
56549,4,0.043805792927742004,Q5_pred_5,5
10125,2,-0.15234608948230743,Q2_pred_2,2
239466,4,-0.19339057803153992,Q2_pred_2,2
168688,4,0.060721203684806824,Q5_pred_5,5
380803,1,-0.26750409603118896,Q1_pred_1,1
50179,4,-0.04094952344894409,Q4_pred_4,4
64613,4,-0.21484413743019104,Q1_pred_1,1
172088,4,0.15269938111305237,Q5_pred_5,5
191898,4,-0.1441495418548584,Q2_pred_2,2
382798,5,-0.16499435901641846,Q2_pred_2,2
4180,3,-0.1041577160358429,Q3_pred_3,3
11899,5,-0.1780213713645935,Q2_pred_2,2
382883,5,-0.09882843494415283,Q3_pred_3,3
371920,4,-0.12696681916713715,Q3_pred_3,3
58168,3,-0.2951290011405945,Q1_pred_1,1
107135,4,-0.5250210762023926,Q1_pred_1,1
340711,4,-0.039688512682914734,Q4_pred_4,4
173674,5,-0.058688461780548096,Q4_pred_4,4
27978,3,-0.09147558361291885,Q3_pred_3,3
142698,4,-0.011630907654762268,Q4_pred_4,4
67655,4,-0.1040901392698288,Q3_pred_3,3
86764,3,-0.3527204990386963,Q1_pred_1,1
14317,3,0.056464552879333496,Q5_pred_5,5
76442,2,-0.202327162027359,Q1_pred_1,1
21747,4,-0.04383671283721924,Q4_pred_4,4
65654,2,0.14956828951835632,Q5_pred_5,5
373288,5,-0.001431688666343689,Q5_pred_5,5
407723,4,-0.0020007099956274033,Q5_pred_5,5
441163,3,0.009099781513214111,Q5_pred_5,5
109872,4,-0.14322617650032043,Q2_pred_2,2
106435,4,0.07089267671108246,Q5_pred_5,5
23017,3,-0.1488216668367386,Q2_pred_2,2
103540,4,0.13703063130378723,Q5_pred_5,5
60593,3,-0.13363990187644958,Q2_pred_2,2
105473,3,-0.08785870671272278,Q3_pred_3,3
11550,4,-0.265015184879303,Q1_pred_1,1
154404,4,0.17231377959251404,Q5_pred_5,5
261194,4,-0.05922114849090576,Q4_pred_4,4
93345,3,-0.25146085023880005,Q1_pred_1,1
13218,2,-0.20732223987579346,Q1_pred_1,1
125244,4,-0.12926393747329712,Q3_pred_3,3
154075,4,-0.1351437270641327,Q2_pred_2,2
357461,4,-0.12799492478370667,Q3_pred_3,3
355172,4,-0.2329685539007187,Q1_pred_1,1
4544,3,-0.04665166139602661,Q4_pred_4,4
48670,4,-0.23423932492733002,Q1_pred_1,1
315852,3,-0.08209028840065002,Q3_pred_3,3
333271,4,0.0029765814542770386,Q5_pred_5,5
275276,4,-0.07264783978462219,Q4_pred_4,4
276142,4,-0.14604732394218445,Q2_pred_2,2
235100,4,-0.08731766045093536,Q3_pred_3,3
214745,2,-0.40149986743927,Q1_pred_1,1
105083,3,-0.09586357325315475,Q3_pred_3,3
141186,4,0.08222214877605438,Q5_pred_5,5
119459,4,-0.11583887040615082,Q3_pred_3,3
105360,3,-0.10861722379922867,Q3_pred_3,3
183710,5,-0.11143229901790619,Q3_pred_3,3
275008,4,0.009485483169555664,Q5_pred_5,5
28972,4,-0.09982574731111526,Q3_pred_3,3
234857,4,0.07187513262033463,Q5_pred_5,5
400802,3,-0.21767008304595947,Q1_pred_1,1
166133,4,-0.16884000599384308,Q2_pred_2,2
18268,2,-0.043173693120479584,Q4_pred_4,4
9206,4,-0.25763043761253357,Q1_pred_1,1
54636,4,-0.0881093367934227,Q3_pred_3,3
3889,2,-0.017092376947402954,Q4_pred_4,4
356605,4,-0.0039987713098526,Q5_pred_5,5
66876,4,-0.13418619334697723,Q2_pred_2,2
68720,4,-0.0915028303861618,Q3_pred_3,3
8685,2,-0.08935181796550751,Q3_pred_3,3
373643,4,-0.05331394076347351,Q4_pred_4,4
419112,4,-0.19476336240768433,Q2_pred_2,2
153822,4,-0.14644990861415863,Q2_pred_2,2
234590,4,-0.030569590628147125,Q4_pred_4,4
64194,3,-0.23360109329223633,Q1_pred_1,1
41981,4,-0.1939878761768341,Q2_pred_2,2
153953,4,-0.15457183122634888,Q2_pred_2,2
409192,3,-0.11293935775756836,Q3_pred_3,3
26729,4,-0.1384296417236328,Q2_pred_2,2
373931,4,-0.2455572783946991,Q1_pred_1,1
13481,3,-0.12521159648895264,Q3_pred_3,3
172923,4,-0.1711919605731964,Q2_pred_2,2
115801,4,-0.16593310236930847,Q2_pred_2,2
97295,2,-0.5137350559234619,Q1_pred_1,1
116820,4,0.05677017569541931,Q5_pred_5,5
151598,4,-0.0040584951639175415,Q5_pred_5,5
97559,4,-0.20044566690921783,Q1_pred_1,1
114120,1,-0.1273431032896042,Q3_pred_3,3
9557,3,-0.21787725389003754,Q1_pred_1,1
137640,4,-0.07191671431064606,Q4_pred_4,4
130713,3,-0.012324057519435883,Q4_pred_4,4
166899,1,-0.046204954385757446,Q4_pred_4,4
445125,4,-0.03347732126712799,Q4_pred_4,4
359446,5,-0.02014085277915001,Q4_pred_4,4
51258,4,-0.02654244191944599,Q4_pred_4,4
354035,4,-0.19898387789726257,Q1_pred_1,1
324747,3,-0.1399397850036621,Q2_pred_2,2
60606,4,-0.05962591990828514,Q4_pred_4,4
368508,4,0.06230321526527405,Q5_pred_5,5
161358,4,-0.0436883270740509,Q4_pred_4,4
142645,4,-0.29014045000076294,Q1_pred_1,1
243553,3,-0.06172016263008118,Q4_pred_4,4
50050,3,-0.11683975160121918,Q3_pred_3,3
7547,4,-0.09913896769285202,Q3_pred_3,3
242138,4,-0.12860435247421265,Q3_pred_3,3
84022,5,-0.10384059697389603,Q3_pred_3,3
373283,5,-0.02069142460823059,Q4_pred_4,4
99228,3,-0.011660486459732056,Q4_pred_4,4
4252,2,-0.3030838072299957,Q1_pred_1,1
3860,3,-0.0387406051158905,Q4_pred_4,4
31295,4,-0.10845212638378143,Q3_pred_3,3
168197,4,-0.1214677020907402,Q3_pred_3,3
164168,3,-0.24909086525440216,Q1_pred_1,1
50062,4,-0.016329824924468994,Q4_pred_4,4
10114,1,-0.06968878209590912,Q4_pred_4,4
119113,4,-0.1452810913324356,Q2_pred_2,2
432122,4,-0.2532137930393219,Q1_pred_1,1
4828,3,0.02710065245628357,Q5_pred_5,5
142530,5,-0.09499315172433853,Q3_pred_3,3
169802,4,-0.12653253972530365,Q3_pred_3,3
33924,4,-0.0716124027967453,Q4_pred_4,4
382871,5,-0.07607385516166687,Q3_pred_3,3
145563,4,-0.1632584035396576,Q2_pred_2,2
248944,4,-0.03327399492263794,Q4_pred_4,4
213986,4,-0.1799812614917755,Q2_pred_2,2
104843,4,-0.06913160532712936,Q4_pred_4,4
421025,4,-0.14537747204303741,Q2_pred_2,2
166716,4,-0.2710608243942261,Q1_pred_1,1
116706,2,-0.24802075326442719,Q1_pred_1,1
108134,4,-0.09270434081554413,Q3_pred_3,3
325859,4,-0.22612378001213074,Q1_pred_1,1
91112,2,-0.060535237193107605,Q4_pred_4,4
247075,5,-0.1182459145784378,Q3_pred_3,3
154041,4,-0.07503694295883179,Q3_pred_3,3
433703,4,0.027456998825073242,Q5_pred_5,5
137695,3,0.001705259084701538,Q5_pred_5,5
103561,4,-0.08350726962089539,Q3_pred_3,3
30027,4,-0.1678536832332611,Q2_pred_2,2
163450,4,-0.07933394610881805,Q3_pred_3,3
388512,4,-0.08396881818771362,Q3_pred_3,3
61249,3,-0.08486777544021606,Q3_pred_3,3
97607,4,0.09375651180744171,Q5_pred_5,5
80790,3,-0.2581900954246521,Q1_pred_1,1
37664,4,-0.0021029114723205566,Q5_pred_5,5
55319,3,-0.2760202884674072,Q1_pred_1,1
183625,4,-0.16091835498809814,Q2_pred_2,2
218844,4,-0.21248450875282288,Q1_pred_1,1
374805,4,-0.07495327293872833,Q3_pred_3,3
369961,3,-0.16548582911491394,Q2_pred_2,2
411018,1,-0.15193916857242584,Q2_pred_2,2
164178,3,-0.23160617053508759,Q1_pred_1,1
72877,4,-0.20597389340400696,Q1_pred_1,1
42318,3,-0.03470136225223541,Q4_pred_4,4
31648,1,-0.20641601085662842,Q1_pred_1,1
401003,2,-0.23073497414588928,Q1_pred_1,1
367328,3,-0.13447622954845428,Q2_pred_2,2
335022,3,-0.08130539953708649,Q3_pred_3,3
172743,3,-0.11346233636140823,Q3_pred_3,3
355816,5,-0.1534598469734192,Q2_pred_2,2
374050,5,-0.03254115581512451,Q4_pred_4,4
386360,4,-0.1879028081893921,Q2_pred_2,2
325928,4,0.003149062395095825,Q5_pred_5,5
61505,3,-0.013584554195404053,Q4_pred_4,4
402614,3,0.004983529448509216,Q5_pred_5,5
1399,3,0.08624149858951569,Q5_pred_5,5
66761,4,-0.03578599914908409,Q4_pred_4,4
155193,4,-0.16170521080493927,Q2_pred_2,2
2743,4,-0.07364951074123383,Q3_pred_3,3
277593,4,-0.04003717005252838,Q4_pred_4,4
169283,3,-0.2480219602584839,Q1_pred_1,1
81923,4,-0.07959285378456116,Q3_pred_3,3
77299,5,-0.04370635375380516,Q4_pred_4,4
11627,5,0.22232308983802795,Q5_pred_5,5
32873,3,-0.22922459244728088,Q1_pred_1,1
29618,4,-0.08956385403871536,Q3_pred_3,3
271557,3,-0.034246861934661865,Q4_pred_4,4
68150,4,-0.06892046332359314,Q4_pred_4,4
87638,3,-0.24607111513614655,Q1_pred_1,1
76566,3,-0.229926198720932,Q1_pred_1,1
356930,5,-0.035423118621110916,Q4_pred_4,4
401138,3,-0.0410519540309906,Q4_pred_4,4
146690,3,0.0012478232383728027,Q5_pred_5,5
11855,4,0.07480137050151825,Q5_pred_5,5
102495,4,-0.048866644501686096,Q4_pred_4,4
10132,1,-0.1269882321357727,Q3_pred_3,3
95956,4,-0.07656750082969666,Q3_pred_3,3
39920,3,-0.1841563880443573,Q2_pred_2,2
234090,4,-0.2004394829273224,Q1_pred_1,1
17930,1,-0.2747936546802521,Q1_pred_1,1
235048,3,-0.13013146817684174,Q2_pred_2,2
87654,3,0.05518290400505066,Q5_pred_5,5
373194,4,-0.1222882866859436,Q3_pred_3,3
270706,4,0.03237365931272507,Q5_pred_5,5
154840,3,-0.1563851237297058,Q2_pred_2,2
233808,2,-0.24209371209144592,Q1_pred_1,1
96503,1,-0.3044159412384033,Q1_pred_1,1
320748,4,-0.12664006650447845,Q3_pred_3,3
39197,4,-0.04816156625747681,Q4_pred_4,4
373638,4,-0.1963786482810974,Q2_pred_2,2
239837,4,-0.0015018433332443237,Q5_pred_5,5
49408,3,-0.034465059638023376,Q4_pred_4,4
65756,3,0.041257500648498535,Q5_pred_5,5
420867,2,-0.16988833248615265,Q2_pred_2,2
164769,3,-0.3831126391887665,Q1_pred_1,1
28726,4,-0.2201421558856964,Q1_pred_1,1
38977,1,-0.08698536455631256,Q3_pred_3,3
326848,4,-0.006487969309091568,Q4_pred_4,4
78628,1,-0.499714195728302,Q1_pred_1,1
404969,3,0.01349899172782898,Q5_pred_5,5
83132,5,0.029137402772903442,Q5_pred_5,5
91227,4,-0.03829282522201538,Q4_pred_4,4
247766,5,-0.11959627270698547,Q3_pred_3,3
354295,5,-0.17034173011779785,Q2_pred_2,2
236636,4,-0.29776209592819214,Q1_pred_1,1
3835,2,-0.14111526310443878,Q2_pred_2,2
394185,4,-0.04224751144647598,Q4_pred_4,4
141689,4,-0.0225440114736557,Q4_pred_4,4
214568,2,-0.36028575897216797,Q1_pred_1,1
221725,4,-0.1722598373889923,Q2_pred_2,2
364700,3,-0.13150979578495026,Q2_pred_2,2
26553,2,0.007196471095085144,Q5_pred_5,5
31421,3,0.05842605233192444,Q5_pred_5,5
222461,4,-0.1394788920879364,Q2_pred_2,2
273060,3,0.1474224478006363,Q5_pred_5,5
10680,3,-0.1578798145055771,Q2_pred_2,2
30022,4,-0.26230838894844055,Q1_pred_1,1
209620,4,-0.10101380944252014,Q3_pred_3,3
354741,3,-0.18980467319488525,Q2_pred_2,2
51032,3,-0.2273780256509781,Q1_pred_1,1
150368,2,-0.05175095796585083,Q4_pred_4,4
105769,3,-0.25186556577682495,Q1_pred_1,1
38630,3,-0.20045363903045654,Q1_pred_1,1
127153,4,-0.102317214012146,Q3_pred_3,3
5630,3,0.18669913709163666,Q5_pred_5,5
135718,3,-0.11342943459749222,Q3_pred_3,3
173933,2,-0.26764944195747375,Q1_pred_1,1
154067,4,-0.06740027666091919,Q4_pred_4,4
355147,5,-0.07076433300971985,Q4_pred_4,4
101374,4,0.022836416959762573,Q5_pred_5,5
345397,3,-0.17896313965320587,Q2_pred_2,2
18474,5,-0.09111198782920837,Q3_pred_3,3
31782,1,-0.0145646333694458,Q4_pred_4,4
31419,2,-0.04262074828147888,Q4_pred_4,4
220586,4,-0.16947044432163239,Q2_pred_2,2
9190,3,0.02120591700077057,Q5_pred_5,5
187560,3,-0.05674893409013748,Q4_pred_4,4
193596,4,-0.29331541061401367,Q1_pred_1,1
50299,1,-0.11953425407409668,Q3_pred_3,3
65335,3,-0.0812508836388588,Q3_pred_3,3
4540,2,-0.17106977105140686,Q2_pred_2,2
237324,3,-0.05494539439678192,Q4_pred_4,4
372045,3,-0.13313068449497223,Q2_pred_2,2
109598,4,-0.02688797563314438,Q4_pred_4,4
202305,1,-0.24010685086250305,Q1_pred_1,1
1911,2,0.015886813402175903,Q5_pred_5,5
11563,1,-0.06332755088806152,Q4_pred_4,4
13891,2,-0.07430438697338104,Q3_pred_3,3
378687,3,-0.1443740874528885,Q2_pred_2,2
107713,4,-0.04054573178291321,Q4_pred_4,4
37956,2,-0.06318949162960052,Q4_pred_4,4
137583,4,-0.041321419179439545,Q4_pred_4,4
39209,5,-0.05933314561843872,Q4_pred_4,4
6730,4,-0.2591843605041504,Q1_pred_1,1
114147,1,-0.13450747728347778,Q2_pred_2,2
422863,3,-0.27233415842056274,Q1_pred_1,1
38646,3,-0.04853790998458862,Q4_pred_4,4
88898,4,-0.02991408109664917,Q4_pred_4,4
102388,4,0.007420957088470459,Q5_pred_5,5
377344,4,-0.08196338266134262,Q3_pred_3,3
247118,5,-0.10453663021326065,Q3_pred_3,3
118443,2,-0.03614559769630432,Q4_pred_4,4
50389,2,0.00588284432888031,Q5_pred_5,5
86471,3,-0.10270233452320099,Q3_pred_3,3
162732,4,-0.21744441986083984,Q1_pred_1,1
23192,4,-0.2474915087223053,Q1_pred_1,1
79634,3,0.13089367747306824,Q5_pred_5,5
50124,3,0.016259044408798218,Q5_pred_5,5
5798,3,-0.28041699528694153,Q1_pred_1,1
193872,4,-0.18261849880218506,Q2_pred_2,2
41750,4,-0.1607169210910797,Q2_pred_2,2
113272,2,0.005525119602680206,Q5_pred_5,5
88928,4,-0.10914235562086105,Q3_pred_3,3
246609,5,-0.046126239001750946,Q4_pred_4,4
87658,2,-0.20040886104106903,Q1_pred_1,1
400734,4,0.10979494452476501,Q5_pred_5,5
383571,5,-0.219822958111763,Q1_pred_1,1
70950,4,-0.07526114583015442,Q3_pred_3,3
105225,4,-0.15168799459934235,Q2_pred_2,2
127605,4,0.15459558367729187,Q5_pred_5,5
141819,2,-0.13186992704868317,Q2_pred_2,2
326109,4,-0.15675991773605347,Q2_pred_2,2
373261,4,-0.13170120120048523,Q2_pred_2,2
114125,1,-0.10273093730211258,Q3_pred_3,3
110106,3,-0.20577874779701233,Q1_pred_1,1
114626,3,-0.24607807397842407,Q1_pred_1,1
14980,3,-0.1994934231042862,Q1_pred_1,1
364694,4,-0.20283518731594086,Q1_pred_1,1
372682,5,-0.16286098957061768,Q2_pred_2,2
82933,4,-0.14829182624816895,Q2_pred_2,2
1389,4,-0.12839360535144806,Q3_pred_3,3
415475,3,0.05209943652153015,Q5_pred_5,5
13864,4,-0.04040396958589554,Q4_pred_4,4
480646,4,-0.0531095415353775,Q4_pred_4,4
92846,4,-0.025659948587417603,Q4_pred_4,4
326647,4,-0.019420534372329712,Q4_pred_4,4
418587,4,-0.00585135817527771,Q5_pred_5,5
379865,4,-0.05426150560379028,Q4_pred_4,4
62329,3,0.05629272758960724,Q5_pred_5,5
118210,2,-0.07430754601955414,Q3_pred_3,3
10715,3,0.04309265315532684,Q5_pred_5,5
426761,2,-0.16369852423667908,Q2_pred_2,2
250853,1,-0.06745585799217224,Q4_pred_4,4
30307,2,-0.2584109306335449,Q1_pred_1,1
153857,4,-0.2217804491519928,Q1_pred_1,1
333957,2,-0.08241982758045197,Q3_pred_3,3
171820,3,-0.10526201128959656,Q3_pred_3,3
218869,4,-0.18312489986419678,Q2_pred_2,2
344899,3,-0.06744925677776337,Q4_pred_4,4
356477,5,-0.12211050093173981,Q3_pred_3,3
71300,1,-0.4089529514312744,Q1_pred_1,1
355162,5,-0.05993667244911194,Q4_pred_4,4
219257,4,0.030446141958236694,Q5_pred_5,5
34383,4,0.022141560912132263,Q5_pred_5,5
83501,4,-0.1202978789806366,Q3_pred_3,3
365969,2,0.017684176564216614,Q5_pred_5,5
185055,4,-0.0005378276109695435,Q5_pred_5,5
341282,3,0.030314534902572632,Q5_pred_5,5
33000,3,-0.1977895200252533,Q2_pred_2,2
60081,3,-0.28138697147369385,Q1_pred_1,1
358025,5,-0.21396750211715698,Q1_pred_1,1
114119,3,-0.05396748334169388,Q4_pred_4,4
130532,3,-0.1331493854522705,Q2_pred_2,2
161309,4,-0.10028715431690216,Q3_pred_3,3
174966,3,-0.07180726528167725,Q4_pred_4,4
5294,4,-0.15796712040901184,Q2_pred_2,2
42360,3,0.03871689736843109,Q5_pred_5,5
13533,2,0.017691023647785187,Q5_pred_5,5
148643,2,0.018587619066238403,Q5_pred_5,5
370338,3,-0.18021823465824127,Q2_pred_2,2
149369,3,-0.3903313875198364,Q1_pred_1,1
166107,3,-0.23961889743804932,Q1_pred_1,1
44170,3,0.002808302640914917,Q5_pred_5,5
424104,3,-0.12284320592880249,Q3_pred_3,3
428249,3,-0.22552061080932617,Q1_pred_1,1
86410,2,-0.1841862052679062,Q2_pred_2,2
104428,4,0.020722299814224243,Q5_pred_5,5
75092,3,-0.23833763599395752,Q1_pred_1,1
176087,4,0.15334704518318176,Q5_pred_5,5
341329,2,-0.09673033654689789,Q3_pred_3,3
66631,2,-0.0024448633193969727,Q5_pred_5,5
335739,3,-0.16287055611610413,Q2_pred_2,2
119219,5,-0.13916122913360596,Q2_pred_2,2
150845,4,-0.3316039443016052,Q1_pred_1,1
147586,1,-0.36037105321884155,Q1_pred_1,1
48154,4,-0.38563641905784607,Q1_pred_1,1
128712,2,-0.10161736607551575,Q3_pred_3,3
92915,4,-0.03567682206630707,Q4_pred_4,4
109511,3,-0.10168641805648804,Q3_pred_3,3
79206,4,-0.14166440069675446,Q2_pred_2,2
236612,4,-0.04476681351661682,Q4_pred_4,4
220311,4,-0.16174057126045227,Q2_pred_2,2
395413,3,-0.0936746746301651,Q3_pred_3,3
28680,4,-0.07064427435398102,Q4_pred_4,4
86738,4,-0.013646990060806274,Q4_pred_4,4
113387,3,-0.22503361105918884,Q1_pred_1,1
26370,3,-0.05419906973838806,Q4_pred_4,4
316797,3,-0.24679389595985413,Q1_pred_1,1
373368,4,-0.04027920961380005,Q4_pred_4,4
344558,2,-0.033326685428619385,Q4_pred_4,4
372819,4,-0.15826795995235443,Q2_pred_2,2
337126,4,0.07422509789466858,Q5_pred_5,5
16174,4,-0.24704059958457947,Q1_pred_1,1
361222,4,0.05580046772956848,Q5_pred_5,5
27447,4,-0.3874809145927429,Q1_pred_1,1
26491,3,-0.3479274809360504,Q1_pred_1,1
188226,4,-0.09686180204153061,Q3_pred_3,3
50511,4,-0.13455821573734283,Q2_pred_2,2
11780,4,-0.09840261936187744,Q3_pred_3,3
145881,4,0.006894208490848541,Q5_pred_5,5
152546,3,0.04823198914527893,Q5_pred_5,5
359334,4,-0.0737384557723999,Q3_pred_3,3
194535,4,-0.10897818207740784,Q3_pred_3,3
42354,2,-0.04092945158481598,Q4_pred_4,4
325215,4,-0.1964397430419922,Q2_pred_2,2
167105,3,-0.10950376838445663,Q3_pred_3,3
154297,4,-0.14628368616104126,Q2_pred_2,2
252785,2,-0.08562296628952026,Q3_pred_3,3
104984,4,-0.03078344464302063,Q4_pred_4,4
262980,4,-0.06014636904001236,Q4_pred_4,4
268116,4,0.06438706815242767,Q5_pred_5,5
242861,4,-0.13697326183319092,Q2_pred_2,2
62276,3,-0.0017363131046295166,Q5_pred_5,5
41678,5,-0.17970262467861176,Q2_pred_2,2
399583,4,-0.10134678333997726,Q3_pred_3,3
208314,4,0.003338918089866638,Q5_pred_5,5
76983,4,-0.34417015314102173,Q1_pred_1,1
67234,3,-0.07897505909204483,Q3_pred_3,3
62001,3,-0.22805581986904144,Q1_pred_1,1
48543,2,-0.20564740896224976,Q1_pred_1,1
272020,3,-0.08169593662023544,Q3_pred_3,3
247513,5,-0.16490142047405243,Q2_pred_2,2
270769,4,-0.003096938133239746,Q5_pred_5,5
84231,5,-0.0467899926006794,Q4_pred_4,4
154033,5,-0.20561504364013672,Q1_pred_1,1
109101,4,-0.10920057445764542,Q3_pred_3,3
135537,4,-0.09467026591300964,Q3_pred_3,3
354249,5,-0.22700148820877075,Q1_pred_1,1
32201,4,-0.407572865486145,Q1_pred_1,1
40060,2,-0.19741465151309967,Q2_pred_2,2
8730,3,0.1606173813343048,Q5_pred_5,5
89494,4,-0.11921421438455582,Q3_pred_3,3
189848,2,-0.4023051857948303,Q1_pred_1,1
151740,2,-0.06255693733692169,Q4_pred_4,4
160244,3,-0.019556701183319092,Q4_pred_4,4
162224,4,-0.08103422820568085,Q3_pred_3,3
360034,5,-0.12092643976211548,Q3_pred_3,3
105628,5,-0.34712398052215576,Q1_pred_1,1
114360,2,-0.16569508612155914,Q2_pred_2,2
379507,2,-0.10916998982429504,Q3_pred_3,3
33655,4,-0.06971904635429382,Q4_pred_4,4
405070,4,-0.14566588401794434,Q2_pred_2,2
398407,4,-0.20546847581863403,Q1_pred_1,1
367313,2,-0.19102421402931213,Q2_pred_2,2
257865,4,-0.14425316452980042,Q2_pred_2,2
77707,3,0.05140218138694763,Q5_pred_5,5
187002,4,-0.08141189813613892,Q3_pred_3,3
81,3,-0.016063138842582703,Q4_pred_4,4
102705,2,-0.07689676433801651,Q3_pred_3,3
40833,3,0.015706196427345276,Q5_pred_5,5
321768,4,-0.03887277841567993,Q4_pred_4,4
60392,4,-0.1439869999885559,Q2_pred_2,2
341432,4,-0.1453629732131958,Q2_pred_2,2
69654,3,-0.13762372732162476,Q2_pred_2,2
53564,4,-0.24618859589099884,Q1_pred_1,1
102091,4,-0.05190698802471161,Q4_pred_4,4
247135,5,-0.18094560503959656,Q2_pred_2,2
121477,5,-0.28105729818344116,Q1_pred_1,1
425992,4,-0.12021416425704956,Q3_pred_3,3
28981,4,-0.20128263533115387,Q1_pred_1,1
112647,4,-0.2501506209373474,Q1_pred_1,1
109494,2,-0.2884557843208313,Q1_pred_1,1
358240,5,-0.14478462934494019,Q2_pred_2,2
170623,4,-0.18280357122421265,Q2_pred_2,2
86737,4,0.05976232886314392,Q5_pred_5,5
71796,4,0.004690602421760559,Q5_pred_5,5
64958,4,-0.08630820363759995,Q3_pred_3,3
32495,4,-0.19038620591163635,Q2_pred_2,2
95948,4,-0.22642093896865845,Q1_pred_1,1
26665,5,-0.07274815440177917,Q4_pred_4,4
199254,3,0.04081989824771881,Q5_pred_5,5
223672,4,-0.1693553924560547,Q2_pred_2,2
395832,2,-0.02061024308204651,Q4_pred_4,4
87051,4,0.015852496027946472,Q5_pred_5,5
61779,5,-0.05277744308114052,Q4_pred_4,4
202604,3,-0.07341256737709045,Q3_pred_3,3
112188,4,-0.08694541454315186,Q3_pred_3,3
146098,4,-0.0475492924451828,Q4_pred_4,4
142677,5,-0.08146239817142487,Q3_pred_3,3
337164,4,-0.23746530711650848,Q1_pred_1,1
21432,3,-0.17208132147789001,Q2_pred_2,2
48084,4,-0.12790273129940033,Q3_pred_3,3
157374,4,-0.11444485187530518,Q3_pred_3,3
162350,4,-0.244277685880661,Q1_pred_1,1
215562,4,-0.2032891809940338,Q1_pred_1,1
372993,4,-0.027662187814712524,Q4_pred_4,4
248480,4,0.014512300491333008,Q5_pred_5,5
102466,4,-0.03398742526769638,Q4_pred_4,4
15360,3,-0.2654736340045929,Q1_pred_1,1
112196,3,-0.13630850613117218,Q2_pred_2,2
381359,3,-0.026023179292678833,Q4_pred_4,4
209661,4,-0.041936129331588745,Q4_pred_4,4
248298,4,-0.00817359983921051,Q4_pred_4,4
345579,4,-0.012573212385177612,Q4_pred_4,4
336589,4,-0.1639888733625412,Q2_pred_2,2
115086,5,-0.00191439688205719,Q5_pred_5,5
164179,4,0.06587228178977966,Q5_pred_5,5
58059,5,-0.03937436640262604,Q4_pred_4,4
413622,5,-0.10570070147514343,Q3_pred_3,3
133797,3,-0.18762406706809998,Q2_pred_2,2
59053,3,0.014944732189178467,Q5_pred_5,5
335951,4,-0.18712978065013885,Q2_pred_2,2
52436,4,-0.09151981770992279,Q3_pred_3,3
46748,4,-0.12879593670368195,Q3_pred_3,3
495551,3,0.004065312445163727,Q5_pred_5,5
154000,5,-0.13135503232479095,Q2_pred_2,2
166049,4,-0.11452145129442215,Q3_pred_3,3
323083,4,-0.002429574728012085,Q5_pred_5,5
180295,4,-0.1932222843170166,Q2_pred_2,2
196168,4,-0.1267622858285904,Q3_pred_3,3
133659,4,-0.3051905930042267,Q1_pred_1,1
95387,4,-0.07129339873790741,Q4_pred_4,4
53604,4,-0.025613903999328613,Q4_pred_4,4
49407,4,-0.03478439152240753,Q4_pred_4,4
214485,4,-0.3943791687488556,Q1_pred_1,1
94823,4,0.09384134411811829,Q5_pred_5,5
357832,4,-0.2149301916360855,Q1_pred_1,1
62327,4,0.08616243302822113,Q5_pred_5,5
419042,3,-0.06401944160461426,Q4_pred_4,4
50764,4,0.05919630452990532,Q5_pred_5,5
121457,4,-0.16901317238807678,Q2_pred_2,2
188489,3,-0.10609747469425201,Q3_pred_3,3
413874,4,-0.015333037823438644,Q4_pred_4,4
4288,4,-0.10525085777044296,Q3_pred_3,3
73090,4,-0.018089547753334045,Q4_pred_4,4
403071,4,0.05905109643936157,Q5_pred_5,5
263052,4,-0.17389576137065887,Q2_pred_2,2
24643,2,-0.19124296307563782,Q2_pred_2,2
108155,4,-0.012363042682409286,Q4_pred_4,4
153719,5,-0.14336305856704712,Q2_pred_2,2
3266,4,-0.013908416032791138,Q4_pred_4,4
387927,4,-0.25265657901763916,Q1_pred_1,1
49855,4,-0.18536800146102905,Q2_pred_2,2
19528,1,-0.1614728420972824,Q2_pred_2,2
58051,5,-0.07991762459278107,Q3_pred_3,3
59974,3,-0.22152812778949738,Q1_pred_1,1
344353,4,0.00029153376817703247,Q5_pred_5,5
211478,4,-0.000821433961391449,Q5_pred_5,5
270465,4,-0.20062413811683655,Q1_pred_1,1
11776,5,-0.09734929352998734,Q3_pred_3,3
345556,4,-0.07582178711891174,Q3_pred_3,3
73094,4,-0.13716819882392883,Q2_pred_2,2
42266,3,-0.24554428458213806,Q1_pred_1,1
5515,4,-0.06214797869324684,Q4_pred_4,4
78794,4,0.0023750662803649902,Q5_pred_5,5
393460,4,-0.18661902844905853,Q2_pred_2,2
114093,2,0.00637044757604599,Q5_pred_5,5
86464,4,-0.1339007318019867,Q2_pred_2,2
116926,4,-0.21104010939598083,Q1_pred_1,1
258261,4,-0.18503931164741516,Q2_pred_2,2
334915,4,-0.17261257767677307,Q2_pred_2,2
156946,1,-0.10218052566051483,Q3_pred_3,3
236419,4,-0.00985175371170044,Q4_pred_4,4
370994,4,-0.07506970316171646,Q3_pred_3,3
29477,4,-0.29724496603012085,Q1_pred_1,1
128010,3,-0.24757498502731323,Q1_pred_1,1
86755,4,-0.19990941882133484,Q1_pred_1,1
387829,3,0.07564599812030792,Q5_pred_5,5
98650,4,-0.04060480743646622,Q4_pred_4,4
40313,3,-0.15755118429660797,Q2_pred_2,2
358859,3,-0.19874578714370728,Q1_pred_1,1
61874,3,-0.11512033641338348,Q3_pred_3,3
28252,2,-0.3396656811237335,Q1_pred_1,1
247371,4,-0.057050202041864395,Q4_pred_4,4
236598,5,-0.14640817046165466,Q2_pred_2,2
373365,4,-0.06681883335113525,Q4_pred_4,4
26019,3,-0.13161036372184753,Q2_pred_2,2
105274,3,-0.11461466550827026,Q3_pred_3,3
151088,4,-0.13289140164852142,Q2_pred_2,2
419972,4,0.010534875094890594,Q5_pred_5,5
413833,4,0.04539912939071655,Q5_pred_5,5
25588,4,-0.026191771030426025,Q4_pred_4,4
331379,4,0.15151789784431458,Q5_pred_5,5
354393,5,-0.03459237515926361,Q4_pred_4,4
477311,3,-0.15462113916873932,Q2_pred_2,2
174627,4,-0.2180834859609604,Q1_pred_1,1
329555,4,-0.20724697411060333,Q1_pred_1,1
76600,3,0.04262629151344299,Q5_pred_5,5
275367,4,-0.34630250930786133,Q1_pred_1,1
76433,3,-0.1430709958076477,Q2_pred_2,2
256579,4,0.0015557408332824707,Q5_pred_5,5
18038,4,-0.03900133818387985,Q4_pred_4,4
121072,4,-0.1461779773235321,Q2_pred_2,2
156705,4,-0.2356589138507843,Q1_pred_1,1
81990,5,0.1603507250547409,Q5_pred_5,5
8751,3,-0.1269809603691101,Q3_pred_3,3
50718,5,0.09553582221269608,Q5_pred_5,5
104210,5,-0.21114511787891388,Q1_pred_1,1
102380,5,0.06629838049411774,Q5_pred_5,5
85549,4,-0.11585578322410583,Q3_pred_3,3
91746,4,-0.3423011302947998,Q1_pred_1,1
39980,2,0.15930552780628204,Q5_pred_5,5
257094,3,-0.09384887665510178,Q3_pred_3,3
272421,3,-0.17412763833999634,Q2_pred_2,2
179263,3,-0.1255064755678177,Q3_pred_3,3
40447,4,0.02821497619152069,Q5_pred_5,5
274000,3,-0.1858903169631958,Q2_pred_2,2
348082,3,-0.16252292692661285,Q2_pred_2,2
23476,3,-0.2694927453994751,Q1_pred_1,1
19475,5,-0.2161165177822113,Q1_pred_1,1
138453,3,-0.17412137985229492,Q2_pred_2,2
417755,4,-0.02298024296760559,Q4_pred_4,4
13908,4,-0.16523772478103638,Q2_pred_2,2
80821,3,-0.2530452013015747,Q1_pred_1,1
210632,3,-0.19817987084388733,Q1_pred_1,1
56011,5,-0.1856260895729065,Q2_pred_2,2
45946,5,-0.021291032433509827,Q4_pred_4,4
10090,2,-0.23765552043914795,Q1_pred_1,1
60774,4,-0.1336633563041687,Q2_pred_2,2
5840,3,-0.41977161169052124,Q1_pred_1,1
98783,3,-0.12561406195163727,Q3_pred_3,3
408419,3,-0.19620178639888763,Q2_pred_2,2
95629,3,-0.45698902010917664,Q1_pred_1,1
86747,3,-0.15628564357757568,Q2_pred_2,2
160309,3,-0.005099296569824219,Q5_pred_5,5
253611,4,0.055483222007751465,Q5_pred_5,5
242931,4,-0.13895587623119354,Q2_pred_2,2
79051,4,-0.1142212375998497,Q3_pred_3,3
164617,3,-0.22278696298599243,Q1_pred_1,1
375548,5,-0.2695210874080658,Q1_pred_1,1
424786,3,-0.3726523518562317,Q1_pred_1,1
330751,4,0.09224975109100342,Q5_pred_5,5
378713,3,-0.1413298398256302,Q2_pred_2,2
32583,3,-0.0016067847609519958,Q5_pred_5,5
168075,3,-0.11491978168487549,Q3_pred_3,3
102536,3,0.13238106667995453,Q5_pred_5,5
247944,4,-0.1661839783191681,Q2_pred_2,2
137925,4,0.17340978980064392,Q5_pred_5,5
50194,3,-0.057277560234069824,Q4_pred_4,4
121361,3,-0.19392742216587067,Q2_pred_2,2
58604,5,-0.0974336639046669,Q3_pred_3,3
327129,3,-0.020874321460723877,Q4_pred_4,4
179924,4,-0.24164517223834991,Q1_pred_1,1
193844,3,-0.21254479885101318,Q1_pred_1,1
155046,3,-0.05433273687958717,Q4_pred_4,4
50423,2,-0.003934696316719055,Q5_pred_5,5
82003,4,0.21283408999443054,Q5_pred_5,5
78526,3,-0.27822721004486084,Q1_pred_1,1
181071,4,-0.15301445126533508,Q2_pred_2,2
90268,3,-0.08193263411521912,Q3_pred_3,3
199202,3,0.07768949866294861,Q5_pred_5,5
48224,4,-0.1477583795785904,Q2_pred_2,2
316029,5,0.020978659391403198,Q5_pred_5,5
36399,4,-0.15431426465511322,Q2_pred_2,2
114154,2,-0.06912237405776978,Q4_pred_4,4
147867,4,-0.0541820228099823,Q4_pred_4,4
357554,5,-0.08986704051494598,Q3_pred_3,3
17690,2,-0.25566720962524414,Q1_pred_1,1
155203,3,0.03651025891304016,Q5_pred_5,5
194673,3,-0.04986996576189995,Q4_pred_4,4
141161,3,-0.1253630518913269,Q3_pred_3,3
242235,4,-0.17195022106170654,Q2_pred_2,2
6635,2,-0.15401364862918854,Q2_pred_2,2
50679,3,-0.18478897213935852,Q2_pred_2,2
53842,4,-0.09069661796092987,Q3_pred_3,3
357128,3,-0.1750805824995041,Q2_pred_2,2
47338,4,-0.01793937385082245,Q4_pred_4,4
75452,2,-0.33486470580101013,Q1_pred_1,1
359205,5,-0.020146623253822327,Q4_pred_4,4
371815,4,0.01083536446094513,Q5_pred_5,5
77296,5,0.02026788890361786,Q5_pred_5,5
69246,3,-0.07886427640914917,Q3_pred_3,3
33130,3,-0.11584034562110901,Q3_pred_3,3
74821,4,-0.3317345976829529,Q1_pred_1,1
142854,5,-0.0756571888923645,Q3_pred_3,3
63585,4,-0.15910698473453522,Q2_pred_2,2
105362,4,-0.14397045969963074,Q2_pred_2,2
360188,5,-0.10128334909677505,Q3_pred_3,3
26935,5,-0.20519956946372986,Q1_pred_1,1
153718,5,-0.20772701501846313,Q1_pred_1,1
49020,3,-0.30880528688430786,Q1_pred_1,1
84387,4,-0.08983159065246582,Q3_pred_3,3
324122,3,-0.18246805667877197,Q2_pred_2,2
58874,3,0.04355102777481079,Q5_pred_5,5
105223,3,-0.0478835254907608,Q4_pred_4,4
40100,2,-0.28475236892700195,Q1_pred_1,1
373973,4,-0.12936121225357056,Q3_pred_3,3
467327,4,-0.1545497179031372,Q2_pred_2,2
354904,3,-0.19075676798820496,Q2_pred_2,2
218188,4,-0.042670924216508865,Q4_pred_4,4
4532,3,-0.16394472122192383,Q2_pred_2,2
222204,4,-0.06214311718940735,Q4_pred_4,4
382669,2,-0.09548792988061905,Q3_pred_3,3
336982,4,-0.14688310027122498,Q2_pred_2,2
115085,4,-0.29593878984451294,Q1_pred_1,1
6233,4,-0.22444647550582886,Q1_pred_1,1
92402,4,-0.11992743611335754,Q3_pred_3,3
247575,4,-0.15319356322288513,Q2_pred_2,2
126543,4,-0.09064865857362747,Q3_pred_3,3
390459,4,-0.06322750449180603,Q4_pred_4,4
366413,3,-0.1982555389404297,Q1_pred_1,1
390715,4,-0.08631188422441483,Q3_pred_3,3
340712,3,0.0252579003572464,Q5_pred_5,5
103373,3,-0.15478813648223877,Q2_pred_2,2
18281,4,0.016947627067565918,Q5_pred_5,5
237936,3,-0.0975261926651001,Q3_pred_3,3
12681,4,-0.2500467598438263,Q1_pred_1,1
211540,5,-0.08670991659164429,Q3_pred_3,3
117786,3,-0.12195408344268799,Q3_pred_3,3
37315,3,0.09663328528404236,Q5_pred_5,5
76715,3,-0.03510098159313202,Q4_pred_4,4
270815,3,-0.11346182227134705,Q3_pred_3,3
157580,3,-0.13003355264663696,Q2_pred_2,2
78499,3,-0.19055789709091187,Q2_pred_2,2
115417,4,-0.10822911560535431,Q3_pred_3,3
32587,4,-0.041851747781038284,Q4_pred_4,4
34182,4,-0.03400164470076561,Q4_pred_4,4
46060,4,-0.10326115787029266,Q3_pred_3,3
183639,3,-0.10164099931716919,Q3_pred_3,3
20576,3,-0.18986733257770538,Q2_pred_2,2
4816,3,0.015596620738506317,Q5_pred_5,5
11689,3,-0.09072811901569366,Q3_pred_3,3
354794,4,-0.1278689205646515,Q3_pred_3,3
21368,5,-0.11928898096084595,Q3_pred_3,3
361091,3,-0.03953583911061287,Q4_pred_4,4
326978,4,0.002233196049928665,Q5_pred_5,5
210835,4,-0.04694060981273651,Q4_pred_4,4
94104,4,-0.14861907064914703,Q2_pred_2,2
132579,4,0.0380307137966156,Q5_pred_5,5
182963,5,-0.02342413365840912,Q4_pred_4,4
416869,3,-0.153784841299057,Q2_pred_2,2
247989,5,-0.1676369160413742,Q2_pred_2,2
477031,4,-0.29011642932891846,Q1_pred_1,1
254329,4,-0.18153426051139832,Q2_pred_2,2
169807,4,-0.11493034660816193,Q3_pred_3,3
78791,3,-0.2298285961151123,Q1_pred_1,1
143038,5,-0.04939007759094238,Q4_pred_4,4
51632,4,-0.18685857951641083,Q2_pred_2,2
152092,5,-0.07103271782398224,Q4_pred_4,4
28870,5,-0.19310146570205688,Q2_pred_2,2
117940,4,-0.031339049339294434,Q4_pred_4,4
51423,4,-0.18563079833984375,Q2_pred_2,2
359353,5,-0.04538688063621521,Q4_pred_4,4
119354,5,-0.08300995826721191,Q3_pred_3,3
26693,3,-0.3374848961830139,Q1_pred_1,1
204636,3,-0.046334490180015564,Q4_pred_4,4
139001,2,-0.13849703967571259,Q2_pred_2,2
88544,3,-0.16569171845912933,Q2_pred_2,2
142862,5,-0.023210449144244194,Q4_pred_4,4
238638,4,-0.024289937689900398,Q4_pred_4,4
406848,4,-0.2292148917913437,Q1_pred_1,1
102012,5,-0.018812403082847595,Q4_pred_4,4
76982,4,-0.30393314361572266,Q1_pred_1,1
49774,4,-0.1867521107196808,Q2_pred_2,2
275009,4,0.05233144015073776,Q5_pred_5,5
194303,4,0.06206072121858597,Q5_pred_5,5
59617,3,-0.2877660393714905,Q1_pred_1,1
111114,4,-0.15148687362670898,Q2_pred_2,2
5791,4,0.14417950809001923,Q5_pred_5,5
108959,3,-0.049139078706502914,Q4_pred_4,4
331230,4,-0.2404118925333023,Q1_pred_1,1
217364,3,-0.16132619976997375,Q2_pred_2,2
169317,3,-0.071343794465065,Q4_pred_4,4
17519,3,-0.23165404796600342,Q1_pred_1,1
238873,4,-0.17766761779785156,Q2_pred_2,2
117890,4,0.012692004442214966,Q5_pred_5,5
88470,4,-0.23952637612819672,Q1_pred_1,1
372850,4,-0.17478510737419128,Q2_pred_2,2
419329,1,-0.0939393863081932,Q3_pred_3,3
106439,4,-0.10090643912553787,Q3_pred_3,3
18273,4,-0.19858650863170624,Q1_pred_1,1
43743,4,-0.19129441678524017,Q2_pred_2,2
174237,4,0.050437137484550476,Q5_pred_5,5
54253,4,0.1071384847164154,Q5_pred_5,5
235551,3,0.0224420428276062,Q5_pred_5,5
144059,4,-0.11209000647068024,Q3_pred_3,3
361186,4,-0.0814194530248642,Q3_pred_3,3
107223,4,-0.22473213076591492,Q1_pred_1,1
73712,4,-0.015552699565887451,Q4_pred_4,4
15845,4,-0.04327157139778137,Q4_pred_4,4
64238,3,0.011958420276641846,Q5_pred_5,5
146708,4,-0.15690767765045166,Q2_pred_2,2
83118,5,0.06376495957374573,Q5_pred_5,5
80791,2,-0.08033996820449829,Q3_pred_3,3
109903,4,-0.03350713849067688,Q4_pred_4,4
27491,4,-0.027805715799331665,Q4_pred_4,4
343987,4,-0.1586582362651825,Q2_pred_2,2
252234,4,-0.11349337548017502,Q3_pred_3,3
252513,3,-0.05300818383693695,Q4_pred_4,4
57490,4,-0.36060830950737,Q1_pred_1,1
419032,3,0.04026038944721222,Q5_pred_5,5
68718,4,-0.10678978264331818,Q3_pred_3,3
251765,3,-0.04377458989620209,Q4_pred_4,4
415454,4,-0.27150261402130127,Q1_pred_1,1
44,4,-0.198714941740036,Q1_pred_1,1
211499,3,-0.16794392466545105,Q2_pred_2,2
45905,4,-0.1783483475446701,Q2_pred_2,2
60805,4,-0.11366277933120728,Q3_pred_3,3
26585,4,-0.018117785453796387,Q4_pred_4,4
477025,4,-0.15913501381874084,Q2_pred_2,2
63364,3,-0.05496031045913696,Q4_pred_4,4
13085,3,-0.23358334600925446,Q1_pred_1,1
336798,3,-0.19146573543548584,Q2_pred_2,2
267451,1,0.14416614174842834,Q5_pred_5,5
236478,4,-0.028321832418441772,Q4_pred_4,4
250526,4,-0.08173808455467224,Q3_pred_3,3
68395,4,-0.05642580986022949,Q4_pred_4,4
241497,4,-0.08157608658075333,Q3_pred_3,3
156819,3,-0.11235524713993073,Q3_pred_3,3
147932,1,-0.2736741900444031,Q1_pred_1,1
439996,3,0.05204731225967407,Q5_pred_5,5
345261,4,-0.14416499435901642,Q2_pred_2,2
209920,3,-0.06992581486701965,Q4_pred_4,4
269007,4,-0.11104759573936462,Q3_pred_3,3
395593,4,-0.06492530554533005,Q4_pred_4,4
150114,3,-0.09290675818920135,Q3_pred_3,3
50256,3,-0.07163770496845245,Q4_pred_4,4
28748,5,-0.23509158194065094,Q1_pred_1,1
105303,2,0.16259396076202393,Q5_pred_5,5
33477,4,-0.03815518319606781,Q4_pred_4,4
5185,3,-0.0980718657374382,Q3_pred_3,3
166934,4,-0.07749234139919281,Q3_pred_3,3
24820,3,0.10552692413330078,Q5_pred_5,5
130099,4,-0.33343493938446045,Q1_pred_1,1
164951,5,-0.04762984439730644,Q4_pred_4,4
142011,4,-0.019388578832149506,Q4_pred_4,4
11963,5,-0.06339128315448761,Q4_pred_4,4
275580,4,-0.08150727301836014,Q3_pred_3,3
105297,4,0.12241959571838379,Q5_pred_5,5
105333,3,-0.021415017545223236,Q4_pred_4,4
372687,4,-0.1896865963935852,Q2_pred_2,2
378622,2,-0.027049735188484192,Q4_pred_4,4
128829,5,-0.018072515726089478,Q4_pred_4,4
105949,3,-0.2711024880409241,Q1_pred_1,1
10739,3,-0.031675100326538086,Q4_pred_4,4
458036,4,-0.09968294203281403,Q3_pred_3,3
113349,2,-0.21129807829856873,Q1_pred_1,1
357469,5,-0.06586774438619614,Q4_pred_4,4
38884,4,0.032924994826316833,Q5_pred_5,5
33652,4,0.001572340726852417,Q5_pred_5,5
92399,4,-0.11444246023893356,Q3_pred_3,3
70270,4,-0.01455870270729065,Q4_pred_4,4
477293,3,-0.19431667029857635,Q2_pred_2,2
196010,4,-0.22819823026657104,Q1_pred_1,1
266496,4,-0.06382690370082855,Q4_pred_4,4
389214,3,0.031130075454711914,Q5_pred_5,5
127639,4,-0.06383118033409119,Q4_pred_4,4
270440,4,-0.1299097239971161,Q3_pred_3,3
167548,4,-0.041017092764377594,Q4_pred_4,4
373718,3,0.04171153903007507,Q5_pred_5,5
54435,3,-0.35808265209198,Q1_pred_1,1
316602,4,-0.09969286620616913,Q3_pred_3,3
80834,4,-0.1928635537624359,Q2_pred_2,2
9562,4,-0.2891443073749542,Q1_pred_1,1
43113,2,0.10599759221076965,Q5_pred_5,5
144191,4,0.04618646204471588,Q5_pred_5,5
34530,4,-0.1936008334159851,Q2_pred_2,2
29438,4,-0.2277710735797882,Q1_pred_1,1
191731,3,-0.07348529994487762,Q3_pred_3,3
149808,4,-0.018634606152772903,Q4_pred_4,4
373184,5,-0.15519630908966064,Q2_pred_2,2
50272,4,-0.13856640458106995,Q2_pred_2,2
444012,5,-0.09753000736236572,Q3_pred_3,3
152852,4,-0.04717051982879639,Q4_pred_4,4
35239,3,-0.11280012130737305,Q3_pred_3,3
93452,3,-0.062332481145858765,Q4_pred_4,4
162753,3,-0.3792141079902649,Q1_pred_1,1
28765,5,-0.2727152705192566,Q1_pred_1,1
417608,1,-0.09364516288042068,Q3_pred_3,3
76593,3,0.11851921677589417,Q5_pred_5,5
14785,3,-0.145475834608078,Q2_pred_2,2
118898,4,-0.04337729886174202,Q4_pred_4,4
241483,4,-0.13226771354675293,Q2_pred_2,2
10594,4,-0.26651760935783386,Q1_pred_1,1
270133,5,-0.08992418646812439,Q3_pred_3,3
107960,4,0.06102510914206505,Q5_pred_5,5
202898,4,-0.00857594609260559,Q4_pred_4,4
144843,3,-0.04956495761871338,Q4_pred_4,4
425154,1,-0.049661241471767426,Q4_pred_4,4
9333,3,-0.1210346519947052,Q3_pred_3,3
188038,3,-0.10966379940509796,Q3_pred_3,3
421874,4,0.1147809773683548,Q5_pred_5,5
273787,4,-0.07881852239370346,Q3_pred_3,3
373723,4,-0.09567034244537354,Q3_pred_3,3
83873,4,-0.17808523774147034,Q2_pred_2,2
118741,4,-0.21001936495304108,Q1_pred_1,1
109910,4,-0.1184658482670784,Q3_pred_3,3
156703,4,-0.2112550139427185,Q1_pred_1,1
18879,4,-0.06295664608478546,Q4_pred_4,4
75707,4,-0.21622544527053833,Q1_pred_1,1
180618,3,0.0819646567106247,Q5_pred_5,5
325701,3,-0.4622764587402344,Q1_pred_1,1
213945,4,-0.0812799334526062,Q3_pred_3,3
15225,4,-0.040538571774959564,Q4_pred_4,4
170320,2,-0.11259573698043823,Q3_pred_3,3
240280,4,-0.06952382624149323,Q4_pred_4,4
87775,4,-0.3047698140144348,Q1_pred_1,1
275460,4,-0.28792500495910645,Q1_pred_1,1
1173,4,-0.060347698628902435,Q4_pred_4,4
25262,4,-0.09026393294334412,Q3_pred_3,3
374123,4,-0.10858979821205139,Q3_pred_3,3
137632,5,-0.031460657715797424,Q4_pred_4,4
73453,4,-0.15083767473697662,Q2_pred_2,2
109635,3,-0.27399373054504395,Q1_pred_1,1
477082,4,-0.10885025560855865,Q3_pred_3,3
165998,4,-0.05773171782493591,Q4_pred_4,4
321290,4,-0.07677621394395828,Q3_pred_3,3
94742,2,-0.0374363511800766,Q4_pred_4,4
248454,5,-0.014991819858551025,Q4_pred_4,4
60640,4,-0.03485502302646637,Q4_pred_4,4
333509,4,-0.09136363863945007,Q3_pred_3,3
177137,3,-0.05840231478214264,Q4_pred_4,4
358876,4,-0.19053183495998383,Q2_pred_2,2
359067,4,-0.16252528131008148,Q2_pred_2,2
38612,4,-0.037707820534706116,Q4_pred_4,4
358261,4,-0.15259689092636108,Q2_pred_2,2
14986,3,-0.15010973811149597,Q2_pred_2,2
170539,3,-0.27722349762916565,Q1_pred_1,1
276072,4,-0.12309834361076355,Q3_pred_3,3
231992,4,-0.19418448209762573,Q2_pred_2,2
67345,4,0.030148357152938843,Q5_pred_5,5
151326,4,-0.016419053077697754,Q4_pred_4,4
241578,4,-0.056161314249038696,Q4_pred_4,4
386179,5,0.07551541924476624,Q5_pred_5,5
433960,5,-0.1716684252023697,Q2_pred_2,2
74697,5,-0.1721620261669159,Q2_pred_2,2
244331,5,-0.17396238446235657,Q2_pred_2,2
98385,5,-0.14292116463184357,Q2_pred_2,2
180297,5,-0.10636985301971436,Q3_pred_3,3
336769,4,-0.022338390350341797,Q4_pred_4,4
191411,4,-0.12087686359882355,Q3_pred_3,3
50917,4,-0.2305399775505066,Q1_pred_1,1
157820,3,-0.2921711206436157,Q1_pred_1,1
72251,4,-0.11519789695739746,Q3_pred_3,3
17898,4,-0.1195240318775177,Q3_pred_3,3
32545,5,0.19460847973823547,Q5_pred_5,5
144331,5,-0.004294916987419128,Q5_pred_5,5
86427,5,-0.19085010886192322,Q2_pred_2,2
397010,4,-0.11016538739204407,Q3_pred_3,3
37241,4,-0.08705176413059235,Q3_pred_3,3
31000,3,-0.14337864518165588,Q2_pred_2,2
416430,5,0.08027467131614685,Q5_pred_5,5
101421,3,-0.06466309726238251,Q4_pred_4,4
114445,4,-0.07729024440050125,Q3_pred_3,3
45437,3,-0.14670126140117645,Q2_pred_2,2
166479,3,-0.20142237842082977,Q1_pred_1,1
39876,4,0.19067521393299103,Q5_pred_5,5
124681,2,-0.13553577661514282,Q2_pred_2,2
382591,3,0.02407875657081604,Q5_pred_5,5
97591,3,-0.059218861162662506,Q4_pred_4,4
51691,3,0.021893054246902466,Q5_pred_5,5
320301,3,-0.11235171556472778,Q3_pred_3,3
18663,4,-0.18128131330013275,Q2_pred_2,2
54902,4,0.047084927558898926,Q5_pred_5,5
40132,3,-0.0587305873632431,Q4_pred_4,4
95616,3,-0.04749366641044617,Q4_pred_4,4
113580,3,0.0029780305922031403,Q5_pred_5,5
31747,2,-0.08677151799201965,Q3_pred_3,3
130968,5,0.026995107531547546,Q5_pred_5,5
127621,4,-0.12204617261886597,Q3_pred_3,3
97756,3,-0.08509190380573273,Q3_pred_3,3
171707,4,-0.09968318790197372,Q3_pred_3,3
491747,4,0.11886832118034363,Q5_pred_5,5
137661,5,-0.12929117679595947,Q3_pred_3,3
818,4,-0.0036866292357444763,Q5_pred_5,5
133360,4,-0.3419768214225769,Q1_pred_1,1
41793,4,-0.09909144788980484,Q3_pred_3,3
142867,5,-0.04727310687303543,Q4_pred_4,4
148510,5,-0.008472353219985962,Q4_pred_4,4
133165,3,-0.12847432494163513,Q3_pred_3,3
27641,3,0.13059014081954956,Q5_pred_5,5
354199,5,-0.19602984189987183,Q2_pred_2,2
103614,5,-0.08618083596229553,Q3_pred_3,3
113284,3,-0.1898188441991806,Q2_pred_2,2
183718,5,0.012401528656482697,Q5_pred_5,5
10933,2,-0.07974886894226074,Q3_pred_3,3
383609,2,-0.35791897773742676,Q1_pred_1,1
354247,5,-0.241393581032753,Q1_pred_1,1
91041,4,-0.19127275049686432,Q2_pred_2,2
41762,3,-0.14276018738746643,Q2_pred_2,2
362186,4,-0.081030935049057,Q3_pred_3,3
354688,4,-0.1443408727645874,Q2_pred_2,2
494701,4,-0.07465717941522598,Q3_pred_3,3
424847,4,-0.029765576124191284,Q4_pred_4,4
418407,4,0.03569476306438446,Q5_pred_5,5
174722,5,-0.26515063643455505,Q1_pred_1,1
413688,4,-0.2018844038248062,Q1_pred_1,1
402095,5,-0.0981806144118309,Q3_pred_3,3
214729,4,-0.3901005685329437,Q1_pred_1,1
30880,4,-0.25236618518829346,Q1_pred_1,1
130514,4,0.07559418678283691,Q5_pred_5,5
477302,4,-0.44039812684059143,Q1_pred_1,1
135762,5,0.04625234007835388,Q5_pred_5,5
484436,5,-0.006374284625053406,Q5_pred_5,5
20539,4,-0.3660322427749634,Q1_pred_1,1
380514,5,-0.04270431399345398,Q4_pred_4,4
458035,3,-0.26986610889434814,Q1_pred_1,1
200926,4,-0.15624411404132843,Q2_pred_2,2
477305,4,-0.2686251103878021,Q1_pred_1,1
165142,5,-0.06158704310655594,Q4_pred_4,4
159439,3,-0.1172206848859787,Q3_pred_3,3
140204,4,0.09134183824062347,Q5_pred_5,5
28614,5,0.010882675647735596,Q5_pred_5,5
27367,5,0.09763787686824799,Q5_pred_5,5
371915,3,-0.06607314944267273,Q4_pred_4,4
243630,4,-0.11980560421943665,Q3_pred_3,3
164592,4,-0.09005112200975418,Q3_pred_3,3
48189,5,-0.11772686243057251,Q3_pred_3,3
78868,3,-0.14783209562301636,Q2_pred_2,2
115440,4,-0.037204593420028687,Q4_pred_4,4
108678,3,-0.10769730806350708,Q3_pred_3,3
94987,3,-0.036765649914741516,Q4_pred_4,4
60829,3,-0.2695959210395813,Q1_pred_1,1
52268,4,-0.07967212796211243,Q3_pred_3,3
57322,4,-0.060189999639987946,Q4_pred_4,4
5577,3,-0.05621875822544098,Q4_pred_4,4
212050,3,-0.16147753596305847,Q2_pred_2,2
28861,3,-0.2462562918663025,Q1_pred_1,1
126862,4,-0.09271883219480515,Q3_pred_3,3
353793,3,-0.22066299617290497,Q1_pred_1,1
154730,4,-0.0052741169929504395,Q5_pred_5,5
337235,4,-0.1384107917547226,Q2_pred_2,2
338088,4,0.08723193407058716,Q5_pred_5,5
220594,5,0.033681295812129974,Q5_pred_5,5
102397,5,-0.11320267617702484,Q3_pred_3,3
40509,4,0.01699569821357727,Q5_pred_5,5
44627,4,0.08871680498123169,Q5_pred_5,5
216754,3,-0.2994866967201233,Q1_pred_1,1
9386,4,-0.1021033301949501,Q3_pred_3,3
53277,4,0.12129396200180054,Q5_pred_5,5
27952,4,-0.019048839807510376,Q4_pred_4,4
86578,3,-0.01629316806793213,Q4_pred_4,4
35139,4,-0.14716365933418274,Q2_pred_2,2
15957,4,0.042128801345825195,Q5_pred_5,5
241830,4,0.021786287426948547,Q5_pred_5,5
357142,4,-0.1853853464126587,Q2_pred_2,2
267954,4,-0.0525020994246006,Q4_pred_4,4
427699,4,-0.20916450023651123,Q1_pred_1,1
187314,2,-0.28408730030059814,Q1_pred_1,1
13906,2,-0.04320265352725983,Q4_pred_4,4
8753,2,0.0791233479976654,Q5_pred_5,5
68688,4,-0.08242584019899368,Q3_pred_3,3
244968,4,-0.2142222821712494,Q1_pred_1,1
334648,3,-0.03275462985038757,Q4_pred_4,4
33280,3,-0.29574674367904663,Q1_pred_1,1
349240,4,-0.08184622973203659,Q3_pred_3,3
106955,3,-0.18985509872436523,Q2_pred_2,2
208921,4,-0.16647331416606903,Q2_pred_2,2
240138,3,-0.19461876153945923,Q2_pred_2,2
200908,3,-0.18001648783683777,Q2_pred_2,2
76617,3,-0.06263305246829987,Q4_pred_4,4
93406,5,-0.11689582467079163,Q3_pred_3,3
377065,5,-0.17321285605430603,Q2_pred_2,2
50186,4,0.07477550208568573,Q5_pred_5,5
377589,4,-0.14666630327701569,Q2_pred_2,2
424791,2,-0.018360115587711334,Q4_pred_4,4
408417,2,-0.12592245638370514,Q3_pred_3,3
18054,3,-0.05088049918413162,Q4_pred_4,4
35884,4,0.145944744348526,Q5_pred_5,5
101233,2,-0.0493336021900177,Q4_pred_4,4
395828,5,-0.0417635440826416,Q4_pred_4,4
273050,5,0.0918927937746048,Q5_pred_5,5
267249,4,-0.07486753165721893,Q3_pred_3,3
64778,4,0.016813933849334717,Q5_pred_5,5
429075,4,-0.046271275728940964,Q4_pred_4,4
405262,5,-0.024182066321372986,Q4_pred_4,4
112289,4,-0.2929087281227112,Q1_pred_1,1
3814,5,-0.07936272770166397,Q3_pred_3,3
349396,4,0.017638280987739563,Q5_pred_5,5
109192,4,-0.06681954860687256,Q4_pred_4,4
68013,4,-0.22552421689033508,Q1_pred_1,1
146335,5,-0.06909562647342682,Q4_pred_4,4
425768,3,-0.30886468291282654,Q1_pred_1,1
329136,3,-0.02665986865758896,Q4_pred_4,4
246529,4,0.05723278224468231,Q5_pred_5,5
214565,4,0.04831096529960632,Q5_pred_5,5
231957,4,-0.21110273897647858,Q1_pred_1,1
354948,4,-0.20547616481781006,Q1_pred_1,1
75105,4,-0.2389744222164154,Q1_pred_1,1
257858,5,0.09174495935440063,Q5_pred_5,5
356039,5,-0.12980535626411438,Q3_pred_3,3
127158,5,-0.24891477823257446,Q1_pred_1,1
72303,3,-0.10879989713430405,Q3_pred_3,3
133270,3,-0.19745373725891113,Q2_pred_2,2
210650,4,-0.04983840137720108,Q4_pred_4,4
176883,3,-0.07563787698745728,Q3_pred_3,3
200631,4,-0.1697331964969635,Q2_pred_2,2
183055,5,-0.04427015781402588,Q4_pred_4,4
165235,4,-0.02388279139995575,Q4_pred_4,4
325378,3,-0.22243817150592804,Q1_pred_1,1
373982,4,-0.07393442094326019,Q3_pred_3,3
133503,2,-0.3247642517089844,Q1_pred_1,1
184818,3,0.045417532324790955,Q5_pred_5,5
16768,3,-0.2788289487361908,Q1_pred_1,1
159777,3,-0.13596266508102417,Q2_pred_2,2
164828,4,0.08886778354644775,Q5_pred_5,5
10481,4,-0.16570159792900085,Q2_pred_2,2
12001,4,-0.14694872498512268,Q2_pred_2,2
3334,2,0.0745881199836731,Q5_pred_5,5
60408,2,-0.30018150806427,Q1_pred_1,1
354258,4,-0.2294815182685852,Q1_pred_1,1
377386,4,-0.099461629986763,Q3_pred_3,3
372684,4,-0.09112726151943207,Q3_pred_3,3
354205,4,-0.21965369582176208,Q1_pred_1,1
41664,4,-0.033674925565719604,Q4_pred_4,4
119680,5,-0.21359921991825104,Q1_pred_1,1
56532,3,-0.10460369288921356,Q3_pred_3,3
109119,2,-0.37708091735839844,Q1_pred_1,1
59244,3,0.028157144784927368,Q5_pred_5,5
54803,3,-0.04433763027191162,Q4_pred_4,4
48995,5,-0.10360698401927948,Q3_pred_3,3
169181,4,-0.12281116843223572,Q3_pred_3,3
17561,3,-0.22190618515014648,Q1_pred_1,1
179905,3,-0.12966597080230713,Q3_pred_3,3
87954,3,-0.13628818094730377,Q2_pred_2,2
82810,4,-0.18523192405700684,Q2_pred_2,2
96346,4,-0.052714794874191284,Q4_pred_4,4
42813,3,0.1454310417175293,Q5_pred_5,5
114443,3,-0.011277250945568085,Q4_pred_4,4
138971,4,-0.13334357738494873,Q2_pred_2,2
4073,4,0.1136065125465393,Q5_pred_5,5
15880,3,-0.002009764313697815,Q5_pred_5,5
352066,3,-0.08749732375144958,Q3_pred_3,3
328411,3,-0.06165154278278351,Q4_pred_4,4
65455,3,-0.3195831775665283,Q1_pred_1,1
153246,4,-0.07797172665596008,Q3_pred_3,3
205079,4,-0.009219646453857422,Q4_pred_4,4
185742,3,0.06510737538337708,Q5_pred_5,5
315648,3,-0.01837857812643051,Q4_pred_4,4
28924,4,-0.10814523696899414,Q3_pred_3,3
187791,3,-0.16910284757614136,Q2_pred_2,2
339650,3,-0.2064792364835739,Q1_pred_1,1
115922,3,-0.10047844052314758,Q3_pred_3,3
257052,3,0.04386313259601593,Q5_pred_5,5
994,3,0.06256193667650223,Q5_pred_5,5
185809,3,0.054069697856903076,Q5_pred_5,5
10418,3,-0.13354654610157013,Q2_pred_2,2
182991,5,-0.031011492013931274,Q4_pred_4,4
246563,4,-0.013164326548576355,Q4_pred_4,4
137565,3,-0.06442047655582428,Q4_pred_4,4
359700,5,0.00019212812185287476,Q5_pred_5,5
105725,4,-0.08603060245513916,Q3_pred_3,3
11668,5,0.09974628686904907,Q5_pred_5,5
160263,5,-0.04225463420152664,Q4_pred_4,4
222923,4,-0.04035264253616333,Q4_pred_4,4
163018,4,-0.14793702960014343,Q2_pred_2,2
374108,4,-0.033578962087631226,Q4_pred_4,4
10723,5,-0.01810738444328308,Q4_pred_4,4
373898,4,-0.16134244203567505,Q2_pred_2,2
249118,4,-0.03634314984083176,Q4_pred_4,4
142845,4,-0.08621565997600555,Q3_pred_3,3
36774,5,-0.1735192984342575,Q2_pred_2,2
249049,4,-0.015605524182319641,Q4_pred_4,4
249073,5,-0.05213838443160057,Q4_pred_4,4
107328,5,-0.2797486186027527,Q1_pred_1,1
26540,4,-0.04152709245681763,Q4_pred_4,4
58622,4,-0.10323014855384827,Q3_pred_3,3
276826,5,-0.09414085745811462,Q3_pred_3,3
2636,4,0.03159664571285248,Q5_pred_5,5
7883,4,-0.01723083108663559,Q4_pred_4,4
382250,4,-0.09276401996612549,Q3_pred_3,3
404053,3,-0.23686495423316956,Q1_pred_1,1
33895,3,-0.30386918783187866,Q1_pred_1,1
39992,2,-0.22963441908359528,Q1_pred_1,1
115331,3,-0.4941767454147339,Q1_pred_1,1
370941,4,-0.0553693063557148,Q4_pred_4,4
188717,4,0.05996571481227875,Q5_pred_5,5
154020,4,-0.20320716500282288,Q1_pred_1,1
377774,3,-0.16311731934547424,Q2_pred_2,2
221790,4,0.07766479253768921,Q5_pred_5,5
61224,4,-0.07279646396636963,Q4_pred_4,4
238662,3,-0.19375205039978027,Q2_pred_2,2
77280,4,0.0852046012878418,Q5_pred_5,5
231462,4,-0.1978149116039276,Q2_pred_2,2
191609,3,-0.06218397617340088,Q4_pred_4,4
246061,3,-0.011736631393432617,Q4_pred_4,4
172951,4,-0.03706265985965729,Q4_pred_4,4
420942,4,-0.16335201263427734,Q2_pred_2,2
86441,5,-0.10439787805080414,Q3_pred_3,3
104390,4,-0.10619206726551056,Q3_pred_3,3
231686,4,-0.043104469776153564,Q4_pred_4,4
86248,4,-0.014642328023910522,Q4_pred_4,4
169623,3,0.02145390212535858,Q5_pred_5,5
45923,4,0.08580857515335083,Q5_pred_5,5
72230,3,0.09470999240875244,Q5_pred_5,5
402801,4,-0.04403179883956909,Q4_pred_4,4
98876,3,-0.2851080894470215,Q1_pred_1,1
209045,3,-0.19360782206058502,Q2_pred_2,2
38970,3,-0.19178670644760132,Q2_pred_2,2
192353,3,-0.0077478885650634766,Q4_pred_4,4
112662,4,-0.16798853874206543,Q2_pred_2,2
109087,4,-0.0359036922454834,Q4_pred_4,4
58231,4,-0.07041260600090027,Q4_pred_4,4
125557,4,-0.04590067267417908,Q4_pred_4,4
183162,4,-0.037748754024505615,Q4_pred_4,4
81909,4,-0.10206471383571625,Q3_pred_3,3
34195,3,0.03411966562271118,Q5_pred_5,5
118585,4,-0.013188019394874573,Q4_pred_4,4
29961,3,0.04550357162952423,Q5_pred_5,5
212397,4,-0.157025545835495,Q2_pred_2,2
101811,4,-0.2503553330898285,Q1_pred_1,1
236347,2,-0.18813259899616241,Q2_pred_2,2
236348,4,-0.07597428560256958,Q3_pred_3,3
9542,3,-0.12111884355545044,Q3_pred_3,3
86399,4,-0.33361271023750305,Q1_pred_1,1
376006,4,-0.16075143218040466,Q2_pred_2,2
114126,3,-0.058819763362407684,Q4_pred_4,4
141191,3,-0.09870313107967377,Q3_pred_3,3
166109,2,-0.23494473099708557,Q1_pred_1,1
316646,4,0.024102427065372467,Q5_pred_5,5
72882,4,-0.05406525731086731,Q4_pred_4,4
19217,4,-0.17132234573364258,Q2_pred_2,2
236418,2,-0.34163275361061096,Q1_pred_1,1
252218,4,-0.14523354172706604,Q2_pred_2,2
98019,5,0.10070154070854187,Q5_pred_5,5
91079,4,-0.08243726193904877,Q3_pred_3,3
106445,4,0.0038375258445739746,Q5_pred_5,5
124022,3,-0.1254836916923523,Q3_pred_3,3
105622,2,-0.38136571645736694,Q1_pred_1,1
374116,4,-0.11452408879995346,Q3_pred_3,3
251145,3,0.022427916526794434,Q5_pred_5,5
44365,4,0.010614335536956787,Q5_pred_5,5
155223,4,-0.15923845767974854,Q2_pred_2,2
163565,4,-0.14547228813171387,Q2_pred_2,2
39875,4,0.19676965475082397,Q5_pred_5,5
173841,3,-0.03816245496273041,Q4_pred_4,4
58665,4,-0.11961647868156433,Q3_pred_3,3
142719,5,-0.010531246662139893,Q4_pred_4,4
20190,3,-0.12270240485668182,Q3_pred_3,3
160570,3,-0.09892261028289795,Q3_pred_3,3
72963,5,0.06313297152519226,Q5_pred_5,5
75253,4,-0.0033525675535202026,Q5_pred_5,5
146544,5,-0.05666716396808624,Q4_pred_4,4
10553,5,-0.14555102586746216,Q2_pred_2,2
249132,5,-0.042429421097040176,Q4_pred_4,4
8241,3,-0.16162529587745667,Q2_pred_2,2
222317,3,-0.0379272997379303,Q4_pred_4,4
105637,2,-0.4113824665546417,Q1_pred_1,1
148244,5,-0.0810454785823822,Q3_pred_3,3
26544,5,-0.14575383067131042,Q2_pred_2,2
354318,5,-0.21030551195144653,Q1_pred_1,1
97649,4,-0.14630666375160217,Q2_pred_2,2
116767,2,-0.057438358664512634,Q4_pred_4,4
54279,3,0.06281846761703491,Q5_pred_5,5
356891,5,-0.0045965686440467834,Q5_pred_5,5
91977,3,-0.12508900463581085,Q3_pred_3,3
66432,4,-0.059448957443237305,Q4_pred_4,4
61772,4,0.02020256407558918,Q5_pred_5,5
173889,4,-0.24664393067359924,Q1_pred_1,1
16466,5,0.07235564291477203,Q5_pred_5,5
427227,2,-0.10075345635414124,Q3_pred_3,3
390706,4,-0.09809806942939758,Q3_pred_3,3
88971,3,-0.17533987760543823,Q2_pred_2,2
83537,4,0.02489928901195526,Q5_pred_5,5
28983,3,-0.2050274908542633,Q1_pred_1,1
366757,3,0.09693720936775208,Q5_pred_5,5
249546,3,-0.2228049784898758,Q1_pred_1,1
119094,3,-0.24934647977352142,Q1_pred_1,1
263947,3,-0.03708803653717041,Q4_pred_4,4
132951,4,-0.13473154604434967,Q2_pred_2,2
207487,3,-0.056244365870952606,Q4_pred_4,4
117089,3,0.03541749715805054,Q5_pred_5,5
378309,3,-0.0775039941072464,Q3_pred_3,3
151446,3,-0.2051382064819336,Q1_pred_1,1
99692,3,-0.26791316270828247,Q1_pred_1,1
276113,4,-0.12554067373275757,Q3_pred_3,3
43673,3,-0.22683462500572205,Q1_pred_1,1
103995,4,-0.22881276905536652,Q1_pred_1,1
315935,3,-0.16285528242588043,Q2_pred_2,2
219784,3,-0.2064904272556305,Q1_pred_1,1
56522,3,-0.03558364510536194,Q4_pred_4,4
339901,3,-0.22689081728458405,Q1_pred_1,1
121369,3,-0.26078447699546814,Q1_pred_1,1
63921,5,0.044372111558914185,Q5_pred_5,5
15791,5,0.2295410931110382,Q5_pred_5,5
127622,4,-0.08596447110176086,Q3_pred_3,3
160574,4,-0.28231507539749146,Q1_pred_1,1
149988,3,-0.05650508403778076,Q4_pred_4,4
66608,3,-0.2579526901245117,Q1_pred_1,1
236402,5,0.12659978866577148,Q5_pred_5,5
99435,4,-0.1270415335893631,Q3_pred_3,3
401817,4,-0.039440155029296875,Q4_pred_4,4
47668,4,-0.17790968716144562,Q2_pred_2,2
252523,5,-0.08313775062561035,Q3_pred_3,3
171597,5,-0.18317811191082,Q2_pred_2,2
54771,4,-0.27609190344810486,Q1_pred_1,1
213375,4,-0.3799406886100769,Q1_pred_1,1
146946,3,0.021046601235866547,Q5_pred_5,5
15123,3,0.12004788964986801,Q5_pred_5,5
122299,4,-0.1254447102546692,Q3_pred_3,3
420276,4,0.13749024271965027,Q5_pred_5,5
334093,4,0.03022649884223938,Q5_pred_5,5
255812,5,0.12180501222610474,Q5_pred_5,5
214369,3,0.09563162177801132,Q5_pred_5,5
59605,2,-0.20383459329605103,Q1_pred_1,1
31002,3,0.05298849940299988,Q5_pred_5,5
156750,4,-0.20723405480384827,Q1_pred_1,1
348309,3,-0.19254574179649353,Q2_pred_2,2
31647,2,-0.066456139087677,Q4_pred_4,4
112270,4,-0.012885451316833496,Q4_pred_4,4
157819,3,-0.10466574132442474,Q3_pred_3,3
101313,3,-0.026604726910591125,Q4_pred_4,4
261854,3,-0.08168657124042511,Q3_pred_3,3
48160,2,0.009648621082305908,Q5_pred_5,5
150958,3,-0.059117138385772705,Q4_pred_4,4
34966,4,0.029814332723617554,Q5_pred_5,5
61714,5,-0.0007216036319732666,Q5_pred_5,5
54213,3,-0.29227131605148315,Q1_pred_1,1
50183,2,-0.08937911689281464,Q3_pred_3,3
50270,3,-0.20427700877189636,Q1_pred_1,1
40349,3,0.051903873682022095,Q5_pred_5,5
95383,5,-0.09042541682720184,Q3_pred_3,3
438928,5,-0.030605431646108627,Q4_pred_4,4
130570,4,0.03413558751344681,Q5_pred_5,5
24115,4,-0.08588404953479767,Q3_pred_3,3
231490,4,-0.14565198123455048,Q2_pred_2,2
50785,4,-0.2724868655204773,Q1_pred_1,1
147216,4,-0.3411763906478882,Q1_pred_1,1
23072,5,-0.2293201982975006,Q1_pred_1,1
145653,4,-0.1775243878364563,Q2_pred_2,2
418410,3,-0.1984066367149353,Q1_pred_1,1
24036,5,-0.12587842345237732,Q3_pred_3,3
37284,5,0.05058103799819946,Q5_pred_5,5
43213,4,-0.1835479885339737,Q2_pred_2,2
53296,4,-0.19839289784431458,Q1_pred_1,1
44910,5,-0.18656940758228302,Q2_pred_2,2
318758,4,-0.24179385602474213,Q1_pred_1,1
80526,2,-0.14980730414390564,Q2_pred_2,2
222390,4,-0.0031631533056497574,Q5_pred_5,5
28410,5,0.004190128296613693,Q5_pred_5,5
124276,5,-0.21780726313591003,Q1_pred_1,1
256954,5,0.047541603446006775,Q5_pred_5,5
203649,5,0.07999962568283081,Q5_pred_5,5
414503,2,-0.077959805727005,Q3_pred_3,3
102360,4,0.04197801649570465,Q5_pred_5,5
18714,3,-0.1885695457458496,Q2_pred_2,2
42826,4,-0.11651204526424408,Q3_pred_3,3
63741,4,0.09534458816051483,Q5_pred_5,5
132805,4,-0.19503429532051086,Q2_pred_2,2
396977,3,-0.13110968470573425,Q2_pred_2,2
64277,5,0.02025669813156128,Q5_pred_5,5
261413,4,-0.20742478966712952,Q1_pred_1,1
328643,3,-0.2031395584344864,Q1_pred_1,1
154237,4,0.011614575982093811,Q5_pred_5,5
249080,4,-0.03927477076649666,Q4_pred_4,4
337964,4,-0.2412099540233612,Q1_pred_1,1
382848,4,-0.04124578833580017,Q4_pred_4,4
37228,3,0.025086484849452972,Q5_pred_5,5
16782,3,0.12520992755889893,Q5_pred_5,5
71709,2,-0.05251329392194748,Q4_pred_4,4
76726,4,-0.13424023985862732,Q2_pred_2,2
164053,3,-0.1470855176448822,Q2_pred_2,2
65946,4,0.08088470995426178,Q5_pred_5,5
38592,4,0.035234302282333374,Q5_pred_5,5
109140,3,-0.04831726849079132,Q4_pred_4,4
58364,3,-0.13624703884124756,Q2_pred_2,2
51022,3,-0.2178514152765274,Q1_pred_1,1
187611,3,-0.11777056753635406,Q3_pred_3,3
75099,3,-0.11477705836296082,Q3_pred_3,3
78665,4,-0.1716841459274292,Q2_pred_2,2
33542,2,-0.085922971367836,Q3_pred_3,3
127207,2,-0.2769755423069,Q1_pred_1,1
52786,5,-0.12000440806150436,Q3_pred_3,3
95034,4,0.024055510759353638,Q5_pred_5,5
40988,4,0.05250212550163269,Q5_pred_5,5
373915,4,-0.20364615321159363,Q1_pred_1,1
92969,5,-0.0002222806215286255,Q5_pred_5,5
45113,2,0.00018787384033203125,Q5_pred_5,5
114124,3,-0.11863375455141068,Q3_pred_3,3
64557,2,-0.1973576545715332,Q2_pred_2,2
236682,5,-0.017620809376239777,Q4_pred_4,4
265544,4,-0.09491755813360214,Q3_pred_3,3
93876,4,-0.054321832954883575,Q4_pred_4,4
17932,3,-0.08086758852005005,Q3_pred_3,3
107722,3,-0.09485393762588501,Q3_pred_3,3
11602,4,0.045541297644376755,Q5_pred_5,5
169800,3,-0.08665916323661804,Q3_pred_3,3
144065,3,-0.11173131316900253,Q3_pred_3,3
50304,4,-0.07268422842025757,Q4_pred_4,4
9657,4,-0.1710321605205536,Q2_pred_2,2
71,4,-0.1400863379240036,Q2_pred_2,2
82785,3,0.06420014798641205,Q5_pred_5,5
402021,5,-0.15499797463417053,Q2_pred_2,2
354279,5,-0.2091030329465866,Q1_pred_1,1
154288,5,-0.1987525373697281,Q1_pred_1,1
359724,5,0.013391949236392975,Q5_pred_5,5
356682,4,-0.04579567536711693,Q4_pred_4,4
67843,2,-0.21420545876026154,Q1_pred_1,1
72300,3,-0.1367364376783371,Q2_pred_2,2
36395,4,-0.13388507068157196,Q2_pred_2,2
107606,3,-0.09338613599538803,Q3_pred_3,3
329780,3,-0.031916916370391846,Q4_pred_4,4
352856,3,-0.04011602699756622,Q4_pred_4,4
83438,4,-0.06485672295093536,Q4_pred_4,4
79236,4,-0.1887255609035492,Q2_pred_2,2
68898,3,-0.039205119013786316,Q4_pred_4,4
26781,2,0.026409387588500977,Q5_pred_5,5
6520,4,-0.004633136093616486,Q5_pred_5,5
346506,3,-0.06558649241924286,Q4_pred_4,4
363169,4,-0.0016892626881599426,Q5_pred_5,5
153532,4,-0.15953849256038666,Q2_pred_2,2
365569,3,-0.133114293217659,Q2_pred_2,2
19245,3,-0.14641743898391724,Q2_pred_2,2
327912,3,-0.1847449541091919,Q2_pred_2,2
20658,3,-0.1449691355228424,Q2_pred_2,2
402605,3,-0.12409864366054535,Q3_pred_3,3
85722,3,-0.1874333620071411,Q2_pred_2,2
272478,3,-0.05212976783514023,Q4_pred_4,4
392063,4,-0.23055246472358704,Q1_pred_1,1
254389,4,0.07411940395832062,Q5_pred_5,5
421832,3,-0.09408073127269745,Q3_pred_3,3
166182,4,-0.30387061834335327,Q1_pred_1,1
325459,4,-0.17488603293895721,Q2_pred_2,2
79636,3,-0.20361194014549255,Q1_pred_1,1
50266,2,-0.0605359710752964,Q4_pred_4,4
116669,3,0.09853866696357727,Q5_pred_5,5
90440,4,-0.034274276345968246,Q4_pred_4,4
234950,4,-0.09996810555458069,Q3_pred_3,3
241500,4,-0.05921490490436554,Q4_pred_4,4
372236,5,0.024498894810676575,Q5_pred_5,5
92971,5,0.004563435912132263,Q5_pred_5,5
109934,5,-0.01361614465713501,Q4_pred_4,4
66884,4,-0.1567022204399109,Q2_pred_2,2
66363,4,-0.0840921401977539,Q3_pred_3,3
15833,3,-0.2604321241378784,Q1_pred_1,1
6055,4,-0.06022545322775841,Q4_pred_4,4
39327,4,-0.049398764967918396,Q4_pred_4,4
97301,2,-0.4960651397705078,Q1_pred_1,1
354929,4,-0.1398691087961197,Q2_pred_2,2
244457,3,-0.1439937949180603,Q2_pred_2,2
198257,4,-0.019193118438124657,Q4_pred_4,4
264351,3,0.3375314474105835,Q5_pred_5,5
15555,4,-0.12744468450546265,Q3_pred_3,3
160262,2,-0.07777506113052368,Q3_pred_3,3
25698,4,-0.11422379314899445,Q3_pred_3,3
359799,4,-0.02968262881040573,Q4_pred_4,4
119307,4,-0.28781411051750183,Q1_pred_1,1
90431,3,-0.14115822315216064,Q2_pred_2,2
10525,4,-0.14066898822784424,Q2_pred_2,2
142837,5,-0.00047819316387176514,Q5_pred_5,5
10434,4,-0.06332509219646454,Q4_pred_4,4
357464,5,-0.06599099189043045,Q4_pred_4,4
105902,3,-0.19346319139003754,Q2_pred_2,2
84063,5,-0.1006966233253479,Q3_pred_3,3
146653,5,0.010980471968650818,Q5_pred_5,5
372674,5,-0.11704310774803162,Q3_pred_3,3
76667,2,-0.23096278309822083,Q1_pred_1,1
200039,5,-0.07315447926521301,Q4_pred_4,4
113270,4,0.004319712519645691,Q5_pred_5,5
359680,5,0.014170542359352112,Q5_pred_5,5
26559,4,-0.004946283996105194,Q5_pred_5,5
28597,4,0.05737142264842987,Q5_pred_5,5
269478,2,-0.05208507180213928,Q4_pred_4,4
133674,2,-0.29500287771224976,Q1_pred_1,1
20458,4,-0.1618698388338089,Q2_pred_2,2
270729,4,0.0450887531042099,Q5_pred_5,5
360673,3,0.021540991961956024,Q5_pred_5,5
2980,3,-0.25897467136383057,Q1_pred_1,1
366957,4,-0.06354968249797821,Q4_pred_4,4
174439,3,-0.1691383570432663,Q2_pred_2,2
95820,3,-0.014501214027404785,Q4_pred_4,4
45919,4,0.155368372797966,Q5_pred_5,5
80522,3,-0.11384665220975876,Q3_pred_3,3
164183,3,-0.0380525067448616,Q4_pred_4,4
166386,3,-0.19783514738082886,Q2_pred_2,2
95694,4,0.10625152289867401,Q5_pred_5,5
91748,4,0.19084295630455017,Q5_pred_5,5
350724,3,-0.11604154109954834,Q3_pred_3,3
34067,4,-0.16196301579475403,Q2_pred_2,2
112265,3,-0.06295187026262283,Q4_pred_4,4
15422,3,0.14629332721233368,Q5_pred_5,5
50913,3,-0.2083386331796646,Q1_pred_1,1
62591,3,-0.11739002168178558,Q3_pred_3,3
176136,2,-0.14700838923454285,Q2_pred_2,2
75855,3,0.05834755301475525,Q5_pred_5,5
20530,3,0.014327287673950195,Q5_pred_5,5
184203,3,0.0048827677965164185,Q5_pred_5,5
51552,4,-0.06095287203788757,Q4_pred_4,4
88836,4,-0.1556796133518219,Q2_pred_2,2
344597,4,-0.044792890548706055,Q4_pred_4,4
171184,4,-0.36054548621177673,Q1_pred_1,1
386354,4,-0.1295030117034912,Q3_pred_3,3
354696,4,-0.13725486397743225,Q2_pred_2,2
357210,4,-0.18698400259017944,Q2_pred_2,2
251305,3,-0.06965800374746323,Q4_pred_4,4
206122,3,-0.19030208885669708,Q2_pred_2,2
222458,4,-0.3015926480293274,Q1_pred_1,1
479408,4,0.026455163955688477,Q5_pred_5,5
61718,5,-0.0753699317574501,Q3_pred_3,3
93868,5,0.02427878975868225,Q5_pred_5,5
414260,4,-0.3067014813423157,Q1_pred_1,1
29304,2,-0.2308027148246765,Q1_pred_1,1
53458,4,0.007926136255264282,Q5_pred_5,5
336494,3,-0.13143455982208252,Q2_pred_2,2
57481,3,-0.14385321736335754,Q2_pred_2,2
150363,4,-0.1536628007888794,Q2_pred_2,2
47140,4,-0.22387826442718506,Q1_pred_1,1
219488,4,-0.020200282335281372,Q4_pred_4,4
193864,2,-0.12409115582704544,Q3_pred_3,3
29124,3,-0.2483084350824356,Q1_pred_1,1
99243,3,-0.2890351116657257,Q1_pred_1,1
193830,2,-0.1362365037202835,Q2_pred_2,2
190579,3,-0.22851885855197906,Q1_pred_1,1
352379,3,0.025423765182495117,Q5_pred_5,5
54099,3,-0.22217349708080292,Q1_pred_1,1
64804,3,0.03265661001205444,Q5_pred_5,5
7939,4,0.09255033731460571,Q5_pred_5,5
221843,3,-0.1583596020936966,Q2_pred_2,2
231972,3,-0.1886269897222519,Q2_pred_2,2
39915,3,-0.29728996753692627,Q1_pred_1,1
39550,2,-0.2141835242509842,Q1_pred_1,1
6961,2,-0.020341353490948677,Q4_pred_4,4
374184,3,-0.12257640063762665,Q3_pred_3,3
121045,4,-0.06793657690286636,Q4_pred_4,4
125149,4,-0.3149721920490265,Q1_pred_1,1
26464,4,-0.1417367309331894,Q2_pred_2,2
40028,4,-0.31682461500167847,Q1_pred_1,1
332505,4,-0.06030857563018799,Q4_pred_4,4
50486,3,0.027156993746757507,Q5_pred_5,5
236812,3,-0.12196289747953415,Q3_pred_3,3
169119,4,-0.11221906542778015,Q3_pred_3,3
254573,4,-0.020883597433567047,Q4_pred_4,4
45993,3,-0.10102422535419464,Q3_pred_3,3
65441,2,-0.12383794784545898,Q3_pred_3,3
36093,3,-0.14130911231040955,Q2_pred_2,2
344666,3,-0.03439338505268097,Q4_pred_4,4
39538,3,-0.2427346110343933,Q1_pred_1,1
341070,4,-0.029750214889645576,Q4_pred_4,4
3247,4,-0.33322229981422424,Q1_pred_1,1
375999,3,0.1348971277475357,Q5_pred_5,5
316572,4,-0.28779226541519165,Q1_pred_1,1
109608,2,-0.14840906858444214,Q2_pred_2,2
33303,2,-0.22182360291481018,Q1_pred_1,1
378568,3,-0.08244204521179199,Q3_pred_3,3
60753,4,-0.006809050217270851,Q4_pred_4,4
188224,4,-0.05746593698859215,Q4_pred_4,4
340716,3,-0.08678770065307617,Q3_pred_3,3
3746,4,-0.15199168026447296,Q2_pred_2,2
233715,4,-0.02865738421678543,Q4_pred_4,4
34595,4,0.08072881400585175,Q5_pred_5,5
366576,3,-0.25866320729255676,Q1_pred_1,1
197866,4,-0.02843378484249115,Q4_pred_4,4
194743,3,-0.006868809461593628,Q4_pred_4,4
102045,3,-0.08501215279102325,Q3_pred_3,3
86458,1,-0.05707980692386627,Q4_pred_4,4
239581,3,-0.3083483576774597,Q1_pred_1,1
72240,4,-0.38385483622550964,Q1_pred_1,1
90350,3,-0.2015192210674286,Q1_pred_1,1
102858,4,-0.05614209175109863,Q4_pred_4,4
82700,4,-0.21914127469062805,Q1_pred_1,1
236392,4,-0.06187054514884949,Q4_pred_4,4
36937,3,0.017212584614753723,Q5_pred_5,5
101309,3,-0.03606577217578888,Q4_pred_4,4
202302,5,-0.1633279025554657,Q2_pred_2,2
61768,5,0.024231575429439545,Q5_pred_5,5
123812,5,0.1637868881225586,Q5_pred_5,5
92948,5,-0.05841308832168579,Q4_pred_4,4
237683,4,-0.16534116864204407,Q2_pred_2,2
168443,3,0.05825163424015045,Q5_pred_5,5
86422,4,-0.27412763237953186,Q1_pred_1,1
26275,4,-0.2444031536579132,Q1_pred_1,1
236668,4,-0.22903019189834595,Q1_pred_1,1
57735,3,-0.29407745599746704,Q1_pred_1,1
86463,1,0.01561729609966278,Q5_pred_5,5
92371,3,-0.15869255363941193,Q2_pred_2,2
321785,3,0.11205603927373886,Q5_pred_5,5
80714,4,0.01196238398551941,Q5_pred_5,5
381487,3,-0.03307706117630005,Q4_pred_4,4
246661,3,-0.006865598261356354,Q4_pred_4,4
275100,3,0.04748344421386719,Q5_pred_5,5
58023,3,-0.13781151175498962,Q2_pred_2,2
357443,5,-0.06979480385780334,Q4_pred_4,4
6376,4,-0.10160338878631592,Q3_pred_3,3
247182,4,-0.17416179180145264,Q2_pred_2,2
13464,2,-0.19435469806194305,Q2_pred_2,2
97027,2,-0.04318264126777649,Q4_pred_4,4
194370,3,-0.17281413078308105,Q2_pred_2,2
3952,4,-0.19043311476707458,Q2_pred_2,2
111657,5,-0.2464408278465271,Q1_pred_1,1
327843,5,-0.13169579207897186,Q2_pred_2,2
148525,5,0.12360933423042297,Q5_pred_5,5
36325,5,-0.10212192684412003,Q3_pred_3,3
357511,5,-0.1270061582326889,Q3_pred_3,3
153636,5,-0.1790669560432434,Q2_pred_2,2
66610,2,-0.2620984613895416,Q1_pred_1,1
121762,3,-0.03967443108558655,Q4_pred_4,4
144556,4,-0.1339152604341507,Q2_pred_2,2
80818,3,-0.2449111044406891,Q1_pred_1,1
163311,4,-0.12293660640716553,Q3_pred_3,3
150913,4,-0.159462571144104,Q2_pred_2,2
152708,3,0.08906900882720947,Q5_pred_5,5
37358,4,-0.09577278047800064,Q3_pred_3,3
173893,4,-0.11480125784873962,Q3_pred_3,3
119674,3,-0.0940319150686264,Q3_pred_3,3
10503,4,-0.10808230936527252,Q3_pred_3,3
130406,5,-0.1755537986755371,Q2_pred_2,2
131032,3,-0.005879610776901245,Q5_pred_5,5
84746,5,-0.1935364156961441,Q2_pred_2,2
3815,5,-0.026014957576990128,Q4_pred_4,4
165616,3,-0.0644795224070549,Q4_pred_4,4
256557,5,-0.15375405550003052,Q2_pred_2,2
333275,5,-0.03428317978978157,Q4_pred_4,4
115569,4,0.0873628556728363,Q5_pred_5,5
50286,3,0.029637068510055542,Q5_pred_5,5
96545,5,0.023538708686828613,Q5_pred_5,5
4053,5,-0.04250133037567139,Q4_pred_4,4
18881,3,-0.05816984176635742,Q4_pred_4,4
362330,4,-0.19158725440502167,Q2_pred_2,2
48078,3,-0.25155705213546753,Q1_pred_1,1
201203,2,-0.1314186453819275,Q2_pred_2,2
67306,3,-0.11213396489620209,Q3_pred_3,3
136275,2,-0.09176427125930786,Q3_pred_3,3
105406,4,-0.0293768048286438,Q4_pred_4,4
5797,2,-0.0964905321598053,Q3_pred_3,3
176965,5,-0.16059812903404236,Q2_pred_2,2
127629,4,-0.05298793315887451,Q4_pred_4,4
38665,4,-0.11637097597122192,Q3_pred_3,3
149437,2,-0.12259344756603241,Q3_pred_3,3
38388,4,-0.08126211166381836,Q3_pred_3,3
158612,4,-0.1377219259738922,Q2_pred_2,2
36628,1,-0.10426364839076996,Q3_pred_3,3
7068,4,-0.20466792583465576,Q1_pred_1,1
121605,3,-0.2011985331773758,Q1_pred_1,1
109593,3,0.06986895203590393,Q5_pred_5,5
54269,3,-0.0043832361698150635,Q5_pred_5,5
3742,4,-0.18242737650871277,Q2_pred_2,2
267089,3,-0.1580004245042801,Q2_pred_2,2
231628,3,-0.23625871539115906,Q1_pred_1,1
94291,3,-0.17604202032089233,Q2_pred_2,2
416286,3,-0.14385369420051575,Q2_pred_2,2
8723,2,-0.07634510099887848,Q3_pred_3,3
93079,3,-0.012197539210319519,Q4_pred_4,4
390858,3,-0.12522129714488983,Q3_pred_3,3
274480,4,-0.14468495547771454,Q2_pred_2,2
85949,3,-0.09140236675739288,Q3_pred_3,3
359442,5,-0.10899066925048828,Q3_pred_3,3
523,3,-0.03689458966255188,Q4_pred_4,4
341200,4,0.047450095415115356,Q5_pred_5,5
175402,3,0.018944021314382553,Q5_pred_5,5
249873,3,0.04324658215045929,Q5_pred_5,5
156183,3,-0.1343628168106079,Q2_pred_2,2
189695,4,-0.2493942528963089,Q1_pred_1,1
276056,3,-0.29166391491889954,Q1_pred_1,1
148230,4,-0.09760253131389618,Q3_pred_3,3
62849,4,-0.08442681282758713,Q3_pred_3,3
40036,3,-0.19295981526374817,Q2_pred_2,2
90920,3,-0.16278371214866638,Q2_pred_2,2
39328,5,-0.05494893342256546,Q4_pred_4,4
23306,4,-0.0879158154129982,Q3_pred_3,3
302523,2,-0.10841766744852066,Q3_pred_3,3
139824,3,0.024523820728063583,Q5_pred_5,5
88446,2,-0.008279286324977875,Q4_pred_4,4
33970,3,-0.12437205016613007,Q3_pred_3,3
234301,4,-0.16959945857524872,Q2_pred_2,2
477228,3,-0.30628761649131775,Q1_pred_1,1
63395,5,-0.007630795240402222,Q4_pred_4,4
201013,4,-0.20256274938583374,Q1_pred_1,1
240097,4,0.010062307119369507,Q5_pred_5,5
68051,4,-0.23025348782539368,Q1_pred_1,1
74383,4,-0.08266719430685043,Q3_pred_3,3
187586,5,0.04055054485797882,Q5_pred_5,5
148034,5,-0.06744181364774704,Q4_pred_4,4
96757,2,-0.009300701320171356,Q4_pred_4,4
122789,3,0.09738141298294067,Q5_pred_5,5
82283,2,-0.12699982523918152,Q3_pred_3,3
164375,3,-0.2456742525100708,Q1_pred_1,1
123125,3,-0.15248438715934753,Q2_pred_2,2
118944,3,-0.07401223480701447,Q3_pred_3,3
104322,3,-0.08900374919176102,Q3_pred_3,3
99635,3,-0.13676099479198456,Q2_pred_2,2
324783,4,-0.16795575618743896,Q2_pred_2,2
91629,5,-0.24323147535324097,Q1_pred_1,1
11990,5,-0.1574506312608719,Q2_pred_2,2
373711,5,-0.29349926114082336,Q1_pred_1,1
146610,5,-0.0275924950838089,Q4_pred_4,4
10992,2,-0.1580217480659485,Q2_pred_2,2
122423,5,-0.1433195173740387,Q2_pred_2,2
64253,5,-0.04634737968444824,Q4_pred_4,4
356680,5,-0.060623038560152054,Q4_pred_4,4
58068,5,-0.03261059522628784,Q4_pred_4,4
105904,4,-0.3335379958152771,Q1_pred_1,1
210666,4,-0.08188492059707642,Q3_pred_3,3
25642,5,-0.11244262754917145,Q3_pred_3,3
10965,2,-0.2971283495426178,Q1_pred_1,1
138905,4,-0.008020270615816116,Q4_pred_4,4
10504,4,-0.12586836516857147,Q3_pred_3,3
3867,3,-0.26053768396377563,Q1_pred_1,1
419274,3,-0.10139328241348267,Q3_pred_3,3
173754,5,-0.04613092541694641,Q4_pred_4,4
173805,5,-0.14050525426864624,Q2_pred_2,2
153404,4,-0.23045998811721802,Q1_pred_1,1
121023,5,-0.07608521729707718,Q3_pred_3,3
65655,4,0.2015276700258255,Q5_pred_5,5
332600,4,-0.1599922776222229,Q2_pred_2,2
247551,5,-0.12425851821899414,Q3_pred_3,3
42987,3,0.06399902701377869,Q5_pred_5,5
24814,3,-0.20408880710601807,Q1_pred_1,1
10730,3,-0.0860813558101654,Q3_pred_3,3
355197,4,-0.14073187112808228,Q2_pred_2,2
96984,4,-0.18590469658374786,Q2_pred_2,2
387931,3,-0.1145457923412323,Q3_pred_3,3
97836,5,-0.21000543236732483,Q1_pred_1,1
174924,4,-0.06692561507225037,Q4_pred_4,4
253603,2,-0.11116614937782288,Q3_pred_3,3
3465,4,0.04206228256225586,Q5_pred_5,5
77026,4,0.1042230948805809,Q5_pred_5,5
98211,2,-0.277998149394989,Q1_pred_1,1
107728,4,0.016189157962799072,Q5_pred_5,5
360620,4,-0.0631851851940155,Q4_pred_4,4
42356,3,0.1210176944732666,Q5_pred_5,5
140342,2,-0.08006195724010468,Q3_pred_3,3
144337,3,-0.1562391221523285,Q2_pred_2,2
124855,3,-0.3056930601596832,Q1_pred_1,1
40355,3,0.0410083532333374,Q5_pred_5,5
15918,4,-0.2638859152793884,Q1_pred_1,1
377585,3,-0.17854540050029755,Q2_pred_2,2
29654,3,0.06236806511878967,Q5_pred_5,5
86469,5,-0.12148724496364594,Q3_pred_3,3
424295,5,-0.3248121440410614,Q1_pred_1,1
91428,3,-0.1321818232536316,Q2_pred_2,2
81345,4,-0.22101929783821106,Q1_pred_1,1
146496,4,-0.1060229241847992,Q3_pred_3,3
142652,5,0.01116916537284851,Q5_pred_5,5
26557,5,-0.012934170663356781,Q4_pred_4,4
105627,4,-0.35364437103271484,Q1_pred_1,1
160312,2,-0.157493457198143,Q2_pred_2,2
84028,4,-0.0925547331571579,Q3_pred_3,3
92944,4,0.021810472011566162,Q5_pred_5,5
40945,4,0.13871872425079346,Q5_pred_5,5
74952,2,0.020142018795013428,Q5_pred_5,5
21335,4,-0.06794983148574829,Q4_pred_4,4
111020,4,-0.02854478359222412,Q4_pred_4,4
169041,4,-0.05375906825065613,Q4_pred_4,4
82932,4,-0.1348014771938324,Q2_pred_2,2
153502,4,-0.03888070583343506,Q4_pred_4,4
152344,3,-0.4198969006538391,Q1_pred_1,1
431533,3,-0.06130307540297508,Q4_pred_4,4
360484,3,-0.15714187920093536,Q2_pred_2,2
28929,4,-0.3556031584739685,Q1_pred_1,1
62630,3,-0.02201250195503235,Q4_pred_4,4
35138,4,0.0558168888092041,Q5_pred_5,5
422158,3,0.16233958303928375,Q5_pred_5,5
242017,3,0.06316310167312622,Q5_pred_5,5
253973,4,0.09908157587051392,Q5_pred_5,5
110107,3,-0.1317310780286789,Q2_pred_2,2
134846,3,-0.16457530856132507,Q2_pred_2,2
5677,3,-0.06611303240060806,Q4_pred_4,4
91925,3,-0.07196103036403656,Q4_pred_4,4
345489,3,0.03242442011833191,Q5_pred_5,5
16102,3,-0.17843647301197052,Q2_pred_2,2
14945,3,0.0011847615242004395,Q5_pred_5,5
13925,5,0.050829581916332245,Q5_pred_5,5
335281,3,-0.14538785815238953,Q2_pred_2,2
152853,3,-0.2785298228263855,Q1_pred_1,1
370732,3,-0.004443570971488953,Q5_pred_5,5
78842,4,-0.259213387966156,Q1_pred_1,1
171513,4,-0.10866783559322357,Q3_pred_3,3
27059,3,-0.09333014488220215,Q3_pred_3,3
54206,4,0.19834795594215393,Q5_pred_5,5
155707,4,-0.34559166431427,Q1_pred_1,1
102403,4,-0.0054616183042526245,Q5_pred_5,5
116625,4,-0.07070830464363098,Q4_pred_4,4
359602,4,0.11282631754875183,Q5_pred_5,5
182557,4,0.09378848969936371,Q5_pred_5,5
21117,4,-0.1820622682571411,Q2_pred_2,2
18557,3,-0.27863189578056335,Q1_pred_1,1
56058,3,-0.14403556287288666,Q2_pred_2,2
394142,4,-0.005354791879653931,Q5_pred_5,5
23561,4,-0.09617427736520767,Q3_pred_3,3
354930,4,-0.16032259166240692,Q2_pred_2,2
45464,4,-0.09339748322963715,Q3_pred_3,3
78729,2,-0.4993254542350769,Q1_pred_1,1
252808,2,-0.09806755185127258,Q3_pred_3,3
373298,5,-0.056276798248291016,Q4_pred_4,4
46682,4,-0.2790776491165161,Q1_pred_1,1
28314,4,0.03692290186882019,Q5_pred_5,5
102863,4,-0.06963127851486206,Q4_pred_4,4
53694,3,-0.05015501379966736,Q4_pred_4,4
77747,2,0.09509631991386414,Q5_pred_5,5
17521,3,-0.2983380854129791,Q1_pred_1,1
66096,3,-0.35549184679985046,Q1_pred_1,1
172592,3,-0.1653338372707367,Q2_pred_2,2
17507,3,0.00027398020029067993,Q5_pred_5,5
74391,3,-0.21461495757102966,Q1_pred_1,1
58174,3,0.04652021825313568,Q5_pred_5,5
56565,4,-0.08762606978416443,Q3_pred_3,3
441156,2,-0.3064518868923187,Q1_pred_1,1
115563,3,0.08321304619312286,Q5_pred_5,5
36122,3,-0.05239748954772949,Q4_pred_4,4
477261,3,-0.31207436323165894,Q1_pred_1,1
153649,4,-0.2582257390022278,Q1_pred_1,1
146623,5,-0.06402701139450073,Q4_pred_4,4
359743,4,-0.01912921667098999,Q4_pred_4,4
253231,3,-0.013212457299232483,Q4_pred_4,4
354193,5,-0.22806528210639954,Q1_pred_1,1
373731,2,-0.2774750590324402,Q1_pred_1,1
154105,4,-0.06528615951538086,Q4_pred_4,4
10702,3,-0.07770489156246185,Q3_pred_3,3
359381,5,-0.08998680114746094,Q3_pred_3,3
153842,5,-0.1822618544101715,Q2_pred_2,2
247060,5,-0.06367570906877518,Q4_pred_4,4
374532,5,-0.1877545714378357,Q2_pred_2,2
358608,4,-0.09499168395996094,Q3_pred_3,3
153606,5,-0.18642397224903107,Q2_pred_2,2
35932,5,-0.12002725899219513,Q3_pred_3,3
80788,4,-0.18632787466049194,Q2_pred_2,2
26561,5,0.00688597559928894,Q5_pred_5,5
33148,2,-0.008111987262964249,Q4_pred_4,4
64551,3,-0.18377140164375305,Q2_pred_2,2
354229,4,-0.24027316272258759,Q1_pred_1,1
179337,3,-0.05862884968519211,Q4_pred_4,4
8884,4,-0.12781089544296265,Q3_pred_3,3
14222,2,-0.1269780993461609,Q3_pred_3,3
16389,2,0.0029335618019104004,Q5_pred_5,5
336891,2,-0.15575967729091644,Q2_pred_2,2
15630,3,-0.21257123351097107,Q1_pred_1,1
231452,3,-0.1232910007238388,Q3_pred_3,3
12760,4,0.08925522863864899,Q5_pred_5,5
209772,4,0.08816327154636383,Q5_pred_5,5
211902,3,-0.033092811703681946,Q4_pred_4,4
398705,4,-0.13789308071136475,Q2_pred_2,2
221614,3,-0.09622885286808014,Q3_pred_3,3
78862,4,-0.4448443055152893,Q1_pred_1,1
192057,4,0.04498153179883957,Q5_pred_5,5
264144,4,-0.038971178233623505,Q4_pred_4,4
105537,4,-0.41314277052879333,Q1_pred_1,1
2767,2,-0.31457653641700745,Q1_pred_1,1
64747,2,0.1099672019481659,Q5_pred_5,5
136408,4,-0.0796986073255539,Q3_pred_3,3
176282,4,0.04808990657329559,Q5_pred_5,5
26215,3,-0.06540553271770477,Q4_pred_4,4
177139,4,-0.07985807955265045,Q3_pred_3,3
76987,3,-0.1083526611328125,Q3_pred_3,3
110123,3,-0.10226521641016006,Q3_pred_3,3
140825,3,-0.13810259103775024,Q2_pred_2,2
69096,2,-0.1345248967409134,Q2_pred_2,2
80789,2,-0.1983386129140854,Q1_pred_1,1
22691,3,-0.1054660826921463,Q3_pred_3,3
64168,4,-0.1135336384177208,Q3_pred_3,3
166427,4,-0.09313397854566574,Q3_pred_3,3
165289,4,-0.22292479872703552,Q1_pred_1,1
89552,3,-0.10758744925260544,Q3_pred_3,3
242262,3,-0.25382888317108154,Q1_pred_1,1
339645,2,-0.07929357886314392,Q3_pred_3,3
188822,3,-0.09797710180282593,Q3_pred_3,3
4430,2,-0.07791131734848022,Q3_pred_3,3
70983,4,-0.045032352209091187,Q4_pred_4,4
89438,3,-0.0972653329372406,Q3_pred_3,3
434603,4,0.01605778932571411,Q5_pred_5,5
47296,2,-0.13553622364997864,Q2_pred_2,2
355757,4,-0.14196626842021942,Q2_pred_2,2
458030,4,-0.06815163791179657,Q4_pred_4,4
9320,3,-0.2945917844772339,Q1_pred_1,1
338258,5,0.0055099427700042725,Q5_pred_5,5
428299,5,-0.17815126478672028,Q2_pred_2,2
89441,5,-0.018047228455543518,Q4_pred_4,4
37592,3,0.09441658854484558,Q5_pred_5,5
40882,5,-0.23288974165916443,Q1_pred_1,1
246067,2,-0.06819771230220795,Q4_pred_4,4
424402,4,-0.03186903893947601,Q4_pred_4,4
386921,5,0.028666500002145767,Q5_pred_5,5
245268,3,-0.11002549529075623,Q3_pred_3,3
5649,4,-0.06453430652618408,Q4_pred_4,4
113579,2,-0.01910572499036789,Q4_pred_4,4
46697,5,0.057944804430007935,Q5_pred_5,5
259999,3,-0.167140394449234,Q2_pred_2,2
319700,3,-0.09788727760314941,Q3_pred_3,3
198434,2,-0.042892783880233765,Q4_pred_4,4
155639,4,-0.4597737789154053,Q1_pred_1,1
367819,4,-0.07629504799842834,Q3_pred_3,3
263668,2,-0.10531763732433319,Q3_pred_3,3
86478,5,-0.024672657251358032,Q4_pred_4,4
23998,5,0.18054839968681335,Q5_pred_5,5
157770,4,0.1979605108499527,Q5_pred_5,5
370166,2,-0.10352061688899994,Q3_pred_3,3
11603,3,0.003191225230693817,Q5_pred_5,5
164057,4,-0.024205312132835388,Q4_pred_4,4
86346,2,-0.13698004186153412,Q2_pred_2,2
85957,5,0.15654921531677246,Q5_pred_5,5
82784,5,0.03559049963951111,Q5_pred_5,5
178849,5,0.16341663897037506,Q5_pred_5,5
250383,3,-0.13751210272312164,Q2_pred_2,2
323702,4,-0.08832045644521713,Q3_pred_3,3
116793,4,0.15969854593276978,Q5_pred_5,5
99510,3,0.06333491206169128,Q5_pred_5,5
56513,5,-0.09515860676765442,Q3_pred_3,3
146693,3,-0.29793494939804077,Q1_pred_1,1
2532,4,0.1509828269481659,Q5_pred_5,5
188089,3,0.030637718737125397,Q5_pred_5,5
402020,5,0.03422445058822632,Q5_pred_5,5
59962,4,-0.01895434409379959,Q4_pred_4,4
119450,4,-0.2252281904220581,Q1_pred_1,1
86429,5,-0.13964307308197021,Q2_pred_2,2
63342,2,-0.1578194797039032,Q2_pred_2,2
215935,3,0.08184415102005005,Q5_pred_5,5
86952,5,0.017947643995285034,Q5_pred_5,5
185529,4,0.03318456560373306,Q5_pred_5,5
111094,3,-0.025343209505081177,Q4_pred_4,4
96174,3,0.027936510741710663,Q5_pred_5,5
148813,2,-0.15065670013427734,Q2_pred_2,2
32550,4,-0.08063364028930664,Q3_pred_3,3
175965,4,-0.1255614310503006,Q3_pred_3,3
23741,4,-0.1867537498474121,Q2_pred_2,2
190675,2,-0.12698490917682648,Q3_pred_3,3
359827,5,-0.008665859699249268,Q4_pred_4,4
108770,2,-0.08819949626922607,Q3_pred_3,3
109897,5,-0.15062016248703003,Q2_pred_2,2
175681,3,-0.06559432297945023,Q4_pred_4,4
8437,3,-0.19368785619735718,Q2_pred_2,2
330925,3,0.03949663043022156,Q5_pred_5,5
39325,4,-0.02195395529270172,Q4_pred_4,4
427795,5,0.12618061900138855,Q5_pred_5,5
217543,5,-0.0729280412197113,Q4_pred_4,4
167900,5,-0.10028903186321259,Q3_pred_3,3
387467,4,-0.10116994380950928,Q3_pred_3,3
120110,3,-0.09586882591247559,Q3_pred_3,3
413684,5,-0.11006103456020355,Q3_pred_3,3
40271,4,-0.21455791592597961,Q1_pred_1,1
61856,4,-0.07601362466812134,Q3_pred_3,3
46066,3,-0.02551722526550293,Q4_pred_4,4
265677,3,-0.18046174943447113,Q2_pred_2,2
169157,4,0.09912377595901489,Q5_pred_5,5
17057,4,0.14304882287979126,Q5_pred_5,5
146561,5,-0.011294543743133545,Q4_pred_4,4
153096,2,-0.21047954261302948,Q1_pred_1,1
198248,4,-0.12288304418325424,Q3_pred_3,3
164192,3,-0.12342347204685211,Q3_pred_3,3
136304,4,-0.46735572814941406,Q1_pred_1,1
236455,5,-0.017817959189414978,Q4_pred_4,4
94637,5,-0.1145429015159607,Q3_pred_3,3
17737,4,-0.09671509265899658,Q3_pred_3,3
112213,4,-0.11045607924461365,Q3_pred_3,3
10546,3,-0.18852856755256653,Q2_pred_2,2
116893,3,-0.26173141598701477,Q1_pred_1,1
82001,2,-0.5472098588943481,Q1_pred_1,1
182935,5,-0.018728554248809814,Q4_pred_4,4
68409,4,-0.26051023602485657,Q1_pred_1,1
55936,5,-0.1225159615278244,Q3_pred_3,3
97644,5,-0.15834146738052368,Q2_pred_2,2
239860,4,-0.010646902024745941,Q4_pred_4,4
45583,4,-0.08482213318347931,Q3_pred_3,3
33307,2,-0.17127946019172668,Q2_pred_2,2
75228,4,-0.07499097287654877,Q3_pred_3,3
146613,5,0.009095966815948486,Q5_pred_5,5
316902,5,-0.0664682388305664,Q4_pred_4,4
373613,5,-0.08552049100399017,Q3_pred_3,3
72333,2,-0.08049585670232773,Q3_pred_3,3
146640,5,-0.0861739069223404,Q3_pred_3,3
136957,5,-0.14216890931129456,Q2_pred_2,2
67341,5,0.03076183795928955,Q5_pred_5,5
156734,5,-0.2005700320005417,Q1_pred_1,1
50322,1,-0.11036250740289688,Q3_pred_3,3
21385,1,-0.0702953040599823,Q4_pred_4,4
197450,4,-0.21456164121627808,Q1_pred_1,1
132230,3,-0.16741843521595,Q2_pred_2,2
127121,3,0.12368687987327576,Q5_pred_5,5
220817,3,-0.058541879057884216,Q4_pred_4,4
17902,2,-0.11338220536708832,Q3_pred_3,3
15928,4,-0.2560766041278839,Q1_pred_1,1
30026,5,-0.14240765571594238,Q2_pred_2,2
391290,3,-0.03992141783237457,Q4_pred_4,4
39932,3,-0.3039475083351135,Q1_pred_1,1
232634,3,-0.16476795077323914,Q2_pred_2,2
396464,3,-0.2859678268432617,Q1_pred_1,1
188756,4,-0.06717705726623535,Q4_pred_4,4
78877,4,-0.22150681912899017,Q1_pred_1,1
327677,4,-0.1621202528476715,Q2_pred_2,2
151718,3,0.08202512562274933,Q5_pred_5,5
16378,4,0.025496765971183777,Q5_pred_5,5
85731,4,0.042079344391822815,Q5_pred_5,5
151981,4,-0.024354159832000732,Q4_pred_4,4
336586,4,-0.18449239432811737,Q2_pred_2,2
359425,5,-0.13564999401569366,Q2_pred_2,2
29414,5,-0.22785641252994537,Q1_pred_1,1
60837,5,-0.34088921546936035,Q1_pred_1,1
109530,3,0.02073785662651062,Q5_pred_5,5
233205,4,0.03682282567024231,Q5_pred_5,5
164658,4,-0.21569645404815674,Q1_pred_1,1
84420,4,-0.09252040088176727,Q3_pred_3,3
372390,2,0.048158273100852966,Q5_pred_5,5
174035,4,-0.05846414342522621,Q4_pred_4,4
20021,5,-0.07025592029094696,Q4_pred_4,4
148814,4,-0.03458346426486969,Q4_pred_4,4
79089,3,-0.392315149307251,Q1_pred_1,1
76685,3,-0.1337471306324005,Q2_pred_2,2
61515,3,-0.07256622612476349,Q4_pred_4,4
164085,3,-0.07082179933786392,Q4_pred_4,4
189852,3,-0.22169306874275208,Q1_pred_1,1
171608,4,-0.053822338581085205,Q4_pred_4,4
20697,3,-0.21890948712825775,Q1_pred_1,1
91761,3,-0.17520301043987274,Q2_pred_2,2
155094,3,-0.1707550585269928,Q2_pred_2,2
42629,3,-0.17903274297714233,Q2_pred_2,2
157491,4,-0.09433823823928833,Q3_pred_3,3
122605,4,-0.23874181509017944,Q1_pred_1,1
194925,4,-0.06966331601142883,Q4_pred_4,4
127192,3,-0.25719356536865234,Q1_pred_1,1
161681,5,0.19287694990634918,Q5_pred_5,5
94636,4,-0.16341987252235413,Q2_pred_2,2
87685,3,-0.13777261972427368,Q2_pred_2,2
28165,4,-0.21972885727882385,Q1_pred_1,1
17698,2,-0.05863198637962341,Q4_pred_4,4
355016,3,-0.19176991283893585,Q2_pred_2,2
193344,3,-0.06375423073768616,Q4_pred_4,4
95388,3,-0.0949014276266098,Q3_pred_3,3
54123,4,-0.1830788254737854,Q2_pred_2,2
92062,3,-0.06274157762527466,Q4_pred_4,4
201127,3,-0.16716039180755615,Q2_pred_2,2
22906,4,-0.13075493276119232,Q2_pred_2,2
12672,2,-0.0450492799282074,Q4_pred_4,4
170549,5,-0.03380988538265228,Q4_pred_4,4
372842,3,-0.1821146458387375,Q2_pred_2,2
149395,4,0.08430095762014389,Q5_pred_5,5
4268,4,0.14867985248565674,Q5_pred_5,5
270720,3,-0.18846148252487183,Q2_pred_2,2
395407,4,-0.13946610689163208,Q2_pred_2,2
116356,5,-0.0378902405500412,Q4_pred_4,4
261420,5,0.04919251799583435,Q5_pred_5,5
26932,5,-0.11135946959257126,Q3_pred_3,3
124025,3,-0.1551600694656372,Q2_pred_2,2
426907,5,-0.07780390977859497,Q3_pred_3,3
263534,4,-0.02598649263381958,Q4_pred_4,4
50182,4,-0.0477088987827301,Q4_pred_4,4
61785,4,0.04043380543589592,Q5_pred_5,5
236370,5,-0.049559809267520905,Q4_pred_4,4
433721,2,-0.18083468079566956,Q2_pred_2,2
19188,3,-0.03762295842170715,Q4_pred_4,4
61985,4,-0.290454626083374,Q1_pred_1,1
360462,4,-0.13608551025390625,Q2_pred_2,2
132807,4,-0.145250141620636,Q2_pred_2,2
31527,3,-0.08042756468057632,Q3_pred_3,3
147139,3,-0.038496799767017365,Q4_pred_4,4
44655,3,-0.2861805558204651,Q1_pred_1,1
93370,5,-0.03204162418842316,Q4_pred_4,4
137909,4,0.0675942599773407,Q5_pred_5,5
148607,5,0.02711498737335205,Q5_pred_5,5
371913,5,-0.2694460153579712,Q1_pred_1,1
325255,5,-0.11857887357473373,Q3_pred_3,3
274853,5,-0.19452005624771118,Q2_pred_2,2
125063,4,-0.3085307478904724,Q1_pred_1,1
412528,5,-0.2412598580121994,Q1_pred_1,1
328761,4,-0.09481032192707062,Q3_pred_3,3
187267,4,-0.16991989314556122,Q2_pred_2,2
334683,5,0.04252550005912781,Q5_pred_5,5
97371,5,0.07106412947177887,Q5_pred_5,5
166950,4,-0.21100948750972748,Q1_pred_1,1
160254,2,0.05110199749469757,Q5_pred_5,5
199492,4,-0.13037040829658508,Q2_pred_2,2
374393,5,-0.11092227697372437,Q3_pred_3,3
11016,2,-0.11093616485595703,Q3_pred_3,3
249008,5,-0.007670007646083832,Q4_pred_4,4
50946,4,-0.1351742148399353,Q2_pred_2,2
358016,5,-0.2126966416835785,Q1_pred_1,1
136047,5,-0.028072256594896317,Q4_pred_4,4
247139,5,-0.14162853360176086,Q2_pred_2,2
6517,3,-0.039366018027067184,Q4_pred_4,4
355961,4,-0.2699383795261383,Q1_pred_1,1
373820,5,-0.19875049591064453,Q1_pred_1,1
25693,5,-0.14781680703163147,Q2_pred_2,2
359435,5,-0.08467522263526917,Q3_pred_3,3
247247,5,-0.11474499851465225,Q3_pred_3,3
12782,2,-0.27390024065971375,Q1_pred_1,1
3321,4,-0.10297726094722748,Q3_pred_3,3
352386,5,0.012393355369567871,Q5_pred_5,5
191678,5,-0.09291914105415344,Q3_pred_3,3
171270,4,-0.09439778327941895,Q3_pred_3,3
239237,4,-0.0272308811545372,Q4_pred_4,4
348830,3,0.05972360074520111,Q5_pred_5,5
412543,3,-0.14782831072807312,Q2_pred_2,2
124429,5,-0.07299398630857468,Q4_pred_4,4
96840,3,0.12098018825054169,Q5_pred_5,5
101331,5,-0.1365085244178772,Q2_pred_2,2
326782,4,-0.03187524527311325,Q4_pred_4,4
85362,2,0.05610586702823639,Q5_pred_5,5
145481,4,-0.014767661690711975,Q4_pred_4,4
50810,4,-0.25626039505004883,Q1_pred_1,1
51680,5,-0.27732428908348083,Q1_pred_1,1
127314,2,0.09396524727344513,Q5_pred_5,5
102825,3,-0.0955696851015091,Q3_pred_3,3
64185,3,-0.06329542398452759,Q4_pred_4,4
33447,5,0.08583468198776245,Q5_pred_5,5
160911,5,0.04595804214477539,Q5_pred_5,5
82024,2,-0.12507234513759613,Q3_pred_3,3
39617,1,-0.1813875138759613,Q2_pred_2,2
67828,3,-0.20343796908855438,Q1_pred_1,1
57670,4,-0.05456280708312988,Q4_pred_4,4
146844,3,-0.2273595929145813,Q1_pred_1,1
158982,3,0.13297508656978607,Q5_pred_5,5
16835,4,-0.032575398683547974,Q4_pred_4,4
346504,4,-0.07323465496301651,Q4_pred_4,4
325657,4,-0.13011623919010162,Q2_pred_2,2
412542,3,-0.1600726693868637,Q2_pred_2,2
404407,4,-0.07311366498470306,Q4_pred_4,4
5509,3,-0.011771053075790405,Q4_pred_4,4
399740,4,-0.18827414512634277,Q2_pred_2,2
169282,1,-0.11060979962348938,Q3_pred_3,3
108469,4,0.005247890949249268,Q5_pred_5,5
115496,5,-0.07674526423215866,Q3_pred_3,3
152614,4,-0.0920533761382103,Q3_pred_3,3
216388,3,-0.038279786705970764,Q4_pred_4,4
109594,3,-0.007639706134796143,Q4_pred_4,4
60475,4,-0.19700895249843597,Q2_pred_2,2
184483,3,0.14800363779067993,Q5_pred_5,5
11647,5,-0.31801339983940125,Q1_pred_1,1
100347,4,-0.03565964102745056,Q4_pred_4,4
38250,4,-0.15890073776245117,Q2_pred_2,2
358077,4,-0.11657468974590302,Q3_pred_3,3
82177,4,0.02469116449356079,Q5_pred_5,5
354263,4,-0.17692866921424866,Q2_pred_2,2
114105,3,-0.1545167863368988,Q2_pred_2,2
420464,4,0.044646523892879486,Q5_pred_5,5
79480,4,-0.10038121044635773,Q3_pred_3,3
374710,5,-0.2145385593175888,Q1_pred_1,1
33927,4,-0.08596506714820862,Q3_pred_3,3
116378,4,-0.004998385906219482,Q5_pred_5,5
146487,5,0.0014523118734359741,Q5_pred_5,5
358197,5,-0.22192806005477905,Q1_pred_1,1
384069,3,-0.4129701852798462,Q1_pred_1,1
22686,5,-0.14071457087993622,Q2_pred_2,2
67865,4,-0.14170405268669128,Q2_pred_2,2
61915,4,-0.10489023476839066,Q3_pred_3,3
35956,3,-0.1607537567615509,Q2_pred_2,2
116902,4,-0.1568710058927536,Q2_pred_2,2
97832,3,-0.21259969472885132,Q1_pred_1,1
137898,4,0.06798473745584488,Q5_pred_5,5
104670,3,-0.19830279052257538,Q1_pred_1,1
123040,4,0.0025675594806671143,Q5_pred_5,5
86470,5,-0.15203946828842163,Q2_pred_2,2
72883,5,0.010394841432571411,Q5_pred_5,5
402711,5,-0.20037837326526642,Q1_pred_1,1
102839,1,-0.25014734268188477,Q1_pred_1,1
73,3,-0.2591273784637451,Q1_pred_1,1
362503,4,0.04239501804113388,Q5_pred_5,5
83974,4,-0.21566085517406464,Q1_pred_1,1
59609,1,-0.08778449147939682,Q3_pred_3,3
102437,3,-0.022023111581802368,Q4_pred_4,4
215674,4,0.01290673017501831,Q5_pred_5,5
86438,4,-0.13045203685760498,Q2_pred_2,2
9748,2,0.16885672509670258,Q5_pred_5,5
75021,5,-0.08358362317085266,Q3_pred_3,3
36494,4,-0.09012185037136078,Q3_pred_3,3
247477,5,-0.14240002632141113,Q2_pred_2,2
199867,4,-0.09615287184715271,Q3_pred_3,3
35944,4,-0.362568199634552,Q1_pred_1,1
270602,5,0.04514186084270477,Q5_pred_5,5
419027,2,0.028050601482391357,Q5_pred_5,5
426039,4,0.03900672495365143,Q5_pred_5,5
109574,3,0.06223851442337036,Q5_pred_5,5
423740,4,0.023921452462673187,Q5_pred_5,5
240096,4,-0.023410171270370483,Q4_pred_4,4
432407,4,-0.2295134961605072,Q1_pred_1,1
302515,2,-0.05312202870845795,Q4_pred_4,4
85335,3,0.03229069709777832,Q5_pred_5,5
1283,4,0.015380069613456726,Q5_pred_5,5
414203,4,-0.17934027314186096,Q2_pred_2,2
153411,4,0.08319979906082153,Q5_pred_5,5
491279,4,0.15243452787399292,Q5_pred_5,5
477099,3,-0.16042235493659973,Q2_pred_2,2
66598,4,-0.41653531789779663,Q1_pred_1,1
164875,4,-0.07200872898101807,Q4_pred_4,4
59043,4,-0.048593342304229736,Q4_pred_4,4
75978,3,-0.23644474148750305,Q1_pred_1,1
49084,4,-0.11324962228536606,Q3_pred_3,3
69095,3,-0.37583714723587036,Q1_pred_1,1
73517,3,-0.14660531282424927,Q2_pred_2,2
65396,2,-0.08369612693786621,Q3_pred_3,3
155282,3,-0.12253186106681824,Q3_pred_3,3
144141,3,-0.22573277354240417,Q1_pred_1,1
104392,3,-0.0826808512210846,Q3_pred_3,3
65537,2,0.0836234986782074,Q5_pred_5,5
104105,4,-0.12180928885936737,Q3_pred_3,3
159435,3,-0.03533293306827545,Q4_pred_4,4
146870,4,-0.3940166234970093,Q1_pred_1,1
56171,3,-0.15294447541236877,Q2_pred_2,2
104998,3,0.003563106060028076,Q5_pred_5,5
164387,4,-0.3358699083328247,Q1_pred_1,1
86344,4,0.011304020881652832,Q5_pred_5,5
134055,4,-0.32627350091934204,Q1_pred_1,1
373926,4,-0.1812499314546585,Q2_pred_2,2
145409,5,0.03145892918109894,Q5_pred_5,5
147523,3,-0.03630806505680084,Q4_pred_4,4
63682,4,0.024433713406324387,Q5_pred_5,5
214716,2,-0.3854503631591797,Q1_pred_1,1
38238,4,-0.11959409713745117,Q3_pred_3,3
321741,4,0.010859094560146332,Q5_pred_5,5
170102,3,-0.11101186275482178,Q3_pred_3,3
40462,4,0.07309480756521225,Q5_pred_5,5
352681,4,-0.04623875021934509,Q4_pred_4,4
157328,4,-0.08924539387226105,Q3_pred_3,3
47303,3,0.007090836763381958,Q5_pred_5,5
171596,4,-0.1247628927230835,Q3_pred_3,3
414085,2,-0.36936959624290466,Q1_pred_1,1
354833,2,-0.1898626983165741,Q2_pred_2,2
54486,3,-0.1625518500804901,Q2_pred_2,2
104218,5,-0.24082404375076294,Q1_pred_1,1
109620,2,-0.13152381777763367,Q2_pred_2,2
239136,2,-0.06104488670825958,Q4_pred_4,4
3345,3,-0.16534298658370972,Q2_pred_2,2
11788,5,-0.07231401652097702,Q4_pred_4,4
373207,5,-0.12658905982971191,Q3_pred_3,3
38457,4,-0.36638331413269043,Q1_pred_1,1
219259,4,-0.09439899027347565,Q3_pred_3,3
72341,4,-0.15250125527381897,Q2_pred_2,2
148252,4,-0.04026254266500473,Q4_pred_4,4
85804,5,-0.08495369553565979,Q3_pred_3,3
153826,4,-0.17311081290245056,Q2_pred_2,2
153595,5,-0.14208345115184784,Q2_pred_2,2
10810,2,-0.1344544142484665,Q2_pred_2,2
354373,5,-0.04652480036020279,Q4_pred_4,4
338167,4,-0.35873013734817505,Q1_pred_1,1
115929,4,-0.3194427490234375,Q1_pred_1,1
27872,5,0.26539239287376404,Q5_pred_5,5
232635,5,-0.24462205171585083,Q1_pred_1,1
376036,5,-0.037853144109249115,Q4_pred_4,4
88915,5,-0.18341094255447388,Q2_pred_2,2
89331,5,-0.09660062938928604,Q3_pred_3,3
3891,3,-0.15822255611419678,Q2_pred_2,2
153588,4,-0.1411796510219574,Q2_pred_2,2
154003,4,-0.20498572289943695,Q1_pred_1,1
156098,2,-0.21169674396514893,Q1_pred_1,1
108928,3,-0.16085898876190186,Q2_pred_2,2
86425,4,-0.04741601645946503,Q4_pred_4,4
104003,4,-0.0656740665435791,Q4_pred_4,4
117226,3,-0.049551427364349365,Q4_pred_4,4
92391,4,-0.0424736849963665,Q4_pred_4,4
91081,4,-0.059969544410705566,Q4_pred_4,4
381275,4,-0.14104190468788147,Q2_pred_2,2
340481,4,0.21173742413520813,Q5_pred_5,5
61759,4,-0.03521549701690674,Q4_pred_4,4
156767,4,-0.184210404753685,Q2_pred_2,2
399536,3,-0.2938445806503296,Q1_pred_1,1
408487,4,-0.003130868077278137,Q5_pred_5,5
26937,5,-0.1438835859298706,Q2_pred_2,2
54455,3,-0.11689986288547516,Q3_pred_3,3
364654,4,-0.0752224326133728,Q3_pred_3,3
2993,3,-0.417979896068573,Q1_pred_1,1
155573,3,-0.14641249179840088,Q2_pred_2,2
28915,4,-0.22165296971797943,Q1_pred_1,1
213453,3,-0.09556878358125687,Q3_pred_3,3
389427,3,0.09191559255123138,Q5_pred_5,5
267486,4,-0.08379296213388443,Q3_pred_3,3
213160,4,-0.06883330643177032,Q4_pred_4,4
62139,4,-0.1395617574453354,Q2_pred_2,2
153039,4,-0.04584406316280365,Q4_pred_4,4
75525,4,-0.2832074463367462,Q1_pred_1,1
29722,4,-0.0010161548852920532,Q5_pred_5,5
68654,4,-0.03600993752479553,Q4_pred_4,4
395282,4,-0.033676087856292725,Q4_pred_4,4
118723,5,-0.10584103316068649,Q3_pred_3,3
5581,4,-0.18440839648246765,Q2_pred_2,2
22753,3,-0.17309683561325073,Q2_pred_2,2
80079,4,-0.09411630779504776,Q3_pred_3,3
130136,3,-0.07070961594581604,Q4_pred_4,4
86767,2,-0.060154035687446594,Q4_pred_4,4
47230,3,-0.24433845281600952,Q1_pred_1,1
27694,3,-0.14972668886184692,Q2_pred_2,2
180328,3,0.004496961832046509,Q5_pred_5,5
23771,2,-0.12379071116447449,Q3_pred_3,3
163603,3,0.06764166057109833,Q5_pred_5,5
33196,3,0.017348691821098328,Q5_pred_5,5
86960,3,-0.3377467393875122,Q1_pred_1,1
259978,3,0.03509156405925751,Q5_pred_5,5
117625,4,0.038557350635528564,Q5_pred_5,5
91765,3,-0.016131311655044556,Q4_pred_4,4
63232,2,-0.2545665502548218,Q1_pred_1,1
100843,3,-0.23839247226715088,Q1_pred_1,1
123691,3,-0.10631582885980606,Q3_pred_3,3
179339,3,-0.05526316165924072,Q4_pred_4,4
53683,3,0.04807087779045105,Q5_pred_5,5
17556,2,-0.04626661539077759,Q4_pred_4,4
3751,3,-0.24465438723564148,Q1_pred_1,1
62509,4,-0.03821006044745445,Q4_pred_4,4
142593,4,-0.19086690247058868,Q2_pred_2,2
119560,4,-0.1253798007965088,Q3_pred_3,3
47874,3,-0.11867666989564896,Q3_pred_3,3
126123,4,-0.4088122844696045,Q1_pred_1,1
23586,3,-0.20173010230064392,Q1_pred_1,1
78623,3,-0.3951837122440338,Q1_pred_1,1
411919,2,-0.1690247356891632,Q2_pred_2,2
415445,3,-0.2633071839809418,Q1_pred_1,1
13640,3,0.28650543093681335,Q5_pred_5,5
170313,4,-0.002309560775756836,Q5_pred_5,5
347033,4,-0.08798009157180786,Q3_pred_3,3
238394,4,-0.08025157451629639,Q3_pred_3,3
252712,4,-0.06038881838321686,Q4_pred_4,4
196071,4,-0.015444129705429077,Q4_pred_4,4
50171,4,-0.14916308224201202,Q2_pred_2,2
16665,2,-0.11848828196525574,Q3_pred_3,3
68058,3,-0.18542565405368805,Q2_pred_2,2
26219,3,-0.052541472017765045,Q4_pred_4,4
106467,5,0.061842456459999084,Q5_pred_5,5
50422,4,-0.0017930716276168823,Q5_pred_5,5
102105,3,-0.1059669703245163,Q3_pred_3,3
28056,4,-0.11297503113746643,Q3_pred_3,3
43176,4,-0.0949162095785141,Q3_pred_3,3
72555,4,-0.07235275954008102,Q4_pred_4,4
411222,4,-0.1622018814086914,Q2_pred_2,2
141826,4,-0.07452757656574249,Q3_pred_3,3
109562,4,-0.1918654888868332,Q2_pred_2,2
378698,4,-0.10447661578655243,Q3_pred_3,3
186394,2,-0.19533519446849823,Q2_pred_2,2
50577,1,-0.2058490514755249,Q1_pred_1,1
335518,4,-0.2086087167263031,Q1_pred_1,1
15728,3,-0.21528935432434082,Q1_pred_1,1
168028,4,-0.24794819951057434,Q1_pred_1,1
87680,3,-0.19184496998786926,Q2_pred_2,2
272387,4,-0.04809907078742981,Q4_pred_4,4
8762,2,-0.16839079558849335,Q2_pred_2,2
18107,3,-0.08253276348114014,Q3_pred_3,3
205826,4,0.1406690776348114,Q5_pred_5,5
66284,3,-0.2238939255475998,Q1_pred_1,1
434951,4,-0.06684627383947372,Q4_pred_4,4
249476,3,-0.08065798878669739,Q3_pred_3,3
90190,3,-0.02478460967540741,Q4_pred_4,4
27353,4,0.098162442445755,Q5_pred_5,5
250063,3,-0.1517644077539444,Q2_pred_2,2
135846,3,-0.3141711950302124,Q1_pred_1,1
162025,3,0.04143962264060974,Q5_pred_5,5
50197,2,-0.021911025047302246,Q4_pred_4,4
209685,3,-0.14120376110076904,Q2_pred_2,2
26550,4,-0.1491762101650238,Q2_pred_2,2
26602,4,-0.0078123584389686584,Q4_pred_4,4
239856,4,-0.03058120608329773,Q4_pred_4,4
360851,5,-0.12088464200496674,Q3_pred_3,3
373276,4,-0.029842376708984375,Q4_pred_4,4
372646,5,-0.12868303060531616,Q3_pred_3,3
261038,3,0.11015552282333374,Q5_pred_5,5
373604,4,-0.08819177746772766,Q3_pred_3,3
39206,5,0.0038921236991882324,Q5_pred_5,5
414615,4,-0.05155736207962036,Q4_pred_4,4
399045,3,-0.0073257386684417725,Q4_pred_4,4
105873,2,-0.05029062181711197,Q4_pred_4,4
137562,5,-0.09348289668560028,Q3_pred_3,3
19155,4,-0.16638103127479553,Q2_pred_2,2
113090,4,0.019488930702209473,Q5_pred_5,5
193784,5,-0.022050723433494568,Q4_pred_4,4
50269,2,-0.11435085535049438,Q3_pred_3,3
319113,3,-0.14598441123962402,Q2_pred_2,2
125596,2,-0.25715404748916626,Q1_pred_1,1
354196,3,-0.2721700966358185,Q1_pred_1,1
84052,5,-0.08969384431838989,Q3_pred_3,3
353473,5,-0.03873791545629501,Q4_pred_4,4
136966,5,-0.12848517298698425,Q3_pred_3,3
4281,3,-0.021096259355545044,Q4_pred_4,4
390700,4,-0.1121751219034195,Q3_pred_3,3
368505,2,0.0759510025382042,Q5_pred_5,5
74544,1,-0.45607790350914,Q1_pred_1,1
46731,3,-0.13573703169822693,Q2_pred_2,2
365007,3,-0.021992594003677368,Q4_pred_4,4
16208,4,-0.09638827294111252,Q3_pred_3,3
155569,4,-0.10777647793292999,Q3_pred_3,3
103193,3,-0.2778248190879822,Q1_pred_1,1
192790,2,-0.1748710423707962,Q2_pred_2,2
28628,5,0.017608672380447388,Q5_pred_5,5
114065,3,-0.10651084780693054,Q3_pred_3,3
58052,4,-0.013776063919067383,Q4_pred_4,4
116428,4,-0.15544818341732025,Q2_pred_2,2
3652,3,0.05045144259929657,Q5_pred_5,5
19822,4,-0.06861890107393265,Q4_pred_4,4
248444,5,-0.060524724423885345,Q4_pred_4,4
327432,4,-0.1340368539094925,Q2_pred_2,2
142848,4,-0.07435646653175354,Q3_pred_3,3
390712,3,-0.183746799826622,Q2_pred_2,2
110162,2,-0.2302946299314499,Q1_pred_1,1
80190,4,-0.1297367811203003,Q3_pred_3,3
114347,2,-0.2697683870792389,Q1_pred_1,1
132911,4,-0.05711302161216736,Q4_pred_4,4
118956,3,-0.3535110652446747,Q1_pred_1,1
81574,4,-0.07660751789808273,Q3_pred_3,3
236492,4,-0.025691494345664978,Q4_pred_4,4
63618,4,0.005606204271316528,Q5_pred_5,5
29321,4,-0.2808457612991333,Q1_pred_1,1
151808,3,-0.41534921526908875,Q1_pred_1,1
418632,3,-0.13551251590251923,Q2_pred_2,2
146858,2,-0.14186781644821167,Q2_pred_2,2
365548,4,0.027486681938171387,Q5_pred_5,5
383671,5,-0.20028524100780487,Q1_pred_1,1
68740,4,-0.14718568325042725,Q2_pred_2,2
247258,5,-0.09716743230819702,Q3_pred_3,3
50316,4,-0.03573879599571228,Q4_pred_4,4
361910,2,-0.12187811732292175,Q3_pred_3,3
243570,4,-0.14058300852775574,Q2_pred_2,2
22778,4,-0.0004342794418334961,Q5_pred_5,5
153602,5,-0.1949024349451065,Q2_pred_2,2
158772,4,-0.27441704273223877,Q1_pred_1,1
133856,3,-0.11074899137020111,Q3_pred_3,3
130753,4,-0.34051886200904846,Q1_pred_1,1
441157,4,-0.20017999410629272,Q1_pred_1,1
69961,4,-0.3817744851112366,Q1_pred_1,1
63466,3,-0.146884024143219,Q2_pred_2,2
246887,5,-0.12484337389469147,Q3_pred_3,3
178825,4,0.0156744122505188,Q5_pred_5,5
240347,3,-0.10599640011787415,Q3_pred_3,3
60155,3,-0.314666748046875,Q1_pred_1,1
161924,4,-0.1787491887807846,Q2_pred_2,2
218418,4,-0.011345535516738892,Q4_pred_4,4
239509,3,0.0419246107339859,Q5_pred_5,5
125243,2,-0.13630712032318115,Q2_pred_2,2
35441,2,-0.22383421659469604,Q1_pred_1,1
41784,2,-0.3217618763446808,Q1_pred_1,1
72077,3,-0.46283867955207825,Q1_pred_1,1
27312,3,-0.28871971368789673,Q1_pred_1,1
151591,4,-0.018489938229322433,Q4_pred_4,4
58907,4,-0.1231672540307045,Q3_pred_3,3
109545,4,-0.10726860165596008,Q3_pred_3,3
148495,4,0.10515731573104858,Q5_pred_5,5
214732,3,-0.3338612914085388,Q1_pred_1,1
108877,4,-0.02254464477300644,Q4_pred_4,4
44615,3,0.1618410050868988,Q5_pred_5,5
53493,3,-0.04488871991634369,Q4_pred_4,4
374735,4,-0.13223139941692352,Q2_pred_2,2
87315,3,-0.3649962544441223,Q1_pred_1,1
75223,3,-0.144712895154953,Q2_pred_2,2
16435,3,0.09672436118125916,Q5_pred_5,5
64187,3,-0.16596314311027527,Q2_pred_2,2
373612,4,-0.03757324814796448,Q4_pred_4,4
207167,4,-0.23093894124031067,Q1_pred_1,1
33793,2,-0.0399029403924942,Q4_pred_4,4
114111,1,-0.09861041605472565,Q3_pred_3,3
340926,4,-0.057230979204177856,Q4_pred_4,4
13463,4,-0.15468046069145203,Q2_pred_2,2
261193,4,-0.012936398386955261,Q4_pred_4,4
200940,3,-0.34966182708740234,Q1_pred_1,1
142655,5,-0.0943019837141037,Q3_pred_3,3
183062,5,0.032698243856430054,Q5_pred_5,5
120654,4,0.06478144228458405,Q5_pred_5,5
333403,4,-0.08109311759471893,Q3_pred_3,3
24647,3,0.012927114963531494,Q5_pred_5,5
250380,3,-0.013526201248168945,Q4_pred_4,4
324746,3,-0.17029283940792084,Q2_pred_2,2
368431,4,-0.035761550068855286,Q4_pred_4,4
146432,2,-0.15636993944644928,Q2_pred_2,2
69811,3,-0.19904059171676636,Q1_pred_1,1
97642,4,-0.15603801608085632,Q2_pred_2,2
23910,4,-0.28828391432762146,Q1_pred_1,1
219212,3,-0.07569462060928345,Q3_pred_3,3
61231,4,-0.02694922685623169,Q4_pred_4,4
235166,4,-0.1479484885931015,Q2_pred_2,2
105291,4,0.04318071901798248,Q5_pred_5,5
190028,4,-0.11500641703605652,Q3_pred_3,3
136953,4,-0.12248657643795013,Q3_pred_3,3
9548,4,-0.1871255338191986,Q2_pred_2,2
271416,4,-0.04651506245136261,Q4_pred_4,4
114330,1,-0.21315152943134308,Q1_pred_1,1
424706,4,-0.19318580627441406,Q2_pred_2,2
245110,4,-0.10376626253128052,Q3_pred_3,3
152594,4,0.030739814043045044,Q5_pred_5,5
121472,4,-0.09378881752490997,Q3_pred_3,3
216009,4,0.036186665296554565,Q5_pred_5,5
199203,3,0.11282829195261002,Q5_pred_5,5
20620,3,-0.09930846095085144,Q3_pred_3,3
88931,3,-0.17914323508739471,Q2_pred_2,2
109126,4,-0.08129699528217316,Q3_pred_3,3
15922,4,-0.21332058310508728,Q1_pred_1,1
14007,3,-0.03229762613773346,Q4_pred_4,4
20017,4,0.20394372940063477,Q5_pred_5,5
82816,2,-0.21201834082603455,Q1_pred_1,1
13041,3,-0.20935991406440735,Q1_pred_1,1
172863,4,-0.09184369444847107,Q3_pred_3,3
222213,4,-0.08720019459724426,Q3_pred_3,3
127671,3,0.004433155059814453,Q5_pred_5,5
357171,4,-0.17833766341209412,Q2_pred_2,2
344150,3,-0.14913418889045715,Q2_pred_2,2
51035,4,-0.07784837484359741,Q3_pred_3,3
89959,4,-0.13833929598331451,Q2_pred_2,2
104528,4,-0.05262231081724167,Q4_pred_4,4
184798,4,0.047618091106414795,Q5_pred_5,5
10133,2,-0.06345637142658234,Q4_pred_4,4
61562,4,-0.12225602567195892,Q3_pred_3,3
161278,3,0.045793116092681885,Q5_pred_5,5
1263,3,0.1395636796951294,Q5_pred_5,5
71087,3,-0.1018168106675148,Q3_pred_3,3
5514,4,-0.11368628591299057,Q3_pred_3,3
69726,3,-0.27297070622444153,Q1_pred_1,1
151045,4,-0.21553054451942444,Q1_pred_1,1
354188,4,-0.19893556833267212,Q1_pred_1,1
163496,4,-0.1611485779285431,Q2_pred_2,2
125582,4,-0.013572804629802704,Q4_pred_4,4
358657,4,-0.10920528322458267,Q3_pred_3,3
162692,4,-0.02740827202796936,Q4_pred_4,4
157195,4,-0.1318053901195526,Q2_pred_2,2
89895,4,-0.10197743028402328,Q3_pred_3,3
64607,4,-0.179887592792511,Q2_pred_2,2
406243,3,-0.13627377152442932,Q2_pred_2,2
428989,4,-0.0348721444606781,Q4_pred_4,4
127231,4,-0.25964951515197754,Q1_pred_1,1
239659,4,-0.00468859076499939,Q5_pred_5,5
240804,3,-0.0869806557893753,Q3_pred_3,3
211903,4,0.06138624995946884,Q5_pred_5,5
343165,3,-0.013862505555152893,Q4_pred_4,4
135698,4,-0.1035347431898117,Q3_pred_3,3
246937,4,-0.04370476305484772,Q4_pred_4,4
86836,4,-0.10329718142747879,Q3_pred_3,3
93334,4,-0.1236831545829773,Q3_pred_3,3
332914,3,0.1254982054233551,Q5_pred_5,5
58656,4,-0.1828724592924118,Q2_pred_2,2
100904,4,-0.09611863642930984,Q3_pred_3,3
222341,4,-0.04858860373497009,Q4_pred_4,4
1375,3,0.0044097453355789185,Q5_pred_5,5
157018,4,-0.07687586545944214,Q3_pred_3,3
244452,3,-0.11872278898954391,Q3_pred_3,3
33694,4,-0.05607596039772034,Q4_pred_4,4
96727,4,-0.025179296731948853,Q4_pred_4,4
23667,4,-0.11115452647209167,Q3_pred_3,3
425440,5,-0.13563628494739532,Q2_pred_2,2
27054,4,-0.2181003987789154,Q1_pred_1,1
97512,3,-0.1827428936958313,Q2_pred_2,2
60052,3,-0.2128736972808838,Q1_pred_1,1
137535,5,-0.081993468105793,Q3_pred_3,3
427113,4,-0.028697118163108826,Q4_pred_4,4
101408,4,-0.19088341295719147,Q2_pred_2,2
235724,4,-0.13368406891822815,Q2_pred_2,2
79449,4,-0.14358171820640564,Q2_pred_2,2
170563,3,-0.06510410457849503,Q4_pred_4,4
261488,5,-0.11223514378070831,Q3_pred_3,3
247203,4,-0.11199259757995605,Q3_pred_3,3
233830,4,-0.28581076860427856,Q1_pred_1,1
136306,3,-0.48579859733581543,Q1_pred_1,1
372322,4,-0.06853947043418884,Q4_pred_4,4
47040,3,0.01570047438144684,Q5_pred_5,5
120973,3,-0.20413446426391602,Q1_pred_1,1
98739,3,-0.05631396174430847,Q4_pred_4,4
91078,4,-0.15086308121681213,Q2_pred_2,2
366632,4,-0.15369418263435364,Q2_pred_2,2
58034,4,-0.052955955266952515,Q4_pred_4,4
412162,3,-0.20447714626789093,Q1_pred_1,1
381483,4,-0.14317210018634796,Q2_pred_2,2
5194,4,-0.1058596596121788,Q3_pred_3,3
130042,4,-0.21697448194026947,Q1_pred_1,1
25355,4,0.005312446504831314,Q5_pred_5,5
28776,4,-0.09694891422986984,Q3_pred_3,3
158604,4,-0.22156013548374176,Q1_pred_1,1
86680,4,-0.03655162453651428,Q4_pred_4,4
343613,3,-0.2235414981842041,Q1_pred_1,1
198251,4,-0.09073127806186676,Q3_pred_3,3
105836,4,-0.347605437040329,Q1_pred_1,1
114188,4,-0.17750486731529236,Q2_pred_2,2
195739,3,-0.10798713564872742,Q3_pred_3,3
410678,4,-0.22412356734275818,Q1_pred_1,1
160306,4,-0.13767142593860626,Q2_pred_2,2
105924,4,-0.16483697295188904,Q2_pred_2,2
5627,4,0.1893148422241211,Q5_pred_5,5
4269,3,0.18062302470207214,Q5_pred_5,5
374959,4,-0.06895850598812103,Q4_pred_4,4
34180,3,-0.059268221259117126,Q4_pred_4,4
33439,3,-0.11882372200489044,Q3_pred_3,3
42845,3,-0.13843940198421478,Q2_pred_2,2
29193,4,-0.2996790111064911,Q1_pred_1,1
221532,4,-0.11657216399908066,Q3_pred_3,3
10424,3,-0.11909405887126923,Q3_pred_3,3
195300,4,0.018610864877700806,Q5_pred_5,5
83437,4,-0.16626666486263275,Q2_pred_2,2
104766,3,-0.25084853172302246,Q1_pred_1,1
137121,2,0.06777423620223999,Q5_pred_5,5
220582,4,-0.07431338727474213,Q3_pred_3,3
340594,4,-0.10242104530334473,Q3_pred_3,3
117223,2,-0.140189990401268,Q2_pred_2,2
93368,4,-0.11370041966438293,Q3_pred_3,3
78795,3,-0.17333552241325378,Q2_pred_2,2
62501,3,-0.11009562015533447,Q3_pred_3,3
382023,4,-0.4126605689525604,Q1_pred_1,1
57410,4,-0.07775115966796875,Q3_pred_3,3
118859,3,-0.18617358803749084,Q2_pred_2,2
59726,3,-0.009946301579475403,Q4_pred_4,4
30987,3,-0.17387741804122925,Q2_pred_2,2
48315,4,-0.11274169385433197,Q3_pred_3,3
331608,4,-0.17257127165794373,Q2_pred_2,2
222344,4,-0.10708850622177124,Q3_pred_3,3
330400,3,-0.051410481333732605,Q4_pred_4,4
393818,3,-0.02312341332435608,Q4_pred_4,4
58510,4,-0.28679654002189636,Q1_pred_1,1
201990,4,-0.0706443190574646,Q4_pred_4,4
87773,2,-0.2998972237110138,Q1_pred_1,1
158610,4,-0.07182114571332932,Q4_pred_4,4
18880,2,-0.04139310121536255,Q4_pred_4,4
164173,2,-0.12553581595420837,Q3_pred_3,3
1053,4,-0.08338155597448349,Q3_pred_3,3
23913,4,-0.27971816062927246,Q1_pred_1,1
236565,4,0.023151248693466187,Q5_pred_5,5
117219,1,-0.1663753092288971,Q2_pred_2,2
379468,3,0.004208162426948547,Q5_pred_5,5
52833,3,-0.0037956759333610535,Q5_pred_5,5
357489,5,-0.11762452870607376,Q3_pred_3,3
395241,3,-0.1073116809129715,Q3_pred_3,3
72291,4,-0.12010227143764496,Q3_pred_3,3
58507,4,0.14561310410499573,Q5_pred_5,5
354736,4,-0.12899446487426758,Q3_pred_3,3
383494,4,0.13344508409500122,Q5_pred_5,5
5680,4,-0.002887016162276268,Q5_pred_5,5
379750,4,-0.03121846169233322,Q4_pred_4,4
18665,3,-0.06265373528003693,Q4_pred_4,4
356479,4,-0.03841900825500488,Q4_pred_4,4
377266,4,-0.15352794528007507,Q2_pred_2,2
86401,3,-0.06521713733673096,Q4_pred_4,4
84031,4,-0.11172203719615936,Q3_pred_3,3
116366,4,-0.09191865473985672,Q3_pred_3,3
161948,4,-0.11810015141963959,Q3_pred_3,3
373558,4,-0.23164153099060059,Q1_pred_1,1
41588,4,-0.10708848387002945,Q3_pred_3,3
359706,4,-0.017325229942798615,Q4_pred_4,4
369285,4,0.02324816584587097,Q5_pred_5,5
153552,3,-0.24898792803287506,Q1_pred_1,1
212703,4,-0.19580776989459991,Q2_pred_2,2
112779,3,-0.4481627345085144,Q1_pred_1,1
64282,3,0.05521014332771301,Q5_pred_5,5
189508,3,-0.019385308027267456,Q4_pred_4,4
40302,2,0.14019957184791565,Q5_pred_5,5
33257,4,-0.2244575321674347,Q1_pred_1,1
48589,3,-0.23589134216308594,Q1_pred_1,1
402141,4,0.0417194664478302,Q5_pred_5,5
156042,2,-0.06214745342731476,Q4_pred_4,4
20022,3,-0.09249059855937958,Q3_pred_3,3
241210,4,-0.21122607588768005,Q1_pred_1,1
128309,3,-0.37210434675216675,Q1_pred_1,1
386593,4,-0.0429459810256958,Q4_pred_4,4
50257,2,-0.09929998219013214,Q3_pred_3,3
5197,4,-0.10506919771432877,Q3_pred_3,3
50274,2,-0.1975511610507965,Q2_pred_2,2
69813,4,-0.049285054206848145,Q4_pred_4,4
176226,4,-0.10360650718212128,Q3_pred_3,3
165746,4,-0.06259328126907349,Q4_pred_4,4
104888,4,-0.09641008079051971,Q3_pred_3,3
15568,4,-0.21193695068359375,Q1_pred_1,1
386111,4,-0.08329737186431885,Q3_pred_3,3
14946,4,-0.09480330348014832,Q3_pred_3,3
416364,4,-0.11424192786216736,Q3_pred_3,3
344559,4,0.02752331644296646,Q5_pred_5,5
42904,4,-0.15078121423721313,Q2_pred_2,2
163007,4,-0.15384596586227417,Q2_pred_2,2
237948,3,-0.30290138721466064,Q1_pred_1,1
248880,5,-0.16298668086528778,Q2_pred_2,2
79390,3,-0.07509717345237732,Q3_pred_3,3
119355,4,-0.2172372043132782,Q1_pred_1,1
109616,4,-0.16010622680187225,Q2_pred_2,2
423853,4,-0.15246187150478363,Q2_pred_2,2
332000,4,-0.10422183573246002,Q3_pred_3,3
62311,4,-0.17352963984012604,Q2_pred_2,2
14956,4,-0.16669440269470215,Q2_pred_2,2
179543,4,-0.161748006939888,Q2_pred_2,2
195272,4,-0.23652631044387817,Q1_pred_1,1
11505,4,-0.2220505028963089,Q1_pred_1,1
380043,3,-0.08907508105039597,Q3_pred_3,3
71120,4,-0.07776093482971191,Q3_pred_3,3
210684,4,-0.11068516969680786,Q3_pred_3,3
246687,4,-0.03177054226398468,Q4_pred_4,4
35836,4,-0.05271942913532257,Q4_pred_4,4
168878,4,-0.12208645045757294,Q3_pred_3,3
382490,5,-0.0008626282215118408,Q5_pred_5,5
241492,4,-0.09927408397197723,Q3_pred_3,3
150161,3,-0.10384403169155121,Q3_pred_3,3
242241,4,-0.20663297176361084,Q1_pred_1,1
60781,3,-0.1736260950565338,Q2_pred_2,2
263949,4,-0.020726263523101807,Q4_pred_4,4
374357,4,-0.2569199800491333,Q1_pred_1,1
355124,4,-0.03227169066667557,Q4_pred_4,4
157248,2,0.07089060544967651,Q5_pred_5,5
251130,4,0.033299073576927185,Q5_pred_5,5
26600,3,-0.4062831401824951,Q1_pred_1,1
104338,3,-0.3229772448539734,Q1_pred_1,1
170332,3,-0.20033535361289978,Q1_pred_1,1
57209,3,-0.09358300268650055,Q3_pred_3,3
160017,3,-0.21540533006191254,Q1_pred_1,1
6986,3,-0.13167905807495117,Q2_pred_2,2
372939,4,0.04512980580329895,Q5_pred_5,5
332318,4,0.04691639542579651,Q5_pred_5,5
10827,4,-0.15939536690711975,Q2_pred_2,2
188886,4,-0.20596498250961304,Q1_pred_1,1
363684,5,0.08700430393218994,Q5_pred_5,5
428164,4,-0.10414348542690277,Q3_pred_3,3
51261,3,0.06575857102870941,Q5_pred_5,5
236557,4,0.03780166804790497,Q5_pred_5,5
63892,3,0.009847268462181091,Q5_pred_5,5
38395,4,-0.10280007123947144,Q3_pred_3,3
407754,4,0.07846184074878693,Q5_pred_5,5
73454,4,-0.07219690084457397,Q4_pred_4,4
65340,2,-0.28021785616874695,Q1_pred_1,1
102190,3,-0.10486440360546112,Q3_pred_3,3
435557,4,-0.09992291778326035,Q3_pred_3,3
63391,3,-0.033071696758270264,Q4_pred_4,4
62109,3,-0.08807839453220367,Q3_pred_3,3
127375,3,-0.15614399313926697,Q2_pred_2,2
22127,4,-0.2979646325111389,Q1_pred_1,1
32284,3,0.009228207170963287,Q5_pred_5,5
193635,4,-0.0814124047756195,Q3_pred_3,3
357903,4,-0.21370166540145874,Q1_pred_1,1
106481,3,-0.06200535222887993,Q4_pred_4,4
104029,4,-0.1870284378528595,Q2_pred_2,2
59122,3,-0.014726072549819946,Q4_pred_4,4
23859,4,-0.2523559331893921,Q1_pred_1,1
200900,4,-0.4022243022918701,Q1_pred_1,1
165070,3,-0.06363935023546219,Q4_pred_4,4
136032,4,0.020086146891117096,Q5_pred_5,5
184237,4,-0.1560182273387909,Q2_pred_2,2
374836,4,-0.14108982682228088,Q2_pred_2,2
209965,4,-0.15408046543598175,Q2_pred_2,2
31725,4,-0.14939039945602417,Q2_pred_2,2
216763,3,-0.17858612537384033,Q2_pred_2,2
114163,2,-0.16887877881526947,Q2_pred_2,2
61709,4,-0.05382978171110153,Q4_pred_4,4
414752,4,-0.17755156755447388,Q2_pred_2,2
136302,4,-0.3542732000350952,Q1_pred_1,1
20381,3,-0.274772584438324,Q1_pred_1,1
10521,4,-0.20849570631980896,Q1_pred_1,1
39622,4,-0.25442540645599365,Q1_pred_1,1
353207,3,-0.09392307698726654,Q3_pred_3,3
398032,4,-0.18560510873794556,Q2_pred_2,2
39531,4,-0.21655862033367157,Q1_pred_1,1
393632,4,-0.08926758915185928,Q3_pred_3,3
50857,4,-0.1734796017408371,Q2_pred_2,2
148355,4,-0.029504135251045227,Q4_pred_4,4
27503,3,-0.19126594066619873,Q2_pred_2,2
349514,3,0.034260883927345276,Q5_pred_5,5
102348,4,0.0012894868850708008,Q5_pred_5,5
356451,5,-0.01985926926136017,Q4_pred_4,4
192413,3,0.04246446490287781,Q5_pred_5,5
136991,3,-0.4024331271648407,Q1_pred_1,1
254644,3,-0.0772128701210022,Q3_pred_3,3
28377,3,-0.04655912518501282,Q4_pred_4,4
377137,4,-0.1199619472026825,Q3_pred_3,3
154010,4,-0.2213381826877594,Q1_pred_1,1
276948,4,-0.09042862057685852,Q3_pred_3,3
257609,4,-0.17296238243579865,Q2_pred_2,2
379748,4,0.010243654251098633,Q5_pred_5,5
203111,4,-0.11388880014419556,Q3_pred_3,3
244012,4,0.08713309466838837,Q5_pred_5,5
111011,3,0.08551664650440216,Q5_pred_5,5
172314,2,-0.18997669219970703,Q2_pred_2,2
24601,3,-0.09592165797948837,Q3_pred_3,3
397375,3,-0.26765766739845276,Q1_pred_1,1
429057,4,-0.01780177652835846,Q4_pred_4,4
50373,4,0.1586240828037262,Q5_pred_5,5
321200,4,-0.057339105755090714,Q4_pred_4,4
374736,4,-0.14154674112796783,Q2_pred_2,2
414030,4,-0.19234506785869598,Q2_pred_2,2
27558,4,0.14074599742889404,Q5_pred_5,5
423791,4,-0.10325957834720612,Q3_pred_3,3
417116,4,-0.11644789576530457,Q3_pred_3,3
156784,4,-0.3163608908653259,Q1_pred_1,1
12002,4,-0.10972534865140915,Q3_pred_3,3
386254,4,-0.1621415913105011,Q2_pred_2,2
261199,4,-0.14316244423389435,Q2_pred_2,2
426906,4,-0.04183243587613106,Q4_pred_4,4
76322,4,-0.10503612458705902,Q3_pred_3,3
161967,4,0.03895673155784607,Q5_pred_5,5
153670,4,-0.1989021748304367,Q1_pred_1,1
79391,3,0.024504363536834717,Q5_pred_5,5
259170,4,-0.17780554294586182,Q2_pred_2,2
10502,3,-0.12438887357711792,Q3_pred_3,3
337000,4,-0.12705346941947937,Q3_pred_3,3
187135,3,-0.10192468762397766,Q3_pred_3,3
96158,4,-0.18861430883407593,Q2_pred_2,2
120470,3,-0.03831806033849716,Q4_pred_4,4
28831,4,-0.3002961575984955,Q1_pred_1,1
372408,4,-0.2963449954986572,Q1_pred_1,1
4528,3,-0.18622151017189026,Q2_pred_2,2
10942,2,-0.2149794101715088,Q1_pred_1,1
178605,4,-0.13666591048240662,Q2_pred_2,2
128833,4,0.020561546087265015,Q5_pred_5,5
386358,3,-0.17849388718605042,Q2_pred_2,2
371157,4,-0.04194335639476776,Q4_pred_4,4
69590,4,-0.17510050535202026,Q2_pred_2,2
58273,4,-0.19715973734855652,Q2_pred_2,2
26070,4,-0.3492394685745239,Q1_pred_1,1
158973,4,-0.14115361869335175,Q2_pred_2,2
171464,4,0.1760958582162857,Q5_pred_5,5
61719,4,-0.06831146776676178,Q4_pred_4,4
179233,4,-0.10307776182889938,Q3_pred_3,3
168058,3,-0.2567969262599945,Q1_pred_1,1
64184,4,-0.10418424010276794,Q3_pred_3,3
58293,4,-0.06218196451663971,Q4_pred_4,4
113277,4,-0.16616569459438324,Q2_pred_2,2
157436,4,-0.25676044821739197,Q1_pred_1,1
40405,4,0.05070951581001282,Q5_pred_5,5
274877,4,-0.016987189650535583,Q4_pred_4,4
237210,4,-0.01581016182899475,Q4_pred_4,4
15923,2,-0.14226824045181274,Q2_pred_2,2
407932,4,-0.1005045622587204,Q3_pred_3,3
237958,4,-0.27958691120147705,Q1_pred_1,1
83992,4,-0.11081694066524506,Q3_pred_3,3
146095,4,-0.051212944090366364,Q4_pred_4,4
239141,4,-0.1885102391242981,Q2_pred_2,2
61778,4,0.016398582607507706,Q5_pred_5,5
77309,4,-0.13057249784469604,Q2_pred_2,2
126853,3,-0.17585061490535736,Q2_pred_2,2
166345,4,-0.08069528639316559,Q3_pred_3,3
381467,4,-0.0676354169845581,Q4_pred_4,4
164175,4,-0.20648643374443054,Q1_pred_1,1
65517,4,0.020516961812973022,Q5_pred_5,5
152351,3,-0.16394147276878357,Q2_pred_2,2
90278,4,-0.1333278864622116,Q2_pred_2,2
51354,3,-0.11710391938686371,Q3_pred_3,3
50301,2,-0.29520609974861145,Q1_pred_1,1
102027,4,0.16539016366004944,Q5_pred_5,5
345133,4,-0.0009147822856903076,Q5_pred_5,5
109543,3,-0.06365810334682465,Q4_pred_4,4
71862,3,-0.26006880402565,Q1_pred_1,1
1054,3,0.03199584782123566,Q5_pred_5,5
29825,4,0.07028090953826904,Q5_pred_5,5
104388,3,0.03014281392097473,Q5_pred_5,5
38943,4,-0.0776432603597641,Q3_pred_3,3
51479,4,-0.2654831111431122,Q1_pred_1,1
55959,4,-0.22075369954109192,Q1_pred_1,1
152980,3,0.03380140662193298,Q5_pred_5,5
29062,4,0.07466109097003937,Q5_pred_5,5
11926,4,-0.21758294105529785,Q1_pred_1,1
86705,4,-0.11036206781864166,Q3_pred_3,3
163012,3,-0.17621207237243652,Q2_pred_2,2
11257,2,-0.19489464163780212,Q2_pred_2,2
417835,4,-0.170521542429924,Q2_pred_2,2
6229,3,-0.16475297510623932,Q2_pred_2,2
118275,4,-0.10250692069530487,Q3_pred_3,3
32605,4,-0.14061392843723297,Q2_pred_2,2
158971,4,-0.20018906891345978,Q1_pred_1,1
28591,4,0.011453449726104736,Q5_pred_5,5
127171,3,-0.2552209496498108,Q1_pred_1,1
177845,3,-0.1618315577507019,Q2_pred_2,2
160379,4,0.040151502937078476,Q5_pred_5,5
48057,4,-0.10539032518863678,Q3_pred_3,3
41102,4,-0.2882499694824219,Q1_pred_1,1
188477,3,-0.20548579096794128,Q1_pred_1,1
242232,4,-0.20178012549877167,Q1_pred_1,1
251172,4,-0.020660489797592163,Q4_pred_4,4
336996,4,-0.14674162864685059,Q2_pred_2,2
40903,4,-0.17053252458572388,Q2_pred_2,2
15641,4,-0.19240331649780273,Q2_pred_2,2
218988,4,-0.07462689280509949,Q3_pred_3,3
184271,4,-0.21532027423381805,Q1_pred_1,1
256414,4,-0.0462430864572525,Q4_pred_4,4
184689,4,0.06649425625801086,Q5_pred_5,5
67744,4,0.0003854036331176758,Q5_pred_5,5
54387,3,-0.16075274348258972,Q2_pred_2,2
85694,4,-0.21630437672138214,Q1_pred_1,1
127625,4,-0.06712093949317932,Q4_pred_4,4
50196,2,-0.10843525826931,Q3_pred_3,3
123039,3,-0.06664389371871948,Q4_pred_4,4
20536,4,-0.07376354932785034,Q3_pred_3,3
114157,4,-0.1577790379524231,Q2_pred_2,2
165034,3,-0.12207686901092529,Q3_pred_3,3
189830,4,-0.040625929832458496,Q4_pred_4,4
271514,5,-0.27663812041282654,Q1_pred_1,1
154220,5,-0.001501619815826416,Q5_pred_5,5
182992,5,0.017740607261657715,Q5_pred_5,5
34896,5,-0.0456746406853199,Q4_pred_4,4
219772,5,0.053733646869659424,Q5_pred_5,5
204649,4,0.021412834525108337,Q5_pred_5,5
18593,4,-0.1830247938632965,Q2_pred_2,2
764,4,0.07115748524665833,Q5_pred_5,5
18563,3,-0.22815464437007904,Q1_pred_1,1
114103,2,-0.1889139711856842,Q2_pred_2,2
188940,4,-0.28595227003097534,Q1_pred_1,1
69470,3,-0.18056461215019226,Q2_pred_2,2
383688,4,-0.1992359757423401,Q1_pred_1,1
105645,4,-0.43826353549957275,Q1_pred_1,1
84000,5,-0.07614527642726898,Q3_pred_3,3
10134,1,-0.17902132868766785,Q2_pred_2,2
418949,4,-0.4157498776912689,Q1_pred_1,1
24103,3,-0.022398032248020172,Q4_pred_4,4
24728,4,-0.1793622225522995,Q2_pred_2,2
6028,4,-0.023502636700868607,Q4_pred_4,4
169810,4,-0.13195930421352386,Q2_pred_2,2
376031,4,-0.5509372353553772,Q1_pred_1,1
25068,4,-0.03325925022363663,Q4_pred_4,4
382835,5,-0.07579335570335388,Q3_pred_3,3
76497,4,0.08337242901325226,Q5_pred_5,5
64466,3,-0.13974371552467346,Q2_pred_2,2
1945,3,-0.1601966768503189,Q2_pred_2,2
387698,4,-0.17438454926013947,Q2_pred_2,2
148534,4,0.017289280891418457,Q5_pred_5,5
54388,4,-0.0676252692937851,Q4_pred_4,4
78493,3,-0.27730444073677063,Q1_pred_1,1
73753,2,-0.2900159955024719,Q1_pred_1,1
10497,4,-0.16241276264190674,Q2_pred_2,2
417786,2,-0.060977011919021606,Q4_pred_4,4
426389,4,0.12520788609981537,Q5_pred_5,5
137658,4,-0.08722681552171707,Q3_pred_3,3
84563,4,-0.13582594692707062,Q2_pred_2,2
415428,4,0.02772296965122223,Q5_pred_5,5
165356,3,-0.26654255390167236,Q1_pred_1,1
109152,4,-0.2647041976451874,Q1_pred_1,1
419738,3,-0.03235838934779167,Q4_pred_4,4
29004,4,-0.28311794996261597,Q1_pred_1,1
369070,4,-0.06665607541799545,Q4_pred_4,4
104430,3,-0.05764049291610718,Q4_pred_4,4
60793,4,-0.14050397276878357,Q2_pred_2,2
119395,4,-0.25709325075149536,Q1_pred_1,1
45063,5,-0.1495921015739441,Q2_pred_2,2
161250,2,-0.18782256543636322,Q2_pred_2,2
315932,2,-0.14969393610954285,Q2_pred_2,2
11849,4,0.06253418326377869,Q5_pred_5,5
5504,4,-0.09480361640453339,Q3_pred_3,3
359816,5,-0.05940816551446915,Q4_pred_4,4
216534,4,0.24415500462055206,Q5_pred_5,5
51105,4,-0.05684049427509308,Q4_pred_4,4
107141,4,-0.30531400442123413,Q1_pred_1,1
483494,4,0.10967779159545898,Q5_pred_5,5
104783,3,-0.28341108560562134,Q1_pred_1,1
190582,3,-0.09860973805189133,Q3_pred_3,3
84099,4,-0.15725623071193695,Q2_pred_2,2
31821,4,-0.14028587937355042,Q2_pred_2,2
247166,4,-0.15307798981666565,Q2_pred_2,2
348081,3,-0.20534732937812805,Q1_pred_1,1
104650,3,-0.1314907819032669,Q2_pred_2,2
33189,4,-0.20621255040168762,Q1_pred_1,1
58928,4,-0.12189935147762299,Q3_pred_3,3
76560,3,-0.17010405659675598,Q2_pred_2,2
85901,2,-0.28251785039901733,Q1_pred_1,1
33306,3,-0.07972543686628342,Q3_pred_3,3
1127,4,-0.28478389978408813,Q1_pred_1,1
236350,3,-0.08363862335681915,Q3_pred_3,3
383615,4,-0.19488349556922913,Q2_pred_2,2
199880,3,-0.2154541015625,Q1_pred_1,1
377814,3,0.1319759339094162,Q5_pred_5,5
121017,4,-0.17105361819267273,Q2_pred_2,2
183408,3,-0.19528789818286896,Q2_pred_2,2
373670,4,-0.03379794955253601,Q4_pred_4,4
109622,4,-0.08218076825141907,Q3_pred_3,3
247511,4,-0.13322481513023376,Q2_pred_2,2
50250,3,-0.10132978856563568,Q3_pred_3,3
2689,4,0.2530088424682617,Q5_pred_5,5
14854,4,-0.06860347837209702,Q4_pred_4,4
110317,4,-0.09935302287340164,Q3_pred_3,3
263078,3,0.1286158263683319,Q5_pred_5,5
59509,4,-0.22408002614974976,Q1_pred_1,1
132812,4,-0.17041179537773132,Q2_pred_2,2
30877,3,-0.20206022262573242,Q1_pred_1,1
117234,3,-0.19323602318763733,Q2_pred_2,2
164164,3,-0.10121923685073853,Q3_pred_3,3
45001,3,-0.11306016892194748,Q3_pred_3,3
143613,3,-0.12197476625442505,Q3_pred_3,3
29028,4,-0.36379486322402954,Q1_pred_1,1
408101,3,-0.07553601264953613,Q3_pred_3,3
80119,3,-0.14318034052848816,Q2_pred_2,2
233807,3,-0.14493657648563385,Q2_pred_2,2
41503,4,-0.185689777135849,Q2_pred_2,2
262213,4,-0.08018341660499573,Q3_pred_3,3
357922,4,-0.15327268838882446,Q2_pred_2,2
29437,4,-0.17953793704509735,Q2_pred_2,2
44881,4,-0.28107526898384094,Q1_pred_1,1
52419,4,0.169717937707901,Q5_pred_5,5
184217,4,0.018700331449508667,Q5_pred_5,5
9350,4,0.003724362701177597,Q5_pred_5,5
153542,4,-0.16300314664840698,Q2_pred_2,2
162091,3,-0.2822643518447876,Q1_pred_1,1
374504,4,-0.216272234916687,Q1_pred_1,1
152105,5,-0.040565453469753265,Q4_pred_4,4
50189,2,-0.07995493710041046,Q3_pred_3,3
54535,5,-0.12995177507400513,Q3_pred_3,3
24650,4,-0.06354153156280518,Q4_pred_4,4
119281,5,-0.18714474141597748,Q2_pred_2,2
34511,3,-0.3107169270515442,Q1_pred_1,1
58415,3,-0.19416475296020508,Q2_pred_2,2
55059,2,-0.2536897659301758,Q1_pred_1,1
73757,4,0.00953724980354309,Q5_pred_5,5
176539,3,-0.1342300921678543,Q2_pred_2,2
9656,4,-0.2965874671936035,Q1_pred_1,1
414985,3,0.022223860025405884,Q5_pred_5,5
213698,4,-0.11758489906787872,Q3_pred_3,3
109953,4,-0.05810478329658508,Q4_pred_4,4
238581,3,-0.1944780796766281,Q2_pred_2,2
92260,5,-0.1296309232711792,Q3_pred_3,3
5754,3,-0.21227934956550598,Q1_pred_1,1
32870,4,-0.2536211311817169,Q1_pred_1,1
57519,3,-0.18139173090457916,Q2_pred_2,2
115088,3,-0.30163896083831787,Q1_pred_1,1
372392,4,0.06945395469665527,Q5_pred_5,5
373880,5,-0.14894458651542664,Q2_pred_2,2
27071,3,0.056010305881500244,Q5_pred_5,5
64595,4,-0.05072614550590515,Q4_pred_4,4
78737,3,-0.39713460206985474,Q1_pred_1,1
65652,3,0.1473313868045807,Q5_pred_5,5
181232,3,0.028581738471984863,Q5_pred_5,5
45022,3,0.040770091116428375,Q5_pred_5,5
15607,4,-0.22437362372875214,Q1_pred_1,1
69338,2,-0.04826894402503967,Q4_pred_4,4
214394,4,-0.3533230423927307,Q1_pred_1,1
61321,4,-0.04376170039176941,Q4_pred_4,4
427812,4,0.06943796575069427,Q5_pred_5,5
114136,1,-0.3909006714820862,Q1_pred_1,1
86419,4,-0.13143353164196014,Q2_pred_2,2
373361,4,0.008966922760009766,Q5_pred_5,5
24642,2,-0.06862960755825043,Q4_pred_4,4
171248,4,-0.15673282742500305,Q2_pred_2,2
270718,4,-0.06057625263929367,Q4_pred_4,4
158594,3,-0.05434195697307587,Q4_pred_4,4
239517,4,-0.30830907821655273,Q1_pred_1,1
236657,4,-0.0937921553850174,Q3_pred_3,3
171118,4,-0.04267171025276184,Q4_pred_4,4
257375,4,-0.25034958124160767,Q1_pred_1,1
79173,4,-0.07769941538572311,Q3_pred_3,3
26661,5,-0.10804756730794907,Q3_pred_3,3
352194,4,-0.0927024781703949,Q3_pred_3,3
276057,2,-0.26271936297416687,Q1_pred_1,1
352958,4,-0.06873513013124466,Q4_pred_4,4
35289,3,-0.27646389603614807,Q1_pred_1,1
354273,4,-0.21347355842590332,Q1_pred_1,1
424109,3,-0.010672539472579956,Q4_pred_4,4
42368,3,-0.2247811257839203,Q1_pred_1,1
356460,4,-0.0696754902601242,Q4_pred_4,4
204179,4,-0.14559447765350342,Q2_pred_2,2
320166,4,-0.21999061107635498,Q1_pred_1,1
18073,3,-0.25702303647994995,Q1_pred_1,1
273994,4,-0.11524496227502823,Q3_pred_3,3
105901,4,-0.2706771492958069,Q1_pred_1,1
274751,3,-0.1300969421863556,Q2_pred_2,2
131114,3,0.024671882390975952,Q5_pred_5,5
414805,4,-0.11158381402492523,Q3_pred_3,3
10867,3,-0.21386247873306274,Q1_pred_1,1
79277,2,-0.0008610635995864868,Q5_pred_5,5
64199,3,-0.16124987602233887,Q2_pred_2,2
373602,4,-0.1113276481628418,Q3_pred_3,3
268011,4,0.11124177277088165,Q5_pred_5,5
25691,4,-0.12241151928901672,Q3_pred_3,3
63378,3,-0.004571184515953064,Q5_pred_5,5
161933,3,0.052941709756851196,Q5_pred_5,5
249847,2,-0.055529236793518066,Q4_pred_4,4
325881,4,-0.006589211523532867,Q4_pred_4,4
248475,4,0.009733647108078003,Q5_pred_5,5
235190,2,-0.07067283987998962,Q4_pred_4,4
131239,3,-0.4745704233646393,Q1_pred_1,1
432115,4,-0.2911284565925598,Q1_pred_1,1
28440,4,-0.08820639550685883,Q3_pred_3,3
169933,4,0.032983049750328064,Q5_pred_5,5
374099,4,-0.004581347107887268,Q5_pred_5,5
57503,4,-0.008463263511657715,Q4_pred_4,4
133227,4,-0.05606476962566376,Q4_pred_4,4
33909,4,-0.09002518653869629,Q3_pred_3,3
11768,4,-0.10820836573839188,Q3_pred_3,3
63583,4,-0.21766501665115356,Q1_pred_1,1
61762,5,0.040563978254795074,Q5_pred_5,5
377584,3,-0.07560792565345764,Q3_pred_3,3
259590,4,-0.1884375512599945,Q2_pred_2,2
62256,2,0.11163122951984406,Q5_pred_5,5
236449,4,0.026070475578308105,Q5_pred_5,5
114165,3,-0.17304816842079163,Q2_pred_2,2
133792,2,-0.12387165427207947,Q3_pred_3,3
266481,4,-0.11128637939691544,Q3_pred_3,3
517,3,-0.2008230835199356,Q1_pred_1,1
156641,4,-0.08744692802429199,Q3_pred_3,3
28316,2,-0.005069121718406677,Q5_pred_5,5
143583,3,0.09716078639030457,Q5_pred_5,5
45125,3,-0.07706166058778763,Q3_pred_3,3
275891,2,0.07565437257289886,Q5_pred_5,5
10109,3,-0.22027453780174255,Q1_pred_1,1
183082,4,0.019281357526779175,Q5_pred_5,5
54754,3,-0.0587579607963562,Q4_pred_4,4
81992,4,0.1570611298084259,Q5_pred_5,5
157642,4,-0.25305283069610596,Q1_pred_1,1
110359,4,-0.026106998324394226,Q4_pred_4,4
155206,4,-0.2980634570121765,Q1_pred_1,1
26269,3,-0.44473448395729065,Q1_pred_1,1
51483,4,-0.2376120686531067,Q1_pred_1,1
379033,3,0.107235386967659,Q5_pred_5,5
343098,4,-0.15858542919158936,Q2_pred_2,2
96462,2,-0.26627224683761597,Q1_pred_1,1
2700,4,-0.09222134947776794,Q3_pred_3,3
204003,3,0.0010078363120555878,Q5_pred_5,5
32405,3,-0.019585758447647095,Q4_pred_4,4
114430,3,-0.000571131706237793,Q5_pred_5,5
29893,4,-0.0782390832901001,Q3_pred_3,3
467337,4,0.07966704666614532,Q5_pred_5,5
4854,4,-0.062145352363586426,Q4_pred_4,4
195544,4,-0.17319703102111816,Q2_pred_2,2
75949,4,-0.09638658165931702,Q3_pred_3,3
177605,4,-0.10999029874801636,Q3_pred_3,3
186944,3,0.11352294683456421,Q5_pred_5,5
217356,3,-0.17601759731769562,Q2_pred_2,2
20418,3,-0.17673638463020325,Q2_pred_2,2
38215,3,-0.2710056006908417,Q1_pred_1,1
241517,3,-0.007290855050086975,Q4_pred_4,4
383574,4,-0.22883911430835724,Q1_pred_1,1
11700,4,-0.10004281252622604,Q3_pred_3,3
137934,4,0.1058720201253891,Q5_pred_5,5
151723,2,-0.013958930969238281,Q4_pred_4,4
235103,4,-0.15942500531673431,Q2_pred_2,2
138125,2,-0.10311479866504669,Q3_pred_3,3
427196,3,-0.06747616827487946,Q4_pred_4,4
68382,4,-0.032853513956069946,Q4_pred_4,4
114336,3,-0.1851929873228073,Q2_pred_2,2
28756,4,-0.2731449604034424,Q1_pred_1,1
2713,2,-0.11969346553087234,Q3_pred_3,3
183750,4,0.019694477319717407,Q5_pred_5,5
108056,4,0.02126442641019821,Q5_pred_5,5
165285,4,-0.04313848912715912,Q4_pred_4,4
166238,4,-0.20055754482746124,Q1_pred_1,1
358195,4,-0.10960645973682404,Q3_pred_3,3
152331,4,0.035354405641555786,Q5_pred_5,5
371151,3,0.06722898781299591,Q5_pred_5,5
382589,1,-0.29205211997032166,Q1_pred_1,1
76661,3,-0.39958304166793823,Q1_pred_1,1
23756,4,-0.031460970640182495,Q4_pred_4,4
142762,4,0.012145400047302246,Q5_pred_5,5
10086,2,-0.2649948000907898,Q1_pred_1,1
192092,4,-0.025569915771484375,Q4_pred_4,4
166106,3,-0.1345513015985489,Q2_pred_2,2
427941,3,-0.1448165774345398,Q2_pred_2,2
28011,4,-0.14713701605796814,Q2_pred_2,2
40446,4,-0.01252812147140503,Q4_pred_4,4
20630,3,-0.21368075907230377,Q1_pred_1,1
64249,2,-0.05088886618614197,Q4_pred_4,4
186340,4,-0.12564101815223694,Q3_pred_3,3
77343,4,0.1009029969573021,Q5_pred_5,5
121222,4,-0.12099217623472214,Q3_pred_3,3
3466,4,0.201410174369812,Q5_pred_5,5
368347,4,-0.09931042045354843,Q3_pred_3,3
127373,3,-0.1556592434644699,Q2_pred_2,2
84103,4,-0.07265883684158325,Q4_pred_4,4
474796,3,0.053800880908966064,Q5_pred_5,5
327133,4,-0.18873533606529236,Q2_pred_2,2
374920,4,-0.10335689783096313,Q3_pred_3,3
45987,3,-0.05982637405395508,Q4_pred_4,4
28006,3,-0.0028861165046691895,Q5_pred_5,5
31259,4,-0.06979033350944519,Q4_pred_4,4
105833,4,-0.34090834856033325,Q1_pred_1,1
19799,4,-0.21799467504024506,Q1_pred_1,1
95323,3,-0.0867537260055542,Q3_pred_3,3
358306,5,-0.1424979567527771,Q2_pred_2,2
326959,4,-0.0627368837594986,Q4_pred_4,4
235418,4,-0.09724953770637512,Q3_pred_3,3
19154,4,-0.15779101848602295,Q2_pred_2,2
191849,4,-0.07680584490299225,Q3_pred_3,3
366335,4,-0.18419787287712097,Q2_pred_2,2
50295,3,-0.041947901248931885,Q4_pred_4,4
83986,3,-0.07409712672233582,Q3_pred_3,3
40320,4,0.0034304186701774597,Q5_pred_5,5
189381,4,0.12203241884708405,Q5_pred_5,5
142682,4,-0.03165207803249359,Q4_pred_4,4
138768,5,-0.042922839522361755,Q4_pred_4,4
148945,3,-0.21562844514846802,Q1_pred_1,1
153738,4,-0.06755687296390533,Q4_pred_4,4
423744,4,0.04672708362340927,Q5_pred_5,5
199173,4,-0.08152852207422256,Q3_pred_3,3
64100,3,-0.0716872587800026,Q4_pred_4,4
59031,4,-0.0779905617237091,Q3_pred_3,3
40396,3,-0.02702191472053528,Q4_pred_4,4
135208,4,-0.14155492186546326,Q2_pred_2,2
37940,3,-0.049812763929367065,Q4_pred_4,4
254621,5,-0.04073473811149597,Q4_pred_4,4
138571,5,-0.09775727987289429,Q3_pred_3,3
151354,4,-0.1811642348766327,Q2_pred_2,2
52758,3,-0.17492808401584625,Q2_pred_2,2
76892,4,-0.2091064602136612,Q1_pred_1,1
356449,4,-0.05680539458990097,Q4_pred_4,4
111776,4,-0.03933269530534744,Q4_pred_4,4
399351,4,-0.07036055624485016,Q4_pred_4,4
360063,4,-0.10331548750400543,Q3_pred_3,3
53786,4,-0.167308047413826,Q2_pred_2,2
27355,2,0.10058611631393433,Q5_pred_5,5
29214,4,-0.08767562359571457,Q3_pred_3,3
193809,3,-0.08097872138023376,Q3_pred_3,3
137602,4,-0.08522559702396393,Q3_pred_3,3
10825,3,-0.09409192204475403,Q3_pred_3,3
11823,3,-0.19842568039894104,Q1_pred_1,1
29503,4,-0.3286045491695404,Q1_pred_1,1
76648,3,-0.02024109661579132,Q4_pred_4,4
94010,4,0.011541247367858887,Q5_pred_5,5
231495,4,-0.0929931178689003,Q3_pred_3,3
420264,4,0.03980708867311478,Q5_pred_5,5
101834,3,-0.11696170270442963,Q3_pred_3,3
104609,3,-0.24974270164966583,Q1_pred_1,1
60638,4,-0.07574780285358429,Q3_pred_3,3
38293,3,-0.1437605321407318,Q2_pred_2,2
177887,3,-0.07039883732795715,Q4_pred_4,4
114145,4,-0.13202545046806335,Q2_pred_2,2
379260,4,-0.12359346449375153,Q3_pred_3,3
372853,3,-0.06583049893379211,Q4_pred_4,4
232929,3,0.0978134423494339,Q5_pred_5,5
414358,4,-0.09473352879285812,Q3_pred_3,3
333610,4,0.024494826793670654,Q5_pred_5,5
163115,4,0.08764763176441193,Q5_pred_5,5
49235,4,-0.04133711755275726,Q4_pred_4,4
210319,4,-0.12177934497594833,Q3_pred_3,3
18456,4,0.14925099909305573,Q5_pred_5,5
29920,4,-0.16795319318771362,Q2_pred_2,2
76418,4,-0.14789655804634094,Q2_pred_2,2
19761,4,-0.18158556520938873,Q2_pred_2,2
247234,3,-0.09149646013975143,Q3_pred_3,3
105831,4,-0.28501129150390625,Q1_pred_1,1
247735,5,-0.18018360435962677,Q2_pred_2,2
427387,3,-0.06410951912403107,Q4_pred_4,4
554,5,-0.32334190607070923,Q1_pred_1,1
50569,3,-0.2235376238822937,Q1_pred_1,1
67182,3,-0.24491183459758759,Q1_pred_1,1
173096,4,-0.13754816353321075,Q2_pred_2,2
127590,4,-0.1868544965982437,Q2_pred_2,2
12956,3,-0.2287794053554535,Q1_pred_1,1
193966,3,-0.18040043115615845,Q2_pred_2,2
156728,3,-0.23161514103412628,Q1_pred_1,1
144676,4,-0.06621113419532776,Q4_pred_4,4
262426,4,-0.11164848506450653,Q3_pred_3,3
214420,3,-0.2825799882411957,Q1_pred_1,1
137429,4,-0.06319867819547653,Q4_pred_4,4
354999,4,-0.15174059569835663,Q2_pred_2,2
45819,4,-0.11091665178537369,Q3_pred_3,3
160767,3,-0.2438136637210846,Q1_pred_1,1
130650,3,-0.29357224702835083,Q1_pred_1,1
64290,4,0.12788371741771698,Q5_pred_5,5
343901,4,-0.0765160545706749,Q3_pred_3,3
245200,4,-0.20440560579299927,Q1_pred_1,1
171168,3,-0.18740253150463104,Q2_pred_2,2
120823,4,0.01842239499092102,Q5_pred_5,5
11923,4,-0.11123891919851303,Q3_pred_3,3
185999,3,-0.013447433710098267,Q4_pred_4,4
248775,4,0.022433549165725708,Q5_pred_5,5
268215,4,-0.26695239543914795,Q1_pred_1,1
420324,4,0.003489375114440918,Q5_pred_5,5
189386,4,0.04632536694407463,Q5_pred_5,5
94687,3,-0.11953665316104889,Q3_pred_3,3
120674,3,0.21385115385055542,Q5_pred_5,5
45405,2,-0.18067942559719086,Q2_pred_2,2
372481,4,0.07849627733230591,Q5_pred_5,5
72340,4,-0.1366792619228363,Q2_pred_2,2
56950,4,0.0880458801984787,Q5_pred_5,5
110160,2,-0.14158521592617035,Q2_pred_2,2
91584,3,-0.2679279148578644,Q1_pred_1,1
210631,4,-0.14617235958576202,Q2_pred_2,2
373333,4,0.024510443210601807,Q5_pred_5,5
6305,4,-0.22155138850212097,Q1_pred_1,1
153690,4,-0.1542505919933319,Q2_pred_2,2
109483,4,0.06246674060821533,Q5_pred_5,5
156799,2,-0.1885874718427658,Q2_pred_2,2
59457,4,-0.18833383917808533,Q2_pred_2,2
464325,4,-0.07575248181819916,Q3_pred_3,3
42814,4,-0.11987287551164627,Q3_pred_3,3
423106,3,-0.05013711750507355,Q4_pred_4,4
170857,3,0.05088973045349121,Q5_pred_5,5
139988,3,-0.1387321650981903,Q2_pred_2,2
321643,3,-0.1190769374370575,Q3_pred_3,3
86972,3,-0.20936772227287292,Q1_pred_1,1
239333,3,-0.09606806933879852,Q3_pred_3,3
59773,3,-0.17221105098724365,Q2_pred_2,2
388826,3,-0.2383347749710083,Q1_pred_1,1
10088,2,-0.15168002247810364,Q2_pred_2,2
345264,4,-0.14479178190231323,Q2_pred_2,2
431435,2,-0.26520898938179016,Q1_pred_1,1
189626,3,-0.17702177166938782,Q2_pred_2,2
77061,2,-0.3462693691253662,Q1_pred_1,1
114070,2,-0.11416950821876526,Q3_pred_3,3
171194,5,0.030993729829788208,Q5_pred_5,5
397588,3,-0.02950000762939453,Q4_pred_4,4
10495,4,-0.13601921498775482,Q2_pred_2,2
64716,4,0.07576988637447357,Q5_pred_5,5
211707,4,0.12021809816360474,Q5_pred_5,5
140151,3,-0.043001964688301086,Q4_pred_4,4
96780,4,-0.2697075605392456,Q1_pred_1,1
167538,3,-0.1125275045633316,Q3_pred_3,3
139307,3,-0.04960308223962784,Q4_pred_4,4
42722,4,-0.16971144080162048,Q2_pred_2,2
76645,3,-0.003404952585697174,Q5_pred_5,5
235114,4,-0.1310526728630066,Q2_pred_2,2
30033,3,-0.2504175007343292,Q1_pred_1,1
91077,4,-0.12023952603340149,Q3_pred_3,3
343945,4,-0.1282007247209549,Q3_pred_3,3
254294,4,-0.20394226908683777,Q1_pred_1,1
11034,2,-0.1819296032190323,Q2_pred_2,2
169102,4,-0.23251265287399292,Q1_pred_1,1
54885,3,-0.029460715129971504,Q4_pred_4,4
115413,4,-0.09741955995559692,Q3_pred_3,3
337818,4,-0.055130235850811005,Q4_pred_4,4
251034,3,-0.09156006574630737,Q3_pred_3,3
183346,3,-0.07775446772575378,Q3_pred_3,3
5662,4,-0.009667813777923584,Q4_pred_4,4
146483,5,-0.03225722163915634,Q4_pred_4,4
105834,3,-0.32257014513015747,Q1_pred_1,1
89866,3,-0.13139532506465912,Q2_pred_2,2
187359,4,0.069122314453125,Q5_pred_5,5
2889,4,-0.05092928558588028,Q4_pred_4,4
75299,3,-0.17968009412288666,Q2_pred_2,2
276563,4,-0.013320088386535645,Q4_pred_4,4
33123,4,-0.07159672677516937,Q4_pred_4,4
357412,4,-0.020361974835395813,Q4_pred_4,4
41051,2,-0.2448255717754364,Q1_pred_1,1
356875,4,-0.11784520745277405,Q3_pred_3,3
32765,4,-0.1848634034395218,Q2_pred_2,2
65995,3,-0.3481414318084717,Q1_pred_1,1
356584,4,-0.06127496063709259,Q4_pred_4,4
169693,4,-0.06430351734161377,Q4_pred_4,4
6926,4,-0.03260883688926697,Q4_pred_4,4
860,4,-0.12957903742790222,Q3_pred_3,3
65398,4,-0.2793824374675751,Q1_pred_1,1
386103,3,-0.1296241730451584,Q3_pred_3,3
204641,4,-0.37627094984054565,Q1_pred_1,1
211676,4,-0.0575125515460968,Q4_pred_4,4
151717,3,-0.230201855301857,Q1_pred_1,1
341609,3,-0.20175473392009735,Q1_pred_1,1
72270,4,0.005633920431137085,Q5_pred_5,5
184635,4,-0.28365257382392883,Q1_pred_1,1
49799,4,-0.025658994913101196,Q4_pred_4,4
198394,4,-0.16496062278747559,Q2_pred_2,2
412806,4,0.0037694983184337616,Q5_pred_5,5
358661,4,-0.11349992454051971,Q3_pred_3,3
419005,4,-0.04475468769669533,Q4_pred_4,4
113290,4,-0.2509314715862274,Q1_pred_1,1
372734,4,-0.2366873025894165,Q1_pred_1,1
236647,4,0.031372688710689545,Q5_pred_5,5
91557,4,-0.11853444576263428,Q3_pred_3,3
424110,3,-0.11571657657623291,Q3_pred_3,3
126334,4,-0.16945523023605347,Q2_pred_2,2
357663,4,-0.13258451223373413,Q2_pred_2,2
212735,3,-0.11321933567523956,Q3_pred_3,3
343741,4,-0.07655942440032959,Q3_pred_3,3
37890,4,-0.12344154715538025,Q3_pred_3,3
222304,4,-0.04811444878578186,Q4_pred_4,4
169093,4,-0.2505623400211334,Q1_pred_1,1
86409,4,-0.17357754707336426,Q2_pred_2,2
327127,4,0.004159778356552124,Q5_pred_5,5
145535,3,-0.1270636022090912,Q3_pred_3,3
143956,4,-0.049931056797504425,Q4_pred_4,4
341199,4,-0.11273664236068726,Q3_pred_3,3
125370,3,-0.23916366696357727,Q1_pred_1,1
71864,3,-0.3660993278026581,Q1_pred_1,1
105933,3,-0.08003509044647217,Q3_pred_3,3
91978,4,-0.24107520282268524,Q1_pred_1,1
114106,4,-0.05623298138380051,Q4_pred_4,4
120444,4,-0.29610198736190796,Q1_pred_1,1
144743,4,-0.04050128534436226,Q4_pred_4,4
71662,3,-0.241628035902977,Q1_pred_1,1
153846,4,-0.15769541263580322,Q2_pred_2,2
106438,4,-0.10344846546649933,Q3_pred_3,3
166793,4,-0.4438267648220062,Q1_pred_1,1
95765,4,-0.16230669617652893,Q2_pred_2,2
22517,4,-0.07338225841522217,Q3_pred_3,3
63966,4,-0.15315917134284973,Q2_pred_2,2
63242,3,-0.1388780176639557,Q2_pred_2,2
167448,4,-0.006394296884536743,Q4_pred_4,4
387162,4,-0.23301175236701965,Q1_pred_1,1
185491,4,-0.07826712727546692,Q3_pred_3,3
387766,4,-0.18144294619560242,Q2_pred_2,2
74926,4,-0.18777675926685333,Q2_pred_2,2
355922,4,-0.22601988911628723,Q1_pred_1,1
36771,4,-0.18229028582572937,Q2_pred_2,2
152912,4,-0.10400042682886124,Q3_pred_3,3
128054,4,-0.33044901490211487,Q1_pred_1,1
76318,3,-0.4011666178703308,Q1_pred_1,1
29453,4,-0.1729821264743805,Q2_pred_2,2
16636,4,-0.02472798526287079,Q4_pred_4,4
67339,4,0.0338081419467926,Q5_pred_5,5
105510,4,-0.4300965666770935,Q1_pred_1,1
136401,4,-0.24008437991142273,Q1_pred_1,1
373691,4,0.06464412808418274,Q5_pred_5,5
4057,3,-0.06994663178920746,Q4_pred_4,4
113340,4,-0.004833728075027466,Q5_pred_5,5
107823,3,-0.15172924101352692,Q2_pred_2,2
22871,4,-0.023221805691719055,Q4_pred_4,4
424392,4,-0.05048849433660507,Q4_pred_4,4
86449,4,-0.13478589057922363,Q2_pred_2,2
55904,4,-0.16042432188987732,Q2_pred_2,2
13779,3,0.16137142479419708,Q5_pred_5,5
44359,4,0.015965759754180908,Q5_pred_5,5
87071,4,-0.0992758721113205,Q3_pred_3,3
52062,3,-0.08378006517887115,Q3_pred_3,3
26948,4,-0.14195764064788818,Q2_pred_2,2
185733,4,0.015319675207138062,Q5_pred_5,5
137919,4,0.14662472903728485,Q5_pred_5,5
154223,4,0.018943607807159424,Q5_pred_5,5
200887,4,-0.2371637374162674,Q1_pred_1,1
82788,4,0.11085988581180573,Q5_pred_5,5
355291,4,0.006163805723190308,Q5_pred_5,5
158649,4,-0.06519182026386261,Q4_pred_4,4
94607,4,-0.08038774132728577,Q3_pred_3,3
77466,4,-0.1639309823513031,Q2_pred_2,2
276574,4,-0.3121224343776703,Q1_pred_1,1
162751,3,0.19399170577526093,Q5_pred_5,5
259173,3,-0.07604814320802689,Q3_pred_3,3
153283,2,-0.0992332249879837,Q3_pred_3,3
374975,4,-0.0656467080116272,Q4_pred_4,4
12777,3,0.020162031054496765,Q5_pred_5,5
86452,4,-0.1101650595664978,Q3_pred_3,3
13698,4,-0.19291521608829498,Q2_pred_2,2
28856,4,-0.2840726375579834,Q1_pred_1,1
26548,4,-0.12707147002220154,Q3_pred_3,3
10749,3,-0.18993902206420898,Q2_pred_2,2
455582,3,-0.06834126263856888,Q4_pred_4,4
247907,4,-0.12847572565078735,Q3_pred_3,3
248745,5,-0.03005710057914257,Q4_pred_4,4
76575,3,-0.288930207490921,Q1_pred_1,1
371382,2,-0.3662192225456238,Q1_pred_1,1
367078,4,-0.036115676164627075,Q4_pred_4,4
383368,3,-0.07409074157476425,Q3_pred_3,3
859,4,-0.19353242218494415,Q2_pred_2,2
59604,3,-0.2964314818382263,Q1_pred_1,1
156710,2,-0.19999198615550995,Q1_pred_1,1
356130,4,-0.249607652425766,Q1_pred_1,1
253525,4,-0.16819606721401215,Q2_pred_2,2
201814,3,-0.24604792892932892,Q1_pred_1,1
391430,4,0.0060363635420799255,Q5_pred_5,5
121132,4,0.18092453479766846,Q5_pred_5,5
57388,4,-0.13807015120983124,Q2_pred_2,2
157462,3,-0.40995457768440247,Q1_pred_1,1
8002,3,-0.18458610773086548,Q2_pred_2,2
97033,3,-0.1208304762840271,Q3_pred_3,3
356806,3,-0.05211390554904938,Q4_pred_4,4
220585,3,-0.29983192682266235,Q1_pred_1,1
411542,4,0.04267388582229614,Q5_pred_5,5
79761,4,-0.1894805133342743,Q2_pred_2,2
73111,4,-0.15008245408535004,Q2_pred_2,2
149180,4,0.018779918551445007,Q5_pred_5,5
156738,3,-0.2542001008987427,Q1_pred_1,1
329760,4,-0.07615643739700317,Q3_pred_3,3
42725,4,0.2699669599533081,Q5_pred_5,5
114135,2,-0.1557316780090332,Q2_pred_2,2
82262,3,-0.21792291104793549,Q1_pred_1,1
145803,3,-0.15181565284729004,Q2_pred_2,2
155301,3,-0.287458211183548,Q1_pred_1,1
8006,3,-0.05610758066177368,Q4_pred_4,4
145482,4,0.0898364931344986,Q5_pred_5,5
18172,3,-0.16033029556274414,Q2_pred_2,2
66319,4,-0.04359812289476395,Q4_pred_4,4
168875,4,-0.12178228795528412,Q3_pred_3,3
354233,4,-0.23407810926437378,Q1_pred_1,1
14486,3,-0.13786669075489044,Q2_pred_2,2
120669,3,0.1791839301586151,Q5_pred_5,5
361443,4,-0.028900146484375,Q4_pred_4,4
204126,4,-0.10409821569919586,Q3_pred_3,3
243415,4,-0.00035350024700164795,Q5_pred_5,5
81652,4,-0.1567089855670929,Q2_pred_2,2
1167,4,-0.29030683636665344,Q1_pred_1,1
326851,4,-0.03151591122150421,Q4_pred_4,4
260623,3,0.04117310047149658,Q5_pred_5,5
47683,3,0.01353946328163147,Q5_pred_5,5
121764,4,-0.3322906494140625,Q1_pred_1,1
366102,3,-0.2584530711174011,Q1_pred_1,1
147905,4,-0.25601932406425476,Q1_pred_1,1
127562,3,-0.09618566185235977,Q3_pred_3,3
247080,4,-0.11350566148757935,Q3_pred_3,3
57382,4,-0.29683178663253784,Q1_pred_1,1
78845,3,0.007457271218299866,Q5_pred_5,5
243799,3,0.05621424317359924,Q5_pred_5,5
38571,4,-0.12909263372421265,Q3_pred_3,3
358260,4,-0.17342129349708557,Q2_pred_2,2
236529,2,-0.26393795013427734,Q1_pred_1,1
14314,4,0.02849757671356201,Q5_pred_5,5
19085,4,0.06342971324920654,Q5_pred_5,5
48409,3,-0.16688871383666992,Q2_pred_2,2
183809,4,0.017868995666503906,Q5_pred_5,5
6833,3,-0.1875661462545395,Q2_pred_2,2
182951,4,0.008059203624725342,Q5_pred_5,5
10735,3,-0.012668848037719727,Q4_pred_4,4
179200,4,-0.06513337790966034,Q4_pred_4,4
368376,4,-0.13007837533950806,Q2_pred_2,2
420226,3,-0.2826964557170868,Q1_pred_1,1
196084,4,-0.03458280861377716,Q4_pred_4,4
454617,4,0.09602348506450653,Q5_pred_5,5
107717,5,-0.01661171019077301,Q4_pred_4,4
144336,4,-0.00896383821964264,Q4_pred_4,4
256422,4,-0.09704345464706421,Q3_pred_3,3
418413,4,-0.04340815544128418,Q4_pred_4,4
41050,4,-0.4428243637084961,Q1_pred_1,1
402555,3,-0.19056765735149384,Q2_pred_2,2
415395,4,-0.015748322010040283,Q4_pred_4,4
171046,3,-0.02637140452861786,Q4_pred_4,4
374510,4,-0.207394540309906,Q1_pred_1,1
55962,4,-0.062022462487220764,Q4_pred_4,4
199151,4,-0.18132193386554718,Q2_pred_2,2
237083,3,-0.275980681180954,Q1_pred_1,1
28098,4,-0.14932245016098022,Q2_pred_2,2
65716,3,0.05743012577295303,Q5_pred_5,5
428753,4,-0.1592399775981903,Q2_pred_2,2
257924,4,-0.21059159934520721,Q1_pred_1,1
96802,4,-0.26431867480278015,Q1_pred_1,1
86465,4,-0.1534111499786377,Q2_pred_2,2
11546,4,-0.09242133051156998,Q3_pred_3,3
167243,3,-0.16068357229232788,Q2_pred_2,2
362817,3,-0.22054846584796906,Q1_pred_1,1
250741,4,-0.21435546875,Q1_pred_1,1
90290,3,-0.10510461032390594,Q3_pred_3,3
146001,4,-0.01765204221010208,Q4_pred_4,4
178434,4,-0.2124791443347931,Q1_pred_1,1
343418,4,0.05832746624946594,Q5_pred_5,5
3901,3,0.06779259443283081,Q5_pred_5,5
150364,3,-0.09224853664636612,Q3_pred_3,3
156673,4,-0.1001804992556572,Q3_pred_3,3
25522,3,-0.33970892429351807,Q1_pred_1,1
335764,4,-0.0011149495840072632,Q5_pred_5,5
13235,4,-0.16927412152290344,Q2_pred_2,2
95743,2,-0.06758202612400055,Q4_pred_4,4
111789,4,-0.19374406337738037,Q2_pred_2,2
162089,4,-0.1418818235397339,Q2_pred_2,2
60909,4,-0.11005476117134094,Q3_pred_3,3
415379,3,-0.2665523290634155,Q1_pred_1,1
173907,4,-0.06428967416286469,Q4_pred_4,4
334468,4,0.09041744470596313,Q5_pred_5,5
344024,4,-0.2206697165966034,Q1_pred_1,1
73103,4,-0.06396360695362091,Q4_pred_4,4
135844,4,-0.06054401397705078,Q4_pred_4,4
54353,3,-0.2959985136985779,Q1_pred_1,1
334088,4,0.0927811861038208,Q5_pred_5,5
131022,4,0.04184052348136902,Q5_pred_5,5
236544,4,-0.10149821639060974,Q3_pred_3,3
275466,4,0.038712143898010254,Q5_pred_5,5
128830,4,0.020294412970542908,Q5_pred_5,5
4244,4,-0.255919873714447,Q1_pred_1,1
250715,4,-0.15227708220481873,Q2_pred_2,2
94632,3,-0.17707985639572144,Q2_pred_2,2
97624,4,-0.22426792979240417,Q1_pred_1,1
32157,4,-0.2711189389228821,Q1_pred_1,1
19821,4,0.005901068449020386,Q5_pred_5,5
58385,3,-0.16376221179962158,Q2_pred_2,2
329116,4,-0.10911202430725098,Q3_pred_3,3
48058,4,-0.13203129172325134,Q2_pred_2,2
102100,4,-0.16604921221733093,Q2_pred_2,2
84681,4,-0.08211901783943176,Q3_pred_3,3
45526,4,-0.1842477023601532,Q2_pred_2,2
337754,4,-0.15799108147621155,Q2_pred_2,2
18807,4,-0.055063262581825256,Q4_pred_4,4
407028,4,-0.08766400814056396,Q3_pred_3,3
105767,4,-0.27465155720710754,Q1_pred_1,1
59615,3,-0.16822214424610138,Q2_pred_2,2
61531,4,-0.12844473123550415,Q3_pred_3,3
28586,5,0.07680702209472656,Q5_pred_5,5
171072,3,-0.22803857922554016,Q1_pred_1,1
39519,5,0.0624295175075531,Q5_pred_5,5
216369,3,-0.1536141037940979,Q2_pred_2,2
110920,3,-0.11140451580286026,Q3_pred_3,3
71126,4,-0.2637845277786255,Q1_pred_1,1
42187,4,-0.19608601927757263,Q2_pred_2,2
38269,4,-0.15535907447338104,Q2_pred_2,2
29713,4,-0.1379292756319046,Q2_pred_2,2
40565,3,-0.14470824599266052,Q2_pred_2,2
161367,3,-0.10420331358909607,Q3_pred_3,3
383651,4,-0.312181293964386,Q1_pred_1,1
145531,3,-0.14720144867897034,Q2_pred_2,2
249715,4,0.004384234547615051,Q5_pred_5,5
84441,4,-0.03197190910577774,Q4_pred_4,4
137596,4,-0.08395825326442719,Q3_pred_3,3
360786,4,-0.2044241726398468,Q1_pred_1,1
118946,4,-0.24202287197113037,Q1_pred_1,1
56075,3,-0.11928555369377136,Q3_pred_3,3
57995,4,-0.3221902847290039,Q1_pred_1,1
356505,4,-0.0036458373069763184,Q5_pred_5,5
10873,2,-0.17111754417419434,Q2_pred_2,2
8239,4,-0.20621095597743988,Q1_pred_1,1
95051,3,-0.08936965465545654,Q3_pred_3,3
254310,4,-0.15970459580421448,Q2_pred_2,2
144342,4,0.1394503265619278,Q5_pred_5,5
249893,3,0.056841276586055756,Q5_pred_5,5
24242,4,-0.05505356192588806,Q4_pred_4,4
159998,3,-0.2927749752998352,Q1_pred_1,1
86423,4,-0.2518615424633026,Q1_pred_1,1
63710,3,0.008956074714660645,Q5_pred_5,5
359507,4,-0.23468101024627686,Q1_pred_1,1
239464,4,-0.2217114120721817,Q1_pred_1,1
12788,3,-0.044860512018203735,Q4_pred_4,4
87633,4,0.06243258714675903,Q5_pred_5,5
348654,4,-0.08031588047742844,Q3_pred_3,3
108806,4,-0.014508739113807678,Q4_pred_4,4
96974,4,-0.06411700695753098,Q4_pred_4,4
81272,4,-0.04352492094039917,Q4_pred_4,4
39983,4,-0.016359373927116394,Q4_pred_4,4
169072,3,-0.031222477555274963,Q4_pred_4,4
112175,4,-0.24980683624744415,Q1_pred_1,1
95549,3,-0.23932383954524994,Q1_pred_1,1
66134,3,-0.1251750886440277,Q3_pred_3,3
212988,4,-0.08929559588432312,Q3_pred_3,3
88850,3,-0.11272765696048737,Q3_pred_3,3
54422,4,-0.27612560987472534,Q1_pred_1,1
83815,5,-0.2103753387928009,Q1_pred_1,1
99255,3,-0.11389780044555664,Q3_pred_3,3
107737,4,-0.03374481201171875,Q4_pred_4,4
175143,4,-0.15458963811397552,Q2_pred_2,2
396530,4,-0.06671328842639923,Q4_pred_4,4
169805,4,-0.10231610387563705,Q3_pred_3,3
84074,4,-0.0988653302192688,Q3_pred_3,3
95015,3,-0.22981584072113037,Q1_pred_1,1
214589,4,-0.3922792375087738,Q1_pred_1,1
235119,4,-0.15972377359867096,Q2_pred_2,2
80646,4,0.06637094169855118,Q5_pred_5,5
223272,3,0.15135709941387177,Q5_pred_5,5
15224,3,-0.06504220515489578,Q4_pred_4,4
168744,3,-0.12509042024612427,Q3_pred_3,3
382855,4,-0.07807068526744843,Q3_pred_3,3
50955,4,-0.13540960848331451,Q2_pred_2,2
63834,4,-0.07941898703575134,Q3_pred_3,3
247179,4,-0.1294625848531723,Q3_pred_3,3
406667,3,-0.12195056676864624,Q3_pred_3,3
193670,4,0.00862153060734272,Q5_pred_5,5
270753,4,0.0062387362122535706,Q5_pred_5,5
191535,4,-0.07953877747058868,Q3_pred_3,3
156730,2,-0.2887929677963257,Q1_pred_1,1
359243,5,-0.04365076869726181,Q4_pred_4,4
111076,4,-0.15794023871421814,Q2_pred_2,2
27064,4,-0.21930506825447083,Q1_pred_1,1
23078,4,-0.24087680876255035,Q1_pred_1,1
331158,4,-0.03994564712047577,Q4_pred_4,4
91991,3,-0.06687892973423004,Q4_pred_4,4
316895,4,0.02386544644832611,Q5_pred_5,5
257430,4,0.13551752269268036,Q5_pred_5,5
27313,3,-0.11316704750061035,Q3_pred_3,3
13644,3,-0.30225515365600586,Q1_pred_1,1
323459,4,-0.1450376808643341,Q2_pred_2,2
137913,4,0.06932079792022705,Q5_pred_5,5
146464,4,-0.10159115493297577,Q3_pred_3,3
155265,3,-0.1398560106754303,Q2_pred_2,2
11586,4,0.02510754019021988,Q5_pred_5,5
47285,4,-0.2609618902206421,Q1_pred_1,1
359718,4,0.00028140097856521606,Q5_pred_5,5
142806,4,-0.07259206473827362,Q4_pred_4,4
28490,4,0.18961483240127563,Q5_pred_5,5
32613,4,-0.22564007341861725,Q1_pred_1,1
114625,1,-0.26417821645736694,Q1_pred_1,1
44649,4,0.0972515344619751,Q5_pred_5,5
186475,4,0.05048254132270813,Q5_pred_5,5
427615,4,-0.20339331030845642,Q1_pred_1,1
420629,4,0.12092632055282593,Q5_pred_5,5
71963,4,-0.008201293647289276,Q4_pred_4,4
205732,3,-0.04244384169578552,Q4_pred_4,4
37285,3,0.0021606385707855225,Q5_pred_5,5
67824,4,-0.14993159472942352,Q2_pred_2,2
29466,4,-0.2572014629840851,Q1_pred_1,1
69546,3,-0.08227363228797913,Q3_pred_3,3
423848,4,-0.14688560366630554,Q2_pred_2,2
126758,3,-0.10244391858577728,Q3_pred_3,3
251150,5,-0.014605239033699036,Q4_pred_4,4
126863,4,0.1334080547094345,Q5_pred_5,5
123720,4,-0.021346092224121094,Q4_pred_4,4
199255,4,-0.0016193687915802002,Q5_pred_5,5
247019,4,-0.016397781670093536,Q4_pred_4,4
40980,3,0.04389423131942749,Q5_pred_5,5
17697,4,0.059831082820892334,Q5_pred_5,5
31057,4,-0.10822927951812744,Q3_pred_3,3
381152,3,-0.11942321062088013,Q3_pred_3,3
355910,4,-0.1826193928718567,Q2_pred_2,2
33481,4,-0.07673945277929306,Q3_pred_3,3
19199,3,-0.07952602952718735,Q3_pred_3,3
343942,4,-0.1598985493183136,Q2_pred_2,2
53944,4,-0.0037553757429122925,Q5_pred_5,5
316084,5,0.12797418236732483,Q5_pred_5,5
199037,4,-0.11847293376922607,Q3_pred_3,3
35037,3,-0.039417609572410583,Q4_pred_4,4
373938,3,0.07644790410995483,Q5_pred_5,5
69947,4,-0.06368531286716461,Q4_pred_4,4
340557,4,0.01952013373374939,Q5_pred_5,5
191517,4,-0.12243460863828659,Q3_pred_3,3
17511,3,-0.09294591844081879,Q3_pred_3,3
77912,4,-0.013384044170379639,Q4_pred_4,4
26140,3,-0.23902979493141174,Q1_pred_1,1
344553,3,-0.13454148173332214,Q2_pred_2,2
62892,3,-0.08462890982627869,Q3_pred_3,3
219778,4,-0.027865033596754074,Q4_pred_4,4
31738,4,-0.09901191294193268,Q3_pred_3,3
111357,4,0.06403765082359314,Q5_pred_5,5
125344,4,-0.04709893465042114,Q4_pred_4,4
10491,4,-0.10376209020614624,Q3_pred_3,3
252348,4,-0.09666050970554352,Q3_pred_3,3
193867,3,-0.12259143590927124,Q3_pred_3,3
320300,3,-0.23764395713806152,Q1_pred_1,1
371554,4,0.0638035237789154,Q5_pred_5,5
113999,3,-0.14682355523109436,Q2_pred_2,2
64815,4,0.009323269128799438,Q5_pred_5,5
212787,4,-0.11363154649734497,Q3_pred_3,3
93878,4,-0.001413986086845398,Q5_pred_5,5
137944,3,0.06333481520414352,Q5_pred_5,5
418570,4,-0.1144157350063324,Q3_pred_3,3
470704,3,-0.4216243326663971,Q1_pred_1,1
382833,4,-0.02832074463367462,Q4_pred_4,4
153661,4,-0.12403535842895508,Q3_pred_3,3
378012,4,-0.23722803592681885,Q1_pred_1,1
13896,3,-0.003642752766609192,Q5_pred_5,5
39160,5,0.12139326333999634,Q5_pred_5,5
331365,5,0.08857831358909607,Q5_pred_5,5
165229,4,-0.21859297156333923,Q1_pred_1,1
386610,4,-0.03834226727485657,Q4_pred_4,4
386215,4,-0.006573069840669632,Q4_pred_4,4
15355,4,-0.16062375903129578,Q2_pred_2,2
38271,4,-0.07939161360263824,Q3_pred_3,3
182723,4,-0.13398145139217377,Q2_pred_2,2
426596,4,-0.10684813559055328,Q3_pred_3,3
111775,4,-0.10369251668453217,Q3_pred_3,3
341736,3,-0.028087293729186058,Q4_pred_4,4
86681,4,-0.0017397254705429077,Q5_pred_5,5
84835,4,-0.1787872612476349,Q2_pred_2,2
66109,4,-0.1828867346048355,Q2_pred_2,2
114168,3,-0.1836409568786621,Q2_pred_2,2
260933,4,0.08157964050769806,Q5_pred_5,5
245676,3,-0.08331233263015747,Q3_pred_3,3
127563,4,-0.03315258026123047,Q4_pred_4,4
154065,4,-0.054272666573524475,Q4_pred_4,4
119667,4,-0.1259639412164688,Q3_pred_3,3
93299,4,-0.04119616746902466,Q4_pred_4,4
162127,3,-0.26295244693756104,Q1_pred_1,1
13774,3,-0.13723140954971313,Q2_pred_2,2
86472,4,-0.11004193127155304,Q3_pred_3,3
274481,3,-0.1932825893163681,Q2_pred_2,2
16218,4,-0.0070771872997283936,Q4_pred_4,4
154295,4,-0.10022982954978943,Q3_pred_3,3
374351,4,-0.1888156235218048,Q2_pred_2,2
343947,4,-0.12313912808895111,Q3_pred_3,3
10570,4,-0.2276979237794876,Q1_pred_1,1
21,4,-0.11111335456371307,Q3_pred_3,3
241498,4,-0.061136484146118164,Q4_pred_4,4
23077,4,-0.33276477456092834,Q1_pred_1,1
393237,4,-0.16635942459106445,Q2_pred_2,2
17508,4,-0.06421232968568802,Q4_pred_4,4
76251,3,-0.30138692259788513,Q1_pred_1,1
40210,4,0.0682872086763382,Q5_pred_5,5
6185,3,-0.13296127319335938,Q2_pred_2,2
143246,3,-0.15895211696624756,Q2_pred_2,2
378262,4,-0.07560304552316666,Q3_pred_3,3
21119,3,-0.22276288270950317,Q1_pred_1,1
55730,3,-0.28989696502685547,Q1_pred_1,1
12982,4,-0.2315383404493332,Q1_pred_1,1
415016,2,0.010781019926071167,Q5_pred_5,5
214512,4,-0.03012455254793167,Q4_pred_4,4
22951,4,-0.19437220692634583,Q2_pred_2,2
3112,4,-0.11532224714756012,Q3_pred_3,3
67647,4,0.09442996978759766,Q5_pred_5,5
236641,4,-0.15818798542022705,Q2_pred_2,2
256417,4,-0.017154335975646973,Q4_pred_4,4
94920,4,0.03069709986448288,Q5_pred_5,5
35131,4,0.06712818145751953,Q5_pred_5,5
86396,4,-0.24272355437278748,Q1_pred_1,1
109742,3,-0.27118390798568726,Q1_pred_1,1
99227,4,0.04211831092834473,Q5_pred_5,5
393911,4,-0.14930108189582825,Q2_pred_2,2
357589,4,-0.04722064733505249,Q4_pred_4,4
164381,4,-0.25811734795570374,Q1_pred_1,1
121567,4,0.14046835899353027,Q5_pred_5,5
156569,3,-0.14936606585979462,Q2_pred_2,2
425792,4,-0.27987056970596313,Q1_pred_1,1
16026,2,-0.22038713097572327,Q1_pred_1,1
114504,3,0.15856215357780457,Q5_pred_5,5
315940,4,-0.17138835787773132,Q2_pred_2,2
15718,4,-0.33979102969169617,Q1_pred_1,1
247603,4,-0.15957117080688477,Q2_pred_2,2
420312,3,-0.23079797625541687,Q1_pred_1,1
65810,4,-0.18280096352100372,Q2_pred_2,2
415300,3,-0.06245014816522598,Q4_pred_4,4
131700,4,-0.3055058419704437,Q1_pred_1,1
68424,4,-0.15204422175884247,Q2_pred_2,2
361870,4,-0.061736542731523514,Q4_pred_4,4
484620,4,-0.15384238958358765,Q2_pred_2,2
257002,3,-0.43043187260627747,Q1_pred_1,1
241581,4,-0.16503876447677612,Q2_pred_2,2
6850,3,-0.1598125696182251,Q2_pred_2,2
95386,4,0.007155120372772217,Q5_pred_5,5
29263,4,-0.2257654368877411,Q1_pred_1,1
94759,4,-0.2664559483528137,Q1_pred_1,1
62148,4,-0.22318269312381744,Q1_pred_1,1
439993,4,0.024525076150894165,Q5_pred_5,5
3817,4,-0.14665459096431732,Q2_pred_2,2
61849,4,-0.09365025907754898,Q3_pred_3,3
147095,2,-0.1210813820362091,Q3_pred_3,3
374571,4,-0.19582079350948334,Q2_pred_2,2
5644,3,-0.08238149434328079,Q3_pred_3,3
181522,4,-0.17676112055778503,Q2_pred_2,2
131199,3,0.08338695764541626,Q5_pred_5,5
40531,2,0.050743430852890015,Q5_pred_5,5
89338,4,0.021832764148712158,Q5_pred_5,5
276317,4,-0.07999539375305176,Q3_pred_3,3
347927,5,-0.10721563547849655,Q3_pred_3,3
234994,4,-0.10205450654029846,Q3_pred_3,3
89676,3,0.05315631628036499,Q5_pred_5,5
191090,3,-0.19740939140319824,Q2_pred_2,2
374709,4,-0.22221016883850098,Q1_pred_1,1
329737,4,0.04575733840465546,Q5_pred_5,5
114492,4,-0.1865660846233368,Q2_pred_2,2
105685,4,-0.3044922351837158,Q1_pred_1,1
248563,3,-0.03396431356668472,Q4_pred_4,4
167753,4,-0.0955359935760498,Q3_pred_3,3
354643,4,-0.049697086215019226,Q4_pred_4,4
50391,4,-0.2648833990097046,Q1_pred_1,1
358073,4,-0.1499023735523224,Q2_pred_2,2
22518,4,-0.03134191036224365,Q4_pred_4,4
399577,4,-0.12109467387199402,Q3_pred_3,3
196058,4,-0.0831742137670517,Q3_pred_3,3
48936,4,0.07546946406364441,Q5_pred_5,5
379115,3,-0.19860129058361053,Q1_pred_1,1
372052,4,-0.11657249927520752,Q3_pred_3,3
76663,3,-0.16355447471141815,Q2_pred_2,2
85172,3,-0.1579892337322235,Q2_pred_2,2
104767,3,-0.17376893758773804,Q2_pred_2,2
360229,4,-0.13034427165985107,Q2_pred_2,2
74479,3,-0.3310101628303528,Q1_pred_1,1
350334,4,-0.07931835949420929,Q3_pred_3,3
118756,4,-0.013138949871063232,Q4_pred_4,4
234577,4,-0.15026158094406128,Q2_pred_2,2
45114,4,-0.0518864281475544,Q4_pred_4,4
386574,4,-0.16252267360687256,Q2_pred_2,2
50168,3,-0.13541243970394135,Q2_pred_2,2
98548,3,-0.11008763313293457,Q3_pred_3,3
10722,4,-0.03407345712184906,Q4_pred_4,4
759,3,0.11210280656814575,Q5_pred_5,5
119309,4,-0.18762658536434174,Q2_pred_2,2
84575,4,-0.06899240612983704,Q4_pred_4,4
70320,4,-0.20139771699905396,Q1_pred_1,1
178565,3,-0.18428613245487213,Q2_pred_2,2
40284,4,0.1481924057006836,Q5_pred_5,5
241924,3,-0.1800987720489502,Q2_pred_2,2
99723,4,-0.3062251806259155,Q1_pred_1,1
122997,4,-0.037001386284828186,Q4_pred_4,4
120587,4,0.1537012755870819,Q5_pred_5,5
134006,3,-0.1118987500667572,Q3_pred_3,3
173880,4,-0.27810630202293396,Q1_pred_1,1
146207,4,-0.11992819607257843,Q3_pred_3,3
24241,3,-0.10346855223178864,Q3_pred_3,3
372707,5,-0.18457207083702087,Q2_pred_2,2
3091,3,-0.2886659502983093,Q1_pred_1,1
119310,5,-0.15839916467666626,Q2_pred_2,2
28970,4,-0.27242639660835266,Q1_pred_1,1
29493,4,-0.24922099709510803,Q1_pred_1,1
18218,4,-0.054489850997924805,Q4_pred_4,4
144069,4,-0.14594946801662445,Q2_pred_2,2
111015,4,-0.05207826942205429,Q4_pred_4,4
427195,4,-0.11524495482444763,Q3_pred_3,3
168899,4,-0.06869149208068848,Q4_pred_4,4
61513,3,-0.30239343643188477,Q1_pred_1,1
110327,3,-0.0005577057600021362,Q5_pred_5,5
102952,4,0.021183893084526062,Q5_pred_5,5
33648,4,-0.09386865049600601,Q3_pred_3,3
61728,4,0.05942876264452934,Q5_pred_5,5
35623,3,-0.2171935737133026,Q1_pred_1,1
142471,5,-0.029594063758850098,Q4_pred_4,4
108660,3,-0.20238089561462402,Q1_pred_1,1
86439,4,-0.3652724623680115,Q1_pred_1,1
130088,4,-0.10999302566051483,Q3_pred_3,3
156701,4,-0.2614022195339203,Q1_pred_1,1
196382,2,0.0920371413230896,Q5_pred_5,5
108417,3,0.052563369274139404,Q5_pred_5,5
214632,3,-0.13743041455745697,Q2_pred_2,2
38204,4,-0.15245315432548523,Q2_pred_2,2
3165,5,-0.11753819137811661,Q3_pred_3,3
37336,4,-0.17180927097797394,Q2_pred_2,2
195990,4,-0.12904663383960724,Q3_pred_3,3
352612,3,-0.10110850632190704,Q3_pred_3,3
105581,4,-0.350352019071579,Q1_pred_1,1
78592,3,-0.550093948841095,Q1_pred_1,1
104815,4,-0.09459736943244934,Q3_pred_3,3
359367,5,-0.041505031287670135,Q4_pred_4,4
154021,5,-0.13721057772636414,Q2_pred_2,2
9559,4,-0.09322626143693924,Q3_pred_3,3
88942,4,-0.08803733438253403,Q3_pred_3,3
193814,3,-0.19254884123802185,Q2_pred_2,2
140821,3,0.012897402048110962,Q5_pred_5,5
13402,3,-0.061664458364248276,Q4_pred_4,4
356918,4,-0.055694155395030975,Q4_pred_4,4
137151,3,-0.26239076256752014,Q1_pred_1,1
189419,4,0.11971305310726166,Q5_pred_5,5
18581,3,-0.11924560368061066,Q3_pred_3,3
373785,3,-0.24178574979305267,Q1_pred_1,1
357471,4,-0.11169889569282532,Q3_pred_3,3
387785,5,-0.1112409383058548,Q3_pred_3,3
324793,4,-0.07803075015544891,Q3_pred_3,3
277264,4,0.03018347918987274,Q5_pred_5,5
327550,4,-0.17974364757537842,Q2_pred_2,2
226407,4,-0.06445756554603577,Q4_pred_4,4
163059,3,-0.2719210088253021,Q1_pred_1,1
331704,4,-0.19745314121246338,Q2_pred_2,2
146517,4,-0.024030882865190506,Q4_pred_4,4
203093,3,-0.25823599100112915,Q1_pred_1,1
103353,4,-0.13988250494003296,Q2_pred_2,2
173193,4,0.057756856083869934,Q5_pred_5,5
241245,3,-0.143672913312912,Q2_pred_2,2
29420,4,-0.12845245003700256,Q3_pred_3,3
2611,4,0.1105090081691742,Q5_pred_5,5
329734,4,0.010013669729232788,Q5_pred_5,5
73137,3,-0.3486218750476837,Q1_pred_1,1
57272,3,-0.03294336795806885,Q4_pred_4,4
355760,5,-0.19435054063796997,Q2_pred_2,2
84564,4,-0.44892048835754395,Q1_pred_1,1
11081,3,-0.02722683548927307,Q4_pred_4,4
109083,4,-0.25380203127861023,Q1_pred_1,1
265312,3,-0.14326448738574982,Q2_pred_2,2
160376,4,0.094490647315979,Q5_pred_5,5
349286,3,-0.1838982105255127,Q2_pred_2,2
18884,3,-0.09357418119907379,Q3_pred_3,3
34662,5,-0.3439542055130005,Q1_pred_1,1
11872,3,-0.033769190311431885,Q4_pred_4,4
270655,3,-0.14217984676361084,Q2_pred_2,2
4573,3,-0.19881533086299896,Q1_pred_1,1
7601,3,0.15729920566082,Q5_pred_5,5
34587,4,0.03510487079620361,Q5_pred_5,5
393459,4,-0.2043164223432541,Q1_pred_1,1
393003,2,-0.09484389424324036,Q3_pred_3,3
168307,4,0.06388643383979797,Q5_pred_5,5
257777,3,-0.07640597224235535,Q3_pred_3,3
381358,4,-0.024903923273086548,Q4_pred_4,4
231485,4,-0.09024949371814728,Q3_pred_3,3
254391,4,0.027472928166389465,Q5_pred_5,5
48056,3,-0.1142600029706955,Q3_pred_3,3
337768,4,-0.2627663314342499,Q1_pred_1,1
346328,3,-0.16732235252857208,Q2_pred_2,2
185365,4,-0.0004913434386253357,Q5_pred_5,5
89901,3,-0.07811468094587326,Q3_pred_3,3
24632,3,0.018229540437459946,Q5_pred_5,5
157596,4,-0.10087811946868896,Q3_pred_3,3
128419,4,-0.11655357480049133,Q3_pred_3,3
35129,3,-0.009058356285095215,Q4_pred_4,4
160294,4,-0.023832052946090698,Q4_pred_4,4
116223,4,-0.07178705930709839,Q4_pred_4,4
109115,4,-0.029625147581100464,Q4_pred_4,4
161457,4,-0.05817756801843643,Q4_pred_4,4
86293,3,-0.07253993302583694,Q4_pred_4,4
40985,3,0.09423261880874634,Q5_pred_5,5
109224,4,-0.06420141458511353,Q4_pred_4,4
63275,4,-0.1485346406698227,Q2_pred_2,2
120359,4,0.021314702928066254,Q5_pred_5,5
27928,4,-0.08872714638710022,Q3_pred_3,3
48461,3,-0.17748063802719116,Q2_pred_2,2
59461,4,-0.16018076241016388,Q2_pred_2,2
249791,4,-0.12761563062667847,Q3_pred_3,3
277554,4,-0.12433771789073944,Q3_pred_3,3
100007,4,-0.06834585964679718,Q4_pred_4,4
335509,4,-0.18858382105827332,Q2_pred_2,2
357725,4,-0.16558845341205597,Q2_pred_2,2
127298,3,-0.027334213256835938,Q4_pred_4,4
258039,4,-0.2313757687807083,Q1_pred_1,1
68448,4,0.13289132714271545,Q5_pred_5,5
136947,4,-0.17163336277008057,Q2_pred_2,2
115534,4,-0.1326683908700943,Q2_pred_2,2
348872,3,-0.1000317633152008,Q3_pred_3,3
179907,3,-0.09730871021747589,Q3_pred_3,3
154449,4,-0.11777646839618683,Q3_pred_3,3
214414,3,-0.3936941921710968,Q1_pred_1,1
101553,4,-0.21762323379516602,Q1_pred_1,1
156719,4,-0.24098503589630127,Q1_pred_1,1
364260,4,-0.202001690864563,Q1_pred_1,1
157432,4,-0.2368282973766327,Q1_pred_1,1
153847,4,-0.19699759781360626,Q2_pred_2,2
22955,4,-0.24902090430259705,Q1_pred_1,1
30941,4,-0.04041390120983124,Q4_pred_4,4
320298,4,-0.1863902509212494,Q2_pred_2,2
11566,3,-0.2057095170021057,Q1_pred_1,1
78796,2,-0.04869075119495392,Q4_pred_4,4
18929,3,-0.1432589739561081,Q2_pred_2,2
156603,3,0.00629270076751709,Q5_pred_5,5
29031,4,-0.1796785145998001,Q2_pred_2,2
121604,4,-0.186087965965271,Q2_pred_2,2
222433,4,0.020239874720573425,Q5_pred_5,5
223051,4,-0.06293786317110062,Q4_pred_4,4
218831,3,-0.2597152590751648,Q1_pred_1,1
18047,4,0.08976858854293823,Q5_pred_5,5
8541,4,0.02979397401213646,Q5_pred_5,5
418622,4,-0.026621222496032715,Q4_pred_4,4
22099,4,-0.03673514723777771,Q4_pred_4,4
132252,3,-0.213653102517128,Q1_pred_1,1
232723,4,0.009583592414855957,Q5_pred_5,5
137394,3,-0.15962961316108704,Q2_pred_2,2
372586,3,0.012728264555335045,Q5_pred_5,5
4066,2,-0.32229122519493103,Q1_pred_1,1
315728,3,-0.13436943292617798,Q2_pred_2,2
110379,3,0.017953798174858093,Q5_pred_5,5
93850,4,-0.010305583477020264,Q4_pred_4,4
157769,3,0.01274438202381134,Q5_pred_5,5
109558,2,-0.03653140366077423,Q4_pred_4,4
166649,3,-0.13784711062908173,Q2_pred_2,2
247510,4,-0.17199720442295074,Q2_pred_2,2
323079,3,0.009598076343536377,Q5_pred_5,5
8532,3,0.04181288927793503,Q5_pred_5,5
28106,4,-0.07803085446357727,Q3_pred_3,3
5819,2,0.0678943395614624,Q5_pred_5,5
145083,4,0.003614097833633423,Q5_pred_5,5
151009,4,0.09869557619094849,Q5_pred_5,5
336771,4,0.0013732314109802246,Q5_pred_5,5
148272,4,0.020320624113082886,Q5_pred_5,5
2970,4,0.09324145317077637,Q5_pred_5,5
156945,3,0.021038562059402466,Q5_pred_5,5
86389,4,-0.042378976941108704,Q4_pred_4,4
248856,4,-0.008561555296182632,Q4_pred_4,4
238932,3,-0.025109022855758667,Q4_pred_4,4
30192,4,0.04103077948093414,Q5_pred_5,5
373614,4,-0.1416252851486206,Q2_pred_2,2
358074,4,-0.16306322813034058,Q2_pred_2,2
52180,4,-0.19308124482631683,Q2_pred_2,2
411179,4,-0.13542672991752625,Q2_pred_2,2
4405,3,-0.1455952525138855,Q2_pred_2,2
26567,4,-0.039811670780181885,Q4_pred_4,4
167196,4,-0.2318967580795288,Q1_pred_1,1
183347,4,-0.043327946215867996,Q4_pred_4,4
423493,4,-0.15510952472686768,Q2_pred_2,2
148241,4,-0.0474020391702652,Q4_pred_4,4
424057,4,-0.29517021775245667,Q1_pred_1,1
118388,3,-0.25161483883857727,Q1_pred_1,1
373636,4,-0.02699849009513855,Q4_pred_4,4
92364,4,-0.0995444729924202,Q3_pred_3,3
17353,4,-0.06890229880809784,Q4_pred_4,4
105026,4,-0.06492945551872253,Q4_pred_4,4
348864,4,0.008694693446159363,Q5_pred_5,5
254337,3,-0.22387182712554932,Q1_pred_1,1
150345,4,-0.2372675985097885,Q1_pred_1,1
29272,4,-0.351909339427948,Q1_pred_1,1
3808,4,0.177989661693573,Q5_pred_5,5
113576,3,0.0007561966776847839,Q5_pred_5,5
139097,3,-0.25481948256492615,Q1_pred_1,1
31681,2,0.03294758498668671,Q5_pred_5,5
36777,5,-0.1908758282661438,Q2_pred_2,2
369082,5,-0.34824511408805847,Q1_pred_1,1
187127,4,-0.23086875677108765,Q1_pred_1,1
251863,4,-0.11421732604503632,Q3_pred_3,3
37345,4,0.10634802281856537,Q5_pred_5,5
10956,2,-0.21236489713191986,Q1_pred_1,1
107137,4,-0.19028347730636597,Q2_pred_2,2
61756,4,0.03175376355648041,Q5_pred_5,5
163728,4,-0.05069218575954437,Q4_pred_4,4
105659,4,-0.46625617146492004,Q1_pred_1,1
89664,4,-0.16541852056980133,Q2_pred_2,2
120590,4,0.08387675881385803,Q5_pred_5,5
12872,3,-0.18287929892539978,Q2_pred_2,2
167675,4,-0.0777529627084732,Q3_pred_3,3
466111,3,-0.2892785966396332,Q1_pred_1,1
187832,4,-0.2123701572418213,Q1_pred_1,1
411025,4,-0.15289515256881714,Q2_pred_2,2
77244,3,-0.10149000585079193,Q3_pred_3,3
23673,3,0.039218053221702576,Q5_pred_5,5
188000,4,0.05879664421081543,Q5_pred_5,5
81369,4,-0.1902073323726654,Q2_pred_2,2
257496,4,-0.015476897358894348,Q4_pred_4,4
110404,3,-0.056382060050964355,Q4_pred_4,4
348372,4,-0.20227032899856567,Q1_pred_1,1
150406,4,-0.35296502709388733,Q1_pred_1,1
92916,4,0.00024560093879699707,Q5_pred_5,5
86652,4,-0.052735619246959686,Q4_pred_4,4
23498,3,-0.05129912495613098,Q4_pred_4,4
156818,4,-0.12850849330425262,Q3_pred_3,3
325155,4,-0.15112942457199097,Q2_pred_2,2
42199,4,-0.1378546953201294,Q2_pred_2,2
81325,4,-0.09734939783811569,Q3_pred_3,3
5624,4,0.16548818349838257,Q5_pred_5,5
1202,3,-0.29340189695358276,Q1_pred_1,1
12856,3,-0.08127124607563019,Q3_pred_3,3
248781,4,-0.024341028183698654,Q4_pred_4,4
187129,2,-0.31229934096336365,Q1_pred_1,1
131107,4,0.04397064447402954,Q5_pred_5,5
98411,3,-0.06405649334192276,Q4_pred_4,4
272392,4,-0.1455755978822708,Q2_pred_2,2
238870,4,-0.1736956536769867,Q2_pred_2,2
146509,5,0.004844486713409424,Q5_pred_5,5
355891,3,-0.2119082659482956,Q1_pred_1,1
157914,3,0.23541957139968872,Q5_pred_5,5
270762,4,-0.19549810886383057,Q2_pred_2,2
40813,4,0.04828791320323944,Q5_pred_5,5
10974,2,-0.11471885442733765,Q3_pred_3,3
106428,4,0.026212498545646667,Q5_pred_5,5
386521,4,-0.2571420669555664,Q1_pred_1,1
156740,4,-0.22016651928424835,Q1_pred_1,1
187266,4,-0.1924460381269455,Q2_pred_2,2
188701,3,-0.10704360157251358,Q3_pred_3,3
494956,4,0.16398322582244873,Q5_pred_5,5
33473,4,-0.18586355447769165,Q2_pred_2,2
137892,4,-0.062139563262462616,Q4_pred_4,4
49089,4,0.06214188039302826,Q5_pred_5,5
358924,4,-0.18184104561805725,Q2_pred_2,2
274627,4,-0.010587736964225769,Q4_pred_4,4
233296,3,-0.115841805934906,Q3_pred_3,3
142822,4,-0.011451944708824158,Q4_pred_4,4
127282,4,-0.06287871301174164,Q4_pred_4,4
150035,4,-0.19488754868507385,Q2_pred_2,2
38318,4,-0.13455240428447723,Q2_pred_2,2
21211,2,-0.28525078296661377,Q1_pred_1,1
70374,4,-0.2328391820192337,Q1_pred_1,1
104707,4,0.08617237210273743,Q5_pred_5,5
114072,3,-0.12592962384223938,Q3_pred_3,3
186391,4,0.05562068521976471,Q5_pred_5,5
386381,3,-0.22673025727272034,Q1_pred_1,1
52270,4,-0.11606181412935257,Q3_pred_3,3
203917,4,-0.14889371395111084,Q2_pred_2,2
354421,4,-0.03897175192832947,Q4_pred_4,4
25485,4,0.055879056453704834,Q5_pred_5,5
51415,3,-0.04779196158051491,Q4_pred_4,4
349509,3,-0.38125306367874146,Q1_pred_1,1
188488,3,-0.028447508811950684,Q4_pred_4,4
260388,4,-0.11318855732679367,Q3_pred_3,3
184147,4,0.05445478856563568,Q5_pred_5,5
5789,3,-0.04627211391925812,Q4_pred_4,4
8745,4,-0.026445984840393066,Q4_pred_4,4
366049,3,-0.010071508586406708,Q4_pred_4,4
280220,3,-0.11317664384841919,Q3_pred_3,3
257105,3,-0.09634669125080109,Q3_pred_3,3
191913,4,-0.14250238239765167,Q2_pred_2,2
387763,4,-0.1738363653421402,Q2_pred_2,2
368601,3,-0.14440400898456573,Q2_pred_2,2
161359,4,-0.07936625927686691,Q3_pred_3,3
325027,3,-0.0938350260257721,Q3_pred_3,3
117576,2,-0.2160266488790512,Q1_pred_1,1
32575,3,-0.0545218363404274,Q4_pred_4,4
151150,3,-0.12421649694442749,Q3_pred_3,3
373676,3,-0.057889729738235474,Q4_pred_4,4
69422,4,0.1467043161392212,Q5_pred_5,5
359563,4,-0.26376479864120483,Q1_pred_1,1
49474,4,0.04648353531956673,Q5_pred_5,5
237684,3,-0.195960134267807,Q2_pred_2,2
52191,4,-0.0631253719329834,Q4_pred_4,4
95035,4,0.027495957911014557,Q5_pred_5,5
357790,4,-0.14877954125404358,Q2_pred_2,2
38622,3,-0.2679738402366638,Q1_pred_1,1
125271,3,-0.1410984992980957,Q2_pred_2,2
345055,4,-0.2647417187690735,Q1_pred_1,1
90339,3,-0.08395326137542725,Q3_pred_3,3
13015,4,-0.28090378642082214,Q1_pred_1,1
358567,5,-0.06381911039352417,Q4_pred_4,4
16432,3,-0.150286003947258,Q2_pred_2,2
148563,5,-0.015713363885879517,Q4_pred_4,4
405139,4,-0.02997329831123352,Q4_pred_4,4
146642,4,-0.12128759920597076,Q3_pred_3,3
3857,3,0.030582726001739502,Q5_pred_5,5
466685,4,-0.3244129419326782,Q1_pred_1,1
253100,3,-0.16269844770431519,Q2_pred_2,2
17546,4,-0.17792925238609314,Q2_pred_2,2
103557,4,-0.17996643483638763,Q2_pred_2,2
63737,3,-0.2824682593345642,Q1_pred_1,1
69769,3,-0.47157734632492065,Q1_pred_1,1
80803,2,-0.29349830746650696,Q1_pred_1,1
42247,5,-0.17319180071353912,Q2_pred_2,2
46686,4,0.127965047955513,Q5_pred_5,5
386607,4,-0.04848314821720123,Q4_pred_4,4
65422,4,-0.25602230429649353,Q1_pred_1,1
215749,4,-0.10601293295621872,Q3_pred_3,3
105436,4,-0.20510055124759674,Q1_pred_1,1
115997,4,-0.04278778284788132,Q4_pred_4,4
58997,3,-0.25523242354393005,Q1_pred_1,1
69006,4,-0.11346010863780975,Q3_pred_3,3
15925,3,-0.23536066710948944,Q1_pred_1,1
116923,3,0.012375950813293457,Q5_pred_5,5
211684,4,-0.017029613256454468,Q4_pred_4,4
386306,3,-0.23607853055000305,Q1_pred_1,1
44264,3,-0.16700999438762665,Q2_pred_2,2
145043,3,0.026987627148628235,Q5_pred_5,5
10816,3,-0.12020542472600937,Q3_pred_3,3
11938,4,-0.13578996062278748,Q2_pred_2,2
415423,4,0.013267934322357178,Q5_pred_5,5
19161,4,-0.16120387613773346,Q2_pred_2,2
386359,4,-0.12372185289859772,Q3_pred_3,3
60770,4,-0.14020362496376038,Q2_pred_2,2
29704,4,-0.03789567947387695,Q4_pred_4,4
354902,4,-0.11381904780864716,Q3_pred_3,3
356701,5,-0.021857257932424545,Q4_pred_4,4
477072,4,-0.4331657588481903,Q1_pred_1,1
176037,4,0.007003307342529297,Q5_pred_5,5
29181,4,-0.21363408863544464,Q1_pred_1,1
333861,4,-0.10035085678100586,Q3_pred_3,3
95389,4,-0.10699477791786194,Q3_pred_3,3
44050,4,0.001856476068496704,Q5_pred_5,5
70028,4,-0.08750670403242111,Q3_pred_3,3
29244,4,-0.40613046288490295,Q1_pred_1,1
90042,3,0.009034141898155212,Q5_pred_5,5
97654,4,-0.1051209568977356,Q3_pred_3,3
63045,3,-0.12228615581989288,Q3_pred_3,3
393004,3,-0.08733591437339783,Q3_pred_3,3
86905,2,-0.19096514582633972,Q2_pred_2,2
140680,4,-0.01825348660349846,Q4_pred_4,4
150166,3,-0.049445636570453644,Q4_pred_4,4
107163,4,-0.1639988124370575,Q2_pred_2,2
125071,4,-0.004584114998579025,Q5_pred_5,5
266484,3,0.01374267041683197,Q5_pred_5,5
88837,4,-0.13193783164024353,Q2_pred_2,2
514,3,-0.11953969299793243,Q3_pred_3,3
40376,4,0.052475571632385254,Q5_pred_5,5
400113,4,-0.23424315452575684,Q1_pred_1,1
383700,4,-0.20891892910003662,Q1_pred_1,1
369051,4,-0.1390347182750702,Q2_pred_2,2
107274,4,-0.005702570080757141,Q5_pred_5,5
64965,4,0.1423603594303131,Q5_pred_5,5
110381,4,-0.0325322151184082,Q4_pred_4,4
104607,4,0.048986852169036865,Q5_pred_5,5
126040,3,-0.12718842923641205,Q3_pred_3,3
8687,4,-0.22107160091400146,Q1_pred_1,1
423342,4,-0.12313202023506165,Q3_pred_3,3
31529,4,-0.013652145862579346,Q4_pred_4,4
3272,3,-0.15803158283233643,Q2_pred_2,2
93874,3,-0.026980116963386536,Q4_pred_4,4
359737,4,-0.0514112263917923,Q4_pred_4,4
12959,4,-0.2960074543952942,Q1_pred_1,1
50318,2,-0.08524712920188904,Q3_pred_3,3
373644,4,-0.0867338627576828,Q3_pred_3,3
93879,4,-0.036883071064949036,Q4_pred_4,4
10690,2,-0.1199350357055664,Q3_pred_3,3
92931,4,-0.018487215042114258,Q4_pred_4,4
24274,4,-0.045122258365154266,Q4_pred_4,4
155361,3,-0.05756448209285736,Q4_pred_4,4
61912,3,-0.03436380252242088,Q4_pred_4,4
115505,4,-0.15071682631969452,Q2_pred_2,2
76293,4,-0.02468717098236084,Q4_pred_4,4
239674,3,-0.017337486147880554,Q4_pred_4,4
87683,3,-0.1822849065065384,Q2_pred_2,2
154780,3,-0.19403332471847534,Q2_pred_2,2
112460,4,-0.024531163275241852,Q4_pred_4,4
36780,4,-0.18245777487754822,Q2_pred_2,2
249010,4,-0.01523006334900856,Q4_pred_4,4
164923,4,-0.12423492223024368,Q3_pred_3,3
477087,4,-0.07637324929237366,Q3_pred_3,3
81997,4,0.17452073097229004,Q5_pred_5,5
137826,4,-0.021414458751678467,Q4_pred_4,4
422873,4,-0.12084196507930756,Q3_pred_3,3
247975,4,-0.09469956159591675,Q3_pred_3,3
40098,4,-0.28065231442451477,Q1_pred_1,1
340611,3,0.02062077820301056,Q5_pred_5,5
239717,3,-0.06853897869586945,Q4_pred_4,4
69559,3,-0.2709873914718628,Q1_pred_1,1
115526,4,-0.2650534212589264,Q1_pred_1,1
50262,2,-0.09264162182807922,Q3_pred_3,3
16799,4,0.05982339382171631,Q5_pred_5,5
149326,4,-0.1631145477294922,Q2_pred_2,2
93925,4,-0.10181979835033417,Q3_pred_3,3
10774,3,-0.16903769969940186,Q2_pred_2,2
239292,3,-0.12981192767620087,Q3_pred_3,3
169729,4,0.2726568877696991,Q5_pred_5,5
147133,2,-0.18806520104408264,Q2_pred_2,2
331143,4,-0.10989934206008911,Q3_pred_3,3
104088,4,-0.14752157032489777,Q2_pred_2,2
31581,4,-0.0025160759687423706,Q5_pred_5,5
253636,2,0.03553114831447601,Q5_pred_5,5
86976,2,-0.15373970568180084,Q2_pred_2,2
365799,4,-0.04379814863204956,Q4_pred_4,4
74480,3,-0.3413287103176117,Q1_pred_1,1
6985,4,0.14846032857894897,Q5_pred_5,5
38647,4,-0.3263930380344391,Q1_pred_1,1
36503,4,-0.14505329728126526,Q2_pred_2,2
98195,4,-0.14611126482486725,Q2_pred_2,2
133471,4,-0.2155696451663971,Q1_pred_1,1
175507,3,-0.04040760546922684,Q4_pred_4,4
433985,4,-0.17479096353054047,Q2_pred_2,2
143703,4,-0.02955247461795807,Q4_pred_4,4
54773,3,0.04037323594093323,Q5_pred_5,5
16203,4,-0.14302948117256165,Q2_pred_2,2
30626,4,0.024341151118278503,Q5_pred_5,5
315922,2,-0.14131523668766022,Q2_pred_2,2
22967,4,-0.029222041368484497,Q4_pred_4,4
112741,4,-0.12880441546440125,Q3_pred_3,3
105917,4,-0.04742494970560074,Q4_pred_4,4
353923,4,-0.04886321723461151,Q4_pred_4,4
323559,4,-0.19414538145065308,Q2_pred_2,2
2994,4,0.1767606884241104,Q5_pred_5,5
192245,4,-0.06951120495796204,Q4_pred_4,4
332317,4,-0.015168100595474243,Q4_pred_4,4
418751,4,-0.035021647810935974,Q4_pred_4,4
36852,4,-0.08920872211456299,Q3_pred_3,3
58966,3,-0.3112868368625641,Q1_pred_1,1
45078,5,-0.18648158013820648,Q2_pred_2,2
219021,4,-0.08791878074407578,Q3_pred_3,3
105277,4,-0.20437824726104736,Q1_pred_1,1
28938,4,-0.1675191968679428,Q2_pred_2,2
23496,4,-0.16225694119930267,Q2_pred_2,2
68662,4,0.1184462308883667,Q5_pred_5,5
201025,4,-0.21002106368541718,Q1_pred_1,1
179672,4,-0.04678741469979286,Q4_pred_4,4
211872,4,-0.33226972818374634,Q1_pred_1,1
102244,4,-0.2680046260356903,Q1_pred_1,1
245064,3,0.04126158356666565,Q5_pred_5,5
95030,4,-0.26024922728538513,Q1_pred_1,1
48076,4,-0.14070084691047668,Q2_pred_2,2
230124,3,-0.13984109461307526,Q2_pred_2,2
160533,4,-0.041432857513427734,Q4_pred_4,4
336370,4,-0.10996463894844055,Q3_pred_3,3
23651,4,-0.03989395499229431,Q4_pred_4,4
431203,4,-0.10867226123809814,Q3_pred_3,3
32396,3,-0.27833935618400574,Q1_pred_1,1
4157,4,-0.16898491978645325,Q2_pred_2,2
418989,4,0.005250163376331329,Q5_pred_5,5
247899,4,-0.17663951218128204,Q2_pred_2,2
389987,4,-0.25808894634246826,Q1_pred_1,1
91575,3,-0.24822388589382172,Q1_pred_1,1
128740,3,-0.2299390435218811,Q1_pred_1,1
156526,3,-0.24751730263233185,Q1_pred_1,1
246674,4,0.003031335771083832,Q5_pred_5,5
447425,4,-0.025280725210905075,Q4_pred_4,4
92993,2,-0.15975722670555115,Q2_pred_2,2
20459,4,-0.29459285736083984,Q1_pred_1,1
328718,2,-0.21769513189792633,Q1_pred_1,1
77743,4,-0.0707574337720871,Q4_pred_4,4
200407,4,-0.20223687589168549,Q1_pred_1,1
209027,3,-0.1954789161682129,Q2_pred_2,2
399494,4,0.02575480192899704,Q5_pred_5,5
388286,4,-0.18265721201896667,Q2_pred_2,2
109911,4,-0.07437906414270401,Q3_pred_3,3
409150,4,-0.1216668039560318,Q3_pred_3,3
1475,4,0.015302956104278564,Q5_pred_5,5
98941,4,0.017530888319015503,Q5_pred_5,5
155214,3,-0.25641798973083496,Q1_pred_1,1
272335,4,-0.061699267476797104,Q4_pred_4,4
246932,4,-0.18680475652217865,Q2_pred_2,2
242981,4,0.06482839584350586,Q5_pred_5,5
216376,3,-0.13666993379592896,Q2_pred_2,2
92019,3,-0.0734376460313797,Q3_pred_3,3
135639,4,-0.08881416916847229,Q3_pred_3,3
137738,3,-0.4183403551578522,Q1_pred_1,1
23461,3,-0.2582560181617737,Q1_pred_1,1
165225,4,-0.28825992345809937,Q1_pred_1,1
50288,4,-0.11427392065525055,Q3_pred_3,3
17603,3,-0.11273902654647827,Q3_pred_3,3
18710,4,-0.09794081747531891,Q3_pred_3,3
144771,5,-0.027953296899795532,Q4_pred_4,4
52190,3,-0.004794895648956299,Q5_pred_5,5
121203,4,0.011329077184200287,Q5_pred_5,5
248915,3,-0.11602853983640671,Q3_pred_3,3
333441,3,-0.10626165568828583,Q3_pred_3,3
150968,4,-0.12154132127761841,Q3_pred_3,3
148915,4,-0.21251119673252106,Q1_pred_1,1
143467,4,-0.08107687532901764,Q3_pred_3,3
51315,3,-0.01951279491186142,Q4_pred_4,4
241552,4,-0.12435343861579895,Q3_pred_3,3
259582,3,0.010705739259719849,Q5_pred_5,5
18368,2,-0.30877307057380676,Q1_pred_1,1
332302,3,0.07319797575473785,Q5_pred_5,5
137683,4,-0.1436753273010254,Q2_pred_2,2
142624,3,-0.02589869499206543,Q4_pred_4,4
120695,4,-0.16180181503295898,Q2_pred_2,2
94684,4,-0.09455002844333649,Q3_pred_3,3
198463,4,0.11028677225112915,Q5_pred_5,5
391691,4,-0.01994776725769043,Q4_pred_4,4
98317,4,-0.016063392162322998,Q4_pred_4,4
166963,3,-0.22324898838996887,Q1_pred_1,1
66592,4,0.07161444425582886,Q5_pred_5,5
155925,4,-0.21780940890312195,Q1_pred_1,1
178219,4,0.04241904616355896,Q5_pred_5,5
177240,4,-0.1237025260925293,Q3_pred_3,3
210652,4,-0.11231175065040588,Q3_pred_3,3
90621,4,-0.10659225285053253,Q3_pred_3,3
58268,4,-0.08490303158760071,Q3_pred_3,3
61763,4,-0.027421727776527405,Q4_pred_4,4
127234,4,0.023425444960594177,Q5_pred_5,5
60806,4,-0.11701668798923492,Q3_pred_3,3
374934,4,-0.127584308385849,Q3_pred_3,3
40387,4,0.037411391735076904,Q5_pred_5,5
111395,4,-0.07469502091407776,Q3_pred_3,3
113623,3,0.0792156457901001,Q5_pred_5,5
189402,4,0.02900545299053192,Q5_pred_5,5
148940,3,-0.007603511214256287,Q4_pred_4,4
164929,3,-0.14341703057289124,Q2_pred_2,2
357333,4,-0.0757305771112442,Q3_pred_3,3
71808,4,-0.10573486983776093,Q3_pred_3,3
367823,3,-0.11122424155473709,Q3_pred_3,3
15226,4,0.009509116411209106,Q5_pred_5,5
15921,4,-0.2358161062002182,Q1_pred_1,1
78924,4,-0.1320238560438156,Q2_pred_2,2
324645,4,-0.0009049773216247559,Q5_pred_5,5
10894,3,-0.1505371779203415,Q2_pred_2,2
85755,4,-0.12295068800449371,Q3_pred_3,3
20192,4,-0.027498692274093628,Q4_pred_4,4
351168,4,-0.13165763020515442,Q2_pred_2,2
268143,4,-0.10765156149864197,Q3_pred_3,3
174135,4,-0.14767539501190186,Q2_pred_2,2
10568,3,-0.12807421386241913,Q3_pred_3,3
90422,3,-0.0605076402425766,Q4_pred_4,4
167180,4,-0.07029096782207489,Q4_pred_4,4
247605,4,-0.18703773617744446,Q2_pred_2,2
42363,3,-0.019292056560516357,Q4_pred_4,4
195343,3,-0.2938116788864136,Q1_pred_1,1
91073,4,-0.08128099143505096,Q3_pred_3,3
73006,3,0.01885184645652771,Q5_pred_5,5
256438,4,-0.09271899610757828,Q3_pred_3,3
119876,4,-0.30739104747772217,Q1_pred_1,1
46295,4,0.22523579001426697,Q5_pred_5,5
22758,3,-0.19767171144485474,Q2_pred_2,2
20478,3,-0.12395203113555908,Q3_pred_3,3
22775,4,-0.16782934963703156,Q2_pred_2,2
22181,4,-0.0030897147953510284,Q5_pred_5,5
193817,3,-0.16659662127494812,Q2_pred_2,2
137081,3,-0.12740230560302734,Q3_pred_3,3
339643,3,-0.11013452708721161,Q3_pred_3,3
25687,3,-0.05034864321351051,Q4_pred_4,4
416507,3,-0.18828219175338745,Q2_pred_2,2
151550,3,-0.10896104574203491,Q3_pred_3,3
424128,3,-0.20732015371322632,Q1_pred_1,1
37347,4,0.10216918587684631,Q5_pred_5,5
42344,3,0.05574006587266922,Q5_pred_5,5
232626,4,-0.22659704089164734,Q1_pred_1,1
373901,4,-0.10861378908157349,Q3_pred_3,3
104231,4,-0.1585475206375122,Q2_pred_2,2
116390,4,0.008087888360023499,Q5_pred_5,5
61871,4,-0.08616612106561661,Q3_pred_3,3
14029,4,-0.11168647557497025,Q3_pred_3,3
105433,4,-0.24967163801193237,Q1_pred_1,1
13205,3,-0.20751285552978516,Q1_pred_1,1
133747,4,-0.11027394235134125,Q3_pred_3,3
137819,4,-0.17246796190738678,Q2_pred_2,2
116358,3,-0.08646775037050247,Q3_pred_3,3
268257,3,-0.0016250312328338623,Q5_pred_5,5
133497,2,0.1256100982427597,Q5_pred_5,5
235654,4,-0.16145268082618713,Q2_pred_2,2
105626,4,-0.3557301163673401,Q1_pred_1,1
278896,4,-0.12244530767202377,Q3_pred_3,3
347816,4,0.10096585750579834,Q5_pred_5,5
168483,4,-0.16957929730415344,Q2_pred_2,2
85821,4,0.07783983647823334,Q5_pred_5,5
137945,4,0.16433767974376678,Q5_pred_5,5
339613,4,-0.005930870771408081,Q5_pred_5,5
29916,4,-0.13411962985992432,Q2_pred_2,2
67331,4,0.0358462929725647,Q5_pred_5,5
199235,3,-0.031806349754333496,Q4_pred_4,4
76554,3,-0.22148385643959045,Q1_pred_1,1
345399,4,-0.19277271628379822,Q2_pred_2,2
352609,2,-0.0821046456694603,Q3_pred_3,3
397317,4,-0.02289547026157379,Q4_pred_4,4
355969,4,-0.16850094497203827,Q2_pred_2,2
275071,3,-0.30148065090179443,Q1_pred_1,1
386271,4,-0.20057719945907593,Q1_pred_1,1
10609,3,-0.12477228045463562,Q3_pred_3,3
67650,4,0.0053121596574783325,Q5_pred_5,5
78590,3,-0.4572237730026245,Q1_pred_1,1
78642,3,-0.48252689838409424,Q1_pred_1,1
11022,2,-0.1454019546508789,Q2_pred_2,2
185561,4,-0.2369595468044281,Q1_pred_1,1
111403,3,0.09434834122657776,Q5_pred_5,5
239760,3,-0.06440738588571548,Q4_pred_4,4
12873,4,-0.21159052848815918,Q1_pred_1,1
36069,4,-0.27422842383384705,Q1_pred_1,1
81278,4,-0.10146373510360718,Q3_pred_3,3
117803,4,-0.053416818380355835,Q4_pred_4,4
333247,4,0.04178103804588318,Q5_pred_5,5
395863,4,-0.1058746874332428,Q3_pred_3,3
382836,4,-0.005326077342033386,Q5_pred_5,5
2520,4,-0.07772816717624664,Q3_pred_3,3
38104,4,-0.25553596019744873,Q1_pred_1,1
368470,4,-0.05246371030807495,Q4_pred_4,4
90358,3,-0.12997175753116608,Q3_pred_3,3
34688,3,-0.19045472145080566,Q2_pred_2,2
4754,3,-0.1353061944246292,Q2_pred_2,2
419212,4,0.0035606250166893005,Q5_pred_5,5
236525,4,-0.019098564982414246,Q4_pred_4,4
102092,4,-0.044425755739212036,Q4_pred_4,4
144510,3,-0.23459655046463013,Q1_pred_1,1
148461,4,-0.24039357900619507,Q1_pred_1,1
30043,4,-0.09205445647239685,Q3_pred_3,3
24651,4,-0.03882237523794174,Q4_pred_4,4
106784,3,-0.34145915508270264,Q1_pred_1,1
375728,4,-0.1044975072145462,Q3_pred_3,3
1925,4,-0.21543484926223755,Q1_pred_1,1
382950,4,-0.08409599959850311,Q3_pred_3,3
393359,4,-0.21603430807590485,Q1_pred_1,1
174368,4,0.04015851020812988,Q5_pred_5,5
126167,3,-0.2264079600572586,Q1_pred_1,1
29361,4,-0.1495450735092163,Q2_pred_2,2
257862,3,0.03918565809726715,Q5_pred_5,5
138937,4,0.005107272416353226,Q5_pred_5,5
60695,4,0.01622980833053589,Q5_pred_5,5
69381,4,0.018590137362480164,Q5_pred_5,5
354371,4,-0.08136726170778275,Q3_pred_3,3
173725,4,-0.18970227241516113,Q2_pred_2,2
77345,4,-0.07302048802375793,Q4_pred_4,4
28851,4,-0.172418475151062,Q2_pred_2,2
252376,4,-0.05372638255357742,Q4_pred_4,4
418758,4,-0.10063748061656952,Q3_pred_3,3
432875,4,-0.17688202857971191,Q2_pred_2,2
49096,4,0.007759004831314087,Q5_pred_5,5
128938,1,-0.05861765146255493,Q4_pred_4,4
107209,4,-0.047344282269477844,Q4_pred_4,4
160012,4,-0.1421905755996704,Q2_pred_2,2
379099,4,-0.08718961477279663,Q3_pred_3,3
119907,4,-0.2570078670978546,Q1_pred_1,1
81297,4,-0.30326035618782043,Q1_pred_1,1
332498,4,-0.026923909783363342,Q4_pred_4,4
137424,4,-0.11296592652797699,Q3_pred_3,3
121037,4,-0.33407914638519287,Q1_pred_1,1
127370,4,-0.21605966985225677,Q1_pred_1,1
41425,4,-0.10572217404842377,Q3_pred_3,3
259611,4,-0.04661625623703003,Q4_pred_4,4
477022,4,-0.14400750398635864,Q2_pred_2,2
81382,4,-0.09037503600120544,Q3_pred_3,3
352716,4,-0.11171842366456985,Q3_pred_3,3
56933,3,0.018077433109283447,Q5_pred_5,5
196060,4,-0.158208429813385,Q2_pred_2,2
147543,3,-0.24843642115592957,Q1_pred_1,1
326243,4,-0.15498681366443634,Q2_pred_2,2
328857,3,0.041608989238739014,Q5_pred_5,5
97069,4,0.011138848960399628,Q5_pred_5,5
44276,4,0.043469786643981934,Q5_pred_5,5
170448,4,0.034897975623607635,Q5_pred_5,5
216915,4,-0.13661065697669983,Q2_pred_2,2
104110,4,-0.28909552097320557,Q1_pred_1,1
169581,3,-0.12135466933250427,Q3_pred_3,3
116892,3,-0.12079943716526031,Q3_pred_3,3
169678,3,0.03516961634159088,Q5_pred_5,5
154692,4,-0.1499517858028412,Q2_pred_2,2
357740,4,-0.14541061222553253,Q2_pred_2,2
198056,4,-0.1883256435394287,Q2_pred_2,2
237698,4,0.003776252269744873,Q5_pred_5,5
160532,4,-0.17358264327049255,Q2_pred_2,2
167619,4,0.13227638602256775,Q5_pred_5,5
111086,4,0.02882036566734314,Q5_pred_5,5
173691,4,-0.03329312801361084,Q4_pred_4,4
150268,4,-0.21113872528076172,Q1_pred_1,1
381476,4,-0.05286368727684021,Q4_pred_4,4
57910,3,0.07774728536605835,Q5_pred_5,5
74882,3,-0.15329942107200623,Q2_pred_2,2
107735,4,-0.14545373618602753,Q2_pred_2,2
429052,3,0.009615212678909302,Q5_pred_5,5
36398,4,-0.12306293100118637,Q3_pred_3,3
27386,4,-0.11060979217290878,Q3_pred_3,3
277608,4,0.13349583745002747,Q5_pred_5,5
146277,4,-0.03021390736103058,Q4_pred_4,4
125372,4,-0.19107064604759216,Q2_pred_2,2
30136,4,-0.19824214279651642,Q1_pred_1,1
373720,3,-0.006533235311508179,Q4_pred_4,4
222303,3,-0.026268810033798218,Q4_pred_4,4
142885,5,-0.05313502252101898,Q4_pred_4,4
336784,4,-0.034177809953689575,Q4_pred_4,4
118996,4,-0.027183689177036285,Q4_pred_4,4
390166,3,-0.21686746180057526,Q1_pred_1,1
182571,4,-0.1091097891330719,Q3_pred_3,3
61181,3,-0.27417364716529846,Q1_pred_1,1
86584,2,-0.05703079327940941,Q4_pred_4,4
51247,2,-0.2042485773563385,Q1_pred_1,1
17942,3,-0.11679628491401672,Q3_pred_3,3
143960,4,0.0747559517621994,Q5_pred_5,5
352740,4,-0.1093166396021843,Q3_pred_3,3
114068,3,-0.16361533105373383,Q2_pred_2,2
1017,3,-0.11660074442625046,Q3_pred_3,3
170545,2,-0.03784903883934021,Q4_pred_4,4
44702,4,0.030484706163406372,Q5_pred_5,5
210671,4,-0.11677692830562592,Q3_pred_3,3
28758,3,-0.2485002875328064,Q1_pred_1,1
214006,4,-0.12615028023719788,Q3_pred_3,3
46275,3,-0.04327771067619324,Q4_pred_4,4
207935,3,-0.1407710611820221,Q2_pred_2,2
105966,4,-0.23638388514518738,Q1_pred_1,1
122498,4,0.1239166334271431,Q5_pred_5,5
341404,4,-0.1695030927658081,Q2_pred_2,2
64190,2,-0.21818757057189941,Q1_pred_1,1
102936,4,-0.13965921103954315,Q2_pred_2,2
146553,4,-0.07234172523021698,Q4_pred_4,4
169094,3,-0.28987348079681396,Q1_pred_1,1
114444,4,-0.02644774317741394,Q4_pred_4,4
155132,4,-0.2529714107513428,Q1_pred_1,1
355985,4,-0.3006354868412018,Q1_pred_1,1
148557,4,0.08617940545082092,Q5_pred_5,5
354516,4,-0.0696403905749321,Q4_pred_4,4
234092,4,-0.1774171143770218,Q2_pred_2,2
188172,3,-0.0563066303730011,Q4_pred_4,4
330884,3,-0.5230174660682678,Q1_pred_1,1
10813,2,-0.139771968126297,Q2_pred_2,2
7203,4,0.012242764234542847,Q5_pred_5,5
413382,4,-0.13665716350078583,Q2_pred_2,2
359859,3,0.033974796533584595,Q5_pred_5,5
136952,4,-0.1268082559108734,Q3_pred_3,3
346869,4,0.00849902629852295,Q5_pred_5,5
78745,3,-0.2988450825214386,Q1_pred_1,1
177468,3,-0.07935859262943268,Q3_pred_3,3
126542,4,-0.19074290990829468,Q2_pred_2,2
30133,3,0.0015544593334197998,Q5_pred_5,5
15902,4,-0.09060941636562347,Q3_pred_3,3
89925,3,-0.09936904162168503,Q3_pred_3,3
91135,4,0.02899104729294777,Q5_pred_5,5
236464,2,-0.24191580712795258,Q1_pred_1,1
35703,4,0.15401676297187805,Q5_pred_5,5
353036,3,-0.19903236627578735,Q1_pred_1,1
26501,3,-0.3383568525314331,Q1_pred_1,1
351162,3,-0.1270570456981659,Q3_pred_3,3
327116,4,-0.23464806377887726,Q1_pred_1,1
14983,4,-0.2865528464317322,Q1_pred_1,1
254617,4,0.0030121207237243652,Q5_pred_5,5
247634,4,-0.16225942969322205,Q2_pred_2,2
411737,4,-0.03233129531145096,Q4_pred_4,4
149254,2,-0.4341519773006439,Q1_pred_1,1
61859,3,-0.06597986072301865,Q4_pred_4,4
358690,4,-0.07191307097673416,Q4_pred_4,4
186416,3,0.06964381039142609,Q5_pred_5,5
354187,4,-0.24107813835144043,Q1_pred_1,1
413657,4,-0.1342688798904419,Q2_pred_2,2
111248,3,-0.3033074140548706,Q1_pred_1,1
72269,4,-0.062221333384513855,Q4_pred_4,4
220601,4,-0.07337641716003418,Q3_pred_3,3
237791,4,0.12626253068447113,Q5_pred_5,5
152997,4,0.01476363092660904,Q5_pred_5,5
343169,3,-0.10788653790950775,Q3_pred_3,3
199113,4,-0.054596200585365295,Q4_pred_4,4
58406,4,-0.18073613941669464,Q2_pred_2,2
361167,4,0.08808589726686478,Q5_pred_5,5
236531,4,0.13385449349880219,Q5_pred_5,5
59586,3,-0.3116888403892517,Q1_pred_1,1
381959,4,-0.1246720403432846,Q3_pred_3,3
92955,4,0.020783796906471252,Q5_pred_5,5
149942,4,-0.23447583615779877,Q1_pred_1,1
40143,3,-0.15301474928855896,Q2_pred_2,2
29606,3,-0.06219415366649628,Q4_pred_4,4
92952,4,-0.017987877130508423,Q4_pred_4,4
343934,4,-0.1907651275396347,Q2_pred_2,2
113128,4,-0.10778845846652985,Q3_pred_3,3
418905,4,-0.3141742944717407,Q1_pred_1,1
44279,3,-0.3636128008365631,Q1_pred_1,1
77684,4,0.05455051735043526,Q5_pred_5,5
335930,4,-0.16940458118915558,Q2_pred_2,2
176589,4,0.12664811313152313,Q5_pred_5,5
79507,4,-0.09293586015701294,Q3_pred_3,3
17732,3,-0.12075996398925781,Q3_pred_3,3
5803,3,0.12275785207748413,Q5_pred_5,5
134989,3,-0.14668604731559753,Q2_pred_2,2
276217,4,-0.06551717221736908,Q4_pred_4,4
247069,4,-0.12297523766756058,Q3_pred_3,3
31483,4,0.04611480236053467,Q5_pred_5,5
126571,4,-0.2719570994377136,Q1_pred_1,1
120386,3,-0.21120384335517883,Q1_pred_1,1
112337,3,-0.255226731300354,Q1_pred_1,1
146945,4,-0.035373955965042114,Q4_pred_4,4
68153,4,-0.18566137552261353,Q2_pred_2,2
144133,4,-0.06076940894126892,Q4_pred_4,4
145657,2,0.010507643222808838,Q5_pred_5,5
40248,4,0.025388449430465698,Q5_pred_5,5
145215,4,0.03190597891807556,Q5_pred_5,5
19013,3,-0.07511813938617706,Q3_pred_3,3
393456,4,-0.17746740579605103,Q2_pred_2,2
382879,4,-0.02972094714641571,Q4_pred_4,4
137908,4,0.05353924632072449,Q5_pred_5,5
184636,4,-0.2518203854560852,Q1_pred_1,1
333360,4,-0.12099158763885498,Q3_pred_3,3
33295,3,-0.1657172441482544,Q2_pred_2,2
356970,3,-0.2215610146522522,Q1_pred_1,1
422137,3,-0.062269777059555054,Q4_pred_4,4
29385,4,-0.17435768246650696,Q2_pred_2,2
236622,4,-0.08017697930335999,Q3_pred_3,3
111078,4,-0.10743476450443268,Q3_pred_3,3
107739,4,0.0031170397996902466,Q5_pred_5,5
175664,4,0.07989315688610077,Q5_pred_5,5
92964,4,-0.014449819922447205,Q4_pred_4,4
2528,4,0.11361905932426453,Q5_pred_5,5
386774,4,-0.16213418543338776,Q2_pred_2,2
87939,4,-0.13627231121063232,Q2_pred_2,2
340897,3,-0.11687617748975754,Q3_pred_3,3
119344,4,-0.0424552857875824,Q4_pred_4,4
36321,4,-0.20796643197536469,Q1_pred_1,1
11468,3,-0.24755939841270447,Q1_pred_1,1
160981,3,-0.14244939386844635,Q2_pred_2,2
48073,3,-0.22448453307151794,Q1_pred_1,1
239516,3,-0.2841954231262207,Q1_pred_1,1
182878,3,-0.21421293914318085,Q1_pred_1,1
2974,4,0.01643119379878044,Q5_pred_5,5
429064,4,0.012346833944320679,Q5_pred_5,5
61783,4,0.01895802840590477,Q5_pred_5,5
56938,4,-0.01085112988948822,Q4_pred_4,4
47049,4,-0.1727195680141449,Q2_pred_2,2
325416,4,-0.1265406608581543,Q3_pred_3,3
374887,4,-0.13077647984027863,Q2_pred_2,2
262974,4,-0.035147882997989655,Q4_pred_4,4
103253,3,-0.07903891801834106,Q3_pred_3,3
112632,4,0.21787571907043457,Q5_pred_5,5
37164,4,-0.16611234843730927,Q2_pred_2,2
240856,4,-0.04747299477458,Q4_pred_4,4
31973,4,-0.12905482947826385,Q3_pred_3,3
494131,4,-0.0072200000286102295,Q4_pred_4,4
102011,4,-0.02277226746082306,Q4_pred_4,4
148933,4,-0.16689488291740417,Q2_pred_2,2
133655,2,-0.09139887243509293,Q3_pred_3,3
162935,3,-0.03600788116455078,Q4_pred_4,4
96536,4,0.011933669447898865,Q5_pred_5,5
115826,4,-0.39505890011787415,Q1_pred_1,1
128827,4,-0.0673479288816452,Q4_pred_4,4
141188,4,0.12989798188209534,Q5_pred_5,5
59577,3,-0.27655404806137085,Q1_pred_1,1
106450,4,0.15833048522472382,Q5_pred_5,5
102993,3,-0.2249743938446045,Q1_pred_1,1
80782,3,-0.20266716182231903,Q1_pred_1,1
366246,3,-0.11137468367815018,Q3_pred_3,3
72465,4,0.054259657859802246,Q5_pred_5,5
137697,3,0.08255022764205933,Q5_pred_5,5
245550,4,-0.126604825258255,Q3_pred_3,3
79356,3,-0.16927804052829742,Q2_pred_2,2
40258,3,0.18190696835517883,Q5_pred_5,5
138202,3,-0.04522675275802612,Q4_pred_4,4
94210,3,-0.04797397553920746,Q4_pred_4,4
78749,3,-0.3997460603713989,Q1_pred_1,1
386283,3,-0.22072462737560272,Q1_pred_1,1
67829,4,0.11743628978729248,Q5_pred_5,5
140031,3,-0.006590709090232849,Q4_pred_4,4
58650,4,-0.07542788982391357,Q3_pred_3,3
61741,4,0.09685257822275162,Q5_pred_5,5
247747,4,-0.17101483047008514,Q2_pred_2,2
56416,4,-0.2438453882932663,Q1_pred_1,1
44535,4,0.031074702739715576,Q5_pred_5,5
15562,3,-0.0036190301179885864,Q5_pred_5,5
354341,4,-0.1877989023923874,Q2_pred_2,2
354512,4,-0.006018802523612976,Q5_pred_5,5
28541,4,-0.23083102703094482,Q1_pred_1,1
358003,4,-0.24235297739505768,Q1_pred_1,1
20455,4,-0.09608907997608185,Q3_pred_3,3
97632,4,-0.16626575589179993,Q2_pred_2,2
153795,4,-0.20689910650253296,Q1_pred_1,1
41666,4,-0.04063734412193298,Q4_pred_4,4
145575,4,-0.148305743932724,Q2_pred_2,2
153725,4,-0.12117820978164673,Q3_pred_3,3
170262,2,-0.1214442253112793,Q3_pred_3,3
357086,4,-0.25433701276779175,Q1_pred_1,1
268268,4,-0.10695329308509827,Q3_pred_3,3
71173,3,-0.17716263234615326,Q2_pred_2,2
324485,3,-0.03682984411716461,Q4_pred_4,4
40467,4,0.0499916672706604,Q5_pred_5,5
377982,4,0.01486649364233017,Q5_pred_5,5
67833,4,-0.12521548569202423,Q3_pred_3,3
19200,4,-0.17268162965774536,Q2_pred_2,2
181188,4,-0.03204665333032608,Q4_pred_4,4
105475,4,-0.29249852895736694,Q1_pred_1,1
92889,4,-0.274528443813324,Q1_pred_1,1
4166,3,-0.168160080909729,Q2_pred_2,2
120671,3,0.14503760635852814,Q5_pred_5,5
111212,3,-0.16100376844406128,Q2_pred_2,2
355218,4,-0.049554698169231415,Q4_pred_4,4
84083,4,-0.11439906060695648,Q3_pred_3,3
173808,3,-0.25649088621139526,Q1_pred_1,1
424116,3,-0.0356198251247406,Q4_pred_4,4
173601,4,-0.07325499504804611,Q4_pred_4,4
179661,3,0.03363575041294098,Q5_pred_5,5
369220,4,-0.03840625286102295,Q4_pred_4,4
3418,4,-0.2153385877609253,Q1_pred_1,1
267937,4,-0.15512946248054504,Q2_pred_2,2
278107,4,-0.03962375968694687,Q4_pred_4,4
91981,4,-0.1741258203983307,Q2_pred_2,2
56520,3,-0.15747597813606262,Q2_pred_2,2
41515,4,-0.2269299328327179,Q1_pred_1,1
1370,4,-0.3845706284046173,Q1_pred_1,1
367052,4,-0.1882316619157791,Q2_pred_2,2
427559,4,-0.03430645912885666,Q4_pred_4,4
355290,4,-0.01617106795310974,Q4_pred_4,4
102849,4,-0.045402780175209045,Q4_pred_4,4
137582,4,-0.1126062422990799,Q3_pred_3,3
261512,4,-0.3090728521347046,Q1_pred_1,1
270405,4,-0.27341946959495544,Q1_pred_1,1
150380,4,-0.26146215200424194,Q1_pred_1,1
34667,4,0.03413748741149902,Q5_pred_5,5
367533,3,0.09046152234077454,Q5_pred_5,5
86415,4,-0.11640806496143341,Q3_pred_3,3
45950,4,0.06152178347110748,Q5_pred_5,5
153755,4,-0.20057380199432373,Q1_pred_1,1
386033,4,-0.11347898840904236,Q3_pred_3,3
86352,3,-0.13167637586593628,Q2_pred_2,2
18450,3,-0.1730855107307434,Q2_pred_2,2
407943,4,-0.15367020666599274,Q2_pred_2,2
348887,3,-0.02623811364173889,Q4_pred_4,4
164877,4,-0.10356113314628601,Q3_pred_3,3
19059,4,-0.09299219399690628,Q3_pred_3,3
74380,4,0.019264601171016693,Q5_pred_5,5
126055,4,-0.06300538033246994,Q4_pred_4,4
119809,3,0.0005969256162643433,Q5_pred_5,5
386287,4,-0.173187255859375,Q2_pred_2,2
183934,3,-0.0907418429851532,Q3_pred_3,3
177256,4,-0.20137900114059448,Q1_pred_1,1
232837,4,-0.02094109356403351,Q4_pred_4,4
199731,4,-0.07709167897701263,Q3_pred_3,3
259681,4,-0.042493805289268494,Q4_pred_4,4
101857,4,-0.034979045391082764,Q4_pred_4,4
333277,4,-0.016591131687164307,Q4_pred_4,4
232861,4,-0.045693978667259216,Q4_pred_4,4
198965,4,-0.09520582109689713,Q3_pred_3,3
24126,4,-0.057109564542770386,Q4_pred_4,4
47372,4,-0.10919852554798126,Q3_pred_3,3
127444,3,-0.21344052255153656,Q1_pred_1,1
10099,2,-0.05400185286998749,Q4_pred_4,4
362197,4,-0.13623617589473724,Q2_pred_2,2
107213,3,0.0969129204750061,Q5_pred_5,5
29187,4,-0.26123303174972534,Q1_pred_1,1
159695,3,-0.13614422082901,Q2_pred_2,2
82048,4,-0.1091671884059906,Q3_pred_3,3
124697,3,0.17341536283493042,Q5_pred_5,5
364484,4,-0.11777816712856293,Q3_pred_3,3
247268,4,-0.11767308413982391,Q3_pred_3,3
143293,4,-0.11877559870481491,Q3_pred_3,3
146625,4,-0.0287494957447052,Q4_pred_4,4
22329,3,-0.010829508304595947,Q4_pred_4,4
76285,4,-0.13961853086948395,Q2_pred_2,2
154076,4,-0.10682277381420135,Q3_pred_3,3
49850,4,-0.06344926357269287,Q4_pred_4,4
97623,4,-0.15690916776657104,Q2_pred_2,2
53871,4,-0.05483628809452057,Q4_pred_4,4
190627,4,-0.13355594873428345,Q2_pred_2,2
142876,4,-0.05641356110572815,Q4_pred_4,4
14047,4,-0.1556404083967209,Q2_pred_2,2
113512,3,-0.286747008562088,Q1_pred_1,1
355233,4,0.003981016576290131,Q5_pred_5,5
353317,3,-0.31722891330718994,Q1_pred_1,1
86394,4,-0.06325463950634003,Q4_pred_4,4
27991,4,-0.19524651765823364,Q2_pred_2,2
275154,4,0.16029240190982819,Q5_pred_5,5
5694,4,-0.25620588660240173,Q1_pred_1,1
29275,4,-0.31160613894462585,Q1_pred_1,1
375717,4,-0.0796080231666565,Q3_pred_3,3
361551,3,-0.13378466665744781,Q2_pred_2,2
255223,4,0.07499590516090393,Q5_pred_5,5
51445,4,-0.12117809057235718,Q3_pred_3,3
82814,3,-0.1822252869606018,Q2_pred_2,2
21336,4,-0.13335171341896057,Q2_pred_2,2
352374,4,-0.3556993305683136,Q1_pred_1,1
123293,4,-0.09598374366760254,Q3_pred_3,3
270367,4,-0.13824999332427979,Q2_pred_2,2
417936,3,-0.13090957701206207,Q2_pred_2,2
267984,3,-0.28478607535362244,Q1_pred_1,1
277721,4,-0.16698062419891357,Q2_pred_2,2
194578,4,-0.07264524698257446,Q4_pred_4,4
55113,3,-0.15970543026924133,Q2_pred_2,2
189743,4,0.042259182780981064,Q5_pred_5,5
374907,4,-0.16440191864967346,Q2_pred_2,2
93964,4,-0.08706703782081604,Q3_pred_3,3
90179,4,-0.1662071943283081,Q2_pred_2,2
246699,4,0.002511456608772278,Q5_pred_5,5
196066,4,-0.03004741296172142,Q4_pred_4,4
12871,4,-0.2700144052505493,Q1_pred_1,1
212392,3,-0.0562930665910244,Q4_pred_4,4
142875,4,-0.03528663516044617,Q4_pred_4,4
76904,4,-0.0865103006362915,Q3_pred_3,3
69870,4,-0.20097777247428894,Q1_pred_1,1
22953,4,-0.17970412969589233,Q2_pred_2,2
203755,4,0.04609613120555878,Q5_pred_5,5
26657,4,-0.08667997270822525,Q3_pred_3,3
142612,4,-0.12944245338439941,Q3_pred_3,3
14067,3,-0.16396179795265198,Q2_pred_2,2
11952,4,-0.1659054458141327,Q2_pred_2,2
67425,4,-0.1502569168806076,Q2_pred_2,2
35213,4,-0.0847187340259552,Q3_pred_3,3
491273,4,-0.38493579626083374,Q1_pred_1,1
17931,4,-0.08585825562477112,Q3_pred_3,3
173607,4,-0.048678286373615265,Q4_pred_4,4
108590,4,-0.3008212149143219,Q1_pred_1,1
98948,4,-0.1517162024974823,Q2_pred_2,2
381494,4,-0.11898995190858841,Q3_pred_3,3
99233,4,-0.1779952049255371,Q2_pred_2,2
2453,4,-0.2623041272163391,Q1_pred_1,1
444,4,-0.1944824457168579,Q2_pred_2,2
73514,4,-0.040600717067718506,Q4_pred_4,4
152728,4,-0.11164671182632446,Q3_pred_3,3
80502,4,-0.11294671893119812,Q3_pred_3,3
180661,4,-0.03824549913406372,Q4_pred_4,4
154100,4,-0.15394403040409088,Q2_pred_2,2
96769,4,-0.14453144371509552,Q2_pred_2,2
71241,3,-0.05908617377281189,Q4_pred_4,4
352638,4,-0.31423068046569824,Q1_pred_1,1
148877,4,-0.001167096197605133,Q5_pred_5,5
184673,4,-0.04073338583111763,Q4_pred_4,4
29619,4,-0.05172105133533478,Q4_pred_4,4
81246,4,-0.07875005155801773,Q3_pred_3,3
5315,4,-0.09905888140201569,Q3_pred_3,3
28439,4,-0.05064697563648224,Q4_pred_4,4
92135,4,-0.1452794373035431,Q2_pred_2,2
41357,3,-0.3082106113433838,Q1_pred_1,1
69426,2,-0.05307255685329437,Q4_pred_4,4
45638,4,0.0027120858430862427,Q5_pred_5,5
128840,4,-0.20105111598968506,Q1_pred_1,1
331428,4,-0.15865744650363922,Q2_pred_2,2
136656,4,0.0854983702301979,Q5_pred_5,5
35539,4,-0.09850436449050903,Q3_pred_3,3
172519,3,0.18616852164268494,Q5_pred_5,5
192002,4,-0.06699058413505554,Q4_pred_4,4
177882,4,-0.2306952327489853,Q1_pred_1,1
178669,4,-0.07873943448066711,Q3_pred_3,3
148243,4,-0.02892192453145981,Q4_pred_4,4
388252,4,-0.1026962473988533,Q3_pred_3,3
77,4,-0.10454121232032776,Q3_pred_3,3
1148,2,-0.025161314755678177,Q4_pred_4,4
155233,3,-0.05161541700363159,Q4_pred_4,4
156811,2,-0.365784615278244,Q1_pred_1,1
219766,4,0.11907821893692017,Q5_pred_5,5
373185,4,-0.10624158382415771,Q3_pred_3,3
347947,4,0.02605384588241577,Q5_pred_5,5
33919,3,-0.13301314413547516,Q2_pred_2,2
186049,4,-0.2595271170139313,Q1_pred_1,1
53869,4,-0.18419256806373596,Q2_pred_2,2
93300,2,-0.29463157057762146,Q1_pred_1,1
271336,4,-0.1994103491306305,Q1_pred_1,1
48603,3,0.0046586692333221436,Q5_pred_5,5
24762,4,-0.2849383056163788,Q1_pred_1,1
26944,4,-0.13393031060695648,Q2_pred_2,2
337225,4,-0.332764595746994,Q1_pred_1,1
208689,4,-0.12979885935783386,Q3_pred_3,3
170097,4,-0.10477318614721298,Q3_pred_3,3
2766,4,-0.17986999452114105,Q2_pred_2,2
21623,4,-0.2600656747817993,Q1_pred_1,1
127366,4,-0.16808992624282837,Q2_pred_2,2
59455,4,-0.1547727733850479,Q2_pred_2,2
371562,4,-0.22060246765613556,Q1_pred_1,1
51713,4,-0.1425376534461975,Q2_pred_2,2
153707,4,-0.09716466069221497,Q3_pred_3,3
430821,4,0.0026762820780277252,Q5_pred_5,5
118627,4,-0.2970958948135376,Q1_pred_1,1
192788,4,-0.17110809683799744,Q2_pred_2,2
57197,4,-0.13006451725959778,Q2_pred_2,2
145082,4,-0.17466236650943756,Q2_pred_2,2
20466,4,-0.2731049656867981,Q1_pred_1,1
184470,4,-0.14019392430782318,Q2_pred_2,2
26499,4,-0.35692065954208374,Q1_pred_1,1
400597,4,0.008062943816184998,Q5_pred_5,5
100426,4,-0.052954040467739105,Q4_pred_4,4
3354,3,0.08446183800697327,Q5_pred_5,5
213852,4,-0.0528845489025116,Q4_pred_4,4
73099,4,-0.11063140630722046,Q3_pred_3,3
56165,4,0.030970163643360138,Q5_pred_5,5
33697,4,-0.02670930325984955,Q4_pred_4,4
6023,4,-0.1490229368209839,Q2_pred_2,2
432398,4,0.009325774386525154,Q5_pred_5,5
59460,4,-0.1285843849182129,Q3_pred_3,3
63695,4,-0.1135254055261612,Q3_pred_3,3
54328,4,-0.2782404124736786,Q1_pred_1,1
20049,4,-0.05680692195892334,Q4_pred_4,4
336592,4,-0.17036113142967224,Q2_pred_2,2
50303,2,-0.10929498076438904,Q3_pred_3,3
424389,4,-0.19784015417099,Q2_pred_2,2
14076,4,-0.1361655592918396,Q2_pred_2,2
64486,4,0.10988883674144745,Q5_pred_5,5
92122,4,-0.1857207715511322,Q2_pred_2,2
223420,4,-0.048038188368082047,Q4_pred_4,4
71865,4,0.031017106026411057,Q5_pred_5,5
75024,4,-0.05594247579574585,Q4_pred_4,4
120454,3,-0.009828358888626099,Q4_pred_4,4
474382,2,-0.06803375482559204,Q4_pred_4,4
149109,4,0.014971554279327393,Q5_pred_5,5
39086,4,-0.04062971472740173,Q4_pred_4,4
434339,4,-0.058878254145383835,Q4_pred_4,4
150754,4,-0.07859744876623154,Q3_pred_3,3
136943,4,-0.17933934926986694,Q2_pred_2,2
413550,4,-0.22671711444854736,Q1_pred_1,1
148422,3,-0.28554224967956543,Q1_pred_1,1
146235,4,-0.0025425106287002563,Q5_pred_5,5
356490,4,-0.03413863107562065,Q4_pred_4,4
426690,4,0.06385907530784607,Q5_pred_5,5
161642,3,0.0600738525390625,Q5_pred_5,5
86454,4,-0.12518534064292908,Q3_pred_3,3
433545,4,-0.0032659005373716354,Q5_pred_5,5
153951,4,-0.12291024625301361,Q3_pred_3,3
15604,3,-0.18374484777450562,Q2_pred_2,2
184617,4,-0.16161146759986877,Q2_pred_2,2
8534,3,0.11106134951114655,Q5_pred_5,5
74325,4,-0.26325523853302,Q1_pred_1,1
40073,4,-0.07466572523117065,Q3_pred_3,3
268968,4,-0.12831273674964905,Q3_pred_3,3
157453,4,0.07034356892108917,Q5_pred_5,5
137941,4,0.2074512392282486,Q5_pred_5,5
43983,4,-0.08860679715871811,Q3_pred_3,3
401341,3,-0.16047179698944092,Q2_pred_2,2
246731,4,-0.1800769567489624,Q2_pred_2,2
235168,4,-0.1615723818540573,Q2_pred_2,2
46352,4,-0.0789310559630394,Q3_pred_3,3
45603,3,-0.021541230380535126,Q4_pred_4,4
418011,4,-0.054345011711120605,Q4_pred_4,4
127272,3,-0.3437419533729553,Q1_pred_1,1
199670,3,0.10651116073131561,Q5_pred_5,5
355909,4,-0.1723303347826004,Q2_pred_2,2
410862,4,-0.06467615813016891,Q4_pred_4,4
93880,4,0.020963795483112335,Q5_pred_5,5
247492,4,-0.14291012287139893,Q2_pred_2,2
61738,4,0.056551624089479446,Q5_pred_5,5
85704,4,-0.08425971865653992,Q3_pred_3,3
113129,4,-0.0359777957201004,Q4_pred_4,4
104597,4,-0.11724583059549332,Q3_pred_3,3
103136,4,-0.1531592160463333,Q2_pred_2,2
247117,4,-0.07867387682199478,Q3_pred_3,3
351062,4,0.02698429673910141,Q5_pred_5,5
105591,4,-0.34923702478408813,Q1_pred_1,1
133456,4,-0.11279283463954926,Q3_pred_3,3
86457,4,-0.15360170602798462,Q2_pred_2,2
210296,4,-0.011612460017204285,Q4_pred_4,4
205734,4,-0.12473928928375244,Q3_pred_3,3
75254,4,-0.0511302649974823,Q4_pred_4,4
38205,3,-0.07294509559869766,Q4_pred_4,4
237516,3,-0.06085308641195297,Q4_pred_4,4
55116,3,0.02463221549987793,Q5_pred_5,5
15222,4,-0.0015511810779571533,Q5_pred_5,5
363114,3,-0.20357182621955872,Q1_pred_1,1
34,4,-0.14573165774345398,Q2_pred_2,2
141697,4,-0.15127770602703094,Q2_pred_2,2
347648,4,-0.0942905843257904,Q3_pred_3,3
98646,4,-0.08901451528072357,Q3_pred_3,3
120655,3,0.15071341395378113,Q5_pred_5,5
250696,4,0.012540102005004883,Q5_pred_5,5
8008,3,-0.031213566660881042,Q4_pred_4,4
20457,4,-0.038213521242141724,Q4_pred_4,4
60804,4,-0.14239153265953064,Q2_pred_2,2
39441,3,-0.03384365886449814,Q4_pred_4,4
200026,4,-0.11773467063903809,Q3_pred_3,3
10731,2,0.009074360132217407,Q5_pred_5,5
354270,4,-0.17944833636283875,Q2_pred_2,2
56404,3,-0.07380631566047668,Q3_pred_3,3
65436,4,-0.0849798321723938,Q3_pred_3,3
380100,4,-0.19041982293128967,Q2_pred_2,2
114437,4,-0.02760113775730133,Q4_pred_4,4
95533,4,0.1416204422712326,Q5_pred_5,5
193334,4,0.09762740135192871,Q5_pred_5,5
27407,4,0.18280857801437378,Q5_pred_5,5
24282,4,-0.0567050576210022,Q4_pred_4,4
239830,4,-0.0022307932376861572,Q5_pred_5,5
359681,4,0.007608197629451752,Q5_pred_5,5
147950,3,-0.1320594698190689,Q2_pred_2,2
104389,2,0.018469572067260742,Q5_pred_5,5
13018,3,-0.2327994555234909,Q1_pred_1,1
490557,4,0.07884647697210312,Q5_pred_5,5
276894,4,0.010122746229171753,Q5_pred_5,5
40032,4,-0.18799100816249847,Q2_pred_2,2
171200,4,-0.024466928094625473,Q4_pred_4,4
132803,3,-0.1505991816520691,Q2_pred_2,2
379017,4,-0.01968340575695038,Q4_pred_4,4
145749,4,-0.11440816521644592,Q3_pred_3,3
247540,4,-0.14127855002880096,Q2_pred_2,2
490712,4,-0.030154962092638016,Q4_pred_4,4
431190,4,-0.11573968827724457,Q3_pred_3,3
17860,4,-0.1254940629005432,Q3_pred_3,3
20079,3,-0.013701744377613068,Q4_pred_4,4
42965,4,-0.25928807258605957,Q1_pred_1,1
3805,5,0.13265085220336914,Q5_pred_5,5
219253,4,0.021041542291641235,Q5_pred_5,5
347658,4,-0.10455217957496643,Q3_pred_3,3
204144,4,-0.03686642646789551,Q4_pred_4,4
239164,3,-0.07483157515525818,Q3_pred_3,3
2530,4,0.15353965759277344,Q5_pred_5,5
366760,3,0.06354735791683197,Q5_pred_5,5
92956,4,-0.09576505422592163,Q3_pred_3,3
76438,2,-0.11309988796710968,Q3_pred_3,3
424097,3,-0.04250381886959076,Q4_pred_4,4
41695,3,-0.16814090311527252,Q2_pred_2,2
14333,5,-0.040365785360336304,Q4_pred_4,4
132989,3,-0.12952685356140137,Q3_pred_3,3
325858,4,-0.18542695045471191,Q2_pred_2,2
373876,4,-0.11719661951065063,Q3_pred_3,3
542,3,0.03625437617301941,Q5_pred_5,5
238567,4,-0.12713143229484558,Q3_pred_3,3
245075,3,0.020329654216766357,Q5_pred_5,5
148247,4,-0.04390362650156021,Q4_pred_4,4
40499,4,0.014936670660972595,Q5_pred_5,5
219112,3,0.014376215636730194,Q5_pred_5,5
109544,4,0.09315745532512665,Q5_pred_5,5
192348,4,-0.1671101152896881,Q2_pred_2,2
402905,4,-0.05505405366420746,Q4_pred_4,4
433921,4,-0.05871029198169708,Q4_pred_4,4
23574,4,-0.13335338234901428,Q2_pred_2,2
199149,4,-0.058382488787174225,Q4_pred_4,4
154917,4,0.0035772696137428284,Q5_pred_5,5
56025,5,-0.11517053842544556,Q3_pred_3,3
3311,3,-0.14279437065124512,Q2_pred_2,2
274451,4,0.147380992770195,Q5_pred_5,5
142783,5,-0.007738202810287476,Q4_pred_4,4
21892,3,-0.23150697350502014,Q1_pred_1,1
398038,4,-0.17559926211833954,Q2_pred_2,2
175415,3,-0.27735430002212524,Q1_pred_1,1
177229,4,0.04460802674293518,Q5_pred_5,5
62361,4,0.12505367398262024,Q5_pred_5,5
111779,4,-0.18722283840179443,Q2_pred_2,2
480889,2,-0.46262282133102417,Q1_pred_1,1
35722,3,-0.18421807885169983,Q2_pred_2,2
334991,4,-0.16707143187522888,Q2_pred_2,2
241921,3,-0.13632281124591827,Q2_pred_2,2
170466,4,-0.11640004813671112,Q3_pred_3,3
81029,4,-0.09723450243473053,Q3_pred_3,3
71054,4,0.0038597583770751953,Q5_pred_5,5
20765,3,-0.2673809826374054,Q1_pred_1,1
383547,4,-0.21728910505771637,Q1_pred_1,1
146620,5,-0.038367629051208496,Q4_pred_4,4
108776,4,-0.060683801770210266,Q4_pred_4,4
30625,3,0.09337612986564636,Q5_pred_5,5
337090,4,-0.11680903285741806,Q3_pred_3,3
372776,4,-0.21452072262763977,Q1_pred_1,1
267004,4,-0.1058516800403595,Q3_pred_3,3
357872,4,-0.19477251172065735,Q2_pred_2,2
86414,4,-0.1200573518872261,Q3_pred_3,3
77924,4,-0.20344191789627075,Q1_pred_1,1
34014,2,-0.210709348320961,Q1_pred_1,1
417226,3,-0.19813020527362823,Q1_pred_1,1
115537,2,-0.21938985586166382,Q1_pred_1,1
366595,4,-0.08450562506914139,Q3_pred_3,3
406694,4,-0.16599152982234955,Q2_pred_2,2
46722,4,-0.001087486743927002,Q5_pred_5,5
74517,3,-0.16984441876411438,Q2_pred_2,2
137564,5,-0.058820463716983795,Q4_pred_4,4
220593,5,-0.07143384218215942,Q4_pred_4,4
120456,4,-0.11540980637073517,Q3_pred_3,3
30280,4,-0.16127744317054749,Q2_pred_2,2
31251,4,-0.033960312604904175,Q4_pred_4,4
254952,3,-0.14526763558387756,Q2_pred_2,2
137760,3,-0.04107488691806793,Q4_pred_4,4
316908,5,-0.08509498834609985,Q3_pred_3,3
147921,4,-0.08112413436174393,Q3_pred_3,3
15160,4,-0.3417185842990875,Q1_pred_1,1
53502,4,-0.1364460587501526,Q2_pred_2,2
187863,4,-0.07241228222846985,Q4_pred_4,4
20762,2,-0.35052186250686646,Q1_pred_1,1
11889,5,-0.20170019567012787,Q1_pred_1,1
53581,3,-0.2798095643520355,Q1_pred_1,1
151386,3,-0.22316326200962067,Q1_pred_1,1
111796,3,-0.1093490719795227,Q3_pred_3,3
377275,4,-0.2547750174999237,Q1_pred_1,1
233810,4,-0.16739481687545776,Q2_pred_2,2
395410,4,-0.10156016051769257,Q3_pred_3,3
41365,4,0.14741599559783936,Q5_pred_5,5
373655,4,-0.0074787139892578125,Q4_pred_4,4
33284,3,0.0025431104004383087,Q5_pred_5,5
162733,4,-0.13580864667892456,Q2_pred_2,2
45056,5,-0.12282243371009827,Q3_pred_3,3
93921,4,-0.08060547709465027,Q3_pred_3,3
36232,3,-0.27910473942756653,Q1_pred_1,1
381274,4,0.041954681277275085,Q5_pred_5,5
247276,4,-0.11354098469018936,Q3_pred_3,3
110958,3,-0.008310817182064056,Q4_pred_4,4
27555,3,0.15513819456100464,Q5_pred_5,5
153740,4,-0.07699945569038391,Q3_pred_3,3
163327,3,-0.19416972994804382,Q2_pred_2,2
65518,4,-0.187490314245224,Q2_pred_2,2
180305,4,-0.15165559947490692,Q2_pred_2,2
477036,4,-0.12483954429626465,Q3_pred_3,3
193347,3,0.05073561891913414,Q5_pred_5,5
122189,3,-0.18430179357528687,Q2_pred_2,2
89675,4,-0.27360764145851135,Q1_pred_1,1
94405,3,-0.3270030617713928,Q1_pred_1,1
127279,3,-0.0377497673034668,Q4_pred_4,4
173618,4,-0.0410742312669754,Q4_pred_4,4
239862,4,-0.03053458034992218,Q4_pred_4,4
134013,3,-0.20828573405742645,Q1_pred_1,1
327919,4,-0.15130513906478882,Q2_pred_2,2
319234,4,-0.11002173274755478,Q3_pred_3,3
153737,4,-0.0896279513835907,Q3_pred_3,3
57884,3,-0.23434922099113464,Q1_pred_1,1
465781,4,-0.019653677940368652,Q4_pred_4,4
101419,3,0.03995871543884277,Q5_pred_5,5
83620,4,-0.14560289680957794,Q2_pred_2,2
72836,4,-0.11787520349025726,Q3_pred_3,3
68148,4,-0.060635969042778015,Q4_pred_4,4
477107,3,-0.10284128785133362,Q3_pred_3,3
114328,4,-0.17743295431137085,Q2_pred_2,2
54948,4,-0.10826778411865234,Q3_pred_3,3
183181,4,-0.09784502536058426,Q3_pred_3,3
59260,4,-0.0287146158516407,Q4_pred_4,4
148946,3,-0.21845272183418274,Q1_pred_1,1
81922,4,0.10517725348472595,Q5_pred_5,5
360174,4,-0.12631481885910034,Q3_pred_3,3
1821,4,-0.18397873640060425,Q2_pred_2,2
86957,1,-0.14882124960422516,Q2_pred_2,2
148540,4,0.0426899790763855,Q5_pred_5,5
38170,3,-0.09743969142436981,Q3_pred_3,3
39444,3,0.08012282103300095,Q5_pred_5,5
239336,3,-0.10560506582260132,Q3_pred_3,3
247992,3,-0.2572191059589386,Q1_pred_1,1
405431,3,-0.05628657341003418,Q4_pred_4,4
84413,4,-0.2587811350822449,Q1_pred_1,1
93909,5,-0.11657558381557465,Q3_pred_3,3
396887,4,-0.10579928010702133,Q3_pred_3,3
164174,4,-0.17510586977005005,Q2_pred_2,2
42118,3,-0.615275502204895,Q1_pred_1,1
161579,4,-0.11857956647872925,Q3_pred_3,3
121221,3,-0.13215851783752441,Q2_pred_2,2
31659,4,-0.13320346176624298,Q2_pred_2,2
145718,3,-0.21750792860984802,Q1_pred_1,1
87,4,-0.029127389192581177,Q4_pred_4,4
347908,4,-0.08461420238018036,Q3_pred_3,3
189379,4,0.031177543103694916,Q5_pred_5,5
343867,4,-0.16774970293045044,Q2_pred_2,2
246304,4,-0.07298001646995544,Q4_pred_4,4
7542,3,-0.19795995950698853,Q2_pred_2,2
189493,4,-0.011084578931331635,Q4_pred_4,4
139094,4,-0.09218044579029083,Q3_pred_3,3
67628,3,0.1122501790523529,Q5_pred_5,5
247383,4,-0.05708007514476776,Q4_pred_4,4
55061,4,-0.12512007355690002,Q3_pred_3,3
392497,3,-0.06159093976020813,Q4_pred_4,4
320952,4,-0.0057767778635025024,Q5_pred_5,5
155899,4,-0.22419893741607666,Q1_pred_1,1
399085,3,-0.2046458125114441,Q1_pred_1,1
137708,3,-0.15186502039432526,Q2_pred_2,2
40829,4,0.015532571822404861,Q5_pred_5,5
159294,4,-0.11883201450109482,Q3_pred_3,3
326986,3,-0.053074538707733154,Q4_pred_4,4
273542,4,-0.027000993490219116,Q4_pred_4,4
56977,3,-0.07884015142917633,Q3_pred_3,3
426205,2,-0.10197392106056213,Q3_pred_3,3
116921,4,-0.23560094833374023,Q1_pred_1,1
89684,4,-0.162361741065979,Q2_pred_2,2
92933,3,-0.061030782759189606,Q4_pred_4,4
48082,3,-0.04090742766857147,Q4_pred_4,4
83483,4,-0.17792868614196777,Q2_pred_2,2
25278,4,-0.12218791246414185,Q3_pred_3,3
65171,4,-0.03818979859352112,Q4_pred_4,4
357515,4,-0.03745925426483154,Q4_pred_4,4
48567,4,-0.048119932413101196,Q4_pred_4,4
104429,3,0.06040537357330322,Q5_pred_5,5
41083,4,-0.2896697521209717,Q1_pred_1,1
328287,4,-0.01504518836736679,Q4_pred_4,4
150409,3,-0.13107256591320038,Q2_pred_2,2
88903,4,-0.12854722142219543,Q3_pred_3,3
326384,4,-0.06354910135269165,Q4_pred_4,4
59310,4,-0.16188016533851624,Q2_pred_2,2
246987,4,0.0023555606603622437,Q5_pred_5,5
374169,4,-0.024410337209701538,Q4_pred_4,4
246762,4,-0.17049217224121094,Q2_pred_2,2
354686,3,-0.2192007154226303,Q1_pred_1,1
119279,4,-0.15672197937965393,Q2_pred_2,2
474934,4,-0.0016684867441654205,Q5_pred_5,5
135847,4,-0.21561995148658752,Q1_pred_1,1
6388,4,-0.16488787531852722,Q2_pred_2,2
96110,4,-0.13612769544124603,Q2_pred_2,2
107711,4,-0.021973982453346252,Q4_pred_4,4
120133,4,-0.2985002398490906,Q1_pred_1,1
249094,4,-0.02287844568490982,Q4_pred_4,4
111250,4,-0.10651174932718277,Q3_pred_3,3
95774,4,-0.0571424663066864,Q4_pred_4,4
7943,3,0.09414955973625183,Q5_pred_5,5
198256,4,-0.065763458609581,Q4_pred_4,4
155423,4,-0.15773501992225647,Q2_pred_2,2
380047,3,-0.21507087349891663,Q1_pred_1,1
400356,4,0.006299644708633423,Q5_pred_5,5
23648,4,-0.058208316564559937,Q4_pred_4,4
33686,4,-0.07271936535835266,Q4_pred_4,4
90250,4,-0.1833767592906952,Q2_pred_2,2
252490,4,-0.013495802879333496,Q4_pred_4,4
132860,4,-0.292846143245697,Q1_pred_1,1
155770,3,-0.2409454882144928,Q1_pred_1,1
150404,4,-0.29292917251586914,Q1_pred_1,1
148524,4,-0.003974586725234985,Q5_pred_5,5
58100,4,-0.06787712872028351,Q4_pred_4,4
246374,3,-0.06634176522493362,Q4_pred_4,4
52290,4,-0.18470609188079834,Q2_pred_2,2
16992,3,-0.1533510982990265,Q2_pred_2,2
75625,3,-0.07037034630775452,Q4_pred_4,4
93645,3,0.018645375967025757,Q5_pred_5,5
31168,3,0.03193990886211395,Q5_pred_5,5
477304,4,-0.4166083335876465,Q1_pred_1,1
28942,4,-0.16085535287857056,Q2_pred_2,2
92822,4,-0.14216472208499908,Q2_pred_2,2
157474,4,-0.1839386224746704,Q2_pred_2,2
92221,5,-0.22900788486003876,Q1_pred_1,1
61734,4,-0.1565837860107422,Q2_pred_2,2
160125,3,-0.15678636729717255,Q2_pred_2,2
107422,4,-0.09973189234733582,Q3_pred_3,3
248777,4,-0.029574990272521973,Q4_pred_4,4
415426,4,-0.2695523798465729,Q1_pred_1,1
168059,4,-0.20367519557476044,Q1_pred_1,1
13713,4,-0.10508657246828079,Q3_pred_3,3
360100,4,-0.19088661670684814,Q2_pred_2,2
95531,4,-0.07327035069465637,Q4_pred_4,4
326412,4,-0.026902280747890472,Q4_pred_4,4
29119,4,-0.2875937223434448,Q1_pred_1,1
211159,3,-0.14290089905261993,Q2_pred_2,2
374069,4,0.015419214963912964,Q5_pred_5,5
104552,3,-0.24056969583034515,Q1_pred_1,1
152606,4,0.01858671009540558,Q5_pred_5,5
187365,3,-0.13581253588199615,Q2_pred_2,2
131318,3,-0.38961631059646606,Q1_pred_1,1
6968,4,-0.19290988147258759,Q2_pred_2,2
137936,3,-0.007961928844451904,Q4_pred_4,4
358348,3,-0.12999668717384338,Q3_pred_3,3
374856,4,-0.16993902623653412,Q2_pred_2,2
49317,4,-0.1149839237332344,Q3_pred_3,3
207406,4,-0.08205968141555786,Q3_pred_3,3
221639,4,-0.2733016014099121,Q1_pred_1,1
358041,4,-0.14299575984477997,Q2_pred_2,2
60916,4,-0.09119912981987,Q3_pred_3,3
6490,3,-0.13934484124183655,Q2_pred_2,2
77710,4,0.008195221424102783,Q5_pred_5,5
50786,4,-0.2580806016921997,Q1_pred_1,1
343994,4,-0.10404839366674423,Q3_pred_3,3
255659,4,-0.07423029094934464,Q3_pred_3,3
156783,2,-0.24897122383117676,Q1_pred_1,1
149944,3,-0.023956090211868286,Q4_pred_4,4
182984,4,0.03897431492805481,Q5_pred_5,5
76568,3,-0.2055155336856842,Q1_pred_1,1
66622,4,-0.07251959294080734,Q4_pred_4,4
37349,4,0.08362364768981934,Q5_pred_5,5
419201,4,0.006644796580076218,Q5_pred_5,5
412332,4,0.01655563712120056,Q5_pred_5,5
258102,3,0.03450961410999298,Q5_pred_5,5
143339,5,-0.08095871657133102,Q3_pred_3,3
84021,5,-0.08556181192398071,Q3_pred_3,3
200386,4,-0.03821582347154617,Q4_pred_4,4
55874,4,-0.1572462022304535,Q2_pred_2,2
119194,4,-0.13794498145580292,Q2_pred_2,2
2215,3,-0.09199848771095276,Q3_pred_3,3
146977,4,-0.08286569267511368,Q3_pred_3,3
250378,4,-0.021983027458190918,Q4_pred_4,4
102422,4,-0.15248921513557434,Q2_pred_2,2
395821,3,-0.24997398257255554,Q1_pred_1,1
53829,3,-0.09989883750677109,Q3_pred_3,3
374509,4,-0.1865025758743286,Q2_pred_2,2
11054,2,-0.16253921389579773,Q2_pred_2,2
192679,4,-0.08269676566123962,Q3_pred_3,3
14474,4,-0.07869361340999603,Q3_pred_3,3
21386,3,-0.02954748272895813,Q4_pred_4,4
157726,4,0.005269251763820648,Q5_pred_5,5
106859,4,-0.08728760480880737,Q3_pred_3,3
5682,4,-0.06305735558271408,Q4_pred_4,4
156765,3,-0.1516818106174469,Q2_pred_2,2
51397,3,-0.042044587433338165,Q4_pred_4,4
235031,4,-0.18484652042388916,Q2_pred_2,2
390939,4,-0.11341586709022522,Q3_pred_3,3
40085,4,-0.05519711971282959,Q4_pred_4,4
195522,4,0.17909520864486694,Q5_pred_5,5
343943,4,-0.17437952756881714,Q2_pred_2,2
32245,3,-0.28406503796577454,Q1_pred_1,1
113324,3,-0.23777639865875244,Q1_pred_1,1
236386,3,-0.046524420380592346,Q4_pred_4,4
352186,4,-0.07831734418869019,Q3_pred_3,3
32600,4,-0.1661243438720703,Q2_pred_2,2
2146,4,-0.27463939785957336,Q1_pred_1,1
30032,4,-0.16433188319206238,Q2_pred_2,2
48353,4,0.1101570725440979,Q5_pred_5,5
239256,3,-0.1039915606379509,Q3_pred_3,3
10773,3,-0.18092304468154907,Q2_pred_2,2
58188,4,-0.20065507292747498,Q1_pred_1,1
357433,4,-0.07599973678588867,Q3_pred_3,3
142757,4,0.007836386561393738,Q5_pred_5,5
6506,4,0.07092337310314178,Q5_pred_5,5
40835,4,0.028799518942832947,Q5_pred_5,5
124829,3,-0.20625746250152588,Q1_pred_1,1
3167,4,-0.10632362216711044,Q3_pred_3,3
113322,3,-0.2588905692100525,Q1_pred_1,1
358168,4,-0.18681588768959045,Q2_pred_2,2
12974,3,-0.3287483751773834,Q1_pred_1,1
2149,3,-0.3045874834060669,Q1_pred_1,1
50310,2,-0.051348090171813965,Q4_pred_4,4
415412,3,-0.014667659997940063,Q4_pred_4,4
10888,2,-0.08742980659008026,Q3_pred_3,3
382831,3,-0.042798787355422974,Q4_pred_4,4
418111,3,-0.00511835515499115,Q5_pred_5,5
62263,4,-0.13557353615760803,Q2_pred_2,2
468009,3,-0.08783863484859467,Q3_pred_3,3
207488,3,-0.11201015114784241,Q3_pred_3,3
45261,3,-0.15453629195690155,Q2_pred_2,2
417774,4,-0.06890397518873215,Q4_pred_4,4
188781,3,-0.07702192664146423,Q3_pred_3,3
325376,3,0.13506725430488586,Q5_pred_5,5
197257,3,-0.12963348627090454,Q3_pred_3,3
106789,4,0.060966670513153076,Q5_pred_5,5
159255,3,0.2833993434906006,Q5_pred_5,5
374572,5,-0.14897310733795166,Q2_pred_2,2
8729,3,0.13159991800785065,Q5_pred_5,5
172066,4,-0.11953426897525787,Q3_pred_3,3
48716,3,-0.08671867847442627,Q3_pred_3,3
249723,4,0.034904539585113525,Q5_pred_5,5
28285,4,-0.023284226655960083,Q4_pred_4,4
262442,3,-0.12388381361961365,Q3_pred_3,3
122175,4,-0.09196634590625763,Q3_pred_3,3
363061,4,-0.0977039560675621,Q3_pred_3,3
154783,4,-0.10154452174901962,Q3_pred_3,3
153659,4,-0.1090085506439209,Q3_pred_3,3
15742,3,-0.23015274107456207,Q1_pred_1,1
84095,4,-0.13564026355743408,Q2_pred_2,2
22865,3,-0.16866636276245117,Q2_pred_2,2
398498,3,0.08399336785078049,Q5_pred_5,5
164803,4,-0.09045375883579254,Q3_pred_3,3
120130,4,-0.15091067552566528,Q2_pred_2,2
318647,4,-0.121913380920887,Q3_pred_3,3
372650,4,-0.14751750230789185,Q2_pred_2,2
23025,4,-0.07784353196620941,Q3_pred_3,3
110602,4,0.07713449001312256,Q5_pred_5,5
371971,4,0.03233485668897629,Q5_pred_5,5
133809,4,-0.26852431893348694,Q1_pred_1,1
373882,4,-0.164699524641037,Q2_pred_2,2
357992,4,-0.19740286469459534,Q2_pred_2,2
67954,3,-0.3285489082336426,Q1_pred_1,1
116163,3,-0.26037487387657166,Q1_pred_1,1
50180,4,0.005487948656082153,Q5_pred_5,5
117498,3,-0.016831740736961365,Q4_pred_4,4
70301,3,-0.16917598247528076,Q2_pred_2,2
48978,4,-0.0594041645526886,Q4_pred_4,4
100360,4,-0.12472482770681381,Q3_pred_3,3
68664,4,0.0012546663638204336,Q5_pred_5,5
270918,4,-0.08507595211267471,Q3_pred_3,3
64714,4,0.06244805455207825,Q5_pred_5,5
208695,4,-0.02434009313583374,Q4_pred_4,4
371652,2,-0.18156719207763672,Q2_pred_2,2
19212,4,-0.09894779324531555,Q3_pred_3,3
64453,3,-0.11784503608942032,Q3_pred_3,3
10852,2,-0.3142039179801941,Q1_pred_1,1
360599,4,-0.15171751379966736,Q2_pred_2,2
166966,4,-0.20849475264549255,Q1_pred_1,1
395492,4,-0.03591064363718033,Q4_pred_4,4
132811,4,-0.17132006585597992,Q2_pred_2,2
28250,3,-0.256340891122818,Q1_pred_1,1
171647,4,-0.03673352301120758,Q4_pred_4,4
25067,4,-0.0035270899534225464,Q5_pred_5,5
76673,3,-0.08292408287525177,Q3_pred_3,3
199277,3,-0.09547984600067139,Q3_pred_3,3
81260,3,-0.014517083764076233,Q4_pred_4,4
147231,3,-0.2809969484806061,Q1_pred_1,1
57047,3,-0.08263522386550903,Q3_pred_3,3
137897,3,0.12142903357744217,Q5_pred_5,5
124700,4,-0.04013335704803467,Q4_pred_4,4
164366,3,-0.0023818165063858032,Q5_pred_5,5
334980,3,-0.22892895340919495,Q1_pred_1,1
372661,4,-0.14289358258247375,Q2_pred_2,2
242873,3,-0.006315067410469055,Q5_pred_5,5
350679,3,-0.06446228921413422,Q4_pred_4,4
153729,2,-0.26065218448638916,Q1_pred_1,1
388594,3,-0.016495555639266968,Q4_pred_4,4
105800,4,-0.3594743013381958,Q1_pred_1,1
47048,3,-0.18845400214195251,Q2_pred_2,2
428321,4,-0.06053304672241211,Q4_pred_4,4
233501,4,-0.0245964378118515,Q4_pred_4,4
5827,3,0.06021049618721008,Q5_pred_5,5
28961,4,-0.18268965184688568,Q2_pred_2,2
40016,3,-0.13435696065425873,Q2_pred_2,2
6848,4,-0.1636556088924408,Q2_pred_2,2
26285,4,-0.0016636103391647339,Q5_pred_5,5
168067,3,-0.34171342849731445,Q1_pred_1,1
72810,3,-0.25780272483825684,Q1_pred_1,1
23062,4,-0.26018303632736206,Q1_pred_1,1
142799,4,-0.07434014976024628,Q3_pred_3,3
38175,3,-0.07911985367536545,Q3_pred_3,3
137478,4,-0.027886047959327698,Q4_pred_4,4
269483,3,-0.10199710726737976,Q3_pred_3,3
398508,3,-0.19013859331607819,Q2_pred_2,2
329963,3,-0.34476545453071594,Q1_pred_1,1
373685,4,-0.004589468240737915,Q5_pred_5,5
39934,3,-0.29532647132873535,Q1_pred_1,1
485390,3,0.0879954993724823,Q5_pred_5,5
156779,3,-0.3323192596435547,Q1_pred_1,1
70308,4,-0.05906321108341217,Q4_pred_4,4
4224,4,0.03790852427482605,Q5_pred_5,5
189428,4,0.0871768444776535,Q5_pred_5,5
125561,3,-0.10349699854850769,Q3_pred_3,3
220605,4,-0.025925833731889725,Q4_pred_4,4
138810,4,-0.07221600413322449,Q4_pred_4,4
187006,4,-0.11036425083875656,Q3_pred_3,3
175401,3,0.058372512459754944,Q5_pred_5,5
183729,3,-0.19236858189105988,Q2_pred_2,2
247806,3,-0.17057675123214722,Q2_pred_2,2
96093,3,-0.12046407163143158,Q3_pred_3,3
40068,3,-0.3159707486629486,Q1_pred_1,1
54256,3,0.1676560789346695,Q5_pred_5,5
386074,4,-0.09653394669294357,Q3_pred_3,3
172245,4,-0.13089294731616974,Q2_pred_2,2
71631,4,-0.21572910249233246,Q1_pred_1,1
340038,3,-0.12452458590269089,Q3_pred_3,3
148597,4,0.060109227895736694,Q5_pred_5,5
213582,4,-0.025807738304138184,Q4_pred_4,4
135703,3,-0.11600425094366074,Q3_pred_3,3
24160,4,-0.2112017422914505,Q1_pred_1,1
130709,4,0.08213796466588974,Q5_pred_5,5
247342,3,-0.11436145007610321,Q3_pred_3,3
160314,4,-0.22540709376335144,Q1_pred_1,1
189517,3,-0.31138846278190613,Q1_pred_1,1
193480,4,-0.07050296664237976,Q4_pred_4,4
356000,4,-0.16656048595905304,Q2_pred_2,2
184879,3,-0.1504838764667511,Q2_pred_2,2
78384,4,-0.0006932765245437622,Q5_pred_5,5
359449,4,-0.043403834104537964,Q4_pred_4,4
208664,3,-0.11570309102535248,Q3_pred_3,3
50152,4,-0.05559977889060974,Q4_pred_4,4
46593,3,-0.3821215033531189,Q1_pred_1,1
104736,4,0.046791017055511475,Q5_pred_5,5
386290,4,-0.12445223331451416,Q3_pred_3,3
16263,4,-0.10990910232067108,Q3_pred_3,3
67756,4,0.020106345415115356,Q5_pred_5,5
374505,4,-0.2168312966823578,Q1_pred_1,1
26941,4,-0.13942821323871613,Q2_pred_2,2
76651,3,-0.07621372491121292,Q3_pred_3,3
65433,3,-0.21664859354496002,Q1_pred_1,1
171973,3,-0.12417265772819519,Q3_pred_3,3
232176,4,-0.07069550454616547,Q4_pred_4,4
125065,4,-0.1736026406288147,Q2_pred_2,2
50418,3,-0.28798750042915344,Q1_pred_1,1
130416,4,-0.07906024158000946,Q3_pred_3,3
183058,4,0.04486502707004547,Q5_pred_5,5
373834,4,-0.14718633890151978,Q2_pred_2,2
29088,4,-0.07832074910402298,Q3_pred_3,3
196081,4,0.019545093178749084,Q5_pred_5,5
10499,3,-0.0527777373790741,Q4_pred_4,4
50297,2,-0.033243611454963684,Q4_pred_4,4
17901,3,-0.04748013615608215,Q4_pred_4,4
52785,4,-0.05185787379741669,Q4_pred_4,4
98192,4,-0.2734350562095642,Q1_pred_1,1
41580,3,-0.12513884902000427,Q3_pred_3,3
332315,3,-0.02511519193649292,Q4_pred_4,4
155008,4,-0.08653855323791504,Q3_pred_3,3
10097,1,-0.14915499091148376,Q2_pred_2,2
98737,3,-0.23071825504302979,Q1_pred_1,1
102361,3,-0.015953734517097473,Q4_pred_4,4
65672,4,-0.32843559980392456,Q1_pred_1,1
302530,4,-0.06905913352966309,Q4_pred_4,4
16204,4,-0.09330733865499496,Q3_pred_3,3
13062,3,-0.24874502420425415,Q1_pred_1,1
41704,3,-0.1761605590581894,Q2_pred_2,2
55276,3,-0.14244437217712402,Q2_pred_2,2
149776,4,-0.03158888220787048,Q4_pred_4,4
159585,3,-0.21494406461715698,Q1_pred_1,1
10542,3,-0.1292765736579895,Q3_pred_3,3
361438,4,-0.18984995782375336,Q2_pred_2,2
120597,4,-0.40494075417518616,Q1_pred_1,1
14034,4,-0.13280881941318512,Q2_pred_2,2
570,4,-0.2850607633590698,Q1_pred_1,1
275178,3,-0.07664107531309128,Q3_pred_3,3
209,4,-0.12375425547361374,Q3_pred_3,3
120027,4,-0.10461893677711487,Q3_pred_3,3
156821,3,-0.17098656296730042,Q2_pred_2,2
405699,4,-0.13266834616661072,Q2_pred_2,2
6960,3,-0.09241980314254761,Q3_pred_3,3
133890,4,-0.018771938979625702,Q4_pred_4,4
156666,3,-0.1384846568107605,Q2_pred_2,2
68408,4,-0.17592117190361023,Q2_pred_2,2
184696,4,-0.13539175689220428,Q2_pred_2,2
76549,3,-0.38930973410606384,Q1_pred_1,1
189337,4,-0.1135273426771164,Q3_pred_3,3
21066,4,-0.1294766664505005,Q3_pred_3,3
47029,2,-0.4240393042564392,Q1_pred_1,1
58074,4,-0.03573833405971527,Q4_pred_4,4
112152,3,-0.0992698073387146,Q3_pred_3,3
372676,4,-0.3054303228855133,Q1_pred_1,1
343981,4,-0.15125694870948792,Q2_pred_2,2
80194,4,-0.10859022289514542,Q3_pred_3,3
92138,4,-0.06844419986009598,Q4_pred_4,4
76516,4,-0.07248459756374359,Q4_pred_4,4
203377,4,-0.15158341825008392,Q2_pred_2,2
149807,4,-0.03605807572603226,Q4_pred_4,4
6973,3,0.01392819732427597,Q5_pred_5,5
17127,3,-0.21075499057769775,Q1_pred_1,1
416303,4,-0.25157010555267334,Q1_pred_1,1
425676,4,-0.055464327335357666,Q4_pred_4,4
365771,4,-0.12993073463439941,Q3_pred_3,3
3973,3,-0.31180429458618164,Q1_pred_1,1
49777,3,-0.27501416206359863,Q1_pred_1,1
13072,3,-0.1427161544561386,Q2_pred_2,2
153837,4,-0.1569090038537979,Q2_pred_2,2
160276,4,-0.041612349450588226,Q4_pred_4,4
52630,1,-0.36400336027145386,Q1_pred_1,1
24646,3,-0.02180635929107666,Q4_pred_4,4
355248,4,-0.07822425663471222,Q3_pred_3,3
465759,4,0.040787890553474426,Q5_pred_5,5
42342,4,0.1300627738237381,Q5_pred_5,5
42348,4,0.09688816964626312,Q5_pred_5,5
57669,3,-0.04961678385734558,Q4_pred_4,4
128705,4,-0.051471322774887085,Q4_pred_4,4
38110,4,-0.006698042154312134,Q4_pred_4,4
57475,4,-0.1923086792230606,Q2_pred_2,2
114203,4,-0.1251666247844696,Q3_pred_3,3
413620,4,-0.0758339911699295,Q3_pred_3,3
21890,4,0.018584221601486206,Q5_pred_5,5
143299,3,-0.18908657133579254,Q2_pred_2,2
118334,3,-0.1883457750082016,Q2_pred_2,2
154781,4,-0.024078793823719025,Q4_pred_4,4
109845,4,0.030824020504951477,Q5_pred_5,5
447685,4,-0.0014352202415466309,Q5_pred_5,5
410237,4,0.012748554348945618,Q5_pred_5,5
20093,4,-0.03985414654016495,Q4_pred_4,4
145815,4,-0.0699271410703659,Q4_pred_4,4
153608,4,-0.18185044825077057,Q2_pred_2,2
166481,3,-0.20100349187850952,Q1_pred_1,1
426038,4,0.022403135895729065,Q5_pred_5,5
114170,2,-0.16956038773059845,Q2_pred_2,2
91449,3,-0.14438816905021667,Q2_pred_2,2
248952,4,-0.0848296731710434,Q3_pred_3,3
28671,4,-0.08693177253007889,Q3_pred_3,3
86662,3,-0.1167479008436203,Q3_pred_3,3
108313,4,-0.02484866976737976,Q4_pred_4,4
420263,4,-0.1284424364566803,Q3_pred_3,3
79148,4,-0.16741716861724854,Q2_pred_2,2
10935,2,-0.11833751201629639,Q3_pred_3,3
123590,4,0.14229437708854675,Q5_pred_5,5
121008,4,0.09541407227516174,Q5_pred_5,5
371786,4,-0.08049598336219788,Q3_pred_3,3
193673,4,-0.07129113376140594,Q4_pred_4,4
160268,4,-0.08131580054759979,Q3_pred_3,3
81936,4,0.035207659006118774,Q5_pred_5,5
204118,4,-0.12098471820354462,Q3_pred_3,3
40823,4,-0.012967869639396667,Q4_pred_4,4
325585,3,-0.07493725419044495,Q3_pred_3,3
76429,4,-0.19368945062160492,Q2_pred_2,2
359258,5,-0.06372269988059998,Q4_pred_4,4
383635,4,-0.3452891707420349,Q1_pred_1,1
8665,4,-0.0999767854809761,Q3_pred_3,3
124486,4,-0.09872251749038696,Q3_pred_3,3
110159,4,0.17324407398700714,Q5_pred_5,5
188367,4,-0.06757466495037079,Q4_pred_4,4
56979,4,-0.1219867467880249,Q3_pred_3,3
163419,4,-0.0985713079571724,Q3_pred_3,3
66619,4,-0.14381366968154907,Q2_pred_2,2
340504,3,-0.29737117886543274,Q1_pred_1,1
126007,3,-0.24499891698360443,Q1_pred_1,1
113383,4,-0.07877080142498016,Q3_pred_3,3
146714,3,-0.13755369186401367,Q2_pred_2,2
65873,4,-0.2290397584438324,Q1_pred_1,1
120661,4,0.13774211704730988,Q5_pred_5,5
257483,3,-0.03685733675956726,Q4_pred_4,4
42286,4,-0.23411616683006287,Q1_pred_1,1
18515,4,-0.0596480667591095,Q4_pred_4,4
168123,4,-0.18602177500724792,Q2_pred_2,2
424726,3,-0.20578402280807495,Q1_pred_1,1
50307,3,-0.062236711382865906,Q4_pred_4,4
233974,3,-0.248273566365242,Q1_pred_1,1
199144,4,-0.1174069494009018,Q3_pred_3,3
360481,3,-0.14288181066513062,Q2_pred_2,2
248598,3,-0.041855666786432266,Q4_pred_4,4
104549,3,-0.2640814781188965,Q1_pred_1,1
3802,4,0.1890290081501007,Q5_pred_5,5
156365,4,-0.16102805733680725,Q2_pred_2,2
43161,4,-0.036197371780872345,Q4_pred_4,4
156568,3,-0.08035193383693695,Q3_pred_3,3
328699,5,0.10826107859611511,Q5_pred_5,5
34648,4,0.10323622077703476,Q5_pred_5,5
221599,4,0.13417118787765503,Q5_pred_5,5
360603,4,-0.2155543863773346,Q1_pred_1,1
325461,4,-0.17221075296401978,Q2_pred_2,2
49538,4,-0.1882910132408142,Q2_pred_2,2
114013,4,-0.3572882413864136,Q1_pred_1,1
185138,3,-0.25217127799987793,Q1_pred_1,1
64781,4,0.003732621669769287,Q5_pred_5,5
193761,4,-0.24581870436668396,Q1_pred_1,1
90423,3,-0.3678891062736511,Q1_pred_1,1
16598,4,-0.13073302805423737,Q2_pred_2,2
81996,4,0.16387659311294556,Q5_pred_5,5
30031,4,-0.13739588856697083,Q2_pred_2,2
116896,4,-0.23176437616348267,Q1_pred_1,1
108402,4,-0.0202956423163414,Q4_pred_4,4
183065,4,-0.030467167496681213,Q4_pred_4,4
231991,4,-0.3160528540611267,Q1_pred_1,1
13252,4,-0.10140898823738098,Q3_pred_3,3
137052,4,0.1107029914855957,Q5_pred_5,5
77728,3,-0.18485212326049805,Q2_pred_2,2
167525,3,-0.09622368216514587,Q3_pred_3,3
174043,4,-0.11170385032892227,Q3_pred_3,3
111786,4,-0.21681562066078186,Q1_pred_1,1
86094,4,-0.07424203306436539,Q3_pred_3,3
156816,2,-0.16434559226036072,Q2_pred_2,2
169229,4,-0.13151982426643372,Q2_pred_2,2
132010,4,-0.09595422446727753,Q3_pred_3,3
62273,3,-0.054855361580848694,Q4_pred_4,4
16667,3,-0.26773175597190857,Q1_pred_1,1
358057,4,-0.11087526381015778,Q3_pred_3,3
13032,4,-0.21150165796279907,Q1_pred_1,1
105845,4,-0.25630614161491394,Q1_pred_1,1
43555,4,0.2521746754646301,Q5_pred_5,5
381506,4,-0.09061594307422638,Q3_pred_3,3
48397,3,-0.041761428117752075,Q4_pred_4,4
172588,3,0.012715727090835571,Q5_pred_5,5
88895,4,-0.11328309029340744,Q3_pred_3,3
23537,4,-0.1011265367269516,Q3_pred_3,3
11932,4,-0.1202646940946579,Q3_pred_3,3
29251,4,-0.1439984291791916,Q2_pred_2,2
16375,4,0.0056014955043792725,Q5_pred_5,5
102478,4,-0.003359854221343994,Q5_pred_5,5
31490,4,-0.00783124566078186,Q4_pred_4,4
124922,4,-0.10898983478546143,Q3_pred_3,3
213985,4,-0.15733881294727325,Q2_pred_2,2
356888,4,-0.11589345335960388,Q3_pred_3,3
216814,4,0.05792105197906494,Q5_pred_5,5
69690,4,-0.05743074417114258,Q4_pred_4,4
19159,4,-0.17863301932811737,Q2_pred_2,2
406664,4,-0.15370239317417145,Q2_pred_2,2
144224,4,0.02152484655380249,Q5_pred_5,5
180541,3,-0.11703662574291229,Q3_pred_3,3
64711,4,0.1141032874584198,Q5_pred_5,5
183156,4,-0.04398244619369507,Q4_pred_4,4
346521,3,0.027108460664749146,Q5_pred_5,5
354510,3,-0.1131356954574585,Q3_pred_3,3
370,3,-0.1614724099636078,Q2_pred_2,2
404317,4,-0.0851714015007019,Q3_pred_3,3
12712,4,-0.27981534600257874,Q1_pred_1,1
179991,3,-0.23350705206394196,Q1_pred_1,1
332314,3,-0.003202483057975769,Q5_pred_5,5
39832,3,-0.09245111048221588,Q3_pred_3,3
215682,4,0.19781039655208588,Q5_pred_5,5
254868,4,-0.04352781921625137,Q4_pred_4,4
330044,3,-0.11303894966840744,Q3_pred_3,3
20640,4,-0.12845854461193085,Q3_pred_3,3
91672,4,-0.2699199914932251,Q1_pred_1,1
382854,4,-0.0975240021944046,Q3_pred_3,3
72150,4,-0.09822876751422882,Q3_pred_3,3
54808,4,-0.0750165581703186,Q3_pred_3,3
15856,4,-0.05453944206237793,Q4_pred_4,4
20453,4,-0.06099758669734001,Q4_pred_4,4
28859,4,-0.26190292835235596,Q1_pred_1,1
153726,4,-0.18159736692905426,Q2_pred_2,2
48565,4,-0.12886545062065125,Q3_pred_3,3
373783,3,-0.20931892096996307,Q1_pred_1,1
181634,4,-0.2752249836921692,Q1_pred_1,1
184490,4,0.06581950187683105,Q5_pred_5,5
242963,4,-0.025240883231163025,Q4_pred_4,4
13457,3,-0.0843769758939743,Q3_pred_3,3
377525,4,-0.09085562825202942,Q3_pred_3,3
156810,3,-0.21843016147613525,Q1_pred_1,1
22952,4,-0.08750560879707336,Q3_pred_3,3
432405,4,0.03365175426006317,Q5_pred_5,5
103355,3,-0.08707165718078613,Q3_pred_3,3
36047,3,-0.03467138856649399,Q4_pred_4,4
188955,3,-0.0431046187877655,Q4_pred_4,4
247129,4,-0.08857520669698715,Q3_pred_3,3
481101,4,0.00892728939652443,Q5_pred_5,5
96030,4,-0.0021007806062698364,Q5_pred_5,5
13469,2,-0.09166426956653595,Q3_pred_3,3
18229,4,0.07924629747867584,Q5_pred_5,5
232840,4,0.06230257451534271,Q5_pred_5,5
87636,3,-0.07386797666549683,Q3_pred_3,3
368456,3,-0.13859891891479492,Q2_pred_2,2
128235,4,-0.20997628569602966,Q1_pred_1,1
41148,4,-0.0845232754945755,Q3_pred_3,3
99891,4,0.055645763874053955,Q5_pred_5,5
57696,4,-0.12462443113327026,Q3_pred_3,3
82931,3,0.08831934630870819,Q5_pred_5,5
119938,4,-0.07412350177764893,Q3_pred_3,3
94402,4,-0.20657643675804138,Q1_pred_1,1
34074,4,0.08722752332687378,Q5_pred_5,5
150591,4,-0.0827995091676712,Q3_pred_3,3
155243,3,-0.28936639428138733,Q1_pred_1,1
162666,2,-0.027602940797805786,Q4_pred_4,4
386734,3,-0.16456985473632812,Q2_pred_2,2
247765,4,-0.13572213053703308,Q2_pred_2,2
372701,4,-0.18842066824436188,Q2_pred_2,2
336407,3,-0.0972350686788559,Q3_pred_3,3
493223,4,-0.04613235592842102,Q4_pred_4,4
87289,4,-0.038005322217941284,Q4_pred_4,4
28934,4,-0.1865578144788742,Q2_pred_2,2
72277,4,-0.07340189814567566,Q3_pred_3,3
199757,4,0.060850903391838074,Q5_pred_5,5
373661,4,-0.07195025682449341,Q4_pred_4,4
148274,4,-0.025640487670898438,Q4_pred_4,4
155210,4,-0.20563435554504395,Q1_pred_1,1
22109,4,0.09108012914657593,Q5_pred_5,5
62516,4,-0.21615031361579895,Q1_pred_1,1
41978,4,-0.2346501350402832,Q1_pred_1,1
155262,4,-0.18125855922698975,Q2_pred_2,2
71104,3,-0.21993575990200043,Q1_pred_1,1
15239,3,-0.2738324701786041,Q1_pred_1,1
247250,4,-0.12274113297462463,Q3_pred_3,3
142826,4,-0.04849576950073242,Q4_pred_4,4
354860,3,-0.15849542617797852,Q2_pred_2,2
34277,4,0.1232239305973053,Q5_pred_5,5
105584,4,-0.30031347274780273,Q1_pred_1,1
324205,3,-0.20952823758125305,Q1_pred_1,1
79609,4,-0.06417308002710342,Q4_pred_4,4
328660,4,0.07733167707920074,Q5_pred_5,5
274097,4,-0.16003690659999847,Q2_pred_2,2
117415,3,0.04562485218048096,Q5_pred_5,5
246840,4,-0.1533387154340744,Q2_pred_2,2
11017,4,-0.143337219953537,Q2_pred_2,2
355917,4,-0.17167207598686218,Q2_pred_2,2
192269,4,-0.024338677525520325,Q4_pred_4,4
26922,3,-0.2023414671421051,Q1_pred_1,1
268126,4,-0.010981086641550064,Q4_pred_4,4
168515,4,0.06015118211507797,Q5_pred_5,5
223006,3,-0.08285033702850342,Q3_pred_3,3
31266,4,-0.3902444541454315,Q1_pred_1,1
242498,4,-0.25227293372154236,Q1_pred_1,1
69817,4,-0.02080875262618065,Q4_pred_4,4
98150,4,0.049962639808654785,Q5_pred_5,5
50503,4,-0.17161953449249268,Q2_pred_2,2
47371,4,-0.07447102665901184,Q3_pred_3,3
12693,4,-0.06221325695514679,Q4_pred_4,4
418582,4,-0.16275709867477417,Q2_pred_2,2
139820,4,-0.07031159102916718,Q4_pred_4,4
382336,4,0.002954423427581787,Q5_pred_5,5
31826,4,-0.2307049036026001,Q1_pred_1,1
42137,3,-0.2515239715576172,Q1_pred_1,1
395631,4,-0.15338371694087982,Q2_pred_2,2
340564,3,-0.11152694374322891,Q3_pred_3,3
48719,4,-0.4326493740081787,Q1_pred_1,1
81689,4,-0.22065038979053497,Q1_pred_1,1
156885,4,-0.09221437573432922,Q3_pred_3,3
97236,4,-0.11499635875225067,Q3_pred_3,3
55731,4,-0.17463645339012146,Q2_pred_2,2
114108,3,0.023573055863380432,Q5_pred_5,5
256886,4,0.011026695370674133,Q5_pred_5,5
337824,4,-0.06616268306970596,Q4_pred_4,4
182543,4,-0.079036183655262,Q3_pred_3,3
70032,3,-0.013226628303527832,Q4_pred_4,4
135719,4,-0.05564919114112854,Q4_pred_4,4
477028,4,-0.08974175155162811,Q3_pred_3,3
363242,3,-0.07462656497955322,Q3_pred_3,3
146519,4,-0.02389976568520069,Q4_pred_4,4
134970,3,-0.08945072442293167,Q3_pred_3,3
96167,4,-0.044013723731040955,Q4_pred_4,4
113265,3,-0.08463665097951889,Q3_pred_3,3
104733,3,-0.020368024706840515,Q4_pred_4,4
111948,4,-0.09351539611816406,Q3_pred_3,3
391686,3,-0.08257153630256653,Q3_pred_3,3
27417,3,-0.07086465507745743,Q4_pred_4,4
20929,4,0.13321003317832947,Q5_pred_5,5
146578,4,-0.08484196662902832,Q3_pred_3,3
5870,3,0.08145588636398315,Q5_pred_5,5
270689,4,-0.11538958549499512,Q3_pred_3,3
208849,3,-0.26557135581970215,Q1_pred_1,1
72891,4,0.0010001063346862793,Q5_pred_5,5
344992,4,-0.24947556853294373,Q1_pred_1,1
16629,3,-0.1659930795431137,Q2_pred_2,2
180949,4,-0.0958290547132492,Q3_pred_3,3
132905,4,-0.05821657180786133,Q4_pred_4,4
102516,4,-0.004675116389989853,Q5_pred_5,5
386538,4,0.07828924059867859,Q5_pred_5,5
239390,2,-0.21449816226959229,Q1_pred_1,1
137917,4,0.07609035819768906,Q5_pred_5,5
171016,4,-0.20992594957351685,Q1_pred_1,1
142305,4,-0.18207842111587524,Q2_pred_2,2
419894,3,0.05154544860124588,Q5_pred_5,5
418399,4,-0.021342754364013672,Q4_pred_4,4
127508,4,-0.1347786784172058,Q2_pred_2,2
76097,4,-0.11736426502466202,Q3_pred_3,3
86388,4,-0.2027372121810913,Q1_pred_1,1
65687,4,-0.09831732511520386,Q3_pred_3,3
101572,4,-0.21358104050159454,Q1_pred_1,1
76491,3,-0.30995482206344604,Q1_pred_1,1
174879,3,-0.19678659737110138,Q2_pred_2,2
389,4,-0.18943610787391663,Q2_pred_2,2
182524,4,-0.08707994222640991,Q3_pred_3,3
12776,4,0.03654814884066582,Q5_pred_5,5
86141,4,-0.01908552646636963,Q4_pred_4,4
82267,4,-0.18325398862361908,Q2_pred_2,2
188145,4,-0.1843029409646988,Q2_pred_2,2
142688,4,-0.04359056055545807,Q4_pred_4,4
420266,4,0.08109430968761444,Q5_pred_5,5
153944,4,-0.05866679549217224,Q4_pred_4,4
257813,3,-0.34036609530448914,Q1_pred_1,1
432102,4,0.14146818220615387,Q5_pred_5,5
95534,4,-0.06074400246143341,Q4_pred_4,4
378683,4,-0.1223505511879921,Q3_pred_3,3
14990,4,-0.011421695351600647,Q4_pred_4,4
58625,4,-0.2421465665102005,Q1_pred_1,1
19165,4,-0.14917150139808655,Q2_pred_2,2
11599,3,0.030061576515436172,Q5_pred_5,5
382940,4,-0.2334185242652893,Q1_pred_1,1
257867,3,-0.3309061527252197,Q1_pred_1,1
37907,4,-0.11020924150943756,Q3_pred_3,3
148863,3,-0.18270060420036316,Q2_pred_2,2
158597,3,-0.13643942773342133,Q2_pred_2,2
17609,4,-0.0022941380739212036,Q5_pred_5,5
30627,4,0.03757622838020325,Q5_pred_5,5
28977,4,-0.2713937759399414,Q1_pred_1,1
131131,4,-0.1508166790008545,Q2_pred_2,2
119258,3,-0.1248207837343216,Q3_pred_3,3
352715,3,-0.035145312547683716,Q4_pred_4,4
10947,2,-0.17890658974647522,Q2_pred_2,2
345134,4,0.03839711844921112,Q5_pred_5,5
263750,4,-0.0691218450665474,Q4_pred_4,4
105463,4,-0.1900603473186493,Q2_pred_2,2
29233,4,-0.3700650930404663,Q1_pred_1,1
29192,4,-0.28872838616371155,Q1_pred_1,1
26889,4,-0.058191053569316864,Q4_pred_4,4
359005,3,-0.13753220438957214,Q2_pred_2,2
65271,3,-0.23167438805103302,Q1_pred_1,1
374074,4,-0.0009634196758270264,Q5_pred_5,5
83408,2,-0.17043106257915497,Q2_pred_2,2
364485,3,-0.20308904349803925,Q1_pred_1,1
69224,3,-0.02229580469429493,Q4_pred_4,4
30950,3,-0.03412605822086334,Q4_pred_4,4
33143,4,-0.07916748523712158,Q3_pred_3,3
355216,4,-0.06115978956222534,Q4_pred_4,4
40402,4,-0.005807548761367798,Q5_pred_5,5
23086,3,-0.23831424117088318,Q1_pred_1,1
33003,4,-0.2207145094871521,Q1_pred_1,1
246968,4,-0.02724485844373703,Q4_pred_4,4
382536,4,-0.030860334634780884,Q4_pred_4,4
43779,4,-0.20226481556892395,Q1_pred_1,1
193866,2,-0.15656182169914246,Q2_pred_2,2
64252,3,-0.017479121685028076,Q4_pred_4,4
93309,4,0.044332414865493774,Q5_pred_5,5
182969,4,-0.06872712075710297,Q4_pred_4,4
271335,4,-0.1282925307750702,Q3_pred_3,3
39731,3,-0.028648898005485535,Q4_pred_4,4
121560,3,0.03502407670021057,Q5_pred_5,5
24044,4,-0.29810434579849243,Q1_pred_1,1
58515,4,-0.07483713328838348,Q3_pred_3,3
167167,4,0.018230989575386047,Q5_pred_5,5
383778,4,-0.0007860809564590454,Q5_pred_5,5
13466,2,-0.16437910497188568,Q2_pred_2,2
78589,4,-0.4692035913467407,Q1_pred_1,1
141816,3,-0.29462099075317383,Q1_pred_1,1
220568,4,-0.28769075870513916,Q1_pred_1,1
72838,4,-0.16446588933467865,Q2_pred_2,2
81880,3,-0.18767738342285156,Q2_pred_2,2
10539,3,-0.17027238011360168,Q2_pred_2,2
38962,4,-0.25597262382507324,Q1_pred_1,1
9660,4,-0.16387487947940826,Q2_pred_2,2
21052,3,-0.2063993662595749,Q1_pred_1,1
21678,4,-0.16062389314174652,Q2_pred_2,2
416241,4,-0.02242150902748108,Q4_pred_4,4
89921,4,-0.10958774387836456,Q3_pred_3,3
168959,4,-0.20311883091926575,Q1_pred_1,1
26946,4,-0.12610600888729095,Q3_pred_3,3
152370,4,-0.0906967967748642,Q3_pred_3,3
4080,4,-0.0598597377538681,Q4_pred_4,4
75064,4,0.2821025252342224,Q5_pred_5,5
50306,4,-0.04113823175430298,Q4_pred_4,4
77584,4,-0.13618475198745728,Q2_pred_2,2
81987,3,0.1856759786605835,Q5_pred_5,5
239058,4,-0.26756152510643005,Q1_pred_1,1
200930,4,-0.04655037075281143,Q4_pred_4,4
160743,4,-0.0566771924495697,Q4_pred_4,4
117978,4,-0.12139111757278442,Q3_pred_3,3
14387,4,0.04248860478401184,Q5_pred_5,5
40431,4,0.052811965346336365,Q5_pred_5,5
79483,4,-0.16842228174209595,Q2_pred_2,2
20155,4,-0.0985819473862648,Q3_pred_3,3
27310,3,-0.11085984110832214,Q3_pred_3,3
374105,4,-0.09608404338359833,Q3_pred_3,3
171456,3,-0.015097297728061676,Q4_pred_4,4
5100,4,-0.07203364372253418,Q4_pred_4,4
241579,4,-0.027363456785678864,Q4_pred_4,4
383695,4,-0.17495828866958618,Q2_pred_2,2
96104,3,-0.14972621202468872,Q2_pred_2,2
3924,3,0.011768132448196411,Q5_pred_5,5
64293,4,-0.056350529193878174,Q4_pred_4,4
386380,4,-0.06094159930944443,Q4_pred_4,4
367826,4,-0.1899941861629486,Q2_pred_2,2
105644,3,-0.3646582365036011,Q1_pred_1,1
263951,4,-0.007143944501876831,Q4_pred_4,4
378173,3,-0.09910479187965393,Q3_pred_3,3
388284,4,-0.1267099827528,Q3_pred_3,3
140829,4,-0.09372919797897339,Q3_pred_3,3
156850,3,-0.2405230849981308,Q1_pred_1,1
153503,4,-0.08589856326580048,Q3_pred_3,3
65934,4,-0.15205146372318268,Q2_pred_2,2
38610,3,-0.09159993380308151,Q3_pred_3,3
27856,3,-0.12517404556274414,Q3_pred_3,3
186423,3,0.08181668072938919,Q5_pred_5,5
357216,4,-0.17715126276016235,Q2_pred_2,2
91610,4,-0.2743411064147949,Q1_pred_1,1
10897,4,-0.04555100202560425,Q4_pred_4,4
37182,4,-0.010214477777481079,Q4_pred_4,4
69604,3,-0.00997382402420044,Q4_pred_4,4
173939,4,-0.17064279317855835,Q2_pred_2,2
59012,3,-0.3226756453514099,Q1_pred_1,1
134957,3,-0.1292262077331543,Q3_pred_3,3
247757,4,-0.1707821786403656,Q2_pred_2,2
68017,4,-0.30194729566574097,Q1_pred_1,1
325379,3,0.0623001754283905,Q5_pred_5,5
274866,4,0.026493802666664124,Q5_pred_5,5
477016,3,-0.31256479024887085,Q1_pred_1,1
31754,3,-0.2873649001121521,Q1_pred_1,1
123994,4,0.061745524406433105,Q5_pred_5,5
72843,4,-0.13548699021339417,Q2_pred_2,2
13868,3,-0.17565268278121948,Q2_pred_2,2
9056,4,-0.15759208798408508,Q2_pred_2,2
126465,4,-0.16913315653800964,Q2_pred_2,2
64471,4,0.17010386288166046,Q5_pred_5,5
371981,4,-0.16623824834823608,Q2_pred_2,2
416379,3,-0.10327335447072983,Q3_pred_3,3
337001,4,-0.12684401869773865,Q3_pred_3,3
76814,4,-0.17232666909694672,Q2_pred_2,2
50241,4,-0.11655944585800171,Q3_pred_3,3
61707,4,-0.1084611713886261,Q3_pred_3,3
268788,3,-0.13039840757846832,Q2_pred_2,2
50192,3,-0.022745281457901,Q4_pred_4,4
402859,4,-0.12550419569015503,Q3_pred_3,3
166368,2,-0.10812310874462128,Q3_pred_3,3
208109,4,-0.26113027334213257,Q1_pred_1,1
171511,3,0.041499435901641846,Q5_pred_5,5
424393,4,-0.033079780638217926,Q4_pred_4,4
371908,3,-0.1283664107322693,Q3_pred_3,3
107520,3,-0.14160899817943573,Q2_pred_2,2
69097,3,-0.20743262767791748,Q1_pred_1,1
238017,4,-0.17481084167957306,Q2_pred_2,2
20840,4,-0.08855680376291275,Q3_pred_3,3
348405,3,-0.04239308834075928,Q4_pred_4,4
180173,4,-0.09685997664928436,Q3_pred_3,3
386249,4,-0.09758678078651428,Q3_pred_3,3
232622,3,-0.08815182745456696,Q3_pred_3,3
68658,4,0.07321251928806305,Q5_pred_5,5
89131,4,-0.08354009687900543,Q3_pred_3,3
4629,3,-0.30181363224983215,Q1_pred_1,1
127736,4,-0.036704376339912415,Q4_pred_4,4
124396,4,-0.14265497028827667,Q2_pred_2,2
32199,4,-0.07241038978099823,Q4_pred_4,4
145274,4,-0.17137545347213745,Q2_pred_2,2
29887,4,-0.13336029648780823,Q2_pred_2,2
97023,3,-0.10023697465658188,Q3_pred_3,3
26509,4,-0.3757706880569458,Q1_pred_1,1
114337,3,-0.25655120611190796,Q1_pred_1,1
339989,3,-0.031402185559272766,Q4_pred_4,4
23965,4,-0.24244223535060883,Q1_pred_1,1
163412,3,-0.08394576609134674,Q3_pred_3,3
359953,4,-0.011155858635902405,Q4_pred_4,4
114332,3,-0.1511513739824295,Q2_pred_2,2
32589,3,-0.24064071476459503,Q1_pred_1,1
13453,2,-0.08584722876548767,Q3_pred_3,3
146542,4,-0.06826504319906235,Q4_pred_4,4
240980,4,-0.06914939731359482,Q4_pred_4,4
183661,2,-0.06877537071704865,Q4_pred_4,4
74464,4,0.06309854984283447,Q5_pred_5,5
125125,4,0.04898996651172638,Q5_pred_5,5
186316,4,-0.04107136279344559,Q4_pred_4,4
150410,4,-0.05379936099052429,Q4_pred_4,4
109913,4,-0.006617933511734009,Q4_pred_4,4
14080,3,0.03146934509277344,Q5_pred_5,5
165471,4,0.10584555566310883,Q5_pred_5,5
125177,3,-0.015224963426589966,Q4_pred_4,4
153905,4,-0.1611323207616806,Q2_pred_2,2
55993,4,-0.13008755445480347,Q2_pred_2,2
13872,4,-0.03024621307849884,Q4_pred_4,4
115236,4,-0.05188402533531189,Q4_pred_4,4
55009,3,-0.0344277024269104,Q4_pred_4,4
182800,3,-0.1650802195072174,Q2_pred_2,2
190951,3,-0.03357192873954773,Q4_pred_4,4
169385,4,-0.043374985456466675,Q4_pred_4,4
50088,4,-0.22804251313209534,Q1_pred_1,1
143251,4,-0.0638713464140892,Q4_pred_4,4
79775,3,-0.0661608949303627,Q4_pred_4,4
61716,4,-0.03830470144748688,Q4_pred_4,4
26942,4,-0.13319668173789978,Q2_pred_2,2
42815,4,-0.15242570638656616,Q2_pred_2,2
135835,4,-0.067206010222435,Q4_pred_4,4
50242,4,-0.10289217531681061,Q3_pred_3,3
87634,2,-0.18937663733959198,Q2_pred_2,2
96347,4,-0.1426101177930832,Q2_pred_2,2
199297,4,-0.1238122433423996,Q3_pred_3,3
50326,3,-0.10464803129434586,Q3_pred_3,3
22084,4,-0.07775308191776276,Q3_pred_3,3
199897,4,-0.2650364637374878,Q1_pred_1,1
29142,4,-0.2037203460931778,Q1_pred_1,1
394071,4,0.08936533331871033,Q5_pred_5,5
240324,4,-0.12718240916728973,Q3_pred_3,3
325013,3,-0.08563591539859772,Q3_pred_3,3
4582,3,-0.0911550223827362,Q3_pred_3,3
52179,4,-0.19704481959342957,Q2_pred_2,2
246356,3,-0.0730774775147438,Q4_pred_4,4
247882,4,-0.14309781789779663,Q2_pred_2,2
426204,3,-0.06432969868183136,Q4_pred_4,4
63467,4,0.0019809305667877197,Q5_pred_5,5
138473,4,-0.37306520342826843,Q1_pred_1,1
373995,4,-0.12348903715610504,Q3_pred_3,3
98231,4,-0.03842446208000183,Q4_pred_4,4
141376,4,-0.07035580277442932,Q4_pred_4,4
357004,4,-0.25598961114883423,Q1_pred_1,1
19153,4,-0.22188419103622437,Q1_pred_1,1
141179,4,-0.2370717078447342,Q1_pred_1,1
8190,4,-0.11418736726045609,Q3_pred_3,3
408763,4,-0.05905686318874359,Q4_pred_4,4
348234,4,0.00948837399482727,Q5_pred_5,5
76299,4,-0.06125558912754059,Q4_pred_4,4
98382,4,-0.2550126910209656,Q1_pred_1,1
30039,4,-0.14330439269542694,Q2_pred_2,2
142824,5,-0.03368163853883743,Q4_pred_4,4
58873,4,0.11254185438156128,Q5_pred_5,5
17422,3,-0.15807411074638367,Q2_pred_2,2
403646,3,-0.09032674133777618,Q3_pred_3,3
161317,4,0.03436252474784851,Q5_pred_5,5
162975,4,-0.13460654020309448,Q2_pred_2,2
258148,3,-0.0865030437707901,Q3_pred_3,3
55311,4,-0.016331784427165985,Q4_pred_4,4
369078,3,-0.12360270321369171,Q3_pred_3,3
251110,4,-0.038352400064468384,Q4_pred_4,4
317101,4,-0.11139741539955139,Q3_pred_3,3
38538,3,-0.16513103246688843,Q2_pred_2,2
175489,3,-0.09389667212963104,Q3_pred_3,3
76813,3,-0.12474851310253143,Q3_pred_3,3
29096,4,-0.1742359846830368,Q2_pred_2,2
98792,3,-0.12450230121612549,Q3_pred_3,3
386609,4,-0.009082138538360596,Q4_pred_4,4
236563,3,-0.3211299180984497,Q1_pred_1,1
52880,4,-0.2750544548034668,Q1_pred_1,1
173675,4,0.006675988435745239,Q5_pred_5,5
360091,4,-0.1599571406841278,Q2_pred_2,2
170950,3,-0.1700526773929596,Q2_pred_2,2
164390,4,-0.29197990894317627,Q1_pred_1,1
12976,4,-0.30672019720077515,Q1_pred_1,1
354892,4,-0.1514829695224762,Q2_pred_2,2
61399,4,-0.13093391060829163,Q2_pred_2,2
244339,4,0.011461619287729263,Q5_pred_5,5
181919,3,0.012257221154868603,Q5_pred_5,5
137540,4,-0.12505434453487396,Q3_pred_3,3
166322,4,0.08442899584770203,Q5_pred_5,5
172453,3,-0.13136960566043854,Q2_pred_2,2
340520,3,-0.10307509452104568,Q3_pred_3,3
274066,4,-0.1161671131849289,Q3_pred_3,3
136279,4,-0.0544351190328598,Q4_pred_4,4
358645,3,-0.052924878895282745,Q4_pred_4,4
374872,3,-0.11263111233711243,Q3_pred_3,3
211096,4,-0.02305518090724945,Q4_pred_4,4
131174,4,-0.20037394762039185,Q1_pred_1,1
358158,4,-0.21232207119464874,Q1_pred_1,1
38206,4,-0.16062723100185394,Q2_pred_2,2
31823,4,-0.21357087790966034,Q1_pred_1,1
316648,3,-0.23721925914287567,Q1_pred_1,1
56909,4,0.03524485230445862,Q5_pred_5,5
39671,3,-0.04241977632045746,Q4_pred_4,4
168303,3,0.12492355704307556,Q5_pred_5,5
396157,4,-0.4339195489883423,Q1_pred_1,1
82471,3,-0.035234153270721436,Q4_pred_4,4
119562,4,-0.3230963349342346,Q1_pred_1,1
236680,3,-0.3643367290496826,Q1_pred_1,1
105597,4,-0.348588228225708,Q1_pred_1,1
18562,4,-0.2049524188041687,Q1_pred_1,1
197223,4,-0.339247465133667,Q1_pred_1,1
121004,3,-0.34509915113449097,Q1_pred_1,1
236443,4,0.010866716504096985,Q5_pred_5,5
60164,4,-0.29417192935943604,Q1_pred_1,1
111161,4,-0.0793304517865181,Q3_pred_3,3
115557,2,0.10982602834701538,Q5_pred_5,5
33165,4,-0.25246885418891907,Q1_pred_1,1
208848,2,0.004727184772491455,Q5_pred_5,5
18471,4,-0.01559370756149292,Q4_pred_4,4
81166,3,-0.21951431035995483,Q1_pred_1,1
409197,4,-0.045022137463092804,Q4_pred_4,4
405662,4,-0.2368299663066864,Q1_pred_1,1
402649,4,-0.2833237648010254,Q1_pred_1,1
76989,3,-0.13295194506645203,Q2_pred_2,2
222351,3,-0.0879962295293808,Q3_pred_3,3
91762,4,-0.16259470582008362,Q2_pred_2,2
134965,4,-0.06280152499675751,Q4_pred_4,4
357164,4,-0.20882266759872437,Q1_pred_1,1
3928,3,-0.06575118005275726,Q4_pred_4,4
42195,4,-0.11862000823020935,Q3_pred_3,3
65498,4,-0.2230227291584015,Q1_pred_1,1
96784,4,-0.2833942174911499,Q1_pred_1,1
348905,3,-0.11659060418605804,Q3_pred_3,3
147271,4,-0.0332275927066803,Q4_pred_4,4
33692,4,-0.025208503007888794,Q4_pred_4,4
71663,3,-0.24995505809783936,Q1_pred_1,1
219260,3,0.05859526991844177,Q5_pred_5,5
54901,4,-0.06452257931232452,Q4_pred_4,4
40444,4,-0.01665572077035904,Q4_pred_4,4
432113,4,-0.10119234025478363,Q3_pred_3,3
187809,4,0.03623703122138977,Q5_pred_5,5
81335,4,-0.13080069422721863,Q2_pred_2,2
416703,3,-0.19908954203128815,Q1_pred_1,1
98779,3,-0.02860330045223236,Q4_pred_4,4
130649,3,-0.3674992620944977,Q1_pred_1,1
90263,4,0.13514705002307892,Q5_pred_5,5
150706,4,-0.04518480598926544,Q4_pred_4,4
3931,3,-0.1045960783958435,Q3_pred_3,3
121573,4,0.1100129783153534,Q5_pred_5,5
73716,4,-0.03578156232833862,Q4_pred_4,4
61042,3,-0.1294107437133789,Q3_pred_3,3
11851,3,0.08671602606773376,Q5_pred_5,5
151750,2,-0.0733489841222763,Q3_pred_3,3
52896,4,-0.21985018253326416,Q1_pred_1,1
247314,4,-0.20385009050369263,Q1_pred_1,1
13858,2,-0.19639204442501068,Q2_pred_2,2
92925,3,-0.08006223291158676,Q3_pred_3,3
340660,3,-0.04779205471277237,Q4_pred_4,4
55107,3,-0.1274920105934143,Q3_pred_3,3
375538,3,-0.17766720056533813,Q2_pred_2,2
321972,3,-0.03276491165161133,Q4_pred_4,4
5684,4,0.003474131226539612,Q5_pred_5,5
26546,4,-0.15786181390285492,Q2_pred_2,2
232611,3,-0.2306971698999405,Q1_pred_1,1
1888,2,-0.13500156998634338,Q2_pred_2,2
164299,4,-0.005594462156295776,Q5_pred_5,5
152904,4,-0.1987253725528717,Q1_pred_1,1
156742,2,-0.25816893577575684,Q1_pred_1,1
8521,4,-0.1551935076713562,Q2_pred_2,2
62156,3,-0.398882120847702,Q1_pred_1,1
53484,3,-0.0199597030878067,Q4_pred_4,4
156820,2,-0.21390780806541443,Q1_pred_1,1
327495,4,-0.1515185683965683,Q2_pred_2,2
386592,4,-0.08532508462667465,Q3_pred_3,3
41021,4,-0.10687137395143509,Q3_pred_3,3
71705,4,0.08125713467597961,Q5_pred_5,5
137903,3,0.08976206928491592,Q5_pred_5,5
140660,4,-0.031945258378982544,Q4_pred_4,4
58578,3,-0.1957196593284607,Q2_pred_2,2
44650,4,0.09236158430576324,Q5_pred_5,5
162947,4,-0.0771540105342865,Q3_pred_3,3
172448,2,-0.11122666299343109,Q3_pred_3,3
65895,4,-0.1259322464466095,Q3_pred_3,3
360790,4,-0.044414959847927094,Q4_pred_4,4
203944,3,-0.030460819602012634,Q4_pred_4,4
91232,4,0.07632285356521606,Q5_pred_5,5
378289,4,-0.012174942530691624,Q4_pred_4,4
374525,4,-0.16628065705299377,Q2_pred_2,2
391214,3,-0.12396332621574402,Q3_pred_3,3
114428,3,-0.012765705585479736,Q4_pred_4,4
400697,4,-0.3519705832004547,Q1_pred_1,1
12996,3,-0.26375654339790344,Q1_pred_1,1
160350,3,-0.08404165506362915,Q3_pred_3,3
50424,4,-0.05285206437110901,Q4_pred_4,4
12728,3,-0.1260145604610443,Q3_pred_3,3
26189,3,0.026795536279678345,Q5_pred_5,5
199146,4,0.0024016015231609344,Q5_pred_5,5
415411,4,0.0036202669143676758,Q5_pred_5,5
427718,4,-0.048436909914016724,Q4_pred_4,4
12771,3,0.0656115710735321,Q5_pred_5,5
255648,4,-0.09260541200637817,Q3_pred_3,3
145487,4,-0.16933447122573853,Q2_pred_2,2
127612,4,-0.2562846541404724,Q1_pred_1,1
141563,4,-0.015419140458106995,Q4_pred_4,4
327002,3,-0.22213637828826904,Q1_pred_1,1
99580,4,-0.1914369761943817,Q2_pred_2,2
47276,2,-0.13927674293518066,Q2_pred_2,2
107157,4,-0.03153621405363083,Q4_pred_4,4
69626,3,-0.09393467754125595,Q3_pred_3,3
255677,3,-0.16433805227279663,Q2_pred_2,2
19252,4,0.022229433059692383,Q5_pred_5,5
246327,4,-0.07986100763082504,Q3_pred_3,3
358288,4,-0.23650649189949036,Q1_pred_1,1
272237,4,-0.045529138296842575,Q4_pred_4,4
30855,2,-0.13541892170906067,Q2_pred_2,2
159401,4,-0.18885742127895355,Q2_pred_2,2
47142,4,-0.30702459812164307,Q1_pred_1,1
173888,4,-0.27520373463630676,Q1_pred_1,1
377138,4,-0.02527371048927307,Q4_pred_4,4
92137,4,-0.08469241112470627,Q3_pred_3,3
90442,4,-0.053024645894765854,Q4_pred_4,4
39919,4,-0.42665886878967285,Q1_pred_1,1
131991,4,0.02851732075214386,Q5_pred_5,5
249522,4,-0.03397883474826813,Q4_pred_4,4
26595,4,-0.08689932525157928,Q3_pred_3,3
199230,4,-0.13409346342086792,Q2_pred_2,2
41360,3,-0.02288934588432312,Q4_pred_4,4
154277,4,-0.12065622210502625,Q3_pred_3,3
123294,4,-0.04726145789027214,Q4_pred_4,4
144480,3,0.08681714534759521,Q5_pred_5,5
356802,4,-0.07259140908718109,Q4_pred_4,4
41134,4,-0.0146254301071167,Q4_pred_4,4
202009,3,-0.06349072605371475,Q4_pred_4,4
20753,4,-0.02566613256931305,Q4_pred_4,4
354645,3,-0.029830604791641235,Q4_pred_4,4
38381,4,-0.14899182319641113,Q2_pred_2,2
369321,4,-0.11130669713020325,Q3_pred_3,3
35074,4,-0.42487025260925293,Q1_pred_1,1
2431,3,-0.0550432950258255,Q4_pred_4,4
340254,3,-0.04619866982102394,Q4_pred_4,4
239573,3,-0.13028204441070557,Q2_pred_2,2
88935,3,-0.126381054520607,Q3_pred_3,3
57055,3,-0.15889060497283936,Q2_pred_2,2
247517,4,-0.1625100076198578,Q2_pred_2,2
38105,4,-0.20256391167640686,Q1_pred_1,1
167729,5,0.03214232996106148,Q5_pred_5,5
236575,3,-0.11407565325498581,Q3_pred_3,3
153966,4,-0.15128478407859802,Q2_pred_2,2
41602,4,-0.020866721868515015,Q4_pred_4,4
355211,4,-0.07630986720323563,Q3_pred_3,3
433887,3,-0.1435992568731308,Q2_pred_2,2
357390,4,-0.015691444277763367,Q4_pred_4,4
362196,4,-0.08452191948890686,Q3_pred_3,3
403574,4,-0.11836045235395432,Q3_pred_3,3
11826,4,-0.2456342875957489,Q1_pred_1,1
17913,3,0.03594273328781128,Q5_pred_5,5
50273,3,-0.10164190828800201,Q3_pred_3,3
152345,4,-0.2681315243244171,Q1_pred_1,1
41188,3,0.05315616726875305,Q5_pred_5,5
223745,3,-0.10883870720863342,Q3_pred_3,3
169233,3,-0.07084029912948608,Q4_pred_4,4
69477,4,-0.06989914178848267,Q4_pred_4,4
140034,3,-0.04587312042713165,Q4_pred_4,4
367836,3,-0.033622175455093384,Q4_pred_4,4
334541,3,0.16703258454799652,Q5_pred_5,5
70025,4,-0.07784447073936462,Q3_pred_3,3
149284,3,0.08985215425491333,Q5_pred_5,5
50658,3,0.0010071620345115662,Q5_pred_5,5
157475,4,-0.27819088101387024,Q1_pred_1,1
61737,3,-0.15160493552684784,Q2_pred_2,2
114356,2,-0.19538454711437225,Q2_pred_2,2
242650,3,-0.10877110809087753,Q3_pred_3,3
93315,3,0.05709433555603027,Q5_pred_5,5
50160,3,-0.202717125415802,Q1_pred_1,1
167181,4,-0.012549534440040588,Q4_pred_4,4
164392,4,-0.4647712707519531,Q1_pred_1,1
429857,4,0.0003803521394729614,Q5_pred_5,5
62833,4,-0.13798204064369202,Q2_pred_2,2
193818,3,-0.17055058479309082,Q2_pred_2,2
221842,3,-0.11393364518880844,Q3_pred_3,3
38166,3,-0.11336039006710052,Q3_pred_3,3
65802,4,-0.13447648286819458,Q2_pred_2,2
248422,4,-0.015002496540546417,Q4_pred_4,4
333711,3,-0.1978856325149536,Q2_pred_2,2
241701,3,0.12311667203903198,Q5_pred_5,5
348882,3,-0.07331117987632751,Q4_pred_4,4
39451,3,0.023309949785470963,Q5_pred_5,5
11964,4,-0.2552639842033386,Q1_pred_1,1
68724,3,-0.10943949222564697,Q3_pred_3,3
383742,3,-0.00969601422548294,Q4_pred_4,4
138700,4,-0.07465815544128418,Q3_pred_3,3
89326,4,0.02395327389240265,Q5_pred_5,5
11980,4,-0.13568690419197083,Q2_pred_2,2
31585,3,-0.13631030917167664,Q2_pred_2,2
8107,4,0.19050249457359314,Q5_pred_5,5
11608,3,0.1060589998960495,Q5_pred_5,5
366771,3,-0.11049608886241913,Q3_pred_3,3
54329,4,-0.45443060994148254,Q1_pred_1,1
86880,4,-0.14526450634002686,Q2_pred_2,2
112064,3,0.042972564697265625,Q5_pred_5,5
427140,4,-0.07530529797077179,Q3_pred_3,3
146670,5,0.002594776451587677,Q5_pred_5,5
64544,4,0.032935597002506256,Q5_pred_5,5
248436,4,0.006641775369644165,Q5_pred_5,5
42211,3,-0.10423679649829865,Q3_pred_3,3
6984,4,-0.0409785658121109,Q4_pred_4,4
167421,4,-0.08840316534042358,Q3_pred_3,3
44704,4,-0.05934534966945648,Q4_pred_4,4
56837,3,-0.09348410367965698,Q3_pred_3,3
15802,3,0.002625703811645508,Q5_pred_5,5
154040,4,-0.11574487388134003,Q3_pred_3,3
12754,3,0.07117024064064026,Q5_pred_5,5
46687,4,0.1254681944847107,Q5_pred_5,5
27693,3,-0.08223491907119751,Q3_pred_3,3
101375,4,0.01662689447402954,Q5_pred_5,5
41049,3,-0.3273506164550781,Q1_pred_1,1
5588,3,-0.16056057810783386,Q2_pred_2,2
355101,4,0.024690598249435425,Q5_pred_5,5
396758,4,-0.16343742609024048,Q2_pred_2,2
86580,3,-0.1650361567735672,Q2_pred_2,2
130474,3,0.050780221819877625,Q5_pred_5,5
107353,2,-0.15212023258209229,Q2_pred_2,2
45590,3,-0.0393281951546669,Q4_pred_4,4
6637,3,-0.3924281895160675,Q1_pred_1,1
72263,3,0.021469824016094208,Q5_pred_5,5
156794,4,-0.30373555421829224,Q1_pred_1,1
207129,4,-0.14206047356128693,Q2_pred_2,2
326175,4,-0.15606456995010376,Q2_pred_2,2
26578,3,-0.04211163520812988,Q4_pred_4,4
114081,3,-0.07099119573831558,Q4_pred_4,4
166252,2,-0.20622552931308746,Q1_pred_1,1
99232,4,-0.22131936252117157,Q1_pred_1,1
105755,4,-0.37760046124458313,Q1_pred_1,1
377573,4,-0.19193841516971588,Q2_pred_2,2
153760,4,-0.10874679684638977,Q3_pred_3,3
153675,4,-0.22669731080532074,Q1_pred_1,1
4581,3,-0.015699058771133423,Q4_pred_4,4
420763,3,0.01594787836074829,Q5_pred_5,5
185989,3,-0.0661337822675705,Q4_pred_4,4
28994,4,-0.31808286905288696,Q1_pred_1,1
415004,4,-0.0022982507944107056,Q5_pred_5,5
110410,3,-0.13015121221542358,Q2_pred_2,2
360694,4,-0.10644184052944183,Q3_pred_3,3
192653,4,-0.2568513751029968,Q1_pred_1,1
14083,3,-0.10321987420320511,Q3_pred_3,3
30834,3,-0.08681204915046692,Q3_pred_3,3
104386,3,0.012075796723365784,Q5_pred_5,5
188065,4,-0.0037934109568595886,Q5_pred_5,5
18449,3,-0.2515600323677063,Q1_pred_1,1
45117,3,-0.06894949078559875,Q4_pred_4,4
387781,4,-0.20873606204986572,Q1_pred_1,1
273309,3,-0.008297845721244812,Q4_pred_4,4
146681,4,-0.06383824348449707,Q4_pred_4,4
21941,4,-0.17176419496536255,Q2_pred_2,2
146619,4,0.01877637207508087,Q5_pred_5,5
59970,3,-0.3915463387966156,Q1_pred_1,1
165596,3,-0.02210812270641327,Q4_pred_4,4
50252,3,-0.12122179567813873,Q3_pred_3,3
185061,2,-0.16758477687835693,Q2_pred_2,2
125812,4,-0.30891847610473633,Q1_pred_1,1
29407,4,-0.20656384527683258,Q1_pred_1,1
376926,4,-0.08035776019096375,Q3_pred_3,3
93656,4,-0.11669223010540009,Q3_pred_3,3
6070,2,-0.029372941702604294,Q4_pred_4,4
248614,4,-0.10418985038995743,Q3_pred_3,3
43890,3,-0.20456141233444214,Q1_pred_1,1
172451,4,-0.20424021780490875,Q1_pred_1,1
18755,4,0.06994901597499847,Q5_pred_5,5
25042,4,-0.023831099271774292,Q4_pred_4,4
336401,3,-0.05492390692234039,Q4_pred_4,4
51475,4,0.1455562263727188,Q5_pred_5,5
165611,4,-0.24114201962947845,Q1_pred_1,1
375552,4,-0.09704454243183136,Q3_pred_3,3
332047,4,0.00029391050338745117,Q5_pred_5,5
186335,4,-0.04516172409057617,Q4_pred_4,4
373984,4,-0.10628390312194824,Q3_pred_3,3
459778,4,0.07186427712440491,Q5_pred_5,5
390250,2,-0.060118138790130615,Q4_pred_4,4
156789,3,-0.29090869426727295,Q1_pred_1,1
357215,3,-0.17505252361297607,Q2_pred_2,2
386750,4,-0.2881694734096527,Q1_pred_1,1
24589,3,0.01338130235671997,Q5_pred_5,5
416306,3,-0.15736441314220428,Q2_pred_2,2
368265,3,0.10212747752666473,Q5_pred_5,5
121049,4,-0.027656257152557373,Q4_pred_4,4
34056,3,-0.1068078875541687,Q3_pred_3,3
98879,3,-0.2627495527267456,Q1_pred_1,1
399506,4,-0.08534431457519531,Q3_pred_3,3
423344,4,-0.1780577152967453,Q2_pred_2,2
387760,4,-0.08541059494018555,Q3_pred_3,3
143588,3,-0.11072026193141937,Q3_pred_3,3
29221,4,-0.2765439450740814,Q1_pred_1,1
60589,3,-0.13486450910568237,Q2_pred_2,2
42,4,-0.1560356616973877,Q2_pred_2,2
91403,4,-0.03305121511220932,Q4_pred_4,4
208919,4,-0.15638777613639832,Q2_pred_2,2
107731,3,-0.04382416605949402,Q4_pred_4,4
111091,3,-0.19350063800811768,Q2_pred_2,2
137905,4,0.11896144598722458,Q5_pred_5,5
73419,3,-0.11833980679512024,Q3_pred_3,3
114152,3,-0.21097850799560547,Q1_pred_1,1
373672,4,-0.028549611568450928,Q4_pred_4,4
33983,4,-0.05130700767040253,Q4_pred_4,4
214723,3,-0.35833975672721863,Q1_pred_1,1
93899,4,-0.06852459907531738,Q4_pred_4,4
167455,4,-0.10276514291763306,Q3_pred_3,3
16098,3,-0.4217259883880615,Q1_pred_1,1
356444,4,0.015207715332508087,Q5_pred_5,5
62257,4,-0.07030101120471954,Q4_pred_4,4
172622,4,-0.339107871055603,Q1_pred_1,1
35442,3,-0.24533745646476746,Q1_pred_1,1
418366,4,-0.18388862907886505,Q2_pred_2,2
28385,3,-0.04779011011123657,Q4_pred_4,4
203164,3,-0.3315596580505371,Q1_pred_1,1
1405,3,-0.32002711296081543,Q1_pred_1,1
151089,3,-0.16617247462272644,Q2_pred_2,2
355249,4,-0.05695681273937225,Q4_pred_4,4
29278,4,-0.1497635841369629,Q2_pred_2,2
124687,3,-0.015922918915748596,Q4_pred_4,4
41328,4,-0.1639571189880371,Q2_pred_2,2
101459,3,-0.015170082449913025,Q4_pred_4,4
373356,4,-0.0026848912239074707,Q5_pred_5,5
366173,3,0.014739146456122398,Q5_pred_5,5
77014,2,-0.0887177363038063,Q3_pred_3,3
153713,3,-0.1832701414823532,Q2_pred_2,2
45917,4,0.1668829768896103,Q5_pred_5,5
147816,4,0.13155947625637054,Q5_pred_5,5
26928,4,-0.0752965658903122,Q3_pred_3,3
42351,4,0.0011908076703548431,Q5_pred_5,5
73723,4,-0.0013098418712615967,Q5_pred_5,5
349157,4,-0.16790887713432312,Q2_pred_2,2
67739,4,-0.22774383425712585,Q1_pred_1,1
26537,4,-0.04933970049023628,Q4_pred_4,4
327139,4,0.09608681499958038,Q5_pred_5,5
358167,4,-0.18612398207187653,Q2_pred_2,2
10884,3,-0.09777051210403442,Q3_pred_3,3
244757,3,-0.044155389070510864,Q4_pred_4,4
4431,3,-0.1892947405576706,Q2_pred_2,2
150985,4,-0.047308966517448425,Q4_pred_4,4
156782,4,-0.3297642171382904,Q1_pred_1,1
48313,4,-0.16100353002548218,Q2_pred_2,2
141196,2,-0.27500009536743164,Q1_pred_1,1
68427,4,-0.2706417143344879,Q1_pred_1,1
127634,4,-0.05878853797912598,Q4_pred_4,4
132045,4,-0.0904509574174881,Q3_pred_3,3
28358,4,-0.051646504551172256,Q4_pred_4,4
54113,4,-0.1437891721725464,Q2_pred_2,2
167179,4,-0.0775633305311203,Q3_pred_3,3
4231,3,-0.027395784854888916,Q4_pred_4,4
127307,4,-0.26251906156539917,Q1_pred_1,1
40005,4,0.04181155562400818,Q5_pred_5,5
179239,4,-0.039424650371074677,Q4_pred_4,4
13450,4,-0.09692038595676422,Q3_pred_3,3
12986,4,-0.2533688545227051,Q1_pred_1,1
72879,4,0.008787080645561218,Q5_pred_5,5
11935,4,-0.09996991604566574,Q3_pred_3,3
27132,4,-0.15840786695480347,Q2_pred_2,2
26213,4,-0.08723649382591248,Q3_pred_3,3
12886,4,-0.20336036384105682,Q1_pred_1,1
390297,3,-0.2634302079677582,Q1_pred_1,1
100029,4,-0.19125676155090332,Q2_pred_2,2
19525,3,-0.1198682188987732,Q3_pred_3,3
153853,4,-0.21586820483207703,Q1_pred_1,1
367095,3,-0.21264784038066864,Q1_pred_1,1
17693,3,0.08317530155181885,Q5_pred_5,5
183638,2,-0.08402037620544434,Q3_pred_3,3
107710,3,-0.0706956684589386,Q4_pred_4,4
51216,3,-0.3510436713695526,Q1_pred_1,1
372648,4,-0.0684167742729187,Q4_pred_4,4
354435,4,-0.0607389360666275,Q4_pred_4,4
61740,4,0.08528103679418564,Q5_pred_5,5
46691,3,0.17479807138442993,Q5_pred_5,5
10784,1,-0.014527663588523865,Q4_pred_4,4
250260,3,-0.16128039360046387,Q2_pred_2,2
86593,3,-0.20265455543994904,Q1_pred_1,1
149216,4,-0.05665138363838196,Q4_pred_4,4
180544,2,-0.1297581046819687,Q3_pred_3,3
109625,3,-0.13070148229599,Q2_pred_2,2
338426,3,-0.19506224989891052,Q2_pred_2,2
349229,4,-0.30413931608200073,Q1_pred_1,1
19069,3,0.022570088505744934,Q5_pred_5,5
374102,4,0.030215933918952942,Q5_pred_5,5
46045,3,0.18634304404258728,Q5_pred_5,5
136605,3,-0.021639689803123474,Q4_pred_4,4
214863,2,-0.3673960566520691,Q1_pred_1,1
402128,4,-0.12759454548358917,Q3_pred_3,3
78783,3,-0.0757746547460556,Q3_pred_3,3
146942,4,-0.16876262426376343,Q2_pred_2,2
263153,4,-0.2409784197807312,Q1_pred_1,1
420320,4,-0.03243452310562134,Q4_pred_4,4
105866,4,-0.2700884938240051,Q1_pred_1,1
96071,4,-0.006145860999822617,Q5_pred_5,5
9659,4,-0.27601224184036255,Q1_pred_1,1
62280,4,-0.16037563979625702,Q2_pred_2,2
14326,4,-0.3809398412704468,Q1_pred_1,1
1077,2,0.0741497129201889,Q5_pred_5,5
71081,3,-0.19866999983787537,Q1_pred_1,1
977,4,-0.11105090379714966,Q3_pred_3,3
64387,3,-0.2469538003206253,Q1_pred_1,1
20642,4,-0.25018757581710815,Q1_pred_1,1
196033,4,0.0993996113538742,Q5_pred_5,5
160519,3,-0.003079444169998169,Q5_pred_5,5
102868,3,-0.1571917086839676,Q2_pred_2,2
235671,4,0.012261345982551575,Q5_pred_5,5
38186,4,0.08112211525440216,Q5_pred_5,5
434790,3,-0.1428288072347641,Q2_pred_2,2
105468,3,-0.40755876898765564,Q1_pred_1,1
351970,3,-0.3113381862640381,Q1_pred_1,1
181357,3,0.03248000144958496,Q5_pred_5,5
35624,3,-0.15443836152553558,Q2_pred_2,2
127338,4,-0.1297599971294403,Q3_pred_3,3
248407,4,-0.02048751711845398,Q4_pred_4,4
6546,4,-0.06068427115678787,Q4_pred_4,4
59607,3,-0.0330536812543869,Q4_pred_4,4
34796,3,-0.08215124905109406,Q3_pred_3,3
374538,4,-0.1820383071899414,Q2_pred_2,2
89963,4,-0.17830872535705566,Q2_pred_2,2
61776,4,0.05015857517719269,Q5_pred_5,5
117228,4,-0.1765977293252945,Q2_pred_2,2
142821,4,-0.01682305335998535,Q4_pred_4,4
7985,3,-0.18705707788467407,Q2_pred_2,2
198889,3,-0.02462974190711975,Q4_pred_4,4
160242,4,-0.09354233741760254,Q3_pred_3,3
62031,4,-0.2526944577693939,Q1_pred_1,1
148611,4,0.05075734853744507,Q5_pred_5,5
40900,4,-0.20745347440242767,Q1_pred_1,1
81873,3,-0.47098952531814575,Q1_pred_1,1
131264,3,-0.14991194009780884,Q2_pred_2,2
168747,4,-0.32913339138031006,Q1_pred_1,1
395062,4,-0.08032047748565674,Q3_pred_3,3
5302,4,-0.1880054771900177,Q2_pred_2,2
126528,2,0.04675593972206116,Q5_pred_5,5
51414,3,0.017151571810245514,Q5_pred_5,5
49478,3,0.0015935301780700684,Q5_pred_5,5
249490,3,-0.08107571303844452,Q3_pred_3,3
145101,4,-0.17671549320220947,Q2_pred_2,2
35554,4,-0.11241497099399567,Q3_pred_3,3
343427,3,-0.1762423813343048,Q2_pred_2,2
143644,3,-0.03345014899969101,Q4_pred_4,4
23751,4,-0.015966162085533142,Q4_pred_4,4
74912,2,-0.22072307765483856,Q1_pred_1,1
10836,2,-0.11378026008605957,Q3_pred_3,3
1986,4,0.12870542705059052,Q5_pred_5,5
53797,3,-0.1745520681142807,Q2_pred_2,2
117233,3,-0.18808184564113617,Q2_pred_2,2
381457,3,-0.04248085618019104,Q4_pred_4,4
13504,3,-0.22014516592025757,Q1_pred_1,1
48417,3,-0.11050505936145782,Q3_pred_3,3
56970,4,-0.07712152600288391,Q3_pred_3,3
38427,3,-0.0830182209610939,Q3_pred_3,3
347925,4,0.0361027866601944,Q5_pred_5,5
151210,3,-0.12058138847351074,Q3_pred_3,3
67170,3,-0.21609386801719666,Q1_pred_1,1
275069,3,-0.12873631715774536,Q3_pred_3,3
358468,4,-0.0785619467496872,Q3_pred_3,3
362665,4,0.05625225603580475,Q5_pred_5,5
131350,3,-0.2188212275505066,Q1_pred_1,1
345955,3,-0.3648027181625366,Q1_pred_1,1
54448,3,0.05889878422021866,Q5_pred_5,5
220596,4,-0.03841196745634079,Q4_pred_4,4
50174,3,-0.1033179759979248,Q3_pred_3,3
36397,4,-0.17759168148040771,Q2_pred_2,2
127632,4,-0.09408466517925262,Q3_pred_3,3
315856,3,-0.12191793322563171,Q3_pred_3,3
104498,4,0.01219196617603302,Q5_pred_5,5
172452,3,-0.21248196065425873,Q1_pred_1,1
168081,3,0.012227237224578857,Q5_pred_5,5
47469,4,-0.3102376163005829,Q1_pred_1,1
365519,4,0.0366242378950119,Q5_pred_5,5
173909,3,-0.14699222147464752,Q2_pred_2,2
13444,3,-0.1287260353565216,Q3_pred_3,3
17136,3,-0.21002687513828278,Q1_pred_1,1
115558,2,0.07962751388549805,Q5_pred_5,5
3316,3,-0.19890102744102478,Q1_pred_1,1
111621,4,-0.22079046070575714,Q1_pred_1,1
14005,4,-0.015478208661079407,Q4_pred_4,4
196063,4,-0.05636465549468994,Q4_pred_4,4
146679,4,-0.058241844177246094,Q4_pred_4,4
173538,4,-0.09477409720420837,Q3_pred_3,3
422814,3,-0.030649125576019287,Q4_pred_4,4
364707,4,-0.06816001236438751,Q4_pred_4,4
146853,2,-0.0995507761836052,Q3_pred_3,3
78631,3,-0.5020155906677246,Q1_pred_1,1
85874,2,-0.1249723881483078,Q3_pred_3,3
64676,3,-0.002732016146183014,Q5_pred_5,5
153641,4,-0.1478036642074585,Q2_pred_2,2
93710,4,-0.08300307393074036,Q3_pred_3,3
78624,3,-0.5321904420852661,Q1_pred_1,1
62478,3,-0.26654425263404846,Q1_pred_1,1
25769,3,-0.1658104807138443,Q2_pred_2,2
355771,4,-0.18209795653820038,Q2_pred_2,2
122823,3,0.06583857536315918,Q5_pred_5,5
24834,3,-0.25953343510627747,Q1_pred_1,1
402022,4,0.08555863797664642,Q5_pred_5,5
105495,3,-0.2927706837654114,Q1_pred_1,1
168699,3,-0.1208885908126831,Q3_pred_3,3
60795,4,-0.13790158927440643,Q2_pred_2,2
408562,4,-0.09907691180706024,Q3_pred_3,3
476456,3,-0.12065368890762329,Q3_pred_3,3
3838,3,-0.13742229342460632,Q2_pred_2,2
274891,3,-0.09956671297550201,Q3_pred_3,3
416425,4,0.045813143253326416,Q5_pred_5,5
249469,4,-0.05183834210038185,Q4_pred_4,4
16597,3,-0.12503138184547424,Q3_pred_3,3
247217,3,-0.15301689505577087,Q2_pred_2,2
54523,4,-0.06656345725059509,Q4_pred_4,4
157311,4,0.012776300311088562,Q5_pred_5,5
20191,4,-0.04312065243721008,Q4_pred_4,4
352331,3,-0.24881930649280548,Q1_pred_1,1
62459,4,-0.12342837452888489,Q3_pred_3,3
69,4,-0.2729951739311218,Q1_pred_1,1
144076,3,-0.04368327558040619,Q4_pred_4,4
359146,4,-0.033093735575675964,Q4_pred_4,4
19760,4,-0.22083443403244019,Q1_pred_1,1
96954,4,-0.10003289580345154,Q3_pred_3,3
413209,4,0.03537881374359131,Q5_pred_5,5
145081,3,-0.049169644713401794,Q4_pred_4,4
18356,3,-0.34270334243774414,Q1_pred_1,1
61526,3,-0.1618727445602417,Q2_pred_2,2
382632,4,-0.13280829787254333,Q2_pred_2,2
153906,4,-0.2510944604873657,Q1_pred_1,1
93396,4,-0.07797475159168243,Q3_pred_3,3
349289,3,-0.21549636125564575,Q1_pred_1,1
40884,4,-0.22032378613948822,Q1_pred_1,1
111778,3,-0.11727182567119598,Q3_pred_3,3
213032,4,-0.09520654380321503,Q3_pred_3,3
101840,3,-0.30420172214508057,Q1_pred_1,1
56028,4,-0.13979201018810272,Q2_pred_2,2
33629,4,-0.017302244901657104,Q4_pred_4,4
124181,3,-0.17547249794006348,Q2_pred_2,2
90288,3,-0.1814584732055664,Q2_pred_2,2
45920,3,0.01207512617111206,Q5_pred_5,5
32395,3,-0.45135819911956787,Q1_pred_1,1
337762,4,-0.08615844696760178,Q3_pred_3,3
73265,3,-0.19885888695716858,Q1_pred_1,1
236558,4,0.06297257542610168,Q5_pred_5,5
358296,4,-0.11731572449207306,Q3_pred_3,3
156797,3,-0.26845693588256836,Q1_pred_1,1
196076,4,-0.06907285004854202,Q4_pred_4,4
152240,4,-0.09800250828266144,Q3_pred_3,3
28867,4,-0.09424549341201782,Q3_pred_3,3
11831,3,-0.2532166540622711,Q1_pred_1,1
105633,3,-0.36835306882858276,Q1_pred_1,1
69503,4,-0.06959911435842514,Q4_pred_4,4
386120,3,-0.11149181425571442,Q3_pred_3,3
28251,3,-0.46516120433807373,Q1_pred_1,1
239746,3,-0.08646019548177719,Q3_pred_3,3
17691,3,0.008182823657989502,Q5_pred_5,5
8863,4,-0.0732438713312149,Q4_pred_4,4
26825,3,-0.2075992077589035,Q1_pred_1,1
458041,4,0.03151419758796692,Q5_pred_5,5
73710,3,0.0010307729244232178,Q5_pred_5,5
118331,2,-0.0312943160533905,Q4_pred_4,4
233826,3,-0.004943251609802246,Q5_pred_5,5
42347,3,0.10600556433200836,Q5_pred_5,5
10881,3,-0.06413790583610535,Q4_pred_4,4
242689,3,-0.13963687419891357,Q2_pred_2,2
28862,4,-0.19760529696941376,Q2_pred_2,2
205887,3,0.0530754029750824,Q5_pred_5,5
200922,4,0.048853550106287,Q5_pred_5,5
26456,2,-0.028566792607307434,Q4_pred_4,4
33161,3,-0.2886331379413605,Q1_pred_1,1
343887,3,-0.027715638279914856,Q4_pred_4,4
169131,4,-0.3840498924255371,Q1_pred_1,1
57060,4,-0.08392919600009918,Q3_pred_3,3
354376,4,-0.025928661227226257,Q4_pred_4,4
144334,3,-0.01065284013748169,Q4_pred_4,4
343984,4,-0.11021529138088226,Q3_pred_3,3
146982,4,-0.016862809658050537,Q4_pred_4,4
85682,3,-0.1986447423696518,Q1_pred_1,1
143902,3,-0.0338473916053772,Q4_pred_4,4
105434,3,-0.22113041579723358,Q1_pred_1,1
200906,3,-0.24502411484718323,Q1_pred_1,1
134008,3,-0.13561338186264038,Q2_pred_2,2
33903,4,0.12037080526351929,Q5_pred_5,5
153501,3,-0.06582758575677872,Q4_pred_4,4
320660,4,-0.08708007633686066,Q3_pred_3,3
140648,3,-0.0035289525985717773,Q5_pred_5,5
213162,4,-0.04975191503763199,Q4_pred_4,4
383557,4,-0.20029449462890625,Q1_pred_1,1
402937,4,-0.04791315644979477,Q4_pred_4,4
29029,4,-0.15359702706336975,Q2_pred_2,2
126762,4,-0.16791175305843353,Q2_pred_2,2
194364,4,0.18874837458133698,Q5_pred_5,5
110392,4,-0.15942537784576416,Q2_pred_2,2
56001,4,-0.11839315295219421,Q3_pred_3,3
67426,4,-0.08210989087820053,Q3_pred_3,3
121040,3,0.12313014268875122,Q5_pred_5,5
434446,4,0.021074600517749786,Q5_pred_5,5
100279,3,-0.08200287818908691,Q3_pred_3,3
59445,3,-0.024736866354942322,Q4_pred_4,4
151284,4,-0.26556292176246643,Q1_pred_1,1
371302,4,-0.22503650188446045,Q1_pred_1,1
373364,4,-0.11650241911411285,Q3_pred_3,3
188903,4,-0.09450885653495789,Q3_pred_3,3
434108,4,-0.24547386169433594,Q1_pred_1,1
140398,4,-0.07499777525663376,Q3_pred_3,3
198362,3,-0.17713791131973267,Q2_pred_2,2
38297,4,-0.09050879627466202,Q3_pred_3,3
319148,2,-0.11370035260915756,Q3_pred_3,3
186518,3,-0.1680668592453003,Q2_pred_2,2
87689,2,-0.18385908007621765,Q2_pred_2,2
55439,3,-0.0992061048746109,Q3_pred_3,3
236553,4,0.07359656691551208,Q5_pred_5,5
33651,3,-0.09766566753387451,Q3_pred_3,3
64181,3,-0.16105231642723083,Q2_pred_2,2
104484,4,0.04040445387363434,Q5_pred_5,5
123990,4,-0.1581166535615921,Q2_pred_2,2
79031,4,-0.1187237873673439,Q3_pred_3,3
250705,4,-0.17032918334007263,Q2_pred_2,2
157611,3,-0.05275806784629822,Q4_pred_4,4
9823,4,-0.20606446266174316,Q1_pred_1,1
156741,2,-0.21229490637779236,Q1_pred_1,1
166177,4,-0.07734442502260208,Q3_pred_3,3
151093,4,-0.04631620645523071,Q4_pred_4,4
239791,4,-0.040471337735652924,Q4_pred_4,4
167434,3,-0.07865746319293976,Q3_pred_3,3
135185,4,-0.01838039606809616,Q4_pred_4,4
213911,3,-0.11168305575847626,Q3_pred_3,3
114055,3,-0.05153995752334595,Q4_pred_4,4
135859,4,-0.1214810386300087,Q3_pred_3,3
52863,4,0.25544917583465576,Q5_pred_5,5
29021,4,-0.2673514187335968,Q1_pred_1,1
192153,3,-0.04421535134315491,Q4_pred_4,4
356867,4,-0.023402072489261627,Q4_pred_4,4
58323,4,-0.09052464365959167,Q3_pred_3,3
357979,4,-0.16894108057022095,Q2_pred_2,2
40901,4,-0.17545703053474426,Q2_pred_2,2
61997,3,-0.33443450927734375,Q1_pred_1,1
356442,4,-0.06423494964838028,Q4_pred_4,4
142697,4,-0.0034722983837127686,Q5_pred_5,5
103029,4,0.004371285438537598,Q5_pred_5,5
73581,3,0.0820610523223877,Q5_pred_5,5
146274,3,-0.09843999892473221,Q3_pred_3,3
16601,3,-0.08552324771881104,Q3_pred_3,3
36875,4,0.04640534520149231,Q5_pred_5,5
92345,4,-0.09191204607486725,Q3_pred_3,3
78846,3,-0.3956816494464874,Q1_pred_1,1
258017,3,-0.18649370968341827,Q2_pred_2,2
2750,3,-0.3193753957748413,Q1_pred_1,1
19946,3,-0.3298957943916321,Q1_pred_1,1
239877,3,-0.07053107768297195,Q4_pred_4,4
146584,5,-0.03411392122507095,Q4_pred_4,4
348889,4,-0.05963650345802307,Q4_pred_4,4
423986,4,-0.08551216125488281,Q3_pred_3,3
108149,3,-0.1052243709564209,Q3_pred_3,3
210674,4,-0.12015387415885925,Q3_pred_3,3
363055,2,-0.13937096297740936,Q2_pred_2,2
146212,4,-0.14581675827503204,Q2_pred_2,2
236606,3,0.10990860313177109,Q5_pred_5,5
476986,4,-0.12761732935905457,Q3_pred_3,3
86678,4,-0.0155600905418396,Q4_pred_4,4
79388,4,-0.08155839145183563,Q3_pred_3,3
213898,4,-0.17266963422298431,Q2_pred_2,2
154028,4,-0.15103931725025177,Q2_pred_2,2
13846,4,-0.08184000104665756,Q3_pred_3,3
126186,3,0.006807945668697357,Q5_pred_5,5
86941,3,0.109321229159832,Q5_pred_5,5
236324,3,-0.181575745344162,Q2_pred_2,2
61746,4,-0.015757106244564056,Q4_pred_4,4
153136,4,-0.1388353854417801,Q2_pred_2,2
62748,3,-0.165260910987854,Q2_pred_2,2
354036,3,-0.13988330960273743,Q2_pred_2,2
3853,2,-0.09683658182621002,Q3_pred_3,3
388288,4,-0.31703391671180725,Q1_pred_1,1
382525,5,0.04207193851470947,Q5_pred_5,5
366171,3,-0.09416070580482483,Q3_pred_3,3
116266,3,0.13804912567138672,Q5_pred_5,5
233582,4,-0.16562579572200775,Q2_pred_2,2
165384,3,-0.12140616029500961,Q3_pred_3,3
96998,4,-0.11482337862253189,Q3_pred_3,3
18467,4,-0.06713441014289856,Q4_pred_4,4
148606,5,0.04313531517982483,Q5_pred_5,5
73480,3,-0.23588059842586517,Q1_pred_1,1
354541,4,-0.03483724594116211,Q4_pred_4,4
319766,2,-0.07067069411277771,Q4_pred_4,4
246693,4,-0.011591039597988129,Q4_pred_4,4
22710,4,-0.30281686782836914,Q1_pred_1,1
69160,3,-0.1182473823428154,Q3_pred_3,3
146624,5,-0.04457077383995056,Q4_pred_4,4
14081,4,-0.39236295223236084,Q1_pred_1,1
58673,4,-0.0795820951461792,Q3_pred_3,3
190468,4,-0.22137749195098877,Q1_pred_1,1
62628,3,-0.1902957707643509,Q2_pred_2,2
79400,4,-0.03371495008468628,Q4_pred_4,4
354204,4,-0.24432018399238586,Q1_pred_1,1
109229,4,-0.049527689814567566,Q4_pred_4,4
246924,4,-0.18564331531524658,Q2_pred_2,2
192172,4,-0.08333727717399597,Q3_pred_3,3
85814,3,0.09558475017547607,Q5_pred_5,5
54194,4,-0.3397067189216614,Q1_pred_1,1
56878,2,-0.18423345685005188,Q2_pred_2,2
333751,3,0.11538618803024292,Q5_pred_5,5
33362,3,-0.27041831612586975,Q1_pred_1,1
106862,3,-0.13431672751903534,Q2_pred_2,2
243350,4,0.0031639114022254944,Q5_pred_5,5
156501,4,-0.09988193213939667,Q3_pred_3,3
203201,4,-0.1549137532711029,Q2_pred_2,2
141167,4,-0.27383533120155334,Q1_pred_1,1
50190,3,-0.16739201545715332,Q2_pred_2,2
273593,3,0.0045629143714904785,Q5_pred_5,5
26270,3,-0.0396309494972229,Q4_pred_4,4
25636,3,-0.280442476272583,Q1_pred_1,1
373868,4,-0.18519389629364014,Q2_pred_2,2
39520,4,0.01903533935546875,Q5_pred_5,5
12911,4,-0.07392867654561996,Q3_pred_3,3
236555,4,0.10751509666442871,Q5_pred_5,5
144084,3,-0.10719750821590424,Q3_pred_3,3
73387,4,-0.015219807624816895,Q4_pred_4,4
157291,3,-0.0577683188021183,Q4_pred_4,4
154410,4,-0.05776708200573921,Q4_pred_4,4
85809,3,0.041435182094573975,Q5_pred_5,5
242558,4,-0.1716824173927307,Q2_pred_2,2
29330,4,-0.21622149646282196,Q1_pred_1,1
29471,4,-0.2958187460899353,Q1_pred_1,1
275571,3,-0.10948924720287323,Q3_pred_3,3
4409,3,-0.2948346734046936,Q1_pred_1,1
67998,3,-0.28437691926956177,Q1_pred_1,1
202019,4,-0.20527929067611694,Q1_pred_1,1
52307,4,-0.12737709283828735,Q3_pred_3,3
113266,2,-0.1160062849521637,Q3_pred_3,3
374010,4,-0.20086318254470825,Q1_pred_1,1
402143,3,0.09770087152719498,Q5_pred_5,5
235614,4,-0.08722912520170212,Q3_pred_3,3
349489,4,0.15529444813728333,Q5_pred_5,5
119437,4,-0.22823849320411682,Q1_pred_1,1
60905,4,0.11355890333652496,Q5_pred_5,5
187294,4,0.09710270166397095,Q5_pred_5,5
262398,3,-0.2241162210702896,Q1_pred_1,1
81381,4,-0.12647970020771027,Q3_pred_3,3
42841,3,-0.10283659398555756,Q3_pred_3,3
40004,3,-0.21679304540157318,Q1_pred_1,1
13002,3,-0.3038889765739441,Q1_pred_1,1
126042,4,-0.14876239001750946,Q2_pred_2,2
47667,3,-0.20977088809013367,Q1_pred_1,1
154299,4,-0.10266880691051483,Q3_pred_3,3
187938,3,-0.06659036129713058,Q4_pred_4,4
153667,4,-0.17560404539108276,Q2_pred_2,2
320688,3,0.010818719863891602,Q5_pred_5,5
256423,4,0.004584014415740967,Q5_pred_5,5
86683,4,-0.11064208298921585,Q3_pred_3,3
675,3,0.01234501600265503,Q5_pred_5,5
44569,3,-0.01341506838798523,Q4_pred_4,4
112463,3,-0.1449545919895172,Q2_pred_2,2
171004,4,-0.1742936074733734,Q2_pred_2,2
237202,4,-0.1369871199131012,Q2_pred_2,2
128940,3,-0.010143548250198364,Q4_pred_4,4
30550,3,0.01117125153541565,Q5_pred_5,5
200210,4,-0.11432767659425735,Q3_pred_3,3
156722,2,-0.45226067304611206,Q1_pred_1,1
247128,4,-0.12140379846096039,Q3_pred_3,3
166073,3,-0.06948532909154892,Q4_pred_4,4
117217,3,-0.23057921230793,Q1_pred_1,1
61395,3,-0.30107104778289795,Q1_pred_1,1
256884,4,0.040923189371824265,Q5_pred_5,5
87655,2,-0.28733834624290466,Q1_pred_1,1
28904,4,-0.28154611587524414,Q1_pred_1,1
55927,4,-0.13134106993675232,Q2_pred_2,2
155981,3,-0.26795196533203125,Q1_pred_1,1
41053,4,-0.1469222903251648,Q2_pred_2,2
29288,4,-0.3091547191143036,Q1_pred_1,1
460197,3,0.04118847846984863,Q5_pred_5,5
150465,3,-0.09953387826681137,Q3_pred_3,3
154057,4,-0.08304929733276367,Q3_pred_3,3
268727,4,-0.11127413809299469,Q3_pred_3,3
111646,4,0.022320322692394257,Q5_pred_5,5
92387,4,-0.15578840672969818,Q2_pred_2,2
166812,4,-0.23979490995407104,Q1_pred_1,1
41742,3,-0.04652319848537445,Q4_pred_4,4
21874,4,-0.2490217536687851,Q1_pred_1,1
253534,3,-0.20460283756256104,Q1_pred_1,1
156752,2,-0.20919612050056458,Q1_pred_1,1
133670,4,0.010383069515228271,Q5_pred_5,5
374200,4,-0.07174855470657349,Q4_pred_4,4
167578,3,-0.15234486758708954,Q2_pred_2,2
246703,4,-0.01594892144203186,Q4_pred_4,4
36743,3,-0.2581861913204193,Q1_pred_1,1
33640,3,-0.14510035514831543,Q2_pred_2,2
29074,4,-0.23717767000198364,Q1_pred_1,1
60284,3,-0.2186296582221985,Q1_pred_1,1
322603,4,-0.08150659501552582,Q3_pred_3,3
200974,3,-0.12266931682825089,Q3_pred_3,3
122770,3,-0.06445439904928207,Q4_pred_4,4
188973,4,-0.03076384961605072,Q4_pred_4,4
369238,4,-0.20113269984722137,Q1_pred_1,1
107130,4,-0.32534998655319214,Q1_pred_1,1
168904,3,-0.1449388563632965,Q2_pred_2,2
408742,3,-0.1387433409690857,Q2_pred_2,2
147150,3,-0.10049457103013992,Q3_pred_3,3
17692,3,0.04900030791759491,Q5_pred_5,5
323709,3,-0.14811770617961884,Q2_pred_2,2
414616,4,-0.052273765206336975,Q4_pred_4,4
120903,4,-0.17425589263439178,Q2_pred_2,2
89561,4,-0.055119916796684265,Q4_pred_4,4
359328,4,-0.07331845164299011,Q4_pred_4,4
123889,4,0.05584059655666351,Q5_pred_5,5
26688,3,-0.09497164934873581,Q3_pred_3,3
153095,3,-0.29232990741729736,Q1_pred_1,1
78396,3,-0.24684587121009827,Q1_pred_1,1
151997,3,-0.016340255737304688,Q4_pred_4,4
45453,4,-0.3174687325954437,Q1_pred_1,1
105361,3,-0.03532689809799194,Q4_pred_4,4
254328,3,-0.14946089684963226,Q2_pred_2,2
116876,3,-0.32446810603141785,Q1_pred_1,1
236400,4,0.12194105982780457,Q5_pred_5,5
131918,4,-0.0345124714076519,Q4_pred_4,4
130015,4,-0.1415890008211136,Q2_pred_2,2
68330,4,-0.0995578020811081,Q3_pred_3,3
5180,4,-0.06240613013505936,Q4_pred_4,4
139096,3,-0.19719630479812622,Q2_pred_2,2
64821,3,-0.19651073217391968,Q2_pred_2,2
92951,3,-0.10646785795688629,Q3_pred_3,3
39986,4,-0.17824602127075195,Q2_pred_2,2
350360,4,-0.24910178780555725,Q1_pred_1,1
82004,4,0.19461902976036072,Q5_pred_5,5
1242,3,0.14417798817157745,Q5_pred_5,5
157919,3,-0.013111293315887451,Q4_pred_4,4
27860,3,-0.0589347779750824,Q4_pred_4,4
173637,4,-0.032032355666160583,Q4_pred_4,4
157284,3,-0.22808536887168884,Q1_pred_1,1
30152,4,0.07898682355880737,Q5_pred_5,5
155217,3,-0.13309010863304138,Q2_pred_2,2
324381,3,-0.07998690009117126,Q3_pred_3,3
55239,4,0.23115897178649902,Q5_pred_5,5
246318,3,0.117801733314991,Q5_pred_5,5
51227,4,-0.11346426606178284,Q3_pred_3,3
142479,4,-0.01390451192855835,Q4_pred_4,4
14056,4,0.04701662436127663,Q5_pred_5,5
337097,3,-0.1476069539785385,Q2_pred_2,2
137232,3,-0.14694257080554962,Q2_pred_2,2
257349,4,-0.19955946505069733,Q1_pred_1,1
163432,3,-0.0592171847820282,Q4_pred_4,4
99586,4,-0.09692724049091339,Q3_pred_3,3
27587,3,-0.5819723606109619,Q1_pred_1,1
152919,3,-0.10035818815231323,Q3_pred_3,3
39066,3,-0.29376664757728577,Q1_pred_1,1
246839,4,-0.20549632608890533,Q1_pred_1,1
111669,3,0.027404367923736572,Q5_pred_5,5
349306,3,-0.2501830458641052,Q1_pred_1,1
105561,3,-0.26357775926589966,Q1_pred_1,1
144232,3,-0.0366806760430336,Q4_pred_4,4
256392,3,-0.03106135129928589,Q4_pred_4,4
45904,4,-0.19033107161521912,Q2_pred_2,2
354503,4,-2.002716064453125e-05,Q5_pred_5,5
106393,3,0.05955609679222107,Q5_pred_5,5
128702,4,-0.09470248222351074,Q3_pred_3,3
58069,4,-0.07137006521224976,Q4_pred_4,4
140525,4,-0.14263340830802917,Q2_pred_2,2
39081,4,-0.15307730436325073,Q2_pred_2,2
200935,3,-0.12513935565948486,Q3_pred_3,3
183665,3,-0.07180321216583252,Q4_pred_4,4
20760,2,-0.26102668046951294,Q1_pred_1,1
105386,4,-0.09919211268424988,Q3_pred_3,3
372585,4,-0.027491174638271332,Q4_pred_4,4
336564,4,-0.1500510275363922,Q2_pred_2,2
134854,4,-0.27884232997894287,Q1_pred_1,1
160004,3,-0.1337246149778366,Q2_pred_2,2
354192,4,-0.21048606932163239,Q1_pred_1,1
10896,3,-0.12932388484477997,Q3_pred_3,3
404854,4,-0.41068029403686523,Q1_pred_1,1
143963,2,-0.1280299425125122,Q3_pred_3,3
368174,3,0.018622130155563354,Q5_pred_5,5
337723,4,-0.13828006386756897,Q2_pred_2,2
28495,2,-0.13338834047317505,Q2_pred_2,2
189697,3,-0.20349261164665222,Q1_pred_1,1
354452,4,-0.07412536442279816,Q3_pred_3,3
248828,4,-0.025055445730686188,Q4_pred_4,4
90441,4,-0.02199341356754303,Q4_pred_4,4
24769,3,-0.35180437564849854,Q1_pred_1,1
383576,4,-0.27590683102607727,Q1_pred_1,1
69355,4,0.11040142178535461,Q5_pred_5,5
386541,3,-0.12060513347387314,Q3_pred_3,3
124534,4,-0.22232253849506378,Q1_pred_1,1
383699,4,-0.22848859429359436,Q1_pred_1,1
328813,4,-0.06169489026069641,Q4_pred_4,4
420305,4,0.05331575870513916,Q5_pred_5,5
12765,3,0.027782104909420013,Q5_pred_5,5
2982,3,0.1821410059928894,Q5_pred_5,5
142782,4,-0.010608196258544922,Q4_pred_4,4
273222,4,-0.13779138028621674,Q2_pred_2,2
41091,3,-0.370228111743927,Q1_pred_1,1
72255,4,0.06557530164718628,Q5_pred_5,5
73101,3,-0.04507233202457428,Q4_pred_4,4
274892,3,-0.06338691711425781,Q4_pred_4,4
164181,3,-0.2305053174495697,Q1_pred_1,1
350448,3,-0.0926726758480072,Q3_pred_3,3
29018,3,-0.12574166059494019,Q3_pred_3,3
36504,3,-0.12481404840946198,Q3_pred_3,3
47287,3,-0.07309818267822266,Q4_pred_4,4
265180,4,0.026780247688293457,Q5_pred_5,5
17092,3,-0.08786045759916306,Q3_pred_3,3
377112,3,0.02561075985431671,Q5_pred_5,5
10990,2,-0.10262560844421387,Q3_pred_3,3
386279,4,-0.23068027198314667,Q1_pred_1,1
188058,3,-0.23518598079681396,Q1_pred_1,1
114367,4,-0.24289289116859436,Q1_pred_1,1
28261,2,-0.05945025384426117,Q4_pred_4,4
212143,4,-0.015576064586639404,Q4_pred_4,4
348390,3,-0.007789388298988342,Q4_pred_4,4
104804,3,0.07301652431488037,Q5_pred_5,5
315934,3,-0.15916715562343597,Q2_pred_2,2
415466,3,0.02450653910636902,Q5_pred_5,5
337450,3,-0.057169198989868164,Q4_pred_4,4
153626,3,-0.19331352412700653,Q2_pred_2,2
2601,3,0.06987784802913666,Q5_pred_5,5
102553,3,-0.0677805244922638,Q4_pred_4,4
150113,4,-0.13788293302059174,Q2_pred_2,2
55969,4,-0.15525373816490173,Q2_pred_2,2
147134,4,-0.11244364082813263,Q3_pred_3,3
182977,4,0.03781843185424805,Q5_pred_5,5
389238,3,-0.12188349664211273,Q3_pred_3,3
134780,3,-0.41015860438346863,Q1_pred_1,1
16834,4,0.0020080357789993286,Q5_pred_5,5
302524,4,-0.09453102946281433,Q3_pred_3,3
30838,4,-0.14302462339401245,Q2_pred_2,2
242433,3,-0.2280043661594391,Q1_pred_1,1
10477,3,-0.1441994458436966,Q2_pred_2,2
140212,4,0.17367365956306458,Q5_pred_5,5
36229,3,0.04973338544368744,Q5_pred_5,5
31496,3,-0.12138897180557251,Q3_pred_3,3
415446,3,-0.08238591253757477,Q3_pred_3,3
173080,4,-0.20577633380889893,Q1_pred_1,1
32406,3,-0.011394709348678589,Q4_pred_4,4
270726,4,0.0011646002531051636,Q5_pred_5,5
399089,3,-0.15026716887950897,Q2_pred_2,2
60900,4,-0.20980143547058105,Q1_pred_1,1
137442,4,-0.06110861152410507,Q4_pred_4,4
12993,3,-0.29480624198913574,Q1_pred_1,1
114151,4,-0.18135595321655273,Q2_pred_2,2
6183,3,0.10981910675764084,Q5_pred_5,5
48544,4,0.04218740016222,Q5_pred_5,5
249750,3,-0.31358927488327026,Q1_pred_1,1
146450,4,0.0110941082239151,Q5_pred_5,5
23059,4,-0.05485355854034424,Q4_pred_4,4
146616,4,0.009767398238182068,Q5_pred_5,5
35010,4,-0.09528553485870361,Q3_pred_3,3
18645,3,-0.13185074925422668,Q2_pred_2,2
39012,4,0.08109477907419205,Q5_pred_5,5
159008,3,-0.08901664614677429,Q3_pred_3,3
31528,4,-0.03556501120328903,Q4_pred_4,4
37611,3,-0.026928335428237915,Q4_pred_4,4
31909,4,-0.0296415314078331,Q4_pred_4,4
189973,3,-0.13610905408859253,Q2_pred_2,2
14526,3,-0.23571811616420746,Q1_pred_1,1
211604,3,-0.18396100401878357,Q2_pred_2,2
10519,3,-0.19607935845851898,Q2_pred_2,2
269003,4,-0.17828412353992462,Q2_pred_2,2
78705,3,-0.47160831093788147,Q1_pred_1,1
119304,3,-0.25158560276031494,Q1_pred_1,1
26949,4,-0.18308427929878235,Q2_pred_2,2
358228,4,-0.15205436944961548,Q2_pred_2,2
423148,4,-0.08474602550268173,Q3_pred_3,3
155047,3,-0.18449515104293823,Q2_pred_2,2
247553,4,-0.11242157220840454,Q3_pred_3,3
52159,4,-0.1416563242673874,Q2_pred_2,2
350979,3,-0.1023748517036438,Q3_pred_3,3
58664,3,-0.10895713418722153,Q3_pred_3,3
374895,4,-0.1721731722354889,Q2_pred_2,2
96832,3,-0.0007696151733398438,Q5_pred_5,5
156510,3,-0.24941280484199524,Q1_pred_1,1
90672,4,-0.07432907819747925,Q3_pred_3,3
61720,4,-0.05725891888141632,Q4_pred_4,4
383551,4,-0.193424791097641,Q2_pred_2,2
97022,4,-0.0993054136633873,Q3_pred_3,3
113176,3,-0.18249864876270294,Q2_pred_2,2
167269,4,-0.11915650963783264,Q3_pred_3,3
120458,3,-0.2648703455924988,Q1_pred_1,1
199227,3,-0.03172419220209122,Q4_pred_4,4
387406,4,-0.029525233432650566,Q4_pred_4,4
234987,2,-0.1360851228237152,Q2_pred_2,2
125429,2,-0.0670037791132927,Q4_pred_4,4
119197,4,-0.054124265909194946,Q4_pred_4,4
365193,3,-0.04899229109287262,Q4_pred_4,4
163591,3,-0.11574295163154602,Q3_pred_3,3
328288,3,-0.2030392587184906,Q1_pred_1,1
234118,3,-0.22056512534618378,Q1_pred_1,1
74946,3,-0.044173434376716614,Q4_pred_4,4
98208,3,-0.27123501896858215,Q1_pred_1,1
248707,4,-0.03498946875333786,Q4_pred_4,4
80621,4,0.045999981462955475,Q5_pred_5,5
417843,3,-0.22811885178089142,Q1_pred_1,1
83464,3,-0.15425656735897064,Q2_pred_2,2
256488,4,-0.12549060583114624,Q3_pred_3,3
16663,3,-0.15926022827625275,Q2_pred_2,2
148488,4,0.011933088302612305,Q5_pred_5,5
148551,4,0.03908336162567139,Q5_pred_5,5
201914,4,0.19310227036476135,Q5_pred_5,5
6230,1,-0.041083939373493195,Q4_pred_4,4
83058,4,-0.09573064744472504,Q3_pred_3,3
138799,3,-0.015017595142126083,Q4_pred_4,4
61736,3,-0.06484964489936829,Q4_pred_4,4
214194,4,-0.1143016517162323,Q3_pred_3,3
34942,4,-0.09658810496330261,Q3_pred_3,3
50677,4,-0.0707024335861206,Q4_pred_4,4
116388,4,-0.017582088708877563,Q4_pred_4,4
179506,3,-0.10905646532773972,Q3_pred_3,3
334043,3,-0.18278434872627258,Q2_pred_2,2
357446,4,-0.04967046156525612,Q4_pred_4,4
222393,3,-0.107502281665802,Q3_pred_3,3
54121,4,-0.1265183538198471,Q3_pred_3,3
168811,3,-0.2530660331249237,Q1_pred_1,1
371570,4,0.08418729901313782,Q5_pred_5,5
356651,4,-0.07252535223960876,Q4_pred_4,4
374548,4,-0.11301305890083313,Q3_pred_3,3
58503,4,-0.27162113785743713,Q1_pred_1,1
45138,3,-0.2790205180644989,Q1_pred_1,1
69702,2,-0.23247259855270386,Q1_pred_1,1
3859,2,-0.17884162068367004,Q2_pred_2,2
19045,3,-0.13323156535625458,Q2_pred_2,2
86459,4,-0.17168647050857544,Q2_pred_2,2
113344,3,-0.2980574071407318,Q1_pred_1,1
164182,3,0.03827463090419769,Q5_pred_5,5
15,4,-0.13322031497955322,Q2_pred_2,2
105452,3,-0.3945887088775635,Q1_pred_1,1
165785,3,-0.2195698469877243,Q1_pred_1,1
31454,3,-0.17080700397491455,Q2_pred_2,2
372686,4,-0.22632288932800293,Q1_pred_1,1
389447,3,-0.131709486246109,Q2_pred_2,2
87526,3,-0.34011727571487427,Q1_pred_1,1
44530,4,-0.08598986268043518,Q3_pred_3,3
38195,3,-0.2416270673274994,Q1_pred_1,1
354942,3,-0.15883177518844604,Q2_pred_2,2
146851,3,-0.10100622475147247,Q3_pred_3,3
124693,4,-0.17651967704296112,Q2_pred_2,2
148944,3,-0.21471905708312988,Q1_pred_1,1
146676,4,-0.07379146665334702,Q3_pred_3,3
264103,3,-0.19522640109062195,Q2_pred_2,2
163272,4,0.21752750873565674,Q5_pred_5,5
110694,3,-0.1249648705124855,Q3_pred_3,3
401560,3,0.1718638837337494,Q5_pred_5,5
153884,3,-0.1999582052230835,Q1_pred_1,1
241481,4,-0.12689952552318573,Q3_pred_3,3
268847,3,-0.04144187271595001,Q4_pred_4,4
420315,4,-0.0005460381507873535,Q5_pred_5,5
107726,4,-0.013200730085372925,Q4_pred_4,4
183040,4,0.0096825510263443,Q5_pred_5,5
114357,3,-0.1048729419708252,Q3_pred_3,3
214714,3,-0.10449400544166565,Q3_pred_3,3
45604,3,-0.016520380973815918,Q4_pred_4,4
214689,4,-0.09797713160514832,Q3_pred_3,3
167384,4,0.1703023910522461,Q5_pred_5,5
379144,4,-0.003953838720917702,Q5_pred_5,5
132952,4,-0.08154045045375824,Q3_pred_3,3
54094,4,-0.3491947650909424,Q1_pred_1,1
214576,2,-0.35046476125717163,Q1_pred_1,1
25333,4,-0.04427310451865196,Q4_pred_4,4
34594,4,-0.030009016394615173,Q4_pred_4,4
415164,3,-0.1671421080827713,Q2_pred_2,2
394327,4,-0.08372506499290466,Q3_pred_3,3
32836,4,0.11250943690538406,Q5_pred_5,5
200634,4,-0.0217385683208704,Q4_pred_4,4
368450,3,-0.014651298522949219,Q4_pred_4,4
44357,4,-0.053407877683639526,Q4_pred_4,4
171119,4,-0.07332061231136322,Q4_pred_4,4
30044,3,-0.0827169269323349,Q3_pred_3,3
466684,3,0.02488076686859131,Q5_pred_5,5
107732,4,-0.09814734756946564,Q3_pred_3,3
86436,4,-0.24227319657802582,Q1_pred_1,1
39424,3,-0.2506750524044037,Q1_pred_1,1
17093,3,-0.16278581321239471,Q2_pred_2,2
21688,3,-0.14709442853927612,Q2_pred_2,2
10126,1,-0.20460785925388336,Q1_pred_1,1
10576,3,-0.1983504295349121,Q1_pred_1,1
50709,4,0.06782359629869461,Q5_pred_5,5
360256,4,-0.07522407919168472,Q3_pred_3,3
214500,3,-0.24726393818855286,Q1_pred_1,1
250997,2,-0.27497005462646484,Q1_pred_1,1
54979,4,0.10069751739501953,Q5_pred_5,5
63904,4,0.03084540367126465,Q5_pred_5,5
91086,4,0.10465094447135925,Q5_pred_5,5
328039,3,-0.1935674250125885,Q2_pred_2,2
86354,3,-0.09956817328929901,Q3_pred_3,3
40430,4,0.06536300480365753,Q5_pred_5,5
185150,4,-0.044467732310295105,Q4_pred_4,4
341184,3,-0.06594480574131012,Q4_pred_4,4
29530,4,-0.13133709132671356,Q2_pred_2,2
146707,4,-0.15524408221244812,Q2_pred_2,2
7059,3,-0.16516369581222534,Q2_pred_2,2
60687,3,-0.2666659355163574,Q1_pred_1,1
351598,3,-0.024503320455551147,Q4_pred_4,4
373719,2,0.036840975284576416,Q5_pred_5,5
477017,4,-0.3532388508319855,Q1_pred_1,1
104772,3,-0.06356323510408401,Q4_pred_4,4
41708,3,-0.2004738450050354,Q1_pred_1,1
173875,3,-0.15400239825248718,Q2_pred_2,2
315933,2,-0.07096892595291138,Q4_pred_4,4
43998,4,-0.05968860536813736,Q4_pred_4,4
168769,4,-0.38801121711730957,Q1_pred_1,1
326102,3,-0.12969356775283813,Q3_pred_3,3
339651,4,-0.08534623682498932,Q3_pred_3,3
357300,3,-0.23008978366851807,Q1_pred_1,1
238299,4,-0.23295162618160248,Q1_pred_1,1
380391,4,0.13592667877674103,Q5_pred_5,5
68416,4,-0.291595458984375,Q1_pred_1,1
23558,4,-0.04835379123687744,Q4_pred_4,4
9752,4,0.1576579213142395,Q5_pred_5,5
5997,4,-0.11831413209438324,Q3_pred_3,3
166108,2,-0.22014300525188446,Q1_pred_1,1
357746,3,-0.16889046132564545,Q2_pred_2,2
372336,3,-0.22102460265159607,Q1_pred_1,1
89443,3,-0.4460947811603546,Q1_pred_1,1
65519,4,-0.16546520590782166,Q2_pred_2,2
343952,3,-0.1659308224916458,Q2_pred_2,2
18707,3,-0.25471606850624084,Q1_pred_1,1
357813,4,-0.14119935035705566,Q2_pred_2,2
191916,3,-0.1392979621887207,Q2_pred_2,2
175428,4,-0.03448386490345001,Q4_pred_4,4
236475,2,-0.16853757202625275,Q2_pred_2,2
327914,3,-0.07338963449001312,Q3_pred_3,3
68650,3,-0.037987060844898224,Q4_pred_4,4
117176,3,-0.34040918946266174,Q1_pred_1,1
20696,3,-0.13614018261432648,Q2_pred_2,2
105525,3,-0.40244659781455994,Q1_pred_1,1
93417,4,-0.10902269184589386,Q3_pred_3,3
145488,4,-0.14875365793704987,Q2_pred_2,2
60167,3,-0.1931699812412262,Q2_pred_2,2
153830,4,-0.13989388942718506,Q2_pred_2,2
127032,4,-0.20565634965896606,Q1_pred_1,1
10939,3,-0.21818016469478607,Q1_pred_1,1
81366,4,-0.05786439776420593,Q4_pred_4,4
86267,3,0.024202972650527954,Q5_pred_5,5
15240,3,-0.047011420130729675,Q4_pred_4,4
52053,3,-0.25772935152053833,Q1_pred_1,1
200155,4,-0.056558333337306976,Q4_pred_4,4
1028,4,0.061660394072532654,Q5_pred_5,5
117894,4,-0.07149001955986023,Q4_pred_4,4
348922,3,-0.05234625190496445,Q4_pred_4,4
221705,4,-0.14613597095012665,Q2_pred_2,2
141182,3,-0.13212352991104126,Q2_pred_2,2
24809,4,0.0447787344455719,Q5_pred_5,5
223495,3,-0.21121729910373688,Q1_pred_1,1
3177,4,-0.01354537159204483,Q4_pred_4,4
5813,3,-0.010266467928886414,Q4_pred_4,4
156788,2,-0.21391631662845612,Q1_pred_1,1
245072,4,0.006313025951385498,Q5_pred_5,5
160005,3,-0.22998744249343872,Q1_pred_1,1
103402,3,-0.34285968542099,Q1_pred_1,1
133789,4,-0.2206876426935196,Q1_pred_1,1
18882,4,0.014046847820281982,Q5_pred_5,5
12967,3,-0.36451804637908936,Q1_pred_1,1
137569,4,-0.08591809868812561,Q3_pred_3,3
379013,4,-0.03858097642660141,Q4_pred_4,4
86901,3,-0.2604520320892334,Q1_pred_1,1
157240,4,-0.0887589156627655,Q3_pred_3,3
359699,4,-0.011637881398200989,Q4_pred_4,4
3202,4,-0.01031869649887085,Q4_pred_4,4
10768,3,-0.1907341182231903,Q2_pred_2,2
642,3,-0.13115434348583221,Q2_pred_2,2
77527,4,-0.09362352639436722,Q3_pred_3,3
6375,3,-0.1674330085515976,Q2_pred_2,2
167550,4,-0.05968458950519562,Q4_pred_4,4
85135,4,-0.0844743549823761,Q3_pred_3,3
353187,4,-0.11367134749889374,Q3_pred_3,3
368917,3,-0.16225485503673553,Q2_pred_2,2
353483,4,-0.006740443408489227,Q4_pred_4,4
200948,3,-0.1735096424818039,Q2_pred_2,2
50481,3,-0.06423020362854004,Q4_pred_4,4
357745,3,-0.18485119938850403,Q2_pred_2,2
218839,4,0.04371827840805054,Q5_pred_5,5
22873,4,0.034788697957992554,Q5_pred_5,5
78483,3,-0.029678761959075928,Q4_pred_4,4
90280,3,-0.18734203279018402,Q2_pred_2,2
238039,3,0.007358193397521973,Q5_pred_5,5
364850,3,-0.045210860669612885,Q4_pred_4,4
14020,3,-0.08259369432926178,Q3_pred_3,3
166150,4,-0.19381195306777954,Q2_pred_2,2
78762,3,-0.3553868532180786,Q1_pred_1,1
342542,3,-0.1259041130542755,Q3_pred_3,3
120483,3,-0.035177163779735565,Q4_pred_4,4
76220,3,-0.26457449793815613,Q1_pred_1,1
189470,3,-0.0659419447183609,Q4_pred_4,4
392838,3,-0.16505976021289825,Q2_pred_2,2
153861,4,-0.21654567122459412,Q1_pred_1,1
359229,4,-0.014158129692077637,Q4_pred_4,4
137628,4,-0.15657199919223785,Q2_pred_2,2
82171,3,-0.16883310675621033,Q2_pred_2,2
350993,3,0.08626992255449295,Q5_pred_5,5
11630,4,0.22399799525737762,Q5_pred_5,5
174437,3,-0.1732720285654068,Q2_pred_2,2
64126,4,-0.029725059866905212,Q4_pred_4,4
183180,3,-0.12255378067493439,Q3_pred_3,3
28649,4,0.14941594004631042,Q5_pred_5,5
92109,4,-0.12563762068748474,Q3_pred_3,3
251046,3,0.03349229693412781,Q5_pred_5,5
60800,4,-0.12798970937728882,Q3_pred_3,3
62360,3,0.060725510120391846,Q5_pred_5,5
417848,3,-0.1636447012424469,Q2_pred_2,2
10781,3,-0.08988137543201447,Q3_pred_3,3
168069,4,-0.24246972799301147,Q1_pred_1,1
358320,4,-0.1797686219215393,Q2_pred_2,2
3452,4,-0.24145935475826263,Q1_pred_1,1
81058,3,-0.10992883145809174,Q3_pred_3,3
386601,3,-0.20114263892173767,Q1_pred_1,1
82175,3,0.017929285764694214,Q5_pred_5,5
96080,4,0.17554879188537598,Q5_pred_5,5
105563,2,-0.24908283352851868,Q1_pred_1,1
50205,3,-0.0314488410949707,Q4_pred_4,4
66955,3,-0.10816483199596405,Q3_pred_3,3
10110,2,-0.0812460258603096,Q3_pred_3,3
262237,3,0.024993643164634705,Q5_pred_5,5
40067,4,-0.3377295136451721,Q1_pred_1,1
137576,4,-0.07681581377983093,Q3_pred_3,3
58926,3,-0.1762334704399109,Q2_pred_2,2
137926,3,0.1044478490948677,Q5_pred_5,5
105922,2,-0.29356443881988525,Q1_pred_1,1
405435,4,-0.0025321245193481445,Q5_pred_5,5
248423,4,-6.686151027679443e-05,Q5_pred_5,5
373972,4,-0.15497660636901855,Q2_pred_2,2
207523,4,-0.07461000978946686,Q3_pred_3,3
65662,3,0.17837989330291748,Q5_pred_5,5
142099,4,0.044744059443473816,Q5_pred_5,5
102953,4,-0.07047310471534729,Q4_pred_4,4
420322,4,-0.27288687229156494,Q1_pred_1,1
333756,3,-0.04513928294181824,Q4_pred_4,4
188518,3,-0.18523631989955902,Q2_pred_2,2
336391,3,-0.17943309247493744,Q2_pred_2,2
41702,4,-0.14458110928535461,Q2_pred_2,2
350451,3,-0.04556304216384888,Q4_pred_4,4
354977,3,-0.14723023772239685,Q2_pred_2,2
381279,3,-0.009527355432510376,Q4_pred_4,4
77757,4,-0.038769423961639404,Q4_pred_4,4
189361,3,0.05114979296922684,Q5_pred_5,5
71114,4,-0.20174790918827057,Q1_pred_1,1
153790,4,-0.09697900712490082,Q3_pred_3,3
19067,3,-0.04859084263443947,Q4_pred_4,4
6505,3,-0.20843446254730225,Q1_pred_1,1
336786,4,-0.02883605659008026,Q4_pred_4,4
31605,4,-0.01882067322731018,Q4_pred_4,4
101768,4,-0.23851200938224792,Q1_pred_1,1
214543,3,-0.36839213967323303,Q1_pred_1,1
33691,4,-0.0688367486000061,Q4_pred_4,4
29921,4,-0.09852270781993866,Q3_pred_3,3
187705,3,-0.10885609686374664,Q3_pred_3,3
13638,3,-0.16486364603042603,Q2_pred_2,2
40618,4,-0.11101159453392029,Q3_pred_3,3
391752,3,-0.16156890988349915,Q2_pred_2,2
242717,4,0.04120984673500061,Q5_pred_5,5
38879,3,-0.1579824984073639,Q2_pred_2,2
72453,3,-0.18465416133403778,Q2_pred_2,2
118738,3,-0.1700795292854309,Q2_pred_2,2
28574,4,0.004942595958709717,Q5_pred_5,5
11949,4,-0.12097957730293274,Q3_pred_3,3
348369,4,0.002028331160545349,Q5_pred_5,5
162417,3,-0.10459698736667633,Q3_pred_3,3
325887,3,-0.0329037606716156,Q4_pred_4,4
132738,3,-0.2637847661972046,Q1_pred_1,1
59891,4,-0.0077955275774002075,Q4_pred_4,4
11542,3,0.03986936807632446,Q5_pred_5,5
65267,3,-0.22731366753578186,Q1_pred_1,1
143391,4,-0.038237787783145905,Q4_pred_4,4
28630,4,0.06102001667022705,Q5_pred_5,5
37346,4,0.063073068857193,Q5_pred_5,5
59458,4,-0.149344801902771,Q2_pred_2,2
260919,3,-0.018032237887382507,Q4_pred_4,4
40898,4,-0.19387304782867432,Q2_pred_2,2
358730,3,-0.2057119905948639,Q1_pred_1,1
187658,3,-0.16641667485237122,Q2_pred_2,2
95816,3,-0.029413705691695213,Q4_pred_4,4
126849,3,-0.1753820776939392,Q2_pred_2,2
152977,4,-0.11875710636377335,Q3_pred_3,3
199873,4,-0.1460360437631607,Q2_pred_2,2
170482,3,-0.444206565618515,Q1_pred_1,1
45991,3,-0.21801060438156128,Q1_pred_1,1
50258,3,-0.07044261693954468,Q4_pred_4,4
25463,3,-0.019053131341934204,Q4_pred_4,4
127285,3,-0.26262399554252625,Q1_pred_1,1
61882,3,-0.1765620857477188,Q2_pred_2,2
389762,4,-0.10196314752101898,Q3_pred_3,3
201159,3,-0.2935560345649719,Q1_pred_1,1
156668,3,-0.23836517333984375,Q1_pred_1,1
32180,3,0.0023219697177410126,Q5_pred_5,5
97349,3,0.06845906376838684,Q5_pred_5,5
173679,3,-0.3504399359226227,Q1_pred_1,1
359274,4,-0.014276806265115738,Q4_pred_4,4
69698,4,-0.351484477519989,Q1_pred_1,1
109534,4,-0.058658257126808167,Q4_pred_4,4
61638,3,-0.09044668823480606,Q3_pred_3,3
57395,3,-0.12586182355880737,Q3_pred_3,3
302517,3,-0.0845794528722763,Q3_pred_3,3
121085,4,-0.17175568640232086,Q2_pred_2,2
47677,4,-0.19397799670696259,Q2_pred_2,2
50788,4,-0.18877093493938446,Q2_pred_2,2
209801,3,-0.21151922643184662,Q1_pred_1,1
373626,4,-0.13050147891044617,Q2_pred_2,2
99555,4,-0.04291592165827751,Q4_pred_4,4
29371,4,-0.1459476202726364,Q2_pred_2,2
368084,4,-0.004748929291963577,Q5_pred_5,5
37175,4,-0.08775729686021805,Q3_pred_3,3
92186,4,-0.22128534317016602,Q1_pred_1,1
28821,4,-0.1556873321533203,Q2_pred_2,2
10864,2,-0.2591794729232788,Q1_pred_1,1
51094,3,-0.19841136038303375,Q1_pred_1,1
252424,4,-0.06412632018327713,Q4_pred_4,4
103352,3,-0.08824148029088974,Q3_pred_3,3
366368,3,-0.10278887301683426,Q3_pred_3,3
11570,3,0.03424150496721268,Q5_pred_5,5
68,3,-0.16285347938537598,Q2_pred_2,2
170585,4,-0.1752176433801651,Q2_pred_2,2
246103,3,-0.30432623624801636,Q1_pred_1,1
247931,4,-0.12613695859909058,Q3_pred_3,3
96607,4,-0.1730901449918747,Q2_pred_2,2
29178,4,-0.16606001555919647,Q2_pred_2,2
30045,4,-0.10293078422546387,Q3_pred_3,3
271409,4,-0.07220286130905151,Q4_pred_4,4
74318,3,-0.11702752113342285,Q3_pred_3,3
146090,3,-0.058951422572135925,Q4_pred_4,4
86655,3,-0.055226027965545654,Q4_pred_4,4
222199,3,-0.10387742519378662,Q3_pred_3,3
1042,4,0.026253163814544678,Q5_pred_5,5
236982,3,-0.08801709115505219,Q3_pred_3,3
237675,3,-0.13202880322933197,Q2_pred_2,2
105878,3,-0.16925758123397827,Q2_pred_2,2
367493,4,-0.05995103716850281,Q4_pred_4,4
8060,3,-0.004785522818565369,Q5_pred_5,5
348886,3,-0.024846389889717102,Q4_pred_4,4
80203,4,-0.16788500547409058,Q2_pred_2,2
373222,4,-0.0428893119096756,Q4_pred_4,4
425403,3,-0.279482364654541,Q1_pred_1,1
156800,2,-0.26769301295280457,Q1_pred_1,1
108908,3,-0.14131876826286316,Q2_pred_2,2
118860,4,-0.09822971373796463,Q3_pred_3,3
235126,4,-0.1022423729300499,Q3_pred_3,3
72011,3,-0.28291046619415283,Q1_pred_1,1
117124,3,-0.23548687994480133,Q1_pred_1,1
371972,4,-0.08455958962440491,Q3_pred_3,3
116750,3,-0.16438953578472137,Q2_pred_2,2
369904,3,-0.06548095494508743,Q4_pred_4,4
236677,3,-0.31261205673217773,Q1_pred_1,1
67639,2,0.08557340502738953,Q5_pred_5,5
28825,4,-0.12989960610866547,Q3_pred_3,3
55456,3,-0.08269967883825302,Q3_pred_3,3
40909,3,-0.19038571417331696,Q2_pred_2,2
57510,3,-0.22028931975364685,Q1_pred_1,1
41711,3,-0.17048054933547974,Q2_pred_2,2
97646,3,-0.0856495276093483,Q3_pred_3,3
116955,3,-0.19112269580364227,Q2_pred_2,2
82308,3,-0.006380729377269745,Q5_pred_5,5
86466,4,-0.3775472939014435,Q1_pred_1,1
357476,4,-0.0438726469874382,Q4_pred_4,4
418784,3,-0.29605549573898315,Q1_pred_1,1
400867,3,-0.03445884585380554,Q4_pred_4,4
266192,3,0.16866406798362732,Q5_pred_5,5
236429,4,0.008077263832092285,Q5_pred_5,5
136540,4,-0.09431509673595428,Q3_pred_3,3
83530,3,-0.17340748012065887,Q2_pred_2,2
362916,4,-0.20755691826343536,Q1_pred_1,1
167689,4,-0.14214754104614258,Q2_pred_2,2
158746,4,0.2060093879699707,Q5_pred_5,5
187130,3,-0.42611122131347656,Q1_pred_1,1
35256,3,0.03249293565750122,Q5_pred_5,5
373366,3,-0.11331212520599365,Q3_pred_3,3
27926,3,0.13755270838737488,Q5_pred_5,5
114254,3,-0.19384783506393433,Q2_pred_2,2
261597,3,-0.03678712248802185,Q4_pred_4,4
219473,3,-0.155750572681427,Q2_pred_2,2
348878,3,-0.046561792492866516,Q4_pred_4,4
72860,3,-0.06851005554199219,Q4_pred_4,4
199491,3,-0.08124341815710068,Q3_pred_3,3
91404,3,-0.009424902498722076,Q4_pred_4,4
494480,4,-0.0702928751707077,Q4_pred_4,4
154326,3,-0.1527252197265625,Q2_pred_2,2
35444,2,-0.25543612241744995,Q1_pred_1,1
142703,4,-0.04319499433040619,Q4_pred_4,4
91450,3,-0.17622199654579163,Q2_pred_2,2
173192,4,-0.049764156341552734,Q4_pred_4,4
127119,4,0.043133676052093506,Q5_pred_5,5
187090,4,-0.15731896460056305,Q2_pred_2,2
104177,3,-0.08623593300580978,Q3_pred_3,3
56945,3,0.13172903656959534,Q5_pred_5,5
217804,3,0.05110684037208557,Q5_pred_5,5
31824,3,-0.0692804604768753,Q4_pred_4,4
200843,3,-0.12950929999351501,Q3_pred_3,3
2717,3,-0.05219237878918648,Q4_pred_4,4
3010,3,0.24708496034145355,Q5_pred_5,5
339638,3,-0.08027353137731552,Q3_pred_3,3
262862,3,-0.24666643142700195,Q1_pred_1,1
38279,3,-0.25141334533691406,Q1_pred_1,1
110584,3,-0.1555507779121399,Q2_pred_2,2
239594,3,-0.1107122004032135,Q3_pred_3,3
201021,3,-0.19626151025295258,Q2_pred_2,2
198263,3,-0.032630790024995804,Q4_pred_4,4
76607,3,-0.21648575365543365,Q1_pred_1,1
121065,3,-0.11192336678504944,Q3_pred_3,3
166325,3,0.06571723520755768,Q5_pred_5,5
137419,4,-0.13271260261535645,Q2_pred_2,2
154790,3,-0.06052224338054657,Q4_pred_4,4
74323,3,-0.31549328565597534,Q1_pred_1,1
153734,4,-0.07188090682029724,Q4_pred_4,4
161252,2,-0.18078584969043732,Q2_pred_2,2
13206,3,-0.19057416915893555,Q2_pred_2,2
351324,5,-0.027240335941314697,Q4_pred_4,4
165830,3,-0.27890998125076294,Q1_pred_1,1
5560,4,0.20104795694351196,Q5_pred_5,5
418406,3,-0.1844785511493683,Q2_pred_2,2
160567,3,-0.06962813436985016,Q4_pred_4,4
165614,3,-0.045200422406196594,Q4_pred_4,4
87656,2,-0.25934529304504395,Q1_pred_1,1
374182,4,-0.142425075173378,Q2_pred_2,2
202304,3,-0.17405810952186584,Q2_pred_2,2
24102,3,-0.12498562037944794,Q3_pred_3,3
86748,4,-0.20333132147789001,Q1_pred_1,1
10482,3,-0.11603793501853943,Q3_pred_3,3
216810,4,-0.029125630855560303,Q4_pred_4,4
91438,4,-0.17984861135482788,Q2_pred_2,2
157260,3,-0.2663363814353943,Q1_pred_1,1
62966,3,-0.20239101350307465,Q1_pred_1,1
38614,3,-0.10272854566574097,Q3_pred_3,3
239391,3,-0.22619476914405823,Q1_pred_1,1
32225,4,-0.09442636370658875,Q3_pred_3,3
44266,4,-0.12308039516210556,Q3_pred_3,3
107437,3,0.06615814566612244,Q5_pred_5,5
41302,3,-0.2806525230407715,Q1_pred_1,1
164770,4,-0.18253964185714722,Q2_pred_2,2
50508,4,-0.18223720788955688,Q2_pred_2,2
109404,3,-0.20769624412059784,Q1_pred_1,1
88573,4,0.09033876657485962,Q5_pred_5,5
106460,4,-0.014358177781105042,Q4_pred_4,4
188754,4,-0.1461046040058136,Q2_pred_2,2
100457,3,-0.12072737514972687,Q3_pred_3,3
302511,4,-0.038196317851543427,Q4_pred_4,4
194685,4,-0.09309861809015274,Q3_pred_3,3
140653,3,-0.014226891100406647,Q4_pred_4,4
389601,3,-0.05668523907661438,Q4_pred_4,4
166260,3,-0.08849912881851196,Q3_pred_3,3
196069,4,-0.15861690044403076,Q2_pred_2,2
357323,4,-0.01140680257230997,Q4_pred_4,4
247130,4,-0.12159005552530289,Q3_pred_3,3
75060,4,-0.08452951908111572,Q3_pred_3,3
178423,3,0.10901668667793274,Q5_pred_5,5
270737,3,-0.026243597269058228,Q4_pred_4,4
407010,4,-0.039594680070877075,Q4_pred_4,4
186757,3,-0.06372880190610886,Q4_pred_4,4
203473,3,0.054818302392959595,Q5_pred_5,5
255319,3,-0.14969423413276672,Q2_pred_2,2
153871,3,-0.2014789581298828,Q1_pred_1,1
127511,3,-0.04874604940414429,Q4_pred_4,4
343935,4,-0.1900281310081482,Q2_pred_2,2
84100,4,-0.129570871591568,Q3_pred_3,3
371619,4,0.0705314427614212,Q5_pred_5,5
165048,4,0.02845907211303711,Q5_pred_5,5
232257,4,-0.07839400321245193,Q3_pred_3,3
37224,4,-0.3281368315219879,Q1_pred_1,1
152448,3,0.10823264718055725,Q5_pred_5,5
414469,4,0.009391486644744873,Q5_pred_5,5
64096,4,-0.05417556315660477,Q4_pred_4,4
126392,3,-0.14045067131519318,Q2_pred_2,2
185142,4,-0.08845473825931549,Q3_pred_3,3
428995,3,-0.1150132492184639,Q3_pred_3,3
339935,5,0.007140427827835083,Q5_pred_5,5
420830,4,-0.10566592961549759,Q3_pred_3,3
345465,5,-0.02731768786907196,Q4_pred_4,4
272192,3,0.11370670795440674,Q5_pred_5,5
126535,4,0.07139948010444641,Q5_pred_5,5
168561,4,-0.08707896620035172,Q3_pred_3,3
263076,4,0.0900048017501831,Q5_pred_5,5
139333,4,-0.1950749158859253,Q2_pred_2,2
106437,4,0.06694449484348297,Q5_pred_5,5
33564,4,-0.17355167865753174,Q2_pred_2,2
95776,4,0.02902284264564514,Q5_pred_5,5
350439,4,-0.21282604336738586,Q1_pred_1,1
50246,3,-0.34606513381004333,Q1_pred_1,1
179874,3,-0.13631144165992737,Q2_pred_2,2
86406,4,-0.17990642786026,Q2_pred_2,2
343991,2,-0.103180892765522,Q3_pred_3,3
137904,4,0.16493618488311768,Q5_pred_5,5
156766,5,-0.19685959815979004,Q2_pred_2,2
147163,4,-0.11075196415185928,Q3_pred_3,3
236537,5,0.14162170886993408,Q5_pred_5,5
86435,4,-0.16041862964630127,Q2_pred_2,2
86477,4,-0.09052027761936188,Q3_pred_3,3
107716,4,0.013849973678588867,Q5_pred_5,5
241549,2,-0.21644383668899536,Q1_pred_1,1
386608,4,-0.14920644462108612,Q2_pred_2,2
382998,2,-0.0765298381447792,Q3_pred_3,3
35964,3,-0.1370791494846344,Q2_pred_2,2
19151,3,-0.11892937123775482,Q3_pred_3,3
236576,5,0.15835842490196228,Q5_pred_5,5
236613,2,-0.17624108493328094,Q2_pred_2,2
332846,4,-0.05338442325592041,Q4_pred_4,4
351479,4,0.10599426180124283,Q5_pred_5,5
144339,4,-0.005825400352478027,Q5_pred_5,5
93889,4,-0.00909830629825592,Q4_pred_4,4
196092,2,-0.1545630395412445,Q2_pred_2,2
179990,2,-0.18331307172775269,Q2_pred_2,2
39517,4,0.05694983899593353,Q5_pred_5,5
362333,2,-0.0889381691813469,Q3_pred_3,3
196064,4,-0.20792199671268463,Q1_pred_1,1
169803,4,-0.09843868017196655,Q3_pred_3,3
4998,1,-0.014539763331413269,Q4_pred_4,4
62333,4,-0.05587935447692871,Q4_pred_4,4
200809,3,-0.4396648705005646,Q1_pred_1,1
263079,3,-0.1252780556678772,Q3_pred_3,3
48085,3,-0.21068914234638214,Q1_pred_1,1
237351,2,-0.15203092992305756,Q2_pred_2,2
156770,3,-0.3114630877971649,Q1_pred_1,1
86445,4,-0.20003530383110046,Q1_pred_1,1
86676,4,-0.06988078355789185,Q4_pred_4,4
44123,3,0.008945226669311523,Q5_pred_5,5
151751,2,0.05149070918560028,Q5_pred_5,5
427573,3,-0.16025491058826447,Q2_pred_2,2
95797,4,-0.07167355716228485,Q4_pred_4,4
408162,3,-0.1577456146478653,Q2_pred_2,2
50200,4,-0.04143500328063965,Q4_pred_4,4
235053,4,-0.11777526140213013,Q3_pred_3,3
341568,3,-0.18733984231948853,Q2_pred_2,2
176132,4,0.050331734120845795,Q5_pred_5,5
218055,4,0.15071521699428558,Q5_pred_5,5
241550,2,-0.1341671645641327,Q2_pred_2,2
28209,3,-0.13326802849769592,Q2_pred_2,2
262978,3,-0.13681679964065552,Q2_pred_2,2
236562,4,0.06743404269218445,Q5_pred_5,5
144330,4,0.010840639472007751,Q5_pred_5,5
108885,4,-0.08364449441432953,Q3_pred_3,3
324894,4,-0.11979923397302628,Q3_pred_3,3
57814,2,-0.1916542798280716,Q2_pred_2,2
95799,4,-0.053258806467056274,Q4_pred_4,4
156795,4,-0.2806440591812134,Q1_pred_1,1
236579,4,-0.04294133186340332,Q4_pred_4,4
137122,2,0.09973558783531189,Q5_pred_5,5
320234,3,-0.16124683618545532,Q2_pred_2,2
166134,3,-0.20348674058914185,Q1_pred_1,1
29544,1,-0.12634827196598053,Q3_pred_3,3
215937,3,0.007382690906524658,Q5_pred_5,5
16348,3,-0.10863132029771805,Q3_pred_3,3
50656,3,-0.14959879219532013,Q2_pred_2,2
236561,4,0.056815922260284424,Q5_pred_5,5
50280,3,-0.02234131097793579,Q4_pred_4,4
244332,4,-0.2481786608695984,Q1_pred_1,1
86405,4,-0.03907483071088791,Q4_pred_4,4
156764,4,-0.20143693685531616,Q1_pred_1,1
274980,4,-0.07696343958377838,Q3_pred_3,3
117127,4,0.10376118123531342,Q5_pred_5,5
156825,4,-0.29504746198654175,Q1_pred_1,1
61751,4,0.06216821074485779,Q5_pred_5,5
113648,3,0.021741941571235657,Q5_pred_5,5
243642,2,-0.06550108641386032,Q4_pred_4,4
61058,4,-0.22674500942230225,Q1_pred_1,1
179993,3,-0.20828068256378174,Q1_pred_1,1
190033,3,-0.09422124922275543,Q3_pred_3,3
118116,3,-0.08127811551094055,Q3_pred_3,3
89337,4,0.012674614787101746,Q5_pred_5,5
124834,2,-0.19749152660369873,Q2_pred_2,2
108922,2,-0.19715048372745514,Q2_pred_2,2
152418,4,-0.01903766393661499,Q4_pred_4,4
277553,4,-0.16303317248821259,Q2_pred_2,2
256880,4,0.030689336359500885,Q5_pred_5,5
114362,3,-0.23959903419017792,Q1_pred_1,1
168698,3,-0.03869238495826721,Q4_pred_4,4
71560,3,-0.09080880880355835,Q3_pred_3,3
222597,4,0.1258113980293274,Q5_pred_5,5
331907,4,-0.02253955602645874,Q4_pred_4,4
240760,3,-0.038980960845947266,Q4_pred_4,4
428784,4,-0.06302209198474884,Q4_pred_4,4
350714,3,-0.11567597836256027,Q3_pred_3,3
132749,3,-0.19829577207565308,Q1_pred_1,1
156700,4,-0.26587748527526855,Q1_pred_1,1
92946,4,-0.0019096732139587402,Q5_pred_5,5
132817,3,-0.2096097767353058,Q1_pred_1,1
114134,3,-0.1363847851753235,Q2_pred_2,2
156735,3,-0.30669307708740234,Q1_pred_1,1
61724,4,0.056445129215717316,Q5_pred_5,5
50165,3,-0.216347336769104,Q1_pred_1,1
123813,4,0.16711097955703735,Q5_pred_5,5
44263,4,-0.09173264354467392,Q3_pred_3,3
191392,3,-0.09061494469642639,Q3_pred_3,3
145780,3,-0.06218644976615906,Q4_pred_4,4
109907,4,-0.22849023342132568,Q1_pred_1,1
197122,3,-0.10033777356147766,Q3_pred_3,3
115073,4,0.030208006501197815,Q5_pred_5,5
191733,3,-0.11867689341306686,Q3_pred_3,3
275798,4,0.05831354111433029,Q5_pred_5,5
343940,4,-0.12215115129947662,Q3_pred_3,3
114128,3,-0.19063861668109894,Q2_pred_2,2
92363,4,-0.13513608276844025,Q2_pred_2,2
156724,3,-0.2632944583892822,Q1_pred_1,1
369419,3,0.028359368443489075,Q5_pred_5,5
144329,3,-0.09185802936553955,Q3_pred_3,3
47929,4,0.021148592233657837,Q5_pred_5,5
109745,4,0.21103283762931824,Q5_pred_5,5
62947,3,-0.08764626085758209,Q3_pred_3,3
60163,3,-0.20046080648899078,Q1_pred_1,1
115559,3,0.14379854500293732,Q5_pred_5,5
62378,3,-0.012144237756729126,Q4_pred_4,4
99875,4,0.09435945749282837,Q5_pred_5,5
58511,4,-0.23574931919574738,Q1_pred_1,1
80836,3,-0.016012758016586304,Q4_pred_4,4
26938,4,-0.13730962574481964,Q2_pred_2,2
92935,4,-0.0443466454744339,Q4_pred_4,4
276469,3,0.001709073781967163,Q5_pred_5,5
3813,4,0.15260127186775208,Q5_pred_5,5
59612,4,-0.00644269585609436,Q4_pred_4,4
99966,3,-0.0694899633526802,Q4_pred_4,4
114425,3,0.002029523253440857,Q5_pred_5,5
96937,3,0.1997307538986206,Q5_pred_5,5
10130,4,-0.15143108367919922,Q2_pred_2,2
408642,4,-0.2565397620201111,Q1_pred_1,1
124540,4,-0.20565195381641388,Q1_pred_1,1
124812,3,-0.2944146692752838,Q1_pred_1,1
156712,3,-0.21450787782669067,Q1_pred_1,1
41714,3,-0.25702404975891113,Q1_pred_1,1
353104,4,-0.09416231513023376,Q3_pred_3,3
336787,3,-0.04924474656581879,Q4_pred_4,4
61730,4,-0.02219165861606598,Q4_pred_4,4
63805,3,-0.19110658764839172,Q2_pred_2,2
45907,3,-0.16458989679813385,Q2_pred_2,2
50265,3,-0.26801782846450806,Q1_pred_1,1
61504,3,-0.2095523476600647,Q1_pred_1,1
343954,2,-0.12036053091287613,Q3_pred_3,3
86430,3,-0.2834177315235138,Q1_pred_1,1
4059,3,-0.15889707207679749,Q2_pred_2,2
106885,4,-0.053758323192596436,Q4_pred_4,4
107746,3,-0.3286527395248413,Q1_pred_1,1
201706,3,0.0032071247696876526,Q5_pred_5,5
236424,2,-0.343400776386261,Q1_pred_1,1
54485,3,-0.23630672693252563,Q1_pred_1,1
250550,3,-0.3487950563430786,Q1_pred_1,1
341756,4,-0.06286655366420746,Q4_pred_4,4
45112,4,-0.17667020857334137,Q2_pred_2,2
114102,3,-0.15741366147994995,Q2_pred_2,2
16431,3,-0.021313130855560303,Q4_pred_4,4
74794,4,-0.0403718426823616,Q4_pred_4,4
316438,3,-0.09399671107530594,Q3_pred_3,3
71600,4,-0.025818482041358948,Q4_pred_4,4
242240,3,-0.16944465041160583,Q2_pred_2,2
92968,4,-0.017132312059402466,Q4_pred_4,4
348142,3,-0.17191742360591888,Q2_pred_2,2
365704,3,-0.0940593034029007,Q3_pred_3,3
168560,3,0.00975286029279232,Q5_pred_5,5
114352,3,-0.14481894671916962,Q2_pred_2,2
388857,4,0.15193045139312744,Q5_pred_5,5
67740,4,-0.05222247540950775,Q4_pred_4,4
91020,4,0.08549493551254272,Q5_pred_5,5
268795,3,-0.1369420737028122,Q2_pred_2,2
109859,4,-0.10574474930763245,Q3_pred_3,3
235101,3,-0.15740323066711426,Q2_pred_2,2
404802,3,-0.1421043872833252,Q2_pred_2,2
15449,3,-0.05450114607810974,Q4_pred_4,4
86451,1,-0.09386913478374481,Q3_pred_3,3
89286,3,-0.18045763671398163,Q2_pred_2,2
147110,3,-0.13855108618736267,Q2_pred_2,2
11356,3,-0.119679294526577,Q3_pred_3,3
125717,4,-0.06543698161840439,Q4_pred_4,4
131265,3,-0.13325756788253784,Q2_pred_2,2
107808,4,0.1216290295124054,Q5_pred_5,5
241539,3,-0.13599413633346558,Q2_pred_2,2
236599,2,-0.26458287239074707,Q1_pred_1,1
83484,3,0.013904392719268799,Q5_pred_5,5
340049,3,-0.22815191745758057,Q1_pred_1,1
336403,4,-0.060591310262680054,Q4_pred_4,4
114162,3,-0.1981886476278305,Q1_pred_1,1
398058,3,-0.14115406572818756,Q2_pred_2,2
58826,3,-0.054831817746162415,Q4_pred_4,4
36402,3,-0.28808829188346863,Q1_pred_1,1
61773,4,-0.01531072985380888,Q4_pred_4,4
236654,4,-0.10966020077466965,Q3_pred_3,3
30025,4,-0.11268778145313263,Q3_pred_3,3
16201,4,-0.1910485178232193,Q2_pred_2,2
131266,3,-0.26081886887550354,Q1_pred_1,1
31569,3,0.06881985068321228,Q5_pred_5,5
268870,4,0.03600356727838516,Q5_pred_5,5
236345,4,-0.1392291635274887,Q2_pred_2,2
156774,4,-0.3150915503501892,Q1_pred_1,1
236501,3,-0.1362200230360031,Q2_pred_2,2
156798,3,-0.21911656856536865,Q1_pred_1,1
106449,4,0.037530288100242615,Q5_pred_5,5
31532,3,-0.03887224197387695,Q4_pred_4,4
117606,3,0.02898738533258438,Q5_pred_5,5
50173,3,-0.2755224108695984,Q1_pred_1,1
76258,3,0.00783538818359375,Q5_pred_5,5
113169,4,0.1633874773979187,Q5_pred_5,5
104038,3,-0.16441550850868225,Q2_pred_2,2
169760,4,0.13343973457813263,Q5_pred_5,5
383237,4,-0.1747453659772873,Q2_pred_2,2
92963,4,-0.043912291526794434,Q4_pred_4,4
331024,3,0.1229674220085144,Q5_pred_5,5
333404,3,0.029027923941612244,Q5_pred_5,5
18448,4,-0.12298572808504105,Q3_pred_3,3
236786,4,0.17699488997459412,Q5_pred_5,5
92377,4,-0.010714832693338394,Q4_pred_4,4
50255,2,-0.2636491060256958,Q1_pred_1,1
62602,3,-0.080329030752182,Q3_pred_3,3
93920,3,-0.09662826359272003,Q3_pred_3,3
211022,3,-0.16878557205200195,Q2_pred_2,2
114169,3,-0.13848525285720825,Q2_pred_2,2
241526,4,-0.1419159471988678,Q2_pred_2,2
120757,3,-0.23600363731384277,Q1_pred_1,1
236428,3,-0.06909184157848358,Q4_pred_4,4
66333,3,-0.14047834277153015,Q2_pred_2,2
61723,4,0.022096097469329834,Q5_pred_5,5
146926,4,-0.03612612187862396,Q4_pred_4,4
235042,4,-0.058616623282432556,Q4_pred_4,4
103028,3,-0.17095236480236053,Q2_pred_2,2
92368,4,-0.1637263000011444,Q2_pred_2,2
82800,2,0.027979493141174316,Q5_pred_5,5
345836,4,0.055620163679122925,Q5_pred_5,5
162762,3,-0.10772281885147095,Q3_pred_3,3
43362,3,0.08704495429992676,Q5_pred_5,5
343094,3,0.08367498219013214,Q5_pred_5,5
101319,3,-0.2655482292175293,Q1_pred_1,1
328049,4,-0.16728752851486206,Q2_pred_2,2
97829,4,-0.031235411763191223,Q4_pred_4,4
213291,4,-0.07685675472021103,Q3_pred_3,3
241512,4,-0.10579634457826614,Q3_pred_3,3
92923,4,-0.019489973783493042,Q4_pred_4,4
332303,3,0.07967811822891235,Q5_pred_5,5
340173,3,-0.0796482264995575,Q3_pred_3,3
114086,3,-0.11348837614059448,Q3_pred_3,3
275012,3,-0.0418819785118103,Q4_pred_4,4
236489,4,0.0836634486913681,Q5_pred_5,5
62479,4,0.19029060006141663,Q5_pred_5,5
69340,3,-0.15254658460617065,Q2_pred_2,2
30040,3,-0.17552626132965088,Q2_pred_2,2
147096,4,0.005551092326641083,Q5_pred_5,5
24969,4,-0.10118572413921356,Q3_pred_3,3
156823,2,-0.23280373215675354,Q1_pred_1,1
104714,4,0.10848334431648254,Q5_pred_5,5
92382,4,-0.12154354900121689,Q3_pred_3,3
114088,3,-0.13143742084503174,Q2_pred_2,2
82386,4,-0.17161668837070465,Q2_pred_2,2
48083,3,-0.14193034172058105,Q2_pred_2,2
156809,4,-0.23609882593154907,Q1_pred_1,1
161340,4,-0.09678700566291809,Q3_pred_3,3
253587,4,-0.11722423136234283,Q3_pred_3,3
244500,4,-0.1577639877796173,Q2_pred_2,2
214504,4,-0.21970795094966888,Q1_pred_1,1
115566,3,-0.16723130643367767,Q2_pred_2,2
115611,3,0.02778172492980957,Q5_pred_5,5
165492,3,-0.11259488761425018,Q3_pred_3,3
234247,3,-0.08642362058162689,Q3_pred_3,3
114133,3,-0.1500837653875351,Q2_pred_2,2
161611,3,-0.13089299201965332,Q2_pred_2,2
191732,3,-0.10399153083562851,Q3_pred_3,3
36400,4,-0.1382567435503006,Q2_pred_2,2
93886,4,0.02178877592086792,Q5_pred_5,5
97344,4,0.05266672372817993,Q5_pred_5,5
277598,3,-0.08101870119571686,Q3_pred_3,3
276869,3,-0.11713957786560059,Q3_pred_3,3
86424,4,-0.18779917061328888,Q2_pred_2,2
89318,4,-0.08361025154590607,Q3_pred_3,3
41741,3,-0.11481896042823792,Q3_pred_3,3
61745,4,0.04846452176570892,Q5_pred_5,5
120675,4,0.14538180828094482,Q5_pred_5,5
118707,4,-0.04361553490161896,Q4_pred_4,4
254386,3,-0.13185401260852814,Q2_pred_2,2
16672,4,-0.1045641154050827,Q3_pred_3,3
59512,3,-0.1783691644668579,Q2_pred_2,2
389518,3,-0.1470106542110443,Q2_pred_2,2
114457,3,-0.018075600266456604,Q4_pred_4,4
93865,3,0.05947566032409668,Q5_pred_5,5
72884,4,-0.10093308985233307,Q3_pred_3,3
242904,4,-0.10183525830507278,Q3_pred_3,3
62781,3,-0.20865273475646973,Q1_pred_1,1
344025,4,-0.16367922723293304,Q2_pred_2,2
236481,4,0.0979393869638443,Q5_pred_5,5
107727,1,-0.09917077422142029,Q3_pred_3,3
182017,4,-0.24457724392414093,Q1_pred_1,1
432874,2,-0.07127504050731659,Q4_pred_4,4
92405,4,-0.13234175741672516,Q2_pred_2,2
66147,4,-0.24655663967132568,Q1_pred_1,1
416545,3,-0.23643696308135986,Q1_pred_1,1
242687,4,-0.13824564218521118,Q2_pred_2,2
402642,3,0.11265704035758972,Q5_pred_5,5
110424,2,-0.10610753297805786,Q3_pred_3,3
17944,2,-0.12646642327308655,Q3_pred_3,3
385854,4,-0.21497900784015656,Q1_pred_1,1
120663,3,0.191278338432312,Q5_pred_5,5
33654,4,-0.05098217725753784,Q4_pred_4,4
80638,4,-0.05652350187301636,Q4_pred_4,4
241571,4,-0.057774245738983154,Q4_pred_4,4
43865,4,-0.02693454921245575,Q4_pred_4,4
241583,4,-0.12274722009897232,Q3_pred_3,3
115234,3,-0.17530831694602966,Q2_pred_2,2
377264,4,-0.05277663841843605,Q4_pred_4,4
349387,3,-0.39173275232315063,Q1_pred_1,1
82361,3,-0.2595573961734772,Q1_pred_1,1
102102,3,-0.20026233792304993,Q1_pred_1,1
18451,1,-0.20710033178329468,Q1_pred_1,1
124886,4,0.048999130725860596,Q5_pred_5,5
114132,3,-0.16787776350975037,Q2_pred_2,2
408447,3,-0.0020784735679626465,Q5_pred_5,5
343964,2,-0.07260416448116302,Q4_pred_4,4
344076,2,-0.1711234450340271,Q2_pred_2,2
39862,4,-0.08874136954545975,Q3_pred_3,3
89320,4,-0.06149381399154663,Q4_pred_4,4
114359,3,-0.17734599113464355,Q2_pred_2,2
147138,3,0.01805686205625534,Q5_pred_5,5
414063,4,-0.1474892795085907,Q2_pred_2,2
7557,2,-0.1772996038198471,Q2_pred_2,2
125578,3,0.004941396415233612,Q5_pred_5,5
58998,2,-0.35226237773895264,Q1_pred_1,1
67644,4,0.06672871112823486,Q5_pred_5,5
371385,4,-0.14538748562335968,Q2_pred_2,2
189413,4,0.07213544845581055,Q5_pred_5,5
325460,3,-0.19080039858818054,Q2_pred_2,2
26926,4,-0.180673748254776,Q2_pred_2,2
114075,4,-0.07337599247694016,Q3_pred_3,3
236355,4,0.009519800543785095,Q5_pred_5,5
79627,3,-0.010348290205001831,Q4_pred_4,4
24311,3,0.004619613289833069,Q5_pred_5,5
236511,4,0.04843064397573471,Q5_pred_5,5
196072,3,-0.06501583755016327,Q4_pred_4,4
41980,3,-0.1618761420249939,Q2_pred_2,2
23725,3,-0.009760409593582153,Q4_pred_4,4
187762,4,0.04392407834529877,Q5_pred_5,5
433701,4,0.07515209913253784,Q5_pred_5,5
43818,3,-0.08183318376541138,Q3_pred_3,3
69877,4,-0.14756835997104645,Q2_pred_2,2
41601,3,0.033263787627220154,Q5_pred_5,5
397299,3,-0.010299384593963623,Q4_pred_4,4
236580,3,-0.0019454136490821838,Q5_pred_5,5
137946,3,0.19264180958271027,Q5_pred_5,5
147114,4,-0.07384810596704483,Q3_pred_3,3
400742,3,-0.059561923146247864,Q4_pred_4,4
70,2,-0.27988725900650024,Q1_pred_1,1
137910,4,0.12297157943248749,Q5_pred_5,5
50277,3,-0.30444344878196716,Q1_pred_1,1
318828,4,-0.10491251945495605,Q3_pred_3,3
114419,4,0.12864169478416443,Q5_pred_5,5
114368,3,-0.19049397110939026,Q2_pred_2,2
328046,4,-0.09753935039043427,Q3_pred_3,3
393469,3,-0.12095367908477783,Q3_pred_3,3
381944,4,-0.13936638832092285,Q2_pred_2,2
10102,3,-0.1998450756072998,Q1_pred_1,1
107712,3,-0.3419815003871918,Q1_pred_1,1
120754,2,-0.2831452190876007,Q1_pred_1,1
179870,3,-0.19809165596961975,Q2_pred_2,2
236648,3,-0.06715218722820282,Q4_pred_4,4
416537,3,-0.03817816078662872,Q4_pred_4,4
60778,3,-0.08357328176498413,Q3_pred_3,3
36939,3,-0.14031139016151428,Q2_pred_2,2
94750,3,0.06321798264980316,Q5_pred_5,5
112984,3,-0.12359270453453064,Q3_pred_3,3
222672,3,-0.14959655702114105,Q2_pred_2,2
17486,3,0.0670037567615509,Q5_pred_5,5
80210,4,-0.058168888092041016,Q4_pred_4,4
10121,4,-0.0651094913482666,Q4_pred_4,4
109618,4,-0.19395610690116882,Q2_pred_2,2
79598,4,-0.1543251872062683,Q2_pred_2,2
86431,1,-0.2775040566921234,Q1_pred_1,1
319347,4,-0.026211868971586227,Q4_pred_4,4
333268,3,-0.05948660522699356,Q4_pred_4,4
9661,3,-0.11530978977680206,Q3_pred_3,3
407459,3,-0.1092168390750885,Q3_pred_3,3
156709,2,-0.2093290388584137,Q1_pred_1,1
84718,2,0.11434142291545868,Q5_pred_5,5
398001,3,-0.07265591621398926,Q4_pred_4,4
83100,4,0.08328688144683838,Q5_pred_5,5
112342,3,-0.28276926279067993,Q1_pred_1,1
109856,4,-0.11054517328739166,Q3_pred_3,3
101851,3,-0.23401176929473877,Q1_pred_1,1
95775,4,0.027205437421798706,Q5_pred_5,5
81942,4,0.13169002532958984,Q5_pred_5,5
10108,1,-0.16488978266716003,Q2_pred_2,2
239586,4,-0.21475690603256226,Q1_pred_1,1
236578,2,-0.2627659738063812,Q1_pred_1,1
266431,1,-0.22608806192874908,Q1_pred_1,1
147097,3,-0.022442474961280823,Q4_pred_4,4
182874,3,-0.11022604256868362,Q3_pred_3,3
241574,4,-0.09970010817050934,Q3_pred_3,3
93363,4,-0.19343100488185883,Q2_pred_2,2
156758,3,-0.3088986277580261,Q1_pred_1,1
241476,4,-0.1079559475183487,Q3_pred_3,3
236337,1,-0.22914470732212067,Q1_pred_1,1
236423,4,-0.013679593801498413,Q4_pred_4,4
371153,4,-0.1575203686952591,Q2_pred_2,2
95800,4,0.010120123624801636,Q5_pred_5,5
277597,4,-0.14982372522354126,Q2_pred_2,2
89300,4,-0.08678578585386276,Q3_pred_3,3
72881,4,-0.03877091407775879,Q4_pred_4,4
343965,3,-0.21002809703350067,Q1_pred_1,1
31347,3,0.02772727608680725,Q5_pred_5,5
24310,3,-0.03848998248577118,Q4_pred_4,4
379969,2,-0.01862773299217224,Q4_pred_4,4
362739,2,-0.28102365136146545,Q1_pred_1,1
236626,4,-0.11198815703392029,Q3_pred_3,3
114095,4,-0.10708919167518616,Q3_pred_3,3
72842,4,-0.11919106543064117,Q3_pred_3,3
80663,4,0.06989234685897827,Q5_pred_5,5
245522,3,-0.0920770913362503,Q3_pred_3,3
316869,2,-0.36339855194091797,Q1_pred_1,1
167087,2,0.008830606937408447,Q5_pred_5,5
261588,2,-0.005428388714790344,Q5_pred_5,5
10135,1,-0.23594346642494202,Q1_pred_1,1
49520,4,-0.1898675560951233,Q2_pred_2,2
60780,4,-0.15266235172748566,Q2_pred_2,2
337102,1,-0.03706623613834381,Q4_pred_4,4
93894,3,0.024738522246479988,Q5_pred_5,5
31649,2,-0.004356667399406433,Q5_pred_5,5
153056,2,-0.1577076017856598,Q2_pred_2,2
234034,4,0.018085569143295288,Q5_pred_5,5
241551,3,-0.08022801578044891,Q3_pred_3,3
34382,3,-0.009710296988487244,Q4_pred_4,4
86953,3,0.0620548278093338,Q5_pred_5,5
107718,1,-0.07624369859695435,Q3_pred_3,3
115562,3,0.14966446161270142,Q5_pred_5,5
50328,2,-0.2769694924354553,Q1_pred_1,1
32863,4,-0.16325968503952026,Q2_pred_2,2
351424,3,-0.15085166692733765,Q2_pred_2,2
194460,4,-0.16005414724349976,Q2_pred_2,2
95281,4,0.004776984453201294,Q5_pred_5,5
344051,3,0.008258894085884094,Q5_pred_5,5
9669,2,-0.08164870738983154,Q3_pred_3,3
89296,4,-0.10374047607183456,Q3_pred_3,3
106845,4,-0.18202094733715057,Q2_pred_2,2
83190,2,-0.14261092245578766,Q2_pred_2,2
50175,3,-0.1850670576095581,Q2_pred_2,2
367824,3,-0.2328547239303589,Q1_pred_1,1
361225,4,-0.11073468625545502,Q3_pred_3,3
130703,3,0.04678168147802353,Q5_pred_5,5
50161,3,-0.2486880123615265,Q1_pred_1,1
168133,2,-0.09518024325370789,Q3_pred_3,3
237984,3,-0.08534964919090271,Q3_pred_3,3
156713,4,-0.22859884798526764,Q1_pred_1,1
217736,4,0.04226929694414139,Q5_pred_5,5
87772,3,-0.4045262634754181,Q1_pred_1,1
48087,2,-0.15584765374660492,Q2_pred_2,2
223273,3,0.19376501441001892,Q5_pred_5,5
23497,3,-0.11680415272712708,Q3_pred_3,3
234035,4,-0.033878445625305176,Q4_pred_4,4
102106,4,-0.10382062196731567,Q3_pred_3,3
196075,4,-0.0776156485080719,Q3_pred_3,3
164689,3,-0.17687153816223145,Q2_pred_2,2
61752,4,0.0036751441657543182,Q5_pred_5,5
56384,3,-0.07453182339668274,Q3_pred_3,3
99633,3,-0.1273815780878067,Q3_pred_3,3
141990,3,-0.27809545397758484,Q1_pred_1,1
333400,3,-0.06223803013563156,Q4_pred_4,4
39058,3,-0.22540061175823212,Q1_pred_1,1
152707,3,0.017090842127799988,Q5_pred_5,5
39894,3,-0.13923563063144684,Q2_pred_2,2
140845,3,-0.0013553798198699951,Q5_pred_5,5
157223,3,0.14864179491996765,Q5_pred_5,5
115523,3,0.06069730222225189,Q5_pred_5,5
131689,3,0.028261631727218628,Q5_pred_5,5
424866,3,0.0994085967540741,Q5_pred_5,5
196117,2,-0.06804907321929932,Q4_pred_4,4
156040,3,-0.40231698751449585,Q1_pred_1,1
91753,3,0.205111563205719,Q5_pred_5,5
66599,3,-0.25194308161735535,Q1_pred_1,1
143298,3,-0.19240784645080566,Q2_pred_2,2
133095,3,-0.05907462537288666,Q4_pred_4,4
62166,3,0.21737666428089142,Q5_pred_5,5
158435,4,0.17031483352184296,Q5_pred_5,5
45915,4,-0.024256348609924316,Q4_pred_4,4
84391,4,-0.019539490342140198,Q4_pred_4,4
193064,3,-0.19820410013198853,Q1_pred_1,1
127248,4,0.09086767584085464,Q5_pred_5,5
78491,4,0.07172814011573792,Q5_pred_5,5
257864,4,-0.10031837224960327,Q3_pred_3,3
75057,4,-0.06717481464147568,Q4_pred_4,4
191201,3,-0.3143709897994995,Q1_pred_1,1
33699,4,0.003426849842071533,Q5_pred_5,5
32867,4,-0.06600815057754517,Q4_pred_4,4
171117,4,-0.12234163284301758,Q3_pred_3,3
59444,4,-0.22054076194763184,Q1_pred_1,1
65993,3,-0.17846062779426575,Q2_pred_2,2
170599,4,0.04588508605957031,Q5_pred_5,5
329331,2,-0.1797352135181427,Q2_pred_2,2
59765,4,-0.010215044021606445,Q4_pred_4,4
78417,2,-0.025607049465179443,Q4_pred_4,4
149946,3,0.10697098076343536,Q5_pred_5,5
158627,3,-0.1732277274131775,Q2_pred_2,2
190699,3,-0.2542182207107544,Q1_pred_1,1
131980,3,-0.19421547651290894,Q2_pred_2,2
60773,3,-0.11137199401855469,Q3_pred_3,3
44476,2,0.17536339163780212,Q5_pred_5,5
243801,4,-0.13216125965118408,Q2_pred_2,2
86642,2,0.15920068323612213,Q5_pred_5,5
33700,3,0.035813108086586,Q5_pred_5,5
109743,3,0.1259332299232483,Q5_pred_5,5
25261,2,0.03901416063308716,Q5_pred_5,5
61660,2,-0.08602691441774368,Q3_pred_3,3
124686,3,-0.12526766955852509,Q3_pred_3,3
98655,3,-0.47615939378738403,Q1_pred_1,1
242231,4,-0.1936143934726715,Q2_pred_2,2
161996,3,-0.294282466173172,Q1_pred_1,1
108285,3,0.10183367133140564,Q5_pred_5,5
59963,3,-0.4728300869464874,Q1_pred_1,1
75056,4,-0.013210788369178772,Q4_pred_4,4
20693,3,-0.16986915469169617,Q2_pred_2,2
35548,3,-0.32309970259666443,Q1_pred_1,1
144333,3,-0.05171702802181244,Q4_pred_4,4
144328,3,-0.0403316468000412,Q4_pred_4,4
78003,4,0.1961999237537384,Q5_pred_5,5
172593,3,-0.19364017248153687,Q2_pred_2,2
262977,3,-0.10974976420402527,Q3_pred_3,3
191917,3,-0.20753318071365356,Q1_pred_1,1
35552,3,-0.12961024045944214,Q3_pred_3,3
25288,3,0.18002811074256897,Q5_pred_5,5
184416,4,-0.23100076615810394,Q1_pred_1,1
162578,3,-0.11007192730903625,Q3_pred_3,3
72839,4,-0.20288360118865967,Q1_pred_1,1
179601,3,-0.19640903174877167,Q2_pred_2,2
26098,3,-0.13070333003997803,Q2_pred_2,2
32868,4,-0.14605437219142914,Q2_pred_2,2
429422,4,-0.020468324422836304,Q4_pred_4,4
35556,3,-0.12250907719135284,Q3_pred_3,3
144326,3,-0.0018069148063659668,Q5_pred_5,5
191918,4,-0.20264658331871033,Q1_pred_1,1
94631,3,-0.393057644367218,Q1_pred_1,1
190697,4,0.016041800379753113,Q5_pred_5,5
371602,4,-0.08567920327186584,Q3_pred_3,3
397434,4,-0.12842786312103271,Q3_pred_3,3
196645,4,-0.14457866549491882,Q2_pred_2,2
165491,4,-0.10345418751239777,Q3_pred_3,3
180089,3,0.03761783242225647,Q5_pred_5,5
333418,4,0.021785199642181396,Q5_pred_5,5
171317,4,0.052863866090774536,Q5_pred_5,5
189518,3,-0.2289750874042511,Q1_pred_1,1
60792,4,-0.12802833318710327,Q3_pred_3,3
170584,4,0.08163128793239594,Q5_pred_5,5
372608,4,-0.055170707404613495,Q4_pred_4,4
148150,4,-0.15710723400115967,Q2_pred_2,2
75054,4,-0.05209696292877197,Q4_pred_4,4
340048,2,-0.015043236315250397,Q4_pred_4,4
119030,4,-0.17581459879875183,Q2_pred_2,2
118636,3,-0.05968677997589111,Q4_pred_4,4
262957,4,-0.05865669250488281,Q4_pred_4,4
32493,4,0.08128401637077332,Q5_pred_5,5
71462,4,-0.06576362252235413,Q4_pred_4,4
169944,4,-0.06865906715393066,Q4_pred_4,4
191924,3,-0.42993229627609253,Q1_pred_1,1
44681,2,-0.13300901651382446,Q2_pred_2,2
170587,4,0.10101419687271118,Q5_pred_5,5
25314,3,-0.03154441714286804,Q4_pred_4,4
189583,3,-0.08487682044506073,Q3_pred_3,3
42797,3,-0.13416671752929688,Q2_pred_2,2
154735,3,-0.18937109410762787,Q2_pred_2,2
58647,3,-0.10537536442279816,Q3_pred_3,3
239496,2,-0.2202453911304474,Q1_pred_1,1
60776,4,-0.11329828202724457,Q3_pred_3,3
44225,3,-0.14788223803043365,Q2_pred_2,2
24945,2,-0.05673375725746155,Q4_pred_4,4
221567,4,-0.039938777685165405,Q4_pred_4,4
237352,4,-0.22456857562065125,Q1_pred_1,1
133088,3,0.00873488187789917,Q5_pred_5,5
138016,3,-0.04525846242904663,Q4_pred_4,4
127288,3,-0.24848541617393494,Q1_pred_1,1
108355,2,-0.12285369634628296,Q3_pred_3,3
346684,4,-0.12155351042747498,Q3_pred_3,3
189831,4,-0.11820383369922638,Q3_pred_3,3
45910,3,-0.022359535098075867,Q4_pred_4,4
127309,2,0.03903809189796448,Q5_pred_5,5
45906,3,-0.13467887043952942,Q2_pred_2,2
102097,4,0.1983674168586731,Q5_pred_5,5
191911,4,-0.1465546190738678,Q2_pred_2,2
33314,3,-0.21077680587768555,Q1_pred_1,1
147692,2,0.05602821707725525,Q5_pred_5,5
32499,3,-0.1166536808013916,Q3_pred_3,3
144325,3,-0.02903100848197937,Q4_pred_4,4
74810,3,-0.27038389444351196,Q1_pred_1,1
33313,4,-0.011068761348724365,Q4_pred_4,4
151373,3,-0.04018896818161011,Q4_pred_4,4
127340,2,-0.2775956094264984,Q1_pred_1,1
141992,3,-0.0806097686290741,Q3_pred_3,3
209989,3,-0.010853350162506104,Q4_pred_4,4
127303,4,0.14906013011932373,Q5_pred_5,5
333405,4,-0.0016883611679077148,Q5_pred_5,5
84524,4,-0.10657870769500732,Q3_pred_3,3
32498,4,-0.17474579811096191,Q2_pred_2,2
102099,4,0.07896140217781067,Q5_pred_5,5
156196,3,-0.3655475080013275,Q1_pred_1,1
144324,3,-0.02766507863998413,Q4_pred_4,4
191912,4,-0.14362174272537231,Q2_pred_2,2
132111,3,-0.25246334075927734,Q1_pred_1,1
171462,3,0.029517769813537598,Q5_pred_5,5
144338,3,-0.16799107193946838,Q2_pred_2,2
83521,4,0.11483006179332733,Q5_pred_5,5
84525,3,-0.03461720049381256,Q4_pred_4,4
30414,4,0.13968127965927124,Q5_pred_5,5
346682,4,0.020735114812850952,Q5_pred_5,5
144341,3,0.010619521141052246,Q5_pred_5,5
191920,4,-0.10494957864284515,Q3_pred_3,3
257812,3,-0.29405733942985535,Q1_pred_1,1
157739,3,-0.4493095278739929,Q1_pred_1,1
149928,2,0.27233242988586426,Q5_pred_5,5
132031,3,-0.0724949836730957,Q4_pred_4,4
150403,3,-0.31518399715423584,Q1_pred_1,1
102095,4,0.15632152557373047,Q5_pred_5,5
159407,3,0.15425340831279755,Q5_pred_5,5
354056,3,-0.3536146879196167,Q1_pred_1,1
89067,3,-0.01879727840423584,Q4_pred_4,4
430046,4,-0.1369064450263977,Q2_pred_2,2
171966,3,0.15294873714447021,Q5_pred_5,5
151384,4,0.05966067314147949,Q5_pred_5,5
63806,3,-0.22987553477287292,Q1_pred_1,1
100842,3,-0.19349932670593262,Q2_pred_2,2
333420,4,-0.0035120397806167603,Q5_pred_5,5
72846,4,-0.051986515522003174,Q4_pred_4,4
69307,4,0.10381312668323517,Q5_pred_5,5
128050,4,-0.02098861336708069,Q4_pred_4,4
102103,4,-0.12091213464736938,Q3_pred_3,3
151385,4,0.05683639645576477,Q5_pred_5,5
59447,3,-0.11254127323627472,Q3_pred_3,3
47701,3,-0.1106548011302948,Q3_pred_3,3
119028,4,-0.12718716263771057,Q3_pred_3,3
26282,4,0.09714851528406143,Q5_pred_5,5
393402,4,0.011453986167907715,Q5_pred_5,5
32496,4,0.05940210819244385,Q5_pred_5,5
340361,4,-0.1947525590658188,Q2_pred_2,2
168440,4,-0.053225696086883545,Q4_pred_4,4
119025,4,-0.17952066659927368,Q2_pred_2,2
25298,2,-0.2729729413986206,Q1_pred_1,1
122204,4,-0.06910589337348938,Q4_pred_4,4
137977,2,-0.38482844829559326,Q1_pred_1,1
170342,3,-0.12671953439712524,Q3_pred_3,3
46068,3,-0.0839008092880249,Q3_pred_3,3
142293,2,-0.37319937348365784,Q1_pred_1,1
397435,4,-0.132805734872818,Q2_pred_2,2
333411,4,-0.032088398933410645,Q4_pred_4,4
60808,4,-0.10384489595890045,Q3_pred_3,3
113323,3,-0.2606884837150574,Q1_pred_1,1
102104,4,-0.18795402348041534,Q2_pred_2,2
80398,4,-0.05382639169692993,Q4_pred_4,4
20384,3,0.07497784495353699,Q5_pred_5,5
333410,4,0.019695818424224854,Q5_pred_5,5
72837,4,-0.21250411868095398,Q1_pred_1,1
59449,3,-0.2901234030723572,Q1_pred_1,1
32864,4,-0.18922272324562073,Q2_pred_2,2
149049,2,-0.17925268411636353,Q2_pred_2,2
191925,3,-0.329166054725647,Q1_pred_1,1
395123,2,-0.012578606605529785,Q4_pred_4,4
37803,4,-0.11413142085075378,Q3_pred_3,3
144323,3,-0.040913671255111694,Q4_pred_4,4
99636,4,-0.008045673370361328,Q4_pred_4,4
60785,4,-0.14702117443084717,Q2_pred_2,2
115725,3,-0.05633610486984253,Q4_pred_4,4
264377,3,-0.07984226942062378,Q3_pred_3,3
74353,2,-0.2960069179534912,Q1_pred_1,1
62854,2,-0.22795496881008148,Q1_pred_1,1
72578,4,-0.0343463271856308,Q4_pred_4,4
45914,4,-0.07292735576629639,Q4_pred_4,4
324103,4,-0.046624064445495605,Q4_pred_4,4
60775,4,-0.16163523495197296,Q2_pred_2,2
324323,4,-0.10750149190425873,Q3_pred_3,3
243800,4,-0.15989311039447784,Q2_pred_2,2
91750,4,-0.3366888761520386,Q1_pred_1,1
245523,4,-0.059996262192726135,Q4_pred_4,4
160041,3,0.13917890191078186,Q5_pred_5,5
262976,4,0.0019697099924087524,Q5_pred_5,5
59304,4,-0.04212687909603119,Q4_pred_4,4
137013,3,-0.12612399458885193,Q3_pred_3,3
19345,2,-0.2726384103298187,Q1_pred_1,1
143305,4,0.028145968914031982,Q5_pred_5,5
167676,3,0.03181639313697815,Q5_pred_5,5
120829,4,0.06591254472732544,Q5_pred_5,5
233473,4,-0.10909158736467361,Q3_pred_3,3
93023,4,-0.07133075594902039,Q4_pred_4,4
63276,3,-0.001775979995727539,Q5_pred_5,5
166203,3,0.11923664808273315,Q5_pred_5,5
340165,4,0.0073220133781433105,Q5_pred_5,5
37799,4,-0.05013594031333923,Q4_pred_4,4
60807,4,-0.1121601015329361,Q3_pred_3,3
339990,4,-0.0010663866996765137,Q5_pred_5,5
354038,4,-0.158217191696167,Q2_pred_2,2
170589,2,-0.1821002960205078,Q2_pred_2,2
15466,3,-0.22062808275222778,Q1_pred_1,1
418831,4,-0.13564804196357727,Q2_pred_2,2
329649,3,-0.02428428828716278,Q4_pred_4,4
262975,4,-0.02412205934524536,Q4_pred_4,4
36161,2,-0.4031464755535126,Q1_pred_1,1
59448,3,0.0037602633237838745,Q5_pred_5,5
41321,2,-0.1437564343214035,Q2_pred_2,2
60033,3,0.02185922861099243,Q5_pred_5,5
74543,4,-0.07086819410324097,Q4_pred_4,4
382543,4,-0.010298535227775574,Q4_pred_4,4
9743,4,-0.032640986144542694,Q4_pred_4,4
44356,3,0.011299699544906616,Q5_pred_5,5
7265,3,0.04037058353424072,Q5_pred_5,5
29705,3,-0.01103276014328003,Q4_pred_4,4
46046,3,-0.113085076212883,Q3_pred_3,3
122492,2,-0.03206533193588257,Q4_pred_4,4
448220,4,0.029406875371932983,Q5_pred_5,5
92148,2,-0.022101640701293945,Q4_pred_4,4
148491,5,-0.011833429336547852,Q4_pred_4,4
148509,5,0.042258888483047485,Q5_pred_5,5
196004,4,-0.33979088068008423,Q1_pred_1,1
39168,5,0.004483133554458618,Q5_pred_5,5
148496,5,0.012776285409927368,Q5_pred_5,5
148435,5,-0.009867966175079346,Q4_pred_4,4
245068,3,0.0319884717464447,Q5_pred_5,5
46044,2,-0.13552242517471313,Q2_pred_2,2
347724,4,-0.2007330358028412,Q1_pred_1,1
16499,2,-0.12394992262125015,Q3_pred_3,3
252556,4,-0.05066937208175659,Q4_pred_4,4
373683,3,0.022443383932113647,Q5_pred_5,5
28631,5,0.07571175694465637,Q5_pred_5,5
266095,4,-0.2472616732120514,Q1_pred_1,1
26978,4,-0.13500243425369263,Q2_pred_2,2
148599,5,0.01906055212020874,Q5_pred_5,5
92159,2,-0.15796732902526855,Q2_pred_2,2
44354,4,0.0012674927711486816,Q5_pred_5,5
92154,1,-0.052337273955345154,Q4_pred_4,4
252351,4,-0.09906210750341415,Q3_pred_3,3
394133,3,-0.0646754801273346,Q4_pred_4,4
148531,5,-0.013258814811706543,Q4_pred_4,4
445369,3,-0.446024626493454,Q1_pred_1,1
251844,2,-0.16239215433597565,Q2_pred_2,2
28604,4,-0.008047640323638916,Q4_pred_4,4
431907,4,-0.24628524482250214,Q1_pred_1,1
172322,4,-0.2726379632949829,Q1_pred_1,1
268593,4,-0.20928646624088287,Q1_pred_1,1
65721,3,0.013222932815551758,Q5_pred_5,5
39188,5,-0.05114981532096863,Q4_pred_4,4
18335,3,-0.023570597171783447,Q4_pred_4,4
70860,4,0.05656185746192932,Q5_pred_5,5
173756,5,-0.068544402718544,Q4_pred_4,4
65651,3,0.047968775033950806,Q5_pred_5,5
127163,4,-0.008305519819259644,Q4_pred_4,4
382348,2,0.027592770755290985,Q5_pred_5,5
64828,4,-0.02169695496559143,Q4_pred_4,4
236309,3,-0.2003658264875412,Q1_pred_1,1
474399,4,-0.1660439670085907,Q2_pred_2,2
351318,4,-0.046228259801864624,Q4_pred_4,4
319738,4,-0.23342129588127136,Q1_pred_1,1
351935,3,-0.12236225605010986,Q3_pred_3,3
471038,3,-0.04311627149581909,Q4_pred_4,4
148441,4,0.06467241048812866,Q5_pred_5,5
252377,4,-0.03450533747673035,Q4_pred_4,4
236976,3,-0.08368726819753647,Q3_pred_3,3
39162,4,0.10913503170013428,Q5_pred_5,5
148478,4,0.012062489986419678,Q5_pred_5,5
266747,4,-0.10816606879234314,Q3_pred_3,3
382511,4,0.015157550573348999,Q5_pred_5,5
44829,4,-0.1543666571378708,Q2_pred_2,2
15153,3,-0.10427431762218475,Q3_pred_3,3
489483,4,-0.12878744304180145,Q3_pred_3,3
13361,5,0.18658068776130676,Q5_pred_5,5
15141,3,-0.16055701673030853,Q2_pred_2,2
333764,3,-0.13176192343235016,Q2_pred_2,2
148439,5,0.02688547968864441,Q5_pred_5,5
402953,4,0.02256929874420166,Q5_pred_5,5
62147,2,-0.3612712025642395,Q1_pred_1,1
91422,3,-0.07565714418888092,Q3_pred_3,3
83129,5,0.10875040292739868,Q5_pred_5,5
11637,5,0.07980069518089294,Q5_pred_5,5
28599,4,-0.02973419427871704,Q4_pred_4,4
173692,5,0.03617894649505615,Q5_pred_5,5
32017,4,0.04175981879234314,Q5_pred_5,5
329842,4,0.02944163978099823,Q5_pred_5,5
64819,4,0.050716251134872437,Q5_pred_5,5
482689,3,-0.24274952709674835,Q1_pred_1,1
252322,4,-0.0724446028470993,Q4_pred_4,4
78436,4,-0.06552189588546753,Q4_pred_4,4
396225,4,-0.049647554755210876,Q4_pred_4,4
91406,4,0.001875169575214386,Q5_pred_5,5
148558,5,0.0640871524810791,Q5_pred_5,5
28605,5,-0.0025214850902557373,Q5_pred_5,5
382505,5,-0.08140017092227936,Q3_pred_3,3
186773,3,0.0008607804775238037,Q5_pred_5,5
28587,4,0.14202867448329926,Q5_pred_5,5
259524,3,-0.27098923921585083,Q1_pred_1,1
39176,5,-0.040719062089920044,Q4_pred_4,4
252498,4,-0.08058223128318787,Q3_pred_3,3
64818,4,0.010593295097351074,Q5_pred_5,5
28621,4,0.0015905201435089111,Q5_pred_5,5
382495,5,-0.0223415344953537,Q4_pred_4,4
252469,4,0.05502969026565552,Q5_pred_5,5
65758,3,-0.07678044587373734,Q3_pred_3,3
373699,3,0.01406697928905487,Q5_pred_5,5
373707,3,-0.03730207681655884,Q4_pred_4,4
327762,3,-0.1340775489807129,Q2_pred_2,2
40109,2,0.17702403664588928,Q5_pred_5,5
269557,4,-0.003787785768508911,Q5_pred_5,5
252486,4,-0.11591055244207382,Q3_pred_3,3
16498,3,-0.16739918291568756,Q2_pred_2,2
112564,4,-0.08842998743057251,Q3_pred_3,3
91427,2,-0.13641923666000366,Q2_pred_2,2
148535,4,0.0050656795501708984,Q5_pred_5,5
252631,3,-0.020358197391033173,Q4_pred_4,4
373677,3,-0.10263580083847046,Q3_pred_3,3
465780,4,-0.03565669059753418,Q4_pred_4,4
251835,4,-0.11213761568069458,Q3_pred_3,3
148401,4,0.0035850703716278076,Q5_pred_5,5
328545,3,0.13768130540847778,Q5_pred_5,5
62271,2,-0.10339884459972382,Q3_pred_3,3
333765,3,0.02482733130455017,Q5_pred_5,5
479410,4,-0.10167935490608215,Q3_pred_3,3
89660,2,-0.0667715072631836,Q4_pred_4,4
382451,2,0.11766576766967773,Q5_pred_5,5
28577,4,0.09838403761386871,Q5_pred_5,5
333753,2,-0.05355250835418701,Q4_pred_4,4
23417,3,-0.11754429340362549,Q3_pred_3,3
239953,4,-0.03902198374271393,Q4_pred_4,4
148425,4,0.05869898200035095,Q5_pred_5,5
196923,4,-0.1480923891067505,Q2_pred_2,2
252374,4,-0.08675356209278107,Q3_pred_3,3
373690,4,0.03885930776596069,Q5_pred_5,5
148757,4,-0.0995824933052063,Q3_pred_3,3
202243,4,0.061190664768218994,Q5_pred_5,5
65727,3,-0.021421730518341064,Q4_pred_4,4
416434,5,0.07289272546768188,Q5_pred_5,5
148480,5,0.05478200316429138,Q5_pred_5,5
373689,3,0.0385952889919281,Q5_pred_5,5
148553,5,-0.012740790843963623,Q4_pred_4,4
373702,2,-0.03573763370513916,Q4_pred_4,4
164841,3,0.04771605134010315,Q5_pred_5,5
89657,2,-0.038955286145210266,Q4_pred_4,4
148440,5,0.04990227520465851,Q5_pred_5,5
148603,5,0.0388929545879364,Q5_pred_5,5
148589,5,0.05621373653411865,Q5_pred_5,5
270830,2,-0.11117005348205566,Q3_pred_3,3
382435,2,-0.08610668778419495,Q3_pred_3,3
239045,3,-0.1626131236553192,Q2_pred_2,2
382339,3,-0.047719359397888184,Q4_pred_4,4
148477,4,0.11789354681968689,Q5_pred_5,5
188691,4,-0.12223714590072632,Q3_pred_3,3
252346,4,-0.06608086079359055,Q4_pred_4,4
92160,2,-0.14858388900756836,Q2_pred_2,2
23028,3,-0.06637841463088989,Q4_pred_4,4
251886,2,-0.004130005836486816,Q5_pred_5,5
28608,3,-0.03170531988143921,Q4_pred_4,4
382485,3,-0.031168028712272644,Q4_pred_4,4
23865,3,-0.10873383283615112,Q3_pred_3,3
65725,3,0.00021433085203170776,Q5_pred_5,5
431355,4,-0.25641918182373047,Q1_pred_1,1
148476,5,0.1273445188999176,Q5_pred_5,5
368365,4,-0.27903908491134644,Q1_pred_1,1
69580,3,-0.01463991403579712,Q4_pred_4,4
252548,4,-0.08838710188865662,Q3_pred_3,3
277083,4,0.021980196237564087,Q5_pred_5,5
61829,3,-0.029314950108528137,Q4_pred_4,4
71411,1,-0.10786178708076477,Q3_pred_3,3
316016,5,0.07041561603546143,Q5_pred_5,5
148556,5,0.018703818321228027,Q5_pred_5,5
1413,5,0.02749571204185486,Q5_pred_5,5
269547,4,-0.050668805837631226,Q4_pred_4,4
148548,5,0.007712572813034058,Q5_pred_5,5
77140,4,-0.12464898824691772,Q3_pred_3,3
59063,4,-0.3055661916732788,Q1_pred_1,1
474400,4,-0.19619546830654144,Q2_pred_2,2
33987,2,-0.3726498782634735,Q1_pred_1,1
13296,3,-0.04243868589401245,Q4_pred_4,4
321157,3,-0.1711205244064331,Q2_pred_2,2
382455,2,-0.12947838008403778,Q3_pred_3,3
148523,5,0.04887402057647705,Q5_pred_5,5
352654,4,0.0018144845962524414,Q5_pred_5,5
373733,3,0.007004410028457642,Q5_pred_5,5
335971,4,-0.20858445763587952,Q1_pred_1,1
90426,2,-0.07770533114671707,Q3_pred_3,3
191960,4,-0.20631533861160278,Q1_pred_1,1
3431,2,0.05592864751815796,Q5_pred_5,5
74994,4,0.08140385150909424,Q5_pred_5,5
252502,4,-0.030915170907974243,Q4_pred_4,4
29831,3,-0.026097089052200317,Q4_pred_4,4
321160,2,0.023657917976379395,Q5_pred_5,5
373736,2,0.03479260206222534,Q5_pred_5,5
23867,3,-0.05197858810424805,Q4_pred_4,4
148539,4,0.1138814389705658,Q5_pred_5,5
478939,3,-0.26986584067344666,Q1_pred_1,1
412909,3,-0.017388224601745605,Q4_pred_4,4
333770,3,-0.017399996519088745,Q4_pred_4,4
196011,4,-0.2817319333553314,Q1_pred_1,1
148479,4,-0.021703988313674927,Q4_pred_4,4
382547,5,-0.011023730039596558,Q4_pred_4,4
106754,3,-0.047604531049728394,Q4_pred_4,4
37845,4,-0.05801086127758026,Q4_pred_4,4
148273,5,0.11649954319000244,Q5_pred_5,5
148573,5,0.12522074580192566,Q5_pred_5,5
269552,4,-0.010526061058044434,Q4_pred_4,4
276934,4,-0.28979045152664185,Q1_pred_1,1
103031,4,-0.21182923018932343,Q1_pred_1,1
112565,4,-0.0049059391021728516,Q5_pred_5,5
91410,2,0.004134804010391235,Q5_pred_5,5
382524,4,0.07541283965110779,Q5_pred_5,5
277082,4,0.03722900152206421,Q5_pred_5,5
373701,4,-0.004122152924537659,Q5_pred_5,5
83124,4,0.07151779532432556,Q5_pred_5,5
90444,2,0.04745939373970032,Q5_pred_5,5
382545,4,-0.01101386547088623,Q4_pred_4,4
148565,4,0.08611047267913818,Q5_pred_5,5
65650,3,0.051990583539009094,Q5_pred_5,5
28606,3,-0.0004706829786300659,Q5_pred_5,5
28622,4,0.027692735195159912,Q5_pred_5,5
15150,3,-0.0977688729763031,Q3_pred_3,3
148543,4,0.03585857152938843,Q5_pred_5,5
39194,5,-0.01254582405090332,Q4_pred_4,4
89118,2,-0.05747462809085846,Q4_pred_4,4
89132,2,-0.08367094397544861,Q3_pred_3,3
28602,4,-0.03414955735206604,Q4_pred_4,4
148533,5,0.043022871017456055,Q5_pred_5,5
346956,2,0.08636006712913513,Q5_pred_5,5
373728,3,-0.049924612045288086,Q4_pred_4,4
89669,2,-0.11813177913427353,Q3_pred_3,3
28610,4,-0.17037412524223328,Q2_pred_2,2
148575,4,0.05168357491493225,Q5_pred_5,5
28613,4,-0.1875680685043335,Q2_pred_2,2
148502,4,-0.21735414862632751,Q1_pred_1,1
28568,4,0.01597389578819275,Q5_pred_5,5
91429,2,-0.11725243180990219,Q3_pred_3,3
28562,4,0.09667709469795227,Q5_pred_5,5
148598,4,0.13567212224006653,Q5_pred_5,5
373692,3,0.026648133993148804,Q5_pred_5,5
382388,3,-0.030515015125274658,Q4_pred_4,4
148562,5,-0.008982062339782715,Q4_pred_4,4
382534,5,-0.02954462170600891,Q4_pred_4,4
89665,2,-0.13028645515441895,Q2_pred_2,2
148577,5,0.006510615348815918,Q5_pred_5,5
173718,4,-0.11834576725959778,Q3_pred_3,3
253237,3,-0.11408787965774536,Q3_pred_3,3
15148,2,-0.21483908593654633,Q1_pred_1,1
89127,2,-0.033277496695518494,Q4_pred_4,4
416435,5,0.07451584935188293,Q5_pred_5,5
70827,4,0.050466835498809814,Q5_pred_5,5
333747,3,-0.07479473948478699,Q3_pred_3,3
373734,3,0.04296484589576721,Q5_pred_5,5
148475,4,0.054985642433166504,Q5_pred_5,5
277125,5,0.0019580721855163574,Q5_pred_5,5
148541,5,0.06656074523925781,Q5_pred_5,5
90428,2,-0.1461057960987091,Q2_pred_2,2
91439,2,-0.14131444692611694,Q2_pred_2,2
122485,3,-0.029341086745262146,Q4_pred_4,4
148426,5,0.0937720239162445,Q5_pred_5,5
373704,3,-0.08044677972793579,Q3_pred_3,3
148406,5,0.01906752586364746,Q5_pred_5,5
148432,5,-0.021958529949188232,Q4_pred_4,4
65656,3,0.1487036794424057,Q5_pred_5,5
92140,2,-0.044910728931427,Q4_pred_4,4
91430,2,-0.05628129839897156,Q4_pred_4,4
91409,2,0.025443926453590393,Q5_pred_5,5
382487,5,-0.0007693469524383545,Q5_pred_5,5
61822,2,0.012240886688232422,Q5_pred_5,5
316041,4,0.06569558382034302,Q5_pred_5,5
316010,4,0.059148699045181274,Q5_pred_5,5
95332,5,0.08714807033538818,Q5_pred_5,5
28572,5,0.12705115973949432,Q5_pred_5,5
89662,2,-0.19537439942359924,Q2_pred_2,2
148427,4,0.09740552306175232,Q5_pred_5,5
89121,2,-0.04986207187175751,Q4_pred_4,4
148499,5,0.0293063223361969,Q5_pred_5,5
148579,5,0.03217655420303345,Q5_pred_5,5
28616,4,-0.01858679950237274,Q4_pred_4,4
373735,3,0.0627393126487732,Q5_pred_5,5
68446,4,0.13354933261871338,Q5_pred_5,5
122672,3,-0.1634240746498108,Q2_pred_2,2
89128,3,-0.04012584686279297,Q4_pred_4,4
148507,5,0.020626991987228394,Q5_pred_5,5
373722,3,-0.05212642252445221,Q4_pred_4,4
28611,4,-0.015896275639533997,Q4_pred_4,4
245536,3,-0.04027077555656433,Q4_pred_4,4
373716,3,-0.06316998600959778,Q4_pred_4,4
382335,5,-0.03113020956516266,Q4_pred_4,4
373687,3,0.043481528759002686,Q5_pred_5,5
91413,2,0.016046226024627686,Q5_pred_5,5
334540,4,0.11800360679626465,Q5_pred_5,5
382501,4,-0.031003892421722412,Q4_pred_4,4
70823,4,0.04441604018211365,Q5_pred_5,5
28595,3,-0.0570063591003418,Q4_pred_4,4
28561,4,0.07027783989906311,Q5_pred_5,5
148748,4,-0.03058949112892151,Q4_pred_4,4
148593,4,0.021822214126586914,Q5_pred_5,5
148486,4,0.06033557653427124,Q5_pred_5,5
28584,4,0.02892392873764038,Q5_pred_5,5
28565,4,0.08776399493217468,Q5_pred_5,5
382537,5,0.02434423565864563,Q5_pred_5,5
89125,3,-0.08830499649047852,Q3_pred_3,3
148521,4,0.029691100120544434,Q5_pred_5,5
148530,5,0.04781565070152283,Q5_pred_5,5
253246,5,-0.13257205486297607,Q2_pred_2,2
28618,5,-0.014201164245605469,Q4_pred_4,4
148561,5,0.0016534924507141113,Q5_pred_5,5
382541,5,0.005311340093612671,Q5_pred_5,5
148429,5,0.07511752843856812,Q5_pred_5,5
401707,4,-0.08373573422431946,Q3_pred_3,3
92162,2,-0.08908997476100922,Q3_pred_3,3
148550,5,0.0032132863998413086,Q5_pred_5,5
61831,3,0.017956681549549103,Q5_pred_5,5
89668,2,-0.14968018233776093,Q2_pred_2,2
83116,5,-0.0015811622142791748,Q5_pred_5,5
148512,4,0.03148195147514343,Q5_pred_5,5
373717,3,0.06755860149860382,Q5_pred_5,5
315691,3,0.09222856163978577,Q5_pred_5,5
382483,5,-0.042799919843673706,Q4_pred_4,4
28555,5,0.03487640619277954,Q5_pred_5,5
13364,4,0.217597097158432,Q5_pred_5,5
91419,2,-0.0318632572889328,Q4_pred_4,4
173775,4,-0.032328516244888306,Q4_pred_4,4
91407,2,0.006527744233608246,Q5_pred_5,5
89129,2,-0.07676620781421661,Q3_pred_3,3
148544,5,0.11055108904838562,Q5_pred_5,5
89126,2,-0.02364012598991394,Q4_pred_4,4
65714,3,-0.08087240159511566,Q3_pred_3,3
148594,5,0.019074559211730957,Q5_pred_5,5
4781,3,0.17265525460243225,Q5_pred_5,5
11629,5,0.1580023467540741,Q5_pred_5,5
65663,3,0.10478144884109497,Q5_pred_5,5
29626,3,-0.15445497632026672,Q2_pred_2,2
91415,2,-0.025408625602722168,Q4_pred_4,4
148506,5,0.017702341079711914,Q5_pred_5,5
92136,2,-0.08584565669298172,Q3_pred_3,3
148405,5,0.07813742756843567,Q5_pred_5,5
148517,5,0.06780755519866943,Q5_pred_5,5
28593,4,0.0622783899307251,Q5_pred_5,5
148437,4,-0.3446987569332123,Q1_pred_1,1
92149,2,-0.036642707884311676,Q4_pred_4,4
173763,5,-0.05270510911941528,Q4_pred_4,4
148527,5,0.17941515147686005,Q5_pred_5,5
382457,4,-0.0005915462970733643,Q5_pred_5,5
15149,3,-0.09511774778366089,Q3_pred_3,3
28627,5,0.04259316623210907,Q5_pred_5,5
38331,3,0.009492754936218262,Q5_pred_5,5
11850,3,0.09968818724155426,Q5_pred_5,5
89115,2,-0.05784928798675537,Q4_pred_4,4
205822,2,-0.05759790539741516,Q4_pred_4,4
28557,5,0.07684040069580078,Q5_pred_5,5
28566,5,0.09782636165618896,Q5_pred_5,5
39151,5,0.10454961657524109,Q5_pred_5,5
13277,4,-0.1584298461675644,Q2_pred_2,2
61824,3,-0.006671644747257233,Q4_pred_4,4
13297,3,-0.0633826032280922,Q4_pred_4,4
89670,2,-0.13920345902442932,Q2_pred_2,2
122509,2,0.02318800985813141,Q5_pred_5,5
92156,2,-0.03550058603286743,Q4_pred_4,4
245074,3,-0.07025572657585144,Q4_pred_4,4
23868,4,-0.12710711359977722,Q3_pred_3,3
28601,5,-0.04067195951938629,Q4_pred_4,4
89654,2,-0.07961250841617584,Q3_pred_3,3
50069,2,-0.5880957245826721,Q1_pred_1,1
106876,3,0.12364387512207031,Q5_pred_5,5
39191,5,-0.04519563913345337,Q4_pred_4,4
316009,5,0.050326526165008545,Q5_pred_5,5
148566,5,0.0006527602672576904,Q5_pred_5,5
148487,5,0.08430039882659912,Q5_pred_5,5
65660,4,0.09592533111572266,Q5_pred_5,5
148602,5,0.03842484951019287,Q5_pred_5,5
89123,2,-0.040914490818977356,Q4_pred_4,4
143947,3,-0.018115997314453125,Q4_pred_4,4
92142,2,-0.008754968643188477,Q4_pred_4,4
39189,5,-0.06638723611831665,Q4_pred_4,4
148526,5,0.13528458774089813,Q5_pred_5,5
83131,5,0.08710494637489319,Q5_pred_5,5
126468,3,-0.06907850503921509,Q4_pred_4,4
91426,2,-0.08154021203517914,Q3_pred_3,3
382544,5,-0.014920949935913086,Q4_pred_4,4
91416,2,0.009222656488418579,Q5_pred_5,5
39181,5,-0.04243481159210205,Q4_pred_4,4
28582,5,0.05689312517642975,Q5_pred_5,5
15146,4,-0.14673733711242676,Q2_pred_2,2
253250,4,-0.046863943338394165,Q4_pred_4,4
50068,2,-0.4588105082511902,Q1_pred_1,1
277124,4,-0.0101090669631958,Q4_pred_4,4
90436,2,-0.0667329728603363,Q4_pred_4,4
148545,5,0.030730843544006348,Q5_pred_5,5
89117,2,-0.06568293273448944,Q4_pred_4,4
61828,2,-0.047272272408008575,Q4_pred_4,4
148538,5,0.09222333133220673,Q5_pred_5,5
83122,5,0.011878550052642822,Q5_pred_5,5
373680,3,-0.019795089960098267,Q4_pred_4,4
148520,5,-0.003503561019897461,Q5_pred_5,5
29627,3,-0.16074436902999878,Q2_pred_2,2
29628,3,-0.09652388095855713,Q3_pred_3,3
65726,3,0.054769955575466156,Q5_pred_5,5
148270,5,0.046747684478759766,Q5_pred_5,5
11854,2,-0.03375473618507385,Q4_pred_4,4
95331,5,0.07976162433624268,Q5_pred_5,5
39207,5,-0.057827264070510864,Q4_pred_4,4
148522,5,0.05224210023880005,Q5_pred_5,5
65724,3,0.06073644012212753,Q5_pred_5,5
173740,5,-0.07876372337341309,Q3_pred_3,3
382529,4,0.005861341953277588,Q5_pred_5,5
11665,5,-0.008858472108840942,Q4_pred_4,4
92151,2,-0.028971001505851746,Q4_pred_4,4
148408,5,-0.020359963178634644,Q4_pred_4,4
50067,2,-0.4292231798171997,Q1_pred_1,1
382527,5,-0.043402835726737976,Q4_pred_4,4
