sound_id,confidence,text_assigned_label_margin,sim_bin,pred_confidence_from_margin
185755,4,0.04504939913749695,Q5_pred_5,5
358405,5,-0.18286997079849243,Q2_pred_2,2
358760,4,-0.28002995252609253,Q1_pred_1,1
432206,4,-0.2959286570549011,Q1_pred_1,1
80630,5,-0.0934772789478302,Q3_pred_3,3
84090,5,-0.11795816570520401,Q3_pred_3,3
145544,4,-0.2203797847032547,Q1_pred_1,1
156796,1,-0.12519970536231995,Q3_pred_3,3
38633,5,-0.23074862360954285,Q1_pred_1,1
354592,5,-0.09665687382221222,Q3_pred_3,3
63352,4,0.04358719289302826,Q5_pred_5,5
376477,4,-0.03918178379535675,Q4_pred_4,4
76567,4,-0.07659823447465897,Q4_pred_4,4
119764,4,-0.1676923930644989,Q2_pred_2,2
35034,2,-0.04083946347236633,Q4_pred_4,4
38886,1,-0.1381874978542328,Q2_pred_2,2
76539,4,-0.1349237710237503,Q2_pred_2,2
318557,3,-0.253047913312912,Q1_pred_1,1
52789,3,-0.29348188638687134,Q1_pred_1,1
418422,2,-0.392023503780365,Q1_pred_1,1
239077,5,0.0576188862323761,Q5_pred_5,5
155747,4,-0.0871240496635437,Q3_pred_3,3
273341,4,-0.05407225713133812,Q4_pred_4,4
24840,3,-0.1576080322265625,Q2_pred_2,2
126430,3,-0.059439875185489655,Q4_pred_4,4
119676,4,-0.24322593212127686,Q1_pred_1,1
153941,5,-0.12960663437843323,Q3_pred_3,3
40293,3,0.07599860429763794,Q5_pred_5,5
74217,4,0.23333126306533813,Q5_pred_5,5
386297,4,-0.11221980303525925,Q3_pred_3,3
216811,4,-0.08724962919950485,Q3_pred_3,3
70306,4,-0.11529816687107086,Q3_pred_3,3
55511,3,0.05807149410247803,Q5_pred_5,5
234883,3,-0.18652746081352234,Q2_pred_2,2
187210,4,-0.32020968198776245,Q1_pred_1,1
397339,4,-0.14760148525238037,Q2_pred_2,2
33563,4,-0.14288367331027985,Q2_pred_2,2
55996,5,-0.26641353964805603,Q1_pred_1,1
368566,4,-0.22302505373954773,Q1_pred_1,1
236342,4,0.14946293830871582,Q5_pred_5,5
434970,3,-0.16064859926700592,Q2_pred_2,2
341419,4,-0.2620271146297455,Q1_pred_1,1
59013,4,0.003674238920211792,Q5_pred_5,5
111073,1,0.11355960369110107,Q5_pred_5,5
353550,4,-0.22131961584091187,Q1_pred_1,1
362908,4,-0.08844481408596039,Q3_pred_3,3
136745,4,0.03801801800727844,Q5_pred_5,5
380164,4,-0.01625356823205948,Q4_pred_4,4
193974,4,-0.029143083840608597,Q4_pred_4,4
15171,4,-0.286296010017395,Q1_pred_1,1
16437,5,-0.21806323528289795,Q1_pred_1,1
5163,5,-0.032723262906074524,Q4_pred_4,4
355106,5,-0.13162216544151306,Q3_pred_3,3
191991,4,-0.21019573509693146,Q1_pred_1,1
193747,3,-0.08865764737129211,Q3_pred_3,3
153632,5,-0.2643706202507019,Q1_pred_1,1
50191,4,-0.08405600488185883,Q3_pred_3,3
137538,5,-0.10045178234577179,Q3_pred_3,3
403343,4,-0.04919827729463577,Q4_pred_4,4
24649,1,-0.1740875244140625,Q2_pred_2,2
347038,5,-0.14656998217105865,Q2_pred_2,2
107519,2,-0.09317250549793243,Q3_pred_3,3
23926,1,-0.2618865370750427,Q1_pred_1,1
87778,4,-0.054892972111701965,Q4_pred_4,4
149011,4,-0.00649675726890564,Q5_pred_5,5
392839,3,-0.25800302624702454,Q1_pred_1,1
142692,5,-0.06435695290565491,Q4_pred_4,4
242647,4,-0.13149982690811157,Q3_pred_3,3
120989,5,-0.09610810875892639,Q3_pred_3,3
265056,2,-0.07094706594944,Q4_pred_4,4
147958,3,-0.0760192722082138,Q4_pred_4,4
276308,4,0.035901881754398346,Q5_pred_5,5
124677,3,-0.19403044879436493,Q2_pred_2,2
356886,4,-0.08216577768325806,Q3_pred_3,3
353039,4,-0.029312126338481903,Q4_pred_4,4
213724,4,0.08637334406375885,Q5_pred_5,5
200024,5,-0.15335673093795776,Q2_pred_2,2
38217,4,-0.20273923873901367,Q2_pred_2,2
86437,3,0.12437191605567932,Q5_pred_5,5
88579,2,-0.13792118430137634,Q2_pred_2,2
156727,3,-0.2661344110965729,Q1_pred_1,1
153994,5,-0.22772139310836792,Q1_pred_1,1
344396,3,0.021510273218154907,Q5_pred_5,5
173110,4,-0.10171312093734741,Q3_pred_3,3
419197,4,0.041738077998161316,Q5_pred_5,5
68671,4,-0.16490410268306732,Q2_pred_2,2
88870,4,-0.19418175518512726,Q2_pred_2,2
51374,4,-0.14491814374923706,Q2_pred_2,2
27233,5,0.1539074182510376,Q5_pred_5,5
232624,3,-0.03799654170870781,Q4_pred_4,4
358952,3,-0.2215873748064041,Q1_pred_1,1
56110,3,-0.20043334364891052,Q2_pred_2,2
114090,4,-0.2156912088394165,Q1_pred_1,1
137462,4,-0.09060461074113846,Q3_pred_3,3
241528,4,-0.009847752749919891,Q4_pred_4,4
15743,4,-0.4133148193359375,Q1_pred_1,1
45610,4,-0.013675451278686523,Q4_pred_4,4
386219,3,-0.0208345428109169,Q4_pred_4,4
121346,3,-0.1949375718832016,Q2_pred_2,2
101059,4,0.14423613250255585,Q5_pred_5,5
378558,2,-0.4287632703781128,Q1_pred_1,1
360802,4,-0.05016054958105087,Q4_pred_4,4
10834,3,-0.2594972252845764,Q1_pred_1,1
232274,2,-0.18843317031860352,Q2_pred_2,2
196065,4,-0.08189891278743744,Q3_pred_3,3
26906,4,-0.17385312914848328,Q2_pred_2,2
170962,4,-0.1745297610759735,Q2_pred_2,2
153977,5,-0.2012292891740799,Q2_pred_2,2
117981,5,-0.09224843978881836,Q3_pred_3,3
55273,4,-0.1725327968597412,Q2_pred_2,2
96991,4,-0.2150658518075943,Q1_pred_1,1
120670,3,0.2793780565261841,Q5_pred_5,5
244054,4,-0.2625228762626648,Q1_pred_1,1
75628,4,0.021086007356643677,Q5_pred_5,5
166433,3,-0.13805153965950012,Q2_pred_2,2
204035,4,-0.21239230036735535,Q1_pred_1,1
57023,4,0.06486839056015015,Q5_pred_5,5
164561,3,-0.1260426789522171,Q3_pred_3,3
423119,4,-0.3007228672504425,Q1_pred_1,1
147948,4,-0.19774214923381805,Q2_pred_2,2
9235,4,-0.1336783617734909,Q3_pred_3,3
391293,4,-0.1486220359802246,Q2_pred_2,2
378695,4,-0.09572026133537292,Q3_pred_3,3
101460,4,-0.10750758647918701,Q3_pred_3,3
36554,4,-0.23442040383815765,Q1_pred_1,1
102007,4,0.0898747444152832,Q5_pred_5,5
11765,4,-0.012390106916427612,Q4_pred_4,4
126759,4,0.020915061235427856,Q5_pred_5,5
374877,5,-0.19781887531280518,Q2_pred_2,2
424395,4,-0.17403541505336761,Q2_pred_2,2
122065,3,-0.030933350324630737,Q4_pred_4,4
146197,4,-0.057090356945991516,Q4_pred_4,4
173946,3,-0.0599529966711998,Q4_pred_4,4
355874,4,-0.3239227831363678,Q1_pred_1,1
71754,4,-0.08275345712900162,Q3_pred_3,3
26630,5,-0.20526325702667236,Q1_pred_1,1
417846,3,-0.21221087872982025,Q1_pred_1,1
273710,4,-0.036742180585861206,Q4_pred_4,4
151544,4,-0.054112136363983154,Q4_pred_4,4
27689,3,-0.23553112149238586,Q1_pred_1,1
248622,4,-0.10809613019227982,Q3_pred_3,3
258055,3,-0.0904906839132309,Q3_pred_3,3
211549,4,-0.16741631925106049,Q2_pred_2,2
420269,4,0.04626035690307617,Q5_pred_5,5
236500,5,0.09291854500770569,Q5_pred_5,5
407012,4,-0.01822701096534729,Q4_pred_4,4
13151,3,-0.12383856624364853,Q3_pred_3,3
1076,4,-0.14544156193733215,Q2_pred_2,2
145656,3,-0.0756133645772934,Q4_pred_4,4
62118,3,-0.11661328375339508,Q3_pred_3,3
80816,2,-0.24449250102043152,Q1_pred_1,1
343955,4,-0.1027708351612091,Q3_pred_3,3
111784,4,-0.15310490131378174,Q2_pred_2,2
347315,4,-0.03778548538684845,Q4_pred_4,4
57488,4,-0.10526016354560852,Q3_pred_3,3
74514,4,0.05449672043323517,Q5_pred_5,5
417996,1,-0.09446112811565399,Q3_pred_3,3
223720,5,0.08762356638908386,Q5_pred_5,5
369932,3,0.03354698419570923,Q5_pred_5,5
354483,5,-0.036473751068115234,Q4_pred_4,4
30203,2,-0.19828839600086212,Q2_pred_2,2
316911,5,0.1512584090232849,Q5_pred_5,5
171115,3,-0.16602610051631927,Q2_pred_2,2
337170,4,-0.20014891028404236,Q2_pred_2,2
61637,4,-0.006144393235445023,Q5_pred_5,5
110651,3,-0.07239452004432678,Q4_pred_4,4
38623,4,-0.11352184414863586,Q3_pred_3,3
102407,5,-0.016434818506240845,Q4_pred_4,4
423473,4,-0.1342218816280365,Q3_pred_3,3
57587,4,-0.0629391074180603,Q4_pred_4,4
82540,3,-0.22659127414226532,Q1_pred_1,1
396280,4,-0.046008288860321045,Q4_pred_4,4
1977,5,-0.01143994927406311,Q4_pred_4,4
138116,4,0.06123645603656769,Q5_pred_5,5
167264,2,-0.06511668860912323,Q4_pred_4,4
51027,4,-0.07616745680570602,Q4_pred_4,4
99776,4,0.06878195703029633,Q5_pred_5,5
201183,4,0.020376130938529968,Q5_pred_5,5
42343,4,-0.26415783166885376,Q1_pred_1,1
477659,4,-0.27489855885505676,Q1_pred_1,1
22889,3,-0.32620668411254883,Q1_pred_1,1
358656,5,-0.12405902147293091,Q3_pred_3,3
4279,4,-0.03032870590686798,Q4_pred_4,4
186660,5,-0.42329686880111694,Q1_pred_1,1
32168,4,-0.1718108355998993,Q2_pred_2,2
20761,4,-0.32205069065093994,Q1_pred_1,1
410241,4,-0.1403549462556839,Q2_pred_2,2
148275,4,0.10778909921646118,Q5_pred_5,5
126851,3,-0.20809870958328247,Q1_pred_1,1
209413,4,-0.017805859446525574,Q4_pred_4,4
151445,5,-0.13973939418792725,Q2_pred_2,2
247929,4,-0.23769646883010864,Q1_pred_1,1
265290,3,0.0025687068700790405,Q5_pred_5,5
378367,4,-0.052893489599227905,Q4_pred_4,4
236509,4,0.1212933287024498,Q5_pred_5,5
97311,3,-0.16183799505233765,Q2_pred_2,2
74200,4,0.06133580207824707,Q5_pred_5,5
485400,5,0.05171382427215576,Q5_pred_5,5
246946,5,-0.029246598482131958,Q4_pred_4,4
269904,5,-0.10092248022556305,Q3_pred_3,3
168774,2,-0.1828111857175827,Q2_pred_2,2
119317,5,-0.22025024890899658,Q1_pred_1,1
247913,4,-0.1915518045425415,Q2_pred_2,2
373335,5,-0.08656880259513855,Q3_pred_3,3
107123,4,-0.07928063720464706,Q3_pred_3,3
142843,4,-0.03848816454410553,Q4_pred_4,4
10592,4,-0.20756390690803528,Q1_pred_1,1
14998,4,-0.13748662173748016,Q2_pred_2,2
156723,4,-0.2744503617286682,Q1_pred_1,1
236679,4,0.09772215783596039,Q5_pred_5,5
94243,4,-0.13483001291751862,Q2_pred_2,2
152172,4,-0.14043642580509186,Q2_pred_2,2
129427,4,-0.08283871412277222,Q3_pred_3,3
56697,3,-0.021118270233273506,Q4_pred_4,4
249460,3,-0.04839186370372772,Q4_pred_4,4
16746,4,-0.06893312931060791,Q4_pred_4,4
12834,4,-0.10684303939342499,Q3_pred_3,3
184354,4,-0.2862425744533539,Q1_pred_1,1
178067,4,-0.11869408935308456,Q3_pred_3,3
3046,4,-0.06299436092376709,Q4_pred_4,4
65439,4,-0.15280857682228088,Q2_pred_2,2
83782,2,0.010795973241329193,Q5_pred_5,5
139301,4,-0.22199147939682007,Q1_pred_1,1
383605,4,-0.20046895742416382,Q2_pred_2,2
3270,3,-0.19356052577495575,Q2_pred_2,2
353397,3,-0.16869226098060608,Q2_pred_2,2
464388,3,-0.23594465851783752,Q1_pred_1,1
34329,4,0.15476688742637634,Q5_pred_5,5
61516,4,-0.03356832638382912,Q4_pred_4,4
109566,4,0.10886599123477936,Q5_pred_5,5
248386,4,-0.033302560448646545,Q4_pred_4,4
236528,4,0.10415750741958618,Q5_pred_5,5
255166,3,-0.16997161507606506,Q2_pred_2,2
83593,5,-0.17457899451255798,Q2_pred_2,2
415391,3,0.0012327730655670166,Q5_pred_5,5
169053,4,-0.17343904078006744,Q2_pred_2,2
25907,4,0.07908188551664352,Q5_pred_5,5
56966,2,-0.26143109798431396,Q1_pred_1,1
99796,4,-0.11462752521038055,Q3_pred_3,3
173891,4,0.05109253525733948,Q5_pred_5,5
128841,4,0.02118474245071411,Q5_pred_5,5
196688,1,-0.1365707665681839,Q2_pred_2,2
180749,4,-0.10534746199846268,Q3_pred_3,3
76461,4,-0.3856320381164551,Q1_pred_1,1
356450,5,-0.12240366637706757,Q3_pred_3,3
340298,4,-0.21629071235656738,Q1_pred_1,1
156754,4,-0.2540915310382843,Q1_pred_1,1
30856,2,-0.03611648082733154,Q4_pred_4,4
3090,3,-0.13312827050685883,Q3_pred_3,3
81879,2,-0.14501550793647766,Q2_pred_2,2
129159,4,-0.09876576066017151,Q3_pred_3,3
30023,4,-0.139967679977417,Q2_pred_2,2
343896,3,-0.21083791553974152,Q1_pred_1,1
270469,4,-0.2793631851673126,Q1_pred_1,1
164925,3,-0.10983775556087494,Q3_pred_3,3
3909,4,-0.22808882594108582,Q1_pred_1,1
142817,4,-0.033364132046699524,Q4_pred_4,4
349847,4,-0.24289923906326294,Q1_pred_1,1
240674,4,-0.03321370482444763,Q4_pred_4,4
137412,1,-0.14240743219852448,Q2_pred_2,2
152435,4,-0.30083221197128296,Q1_pred_1,1
249464,4,-0.04835282266139984,Q4_pred_4,4
395124,4,-0.4736335277557373,Q1_pred_1,1
54944,4,-0.02186502516269684,Q4_pred_4,4
202002,4,-0.21881139278411865,Q1_pred_1,1
117236,2,-0.25692951679229736,Q1_pred_1,1
156718,4,-0.22720737755298615,Q1_pred_1,1
83905,3,-0.17974412441253662,Q2_pred_2,2
117663,4,0.0899130329489708,Q5_pred_5,5
151281,4,-0.1353573501110077,Q2_pred_2,2
40116,2,-0.3132343590259552,Q1_pred_1,1
7933,3,0.02660706639289856,Q5_pred_5,5
86769,3,-0.1510838270187378,Q2_pred_2,2
121080,4,0.08096596598625183,Q5_pred_5,5
81855,4,-0.1897401362657547,Q2_pred_2,2
16671,3,-0.1476273387670517,Q2_pred_2,2
142663,4,-0.05726228654384613,Q4_pred_4,4
30324,4,-0.19290104508399963,Q2_pred_2,2
148350,1,-0.24608054757118225,Q1_pred_1,1
333862,4,0.007011830806732178,Q5_pred_5,5
158628,4,-0.18567901849746704,Q2_pred_2,2
61733,4,0.022947460412979126,Q5_pred_5,5
16200,4,-0.2882509231567383,Q1_pred_1,1
176245,3,-0.15045329928398132,Q2_pred_2,2
133097,3,-0.45304226875305176,Q1_pred_1,1
327401,3,-0.18532881140708923,Q2_pred_2,2
234589,4,-0.09127192944288254,Q3_pred_3,3
220539,4,-0.06014696881175041,Q4_pred_4,4
58654,3,-0.017924897372722626,Q4_pred_4,4
127362,3,-0.2296413779258728,Q1_pred_1,1
152042,4,-0.15200525522232056,Q2_pred_2,2
183735,4,-0.30971840023994446,Q1_pred_1,1
67337,5,0.008788883686065674,Q5_pred_5,5
26,3,-0.18987590074539185,Q2_pred_2,2
359519,3,-0.3028832972049713,Q1_pred_1,1
81101,4,-0.24613814055919647,Q1_pred_1,1
32552,2,-0.12899458408355713,Q3_pred_3,3
110689,3,-0.10297755151987076,Q3_pred_3,3
156185,4,-0.1353304237127304,Q2_pred_2,2
127228,3,-0.17970411479473114,Q2_pred_2,2
39710,2,-0.13806341588497162,Q2_pred_2,2
63796,2,0.005276825278997421,Q5_pred_5,5
2734,3,-0.09200023114681244,Q3_pred_3,3
397937,3,-0.19057691097259521,Q2_pred_2,2
413462,4,-0.15211112797260284,Q2_pred_2,2
12866,4,-0.13091830909252167,Q3_pred_3,3
390721,3,-0.03279193490743637,Q4_pred_4,4
405261,3,-0.003004297614097595,Q5_pred_5,5
33718,4,0.02820926159620285,Q5_pred_5,5
247915,5,-0.15487083792686462,Q2_pred_2,2
236456,5,0.2276107668876648,Q5_pred_5,5
95842,3,-0.17344695329666138,Q2_pred_2,2
60830,4,-0.15785233676433563,Q2_pred_2,2
416732,2,-0.20318882167339325,Q2_pred_2,2
23484,4,-0.07999847829341888,Q3_pred_3,3
29419,4,-0.3094141185283661,Q1_pred_1,1
154307,4,-0.30454379320144653,Q1_pred_1,1
36331,3,-0.19908007979393005,Q2_pred_2,2
332320,3,-0.06898410618305206,Q4_pred_4,4
40404,4,0.1201050877571106,Q5_pred_5,5
120653,3,0.2774643003940582,Q5_pred_5,5
58026,4,-0.017095863819122314,Q4_pred_4,4
157643,3,-0.17358455061912537,Q2_pred_2,2
372703,4,-0.20421278476715088,Q2_pred_2,2
41709,4,-0.07382804155349731,Q4_pred_4,4
23923,4,-0.16996659338474274,Q2_pred_2,2
5998,4,-0.037439461797475815,Q4_pred_4,4
3800,5,-0.09400400519371033,Q3_pred_3,3
374935,5,-0.19714932143688202,Q2_pred_2,2
166436,4,-0.05633324384689331,Q4_pred_4,4
5105,4,-0.17497341334819794,Q2_pred_2,2
171737,3,-0.010401368141174316,Q4_pred_4,4
10803,3,-0.260679692029953,Q1_pred_1,1
176086,2,-0.3885452449321747,Q1_pred_1,1
191088,3,-0.1324673742055893,Q3_pred_3,3
50267,4,-0.14521130919456482,Q2_pred_2,2
124921,4,-0.17108774185180664,Q2_pred_2,2
41600,5,-0.102558933198452,Q3_pred_3,3
374737,4,-0.196930393576622,Q2_pred_2,2
374527,4,-0.2989842891693115,Q1_pred_1,1
360117,4,-0.2383582890033722,Q1_pred_1,1
129454,3,-0.1850893497467041,Q2_pred_2,2
29160,4,-0.14027711749076843,Q2_pred_2,2
89862,4,-0.15278108417987823,Q2_pred_2,2
165385,4,-0.13942576944828033,Q2_pred_2,2
97223,5,-0.02676352858543396,Q4_pred_4,4
339927,3,-0.21297673881053925,Q1_pred_1,1
270517,4,-0.045601218938827515,Q4_pred_4,4
355292,4,-0.2137203961610794,Q1_pred_1,1
63709,3,-0.10792070627212524,Q3_pred_3,3
171473,4,-0.055736951529979706,Q4_pred_4,4
138200,4,-0.09577272832393646,Q3_pred_3,3
192178,2,-0.19578810036182404,Q2_pred_2,2
350513,4,-0.016781389713287354,Q4_pred_4,4
372739,5,-0.24214932322502136,Q1_pred_1,1
31942,5,-0.007023245096206665,Q5_pred_5,5
127635,4,-0.1542958766222,Q2_pred_2,2
144645,5,-0.0706917941570282,Q4_pred_4,4
155226,3,-0.08491528034210205,Q3_pred_3,3
218876,4,-0.06133642792701721,Q4_pred_4,4
40966,3,-0.335632860660553,Q1_pred_1,1
369908,5,0.04965732619166374,Q5_pred_5,5
101602,3,-0.1419234275817871,Q2_pred_2,2
355114,5,-0.25731271505355835,Q1_pred_1,1
74364,4,-0.04291997849941254,Q4_pred_4,4
59039,4,-0.2755596339702606,Q1_pred_1,1
151744,4,-0.10093837976455688,Q3_pred_3,3
274009,4,-0.20657053589820862,Q1_pred_1,1
2434,2,0.002149820327758789,Q5_pred_5,5
156363,4,-0.15429891645908356,Q2_pred_2,2
64959,4,0.015605323016643524,Q5_pred_5,5
339369,3,0.00485643744468689,Q5_pred_5,5
133105,5,-0.07786911725997925,Q3_pred_3,3
48161,4,-0.25387653708457947,Q1_pred_1,1
11191,4,-0.23564526438713074,Q1_pred_1,1
109549,1,0.00021915137767791748,Q5_pred_5,5
66104,4,-0.039891935884952545,Q4_pred_4,4
76294,3,0.03964114189147949,Q5_pred_5,5
50443,4,-0.1344979703426361,Q2_pred_2,2
114333,3,-0.09238028526306152,Q3_pred_3,3
5793,5,-0.1695566624403,Q2_pred_2,2
168588,5,-0.3339218199253082,Q1_pred_1,1
11027,4,-0.3238646686077118,Q1_pred_1,1
107356,4,0.11130113899707794,Q5_pred_5,5
219401,3,-0.05041474103927612,Q4_pred_4,4
152711,4,-0.043144963681697845,Q4_pred_4,4
24939,4,-0.024243533611297607,Q4_pred_4,4
344664,4,-0.1395908147096634,Q2_pred_2,2
17696,3,0.14756906032562256,Q5_pred_5,5
17862,4,-0.2715163230895996,Q1_pred_1,1
23019,4,-0.12111760675907135,Q3_pred_3,3
101247,3,-0.09807437658309937,Q3_pred_3,3
132176,3,-0.07725382596254349,Q3_pred_3,3
183780,4,-0.06718035042285919,Q4_pred_4,4
326335,4,-0.19313620030879974,Q2_pred_2,2
74679,4,0.013091802597045898,Q5_pred_5,5
17929,1,-0.154218852519989,Q2_pred_2,2
480715,4,-0.16147784888744354,Q2_pred_2,2
83434,4,-0.15144269168376923,Q2_pred_2,2
214617,4,-0.2401379942893982,Q1_pred_1,1
240008,4,-0.1702945977449417,Q2_pred_2,2
347562,4,0.09828579425811768,Q5_pred_5,5
5823,4,-0.16500796377658844,Q2_pred_2,2
96956,4,-0.0034107714891433716,Q5_pred_5,5
65266,4,-0.29824143648147583,Q1_pred_1,1
61721,5,0.010867834091186523,Q5_pred_5,5
357024,4,-0.2837643623352051,Q1_pred_1,1
25610,4,-0.07373180240392685,Q4_pred_4,4
121206,4,-0.08841259032487869,Q3_pred_3,3
251161,5,0.013411164283752441,Q5_pred_5,5
4770,4,-0.005788877606391907,Q5_pred_5,5
7313,4,-0.23042163252830505,Q1_pred_1,1
144982,2,0.0015646815299987793,Q5_pred_5,5
328905,4,-0.09857700765132904,Q3_pred_3,3
171077,4,-0.18214763700962067,Q2_pred_2,2
75643,4,-0.1895269900560379,Q2_pred_2,2
195579,4,-0.017051607370376587,Q4_pred_4,4
48478,4,-0.14737766981124878,Q2_pred_2,2
408708,4,-0.051864638924598694,Q4_pred_4,4
260802,4,-0.07833744585514069,Q3_pred_3,3
374057,4,-0.07388707995414734,Q4_pred_4,4
41000,3,-0.20894645154476166,Q1_pred_1,1
18486,4,-0.1458474099636078,Q2_pred_2,2
153614,4,-0.25330227613449097,Q1_pred_1,1
263531,4,-0.1307622194290161,Q3_pred_3,3
186489,4,-0.05168420076370239,Q4_pred_4,4
225092,4,-0.14218294620513916,Q2_pred_2,2
379754,4,-0.19521215558052063,Q2_pred_2,2
196061,4,-0.0822422131896019,Q3_pred_3,3
48983,4,-0.01772383600473404,Q4_pred_4,4
55246,4,0.0549776554107666,Q5_pred_5,5
78718,3,-0.30239731073379517,Q1_pred_1,1
57509,4,-0.11480222642421722,Q3_pred_3,3
215999,2,-0.2867201566696167,Q1_pred_1,1
146867,4,-0.2878817319869995,Q1_pred_1,1
50449,3,-0.22327885031700134,Q1_pred_1,1
277547,4,-0.10477390885353088,Q3_pred_3,3
86922,3,-0.12682709097862244,Q3_pred_3,3
23563,3,-0.1183878555893898,Q3_pred_3,3
255856,2,-0.05321851372718811,Q4_pred_4,4
182569,4,-0.024756133556365967,Q4_pred_4,4
48080,2,-0.274285227060318,Q1_pred_1,1
71046,3,-0.18789774179458618,Q2_pred_2,2
328868,5,-0.06693923473358154,Q4_pred_4,4
241925,4,-0.241078183054924,Q1_pred_1,1
13852,4,-0.1440138965845108,Q2_pred_2,2
92932,5,-0.07702136039733887,Q3_pred_3,3
23475,4,-0.11054426431655884,Q3_pred_3,3
55990,4,-0.2412739396095276,Q1_pred_1,1
38851,4,0.13752815127372742,Q5_pred_5,5
47679,4,-0.12350679188966751,Q3_pred_3,3
209044,3,-0.04543258249759674,Q4_pred_4,4
26500,4,-0.28599679470062256,Q1_pred_1,1
114117,4,-0.19101515412330627,Q2_pred_2,2
234996,4,-0.1150674819946289,Q3_pred_3,3
11653,4,0.06605929136276245,Q5_pred_5,5
187595,4,0.0817529708147049,Q5_pred_5,5
236395,4,0.20173239707946777,Q5_pred_5,5
119668,4,-0.2356220930814743,Q1_pred_1,1
99977,4,-0.18408198654651642,Q2_pred_2,2
228752,4,-0.14429429173469543,Q2_pred_2,2
63733,4,-0.3708312511444092,Q1_pred_1,1
148941,4,-0.5241460800170898,Q1_pred_1,1
89782,4,-0.14735648036003113,Q2_pred_2,2
40807,3,-0.17437493801116943,Q2_pred_2,2
41691,4,-0.1696152538061142,Q2_pred_2,2
142870,4,-0.028166815638542175,Q4_pred_4,4
358311,5,-0.3467549979686737,Q1_pred_1,1
16844,4,-0.054558753967285156,Q4_pred_4,4
34140,4,-0.12287425994873047,Q3_pred_3,3
161600,3,0.06665356457233429,Q5_pred_5,5
418994,5,0.025063395500183105,Q5_pred_5,5
13479,4,-0.2897428274154663,Q1_pred_1,1
21057,4,-0.3878128230571747,Q1_pred_1,1
156756,4,-0.21326245367527008,Q1_pred_1,1
61560,4,-0.08168843388557434,Q3_pred_3,3
372423,4,-0.0733041763305664,Q4_pred_4,4
58160,4,-0.09088057279586792,Q3_pred_3,3
120455,3,-0.1279301792383194,Q3_pred_3,3
50123,4,0.021738365292549133,Q5_pred_5,5
12927,4,-0.07391788810491562,Q4_pred_4,4
14321,4,-0.06896460056304932,Q4_pred_4,4
172711,4,-0.2335943877696991,Q1_pred_1,1
372708,4,-0.21084493398666382,Q1_pred_1,1
151994,4,-0.027079898864030838,Q4_pred_4,4
46,4,-0.2019532024860382,Q2_pred_2,2
491167,5,-0.06347793340682983,Q4_pred_4,4
393792,4,0.05341019853949547,Q5_pred_5,5
117566,4,-0.25401249527931213,Q1_pred_1,1
79264,4,-0.13127253949642181,Q3_pred_3,3
146671,5,-0.07854294776916504,Q3_pred_3,3
243780,4,-0.2786344587802887,Q1_pred_1,1
354037,3,-0.09837992489337921,Q3_pred_3,3
368812,3,-0.17483842372894287,Q2_pred_2,2
177257,4,-0.21822702884674072,Q1_pred_1,1
173605,4,-0.03863095864653587,Q4_pred_4,4
38639,3,-0.23027312755584717,Q1_pred_1,1
277361,2,-0.09369650483131409,Q3_pred_3,3
61747,5,0.011856786906719208,Q5_pred_5,5
87963,4,0.20251533389091492,Q5_pred_5,5
427575,5,-0.14133679866790771,Q2_pred_2,2
40902,4,-0.1490255892276764,Q2_pred_2,2
3467,3,-0.17635095119476318,Q2_pred_2,2
244979,3,0.059062547981739044,Q5_pred_5,5
247813,5,-0.2073303759098053,Q1_pred_1,1
187093,5,0.10887646675109863,Q5_pred_5,5
146554,4,-0.11343911290168762,Q3_pred_3,3
358637,5,-0.20180566608905792,Q2_pred_2,2
8763,4,-0.185642272233963,Q2_pred_2,2
101412,4,0.05589233338832855,Q5_pred_5,5
53691,4,-0.1569652557373047,Q2_pred_2,2
25069,4,-0.09306132793426514,Q3_pred_3,3
114158,4,-0.05454026162624359,Q4_pred_4,4
102113,4,-0.05693387985229492,Q4_pred_4,4
157735,3,0.19235724210739136,Q5_pred_5,5
36562,4,-0.07300029695034027,Q4_pred_4,4
29889,4,-0.13672052323818207,Q2_pred_2,2
128834,4,0.011808127164840698,Q5_pred_5,5
246947,5,-0.029246598482131958,Q4_pred_4,4
72152,4,0.06691622734069824,Q5_pred_5,5
236571,5,0.2906404733657837,Q5_pred_5,5
137701,4,-0.10916101187467575,Q3_pred_3,3
354186,4,-0.33454522490501404,Q1_pred_1,1
200381,3,0.011297762393951416,Q5_pred_5,5
412191,4,-0.11858638375997543,Q3_pred_3,3
132816,4,-0.26347681879997253,Q1_pred_1,1
132047,4,-0.08100815117359161,Q3_pred_3,3
246881,4,-0.40924689173698425,Q1_pred_1,1
236457,4,0.20847031474113464,Q5_pred_5,5
16436,3,-0.2063112109899521,Q1_pred_1,1
175465,3,-0.1850126087665558,Q2_pred_2,2
155234,4,-0.1885416954755783,Q2_pred_2,2
238013,4,-0.07937361299991608,Q3_pred_3,3
29191,4,-0.23404569923877716,Q1_pred_1,1
48456,3,0.010011255741119385,Q5_pred_5,5
104720,4,-0.06135953962802887,Q4_pred_4,4
181928,4,-0.2608880400657654,Q1_pred_1,1
417430,4,-0.19711190462112427,Q2_pred_2,2
155279,4,-0.28561413288116455,Q1_pred_1,1
15363,3,-0.17543131113052368,Q2_pred_2,2
388688,3,0.011325709521770477,Q5_pred_5,5
354220,4,-0.31885039806365967,Q1_pred_1,1
132802,4,-0.3608451783657074,Q1_pred_1,1
155123,4,-0.1076156347990036,Q3_pred_3,3
2705,4,-0.09625552594661713,Q3_pred_3,3
72678,4,-0.18863089382648468,Q2_pred_2,2
90412,4,-0.33728522062301636,Q1_pred_1,1
118748,4,-0.22982951998710632,Q1_pred_1,1
137837,2,0.04682740569114685,Q5_pred_5,5
172109,4,-0.1468178629875183,Q2_pred_2,2
86934,4,-0.33299219608306885,Q1_pred_1,1
413619,4,-0.10646706819534302,Q3_pred_3,3
130727,4,0.18994927406311035,Q5_pred_5,5
370664,4,0.03297591209411621,Q5_pred_5,5
144225,4,0.06169743835926056,Q5_pred_5,5
155222,4,-0.049577128142118454,Q4_pred_4,4
34134,4,-0.10792846977710724,Q3_pred_3,3
109883,5,-0.11697966605424881,Q3_pred_3,3
5775,4,-0.1646919846534729,Q2_pred_2,2
347761,4,0.011279933154582977,Q5_pred_5,5
69132,4,-0.18261690437793732,Q2_pred_2,2
221951,4,-0.04609416425228119,Q4_pred_4,4
29363,4,-0.29951950907707214,Q1_pred_1,1
421723,4,-0.1168035939335823,Q3_pred_3,3
97189,4,-0.019236862659454346,Q4_pred_4,4
20784,2,-0.16666698455810547,Q2_pred_2,2
121943,4,0.1624947190284729,Q5_pred_5,5
355312,5,-0.108528271317482,Q3_pred_3,3
63220,5,0.09905655682086945,Q5_pred_5,5
140638,4,-0.09422671049833298,Q3_pred_3,3
1922,4,-0.0844222903251648,Q3_pred_3,3
258038,4,-0.008460164070129395,Q4_pred_4,4
416380,4,-0.053057149052619934,Q4_pred_4,4
246083,4,-0.19324201345443726,Q2_pred_2,2
189822,4,-0.1725984513759613,Q2_pred_2,2
276119,4,-0.16121648252010345,Q2_pred_2,2
12920,4,-0.2449675351381302,Q1_pred_1,1
48157,4,-0.2463921755552292,Q1_pred_1,1
169620,4,-0.02501392364501953,Q4_pred_4,4
240230,4,0.1770724058151245,Q5_pred_5,5
78747,2,-0.2270599603652954,Q1_pred_1,1
3913,4,-0.13345745205879211,Q3_pred_3,3
56926,3,-0.0898100882768631,Q3_pred_3,3
358165,5,-0.4074975252151489,Q1_pred_1,1
47067,4,-0.09573396295309067,Q3_pred_3,3
62681,4,-0.17510372400283813,Q2_pred_2,2
490230,4,-0.06529602408409119,Q4_pred_4,4
364343,5,-0.052221015095710754,Q4_pred_4,4
26931,4,-0.12172485888004303,Q3_pred_3,3
372679,4,-0.10380502045154572,Q3_pred_3,3
120667,4,0.2818037271499634,Q5_pred_5,5
150854,4,-0.12450341135263443,Q3_pred_3,3
267918,4,0.013356249779462814,Q5_pred_5,5
81349,4,-0.20288781821727753,Q2_pred_2,2
85272,4,-0.16190007328987122,Q2_pred_2,2
116229,2,-0.014349766075611115,Q4_pred_4,4
86262,4,-0.021751783788204193,Q4_pred_4,4
79145,4,-0.16133557260036469,Q2_pred_2,2
101621,4,-0.3862922191619873,Q1_pred_1,1
2733,4,-0.06187469884753227,Q4_pred_4,4
368276,4,-0.09924653172492981,Q3_pred_3,3
212610,4,-0.1301330178976059,Q3_pred_3,3
143868,5,-0.0388161763548851,Q4_pred_4,4
89893,4,-0.10815873742103577,Q3_pred_3,3
241477,4,-0.20700573921203613,Q1_pred_1,1
5785,2,-0.16615714132785797,Q2_pred_2,2
18716,3,-0.02004006691277027,Q4_pred_4,4
233410,4,-0.2465682327747345,Q1_pred_1,1
91605,5,-0.1333424150943756,Q3_pred_3,3
67861,4,-0.2639363408088684,Q1_pred_1,1
108042,4,-0.1992984414100647,Q2_pred_2,2
158601,4,-0.08064916729927063,Q3_pred_3,3
360794,4,-0.002184618264436722,Q5_pred_5,5
154334,5,-0.32655197381973267,Q1_pred_1,1
37209,4,-0.11349157989025116,Q3_pred_3,3
78611,2,-0.22912150621414185,Q1_pred_1,1
21412,3,0.046942830085754395,Q5_pred_5,5
86720,4,-0.0977950394153595,Q3_pred_3,3
380806,4,-0.15883563458919525,Q2_pred_2,2
172930,4,-0.054782792925834656,Q4_pred_4,4
170786,3,-0.26296085119247437,Q1_pred_1,1
360239,4,-0.2169436812400818,Q1_pred_1,1
396074,4,-0.25787341594696045,Q1_pred_1,1
162257,4,-0.10015738010406494,Q3_pred_3,3
69478,4,-0.17807894945144653,Q2_pred_2,2
153166,3,-0.11044199764728546,Q3_pred_3,3
81137,4,-0.2221977412700653,Q1_pred_1,1
97378,4,-0.18393240869045258,Q2_pred_2,2
68705,4,-0.12227797508239746,Q3_pred_3,3
107740,3,0.14175945520401,Q5_pred_5,5
27062,2,-0.07807240635156631,Q3_pred_3,3
147164,4,-0.04464428871870041,Q4_pred_4,4
2890,4,-0.2253004014492035,Q1_pred_1,1
195282,5,-0.28061679005622864,Q1_pred_1,1
247391,5,-0.06264092028141022,Q4_pred_4,4
41076,4,-0.24935150146484375,Q1_pred_1,1
64876,4,0.023411571979522705,Q5_pred_5,5
354190,5,-0.32713961601257324,Q1_pred_1,1
55438,5,-0.2834128439426422,Q1_pred_1,1
15254,3,-0.14489096403121948,Q2_pred_2,2
104189,4,-0.18712559342384338,Q2_pred_2,2
151738,4,0.015469461679458618,Q5_pred_5,5
264611,5,-0.022720307111740112,Q4_pred_4,4
277595,3,-0.1740933358669281,Q2_pred_2,2
38423,4,-0.23925696313381195,Q1_pred_1,1
325017,3,-0.024817761033773422,Q4_pred_4,4
73203,3,0.09708227217197418,Q5_pred_5,5
152074,4,-0.1092187762260437,Q3_pred_3,3
80641,5,-0.15143346786499023,Q2_pred_2,2
195219,4,0.18398965895175934,Q5_pred_5,5
1135,2,-0.0611809641122818,Q4_pred_4,4
15961,4,-0.08341391384601593,Q3_pred_3,3
41087,4,-0.29661253094673157,Q1_pred_1,1
108772,4,-0.015663012862205505,Q4_pred_4,4
123688,4,0.019495561718940735,Q5_pred_5,5
271605,4,-0.16905945539474487,Q2_pred_2,2
189416,5,-0.02811598777770996,Q4_pred_4,4
17133,4,-0.2183728814125061,Q1_pred_1,1
264152,4,-0.028075382113456726,Q4_pred_4,4
148547,5,0.07458436489105225,Q5_pred_5,5
53798,4,0.029758676886558533,Q5_pred_5,5
67417,4,-0.049985915422439575,Q4_pred_4,4
71699,4,-0.13330888748168945,Q3_pred_3,3
64777,3,-0.2434745728969574,Q1_pred_1,1
248009,5,-0.2930665612220764,Q1_pred_1,1
25639,5,-0.12405242770910263,Q3_pred_3,3
66618,3,-0.22517545521259308,Q1_pred_1,1
93895,5,-0.01142137497663498,Q4_pred_4,4
13315,5,-0.15448033809661865,Q2_pred_2,2
58079,4,-0.03241834044456482,Q4_pred_4,4
156785,4,-0.23049446940422058,Q1_pred_1,1
409093,4,-0.3307532072067261,Q1_pred_1,1
41725,4,-0.43614089488983154,Q1_pred_1,1
174776,4,-0.051131438463926315,Q4_pred_4,4
190101,4,-0.12236064672470093,Q3_pred_3,3
372683,5,-0.09684520214796066,Q3_pred_3,3
463592,4,-0.001788511872291565,Q5_pred_5,5
371978,4,-0.09599708020687103,Q3_pred_3,3
156715,3,-0.25019824504852295,Q1_pred_1,1
86606,2,-0.31422653794288635,Q1_pred_1,1
42712,4,-0.2656152844429016,Q1_pred_1,1
107736,5,-0.1265161633491516,Q3_pred_3,3
107725,5,-0.1201295256614685,Q3_pred_3,3
13052,4,-0.18765079975128174,Q2_pred_2,2
109122,4,-0.025779807940125465,Q4_pred_4,4
424785,2,-0.02311733365058899,Q4_pred_4,4
78523,2,-0.14303745329380035,Q2_pred_2,2
200955,3,-0.1300336867570877,Q3_pred_3,3
171442,4,-0.22707904875278473,Q1_pred_1,1
233068,4,0.08073899149894714,Q5_pred_5,5
105438,3,-0.3800494968891144,Q1_pred_1,1
76531,4,0.08818911015987396,Q5_pred_5,5
142294,4,-0.2976802587509155,Q1_pred_1,1
361089,4,0.06373439729213715,Q5_pred_5,5
275791,4,0.05933365225791931,Q5_pred_5,5
71812,4,-0.0008366554975509644,Q5_pred_5,5
335347,4,-0.2464543879032135,Q1_pred_1,1
43542,4,-0.3918142318725586,Q1_pred_1,1
348385,4,0.014128997921943665,Q5_pred_5,5
86447,4,-0.0127086341381073,Q4_pred_4,4
102934,4,0.02604411542415619,Q5_pred_5,5
398461,4,0.007455259561538696,Q5_pred_5,5
51207,4,-0.20631591975688934,Q1_pred_1,1
98449,4,-0.1093156486749649,Q3_pred_3,3
102508,4,0.008393585681915283,Q5_pred_5,5
267569,2,-0.2131364792585373,Q1_pred_1,1
80717,4,-0.03594814985990524,Q4_pred_4,4
46237,4,-0.09367584437131882,Q3_pred_3,3
42917,4,0.037810713052749634,Q5_pred_5,5
90438,4,-0.06469087302684784,Q4_pred_4,4
117946,4,-0.056388501077890396,Q4_pred_4,4
212108,4,-0.30642831325531006,Q1_pred_1,1
177811,4,-0.41834601759910583,Q1_pred_1,1
200960,4,-0.059307023882865906,Q4_pred_4,4
20694,4,-0.12050247192382812,Q3_pred_3,3
39169,4,0.05726581811904907,Q5_pred_5,5
50912,4,-0.007735341787338257,Q5_pred_5,5
29476,4,-0.3051358163356781,Q1_pred_1,1
377844,4,-0.15305450558662415,Q2_pred_2,2
85958,4,0.1738133728504181,Q5_pred_5,5
302492,4,-0.15193556249141693,Q2_pred_2,2
125272,4,-0.16214874386787415,Q2_pred_2,2
424071,3,-0.11502203345298767,Q3_pred_3,3
235167,4,-0.060794398188591,Q4_pred_4,4
242688,3,-0.07329417765140533,Q4_pred_4,4
73282,4,-0.11251059174537659,Q3_pred_3,3
5520,3,-0.14564546942710876,Q2_pred_2,2
187662,4,0.11050698161125183,Q5_pred_5,5
57770,4,-0.07437929511070251,Q4_pred_4,4
427134,4,-0.07562506943941116,Q4_pred_4,4
38329,4,0.03285801410675049,Q5_pred_5,5
142216,5,-0.059866197407245636,Q4_pred_4,4
114098,3,-0.14124204218387604,Q2_pred_2,2
142905,4,-0.026323288679122925,Q4_pred_4,4
459706,5,0.06219199299812317,Q5_pred_5,5
142246,4,-0.025206804275512695,Q4_pred_4,4
10661,4,-0.25949856638908386,Q1_pred_1,1
34419,1,0.018656954169273376,Q5_pred_5,5
60777,4,-0.16886577010154724,Q2_pred_2,2
30353,4,0.0025797784328460693,Q5_pred_5,5
105945,3,-0.3857284486293793,Q1_pred_1,1
66155,4,-0.05075943097472191,Q4_pred_4,4
199070,4,0.03050592541694641,Q5_pred_5,5
32311,4,-0.03263212740421295,Q4_pred_4,4
326348,4,-0.06455758213996887,Q4_pred_4,4
56019,4,-0.23734301328659058,Q1_pred_1,1
157599,4,-0.20386558771133423,Q2_pred_2,2
127113,4,-0.08421992510557175,Q3_pred_3,3
78867,4,-0.03286881744861603,Q4_pred_4,4
48359,4,0.09698209166526794,Q5_pred_5,5
102864,4,-0.29391831159591675,Q1_pred_1,1
14009,2,-0.029866032302379608,Q4_pred_4,4
101315,3,-0.04909992218017578,Q4_pred_4,4
385031,4,-0.1771049201488495,Q2_pred_2,2
371997,4,-0.0782136619091034,Q3_pred_3,3
415397,4,-0.014673292636871338,Q4_pred_4,4
343680,4,-0.190395325422287,Q2_pred_2,2
340910,4,-0.106249138712883,Q3_pred_3,3
328052,4,-0.19971194863319397,Q2_pred_2,2
247893,4,-0.2460552155971527,Q1_pred_1,1
92970,5,-0.03276945650577545,Q4_pred_4,4
11066,3,-0.36576569080352783,Q1_pred_1,1
45539,4,-0.1415814459323883,Q2_pred_2,2
40389,3,-0.09810341894626617,Q3_pred_3,3
146675,4,-0.11554589867591858,Q3_pred_3,3
97527,4,-0.009115204215049744,Q4_pred_4,4
188707,3,-0.0291389562189579,Q4_pred_4,4
275522,4,-0.19682000577449799,Q2_pred_2,2
232618,4,-0.11668364703655243,Q3_pred_3,3
178826,4,0.020198732614517212,Q5_pred_5,5
1818,4,-0.22370995581150055,Q1_pred_1,1
21237,2,-0.04977436363697052,Q4_pred_4,4
198038,4,-0.016789719462394714,Q4_pred_4,4
1194,3,-0.028141632676124573,Q4_pred_4,4
373179,4,-0.10528461635112762,Q3_pred_3,3
161427,4,-0.03104192018508911,Q4_pred_4,4
72288,4,-0.2747891843318939,Q1_pred_1,1
354985,3,-0.14679913222789764,Q2_pred_2,2
73188,3,-0.07991817593574524,Q3_pred_3,3
162565,3,-0.16725271940231323,Q2_pred_2,2
366177,4,-0.38095441460609436,Q1_pred_1,1
79045,4,-0.13510675728321075,Q2_pred_2,2
154315,5,-0.32280123233795166,Q1_pred_1,1
210734,5,-0.02156667411327362,Q4_pred_4,4
76169,4,-0.09645993262529373,Q3_pred_3,3
70098,3,-0.2002660632133484,Q2_pred_2,2
382906,4,-0.15601490437984467,Q2_pred_2,2
164118,4,-0.104561448097229,Q3_pred_3,3
40831,4,0.024832256138324738,Q5_pred_5,5
5702,4,-0.0996655821800232,Q3_pred_3,3
150163,4,-0.06789414584636688,Q4_pred_4,4
218889,4,-0.1585555523633957,Q2_pred_2,2
223002,4,-0.32642561197280884,Q1_pred_1,1
26539,3,-0.04593491554260254,Q4_pred_4,4
92000,2,0.01756255328655243,Q5_pred_5,5
77580,4,-0.0027345195412635803,Q5_pred_5,5
372783,4,-0.3005533218383789,Q1_pred_1,1
25232,3,0.001270987093448639,Q5_pred_5,5
52867,3,0.20484638214111328,Q5_pred_5,5
334538,5,0.07249340415000916,Q5_pred_5,5
86420,4,-0.06182461977005005,Q4_pred_4,4
157658,3,-0.051583439111709595,Q4_pred_4,4
50114,4,-0.12516388297080994,Q3_pred_3,3
123399,4,-0.005517363548278809,Q5_pred_5,5
56135,4,-0.18414300680160522,Q2_pred_2,2
124690,4,-0.21954607963562012,Q1_pred_1,1
236352,5,0.06388750672340393,Q5_pred_5,5
5804,2,-0.09536805748939514,Q3_pred_3,3
172364,4,0.08443799614906311,Q5_pred_5,5
369358,4,-0.2065010815858841,Q1_pred_1,1
30199,2,-0.027559354901313782,Q4_pred_4,4
10697,3,-0.30448174476623535,Q1_pred_1,1
179315,4,-0.11406831443309784,Q3_pred_3,3
161267,4,-0.13802087306976318,Q2_pred_2,2
401605,4,-0.22678619623184204,Q1_pred_1,1
108870,4,-0.20999440550804138,Q1_pred_1,1
348244,3,-0.2238229513168335,Q1_pred_1,1
77291,4,0.08959169685840607,Q5_pred_5,5
386203,4,-0.10531940311193466,Q3_pred_3,3
41862,4,-0.15408876538276672,Q2_pred_2,2
51703,3,-0.09642454981803894,Q3_pred_3,3
375541,4,-0.11946581304073334,Q3_pred_3,3
265311,3,-0.01786211133003235,Q4_pred_4,4
151711,4,0.08898043632507324,Q5_pred_5,5
172440,4,-0.1515273153781891,Q2_pred_2,2
50951,4,-0.10098777711391449,Q3_pred_3,3
42352,4,0.16568605601787567,Q5_pred_5,5
89335,5,-0.1552315354347229,Q2_pred_2,2
136878,5,-0.018553949892520905,Q4_pred_4,4
147925,4,-0.1347038447856903,Q2_pred_2,2
93453,4,0.03327621519565582,Q5_pred_5,5
83,4,-0.1453576236963272,Q2_pred_2,2
153620,4,-0.2601901590824127,Q1_pred_1,1
51413,4,-0.011076509952545166,Q4_pred_4,4
128673,5,-0.03498508781194687,Q4_pred_4,4
345263,4,0.005102239549160004,Q5_pred_5,5
92392,4,-0.12842263281345367,Q3_pred_3,3
57147,4,-0.34240153431892395,Q1_pred_1,1
64664,4,0.023395970463752747,Q5_pred_5,5
10729,2,-0.24244722723960876,Q1_pred_1,1
246958,5,-0.04307243227958679,Q4_pred_4,4
77742,4,-0.137348473072052,Q2_pred_2,2
246782,4,-0.43175768852233887,Q1_pred_1,1
343969,4,-0.07319922745227814,Q4_pred_4,4
153657,4,-0.16300442814826965,Q2_pred_2,2
351173,4,-0.07248624414205551,Q4_pred_4,4
222324,4,-0.15366700291633606,Q2_pred_2,2
119658,2,-0.2611699104309082,Q1_pred_1,1
343928,4,-0.06121312454342842,Q4_pred_4,4
10971,4,-0.05641210079193115,Q4_pred_4,4
64743,4,0.1674770712852478,Q5_pred_5,5
386106,3,-0.15048255026340485,Q2_pred_2,2
214697,4,-0.06871315836906433,Q4_pred_4,4
37361,4,-0.1883300244808197,Q2_pred_2,2
13050,4,-0.17959100008010864,Q2_pred_2,2
248176,4,-0.10542479157447815,Q3_pred_3,3
59303,4,-0.05703553557395935,Q4_pred_4,4
387957,4,-0.11401858925819397,Q3_pred_3,3
133230,5,0.0026733875274658203,Q5_pred_5,5
223280,3,-0.07909199595451355,Q3_pred_3,3
161686,4,0.04853934049606323,Q5_pred_5,5
214623,4,-0.06848690658807755,Q4_pred_4,4
374117,5,-0.06739255785942078,Q4_pred_4,4
334100,4,-0.026961803436279297,Q4_pred_4,4
382220,3,0.019067853689193726,Q5_pred_5,5
67199,3,-0.022578224539756775,Q4_pred_4,4
410642,4,-0.30747297406196594,Q1_pred_1,1
268128,4,0.06613269448280334,Q5_pred_5,5
83996,5,-0.10912031680345535,Q3_pred_3,3
277103,5,0.012202233076095581,Q5_pred_5,5
104634,4,-0.34394726157188416,Q1_pred_1,1
358793,3,-0.2533484697341919,Q1_pred_1,1
56294,4,0.17700931429862976,Q5_pred_5,5
334588,4,-0.03849324584007263,Q4_pred_4,4
115504,4,-0.13696956634521484,Q2_pred_2,2
357175,3,-0.2579168677330017,Q1_pred_1,1
415371,2,-0.3140870928764343,Q1_pred_1,1
147944,4,-0.3725302219390869,Q1_pred_1,1
231265,4,-0.16214250028133392,Q2_pred_2,2
153599,5,-0.1606895923614502,Q2_pred_2,2
27927,3,-0.2683756947517395,Q1_pred_1,1
115221,4,-0.05771244317293167,Q4_pred_4,4
37178,4,-0.15483589470386505,Q2_pred_2,2
151285,4,-0.15180933475494385,Q2_pred_2,2
180542,3,-0.21826834976673126,Q1_pred_1,1
152939,3,-0.14397022128105164,Q2_pred_2,2
21621,4,-0.1329565942287445,Q3_pred_3,3
161235,2,-0.07302401959896088,Q4_pred_4,4
40846,4,-0.1246076375246048,Q3_pred_3,3
84574,2,-0.1871035099029541,Q2_pred_2,2
372631,4,-0.23872065544128418,Q1_pred_1,1
35140,3,-0.1523381918668747,Q2_pred_2,2
353103,3,-0.017936229705810547,Q4_pred_4,4
157280,4,-0.2872288227081299,Q1_pred_1,1
127446,3,-0.15757867693901062,Q2_pred_2,2
356790,5,-0.1992066502571106,Q2_pred_2,2
87130,2,-0.13813799619674683,Q2_pred_2,2
246671,5,0.02086964249610901,Q5_pred_5,5
86434,5,-0.062117040157318115,Q4_pred_4,4
391842,4,-0.1617012470960617,Q2_pred_2,2
156602,4,0.0703684389591217,Q5_pred_5,5
183645,3,-0.14431974291801453,Q2_pred_2,2
239671,5,-0.15637308359146118,Q2_pred_2,2
59450,5,0.005578182637691498,Q5_pred_5,5
16430,4,-0.014338567852973938,Q4_pred_4,4
347719,3,-0.05285528302192688,Q4_pred_4,4
58501,3,-0.11720990389585495,Q3_pred_3,3
73108,4,-0.011231541633605957,Q4_pred_4,4
327915,4,-0.22249619662761688,Q1_pred_1,1
320394,4,-0.09489061683416367,Q3_pred_3,3
48322,4,-0.20745646953582764,Q1_pred_1,1
13856,5,-0.20409958064556122,Q2_pred_2,2
65339,2,-0.32143542170524597,Q1_pred_1,1
154097,5,-0.1594507098197937,Q2_pred_2,2
188629,2,-0.13271506130695343,Q3_pred_3,3
222222,4,-0.16150936484336853,Q2_pred_2,2
84867,4,-0.113505057990551,Q3_pred_3,3
159543,4,-0.0984233096241951,Q3_pred_3,3
132987,1,-0.22601398825645447,Q1_pred_1,1
368509,2,-0.2023828625679016,Q2_pred_2,2
24365,4,-0.08317913860082626,Q3_pred_3,3
119385,4,-0.22936585545539856,Q1_pred_1,1
130733,4,0.18562355637550354,Q5_pred_5,5
394909,3,0.06591733545064926,Q5_pred_5,5
31346,3,0.0509774386882782,Q5_pred_5,5
58063,4,-0.048806071281433105,Q4_pred_4,4
217740,4,-0.04951472580432892,Q4_pred_4,4
4052,4,-0.1561478078365326,Q2_pred_2,2
358392,5,-0.24511021375656128,Q1_pred_1,1
164367,4,0.0066375732421875,Q5_pred_5,5
111032,3,-0.14471308887004852,Q2_pred_2,2
127440,4,-0.17834940552711487,Q2_pred_2,2
86837,4,-0.1462821364402771,Q2_pred_2,2
95814,3,-0.13884715735912323,Q2_pred_2,2
124720,4,-0.17172883450984955,Q2_pred_2,2
177804,3,0.13249996304512024,Q5_pred_5,5
146217,4,-0.2222658097743988,Q1_pred_1,1
40049,3,-0.11661234498023987,Q3_pred_3,3
30041,3,-0.2241584062576294,Q1_pred_1,1
164385,4,-0.11641453206539154,Q3_pred_3,3
120970,4,-0.1664193570613861,Q2_pred_2,2
337236,4,-0.14239946007728577,Q2_pred_2,2
31940,4,-0.007643938064575195,Q5_pred_5,5
181896,3,0.027552694082260132,Q5_pred_5,5
264376,3,-0.08425724506378174,Q3_pred_3,3
326721,4,-0.18972207605838776,Q2_pred_2,2
112066,4,-0.1387818455696106,Q2_pred_2,2
395296,3,-0.1106901615858078,Q3_pred_3,3
95818,4,-0.16149266064167023,Q2_pred_2,2
153108,1,-0.3284304440021515,Q1_pred_1,1
236505,5,0.28920578956604004,Q5_pred_5,5
9663,4,-0.09735090285539627,Q3_pred_3,3
86895,4,-0.19220544397830963,Q2_pred_2,2
96458,4,-0.1724724918603897,Q2_pred_2,2
78840,4,0.009695440530776978,Q5_pred_5,5
246113,4,-0.026169247925281525,Q4_pred_4,4
349403,2,-0.12772446870803833,Q3_pred_3,3
13008,4,-0.45183345675468445,Q1_pred_1,1
56552,4,0.056597188115119934,Q5_pred_5,5
117215,1,-0.2107529640197754,Q1_pred_1,1
165170,4,-0.2527662217617035,Q1_pred_1,1
29157,4,-0.212224543094635,Q1_pred_1,1
24598,4,-0.14621365070343018,Q2_pred_2,2
168671,3,-0.09625358879566193,Q3_pred_3,3
32582,4,-0.23061759769916534,Q1_pred_1,1
358276,5,-0.4249638319015503,Q1_pred_1,1
399048,5,-0.11872155964374542,Q3_pred_3,3
85721,3,-0.3103732168674469,Q1_pred_1,1
183635,1,-0.15244519710540771,Q2_pred_2,2
152689,4,-0.1150372326374054,Q3_pred_3,3
68729,4,-0.12362834811210632,Q3_pred_3,3
24984,2,-0.13457068800926208,Q2_pred_2,2
325696,3,-0.16425731778144836,Q2_pred_2,2
89113,4,-0.08148807287216187,Q3_pred_3,3
3004,4,0.07877802848815918,Q5_pred_5,5
136263,2,-0.12030722200870514,Q3_pred_3,3
67872,4,-0.24588742852210999,Q1_pred_1,1
50775,4,-0.20807784795761108,Q1_pred_1,1
164878,4,0.018561653792858124,Q5_pred_5,5
194872,3,-0.2679330110549927,Q1_pred_1,1
423009,4,-0.17100968956947327,Q2_pred_2,2
38561,4,0.10861504077911377,Q5_pred_5,5
92943,5,-0.11197251081466675,Q3_pred_3,3
355102,5,-0.15188664197921753,Q2_pred_2,2
20695,4,-0.19337135553359985,Q2_pred_2,2
379058,4,-0.1529807150363922,Q2_pred_2,2
397673,4,-0.12777116894721985,Q3_pred_3,3
4530,2,-0.2529626488685608,Q1_pred_1,1
5187,4,-0.08858101069927216,Q3_pred_3,3
66785,4,0.03196556866168976,Q5_pred_5,5
80558,4,-0.1405526101589203,Q2_pred_2,2
341189,2,0.09103092551231384,Q5_pred_5,5
214849,4,-0.11259466409683228,Q3_pred_3,3
151611,2,-0.30579739809036255,Q1_pred_1,1
156832,4,0.22642235457897186,Q5_pred_5,5
410868,4,-0.045401766896247864,Q4_pred_4,4
10981,1,-0.25372248888015747,Q1_pred_1,1
20644,4,-0.21727916598320007,Q1_pred_1,1
25704,3,-0.02347164787352085,Q4_pred_4,4
365207,4,-0.1431322693824768,Q2_pred_2,2
59890,4,-0.11268165707588196,Q3_pred_3,3
166919,2,-0.18773044645786285,Q2_pred_2,2
83494,4,-0.07623031735420227,Q4_pred_4,4
189376,5,-0.02586241066455841,Q4_pred_4,4
71138,2,0.05378691107034683,Q5_pred_5,5
57598,4,0.07134653627872467,Q5_pred_5,5
39,3,-0.2014489769935608,Q2_pred_2,2
22717,4,-0.12597942352294922,Q3_pred_3,3
69159,4,-0.20060977339744568,Q2_pred_2,2
388476,4,-0.06455793976783752,Q4_pred_4,4
210602,4,-0.047003693878650665,Q4_pred_4,4
232499,4,-0.14461982250213623,Q2_pred_2,2
358391,4,-0.22888381779193878,Q1_pred_1,1
127644,5,-0.19312092661857605,Q2_pred_2,2
15903,2,-0.09862737357616425,Q3_pred_3,3
36231,4,-0.2151918262243271,Q1_pred_1,1
53474,4,-0.05658414959907532,Q4_pred_4,4
31345,4,0.02650657296180725,Q5_pred_5,5
343939,4,-0.09363694489002228,Q3_pred_3,3
15929,3,-0.1821107268333435,Q2_pred_2,2
113263,2,-0.06839301437139511,Q4_pred_4,4
144260,4,-0.04525747895240784,Q4_pred_4,4
154029,4,-0.25708886981010437,Q1_pred_1,1
168305,4,0.07806450128555298,Q5_pred_5,5
22018,4,-0.025181107223033905,Q4_pred_4,4
382885,4,0.06606882065534592,Q5_pred_5,5
72008,4,-0.3665929138660431,Q1_pred_1,1
214609,4,-0.23964667320251465,Q1_pred_1,1
254384,4,-0.07666181027889252,Q3_pred_3,3
13594,4,0.0762162059545517,Q5_pred_5,5
197947,4,-0.11598002910614014,Q3_pred_3,3
241546,2,0.03304681181907654,Q5_pred_5,5
375068,4,-0.16704826056957245,Q2_pred_2,2
86729,2,0.13417933881282806,Q5_pred_5,5
137444,4,-0.08480487763881683,Q3_pred_3,3
76449,4,-0.09149220585823059,Q3_pred_3,3
50495,4,0.01621176302433014,Q5_pred_5,5
3949,3,-0.2562943994998932,Q1_pred_1,1
15541,4,-0.09751208126544952,Q3_pred_3,3
270695,5,-0.09617896378040314,Q3_pred_3,3
108769,3,0.08383969962596893,Q5_pred_5,5
222356,4,-0.15736524760723114,Q2_pred_2,2
187147,4,-0.21341876685619354,Q1_pred_1,1
383948,3,-0.13181155920028687,Q3_pred_3,3
38969,4,-0.10096916556358337,Q3_pred_3,3
26588,4,-0.40452057123184204,Q1_pred_1,1
39388,4,-0.15236404538154602,Q2_pred_2,2
6987,2,-0.03563535213470459,Q4_pred_4,4
96091,4,-0.12075841426849365,Q3_pred_3,3
32169,4,-0.12647169828414917,Q3_pred_3,3
30143,4,-0.27588656544685364,Q1_pred_1,1
120384,3,-0.17510490119457245,Q2_pred_2,2
143803,4,-0.04662071913480759,Q4_pred_4,4
9364,3,-0.11288115382194519,Q3_pred_3,3
252393,4,-0.06205974519252777,Q4_pred_4,4
91237,4,0.07046303153038025,Q5_pred_5,5
218877,4,-0.0615764856338501,Q4_pred_4,4
32547,3,0.0968838632106781,Q5_pred_5,5
59158,3,-0.42412078380584717,Q1_pred_1,1
38628,4,-0.17179369926452637,Q2_pred_2,2
90351,4,-0.2813364565372467,Q1_pred_1,1
193675,1,-0.15022295713424683,Q2_pred_2,2
195862,4,-0.04997089505195618,Q4_pred_4,4
60802,3,-0.16713327169418335,Q2_pred_2,2
90259,4,-0.31790852546691895,Q1_pred_1,1
19749,3,-0.018155813217163086,Q4_pred_4,4
200551,4,-0.1194259524345398,Q3_pred_3,3
39202,4,0.07514408230781555,Q5_pred_5,5
28672,3,-0.11441895365715027,Q3_pred_3,3
29130,4,-0.19360987842082977,Q2_pred_2,2
23076,4,-0.20329709351062775,Q2_pred_2,2
355912,4,-0.21051400899887085,Q1_pred_1,1
15395,4,0.045387715101242065,Q5_pred_5,5
121301,4,-0.10531345009803772,Q3_pred_3,3
183636,1,-0.1558806449174881,Q2_pred_2,2
17146,3,-0.2755599021911621,Q1_pred_1,1
89124,4,-0.08963552117347717,Q3_pred_3,3
120963,2,-0.2337082326412201,Q1_pred_1,1
3329,4,-0.2503880262374878,Q1_pred_1,1
270470,4,-0.27522772550582886,Q1_pred_1,1
393461,4,-0.18364793062210083,Q2_pred_2,2
418458,4,-0.21796394884586334,Q1_pred_1,1
57496,4,-0.10590019077062607,Q3_pred_3,3
153939,5,-0.1442635953426361,Q2_pred_2,2
91989,3,-0.09138306975364685,Q3_pred_3,3
218177,4,-0.15704680979251862,Q2_pred_2,2
15257,3,-0.13777762651443481,Q2_pred_2,2
348879,3,-0.052749037742614746,Q4_pred_4,4
420054,4,-0.05539051070809364,Q4_pred_4,4
151861,1,-0.23970989882946014,Q1_pred_1,1
365241,3,0.0774218738079071,Q5_pred_5,5
105276,4,-0.12435995042324066,Q3_pred_3,3
237730,3,-0.1614077091217041,Q2_pred_2,2
2615,4,-0.2604067027568817,Q1_pred_1,1
56292,3,-0.17877668142318726,Q2_pred_2,2
411917,4,-0.012007743120193481,Q4_pred_4,4
236508,3,0.17439496517181396,Q5_pred_5,5
15474,4,-0.13590042293071747,Q2_pred_2,2
61893,3,-0.009758174419403076,Q4_pred_4,4
166958,4,-0.15138737857341766,Q2_pred_2,2
111030,4,-0.031008094549179077,Q4_pred_4,4
202301,1,-0.09340012073516846,Q3_pred_3,3
21123,3,-0.04627329856157303,Q4_pred_4,4
11666,4,0.05256739258766174,Q5_pred_5,5
92381,4,-0.19242581725120544,Q2_pred_2,2
202420,1,-0.10700714588165283,Q3_pred_3,3
15749,4,-0.33672499656677246,Q1_pred_1,1
240934,4,-0.29416826367378235,Q1_pred_1,1
128996,4,0.057259753346443176,Q5_pred_5,5
127251,4,-0.20118209719657898,Q2_pred_2,2
103562,3,-0.14583560824394226,Q2_pred_2,2
166050,4,-0.20169579982757568,Q2_pred_2,2
114364,2,-0.12494467198848724,Q3_pred_3,3
214989,3,-0.07153579592704773,Q4_pred_4,4
69760,2,-0.053826894611120224,Q4_pred_4,4
236643,4,0.1035606786608696,Q5_pred_5,5
137463,5,-0.13745951652526855,Q2_pred_2,2
132340,4,-0.23398077487945557,Q1_pred_1,1
36859,3,-0.009924143552780151,Q4_pred_4,4
80798,2,-0.33841556310653687,Q1_pred_1,1
21560,2,-0.13073097169399261,Q3_pred_3,3
417826,4,-0.2484131157398224,Q1_pred_1,1
114079,4,-0.1502733826637268,Q2_pred_2,2
373875,5,-0.31158143281936646,Q1_pred_1,1
40899,4,-0.13755139708518982,Q2_pred_2,2
57446,4,-0.09139148145914078,Q3_pred_3,3
90258,4,0.14445173740386963,Q5_pred_5,5
93640,4,0.0029159337282180786,Q5_pred_5,5
170797,4,0.06411230564117432,Q5_pred_5,5
171349,4,-0.30835050344467163,Q1_pred_1,1
156716,3,-0.23239342868328094,Q1_pred_1,1
432400,4,-0.030409783124923706,Q4_pred_4,4
111650,4,0.06815367192029953,Q5_pred_5,5
396995,3,-0.3274856209754944,Q1_pred_1,1
40455,2,-0.17505277693271637,Q2_pred_2,2
111038,3,-0.03888025879859924,Q4_pred_4,4
4270,4,-0.19445586204528809,Q2_pred_2,2
25607,4,-0.0813983678817749,Q3_pred_3,3
76143,2,-0.08329588174819946,Q3_pred_3,3
399464,3,0.046108320355415344,Q5_pred_5,5
102706,4,-0.07917773723602295,Q3_pred_3,3
101903,4,-0.008760988712310791,Q4_pred_4,4
236545,4,0.12918023765087128,Q5_pred_5,5
11958,4,-0.03963249921798706,Q4_pred_4,4
119844,4,-0.005276769399642944,Q5_pred_5,5
29335,4,-0.3078538775444031,Q1_pred_1,1
261585,4,-0.19919268786907196,Q2_pred_2,2
46729,4,-0.07972735166549683,Q3_pred_3,3
174024,2,0.03253433108329773,Q5_pred_5,5
69368,3,0.0002545006573200226,Q5_pred_5,5
145486,4,-0.24503783881664276,Q1_pred_1,1
477115,4,-0.2986729145050049,Q1_pred_1,1
69027,3,-0.1823335438966751,Q2_pred_2,2
77668,3,-0.2613906264305115,Q1_pred_1,1
369707,4,-0.2202412635087967,Q1_pred_1,1
357454,4,-0.12684418261051178,Q3_pred_3,3
6272,4,0.26419249176979065,Q5_pred_5,5
61787,4,0.06573352217674255,Q5_pred_5,5
388423,4,0.0028758645057678223,Q5_pred_5,5
274153,4,-0.18945211172103882,Q2_pred_2,2
34278,4,-0.18191398680210114,Q2_pred_2,2
105481,3,-0.37404921650886536,Q1_pred_1,1
174105,4,-0.08666388690471649,Q3_pred_3,3
163120,4,-0.07260940223932266,Q4_pred_4,4
407945,1,0.030130352824926376,Q5_pred_5,5
361564,2,-0.29455509781837463,Q1_pred_1,1
13881,4,-0.17128325998783112,Q2_pred_2,2
2438,2,-0.12445288896560669,Q3_pred_3,3
341534,4,0.1120617687702179,Q5_pred_5,5
154059,5,-0.19759632647037506,Q2_pred_2,2
325032,4,-0.013259433209896088,Q4_pred_4,4
60782,4,-0.17487597465515137,Q2_pred_2,2
316686,4,-0.1028614193201065,Q3_pred_3,3
41744,4,-0.156208336353302,Q2_pred_2,2
146835,4,-0.12032893300056458,Q3_pred_3,3
41979,4,-0.18435226380825043,Q2_pred_2,2
143958,4,-0.07050739228725433,Q4_pred_4,4
44051,2,-0.21582375466823578,Q1_pred_1,1
372663,4,-0.19480328261852264,Q2_pred_2,2
162950,4,-0.03823906183242798,Q4_pred_4,4
236617,4,0.13289740681648254,Q5_pred_5,5
248648,4,0.009880423545837402,Q5_pred_5,5
302493,4,-0.1595456749200821,Q2_pred_2,2
246974,4,-0.04307243227958679,Q4_pred_4,4
11369,3,-0.06251499056816101,Q4_pred_4,4
203492,5,0.07809090614318848,Q5_pred_5,5
267501,4,-0.18939106166362762,Q2_pred_2,2
176251,4,-0.17562970519065857,Q2_pred_2,2
253598,4,-0.18251435458660126,Q2_pred_2,2
22887,4,0.22779123485088348,Q5_pred_5,5
355000,3,-0.1661151945590973,Q2_pred_2,2
243944,4,-0.123196542263031,Q3_pred_3,3
251633,4,0.15192356705665588,Q5_pred_5,5
345423,4,-0.047383375465869904,Q4_pred_4,4
2714,2,-0.10873281955718994,Q3_pred_3,3
38983,3,-0.24874234199523926,Q1_pred_1,1
61771,5,0.04085671156644821,Q5_pred_5,5
162395,2,0.06796863675117493,Q5_pred_5,5
58124,4,-0.35609379410743713,Q1_pred_1,1
315923,2,-0.07417198270559311,Q4_pred_4,4
316443,2,-0.11428651213645935,Q3_pred_3,3
96825,4,-0.0260896235704422,Q4_pred_4,4
180920,3,-0.0485815703868866,Q4_pred_4,4
24243,3,-0.24231690168380737,Q1_pred_1,1
21245,3,-0.06989121437072754,Q4_pred_4,4
141160,3,-0.1010245829820633,Q3_pred_3,3
324338,4,-0.05436939001083374,Q4_pred_4,4
38465,3,0.18854141235351562,Q5_pred_5,5
422146,3,-0.14943081140518188,Q2_pred_2,2
358066,5,-0.36377111077308655,Q1_pred_1,1
341509,3,-0.138916015625,Q2_pred_2,2
366034,4,-0.2431756556034088,Q1_pred_1,1
94033,3,-0.1155211329460144,Q3_pred_3,3
104212,4,-0.1511758267879486,Q2_pred_2,2
97635,4,-0.18990951776504517,Q2_pred_2,2
70955,3,-0.1228744313120842,Q3_pred_3,3
214622,2,-0.23313476145267487,Q1_pred_1,1
161678,4,0.12482810020446777,Q5_pred_5,5
123900,4,-0.08492426574230194,Q3_pred_3,3
2531,3,-0.0495305061340332,Q4_pred_4,4
386303,4,-0.1389303356409073,Q2_pred_2,2
166216,4,-0.07458093762397766,Q4_pred_4,4
189420,4,-0.014181695878505707,Q4_pred_4,4
187340,4,-0.036691367626190186,Q4_pred_4,4
153601,4,-0.13125890493392944,Q3_pred_3,3
256205,4,0.14687009155750275,Q5_pred_5,5
158526,4,-0.21991533041000366,Q1_pred_1,1
353953,2,0.007690548896789551,Q5_pred_5,5
412556,3,0.013680785894393921,Q5_pred_5,5
163695,4,0.0068343281745910645,Q5_pred_5,5
69084,2,-0.3132728338241577,Q1_pred_1,1
111124,3,0.020587146282196045,Q5_pred_5,5
149877,4,-0.27571940422058105,Q1_pred_1,1
24507,3,-0.040790341794490814,Q4_pred_4,4
146257,4,-0.16137059032917023,Q2_pred_2,2
477251,4,0.01832171529531479,Q5_pred_5,5
4527,2,-0.21580296754837036,Q1_pred_1,1
115560,3,0.07750336825847626,Q5_pred_5,5
102390,4,0.03802824020385742,Q5_pred_5,5
96090,4,-0.14774376153945923,Q2_pred_2,2
413244,4,-0.04572898522019386,Q4_pred_4,4
18057,1,-0.15063485503196716,Q2_pred_2,2
348873,4,-0.0757594108581543,Q4_pred_4,4
174860,4,-0.06842014193534851,Q4_pred_4,4
72143,4,-0.00992216169834137,Q4_pred_4,4
63063,4,-0.1965923011302948,Q2_pred_2,2
73257,4,-0.17197942733764648,Q2_pred_2,2
55306,3,-0.05645456910133362,Q4_pred_4,4
349263,4,-0.023428477346897125,Q4_pred_4,4
45728,4,0.004571318626403809,Q5_pred_5,5
4285,4,-0.01530294120311737,Q4_pred_4,4
397920,4,0.08998559415340424,Q5_pred_5,5
49898,4,-0.0667409598827362,Q4_pred_4,4
211528,4,-0.2308351844549179,Q1_pred_1,1
81321,4,-0.190384641289711,Q2_pred_2,2
11009,3,-0.3546788692474365,Q1_pred_1,1
6849,2,-0.029737092554569244,Q4_pred_4,4
152802,2,-0.011304765939712524,Q4_pred_4,4
76302,4,-0.07570892572402954,Q4_pred_4,4
120124,4,-0.07591715455055237,Q4_pred_4,4
146569,4,-0.15009260177612305,Q2_pred_2,2
46153,5,-0.03214497119188309,Q4_pred_4,4
28826,4,-0.1673230081796646,Q2_pred_2,2
142622,4,-0.08812536299228668,Q3_pred_3,3
336514,4,-0.012353882193565369,Q4_pred_4,4
485473,4,0.07079961895942688,Q5_pred_5,5
324057,4,0.043831467628479004,Q5_pred_5,5
100253,4,-0.013462886214256287,Q4_pred_4,4
103592,4,-0.1972925364971161,Q2_pred_2,2
373674,3,0.015084117650985718,Q5_pred_5,5
18756,3,-0.11745832860469818,Q3_pred_3,3
80317,4,-0.43597733974456787,Q1_pred_1,1
127162,4,0.0707438588142395,Q5_pred_5,5
44124,2,-0.33310461044311523,Q1_pred_1,1
221548,3,-0.014484614133834839,Q4_pred_4,4
263036,4,-0.12475268542766571,Q3_pred_3,3
39495,4,-0.015141904354095459,Q4_pred_4,4
65576,3,0.034252479672431946,Q5_pred_5,5
248362,4,-0.017225831747055054,Q4_pred_4,4
36129,4,-0.002515748143196106,Q5_pred_5,5
2693,3,-0.08806769549846649,Q3_pred_3,3
65604,4,-0.124383345246315,Q3_pred_3,3
50130,4,-0.42515307664871216,Q1_pred_1,1
189488,4,0.06651553511619568,Q5_pred_5,5
162854,3,-0.09450525045394897,Q3_pred_3,3
24808,3,-0.25678369402885437,Q1_pred_1,1
13323,5,-0.23927141726016998,Q1_pred_1,1
25227,3,-0.04377821832895279,Q4_pred_4,4
23567,4,-0.1104886382818222,Q3_pred_3,3
222648,4,-0.10888984799385071,Q3_pred_3,3
156188,4,-0.1560957431793213,Q2_pred_2,2
58272,4,0.0012002289295196533,Q5_pred_5,5
50332,4,-0.17037035524845123,Q2_pred_2,2
79470,4,-0.13144627213478088,Q3_pred_3,3
425230,4,0.006413191556930542,Q5_pred_5,5
40908,2,-0.136231929063797,Q2_pred_2,2
137940,3,0.09644874930381775,Q5_pred_5,5
142813,5,-0.030882254242897034,Q4_pred_4,4
237682,3,-0.19690239429473877,Q2_pred_2,2
398513,3,-0.13316376507282257,Q3_pred_3,3
254570,4,-0.021602824330329895,Q4_pred_4,4
166171,4,-0.11878064274787903,Q3_pred_3,3
3336,4,-0.2528820335865021,Q1_pred_1,1
108889,5,-0.16077762842178345,Q2_pred_2,2
260246,4,-0.0602455697953701,Q4_pred_4,4
3739,4,-0.18024133145809174,Q2_pred_2,2
78854,4,-0.005738522857427597,Q5_pred_5,5
339656,2,-0.18079382181167603,Q2_pred_2,2
148536,4,0.11023968458175659,Q5_pred_5,5
49315,3,-0.2010864019393921,Q2_pred_2,2
157514,4,-0.11663921177387238,Q3_pred_3,3
79454,4,-0.13815955817699432,Q2_pred_2,2
9544,4,-0.29486268758773804,Q1_pred_1,1
102308,3,0.01798337697982788,Q5_pred_5,5
127360,4,-0.3440011739730835,Q1_pred_1,1
30942,4,-0.2619761526584625,Q1_pred_1,1
361278,4,-0.11099822074174881,Q3_pred_3,3
358163,4,-0.3991923928260803,Q1_pred_1,1
72826,4,-0.10984950512647629,Q3_pred_3,3
377157,2,-0.07635340094566345,Q4_pred_4,4
429076,4,-0.12032832205295563,Q3_pred_3,3
12784,4,-0.12512852251529694,Q3_pred_3,3
24247,4,-0.20818275213241577,Q1_pred_1,1
56154,3,-0.2766200602054596,Q1_pred_1,1
207481,2,-0.09038279950618744,Q3_pred_3,3
32548,3,-0.10533826798200607,Q3_pred_3,3
10549,3,-0.30873358249664307,Q1_pred_1,1
25590,3,-0.23996591567993164,Q1_pred_1,1
50172,4,-0.04822967201471329,Q4_pred_4,4
92934,4,0.0386933833360672,Q5_pred_5,5
348324,2,-0.4369977116584778,Q1_pred_1,1
109244,4,-0.010531485080718994,Q4_pred_4,4
239508,3,-0.05036977678537369,Q4_pred_4,4
138902,4,-0.14956754446029663,Q2_pred_2,2
318838,3,-0.02283504605293274,Q4_pred_4,4
104795,3,-0.061433613300323486,Q4_pred_4,4
49661,4,-0.303360253572464,Q1_pred_1,1
5146,4,-0.07241670042276382,Q4_pred_4,4
102072,4,0.003262341022491455,Q5_pred_5,5
147599,4,-0.05626116693019867,Q4_pred_4,4
96077,3,-0.3330545127391815,Q1_pred_1,1
316440,2,-0.11909401416778564,Q3_pred_3,3
247121,4,-0.06264092028141022,Q4_pred_4,4
48510,4,0.16457638144493103,Q5_pred_5,5
150271,4,0.092892125248909,Q5_pred_5,5
402461,2,0.07611432671546936,Q5_pred_5,5
82698,2,-0.1760309785604477,Q2_pred_2,2
247395,5,-0.05592340975999832,Q4_pred_4,4
347314,4,-0.18446758389472961,Q2_pred_2,2
3896,3,-0.17929308116436005,Q2_pred_2,2
86653,4,-0.028843432664871216,Q4_pred_4,4
138149,2,-0.03898131847381592,Q4_pred_4,4
219110,4,-0.25204741954803467,Q1_pred_1,1
98439,3,-0.11249691247940063,Q3_pred_3,3
15248,2,-0.14396622776985168,Q2_pred_2,2
354694,3,-0.1591101884841919,Q2_pred_2,2
419855,4,-0.1185387596487999,Q3_pred_3,3
239756,4,-0.15298140048980713,Q2_pred_2,2
60801,4,-0.1674022525548935,Q2_pred_2,2
381192,4,0.0009845513850450516,Q5_pred_5,5
116367,4,-0.22912362217903137,Q1_pred_1,1
414225,4,-0.12811897695064545,Q3_pred_3,3
58237,3,0.08357004821300507,Q5_pred_5,5
109871,5,-0.20862969756126404,Q1_pred_1,1
246732,4,-0.4306752681732178,Q1_pred_1,1
434344,3,-0.008154109120368958,Q5_pred_5,5
274058,4,-0.17130382359027863,Q2_pred_2,2
44969,4,-0.04031524434685707,Q4_pred_4,4
415473,4,-0.2482452243566513,Q1_pred_1,1
85620,4,-0.1952511966228485,Q2_pred_2,2
136048,5,0.03952598571777344,Q5_pred_5,5
36871,4,-0.12823329865932465,Q3_pred_3,3
28721,5,-0.11251828819513321,Q3_pred_3,3
184739,4,-0.21877911686897278,Q1_pred_1,1
71080,3,-0.17415563762187958,Q2_pred_2,2
15230,2,-0.2339429408311844,Q1_pred_1,1
40426,3,0.07327565550804138,Q5_pred_5,5
1830,4,-0.22349950671195984,Q1_pred_1,1
237063,3,-0.13648873567581177,Q2_pred_2,2
158980,3,-0.23788058757781982,Q1_pred_1,1
68722,4,-0.07098079472780228,Q4_pred_4,4
274890,3,-0.017944931983947754,Q4_pred_4,4
253532,4,-0.2319457083940506,Q1_pred_1,1
404368,4,-0.05827133357524872,Q4_pred_4,4
23073,4,-0.18810981512069702,Q2_pred_2,2
177809,2,-0.3607174754142761,Q1_pred_1,1
213691,4,-0.11652308702468872,Q3_pred_3,3
40058,3,-0.10543495416641235,Q3_pred_3,3
330564,3,-0.09933769702911377,Q3_pred_3,3
5265,4,-0.14591127634048462,Q2_pred_2,2
120666,2,0.2864382266998291,Q5_pred_5,5
155285,2,0.23825392127037048,Q5_pred_5,5
94407,4,-0.26011601090431213,Q1_pred_1,1
5254,4,-0.17733584344387054,Q2_pred_2,2
253463,4,0.015704482793807983,Q5_pred_5,5
100632,2,-0.20822398364543915,Q1_pred_1,1
22779,2,-0.31665313243865967,Q1_pred_1,1
425662,1,-0.2697669267654419,Q1_pred_1,1
63719,4,-0.28837186098098755,Q1_pred_1,1
241485,4,-0.07267395406961441,Q4_pred_4,4
153876,4,-0.259956955909729,Q1_pred_1,1
153973,4,-0.22165176272392273,Q1_pred_1,1
241484,5,-0.20412315428256989,Q2_pred_2,2
16625,4,-0.03480604290962219,Q4_pred_4,4
118379,4,-0.14061450958251953,Q2_pred_2,2
57458,4,-0.10876859724521637,Q3_pred_3,3
153376,4,0.011232614517211914,Q5_pred_5,5
92890,4,-0.1728724241256714,Q2_pred_2,2
94252,2,-0.2611374855041504,Q1_pred_1,1
147100,2,0.02848261594772339,Q5_pred_5,5
50254,2,-0.2241041660308838,Q1_pred_1,1
323419,3,-0.24699461460113525,Q1_pred_1,1
213890,4,-0.10652639716863632,Q3_pred_3,3
68132,4,-0.014493107795715332,Q4_pred_4,4
153143,4,-0.1183324009180069,Q3_pred_3,3
40619,2,0.01527664065361023,Q5_pred_5,5
246102,3,-0.09159228950738907,Q3_pred_3,3
189359,5,-0.02548891305923462,Q4_pred_4,4
386434,4,-0.18905167281627655,Q2_pred_2,2
119352,4,-0.2430708110332489,Q1_pred_1,1
48703,4,-0.4020082950592041,Q1_pred_1,1
107734,4,-0.060007572174072266,Q4_pred_4,4
146196,4,-0.04807491600513458,Q4_pred_4,4
333769,4,-0.04023882746696472,Q4_pred_4,4
404841,4,-0.10273918509483337,Q3_pred_3,3
39147,3,-0.10645750164985657,Q3_pred_3,3
269584,4,-0.07994982600212097,Q3_pred_3,3
251860,4,-0.006490200757980347,Q5_pred_5,5
355221,5,-0.08351735770702362,Q3_pred_3,3
147810,3,-0.15572133660316467,Q2_pred_2,2
92949,4,-0.026277095079421997,Q4_pred_4,4
192149,4,-0.027886927127838135,Q4_pred_4,4
76650,4,-0.15890191495418549,Q2_pred_2,2
320456,4,-0.06792190670967102,Q4_pred_4,4
158782,4,-0.14418579638004303,Q2_pred_2,2
362760,4,-0.21345916390419006,Q1_pred_1,1
58858,4,0.07771046459674835,Q5_pred_5,5
72302,3,-0.23532380163669586,Q1_pred_1,1
28747,4,-0.1529856026172638,Q2_pred_2,2
180174,4,-0.10022177547216415,Q3_pred_3,3
173746,4,-0.36945009231567383,Q1_pred_1,1
24184,5,-0.14786872267723083,Q2_pred_2,2
173795,4,-0.003880392760038376,Q5_pred_5,5
88408,3,0.00338764488697052,Q5_pred_5,5
323080,4,-0.011434927582740784,Q4_pred_4,4
46684,4,0.11097723245620728,Q5_pred_5,5
116617,4,-0.16062912344932556,Q2_pred_2,2
245639,4,-0.00043198466300964355,Q5_pred_5,5
101676,4,-0.06398071348667145,Q4_pred_4,4
324192,4,-0.047836169600486755,Q4_pred_4,4
3253,3,-0.1489708423614502,Q2_pred_2,2
378684,3,-0.01931643672287464,Q4_pred_4,4
406067,4,-0.14858292043209076,Q2_pred_2,2
119375,4,-0.2496788203716278,Q1_pred_1,1
10785,4,-0.16016384959220886,Q2_pred_2,2
67999,3,-0.3808711767196655,Q1_pred_1,1
17518,1,-0.1958616077899933,Q2_pred_2,2
174030,4,-0.1172700971364975,Q3_pred_3,3
216001,3,-0.254268079996109,Q1_pred_1,1
337373,4,-0.07806763052940369,Q3_pred_3,3
269783,4,-0.08664721995592117,Q3_pred_3,3
416308,2,0.02925977110862732,Q5_pred_5,5
269906,5,-0.06609231978654861,Q4_pred_4,4
270130,4,-0.03725266084074974,Q4_pred_4,4
76609,3,-0.26605916023254395,Q1_pred_1,1
11051,3,-0.31934723258018494,Q1_pred_1,1
46962,4,0.02709493227303028,Q5_pred_5,5
369988,4,-0.16833916306495667,Q2_pred_2,2
410274,4,-0.0956200659275055,Q3_pred_3,3
41568,3,-0.029195502400398254,Q4_pred_4,4
359788,5,-0.09257812798023224,Q3_pred_3,3
64205,3,-0.10841810703277588,Q3_pred_3,3
2723,4,-0.09887927025556564,Q3_pred_3,3
150946,4,-0.031404126435518265,Q4_pred_4,4
20084,4,-0.08932587504386902,Q3_pred_3,3
108358,5,-0.15484404563903809,Q2_pred_2,2
127276,4,-0.16631335020065308,Q2_pred_2,2
41361,3,-0.050695642828941345,Q4_pred_4,4
110265,4,-0.04335951805114746,Q4_pred_4,4
86830,4,-0.15047475695610046,Q2_pred_2,2
410145,4,-0.24062074720859528,Q1_pred_1,1
423748,4,-0.10337680578231812,Q3_pred_3,3
3287,3,-0.22905150055885315,Q1_pred_1,1
107747,4,-0.17905128002166748,Q2_pred_2,2
21866,1,-0.06183159351348877,Q4_pred_4,4
222300,4,-0.15518730878829956,Q2_pred_2,2
167064,3,-0.1409008949995041,Q2_pred_2,2
169544,3,-0.15302006900310516,Q2_pred_2,2
374703,4,-0.15047568082809448,Q2_pred_2,2
366455,4,-0.1390247941017151,Q2_pred_2,2
236660,4,0.1013433039188385,Q5_pred_5,5
149743,4,-0.049218371510505676,Q4_pred_4,4
32446,2,0.0159323588013649,Q5_pred_5,5
288930,3,-0.003313101828098297,Q5_pred_5,5
139095,4,0.12802055478096008,Q5_pred_5,5
32865,4,-0.053521811962127686,Q4_pred_4,4
116899,4,-0.09037413448095322,Q3_pred_3,3
246363,4,-0.07322695106267929,Q4_pred_4,4
332729,4,-0.07707011699676514,Q3_pred_3,3
9573,3,0.22126737236976624,Q5_pred_5,5
127357,3,-0.3012274503707886,Q1_pred_1,1
10094,2,-0.13747771084308624,Q2_pred_2,2
316595,4,-0.11130860447883606,Q3_pred_3,3
92942,4,-0.08616805076599121,Q3_pred_3,3
5663,4,-0.09691814333200455,Q3_pred_3,3
168157,4,-0.17422986030578613,Q2_pred_2,2
196930,4,-0.16880670189857483,Q2_pred_2,2
149763,2,0.07427805662155151,Q5_pred_5,5
199154,3,0.0600099191069603,Q5_pred_5,5
379757,4,-0.1371002197265625,Q2_pred_2,2
131016,4,0.07596522569656372,Q5_pred_5,5
25609,4,-0.07167293131351471,Q4_pred_4,4
395301,4,0.16865122318267822,Q5_pred_5,5
62556,4,-0.15805116295814514,Q2_pred_2,2
374706,4,-0.07134182751178741,Q4_pred_4,4
32151,4,-0.0905153751373291,Q3_pred_3,3
11073,4,-0.05297312140464783,Q4_pred_4,4
347918,4,-0.1417165994644165,Q2_pred_2,2
358213,4,-0.4956528842449188,Q1_pred_1,1
68666,4,-0.11657895147800446,Q3_pred_3,3
45477,4,-0.04097852110862732,Q4_pred_4,4
101731,5,0.1409982144832611,Q5_pred_5,5
114358,4,-0.13241004943847656,Q3_pred_3,3
372046,4,-0.12361733615398407,Q3_pred_3,3
137979,3,-0.03686216473579407,Q4_pred_4,4
28567,4,0.19466441869735718,Q5_pred_5,5
36764,4,-0.10688270628452301,Q3_pred_3,3
86384,4,0.06626182794570923,Q5_pred_5,5
388407,4,-0.03330007195472717,Q4_pred_4,4
16121,4,-0.06962473690509796,Q4_pred_4,4
153999,4,-0.22649364173412323,Q1_pred_1,1
57619,4,0.21542030572891235,Q5_pred_5,5
382857,4,0.06596925109624863,Q5_pred_5,5
236487,4,0.22774069011211395,Q5_pred_5,5
34369,4,0.02996593713760376,Q5_pred_5,5
113764,1,-0.1030748263001442,Q3_pred_3,3
190526,4,-0.23890501260757446,Q1_pred_1,1
50259,4,-0.17151010036468506,Q2_pred_2,2
373193,4,-0.06350196897983551,Q4_pred_4,4
415460,4,-0.24678070843219757,Q1_pred_1,1
189490,4,0.014695718884468079,Q5_pred_5,5
47675,4,-0.08850620687007904,Q3_pred_3,3
191928,4,-0.2288615107536316,Q1_pred_1,1
65435,4,-0.08113610744476318,Q3_pred_3,3
357950,4,-0.45907676219940186,Q1_pred_1,1
106991,4,-0.06451079249382019,Q4_pred_4,4
47847,4,-0.010626286268234253,Q4_pred_4,4
29364,4,-0.23195961117744446,Q1_pred_1,1
50178,4,0.02488487958908081,Q5_pred_5,5
51265,3,-0.16346846520900726,Q2_pred_2,2
146254,4,-0.03091488778591156,Q4_pred_4,4
347322,4,-0.12190423160791397,Q3_pred_3,3
63521,4,-0.14791162312030792,Q2_pred_2,2
219303,4,-0.06604248285293579,Q4_pred_4,4
248945,5,-0.0868007093667984,Q3_pred_3,3
108541,3,-0.11036789417266846,Q3_pred_3,3
160018,4,-0.25000688433647156,Q1_pred_1,1
272038,4,-0.07090088725090027,Q4_pred_4,4
8697,4,-0.16321633756160736,Q2_pred_2,2
24510,3,0.0795058161020279,Q5_pred_5,5
114073,2,-0.05902690440416336,Q4_pred_4,4
107605,3,-0.1720762550830841,Q2_pred_2,2
189360,5,-0.022594138979911804,Q4_pred_4,4
86082,4,0.10439547896385193,Q5_pred_5,5
168484,4,-0.12993457913398743,Q3_pred_3,3
56875,4,-0.3695662319660187,Q1_pred_1,1
51900,4,-0.14074331521987915,Q2_pred_2,2
86443,4,-0.04935091733932495,Q4_pred_4,4
222375,4,-0.05673870071768761,Q4_pred_4,4
20786,4,-0.0963776707649231,Q3_pred_3,3
70375,4,-0.24103568494319916,Q1_pred_1,1
182789,3,-0.33491554856300354,Q1_pred_1,1
474941,4,-0.08999526500701904,Q3_pred_3,3
400586,4,-0.08200326561927795,Q3_pred_3,3
31027,4,-0.20973005890846252,Q1_pred_1,1
366676,2,-0.1536436527967453,Q2_pred_2,2
45115,3,-0.4083157181739807,Q1_pred_1,1
105958,3,-0.36804765462875366,Q1_pred_1,1
344001,4,-0.07824207842350006,Q3_pred_3,3
147685,4,-0.040202319622039795,Q4_pred_4,4
67876,4,-0.27283021807670593,Q1_pred_1,1
83625,4,-0.1490611582994461,Q2_pred_2,2
259528,4,-0.06683851778507233,Q4_pred_4,4
137648,4,-0.13495703041553497,Q2_pred_2,2
388057,4,-0.07797034084796906,Q3_pred_3,3
344077,3,0.01739031821489334,Q5_pred_5,5
355231,4,-0.23199984431266785,Q1_pred_1,1
12957,3,-0.26965007185935974,Q1_pred_1,1
167194,4,-0.11559747159481049,Q3_pred_3,3
29436,3,-0.3037944734096527,Q1_pred_1,1
96980,4,-0.23611000180244446,Q1_pred_1,1
178022,4,-0.008878231048583984,Q4_pred_4,4
187934,3,-0.32701659202575684,Q1_pred_1,1
6851,3,-0.01969071477651596,Q4_pred_4,4
117001,4,-0.06329095363616943,Q4_pred_4,4
84084,4,-0.15419632196426392,Q2_pred_2,2
25381,4,0.257455050945282,Q5_pred_5,5
152548,4,-0.0897570252418518,Q3_pred_3,3
247103,4,-0.1353054940700531,Q2_pred_2,2
146771,4,-0.2539338171482086,Q1_pred_1,1
249474,1,-0.040754035115242004,Q4_pred_4,4
367099,4,-0.24572329223155975,Q1_pred_1,1
8157,4,-0.08366438746452332,Q3_pred_3,3
190915,5,-0.0830635204911232,Q3_pred_3,3
184469,4,-0.24036753177642822,Q1_pred_1,1
424111,2,-0.14619803428649902,Q2_pred_2,2
76555,3,0.03645123541355133,Q5_pred_5,5
356858,5,-0.14093714952468872,Q2_pred_2,2
147018,4,-0.27700275182724,Q1_pred_1,1
28570,4,0.1828298270702362,Q5_pred_5,5
137930,4,0.15160690248012543,Q5_pred_5,5
67750,4,-0.27432844042778015,Q1_pred_1,1
374802,4,-0.211371511220932,Q1_pred_1,1
178560,4,-0.04164537787437439,Q4_pred_4,4
348392,4,0.0438053160905838,Q5_pred_5,5
128100,3,-0.37251782417297363,Q1_pred_1,1
373990,4,-0.09301957488059998,Q3_pred_3,3
5153,4,-0.052169159054756165,Q4_pred_4,4
160040,4,-0.2615742087364197,Q1_pred_1,1
106352,4,0.14883765578269958,Q5_pred_5,5
63696,4,-0.10996280610561371,Q3_pred_3,3
375493,4,-0.08851617574691772,Q3_pred_3,3
388474,4,-0.06295032799243927,Q4_pred_4,4
88914,4,-0.13533532619476318,Q2_pred_2,2
78699,2,-0.25116315484046936,Q1_pred_1,1
382888,4,0.06609579920768738,Q5_pred_5,5
14951,3,-0.14700500667095184,Q2_pred_2,2
383975,4,-0.09533967077732086,Q3_pred_3,3
82716,4,-0.16863179206848145,Q2_pred_2,2
165265,4,-0.05759872496128082,Q4_pred_4,4
182965,5,-0.05054101347923279,Q4_pred_4,4
179352,3,-0.21401983499526978,Q1_pred_1,1
151800,4,-0.16293326020240784,Q2_pred_2,2
208741,4,-0.23389770090579987,Q1_pred_1,1
355220,5,-0.11924336850643158,Q3_pred_3,3
11965,4,-0.10592982172966003,Q3_pred_3,3
72310,3,-0.32713255286216736,Q1_pred_1,1
37943,4,-0.1950834095478058,Q2_pred_2,2
387774,4,-0.016901999711990356,Q4_pred_4,4
249158,3,-0.09545393288135529,Q3_pred_3,3
223294,2,-0.10322612524032593,Q3_pred_3,3
24833,4,-0.14688102900981903,Q2_pred_2,2
391494,4,-0.26399630308151245,Q1_pred_1,1
348386,4,0.005810216069221497,Q5_pred_5,5
142880,5,-0.0414910614490509,Q4_pred_4,4
86824,3,-0.11983397603034973,Q3_pred_3,3
233805,3,0.000769391655921936,Q5_pred_5,5
196378,3,-0.10946385562419891,Q3_pred_3,3
70069,4,-0.012113787233829498,Q4_pred_4,4
400699,4,-0.1774475872516632,Q2_pred_2,2
38590,2,-0.12618306279182434,Q3_pred_3,3
431189,4,-0.08857397735118866,Q3_pred_3,3
50505,3,-0.10113850235939026,Q3_pred_3,3
74820,4,-0.2971861660480499,Q1_pred_1,1
57425,4,-0.17244067788124084,Q2_pred_2,2
170737,4,-0.0721651092171669,Q4_pred_4,4
247374,4,-0.1552148163318634,Q2_pred_2,2
131644,4,0.14729905128479004,Q5_pred_5,5
64279,4,-0.26362642645835876,Q1_pred_1,1
10113,4,-0.22102123498916626,Q1_pred_1,1
371090,3,-0.20468899607658386,Q2_pred_2,2
20935,2,0.22058933973312378,Q5_pred_5,5
408488,4,-0.1341533064842224,Q3_pred_3,3
90435,5,-0.07912762463092804,Q3_pred_3,3
46986,2,-0.23081354796886444,Q1_pred_1,1
233208,4,-0.06976144015789032,Q4_pred_4,4
257553,4,-0.13871699571609497,Q2_pred_2,2
30624,4,0.07848860323429108,Q5_pred_5,5
21625,4,-0.3538149893283844,Q1_pred_1,1
374209,4,-0.16171172261238098,Q2_pred_2,2
323725,4,-0.0652889609336853,Q4_pred_4,4
200712,5,-0.10898275673389435,Q3_pred_3,3
358380,4,-0.265278160572052,Q1_pred_1,1
39301,4,-0.2143275886774063,Q1_pred_1,1
41068,2,-0.2194526046514511,Q1_pred_1,1
214404,2,-0.08084287494421005,Q3_pred_3,3
63852,4,-0.23998889327049255,Q1_pred_1,1
216283,4,-0.048126302659511566,Q4_pred_4,4
253772,4,-0.12475855648517609,Q3_pred_3,3
382222,4,-0.06814698874950409,Q4_pred_4,4
21440,3,-0.11611555516719818,Q3_pred_3,3
164656,3,0.05896566063165665,Q5_pred_5,5
200944,2,-0.07752193510532379,Q3_pred_3,3
192261,4,-0.295948326587677,Q1_pred_1,1
118899,4,0.03944707661867142,Q5_pred_5,5
155280,4,-0.05453449487686157,Q4_pred_4,4
213565,4,-0.2286907434463501,Q1_pred_1,1
38368,3,0.08605065941810608,Q5_pred_5,5
108443,4,-0.22789129614830017,Q1_pred_1,1
154046,4,-0.08617448806762695,Q3_pred_3,3
109570,4,-0.09691065549850464,Q3_pred_3,3
80706,4,0.00380881130695343,Q5_pred_5,5
86675,4,-0.047457724809646606,Q4_pred_4,4
50314,4,-0.16808931529521942,Q2_pred_2,2
34328,4,0.15678195655345917,Q5_pred_5,5
39863,4,-0.21594753861427307,Q1_pred_1,1
25773,4,-0.012296319007873535,Q4_pred_4,4
380400,3,-0.0792941153049469,Q3_pred_3,3
32423,2,0.047315359115600586,Q5_pred_5,5
41964,4,-0.0525842159986496,Q4_pred_4,4
125579,1,-0.13718374073505402,Q2_pred_2,2
165288,3,-0.12858076393604279,Q3_pred_3,3
182356,4,-0.09165839850902557,Q3_pred_3,3
420313,4,-0.09647652506828308,Q3_pred_3,3
5193,4,-0.09492312371730804,Q3_pred_3,3
68438,4,0.047340333461761475,Q5_pred_5,5
59006,3,-0.24309450387954712,Q1_pred_1,1
193810,2,-0.1885022222995758,Q2_pred_2,2
106560,3,-0.3138190507888794,Q1_pred_1,1
89385,4,-0.14340616762638092,Q2_pred_2,2
354841,4,-0.19126258790493011,Q2_pred_2,2
165997,4,-0.10299994051456451,Q3_pred_3,3
260471,2,-0.07253335416316986,Q4_pred_4,4
92577,5,-0.09078475087881088,Q3_pred_3,3
150030,3,-0.2044317126274109,Q2_pred_2,2
231642,4,-0.12907615303993225,Q3_pred_3,3
116228,3,-0.20169174671173096,Q2_pred_2,2
72577,4,-0.07811720669269562,Q3_pred_3,3
85684,4,-0.17192016541957855,Q2_pred_2,2
36044,4,0.17747539281845093,Q5_pred_5,5
24818,4,-0.14464013278484344,Q2_pred_2,2
68440,4,0.042963236570358276,Q5_pred_5,5
175417,4,-0.2118498980998993,Q1_pred_1,1
18966,4,0.01016727089881897,Q5_pred_5,5
38181,4,0.07767140865325928,Q5_pred_5,5
9923,3,-0.23096506297588348,Q1_pred_1,1
10899,4,-0.2899699807167053,Q1_pred_1,1
247902,4,-0.23683446645736694,Q1_pred_1,1
162103,4,0.12333983182907104,Q5_pred_5,5
97287,4,0.042698293924331665,Q5_pred_5,5
13904,4,-0.2544819116592407,Q1_pred_1,1
246368,3,-0.051557913422584534,Q4_pred_4,4
388056,4,-0.04592160880565643,Q4_pred_4,4
52404,3,-0.277615487575531,Q1_pred_1,1
29302,4,-0.3137684762477875,Q1_pred_1,1
429063,4,-0.11123767495155334,Q3_pred_3,3
50201,3,-0.13907571136951447,Q2_pred_2,2
239202,4,-0.14174126088619232,Q2_pred_2,2
10758,4,-0.20249643921852112,Q2_pred_2,2
421642,4,-0.08176962286233902,Q3_pred_3,3
188084,4,0.002136319875717163,Q5_pred_5,5
359185,4,-0.2955005168914795,Q1_pred_1,1
56030,4,-0.2564709484577179,Q1_pred_1,1
245197,4,-0.22082193195819855,Q1_pred_1,1
119320,5,-0.22023625671863556,Q1_pred_1,1
50445,4,-0.2427312433719635,Q1_pred_1,1
106883,4,-0.2142401933670044,Q1_pred_1,1
14227,4,-0.10213981568813324,Q3_pred_3,3
142860,5,-0.05298237502574921,Q4_pred_4,4
98645,4,0.008503139019012451,Q5_pred_5,5
127364,3,-0.1865379363298416,Q2_pred_2,2
168514,4,-0.07727058976888657,Q3_pred_3,3
261299,3,-0.12486258149147034,Q3_pred_3,3
130715,4,0.17465251684188843,Q5_pred_5,5
34373,4,-0.09236789494752884,Q3_pred_3,3
114115,4,-0.18815644085407257,Q2_pred_2,2
333923,4,-0.06989267468452454,Q4_pred_4,4
55093,4,-0.003750026226043701,Q5_pred_5,5
345966,2,-0.022316332906484604,Q4_pred_4,4
24106,4,0.12071730196475983,Q5_pred_5,5
118384,2,-0.1719253659248352,Q2_pred_2,2
40011,3,0.11381953954696655,Q5_pred_5,5
69157,2,-0.23628246784210205,Q1_pred_1,1
61214,4,0.054889023303985596,Q5_pred_5,5
19247,4,0.05182608962059021,Q5_pred_5,5
354103,4,-0.07370536029338837,Q4_pred_4,4
380753,4,-0.15330496430397034,Q2_pred_2,2
80683,5,-0.148426353931427,Q2_pred_2,2
373004,5,-0.19758954644203186,Q2_pred_2,2
15746,4,-0.40527117252349854,Q1_pred_1,1
247776,4,-0.2073303759098053,Q1_pred_1,1
27930,4,-0.12738695740699768,Q3_pred_3,3
401987,4,-0.07062801718711853,Q4_pred_4,4
13037,4,-0.1869150847196579,Q2_pred_2,2
65718,4,-0.19508132338523865,Q2_pred_2,2
90432,4,-0.062461912631988525,Q4_pred_4,4
69432,4,-0.11374983191490173,Q3_pred_3,3
259977,4,-0.016488555818796158,Q4_pred_4,4
55721,4,-0.19056107103824615,Q2_pred_2,2
233617,4,-0.23104140162467957,Q1_pred_1,1
236522,5,0.13415387272834778,Q5_pred_5,5
387360,5,-0.11446695029735565,Q3_pred_3,3
44962,5,-0.04045858234167099,Q4_pred_4,4
415458,2,-0.02096080780029297,Q4_pred_4,4
92921,5,-0.01736772060394287,Q4_pred_4,4
62457,4,0.2043626308441162,Q5_pred_5,5
31934,4,-0.03789018094539642,Q4_pred_4,4
70383,4,-0.24108588695526123,Q1_pred_1,1
372702,5,-0.21162967383861542,Q1_pred_1,1
181540,5,0.006660059094429016,Q5_pred_5,5
153337,4,-0.19154402613639832,Q2_pred_2,2
128005,3,-0.15353895723819733,Q2_pred_2,2
53882,4,-0.20376494526863098,Q2_pred_2,2
4227,5,-0.1375419944524765,Q2_pred_2,2
117496,3,-0.06500017642974854,Q4_pred_4,4
154698,3,-0.06399530172348022,Q4_pred_4,4
185812,2,-0.23161575198173523,Q1_pred_1,1
327661,4,-0.18936961889266968,Q2_pred_2,2
54949,3,0.001675337553024292,Q5_pred_5,5
50185,2,-0.1633540391921997,Q2_pred_2,2
90738,4,-0.12598100304603577,Q3_pred_3,3
201009,5,0.04378010332584381,Q5_pred_5,5
16797,4,0.07788024842739105,Q5_pred_5,5
390313,2,-0.19290906190872192,Q2_pred_2,2
165166,3,-0.26428163051605225,Q1_pred_1,1
373675,3,0.044699251651763916,Q5_pred_5,5
34073,2,-0.1552165150642395,Q2_pred_2,2
60065,4,-0.07371319830417633,Q4_pred_4,4
160538,3,-0.2124936878681183,Q1_pred_1,1
137907,4,0.09409809112548828,Q5_pred_5,5
54539,4,0.00219687819480896,Q5_pred_5,5
86579,3,-0.09945593774318695,Q3_pred_3,3
328846,4,0.09318351745605469,Q5_pred_5,5
346492,3,-0.2155686765909195,Q1_pred_1,1
26368,4,-0.2796076536178589,Q1_pred_1,1
33411,4,-0.12417621910572052,Q3_pred_3,3
93854,5,-0.010707654058933258,Q4_pred_4,4
111033,4,-0.027446560561656952,Q4_pred_4,4
55896,4,-0.07357582449913025,Q4_pred_4,4
15916,4,-0.13168254494667053,Q3_pred_3,3
4576,1,-0.2183884084224701,Q1_pred_1,1
34663,4,-0.419750452041626,Q1_pred_1,1
57029,4,-0.075908362865448,Q4_pred_4,4
73735,1,0.0489804744720459,Q5_pred_5,5
79265,4,0.0786181390285492,Q5_pred_5,5
9224,3,-0.2351590245962143,Q1_pred_1,1
107078,5,-0.09630011022090912,Q3_pred_3,3
254583,5,-0.02307155728340149,Q4_pred_4,4
108572,4,-0.11551395058631897,Q3_pred_3,3
73115,2,-0.07617257535457611,Q4_pred_4,4
355832,5,-0.37950679659843445,Q1_pred_1,1
345,4,-0.08572928607463837,Q3_pred_3,3
339625,4,0.056808993220329285,Q5_pred_5,5
439994,3,-0.03174716234207153,Q4_pred_4,4
79771,4,-0.16532227396965027,Q2_pred_2,2
29955,5,0.052343785762786865,Q5_pred_5,5
361045,4,-0.11646905541419983,Q3_pred_3,3
26898,4,-0.10518850386142731,Q3_pred_3,3
38514,4,-0.4323124885559082,Q1_pred_1,1
107053,4,-0.10013265907764435,Q3_pred_3,3
98994,3,-0.14492356777191162,Q2_pred_2,2
104111,4,-0.2662084698677063,Q1_pred_1,1
244667,3,-0.13643893599510193,Q2_pred_2,2
434449,4,-0.07544344663619995,Q4_pred_4,4
275422,4,-0.11928205192089081,Q3_pred_3,3
48989,3,-0.25951099395751953,Q1_pred_1,1
28933,5,-0.26090338826179504,Q1_pred_1,1
275788,5,0.020104750990867615,Q5_pred_5,5
423743,4,-0.08211342990398407,Q3_pred_3,3
262326,4,-0.40760427713394165,Q1_pred_1,1
113288,3,-0.07853950560092926,Q3_pred_3,3
417452,4,-0.07910312712192535,Q3_pred_3,3
274997,4,-0.12522286176681519,Q3_pred_3,3
68904,4,-0.13210883736610413,Q3_pred_3,3
43187,4,0.0341155081987381,Q5_pred_5,5
372655,4,-0.22099517285823822,Q1_pred_1,1
220597,4,-0.04408003017306328,Q4_pred_4,4
17437,3,0.04360970854759216,Q5_pred_5,5
97228,5,-0.016562968492507935,Q4_pred_4,4
359126,4,-0.0482003353536129,Q4_pred_4,4
10861,3,-0.24785499274730682,Q1_pred_1,1
202498,4,-0.09238964319229126,Q3_pred_3,3
72984,3,-0.12967932224273682,Q3_pred_3,3
201002,4,-0.07365034520626068,Q4_pred_4,4
65889,4,-0.0534609779715538,Q4_pred_4,4
240779,4,-0.11258161067962646,Q3_pred_3,3
43244,4,-0.1759117692708969,Q2_pred_2,2
80672,5,-0.08079469203948975,Q3_pred_3,3
160539,3,-0.180795356631279,Q2_pred_2,2
115567,4,0.005582630634307861,Q5_pred_5,5
113328,3,-0.160780131816864,Q2_pred_2,2
344020,3,-0.1868031620979309,Q2_pred_2,2
262233,5,0.08359271287918091,Q5_pred_5,5
259687,4,-0.1198311299085617,Q3_pred_3,3
45203,4,-0.13612136244773865,Q2_pred_2,2
26514,4,-0.2798551023006439,Q1_pred_1,1
162685,4,0.03373415023088455,Q5_pred_5,5
53570,3,0.00616050511598587,Q5_pred_5,5
108196,4,-0.22722387313842773,Q1_pred_1,1
358471,5,-0.28413665294647217,Q1_pred_1,1
18660,4,-0.14612850546836853,Q2_pred_2,2
16838,3,0.027450665831565857,Q5_pred_5,5
40347,3,0.015890449285507202,Q5_pred_5,5
50413,4,-0.09230569750070572,Q3_pred_3,3
158592,3,-0.09283868968486786,Q3_pred_3,3
101318,3,-0.2747133672237396,Q1_pred_1,1
166101,4,-0.02774977684020996,Q4_pred_4,4
5108,4,-0.1720738708972931,Q2_pred_2,2
78804,3,-0.1357637345790863,Q2_pred_2,2
88300,4,-0.15352259576320648,Q2_pred_2,2
6059,3,-0.16672766208648682,Q2_pred_2,2
69434,3,-0.11538004875183105,Q3_pred_3,3
266753,2,-0.04230642318725586,Q4_pred_4,4
181757,4,-0.29398369789123535,Q1_pred_1,1
25293,4,-0.12747317552566528,Q3_pred_3,3
29841,4,0.00266951322555542,Q5_pred_5,5
89261,5,-0.12018467485904694,Q3_pred_3,3
168725,4,-0.04779061675071716,Q4_pred_4,4
113333,3,-0.26797983050346375,Q1_pred_1,1
66494,2,-0.11287614703178406,Q3_pred_3,3
359804,5,-0.15062910318374634,Q2_pred_2,2
211503,3,-0.07341297715902328,Q4_pred_4,4
15246,2,-0.14185456931591034,Q2_pred_2,2
87682,3,-0.10022768378257751,Q3_pred_3,3
137573,5,-0.07432781159877777,Q4_pred_4,4
8528,4,-0.1698651909828186,Q2_pred_2,2
5511,4,-0.07324899733066559,Q4_pred_4,4
59973,4,-0.08521924912929535,Q3_pred_3,3
71190,4,-0.16926166415214539,Q2_pred_2,2
386117,2,-0.20591837167739868,Q1_pred_1,1
96096,4,-0.16090095043182373,Q2_pred_2,2
184606,4,-0.08400405198335648,Q3_pred_3,3
474943,5,-0.09140554815530777,Q3_pred_3,3
127290,3,-0.17231902480125427,Q2_pred_2,2
188825,4,-0.040019989013671875,Q4_pred_4,4
428781,4,-0.03401714563369751,Q4_pred_4,4
247272,5,-0.12497930228710175,Q3_pred_3,3
136666,4,0.0124034583568573,Q5_pred_5,5
105964,4,-0.3228045701980591,Q1_pred_1,1
61580,3,-0.2543673813343048,Q1_pred_1,1
140519,5,-0.1387336403131485,Q2_pred_2,2
87259,5,0.09912998974323273,Q5_pred_5,5
321133,4,-0.23562191426753998,Q1_pred_1,1
378275,4,-0.11026021093130112,Q3_pred_3,3
21665,3,-0.1460011899471283,Q2_pred_2,2
43259,5,-0.09301801025867462,Q3_pred_3,3
97032,4,-0.2356012612581253,Q1_pred_1,1
101409,4,0.044978171586990356,Q5_pred_5,5
111171,4,-0.19318751990795135,Q2_pred_2,2
155637,4,-0.2224121391773224,Q1_pred_1,1
152566,4,-0.07492585480213165,Q4_pred_4,4
82322,4,-0.36916711926460266,Q1_pred_1,1
476977,4,-0.11469826102256775,Q3_pred_3,3
239513,3,0.031052321195602417,Q5_pred_5,5
36534,3,-0.2352522313594818,Q1_pred_1,1
241461,4,0.026710867881774902,Q5_pred_5,5
176126,4,0.08882538974285126,Q5_pred_5,5
71608,4,-0.0927000343799591,Q3_pred_3,3
92367,4,-0.09977850317955017,Q3_pred_3,3
102533,4,0.009281568229198456,Q5_pred_5,5
465902,5,-0.04247816652059555,Q4_pred_4,4
242230,4,-0.13139310479164124,Q3_pred_3,3
109900,5,-0.1968575417995453,Q2_pred_2,2
98290,4,-0.11165178567171097,Q3_pred_3,3
367302,4,-0.10694508254528046,Q3_pred_3,3
66131,4,-0.026057574898004532,Q4_pred_4,4
83703,4,0.030848994851112366,Q5_pred_5,5
28932,5,-0.2487080991268158,Q1_pred_1,1
388840,5,-0.07235382497310638,Q4_pred_4,4
63827,4,-0.14767077565193176,Q2_pred_2,2
99002,5,-0.04002930223941803,Q4_pred_4,4
36394,4,-0.09815873950719833,Q3_pred_3,3
58386,2,-0.40545085072517395,Q1_pred_1,1
387225,4,0.002397581934928894,Q5_pred_5,5
105478,4,-0.394050657749176,Q1_pred_1,1
271947,4,-0.1105629950761795,Q3_pred_3,3
39389,4,-0.15322215855121613,Q2_pred_2,2
236326,4,-0.10775302350521088,Q3_pred_3,3
247967,5,-0.22058218717575073,Q1_pred_1,1
338220,3,-0.16611652076244354,Q2_pred_2,2
248713,5,-0.0430622398853302,Q4_pred_4,4
160373,5,-0.1412777602672577,Q2_pred_2,2
193842,4,-0.13747619092464447,Q2_pred_2,2
246871,4,-0.39493080973625183,Q1_pred_1,1
8434,4,-0.127302885055542,Q3_pred_3,3
239751,3,-0.3235725462436676,Q1_pred_1,1
353528,4,0.06311988830566406,Q5_pred_5,5
133442,4,-0.09384351968765259,Q3_pred_3,3
82808,4,-0.2984139919281006,Q1_pred_1,1
239870,4,-0.16687794029712677,Q2_pred_2,2
251091,5,-0.00856199860572815,Q4_pred_4,4
16250,5,-0.05465862154960632,Q4_pred_4,4
25824,4,-0.2732372283935547,Q1_pred_1,1
410427,4,-0.13451917469501495,Q2_pred_2,2
54458,4,0.1570492386817932,Q5_pred_5,5
100861,4,-0.06700066477060318,Q4_pred_4,4
15352,4,-0.22602906823158264,Q1_pred_1,1
76469,4,-0.41062426567077637,Q1_pred_1,1
142578,4,-0.05300184339284897,Q4_pred_4,4
355115,5,-0.21976278722286224,Q1_pred_1,1
143393,5,-0.05322490632534027,Q4_pred_4,4
130872,3,-0.010503113269805908,Q4_pred_4,4
416438,5,0.012249290943145752,Q5_pred_5,5
10802,4,-0.26178044080734253,Q1_pred_1,1
79703,4,-0.07090988755226135,Q4_pred_4,4
151223,4,-0.09742656350135803,Q3_pred_3,3
114429,4,-0.020023874938488007,Q4_pred_4,4
721,4,-0.15032997727394104,Q2_pred_2,2
176021,4,0.04388675093650818,Q5_pred_5,5
48988,4,-0.06738953292369843,Q4_pred_4,4
240079,3,-0.1842612624168396,Q2_pred_2,2
377084,3,-0.06960166990756989,Q4_pred_4,4
97150,1,-0.23047704994678497,Q1_pred_1,1
214866,4,-0.03733685612678528,Q4_pred_4,4
374978,5,-0.1761271208524704,Q2_pred_2,2
252320,4,-0.03645622730255127,Q4_pred_4,4
72287,5,-0.31635016202926636,Q1_pred_1,1
8380,4,-0.15758228302001953,Q2_pred_2,2
427375,4,-0.023659907281398773,Q4_pred_4,4
40448,4,0.045626819133758545,Q5_pred_5,5
5151,4,-0.06924808770418167,Q4_pred_4,4
156801,3,-0.24773915112018585,Q1_pred_1,1
108509,4,-0.09530254453420639,Q3_pred_3,3
477507,4,-0.10736359655857086,Q3_pred_3,3
374220,5,-0.13631948828697205,Q2_pred_2,2
174168,4,-0.0435316264629364,Q4_pred_4,4
265110,4,-0.03802723437547684,Q4_pred_4,4
149252,4,0.006623297929763794,Q5_pred_5,5
15919,4,-0.13094507157802582,Q3_pred_3,3
349956,4,-0.022619977593421936,Q4_pred_4,4
69962,4,-0.11108715832233429,Q3_pred_3,3
13853,4,-0.24395789206027985,Q1_pred_1,1
163688,5,-0.16891790926456451,Q2_pred_2,2
344017,4,-0.18312357366085052,Q2_pred_2,2
54465,4,0.19408400356769562,Q5_pred_5,5
188066,4,-0.12327644228935242,Q3_pred_3,3
418513,4,0.01137252151966095,Q5_pred_5,5
476803,4,-0.32782602310180664,Q1_pred_1,1
108157,5,-0.1439683437347412,Q2_pred_2,2
82671,3,-0.016973555088043213,Q4_pred_4,4
78630,2,-0.31602367758750916,Q1_pred_1,1
336994,4,-0.04049679636955261,Q4_pred_4,4
337721,4,-0.057219959795475006,Q4_pred_4,4
128795,5,0.08581340312957764,Q5_pred_5,5
27256,4,0.05022871494293213,Q5_pred_5,5
189237,4,0.004259020090103149,Q5_pred_5,5
55017,3,-0.024868175387382507,Q4_pred_4,4
347862,4,-0.03485211730003357,Q4_pred_4,4
90082,4,-0.09339971095323563,Q3_pred_3,3
20188,4,-0.11883887648582458,Q3_pred_3,3
26969,4,-0.18482615053653717,Q2_pred_2,2
61914,3,-0.019662484526634216,Q4_pred_4,4
222061,3,-0.28694215416908264,Q1_pred_1,1
183597,4,-0.08032691478729248,Q3_pred_3,3
61873,4,-0.009512543678283691,Q4_pred_4,4
146465,4,-0.09390716254711151,Q3_pred_3,3
426783,3,0.17338351905345917,Q5_pred_5,5
63507,4,-0.14870892465114594,Q2_pred_2,2
386492,4,0.04142874479293823,Q5_pred_5,5
358048,4,-0.43731051683425903,Q1_pred_1,1
29447,5,-0.3155760169029236,Q1_pred_1,1
413742,4,-0.14262033998966217,Q2_pred_2,2
5810,5,-0.15960240364074707,Q2_pred_2,2
474938,4,-0.08983226865530014,Q3_pred_3,3
66889,3,-0.1347307562828064,Q2_pred_2,2
31376,4,-0.25302791595458984,Q1_pred_1,1
330762,3,-0.2049781084060669,Q2_pred_2,2
137418,4,-0.1192818358540535,Q3_pred_3,3
42241,5,-0.25684767961502075,Q1_pred_1,1
270741,4,-0.1341625154018402,Q3_pred_3,3
47589,3,-0.206618994474411,Q1_pred_1,1
40861,3,0.09903624653816223,Q5_pred_5,5
196068,4,-0.08433573693037033,Q3_pred_3,3
114100,4,-0.04736718907952309,Q4_pred_4,4
84693,4,-0.04171505570411682,Q4_pred_4,4
79489,4,-0.11144667863845825,Q3_pred_3,3
355186,4,-0.13787302374839783,Q2_pred_2,2
173690,4,-0.2768441140651703,Q1_pred_1,1
10925,4,-0.2749967873096466,Q1_pred_1,1
231468,4,-0.07893069088459015,Q3_pred_3,3
371224,4,0.05943554639816284,Q5_pred_5,5
48577,2,-0.27426281571388245,Q1_pred_1,1
126567,4,-0.13585036993026733,Q2_pred_2,2
61285,4,-0.05848759412765503,Q4_pred_4,4
395197,4,-0.09601792693138123,Q3_pred_3,3
6203,3,-0.1961170732975006,Q2_pred_2,2
88302,4,-0.030224207788705826,Q4_pred_4,4
90277,3,0.18373394012451172,Q5_pred_5,5
199150,4,0.02480483055114746,Q5_pred_5,5
28620,3,-0.29033660888671875,Q1_pred_1,1
54452,3,-0.15370219945907593,Q2_pred_2,2
117545,3,0.0032360851764678955,Q5_pred_5,5
159987,4,-0.1726861298084259,Q2_pred_2,2
11646,5,0.0676465630531311,Q5_pred_5,5
4179,2,0.003521263599395752,Q5_pred_5,5
7602,3,0.1879376471042633,Q5_pred_5,5
108880,5,-0.20591016113758087,Q1_pred_1,1
133100,4,-0.08874010294675827,Q3_pred_3,3
156802,3,-0.22064074873924255,Q1_pred_1,1
29441,4,-0.3001672029495239,Q1_pred_1,1
58948,1,-0.14913420379161835,Q2_pred_2,2
268844,4,-0.17602568864822388,Q2_pred_2,2
140703,2,-0.2803860008716583,Q1_pred_1,1
189407,5,-0.0241372212767601,Q4_pred_4,4
132711,4,0.16268497705459595,Q5_pred_5,5
120760,2,-0.27841681241989136,Q1_pred_1,1
162230,4,-0.06664244830608368,Q4_pred_4,4
14160,2,-0.042507901787757874,Q4_pred_4,4
177252,5,-0.017263412475585938,Q4_pred_4,4
245410,4,-0.04593509063124657,Q4_pred_4,4
24810,4,-0.32833510637283325,Q1_pred_1,1
383565,4,-0.22424131631851196,Q1_pred_1,1
121295,5,-0.013559401035308838,Q4_pred_4,4
252295,2,-0.15663884580135345,Q2_pred_2,2
236291,3,-0.11574527621269226,Q3_pred_3,3
137939,3,0.11739995330572128,Q5_pred_5,5
157911,4,-0.19916878640651703,Q2_pred_2,2
327035,4,-0.18698254227638245,Q2_pred_2,2
39410,2,-0.0838901549577713,Q3_pred_3,3
10936,3,-0.2834286093711853,Q1_pred_1,1
79936,3,-0.02677346020936966,Q4_pred_4,4
183744,3,-0.06305396556854248,Q4_pred_4,4
1198,4,-0.2854439318180084,Q1_pred_1,1
107845,4,-0.07901815325021744,Q3_pred_3,3
341507,4,-0.2547509968280792,Q1_pred_1,1
3842,2,-0.2105976641178131,Q1_pred_1,1
8797,3,-0.20441250503063202,Q2_pred_2,2
141808,2,-0.05233682692050934,Q4_pred_4,4
1412,2,-0.4927716851234436,Q1_pred_1,1
5361,3,-0.06394828855991364,Q4_pred_4,4
82228,1,-0.2730053961277008,Q1_pred_1,1
124488,3,-0.1624208390712738,Q2_pred_2,2
220590,4,-0.12478719651699066,Q3_pred_3,3
128060,3,-0.3868754506111145,Q1_pred_1,1
156744,4,-0.23935315012931824,Q1_pred_1,1
67280,1,-0.1835658997297287,Q2_pred_2,2
333659,3,-0.1232662945985794,Q3_pred_3,3
248117,4,0.06771034002304077,Q5_pred_5,5
132110,3,-0.12761110067367554,Q3_pred_3,3
156704,4,-0.23831287026405334,Q1_pred_1,1
15566,4,-0.11194920539855957,Q3_pred_3,3
50655,2,-0.3559955954551697,Q1_pred_1,1
114507,4,0.24581071734428406,Q5_pred_5,5
427338,3,0.01680593192577362,Q5_pred_5,5
434183,3,-0.13276711106300354,Q3_pred_3,3
160371,4,-0.14497876167297363,Q2_pred_2,2
90022,3,-0.29554784297943115,Q1_pred_1,1
161923,2,0.01743033528327942,Q5_pred_5,5
28253,4,-0.2546086311340332,Q1_pred_1,1
96814,4,-0.24771472811698914,Q1_pred_1,1
179264,4,-0.1863686889410019,Q2_pred_2,2
111737,4,-0.20773713290691376,Q1_pred_1,1
362919,4,-0.17451877892017365,Q2_pred_2,2
89724,3,-0.0897986963391304,Q3_pred_3,3
264097,4,0.05055704712867737,Q5_pred_5,5
28648,4,0.04975545406341553,Q5_pred_5,5
276669,3,-0.22975505888462067,Q1_pred_1,1
350109,4,-0.03964550793170929,Q4_pred_4,4
119201,4,-0.19309759140014648,Q2_pred_2,2
10800,3,-0.2607933580875397,Q1_pred_1,1
219636,2,-0.13073650002479553,Q3_pred_3,3
188031,2,-0.18187013268470764,Q2_pred_2,2
79618,4,-0.0893910825252533,Q3_pred_3,3
318555,4,-0.07079952955245972,Q4_pred_4,4
71914,2,-0.32430300116539,Q1_pred_1,1
31796,3,-0.10053710639476776,Q3_pred_3,3
204640,3,-0.45351994037628174,Q1_pred_1,1
17943,2,-0.012735962867736816,Q4_pred_4,4
28735,4,-0.09159586578607559,Q3_pred_3,3
144613,4,-0.07310542464256287,Q4_pred_4,4
126554,4,-0.16286346316337585,Q2_pred_2,2
354426,5,-0.05893886089324951,Q4_pred_4,4
80,4,-0.09571655094623566,Q3_pred_3,3
354581,5,-0.09888941049575806,Q3_pred_3,3
241543,4,-0.014258131384849548,Q4_pred_4,4
15955,4,-0.17041590809822083,Q2_pred_2,2
50268,2,-0.23665818572044373,Q1_pred_1,1
30283,4,-0.23227618634700775,Q1_pred_1,1
363118,4,-0.07584504783153534,Q4_pred_4,4
39318,4,-0.1452084183692932,Q2_pred_2,2
90801,4,-0.16812923550605774,Q2_pred_2,2
245707,3,-0.09483806043863297,Q3_pred_3,3
202583,3,-0.1423003077507019,Q2_pred_2,2
5881,3,-0.1005735695362091,Q3_pred_3,3
91995,4,0.05764190852642059,Q5_pred_5,5
67308,4,-0.1531151384115219,Q2_pred_2,2
38582,3,-0.1008988469839096,Q3_pred_3,3
60799,3,-0.17459747195243835,Q2_pred_2,2
21573,4,-0.10922928154468536,Q3_pred_3,3
26934,4,-0.10763031244277954,Q3_pred_3,3
22751,4,-0.20637020468711853,Q1_pred_1,1
160983,2,-0.01898498833179474,Q4_pred_4,4
122956,2,-0.37351661920547485,Q1_pred_1,1
338170,2,-0.43411800265312195,Q1_pred_1,1
150546,4,-0.1319373995065689,Q3_pred_3,3
76999,3,-0.15694794058799744,Q2_pred_2,2
32105,2,-0.13413172960281372,Q3_pred_3,3
111018,4,0.05262795090675354,Q5_pred_5,5
67041,4,-0.05813989043235779,Q4_pred_4,4
115486,4,-0.11771170794963837,Q3_pred_3,3
29388,4,-0.23483161628246307,Q1_pred_1,1
142711,4,-0.06515961140394211,Q4_pred_4,4
150534,3,-0.05099841579794884,Q4_pred_4,4
355305,4,-0.13218213617801666,Q3_pred_3,3
389640,4,-0.2855105996131897,Q1_pred_1,1
43436,4,0.002851814031600952,Q5_pred_5,5
302526,4,-0.09367132186889648,Q3_pred_3,3
29186,4,-0.24517309665679932,Q1_pred_1,1
359121,4,-0.1291961967945099,Q3_pred_3,3
40998,3,-0.17340481281280518,Q2_pred_2,2
151349,4,-0.10610506683588028,Q3_pred_3,3
39732,1,-0.2862507402896881,Q1_pred_1,1
241742,3,-0.045150578022003174,Q4_pred_4,4
53292,4,-0.03564511984586716,Q4_pred_4,4
11007,4,-0.3339105248451233,Q1_pred_1,1
222878,4,-0.10425479710102081,Q3_pred_3,3
80613,5,-0.1542702466249466,Q2_pred_2,2
2266,3,-0.24047717452049255,Q1_pred_1,1
467334,4,0.09781202673912048,Q5_pred_5,5
167404,3,-0.05234944820404053,Q4_pred_4,4
357428,4,-0.09631675481796265,Q3_pred_3,3
22706,4,-0.13833464682102203,Q2_pred_2,2
50278,3,-0.15264630317687988,Q2_pred_2,2
431439,4,-0.17866577208042145,Q2_pred_2,2
187284,3,-0.20740343630313873,Q1_pred_1,1
118607,2,-0.02166128344833851,Q4_pred_4,4
70143,4,0.08559811860322952,Q5_pred_5,5
134747,4,-0.04908910393714905,Q4_pred_4,4
58589,4,-0.04053523391485214,Q4_pred_4,4
394866,1,-0.1270410716533661,Q3_pred_3,3
32479,4,-0.09831348061561584,Q3_pred_3,3
382411,3,-0.5533561110496521,Q1_pred_1,1
324546,4,-0.035181790590286255,Q4_pred_4,4
144823,4,-0.14264866709709167,Q2_pred_2,2
68653,4,-0.059211961925029755,Q4_pred_4,4
245604,3,0.03940364718437195,Q5_pred_5,5
70345,4,-0.257004052400589,Q1_pred_1,1
78217,5,-0.025144875049591064,Q4_pred_4,4
28396,4,-0.27134808897972107,Q1_pred_1,1
118486,4,-0.14412996172904968,Q2_pred_2,2
27232,4,-0.24427823722362518,Q1_pred_1,1
188465,4,0.001483619213104248,Q5_pred_5,5
373204,4,-0.07700104266405106,Q3_pred_3,3
334585,3,0.1178940087556839,Q5_pred_5,5
195597,3,-0.03345666825771332,Q4_pred_4,4
434034,4,-0.14670506119728088,Q2_pred_2,2
34978,4,-0.10191398859024048,Q3_pred_3,3
10872,2,-0.2844281494617462,Q1_pred_1,1
372746,4,-0.3015146255493164,Q1_pred_1,1
102378,4,-0.004895426332950592,Q5_pred_5,5
50181,3,-0.02505481243133545,Q4_pred_4,4
237520,3,-0.06133091822266579,Q4_pred_4,4
50251,2,-0.25762760639190674,Q1_pred_1,1
667,3,0.17881935834884644,Q5_pred_5,5
137414,3,-0.05087090656161308,Q4_pred_4,4
71622,4,-0.16191211342811584,Q2_pred_2,2
165885,1,-0.02180302143096924,Q4_pred_4,4
54417,2,0.25608327984809875,Q5_pred_5,5
141184,4,-0.22206982970237732,Q1_pred_1,1
33565,4,-0.012469679117202759,Q4_pred_4,4
354317,5,-0.3792572617530823,Q1_pred_1,1
177227,4,-0.16005569696426392,Q2_pred_2,2
484628,4,0.02501612901687622,Q5_pred_5,5
360184,4,-0.23463812470436096,Q1_pred_1,1
214390,3,-0.06522423028945923,Q4_pred_4,4
347246,3,0.04954972118139267,Q5_pred_5,5
50285,3,-0.10238990187644958,Q3_pred_3,3
105459,4,-0.38059788942337036,Q1_pred_1,1
6043,4,-0.12498126178979874,Q3_pred_3,3
163653,3,-0.04666717350482941,Q4_pred_4,4
179904,3,-0.05592411756515503,Q4_pred_4,4
6047,4,-0.11923880130052567,Q3_pred_3,3
23098,4,-0.3123585283756256,Q1_pred_1,1
152557,3,-0.15622888505458832,Q2_pred_2,2
116909,3,-0.06366528570652008,Q4_pred_4,4
154339,5,-0.2834801971912384,Q1_pred_1,1
383646,5,-0.25753945112228394,Q1_pred_1,1
56033,5,-0.27217406034469604,Q1_pred_1,1
64254,3,-0.2627888321876526,Q1_pred_1,1
239664,5,-0.16452282667160034,Q2_pred_2,2
39651,4,0.038787245750427246,Q5_pred_5,5
316598,4,-0.12156400084495544,Q3_pred_3,3
54420,2,0.25387459993362427,Q5_pred_5,5
214548,3,-0.0851510614156723,Q3_pred_3,3
148016,4,-0.032701410353183746,Q4_pred_4,4
356441,4,-0.18051843345165253,Q2_pred_2,2
3269,2,-0.25397229194641113,Q1_pred_1,1
28563,4,0.22038361430168152,Q5_pred_5,5
63246,4,-0.031592532992362976,Q4_pred_4,4
13923,4,-0.005598895251750946,Q5_pred_5,5
242561,3,-0.11872188746929169,Q3_pred_3,3
110624,4,-0.13313543796539307,Q3_pred_3,3
274052,4,-0.17339353263378143,Q2_pred_2,2
65440,4,-0.08181589841842651,Q3_pred_3,3
365103,4,-0.09904110431671143,Q3_pred_3,3
151260,4,-0.06955970823764801,Q4_pred_4,4
34889,4,-0.095759317278862,Q3_pred_3,3
198262,4,-0.17044630646705627,Q2_pred_2,2
57515,2,-0.03758668899536133,Q4_pred_4,4
80822,4,-0.2507168650627136,Q1_pred_1,1
233803,2,-0.001728508621454239,Q5_pred_5,5
243798,3,-0.0861772894859314,Q3_pred_3,3
221832,4,-0.0481802336871624,Q4_pred_4,4
208905,4,-0.17689812183380127,Q2_pred_2,2
165113,4,-0.11042848229408264,Q3_pred_3,3
24314,4,-0.04385369271039963,Q4_pred_4,4
192238,4,-0.11186540871858597,Q3_pred_3,3
394770,4,-0.10259819030761719,Q3_pred_3,3
119321,4,-0.20561325550079346,Q1_pred_1,1
41516,4,-0.1099056601524353,Q3_pred_3,3
15265,3,-0.13765212893486023,Q2_pred_2,2
117802,4,-0.115155428647995,Q3_pred_3,3
343957,4,-0.008964985609054565,Q4_pred_4,4
33791,4,0.07208700478076935,Q5_pred_5,5
105578,4,-0.38663357496261597,Q1_pred_1,1
146854,3,-0.31100767850875854,Q1_pred_1,1
30282,4,-0.2115796059370041,Q1_pred_1,1
173905,3,-0.10604393482208252,Q3_pred_3,3
88957,4,-0.15899595618247986,Q2_pred_2,2
127725,4,-0.24962522089481354,Q1_pred_1,1
151596,4,0.08662659674882889,Q5_pred_5,5
92375,4,-0.13855817914009094,Q2_pred_2,2
10131,2,-0.150459423661232,Q2_pred_2,2
63327,1,0.06968310475349426,Q5_pred_5,5
1261,4,-0.008646339178085327,Q4_pred_4,4
21063,4,-0.05064648389816284,Q4_pred_4,4
356824,4,-0.2442474365234375,Q1_pred_1,1
156806,4,-0.24179090559482574,Q1_pred_1,1
155120,4,-0.16531780362129211,Q2_pred_2,2
374847,4,-0.1816968023777008,Q2_pred_2,2
101314,3,-0.18749836087226868,Q2_pred_2,2
222671,2,-0.12378503382205963,Q3_pred_3,3
78321,4,0.013095766305923462,Q5_pred_5,5
128104,3,-0.057878635823726654,Q4_pred_4,4
69387,3,0.12341196835041046,Q5_pred_5,5
373569,4,-0.2618052065372467,Q1_pred_1,1
2607,4,0.040492117404937744,Q5_pred_5,5
71049,2,-0.17840111255645752,Q2_pred_2,2
189947,3,-0.08833558857440948,Q3_pred_3,3
199174,3,0.058390550315380096,Q5_pred_5,5
354867,3,-0.1769155114889145,Q2_pred_2,2
31817,4,-0.21456369757652283,Q1_pred_1,1
114083,4,-0.13667748868465424,Q2_pred_2,2
369088,4,-0.16026592254638672,Q2_pred_2,2
159436,3,-0.10597027093172073,Q3_pred_3,3
160910,4,0.0965133011341095,Q5_pred_5,5
30789,3,-0.14521083235740662,Q2_pred_2,2
373708,3,0.0829545259475708,Q5_pred_5,5
373844,4,-0.2580850422382355,Q1_pred_1,1
147941,4,-0.2740016579627991,Q1_pred_1,1
87952,4,-0.13718290627002716,Q2_pred_2,2
154304,4,-0.2909773588180542,Q1_pred_1,1
74377,5,0.13482385873794556,Q5_pred_5,5
242242,4,-0.15697795152664185,Q2_pred_2,2
10885,4,-0.26278963685035706,Q1_pred_1,1
386126,3,-0.1266465187072754,Q3_pred_3,3
52102,2,-0.14641544222831726,Q2_pred_2,2
97827,3,-0.17890864610671997,Q2_pred_2,2
247491,4,-0.2110757827758789,Q1_pred_1,1
11969,3,-0.06204976141452789,Q4_pred_4,4
10419,4,-0.09962812066078186,Q3_pred_3,3
91907,4,-0.07927721738815308,Q3_pred_3,3
45065,4,-0.0563887357711792,Q4_pred_4,4
87406,4,-0.06891776621341705,Q4_pred_4,4
16051,4,0.04560518264770508,Q5_pred_5,5
86462,4,-0.15863794088363647,Q2_pred_2,2
362310,4,-0.023099452257156372,Q4_pred_4,4
365772,4,-0.07665781676769257,Q4_pred_4,4
63586,4,-0.057773444801568985,Q4_pred_4,4
42359,2,0.05367147922515869,Q5_pred_5,5
40333,4,0.02032245695590973,Q5_pred_5,5
162992,4,-0.11284667253494263,Q3_pred_3,3
56414,2,0.005110576748847961,Q5_pred_5,5
406632,4,-0.21411654353141785,Q1_pred_1,1
72652,2,-0.12831521034240723,Q3_pred_3,3
26766,3,-0.10362277925014496,Q3_pred_3,3
25424,4,-0.15150898694992065,Q2_pred_2,2
167543,3,-0.1884613335132599,Q2_pred_2,2
415430,4,-0.024473905563354492,Q4_pred_4,4
421667,4,-0.10245825350284576,Q3_pred_3,3
72563,4,-0.005701780319213867,Q5_pred_5,5
354453,4,-0.12784898281097412,Q3_pred_3,3
128816,4,0.0797361433506012,Q5_pred_5,5
424123,3,-0.09863274544477463,Q3_pred_3,3
270197,3,-0.037748511880636215,Q4_pred_4,4
29217,4,-0.23040980100631714,Q1_pred_1,1
50812,3,0.019878536462783813,Q5_pred_5,5
211823,3,-0.1995314508676529,Q2_pred_2,2
236663,4,0.13798412680625916,Q5_pred_5,5
147760,3,0.011118635535240173,Q5_pred_5,5
319705,3,-0.060967326164245605,Q4_pred_4,4
104805,4,-0.04206068813800812,Q4_pred_4,4
377842,4,-0.14742429554462433,Q2_pred_2,2
245204,4,-0.1251499354839325,Q3_pred_3,3
119726,4,-0.04044976830482483,Q4_pred_4,4
16668,3,-0.12009551376104355,Q3_pred_3,3
324060,4,0.012047052383422852,Q5_pred_5,5
177859,3,0.03053423762321472,Q5_pred_5,5
30685,4,-0.2156885862350464,Q1_pred_1,1
84067,4,-0.0893833190202713,Q3_pred_3,3
333421,4,-0.04652094841003418,Q4_pred_4,4
340547,4,-0.21894553303718567,Q1_pred_1,1
11676,4,-0.015570074319839478,Q4_pred_4,4
136992,4,0.1250857412815094,Q5_pred_5,5
58265,4,0.05317968130111694,Q5_pred_5,5
173195,4,-0.22702884674072266,Q1_pred_1,1
107608,4,-0.016229435801506042,Q4_pred_4,4
45280,3,-0.012997083365917206,Q4_pred_4,4
153646,4,-0.16516640782356262,Q2_pred_2,2
56549,4,0.2177608609199524,Q5_pred_5,5
10125,2,-0.14910103380680084,Q2_pred_2,2
239466,4,-0.09589442610740662,Q3_pred_3,3
168688,4,0.031243860721588135,Q5_pred_5,5
380803,1,-0.41587841510772705,Q1_pred_1,1
50179,4,0.06019395589828491,Q5_pred_5,5
64613,4,-0.09177979081869125,Q3_pred_3,3
172088,4,0.018011078238487244,Q5_pred_5,5
191898,4,-0.21938538551330566,Q1_pred_1,1
382798,5,-0.1949978768825531,Q2_pred_2,2
4180,3,-0.04531678557395935,Q4_pred_4,4
11899,5,-0.09835225343704224,Q3_pred_3,3
382883,5,0.0676155686378479,Q5_pred_5,5
371920,4,-0.06818443536758423,Q4_pred_4,4
58168,3,-0.20189759135246277,Q2_pred_2,2
107135,4,-0.3589422106742859,Q1_pred_1,1
340711,4,0.0688319057226181,Q5_pred_5,5
173674,5,-0.05302894115447998,Q4_pred_4,4
27978,3,-0.06325970590114594,Q4_pred_4,4
142698,4,-0.03656242787837982,Q4_pred_4,4
67655,4,0.037329137325286865,Q5_pred_5,5
86764,3,-0.2680792510509491,Q1_pred_1,1
14317,3,-0.04981178045272827,Q4_pred_4,4
76442,2,-0.16269122064113617,Q2_pred_2,2
21747,4,-0.09789839386940002,Q3_pred_3,3
65654,2,0.13963927328586578,Q5_pred_5,5
373288,5,-0.06441362202167511,Q4_pred_4,4
407723,4,0.019549421966075897,Q5_pred_5,5
441163,3,-0.058359067887067795,Q4_pred_4,4
109872,4,-0.18994033336639404,Q2_pred_2,2
106435,4,-0.11585146933794022,Q3_pred_3,3
23017,3,-0.12182807922363281,Q3_pred_3,3
103540,4,0.1949245035648346,Q5_pred_5,5
60593,3,-0.09988965094089508,Q3_pred_3,3
105473,3,-0.3821631073951721,Q1_pred_1,1
11550,4,-0.17747610807418823,Q2_pred_2,2
154404,4,0.031701430678367615,Q5_pred_5,5
261194,4,-0.0948239415884018,Q3_pred_3,3
93345,3,-0.18895559012889862,Q2_pred_2,2
13218,2,-0.18642280995845795,Q2_pred_2,2
125244,4,-0.046335369348526,Q4_pred_4,4
154075,4,-0.14335575699806213,Q2_pred_2,2
357461,4,-0.1154392808675766,Q3_pred_3,3
355172,4,-0.1879766583442688,Q2_pred_2,2
4544,3,-0.24468359351158142,Q1_pred_1,1
48670,4,-0.15074993669986725,Q2_pred_2,2
315852,3,-0.008665084838867188,Q4_pred_4,4
333271,4,-0.09138009697198868,Q3_pred_3,3
275276,4,-0.13873827457427979,Q2_pred_2,2
276142,4,-0.16652363538742065,Q2_pred_2,2
235100,4,-0.15051725506782532,Q2_pred_2,2
214745,2,-0.23486961424350739,Q1_pred_1,1
105083,3,-0.14585116505622864,Q2_pred_2,2
141186,4,0.04832293093204498,Q5_pred_5,5
119459,4,-0.2565509080886841,Q1_pred_1,1
105360,3,-0.127571702003479,Q3_pred_3,3
183710,5,-0.07113835215568542,Q4_pred_4,4
275008,4,-0.03662274777889252,Q4_pred_4,4
28972,4,-0.12955281138420105,Q3_pred_3,3
234857,4,0.030523598194122314,Q5_pred_5,5
400802,3,-0.39544740319252014,Q1_pred_1,1
166133,4,-0.3262108564376831,Q1_pred_1,1
18268,2,-0.12959638237953186,Q3_pred_3,3
9206,4,-0.23959746956825256,Q1_pred_1,1
54636,4,-0.18714751303195953,Q2_pred_2,2
3889,2,-0.24507518112659454,Q1_pred_1,1
356605,4,-0.15834131836891174,Q2_pred_2,2
66876,4,-0.03973615914583206,Q4_pred_4,4
68720,4,-0.17317184805870056,Q2_pred_2,2
8685,2,-0.2625512480735779,Q1_pred_1,1
373643,4,-0.04442903399467468,Q4_pred_4,4
419112,4,-0.11654457449913025,Q3_pred_3,3
153822,4,-0.28203028440475464,Q1_pred_1,1
234590,4,-0.08406146615743637,Q3_pred_3,3
64194,3,-0.09608146548271179,Q3_pred_3,3
41981,4,-0.012392595410346985,Q4_pred_4,4
153953,4,-0.14830529689788818,Q2_pred_2,2
409192,3,-0.17131751775741577,Q2_pred_2,2
26729,4,-0.23488622903823853,Q1_pred_1,1
373931,4,-0.25188398361206055,Q1_pred_1,1
13481,3,-0.28075337409973145,Q1_pred_1,1
172923,4,-0.22860462963581085,Q1_pred_1,1
115801,4,-0.25700563192367554,Q1_pred_1,1
97295,2,-0.3045540452003479,Q1_pred_1,1
116820,4,-0.0457773432135582,Q4_pred_4,4
151598,4,0.0053650736808776855,Q5_pred_5,5
97559,4,-0.012078467756509781,Q4_pred_4,4
114120,1,-0.18307550251483917,Q2_pred_2,2
9557,3,-0.06410679221153259,Q4_pred_4,4
137640,4,-0.05907295271754265,Q4_pred_4,4
130713,3,0.19300425052642822,Q5_pred_5,5
166899,1,-0.10150615870952606,Q3_pred_3,3
445125,4,0.07046280801296234,Q5_pred_5,5
359446,5,-0.2532060146331787,Q1_pred_1,1
51258,4,-0.011632226407527924,Q4_pred_4,4
354035,4,-0.12782329320907593,Q3_pred_3,3
324747,3,-0.1574624925851822,Q2_pred_2,2
60606,4,-0.07914674282073975,Q3_pred_3,3
368508,4,-0.1735956072807312,Q2_pred_2,2
161358,4,0.1336948573589325,Q5_pred_5,5
142645,4,-0.24373118579387665,Q1_pred_1,1
243553,3,-0.0828334391117096,Q3_pred_3,3
50050,3,-0.22127443552017212,Q1_pred_1,1
7547,4,-0.10504857450723648,Q3_pred_3,3
242138,4,-0.16573278605937958,Q2_pred_2,2
84022,5,-0.08546482026576996,Q3_pred_3,3
373283,5,-0.046139657497406006,Q4_pred_4,4
99228,3,-0.19235946238040924,Q2_pred_2,2
4252,2,-0.26572075486183167,Q1_pred_1,1
3860,3,-0.21580922603607178,Q1_pred_1,1
31295,4,-0.1862928867340088,Q2_pred_2,2
168197,4,-0.1742362380027771,Q2_pred_2,2
164168,3,-0.2472570687532425,Q1_pred_1,1
50062,4,-0.11636412143707275,Q3_pred_3,3
10114,1,-0.15085464715957642,Q2_pred_2,2
119113,4,-0.09780353307723999,Q3_pred_3,3
432122,4,-0.05178011208772659,Q4_pred_4,4
4828,3,0.002592325210571289,Q5_pred_5,5
142530,5,-0.037336453795433044,Q4_pred_4,4
169802,4,-0.16695505380630493,Q2_pred_2,2
33924,4,-0.14756540954113007,Q2_pred_2,2
382871,5,0.06656622141599655,Q5_pred_5,5
145563,4,-0.06671418994665146,Q4_pred_4,4
248944,4,-0.059449806809425354,Q4_pred_4,4
213986,4,-0.22427304089069366,Q1_pred_1,1
104843,4,-0.20208361744880676,Q2_pred_2,2
421025,4,-0.16825668513774872,Q2_pred_2,2
166716,4,-0.039468228816986084,Q4_pred_4,4
116706,2,-0.3508765697479248,Q1_pred_1,1
108134,4,-0.12074294686317444,Q3_pred_3,3
325859,4,-0.13512444496154785,Q2_pred_2,2
91112,2,-0.04888620972633362,Q4_pred_4,4
247075,5,-0.12812045216560364,Q3_pred_3,3
154041,4,-0.10598510503768921,Q3_pred_3,3
433703,4,-0.019066326320171356,Q4_pred_4,4
137695,3,-0.29029449820518494,Q1_pred_1,1
103561,4,-0.205479234457016,Q1_pred_1,1
30027,4,-0.13380005955696106,Q3_pred_3,3
163450,4,-0.20283618569374084,Q2_pred_2,2
388512,4,-0.2837006449699402,Q1_pred_1,1
61249,3,-0.04921489953994751,Q4_pred_4,4
97607,4,-0.006090763956308365,Q5_pred_5,5
80790,3,-0.14634588360786438,Q2_pred_2,2
37664,4,-0.05312070995569229,Q4_pred_4,4
55319,3,-0.15523403882980347,Q2_pred_2,2
183625,4,-0.08695770055055618,Q3_pred_3,3
218844,4,-0.1455623060464859,Q2_pred_2,2
374805,4,-0.2099522054195404,Q1_pred_1,1
369961,3,-0.2124592810869217,Q1_pred_1,1
411018,1,-0.1580427587032318,Q2_pred_2,2
164178,3,-0.2596642076969147,Q1_pred_1,1
72877,4,-0.18002024292945862,Q2_pred_2,2
42318,3,-0.07288230955600739,Q4_pred_4,4
31648,1,-0.2659030556678772,Q1_pred_1,1
401003,2,-0.14402836561203003,Q2_pred_2,2
367328,3,-0.11498741805553436,Q3_pred_3,3
335022,3,-0.1852933168411255,Q2_pred_2,2
172743,3,-0.1633956879377365,Q2_pred_2,2
355816,5,-0.2819143235683441,Q1_pred_1,1
374050,5,-0.0658048689365387,Q4_pred_4,4
386360,4,-0.10068939626216888,Q3_pred_3,3
325928,4,0.05442368984222412,Q5_pred_5,5
61505,3,-0.0636359304189682,Q4_pred_4,4
402614,3,-0.0358082577586174,Q4_pred_4,4
1399,3,0.05957236886024475,Q5_pred_5,5
66761,4,-0.15352897346019745,Q2_pred_2,2
155193,4,-0.19252587854862213,Q2_pred_2,2
2743,4,-0.05218040943145752,Q4_pred_4,4
277593,4,0.09847238659858704,Q5_pred_5,5
169283,3,-0.12984976172447205,Q3_pred_3,3
81923,4,-0.12057258188724518,Q3_pred_3,3
77299,5,-0.00022346153855323792,Q5_pred_5,5
11627,5,0.08109289407730103,Q5_pred_5,5
32873,3,-0.014116927981376648,Q4_pred_4,4
29618,4,-0.10894593596458435,Q3_pred_3,3
271557,3,-0.31253623962402344,Q1_pred_1,1
68150,4,-0.15574884414672852,Q2_pred_2,2
87638,3,0.0025796443223953247,Q5_pred_5,5
76566,3,-0.07129273563623428,Q4_pred_4,4
356930,5,-0.20561805367469788,Q1_pred_1,1
401138,3,-0.0667119026184082,Q4_pred_4,4
146690,3,-0.01811523735523224,Q4_pred_4,4
11855,4,0.20871049165725708,Q5_pred_5,5
102495,4,0.03733013570308685,Q5_pred_5,5
10132,1,-0.09147541970014572,Q3_pred_3,3
95956,4,-0.1677592247724533,Q2_pred_2,2
39920,3,-0.10484953224658966,Q3_pred_3,3
234090,4,-0.05949665606021881,Q4_pred_4,4
17930,1,-0.13370054960250854,Q3_pred_3,3
235048,3,-0.13096682727336884,Q3_pred_3,3
87654,3,-0.05195428431034088,Q4_pred_4,4
373194,4,-0.07709410041570663,Q3_pred_3,3
270706,4,-0.15877921879291534,Q2_pred_2,2
154840,3,-0.20458082854747772,Q2_pred_2,2
233808,2,-0.002536170184612274,Q5_pred_5,5
96503,1,-0.1479695737361908,Q2_pred_2,2
320748,4,-0.07005932927131653,Q4_pred_4,4
39197,4,0.06354346871376038,Q5_pred_5,5
373638,4,-0.15149514377117157,Q2_pred_2,2
239837,4,-0.1673736274242401,Q2_pred_2,2
49408,3,-0.013508334755897522,Q4_pred_4,4
65756,3,0.09073183685541153,Q5_pred_5,5
420867,2,-0.23289112746715546,Q1_pred_1,1
164769,3,-0.24158687889575958,Q1_pred_1,1
28726,4,-0.12385085225105286,Q3_pred_3,3
38977,1,-0.08430801331996918,Q3_pred_3,3
326848,4,-0.10499108582735062,Q3_pred_3,3
78628,1,-0.23642021417617798,Q1_pred_1,1
404969,3,-0.002115819603204727,Q5_pred_5,5
83132,5,-0.019619256258010864,Q4_pred_4,4
91227,4,-0.12871600687503815,Q3_pred_3,3
247766,5,-0.14294549822807312,Q2_pred_2,2
354295,5,-0.37575507164001465,Q1_pred_1,1
236636,4,0.10729299485683441,Q5_pred_5,5
3835,2,-0.1892104297876358,Q2_pred_2,2
394185,4,-0.19747011363506317,Q2_pred_2,2
141689,4,-0.0932907909154892,Q3_pred_3,3
214568,2,-0.06818946450948715,Q4_pred_4,4
221725,4,-0.16042393445968628,Q2_pred_2,2
364700,3,-0.0847722589969635,Q3_pred_3,3
26553,2,-0.02165878936648369,Q4_pred_4,4
31421,3,0.057203054428100586,Q5_pred_5,5
222461,4,-0.15904739499092102,Q2_pred_2,2
273060,3,0.014717847108840942,Q5_pred_5,5
10680,3,-0.2933269143104553,Q1_pred_1,1
30022,4,-0.13043583929538727,Q3_pred_3,3
209620,4,-0.05167117714881897,Q4_pred_4,4
354741,3,-0.12974515557289124,Q3_pred_3,3
51032,3,-0.007502317428588867,Q5_pred_5,5
150368,2,-0.0976119264960289,Q3_pred_3,3
105769,3,-0.3717745542526245,Q1_pred_1,1
38630,3,-0.2505420446395874,Q1_pred_1,1
127153,4,-0.21763838827610016,Q1_pred_1,1
5630,3,0.11277224868535995,Q5_pred_5,5
135718,3,-0.07687805593013763,Q3_pred_3,3
173933,2,-0.33358487486839294,Q1_pred_1,1
154067,4,-0.14998701214790344,Q2_pred_2,2
355147,5,-0.18145698308944702,Q2_pred_2,2
101374,4,-0.011917158961296082,Q4_pred_4,4
345397,3,-0.12407665699720383,Q3_pred_3,3
18474,5,-0.12269172072410583,Q3_pred_3,3
31782,1,0.08946990966796875,Q5_pred_5,5
31419,2,0.053683966398239136,Q5_pred_5,5
220586,4,-0.23488084971904755,Q1_pred_1,1
9190,3,-0.07339510321617126,Q4_pred_4,4
187560,3,-0.024662233889102936,Q4_pred_4,4
193596,4,-0.15403833985328674,Q2_pred_2,2
50299,1,-0.20111607015132904,Q2_pred_2,2
65335,3,-0.01287899911403656,Q4_pred_4,4
4540,2,-0.24153438210487366,Q1_pred_1,1
237324,3,-0.06877273321151733,Q4_pred_4,4
372045,3,-0.11123339086771011,Q3_pred_3,3
109598,4,-0.17693927884101868,Q2_pred_2,2
202305,1,-0.1455237716436386,Q2_pred_2,2
1911,2,-0.025148600339889526,Q4_pred_4,4
11563,1,-0.08656720817089081,Q3_pred_3,3
13891,2,-0.20463337004184723,Q2_pred_2,2
378687,3,-0.1641935408115387,Q2_pred_2,2
107713,4,0.042929887771606445,Q5_pred_5,5
37956,2,-0.16596440970897675,Q2_pred_2,2
137583,4,-0.05302721634507179,Q4_pred_4,4
39209,5,0.06717970967292786,Q5_pred_5,5
6730,4,-0.05187390744686127,Q4_pred_4,4
114147,1,-0.10717448592185974,Q3_pred_3,3
422863,3,-0.28498998284339905,Q1_pred_1,1
38646,3,-0.0008717775344848633,Q5_pred_5,5
88898,4,-0.14941063523292542,Q2_pred_2,2
102388,4,-0.011325374245643616,Q4_pred_4,4
377344,4,-0.009441867470741272,Q4_pred_4,4
247118,5,-0.055495068430900574,Q4_pred_4,4
118443,2,-0.04689934849739075,Q4_pred_4,4
50389,2,-0.024945631623268127,Q4_pred_4,4
86471,3,-0.05627577006816864,Q4_pred_4,4
162732,4,-0.09556061029434204,Q3_pred_3,3
23192,4,-0.37465396523475647,Q1_pred_1,1
79634,3,-0.13373520970344543,Q3_pred_3,3
50124,3,0.05597318708896637,Q5_pred_5,5
5798,3,-0.18881341814994812,Q2_pred_2,2
193872,4,-0.12694692611694336,Q3_pred_3,3
41750,4,-0.15096622705459595,Q2_pred_2,2
113272,2,-0.11446963250637054,Q3_pred_3,3
88928,4,-0.04341023042798042,Q4_pred_4,4
246609,5,-0.00632813572883606,Q5_pred_5,5
87658,2,-0.07392092049121857,Q4_pred_4,4
400734,4,0.10269665718078613,Q5_pred_5,5
383571,5,-0.24935205280780792,Q1_pred_1,1
70950,4,-0.048913002014160156,Q4_pred_4,4
105225,4,-0.066436767578125,Q4_pred_4,4
127605,4,-0.005021780729293823,Q5_pred_5,5
141819,2,-0.2034139186143875,Q2_pred_2,2
326109,4,-0.22937923669815063,Q1_pred_1,1
373261,4,-0.08222976326942444,Q3_pred_3,3
114125,1,-0.07627534866333008,Q4_pred_4,4
110106,3,-0.12089937180280685,Q3_pred_3,3
114626,3,-0.3224243223667145,Q1_pred_1,1
14980,3,-0.1492815613746643,Q2_pred_2,2
364694,4,-0.1465078443288803,Q2_pred_2,2
372682,5,-0.1363644152879715,Q2_pred_2,2
82933,4,-0.10686987638473511,Q3_pred_3,3
1389,4,-0.0808042362332344,Q3_pred_3,3
415475,3,-0.020790457725524902,Q4_pred_4,4
13864,4,-0.20168612897396088,Q2_pred_2,2
480646,4,0.03054848313331604,Q5_pred_5,5
92846,4,-0.048212096095085144,Q4_pred_4,4
326647,4,0.043381765484809875,Q5_pred_5,5
418587,4,-0.07131572812795639,Q4_pred_4,4
379865,4,-0.19272077083587646,Q2_pred_2,2
62329,3,0.053212299942970276,Q5_pred_5,5
118210,2,-0.157323956489563,Q2_pred_2,2
10715,3,-0.24171233177185059,Q1_pred_1,1
426761,2,-0.18993669748306274,Q2_pred_2,2
250853,1,-0.09394556283950806,Q3_pred_3,3
30307,2,-0.2557287812232971,Q1_pred_1,1
153857,4,-0.22754919528961182,Q1_pred_1,1
333957,2,-0.008241444826126099,Q5_pred_5,5
171820,3,-0.33397024869918823,Q1_pred_1,1
218869,4,-0.26708048582077026,Q1_pred_1,1
344899,3,-0.16548630595207214,Q2_pred_2,2
356477,5,-0.0917530432343483,Q3_pred_3,3
71300,1,-0.3274536430835724,Q1_pred_1,1
355162,5,-0.1415901482105255,Q2_pred_2,2
219257,4,0.004043027758598328,Q5_pred_5,5
34383,4,-0.06305453181266785,Q4_pred_4,4
83501,4,-0.2121751308441162,Q1_pred_1,1
365969,2,0.013757169246673584,Q5_pred_5,5
185055,4,-0.07287437468767166,Q4_pred_4,4
341282,3,-0.04415971040725708,Q4_pred_4,4
33000,3,-0.23205649852752686,Q1_pred_1,1
60081,3,-0.36444005370140076,Q1_pred_1,1
358025,5,-0.41611671447753906,Q1_pred_1,1
114119,3,-0.219601109623909,Q1_pred_1,1
130532,3,-0.11339625716209412,Q3_pred_3,3
161309,4,-0.08326154947280884,Q3_pred_3,3
174966,3,-0.08957979828119278,Q3_pred_3,3
5294,4,-0.16741949319839478,Q2_pred_2,2
42360,3,0.13510911166667938,Q5_pred_5,5
13533,2,-0.047224417328834534,Q4_pred_4,4
148643,2,-0.017803534865379333,Q4_pred_4,4
370338,3,-0.19760215282440186,Q2_pred_2,2
149369,3,-0.2844959497451782,Q1_pred_1,1
166107,3,-0.39507779479026794,Q1_pred_1,1
44170,3,-0.09567835181951523,Q3_pred_3,3
424104,3,-0.12723451852798462,Q3_pred_3,3
428249,3,-0.20985016226768494,Q1_pred_1,1
86410,2,-0.0769093930721283,Q3_pred_3,3
104428,4,0.05445683002471924,Q5_pred_5,5
75092,3,-0.01489703357219696,Q4_pred_4,4
176087,4,0.05627064406871796,Q5_pred_5,5
341329,2,-0.24890953302383423,Q1_pred_1,1
66631,2,-0.05209442973136902,Q4_pred_4,4
335739,3,-0.17929978668689728,Q2_pred_2,2
119219,5,-0.21662047505378723,Q1_pred_1,1
150845,4,-0.2866893410682678,Q1_pred_1,1
147586,1,-0.047412097454071045,Q4_pred_4,4
48154,4,-0.263469398021698,Q1_pred_1,1
128712,2,-0.050932854413986206,Q4_pred_4,4
92915,4,-0.02475893497467041,Q4_pred_4,4
109511,3,-0.16153693199157715,Q2_pred_2,2
79206,4,-0.20319774746894836,Q2_pred_2,2
236612,4,0.2757495641708374,Q5_pred_5,5
220311,4,-0.055095940828323364,Q4_pred_4,4
395413,3,-0.21323217451572418,Q1_pred_1,1
28680,4,0.06983982026576996,Q5_pred_5,5
86738,4,0.1020662784576416,Q5_pred_5,5
113387,3,-0.30994459986686707,Q1_pred_1,1
26370,3,-0.09797529131174088,Q3_pred_3,3
316797,3,-0.10111109912395477,Q3_pred_3,3
373368,4,-0.07105252146720886,Q4_pred_4,4
344558,2,-0.1864291876554489,Q2_pred_2,2
372819,4,-0.2087773084640503,Q1_pred_1,1
337126,4,-0.03849223256111145,Q4_pred_4,4
16174,4,0.04117284715175629,Q5_pred_5,5
361222,4,-0.06425346434116364,Q4_pred_4,4
27447,4,-0.1168149784207344,Q3_pred_3,3
26491,3,-0.29874008893966675,Q1_pred_1,1
188226,4,-0.19582706689834595,Q2_pred_2,2
50511,4,-0.1149606853723526,Q3_pred_3,3
11780,4,0.014999628067016602,Q5_pred_5,5
145881,4,-0.11626217514276505,Q3_pred_3,3
152546,3,0.022557199001312256,Q5_pred_5,5
359334,4,-0.1924149990081787,Q2_pred_2,2
194535,4,-0.1332170069217682,Q3_pred_3,3
42354,2,-0.03200463578104973,Q4_pred_4,4
325215,4,-0.1270080804824829,Q3_pred_3,3
167105,3,-0.0926278680562973,Q3_pred_3,3
154297,4,-0.35896047949790955,Q1_pred_1,1
252785,2,-0.07426149398088455,Q4_pred_4,4
104984,4,-0.028243452310562134,Q4_pred_4,4
262980,4,-0.005919843912124634,Q5_pred_5,5
268116,4,-0.08047197014093399,Q3_pred_3,3
242861,4,-0.05243685841560364,Q4_pred_4,4
62276,3,-0.19060352444648743,Q2_pred_2,2
41678,5,0.015475213527679443,Q5_pred_5,5
399583,4,-0.1457413285970688,Q2_pred_2,2
208314,4,-0.18651960790157318,Q2_pred_2,2
76983,4,-0.20373204350471497,Q2_pred_2,2
67234,3,-0.01789155602455139,Q4_pred_4,4
62001,3,-0.021769225597381592,Q4_pred_4,4
48543,2,-0.15433594584465027,Q2_pred_2,2
272020,3,-0.10740348696708679,Q3_pred_3,3
247513,5,-0.2600060701370239,Q1_pred_1,1
270769,4,-0.1518520712852478,Q2_pred_2,2
84231,5,-0.01782938838005066,Q4_pred_4,4
154033,5,-0.1289292275905609,Q3_pred_3,3
109101,4,-0.19746029376983643,Q2_pred_2,2
135537,4,0.028736382722854614,Q5_pred_5,5
354249,5,-0.34880170226097107,Q1_pred_1,1
32201,4,-0.057807326316833496,Q4_pred_4,4
40060,2,-0.13033241033554077,Q3_pred_3,3
8730,3,-0.04954296350479126,Q4_pred_4,4
89494,4,-0.06047098711133003,Q4_pred_4,4
189848,2,-0.3733568489551544,Q1_pred_1,1
151740,2,-0.11492674052715302,Q3_pred_3,3
160244,3,-0.07706432044506073,Q3_pred_3,3
162224,4,-0.06850719451904297,Q4_pred_4,4
360034,5,-0.24007529020309448,Q1_pred_1,1
105628,5,-0.39194193482398987,Q1_pred_1,1
114360,2,-0.16152000427246094,Q2_pred_2,2
379507,2,-0.069198839366436,Q4_pred_4,4
33655,4,0.13508406281471252,Q5_pred_5,5
405070,4,-0.09844716638326645,Q3_pred_3,3
398407,4,-0.14387427270412445,Q2_pred_2,2
367313,2,-0.11413567513227463,Q3_pred_3,3
257865,4,0.014091163873672485,Q5_pred_5,5
77707,3,0.011001035571098328,Q5_pred_5,5
187002,4,-0.041680335998535156,Q4_pred_4,4
81,3,-0.053968071937561035,Q4_pred_4,4
102705,2,-0.02417902648448944,Q4_pred_4,4
40833,3,0.023017436265945435,Q5_pred_5,5
321768,4,-0.16938795149326324,Q2_pred_2,2
60392,4,-0.07821433246135712,Q3_pred_3,3
341432,4,-0.16859054565429688,Q2_pred_2,2
69654,3,-0.062001001089811325,Q4_pred_4,4
53564,4,-0.09734293073415756,Q3_pred_3,3
102091,4,-0.045844852924346924,Q4_pred_4,4
247135,5,-0.13341999053955078,Q3_pred_3,3
121477,5,-0.24209509789943695,Q1_pred_1,1
425992,4,-0.3332875669002533,Q1_pred_1,1
28981,4,-0.25387048721313477,Q1_pred_1,1
112647,4,-0.036124080419540405,Q4_pred_4,4
109494,2,-0.07298943400382996,Q4_pred_4,4
358240,5,-0.4403459429740906,Q1_pred_1,1
170623,4,-0.12246954441070557,Q3_pred_3,3
86737,4,-0.09113757312297821,Q3_pred_3,3
71796,4,-0.04193052649497986,Q4_pred_4,4
64958,4,0.009581655263900757,Q5_pred_5,5
32495,4,-0.13838623464107513,Q2_pred_2,2
95948,4,-0.28124842047691345,Q1_pred_1,1
26665,5,-0.1045423150062561,Q3_pred_3,3
199254,3,0.020444020628929138,Q5_pred_5,5
223672,4,-0.15225672721862793,Q2_pred_2,2
395832,2,-0.10155260562896729,Q3_pred_3,3
87051,4,-0.19400691986083984,Q2_pred_2,2
61779,5,0.036952849477529526,Q5_pred_5,5
202604,3,-0.11820042878389359,Q3_pred_3,3
112188,4,-0.020274251699447632,Q4_pred_4,4
146098,4,-0.19217327237129211,Q2_pred_2,2
142677,5,-0.04496541619300842,Q4_pred_4,4
337164,4,-0.10638120025396347,Q3_pred_3,3
21432,3,-0.44707679748535156,Q1_pred_1,1
48084,4,-0.0867440402507782,Q3_pred_3,3
157374,4,-0.03926500678062439,Q4_pred_4,4
162350,4,-0.27708494663238525,Q1_pred_1,1
215562,4,0.03960605710744858,Q5_pred_5,5
372993,4,-0.2101372480392456,Q1_pred_1,1
248480,4,-0.04026786983013153,Q4_pred_4,4
102466,4,-0.009881123900413513,Q4_pred_4,4
15360,3,-0.09473976492881775,Q3_pred_3,3
112196,3,-0.2066219449043274,Q1_pred_1,1
381359,3,-0.014485567808151245,Q4_pred_4,4
209661,4,-0.13136176764965057,Q3_pred_3,3
248298,4,0.011445283889770508,Q5_pred_5,5
345579,4,-0.06689527630805969,Q4_pred_4,4
336589,4,-0.21033814549446106,Q1_pred_1,1
115086,5,-0.05492667853832245,Q4_pred_4,4
164179,4,0.03690144419670105,Q5_pred_5,5
58059,5,0.012142568826675415,Q5_pred_5,5
413622,5,-0.11243504285812378,Q3_pred_3,3
133797,3,-0.013483218848705292,Q4_pred_4,4
59053,3,-0.252229779958725,Q1_pred_1,1
335951,4,-0.17537277936935425,Q2_pred_2,2
52436,4,-0.06690756976604462,Q4_pred_4,4
46748,4,-0.24065423011779785,Q1_pred_1,1
495551,3,-0.001791439950466156,Q5_pred_5,5
154000,5,-0.23775061964988708,Q1_pred_1,1
166049,4,-0.2006330043077469,Q2_pred_2,2
323083,4,-0.008708178997039795,Q4_pred_4,4
180295,4,-0.3468668460845947,Q1_pred_1,1
196168,4,-0.15421536564826965,Q2_pred_2,2
133659,4,-0.13821625709533691,Q2_pred_2,2
95387,4,-0.17414423823356628,Q2_pred_2,2
53604,4,-0.08186429738998413,Q3_pred_3,3
49407,4,-0.13466081023216248,Q2_pred_2,2
214485,4,-0.07182727754116058,Q4_pred_4,4
94823,4,-0.030413836240768433,Q4_pred_4,4
357832,4,-0.1633395403623581,Q2_pred_2,2
62327,4,-0.0503062903881073,Q4_pred_4,4
419042,3,0.005981907248497009,Q5_pred_5,5
50764,4,-0.13551300764083862,Q2_pred_2,2
121457,4,-0.23668217658996582,Q1_pred_1,1
188489,3,-0.08847306668758392,Q3_pred_3,3
413874,4,-0.09121070802211761,Q3_pred_3,3
4288,4,-0.03326532244682312,Q4_pred_4,4
73090,4,-0.1433149129152298,Q2_pred_2,2
403071,4,-0.026657551527023315,Q4_pred_4,4
263052,4,-0.14857836067676544,Q2_pred_2,2
24643,2,-0.0645425096154213,Q4_pred_4,4
108155,4,-0.03979482501745224,Q4_pred_4,4
153719,5,-0.2519949972629547,Q1_pred_1,1
3266,4,-0.2006889134645462,Q2_pred_2,2
387927,4,-0.2239667773246765,Q1_pred_1,1
49855,4,-0.3950766921043396,Q1_pred_1,1
19528,1,0.07893571257591248,Q5_pred_5,5
58051,5,-0.028585195541381836,Q4_pred_4,4
59974,3,-0.09783768653869629,Q3_pred_3,3
344353,4,-0.038916029036045074,Q4_pred_4,4
211478,4,-0.04636797308921814,Q4_pred_4,4
270465,4,-0.28363537788391113,Q1_pred_1,1
11776,5,0.005965083837509155,Q5_pred_5,5
345556,4,0.03473670780658722,Q5_pred_5,5
73094,4,-0.13791821897029877,Q2_pred_2,2
42266,3,-0.07916244864463806,Q3_pred_3,3
5515,4,-0.11363830417394638,Q3_pred_3,3
78794,4,-0.09306996315717697,Q3_pred_3,3
393460,4,-0.1873626559972763,Q2_pred_2,2
114093,2,-0.1289900541305542,Q3_pred_3,3
86464,4,0.01250883936882019,Q5_pred_5,5
116926,4,-0.13780423998832703,Q2_pred_2,2
258261,4,-0.11257404088973999,Q3_pred_3,3
334915,4,-0.03626656532287598,Q4_pred_4,4
156946,1,-0.1429295539855957,Q2_pred_2,2
236419,4,0.21198034286499023,Q5_pred_5,5
370994,4,-0.3112800121307373,Q1_pred_1,1
29477,4,-0.30553627014160156,Q1_pred_1,1
128010,3,-0.18914493918418884,Q2_pred_2,2
86755,4,-0.12604688107967377,Q3_pred_3,3
387829,3,0.08117806911468506,Q5_pred_5,5
98650,4,-0.03878282010555267,Q4_pred_4,4
40313,3,-0.09817914664745331,Q3_pred_3,3
358859,3,-0.2501562833786011,Q1_pred_1,1
61874,3,-0.014598697423934937,Q4_pred_4,4
28252,2,-0.04471129551529884,Q4_pred_4,4
247371,4,-0.14737404882907867,Q2_pred_2,2
236598,5,0.29202190041542053,Q5_pred_5,5
373365,4,-0.05076506733894348,Q4_pred_4,4
26019,3,0.04875366389751434,Q5_pred_5,5
105274,3,-0.2911462187767029,Q1_pred_1,1
151088,4,-0.24062341451644897,Q1_pred_1,1
419972,4,-0.018024936318397522,Q4_pred_4,4
413833,4,0.0034507960081100464,Q5_pred_5,5
25588,4,-0.20697680115699768,Q1_pred_1,1
331379,4,0.07369202375411987,Q5_pred_5,5
354393,5,-0.08408266305923462,Q3_pred_3,3
477311,3,-0.008766010403633118,Q4_pred_4,4
174627,4,-0.17286266386508942,Q2_pred_2,2
329555,4,-0.09188517928123474,Q3_pred_3,3
76600,3,0.16590991616249084,Q5_pred_5,5
275367,4,-0.1729903370141983,Q2_pred_2,2
76433,3,0.026485010981559753,Q5_pred_5,5
256579,4,-0.10335303843021393,Q3_pred_3,3
18038,4,-0.04564069211483002,Q4_pred_4,4
121072,4,-0.16501714289188385,Q2_pred_2,2
156705,4,-0.2599932849407196,Q1_pred_1,1
81990,5,0.15776190161705017,Q5_pred_5,5
8751,3,0.09302739799022675,Q5_pred_5,5
50718,5,-0.09195129573345184,Q3_pred_3,3
104210,5,-0.15471585094928741,Q2_pred_2,2
102380,5,-0.010990366339683533,Q4_pred_4,4
85549,4,-0.07524898648262024,Q4_pred_4,4
91746,4,-0.20008550584316254,Q2_pred_2,2
39980,2,0.04574316740036011,Q5_pred_5,5
257094,3,-0.03518272563815117,Q4_pred_4,4
272421,3,-0.22221773862838745,Q1_pred_1,1
179263,3,-0.13121932744979858,Q3_pred_3,3
40447,4,0.034771889448165894,Q5_pred_5,5
274000,3,-0.22072264552116394,Q1_pred_1,1
348082,3,-0.19589105248451233,Q2_pred_2,2
23476,3,-0.1190035492181778,Q3_pred_3,3
19475,5,-0.07516610622406006,Q4_pred_4,4
138453,3,-0.12948116660118103,Q3_pred_3,3
417755,4,-0.11467817425727844,Q3_pred_3,3
13908,4,-0.18987369537353516,Q2_pred_2,2
80821,3,-0.30717733502388,Q1_pred_1,1
210632,3,0.03204505145549774,Q5_pred_5,5
56011,5,-0.2843226194381714,Q1_pred_1,1
45946,5,-0.01093309372663498,Q4_pred_4,4
10090,2,-0.14235201478004456,Q2_pred_2,2
60774,4,-0.17944662272930145,Q2_pred_2,2
5840,3,-0.19896581768989563,Q2_pred_2,2
98783,3,0.043776482343673706,Q5_pred_5,5
408419,3,-0.1908189356327057,Q2_pred_2,2
95629,3,-0.19158178567886353,Q2_pred_2,2
86747,3,-0.1759718656539917,Q2_pred_2,2
160309,3,0.06488007307052612,Q5_pred_5,5
253611,4,-0.10646028816699982,Q3_pred_3,3
242931,4,-0.12118443846702576,Q3_pred_3,3
79051,4,-0.12765035033226013,Q3_pred_3,3
164617,3,-0.3661434054374695,Q1_pred_1,1
375548,5,-0.21242359280586243,Q1_pred_1,1
424786,3,-0.3448558449745178,Q1_pred_1,1
330751,4,0.07045707106590271,Q5_pred_5,5
378713,3,-0.02375365048646927,Q4_pred_4,4
32583,3,-0.032485634088516235,Q4_pred_4,4
168075,3,-0.1506710946559906,Q2_pred_2,2
102536,3,-0.05275815725326538,Q4_pred_4,4
247944,4,-0.27423393726348877,Q1_pred_1,1
137925,4,0.1618201583623886,Q5_pred_5,5
50194,3,-0.14834436774253845,Q2_pred_2,2
121361,3,-0.18124252557754517,Q2_pred_2,2
58604,5,-0.15600016713142395,Q2_pred_2,2
327129,3,-0.15336087346076965,Q2_pred_2,2
179924,4,-0.1611001193523407,Q2_pred_2,2
193844,3,-0.1383649706840515,Q2_pred_2,2
155046,3,0.027250856161117554,Q5_pred_5,5
50423,2,-0.10906614363193512,Q3_pred_3,3
82003,4,0.1374068707227707,Q5_pred_5,5
78526,3,-0.35870978236198425,Q1_pred_1,1
181071,4,-0.020623669028282166,Q4_pred_4,4
90268,3,-0.3018763065338135,Q1_pred_1,1
199202,3,0.09210594743490219,Q5_pred_5,5
48224,4,-0.2639175355434418,Q1_pred_1,1
316029,5,0.07841408252716064,Q5_pred_5,5
36399,4,-0.08872713148593903,Q3_pred_3,3
114154,2,-0.09148051589727402,Q3_pred_3,3
147867,4,-0.03837336227297783,Q4_pred_4,4
357554,5,-0.07354368269443512,Q4_pred_4,4
17690,2,-0.07914744317531586,Q3_pred_3,3
155203,3,-0.040336012840270996,Q4_pred_4,4
194673,3,-0.09473595023155212,Q3_pred_3,3
141161,3,-0.03198585286736488,Q4_pred_4,4
242235,4,-0.1545194685459137,Q2_pred_2,2
6635,2,-0.07514840364456177,Q4_pred_4,4
50679,3,-0.1930100917816162,Q2_pred_2,2
53842,4,-0.20059293508529663,Q2_pred_2,2
357128,3,-0.29150253534317017,Q1_pred_1,1
47338,4,-0.12051679193973541,Q3_pred_3,3
75452,2,-0.36058950424194336,Q1_pred_1,1
359205,5,-0.30594709515571594,Q1_pred_1,1
371815,4,-0.14513273537158966,Q2_pred_2,2
77296,5,0.03225412964820862,Q5_pred_5,5
69246,3,-0.07045416533946991,Q4_pred_4,4
33130,3,-0.06647151708602905,Q4_pred_4,4
74821,4,-0.20847544074058533,Q1_pred_1,1
142854,5,-0.02997457981109619,Q4_pred_4,4
63585,4,-0.054823338985443115,Q4_pred_4,4
105362,4,-0.10106989741325378,Q3_pred_3,3
360188,5,-0.22123518586158752,Q1_pred_1,1
26935,5,-0.0909443348646164,Q3_pred_3,3
153718,5,-0.2529910206794739,Q1_pred_1,1
49020,3,-0.2851540744304657,Q1_pred_1,1
84387,4,-0.05001433193683624,Q4_pred_4,4
324122,3,-0.21769572794437408,Q1_pred_1,1
58874,3,-0.048131927847862244,Q4_pred_4,4
105223,3,-0.04151389002799988,Q4_pred_4,4
40100,2,-0.09670758247375488,Q3_pred_3,3
373973,4,-0.13552039861679077,Q2_pred_2,2
467327,4,-0.08510001003742218,Q3_pred_3,3
354904,3,-0.1760917603969574,Q2_pred_2,2
218188,4,-0.1289120614528656,Q3_pred_3,3
4532,3,-0.34369438886642456,Q1_pred_1,1
222204,4,-0.1635550856590271,Q2_pred_2,2
382669,2,-0.16290579736232758,Q2_pred_2,2
336982,4,-0.16792070865631104,Q2_pred_2,2
115085,4,-0.11334627866744995,Q3_pred_3,3
6233,4,-0.19018813967704773,Q2_pred_2,2
92402,4,-0.09457027167081833,Q3_pred_3,3
247575,4,-0.22058218717575073,Q1_pred_1,1
126543,4,-0.09279889613389969,Q3_pred_3,3
390459,4,-0.10860584676265717,Q3_pred_3,3
366413,3,-0.1887587457895279,Q2_pred_2,2
390715,4,-0.0324794203042984,Q4_pred_4,4
340712,3,0.09800076484680176,Q5_pred_5,5
103373,3,0.003531515598297119,Q5_pred_5,5
18281,4,-0.12514612078666687,Q3_pred_3,3
237936,3,-0.03285760059952736,Q4_pred_4,4
12681,4,-0.18587937951087952,Q2_pred_2,2
211540,5,-0.09693644940853119,Q3_pred_3,3
117786,3,-0.053005099296569824,Q4_pred_4,4
37315,3,0.08422212302684784,Q5_pred_5,5
76715,3,-0.04063323140144348,Q4_pred_4,4
270815,3,-0.03167974203824997,Q4_pred_4,4
157580,3,-0.1530490517616272,Q2_pred_2,2
78499,3,-0.3121079206466675,Q1_pred_1,1
115417,4,-0.1857333481311798,Q2_pred_2,2
32587,4,0.04235834255814552,Q5_pred_5,5
34182,4,-0.029460802674293518,Q4_pred_4,4
46060,4,-0.13327355682849884,Q3_pred_3,3
183639,3,-0.1568567156791687,Q2_pred_2,2
20576,3,-0.11682012677192688,Q3_pred_3,3
4816,3,-0.03198646008968353,Q4_pred_4,4
11689,3,-0.1042400598526001,Q3_pred_3,3
354794,4,-0.18959420919418335,Q2_pred_2,2
21368,5,-0.09023848176002502,Q3_pred_3,3
361091,3,-0.12196123600006104,Q3_pred_3,3
326978,4,-0.09625840187072754,Q3_pred_3,3
210835,4,-0.0643664002418518,Q4_pred_4,4
94104,4,-0.13002967834472656,Q3_pred_3,3
132579,4,-0.20602190494537354,Q1_pred_1,1
182963,5,-0.05198138952255249,Q4_pred_4,4
416869,3,-0.30100107192993164,Q1_pred_1,1
247989,5,-0.22645726799964905,Q1_pred_1,1
477031,4,-0.10777078568935394,Q3_pred_3,3
254329,4,-0.15745146572589874,Q2_pred_2,2
169807,4,-0.16388872265815735,Q2_pred_2,2
78791,3,-0.19167479872703552,Q2_pred_2,2
143038,5,-0.05713650584220886,Q4_pred_4,4
51632,4,-0.23594899475574493,Q1_pred_1,1
152092,5,-0.1067795380949974,Q3_pred_3,3
28870,5,-0.1838850975036621,Q2_pred_2,2
117940,4,0.01931382715702057,Q5_pred_5,5
51423,4,-0.215154230594635,Q1_pred_1,1
359353,5,-0.2560983896255493,Q1_pred_1,1
119354,5,-0.2501104772090912,Q1_pred_1,1
26693,3,-0.27107328176498413,Q1_pred_1,1
204636,3,-0.0798831433057785,Q3_pred_3,3
139001,2,-0.08953409641981125,Q3_pred_3,3
88544,3,-0.0815596878528595,Q3_pred_3,3
142862,5,-0.05202984809875488,Q4_pred_4,4
238638,4,-0.20527684688568115,Q1_pred_1,1
406848,4,-0.2800824046134949,Q1_pred_1,1
102012,5,-0.043926313519477844,Q4_pred_4,4
76982,4,-0.2438550740480423,Q1_pred_1,1
49774,4,-0.07044745236635208,Q4_pred_4,4
275009,4,-0.04585710167884827,Q4_pred_4,4
194303,4,0.023142501711845398,Q5_pred_5,5
59617,3,-0.11986745148897171,Q3_pred_3,3
111114,4,-0.0883406400680542,Q3_pred_3,3
5791,4,0.06885170936584473,Q5_pred_5,5
108959,3,-0.21028178930282593,Q1_pred_1,1
331230,4,-0.19853562116622925,Q2_pred_2,2
217364,3,-0.12721563875675201,Q3_pred_3,3
169317,3,-0.08612646907567978,Q3_pred_3,3
17519,3,-0.20086506009101868,Q2_pred_2,2
238873,4,-0.1311533898115158,Q3_pred_3,3
117890,4,0.07127517461776733,Q5_pred_5,5
88470,4,-0.1580222249031067,Q2_pred_2,2
372850,4,-0.27190160751342773,Q1_pred_1,1
419329,1,-0.07615084946155548,Q4_pred_4,4
106439,4,-0.19906991720199585,Q2_pred_2,2
18273,4,-0.045847997069358826,Q4_pred_4,4
43743,4,-0.037905871868133545,Q4_pred_4,4
174237,4,-0.019151300191879272,Q4_pred_4,4
54253,4,0.0450248122215271,Q5_pred_5,5
235551,3,0.06976218521595001,Q5_pred_5,5
144059,4,0.058314792811870575,Q5_pred_5,5
361186,4,-0.07892047613859177,Q3_pred_3,3
107223,4,-0.1647380292415619,Q2_pred_2,2
73712,4,-0.09920071065425873,Q3_pred_3,3
15845,4,0.07773557305335999,Q5_pred_5,5
64238,3,-0.2482495754957199,Q1_pred_1,1
146708,4,-0.1939174085855484,Q2_pred_2,2
83118,5,-0.02306145429611206,Q4_pred_4,4
80791,2,-0.14853236079216003,Q2_pred_2,2
109903,4,-0.20726028084754944,Q1_pred_1,1
27491,4,-0.09367230534553528,Q3_pred_3,3
343987,4,-0.2710176408290863,Q1_pred_1,1
252234,4,-0.17169350385665894,Q2_pred_2,2
252513,3,0.0573679655790329,Q5_pred_5,5
57490,4,-0.10240007936954498,Q3_pred_3,3
419032,3,0.005981907248497009,Q5_pred_5,5
68718,4,-0.0038885027170181274,Q5_pred_5,5
251765,3,-0.15512874722480774,Q2_pred_2,2
415454,4,-0.24683621525764465,Q1_pred_1,1
44,4,-0.2041563093662262,Q2_pred_2,2
211499,3,-0.1657545119524002,Q2_pred_2,2
45905,4,-0.10456091910600662,Q3_pred_3,3
60805,4,-0.16811509430408478,Q2_pred_2,2
26585,4,-0.1785021722316742,Q2_pred_2,2
477025,4,-0.15311786532402039,Q2_pred_2,2
63364,3,0.10316506028175354,Q5_pred_5,5
13085,3,-0.1957181841135025,Q2_pred_2,2
336798,3,0.0321652889251709,Q5_pred_5,5
267451,1,0.00948825478553772,Q5_pred_5,5
236478,4,0.05510909855365753,Q5_pred_5,5
250526,4,-0.0766240656375885,Q4_pred_4,4
68395,4,-0.09383447468280792,Q3_pred_3,3
241497,4,0.007468611001968384,Q5_pred_5,5
156819,3,-0.16789445281028748,Q2_pred_2,2
147932,1,-0.39246195554733276,Q1_pred_1,1
439996,3,-0.03280514478683472,Q4_pred_4,4
345261,4,-0.013914868235588074,Q4_pred_4,4
209920,3,-0.20844236016273499,Q1_pred_1,1
269007,4,-0.13735058903694153,Q2_pred_2,2
395593,4,-0.11618638038635254,Q3_pred_3,3
150114,3,-0.196285218000412,Q2_pred_2,2
50256,3,-0.2727331519126892,Q1_pred_1,1
28748,5,-0.18844947218894958,Q2_pred_2,2
105303,2,0.2849119007587433,Q5_pred_5,5
33477,4,0.010238111019134521,Q5_pred_5,5
5185,3,-0.08816634118556976,Q3_pred_3,3
166934,4,-0.06617601215839386,Q4_pred_4,4
24820,3,0.0314183235168457,Q5_pred_5,5
130099,4,-0.17834807932376862,Q2_pred_2,2
164951,5,-0.12908151745796204,Q3_pred_3,3
142011,4,-0.05955396592617035,Q4_pred_4,4
11963,5,-0.09568202495574951,Q3_pred_3,3
275580,4,-0.10457367449998856,Q3_pred_3,3
105297,4,0.16291522979736328,Q5_pred_5,5
105333,3,0.02360183745622635,Q5_pred_5,5
372687,4,-0.11398328840732574,Q3_pred_3,3
378622,2,-0.06503808498382568,Q4_pred_4,4
128829,5,0.013921946287155151,Q5_pred_5,5
105949,3,-0.3668724298477173,Q1_pred_1,1
10739,3,-0.25024914741516113,Q1_pred_1,1
458036,4,-0.06686341762542725,Q4_pred_4,4
113349,2,-0.21292023360729218,Q1_pred_1,1
357469,5,-0.09722243249416351,Q3_pred_3,3
38884,4,-0.13438698649406433,Q3_pred_3,3
33652,4,0.13036945462226868,Q5_pred_5,5
92399,4,-0.13041657209396362,Q3_pred_3,3
70270,4,0.05652700364589691,Q5_pred_5,5
477293,3,-0.020049363374710083,Q4_pred_4,4
196010,4,-0.16815385222434998,Q2_pred_2,2
266496,4,-0.08524414896965027,Q3_pred_3,3
389214,3,0.03918367624282837,Q5_pred_5,5
127639,4,-0.1521906554698944,Q2_pred_2,2
270440,4,-0.14633752405643463,Q2_pred_2,2
167548,4,0.039324671030044556,Q5_pred_5,5
373718,3,0.061761826276779175,Q5_pred_5,5
54435,3,-0.3438667356967926,Q1_pred_1,1
316602,4,-0.0781804621219635,Q3_pred_3,3
80834,4,-0.16656863689422607,Q2_pred_2,2
9562,4,-0.09956735372543335,Q3_pred_3,3
43113,2,-0.07579877972602844,Q4_pred_4,4
144191,4,-0.03440782427787781,Q4_pred_4,4
34530,4,-0.2573896646499634,Q1_pred_1,1
29438,4,-0.30801278352737427,Q1_pred_1,1
191731,3,-0.06847235560417175,Q4_pred_4,4
149808,4,-0.09093647450208664,Q3_pred_3,3
373184,5,-0.06108419597148895,Q4_pred_4,4
50272,4,-0.23497238755226135,Q1_pred_1,1
444012,5,0.13644447922706604,Q5_pred_5,5
152852,4,-0.16372811794281006,Q2_pred_2,2
35239,3,-0.2506621778011322,Q1_pred_1,1
93452,3,-0.01982378214597702,Q4_pred_4,4
162753,3,-0.48481854796409607,Q1_pred_1,1
28765,5,-0.22464433312416077,Q1_pred_1,1
417608,1,-0.2189851999282837,Q1_pred_1,1
76593,3,0.13984128832817078,Q5_pred_5,5
14785,3,-0.24337652325630188,Q1_pred_1,1
118898,4,-0.011020556092262268,Q4_pred_4,4
241483,4,-0.0607503205537796,Q4_pred_4,4
10594,4,-0.20681706070899963,Q1_pred_1,1
270133,5,-0.09359484910964966,Q3_pred_3,3
107960,4,-0.1159045398235321,Q3_pred_3,3
202898,4,-0.027028024196624756,Q4_pred_4,4
144843,3,-0.2340279370546341,Q1_pred_1,1
425154,1,-0.048448868095874786,Q4_pred_4,4
9333,3,-0.06002768874168396,Q4_pred_4,4
188038,3,-0.02054024487733841,Q4_pred_4,4
421874,4,0.046783238649368286,Q5_pred_5,5
273787,4,0.003019910305738449,Q5_pred_5,5
373723,4,-0.08527955412864685,Q3_pred_3,3
83873,4,-0.13657860457897186,Q2_pred_2,2
118741,4,-0.12652602791786194,Q3_pred_3,3
109910,4,-0.11061263084411621,Q3_pred_3,3
156703,4,-0.19838635623455048,Q2_pred_2,2
18879,4,-0.3451114892959595,Q1_pred_1,1
75707,4,-0.256730318069458,Q1_pred_1,1
180618,3,0.06594857573509216,Q5_pred_5,5
325701,3,-0.4152457118034363,Q1_pred_1,1
213945,4,-0.15130946040153503,Q2_pred_2,2
15225,4,-0.05415991693735123,Q4_pred_4,4
170320,2,-0.07123513519763947,Q4_pred_4,4
240280,4,-0.1493227481842041,Q2_pred_2,2
87775,4,-0.23877093195915222,Q1_pred_1,1
275460,4,-0.24011918902397156,Q1_pred_1,1
1173,4,0.03504268079996109,Q5_pred_5,5
25262,4,-0.07911362498998642,Q3_pred_3,3
374123,4,-0.07624946534633636,Q4_pred_4,4
137632,5,-0.0817788764834404,Q3_pred_3,3
73453,4,0.034814465790987015,Q5_pred_5,5
109635,3,-0.3359747529029846,Q1_pred_1,1
477082,4,-0.11713498085737228,Q3_pred_3,3
165998,4,-0.09939552843570709,Q3_pred_3,3
321290,4,-0.058049678802490234,Q4_pred_4,4
94742,2,-0.10883760452270508,Q3_pred_3,3
248454,5,-0.059336721897125244,Q4_pred_4,4
60640,4,-0.0879381075501442,Q3_pred_3,3
333509,4,-0.1677009016275406,Q2_pred_2,2
177137,3,-0.18036288022994995,Q2_pred_2,2
358876,4,-0.2405538111925125,Q1_pred_1,1
359067,4,-0.2407940924167633,Q1_pred_1,1
38612,4,-0.322831392288208,Q1_pred_1,1
358261,4,-0.44944000244140625,Q1_pred_1,1
14986,3,-0.14730532467365265,Q2_pred_2,2
170539,3,-0.2961963713169098,Q1_pred_1,1
276072,4,-0.14577701687812805,Q2_pred_2,2
231992,4,-0.07626192271709442,Q4_pred_4,4
67345,4,0.0316748321056366,Q5_pred_5,5
151326,4,-0.03445418179035187,Q4_pred_4,4
241578,4,-0.12437461316585541,Q3_pred_3,3
386179,5,-0.16744808852672577,Q2_pred_2,2
433960,5,-0.21471235156059265,Q1_pred_1,1
74697,5,-0.23895886540412903,Q1_pred_1,1
244331,5,-0.1141735315322876,Q3_pred_3,3
98385,5,-0.15484872460365295,Q2_pred_2,2
180297,5,-0.16862332820892334,Q2_pred_2,2
336769,4,-0.07355815172195435,Q4_pred_4,4
191411,4,-0.1338091343641281,Q3_pred_3,3
50917,4,-0.2886770963668823,Q1_pred_1,1
157820,3,-0.2799280881881714,Q1_pred_1,1
72251,4,-0.19058895111083984,Q2_pred_2,2
17898,4,-0.24147464334964752,Q1_pred_1,1
32545,5,0.0684557557106018,Q5_pred_5,5
144331,5,-0.04045376181602478,Q4_pred_4,4
86427,5,-0.08128656446933746,Q3_pred_3,3
397010,4,-0.11338397860527039,Q3_pred_3,3
37241,4,-0.07475108653306961,Q4_pred_4,4
31000,3,-0.10207974910736084,Q3_pred_3,3
416430,5,0.144831120967865,Q5_pred_5,5
101421,3,-0.13931205868721008,Q2_pred_2,2
114445,4,-0.07023268938064575,Q4_pred_4,4
45437,3,-0.11635327339172363,Q3_pred_3,3
166479,3,-0.09478947520256042,Q3_pred_3,3
39876,4,0.1914660632610321,Q5_pred_5,5
124681,2,-0.09342045336961746,Q3_pred_3,3
382591,3,0.056402385234832764,Q5_pred_5,5
97591,3,-0.1527692973613739,Q2_pred_2,2
51691,3,-0.1126902848482132,Q3_pred_3,3
320301,3,-0.0878114253282547,Q3_pred_3,3
18663,4,-0.12560760974884033,Q3_pred_3,3
54902,4,-0.16509413719177246,Q2_pred_2,2
40132,3,0.006702035665512085,Q5_pred_5,5
95616,3,-0.04820403456687927,Q4_pred_4,4
113580,3,0.07207463681697845,Q5_pred_5,5
31747,2,-0.134617418050766,Q2_pred_2,2
130968,5,0.004590645432472229,Q5_pred_5,5
127621,4,-0.15234188735485077,Q2_pred_2,2
97756,3,-0.02935709059238434,Q4_pred_4,4
171707,4,-0.14875897765159607,Q2_pred_2,2
491747,4,-0.07170921564102173,Q4_pred_4,4
137661,5,-0.11214189231395721,Q3_pred_3,3
818,4,-0.011136919260025024,Q4_pred_4,4
133360,4,-0.2892782688140869,Q1_pred_1,1
41793,4,0.07158252596855164,Q5_pred_5,5
142867,5,-0.04948519170284271,Q4_pred_4,4
148510,5,0.15861833095550537,Q5_pred_5,5
133165,3,-0.28895989060401917,Q1_pred_1,1
27641,3,-0.08853042125701904,Q3_pred_3,3
354199,5,-0.3113059997558594,Q1_pred_1,1
103614,5,-0.11613807082176208,Q3_pred_3,3
113284,3,-0.08375030755996704,Q3_pred_3,3
183718,5,-0.036103203892707825,Q4_pred_4,4
10933,2,-0.3638821244239807,Q1_pred_1,1
383609,2,-0.19566768407821655,Q2_pred_2,2
354247,5,-0.3431646525859833,Q1_pred_1,1
91041,4,-0.2551257312297821,Q1_pred_1,1
41762,3,0.06921350955963135,Q5_pred_5,5
362186,4,-0.14203836023807526,Q2_pred_2,2
354688,4,-0.20857875049114227,Q1_pred_1,1
494701,4,-0.09677067399024963,Q3_pred_3,3
424847,4,-0.18428947031497955,Q2_pred_2,2
418407,4,-0.062432222068309784,Q4_pred_4,4
174722,5,-0.056123703718185425,Q4_pred_4,4
413688,4,-0.2579086720943451,Q1_pred_1,1
402095,5,-0.26088428497314453,Q1_pred_1,1
214729,4,-0.07093372941017151,Q4_pred_4,4
30880,4,-0.10205475986003876,Q3_pred_3,3
130514,4,0.024865224957466125,Q5_pred_5,5
477302,4,-0.019353896379470825,Q4_pred_4,4
135762,5,-0.06286481022834778,Q4_pred_4,4
484436,5,-0.04961442947387695,Q4_pred_4,4
20539,4,-0.12100616097450256,Q3_pred_3,3
380514,5,-0.059800609946250916,Q4_pred_4,4
458035,3,-0.05645452067255974,Q4_pred_4,4
200926,4,0.006452426314353943,Q5_pred_5,5
477305,4,0.0030478164553642273,Q5_pred_5,5
165142,5,-0.06389979273080826,Q4_pred_4,4
159439,3,-0.1722458004951477,Q2_pred_2,2
140204,4,0.15612339973449707,Q5_pred_5,5
28614,5,0.21611720323562622,Q5_pred_5,5
27367,5,0.03659805655479431,Q5_pred_5,5
371915,3,0.00678291916847229,Q5_pred_5,5
243630,4,-0.16311505436897278,Q2_pred_2,2
164592,4,-0.07188214361667633,Q4_pred_4,4
48189,5,-0.11171294003725052,Q3_pred_3,3
78868,3,-0.029447384178638458,Q4_pred_4,4
115440,4,-0.16127264499664307,Q2_pred_2,2
108678,3,-0.17612916231155396,Q2_pred_2,2
94987,3,0.01101711392402649,Q5_pred_5,5
60829,3,-0.11553049087524414,Q3_pred_3,3
52268,4,-0.1336357146501541,Q3_pred_3,3
57322,4,-0.09875977039337158,Q3_pred_3,3
5577,3,-0.06925883144140244,Q4_pred_4,4
212050,3,-0.09990819543600082,Q3_pred_3,3
28861,3,-0.30992239713668823,Q1_pred_1,1
126862,4,-0.08070880174636841,Q3_pred_3,3
353793,3,-0.10926832258701324,Q3_pred_3,3
154730,4,-0.08930152654647827,Q3_pred_3,3
337235,4,-0.11905334144830704,Q3_pred_3,3
338088,4,0.14841967821121216,Q5_pred_5,5
220594,5,-0.03009176254272461,Q4_pred_4,4
102397,5,-0.2127479612827301,Q1_pred_1,1
40509,4,-0.02575099468231201,Q4_pred_4,4
44627,4,0.007590651512145996,Q5_pred_5,5
216754,3,-0.06171437352895737,Q4_pred_4,4
9386,4,-0.1761537343263626,Q2_pred_2,2
53277,4,0.1360599249601364,Q5_pred_5,5
27952,4,-0.007615134119987488,Q5_pred_5,5
86578,3,-0.10541924834251404,Q3_pred_3,3
35139,4,-0.2069142460823059,Q1_pred_1,1
15957,4,0.04469820857048035,Q5_pred_5,5
241830,4,0.08318561315536499,Q5_pred_5,5
357142,4,-0.29150253534317017,Q1_pred_1,1
267954,4,-0.09225726872682571,Q3_pred_3,3
427699,4,-0.18517202138900757,Q2_pred_2,2
187314,2,-0.2934693694114685,Q1_pred_1,1
13906,2,0.029897794127464294,Q5_pred_5,5
8753,2,-0.17403247952461243,Q2_pred_2,2
68688,4,-0.13923999667167664,Q2_pred_2,2
244968,4,-0.20312468707561493,Q2_pred_2,2
334648,3,-0.31062376499176025,Q1_pred_1,1
33280,3,-0.39381372928619385,Q1_pred_1,1
349240,4,-0.07145006954669952,Q4_pred_4,4
106955,3,-0.16654330492019653,Q2_pred_2,2
208921,4,-0.16340580582618713,Q2_pred_2,2
240138,3,-0.0015076398849487305,Q5_pred_5,5
200908,3,-0.014574562199413776,Q4_pred_4,4
76617,3,-0.2122524082660675,Q1_pred_1,1
93406,5,-0.08692935109138489,Q3_pred_3,3
377065,5,-0.05224029719829559,Q4_pred_4,4
50186,4,0.07735228538513184,Q5_pred_5,5
377589,4,-0.16695402562618256,Q2_pred_2,2
424791,2,-0.10269021987915039,Q3_pred_3,3
408417,2,-0.14036282896995544,Q2_pred_2,2
18054,3,-0.11511024087667465,Q3_pred_3,3
35884,4,-0.053284063935279846,Q4_pred_4,4
101233,2,-0.24476559460163116,Q1_pred_1,1
395828,5,-0.15351560711860657,Q2_pred_2,2
273050,5,-0.0321277379989624,Q4_pred_4,4
267249,4,-0.10200552642345428,Q3_pred_3,3
64778,4,0.16041120886802673,Q5_pred_5,5
429075,4,-0.1147855818271637,Q3_pred_3,3
405262,5,-0.02068382501602173,Q4_pred_4,4
112289,4,-0.228958398103714,Q1_pred_1,1
3814,5,0.04659722000360489,Q5_pred_5,5
349396,4,-0.04942980408668518,Q4_pred_4,4
109192,4,-0.05664260685443878,Q4_pred_4,4
68013,4,-0.3014218211174011,Q1_pred_1,1
146335,5,-0.07763117551803589,Q3_pred_3,3
425768,3,-0.08175619691610336,Q3_pred_3,3
329136,3,-0.027403399348258972,Q4_pred_4,4
246529,4,-0.008478164672851562,Q4_pred_4,4
214565,4,-0.018574465066194534,Q4_pred_4,4
231957,4,0.008560001850128174,Q5_pred_5,5
354948,4,-0.2045118808746338,Q2_pred_2,2
75105,4,-0.2272571325302124,Q1_pred_1,1
257858,5,0.0846831202507019,Q5_pred_5,5
356039,5,-0.31750690937042236,Q1_pred_1,1
127158,5,-0.17561501264572144,Q2_pred_2,2
72303,3,-0.321725457906723,Q1_pred_1,1
133270,3,-0.23292246460914612,Q1_pred_1,1
210650,4,0.012285500764846802,Q5_pred_5,5
176883,3,0.08299408107995987,Q5_pred_5,5
200631,4,-0.1645960509777069,Q2_pred_2,2
183055,5,-0.043959230184555054,Q4_pred_4,4
165235,4,-0.038591593503952026,Q4_pred_4,4
325378,3,-0.2438354194164276,Q1_pred_1,1
373982,4,-0.08167769014835358,Q3_pred_3,3
133503,2,-0.09672202169895172,Q3_pred_3,3
184818,3,0.05282053351402283,Q5_pred_5,5
16768,3,-0.13857856392860413,Q2_pred_2,2
159777,3,0.03761346638202667,Q5_pred_5,5
164828,4,0.01016920804977417,Q5_pred_5,5
10481,4,-0.2058047205209732,Q1_pred_1,1
12001,4,-0.12819643318653107,Q3_pred_3,3
3334,2,-0.1412593573331833,Q2_pred_2,2
60408,2,-0.11547419428825378,Q3_pred_3,3
354258,4,-0.278592586517334,Q1_pred_1,1
377386,4,0.010782897472381592,Q5_pred_5,5
372684,4,-0.11182728409767151,Q3_pred_3,3
354205,4,-0.3248344361782074,Q1_pred_1,1
41664,4,0.05666548013687134,Q5_pred_5,5
119680,5,-0.29204267263412476,Q1_pred_1,1
56532,3,-0.1274552345275879,Q3_pred_3,3
109119,2,-0.2338358461856842,Q1_pred_1,1
59244,3,0.018067896366119385,Q5_pred_5,5
54803,3,-0.005859345197677612,Q5_pred_5,5
48995,5,-0.3146524131298065,Q1_pred_1,1
169181,4,-0.11339129507541656,Q3_pred_3,3
17561,3,-0.13363385200500488,Q3_pred_3,3
179905,3,-0.15439528226852417,Q2_pred_2,2
87954,3,0.010993540287017822,Q5_pred_5,5
82810,4,-0.19954313337802887,Q2_pred_2,2
96346,4,-0.049931347370147705,Q4_pred_4,4
42813,3,0.14154255390167236,Q5_pred_5,5
114443,3,-0.18281954526901245,Q2_pred_2,2
138971,4,-0.18341459333896637,Q2_pred_2,2
4073,4,-0.2284690886735916,Q1_pred_1,1
15880,3,-0.20696446299552917,Q1_pred_1,1
352066,3,-0.07555575668811798,Q4_pred_4,4
328411,3,-0.10267911106348038,Q3_pred_3,3
65455,3,-0.2952881157398224,Q1_pred_1,1
153246,4,-0.20572194457054138,Q1_pred_1,1
205079,4,-0.07297632098197937,Q4_pred_4,4
185742,3,0.005474358797073364,Q5_pred_5,5
315648,3,-0.045497387647628784,Q4_pred_4,4
28924,4,-0.22301693260669708,Q1_pred_1,1
187791,3,-0.13255524635314941,Q3_pred_3,3
339650,3,-0.16437271237373352,Q2_pred_2,2
115922,3,-0.0722385048866272,Q4_pred_4,4
257052,3,-0.1622447371482849,Q2_pred_2,2
994,3,0.004464726895093918,Q5_pred_5,5
185809,3,-0.013433992862701416,Q4_pred_4,4
10418,3,-0.0887804701924324,Q3_pred_3,3
182991,5,-0.039695873856544495,Q4_pred_4,4
246563,4,-0.015366196632385254,Q4_pred_4,4
137565,3,-0.05301371216773987,Q4_pred_4,4
359700,5,-0.2448757290840149,Q1_pred_1,1
105725,4,-0.22913870215415955,Q1_pred_1,1
11668,5,0.07182228565216064,Q5_pred_5,5
160263,5,-0.09182603657245636,Q3_pred_3,3
222923,4,-0.15930584073066711,Q2_pred_2,2
163018,4,-0.10002943873405457,Q3_pred_3,3
374108,4,-0.06029614806175232,Q4_pred_4,4
10723,5,-0.011367514729499817,Q4_pred_4,4
373898,4,-0.22901993989944458,Q1_pred_1,1
249118,4,-0.03071446716785431,Q4_pred_4,4
142845,4,-0.037921175360679626,Q4_pred_4,4
36774,5,-0.09801238775253296,Q3_pred_3,3
249049,4,0.012410357594490051,Q5_pred_5,5
249073,5,-0.08231092989444733,Q3_pred_3,3
107328,5,-0.186966210603714,Q2_pred_2,2
26540,4,-0.05627267435193062,Q4_pred_4,4
58622,4,-0.006348399445414543,Q5_pred_5,5
276826,5,-0.10505905747413635,Q3_pred_3,3
2636,4,0.08108578622341156,Q5_pred_5,5
7883,4,0.03037014603614807,Q5_pred_5,5
382250,4,-0.05814126133918762,Q4_pred_4,4
404053,3,-0.20233605802059174,Q2_pred_2,2
33895,3,-0.14135956764221191,Q2_pred_2,2
39992,2,-0.17503312230110168,Q2_pred_2,2
115331,3,-0.19559401273727417,Q2_pred_2,2
370941,4,0.049509160220623016,Q5_pred_5,5
188717,4,0.004999309778213501,Q5_pred_5,5
154020,4,-0.2691507637500763,Q1_pred_1,1
377774,3,-0.11912412941455841,Q3_pred_3,3
221790,4,0.04336269199848175,Q5_pred_5,5
61224,4,-0.004249051213264465,Q5_pred_5,5
238662,3,-0.20478671789169312,Q2_pred_2,2
77280,4,0.010329023003578186,Q5_pred_5,5
231462,4,-0.1395644098520279,Q2_pred_2,2
191609,3,-0.025548793375492096,Q4_pred_4,4
246061,3,-0.12931472063064575,Q3_pred_3,3
172951,4,0.006486326456069946,Q5_pred_5,5
420942,4,-0.16803008317947388,Q2_pred_2,2
86441,5,-0.0977870523929596,Q3_pred_3,3
104390,4,-0.09549987316131592,Q3_pred_3,3
231686,4,-0.13427138328552246,Q3_pred_3,3
86248,4,-0.10103635489940643,Q3_pred_3,3
169623,3,-0.06379136443138123,Q4_pred_4,4
45923,4,-0.030848875641822815,Q4_pred_4,4
72230,3,0.10795475542545319,Q5_pred_5,5
402801,4,-0.1465156078338623,Q2_pred_2,2
98876,3,-0.031761929392814636,Q4_pred_4,4
209045,3,-0.12329751998186111,Q3_pred_3,3
38970,3,-0.11683107912540436,Q3_pred_3,3
192353,3,0.08033424615859985,Q5_pred_5,5
112662,4,-0.0013270974159240723,Q5_pred_5,5
109087,4,0.0025839656591415405,Q5_pred_5,5
58231,4,-0.08729398250579834,Q3_pred_3,3
125557,4,-0.0024741515517234802,Q5_pred_5,5
183162,4,-0.06987318396568298,Q4_pred_4,4
81909,4,-0.2619730532169342,Q1_pred_1,1
34195,3,0.08342982083559036,Q5_pred_5,5
118585,4,-0.176080584526062,Q2_pred_2,2
29961,3,0.08762466907501221,Q5_pred_5,5
212397,4,-0.19532114267349243,Q2_pred_2,2
101811,4,-0.39514341950416565,Q1_pred_1,1
236347,2,0.16980287432670593,Q5_pred_5,5
236348,4,0.19419778883457184,Q5_pred_5,5
9542,3,-0.19973008334636688,Q2_pred_2,2
86399,4,-0.2896174490451813,Q1_pred_1,1
376006,4,-0.11857062578201294,Q3_pred_3,3
114126,3,-0.1817931830883026,Q2_pred_2,2
141191,3,-0.019946396350860596,Q4_pred_4,4
166109,2,-0.1860736459493637,Q2_pred_2,2
316646,4,0.046713292598724365,Q5_pred_5,5
72882,4,-0.1684059202671051,Q2_pred_2,2
19217,4,-0.2307165563106537,Q1_pred_1,1
236418,2,-0.2335193157196045,Q1_pred_1,1
252218,4,-0.08720161765813828,Q3_pred_3,3
98019,5,0.07744216918945312,Q5_pred_5,5
91079,4,-0.12500768899917603,Q3_pred_3,3
106445,4,-0.161709725856781,Q2_pred_2,2
124022,3,-0.04161171615123749,Q4_pred_4,4
105622,2,-0.3709930181503296,Q1_pred_1,1
374116,4,-0.07634508609771729,Q4_pred_4,4
251145,3,0.024506688117980957,Q5_pred_5,5
44365,4,-0.0827435851097107,Q3_pred_3,3
155223,4,-0.07493054866790771,Q4_pred_4,4
163565,4,-0.1750101000070572,Q2_pred_2,2
39875,4,0.1985800564289093,Q5_pred_5,5
173841,3,-0.012172386050224304,Q4_pred_4,4
58665,4,-0.14116045832633972,Q2_pred_2,2
142719,5,-0.06319910287857056,Q4_pred_4,4
20190,3,-0.00040075182914733887,Q5_pred_5,5
160570,3,0.0043866876512765884,Q5_pred_5,5
72963,5,-0.13943380117416382,Q2_pred_2,2
75253,4,-0.12372910976409912,Q3_pred_3,3
146544,5,-0.14930082857608795,Q2_pred_2,2
10553,5,-0.23404178023338318,Q1_pred_1,1
249132,5,-0.008606165647506714,Q4_pred_4,4
8241,3,-0.22715197503566742,Q1_pred_1,1
222317,3,-0.15725845098495483,Q2_pred_2,2
105637,2,-0.37269771099090576,Q1_pred_1,1
148244,5,-0.15664947032928467,Q2_pred_2,2
26544,5,-0.0493994802236557,Q4_pred_4,4
354318,5,-0.3807862401008606,Q1_pred_1,1
97649,4,-0.11080333590507507,Q3_pred_3,3
116767,2,-0.10831376910209656,Q3_pred_3,3
54279,3,-0.034850090742111206,Q4_pred_4,4
356891,5,-0.12445710599422455,Q3_pred_3,3
91977,3,-0.10861152410507202,Q3_pred_3,3
66432,4,-0.07733075320720673,Q3_pred_3,3
61772,4,0.04486627131700516,Q5_pred_5,5
173889,4,-0.40859588980674744,Q1_pred_1,1
16466,5,0.012951157987117767,Q5_pred_5,5
427227,2,-0.17344814538955688,Q2_pred_2,2
390706,4,-0.02942623943090439,Q4_pred_4,4
88971,3,-0.21815553307533264,Q1_pred_1,1
83537,4,-0.038994938135147095,Q4_pred_4,4
28983,3,-0.24450361728668213,Q1_pred_1,1
366757,3,-0.17294465005397797,Q2_pred_2,2
249546,3,-0.12320689857006073,Q3_pred_3,3
119094,3,-0.2687418460845947,Q1_pred_1,1
263947,3,0.06296391785144806,Q5_pred_5,5
132951,4,-0.13835856318473816,Q2_pred_2,2
207487,3,-0.12696872651576996,Q3_pred_3,3
117089,3,0.06254629790782928,Q5_pred_5,5
378309,3,-0.15471087396144867,Q2_pred_2,2
151446,3,-0.17787224054336548,Q2_pred_2,2
99692,3,-0.09168572723865509,Q3_pred_3,3
276113,4,-0.1550075113773346,Q2_pred_2,2
43673,3,-0.18903601169586182,Q2_pred_2,2
103995,4,-0.198269322514534,Q2_pred_2,2
315935,3,-0.2846076488494873,Q1_pred_1,1
219784,3,-0.3454950749874115,Q1_pred_1,1
56522,3,-0.15754581987857819,Q2_pred_2,2
339901,3,-0.07606592774391174,Q4_pred_4,4
121369,3,-0.4422145485877991,Q1_pred_1,1
63921,5,-0.045960843563079834,Q4_pred_4,4
15791,5,0.1704847812652588,Q5_pred_5,5
127622,4,-0.1558176577091217,Q2_pred_2,2
160574,4,-0.17506082355976105,Q2_pred_2,2
149988,3,-0.14206525683403015,Q2_pred_2,2
66608,3,-0.23499900102615356,Q1_pred_1,1
236402,5,0.21839740872383118,Q5_pred_5,5
99435,4,0.10025769472122192,Q5_pred_5,5
401817,4,-0.20730850100517273,Q1_pred_1,1
47668,4,-0.12859535217285156,Q3_pred_3,3
252523,5,0.013113155961036682,Q5_pred_5,5
171597,5,0.0133439302444458,Q5_pred_5,5
54771,4,-0.15894684195518494,Q2_pred_2,2
213375,4,-0.17514947056770325,Q2_pred_2,2
146946,3,-0.09588371217250824,Q3_pred_3,3
15123,3,-0.17871935665607452,Q2_pred_2,2
122299,4,-0.030094675719738007,Q4_pred_4,4
420276,4,0.05548784136772156,Q5_pred_5,5
334093,4,-0.04337628185749054,Q4_pred_4,4
255812,5,0.10283219814300537,Q5_pred_5,5
214369,3,-0.030898813158273697,Q4_pred_4,4
59605,2,-0.19540661573410034,Q2_pred_2,2
31002,3,-0.1405119001865387,Q2_pred_2,2
156750,4,-0.27994245290756226,Q1_pred_1,1
348309,3,-0.24838654696941376,Q1_pred_1,1
31647,2,0.07323536276817322,Q5_pred_5,5
112270,4,-0.17635472118854523,Q2_pred_2,2
157819,3,-0.28929799795150757,Q1_pred_1,1
101313,3,-0.15938176214694977,Q2_pred_2,2
261854,3,0.016081899404525757,Q5_pred_5,5
48160,2,-0.07928870618343353,Q3_pred_3,3
150958,3,-0.06395021080970764,Q4_pred_4,4
34966,4,0.13754451274871826,Q5_pred_5,5
61714,5,0.011926092207431793,Q5_pred_5,5
54213,3,-0.15605497360229492,Q2_pred_2,2
50183,2,-0.07031707465648651,Q4_pred_4,4
50270,3,-0.13687539100646973,Q2_pred_2,2
40349,3,0.008948013186454773,Q5_pred_5,5
95383,5,-0.019452854990959167,Q4_pred_4,4
438928,5,0.04814409464597702,Q5_pred_5,5
130570,4,-0.07007961720228195,Q4_pred_4,4
24115,4,0.005038008093833923,Q5_pred_5,5
231490,4,-0.10372351109981537,Q3_pred_3,3
50785,4,-0.16030250489711761,Q2_pred_2,2
147216,4,-0.14703607559204102,Q2_pred_2,2
23072,5,-0.19210609793663025,Q2_pred_2,2
145653,4,-0.10456174612045288,Q3_pred_3,3
418410,3,-0.06509660184383392,Q4_pred_4,4
24036,5,0.011107638478279114,Q5_pred_5,5
37284,5,-0.16196534037590027,Q2_pred_2,2
43213,4,-0.15720325708389282,Q2_pred_2,2
53296,4,-0.12480920553207397,Q3_pred_3,3
44910,5,-0.16543571650981903,Q2_pred_2,2
318758,4,-0.3978690207004547,Q1_pred_1,1
80526,2,-0.3409828841686249,Q1_pred_1,1
222390,4,-0.047855064272880554,Q4_pred_4,4
28410,5,-0.10950709879398346,Q3_pred_3,3
124276,5,-0.10253401100635529,Q3_pred_3,3
256954,5,0.048036128282547,Q5_pred_5,5
203649,5,0.07078254222869873,Q5_pred_5,5
414503,2,-0.046539515256881714,Q4_pred_4,4
102360,4,0.03663639724254608,Q5_pred_5,5
18714,3,-0.13426095247268677,Q3_pred_3,3
42826,4,0.06982021033763885,Q5_pred_5,5
63741,4,-0.09937568008899689,Q3_pred_3,3
132805,4,-0.35891270637512207,Q1_pred_1,1
396977,3,-0.038474276661872864,Q4_pred_4,4
64277,5,-0.24931658804416656,Q1_pred_1,1
261413,4,-0.03031952679157257,Q4_pred_4,4
328643,3,-0.14623098075389862,Q2_pred_2,2
154237,4,-0.03856398165225983,Q4_pred_4,4
249080,4,-0.059336721897125244,Q4_pred_4,4
337964,4,-0.1304875612258911,Q3_pred_3,3
382848,4,0.0546085461974144,Q5_pred_5,5
37228,3,-0.2777191996574402,Q1_pred_1,1
16782,3,0.15075281262397766,Q5_pred_5,5
71709,2,-0.017906423658132553,Q4_pred_4,4
76726,4,-0.09496840834617615,Q3_pred_3,3
164053,3,-0.13918335735797882,Q2_pred_2,2
65946,4,0.1038425862789154,Q5_pred_5,5
38592,4,0.13289424777030945,Q5_pred_5,5
109140,3,-0.24178096652030945,Q1_pred_1,1
58364,3,-0.1640080362558365,Q2_pred_2,2
51022,3,-0.12726567685604095,Q3_pred_3,3
187611,3,-0.10173064470291138,Q3_pred_3,3
75099,3,-0.16702070832252502,Q2_pred_2,2
78665,4,-0.0363626554608345,Q4_pred_4,4
33542,2,-0.14503446221351624,Q2_pred_2,2
127207,2,-0.20246517658233643,Q2_pred_2,2
52786,5,0.06608130782842636,Q5_pred_5,5
95034,4,-0.08410096168518066,Q3_pred_3,3
40988,4,-0.17145892977714539,Q2_pred_2,2
373915,4,-0.24888572096824646,Q1_pred_1,1
92969,5,-0.03742624819278717,Q4_pred_4,4
45113,2,0.10983547568321228,Q5_pred_5,5
114124,3,-0.25276196002960205,Q1_pred_1,1
64557,2,-0.23666521906852722,Q1_pred_1,1
236682,5,0.17360806465148926,Q5_pred_5,5
265544,4,-0.134407177567482,Q3_pred_3,3
93876,4,-0.013618990778923035,Q4_pred_4,4
17932,3,0.021227002143859863,Q5_pred_5,5
107722,3,-0.12160003185272217,Q3_pred_3,3
11602,4,0.007228046655654907,Q5_pred_5,5
169800,3,-0.11946214735507965,Q3_pred_3,3
144065,3,-0.08280667662620544,Q3_pred_3,3
50304,4,-0.1581352949142456,Q2_pred_2,2
9657,4,-0.15620258450508118,Q2_pred_2,2
71,4,-0.17297610640525818,Q2_pred_2,2
82785,3,-0.04739370942115784,Q4_pred_4,4
402021,5,-0.2568778991699219,Q1_pred_1,1
354279,5,-0.37666141986846924,Q1_pred_1,1
154288,5,-0.36589914560317993,Q1_pred_1,1
359724,5,-0.14414972066879272,Q2_pred_2,2
356682,4,-0.17140193283557892,Q2_pred_2,2
67843,2,-0.25571006536483765,Q1_pred_1,1
72300,3,-0.2949426472187042,Q1_pred_1,1
36395,4,-0.09786946326494217,Q3_pred_3,3
107606,3,-0.13145604729652405,Q3_pred_3,3
329780,3,-0.06183084845542908,Q4_pred_4,4
352856,3,0.03977072238922119,Q5_pred_5,5
83438,4,-0.14547191560268402,Q2_pred_2,2
79236,4,-0.1288021206855774,Q3_pred_3,3
68898,3,-0.12342794239521027,Q3_pred_3,3
26781,2,-0.08878292143344879,Q3_pred_3,3
6520,4,-0.20850160717964172,Q1_pred_1,1
346506,3,-0.18059779703617096,Q2_pred_2,2
363169,4,-0.10254040360450745,Q3_pred_3,3
153532,4,-0.04238466918468475,Q4_pred_4,4
365569,3,-0.10430845618247986,Q3_pred_3,3
19245,3,-0.08600232005119324,Q3_pred_3,3
327912,3,-0.2518913149833679,Q1_pred_1,1
20658,3,-0.11743667721748352,Q3_pred_3,3
402605,3,-0.11972635984420776,Q3_pred_3,3
85722,3,-0.33203697204589844,Q1_pred_1,1
272478,3,-0.019217990338802338,Q4_pred_4,4
392063,4,-0.13675665855407715,Q2_pred_2,2
254389,4,-0.03545737266540527,Q4_pred_4,4
421832,3,-0.01188698410987854,Q4_pred_4,4
166182,4,-0.12192381918430328,Q3_pred_3,3
325459,4,-0.2631259560585022,Q1_pred_1,1
79636,3,-0.13844934105873108,Q2_pred_2,2
50266,2,-0.1283479630947113,Q3_pred_3,3
116669,3,-0.01651415228843689,Q4_pred_4,4
90440,4,-0.07955364882946014,Q3_pred_3,3
234950,4,-0.12655571103096008,Q3_pred_3,3
241500,4,-0.0020792558789253235,Q5_pred_5,5
372236,5,-0.08196306228637695,Q3_pred_3,3
92971,5,-0.0326026976108551,Q4_pred_4,4
109934,5,-0.17253521084785461,Q2_pred_2,2
66884,4,-0.20457452535629272,Q2_pred_2,2
66363,4,-0.0075057148933410645,Q5_pred_5,5
15833,3,-0.003073491156101227,Q5_pred_5,5
6055,4,-0.044877998530864716,Q4_pred_4,4
39327,4,-0.03675331920385361,Q4_pred_4,4
97301,2,-0.32917869091033936,Q1_pred_1,1
354929,4,-0.19779247045516968,Q2_pred_2,2
244457,3,-0.12807923555374146,Q3_pred_3,3
198257,4,-0.16028325259685516,Q2_pred_2,2
264351,3,0.035526424646377563,Q5_pred_5,5
15555,4,-0.31473714113235474,Q1_pred_1,1
160262,2,-0.049833014607429504,Q4_pred_4,4
25698,4,-0.000868690200150013,Q5_pred_5,5
359799,4,-0.17074519395828247,Q2_pred_2,2
119307,4,-0.2585410475730896,Q1_pred_1,1
90431,3,-0.05120193958282471,Q4_pred_4,4
10525,4,-0.1939716786146164,Q2_pred_2,2
142837,5,-0.037609025835990906,Q4_pred_4,4
10434,4,-0.04946354031562805,Q4_pred_4,4
357464,5,-0.08861859142780304,Q3_pred_3,3
105902,3,-0.3754287362098694,Q1_pred_1,1
84063,5,-0.10961191356182098,Q3_pred_3,3
146653,5,-0.09591023623943329,Q3_pred_3,3
372674,5,-0.13717231154441833,Q2_pred_2,2
76667,2,-0.3096025288105011,Q1_pred_1,1
200039,5,-0.11643527448177338,Q3_pred_3,3
113270,4,-0.029223347082734108,Q4_pred_4,4
359680,5,-0.21157562732696533,Q1_pred_1,1
26559,4,-0.022390656173229218,Q4_pred_4,4
28597,4,0.18750013411045074,Q5_pred_5,5
269478,2,-0.053410038352012634,Q4_pred_4,4
133674,2,-0.27048391103744507,Q1_pred_1,1
20458,4,-0.1693197786808014,Q2_pred_2,2
270729,4,-0.13008451461791992,Q3_pred_3,3
360673,3,-0.045667752623558044,Q4_pred_4,4
2980,3,-0.13822370767593384,Q2_pred_2,2
366957,4,-0.014013871550559998,Q4_pred_4,4
174439,3,-0.18661272525787354,Q2_pred_2,2
95820,3,0.022193722426891327,Q5_pred_5,5
45919,4,-0.009339362382888794,Q4_pred_4,4
80522,3,-0.2429359257221222,Q1_pred_1,1
164183,3,-0.020582184195518494,Q4_pred_4,4
166386,3,-0.07055900245904922,Q4_pred_4,4
95694,4,0.09602664411067963,Q5_pred_5,5
91748,4,0.22901423275470734,Q5_pred_5,5
350724,3,0.038287609815597534,Q5_pred_5,5
34067,4,-0.06343322992324829,Q4_pred_4,4
112265,3,-0.034678906202316284,Q4_pred_4,4
15422,3,0.009805619716644287,Q5_pred_5,5
50913,3,-0.0649910420179367,Q4_pred_4,4
62591,3,-0.04095426946878433,Q4_pred_4,4
176136,2,-0.1661815047264099,Q2_pred_2,2
75855,3,0.04283493757247925,Q5_pred_5,5
20530,3,-0.09980908781290054,Q3_pred_3,3
184203,3,-0.07771149277687073,Q3_pred_3,3
51552,4,-0.01891842484474182,Q4_pred_4,4
88836,4,-0.2334020733833313,Q1_pred_1,1
344597,4,-0.09764985740184784,Q3_pred_3,3
171184,4,-0.4509243369102478,Q1_pred_1,1
386354,4,-0.10642226040363312,Q3_pred_3,3
354696,4,-0.19779247045516968,Q2_pred_2,2
357210,4,-0.2879664897918701,Q1_pred_1,1
251305,3,-0.16214241087436676,Q2_pred_2,2
206122,3,-0.04554156959056854,Q4_pred_4,4
222458,4,-0.10185211896896362,Q3_pred_3,3
479408,4,-0.0013549178838729858,Q5_pred_5,5
61718,5,0.009713277220726013,Q5_pred_5,5
93868,5,-0.009669296443462372,Q4_pred_4,4
414260,4,-0.3354329466819763,Q1_pred_1,1
29304,2,-0.33063992857933044,Q1_pred_1,1
53458,4,-0.020586907863616943,Q4_pred_4,4
336494,3,-0.32376354932785034,Q1_pred_1,1
57481,3,-0.10081065446138382,Q3_pred_3,3
150363,4,0.05989563465118408,Q5_pred_5,5
47140,4,-0.25979554653167725,Q1_pred_1,1
219488,4,-0.1506102979183197,Q2_pred_2,2
193864,2,-0.11973448842763901,Q3_pred_3,3
29124,3,-0.1457289159297943,Q2_pred_2,2
99243,3,-0.38545671105384827,Q1_pred_1,1
193830,2,-0.1394653469324112,Q2_pred_2,2
190579,3,-0.030562877655029297,Q4_pred_4,4
352379,3,0.06094466149806976,Q5_pred_5,5
54099,3,-0.258333683013916,Q1_pred_1,1
64804,3,0.08962452411651611,Q5_pred_5,5
7939,4,0.021553009748458862,Q5_pred_5,5
221843,3,-0.09799699485301971,Q3_pred_3,3
231972,3,-0.3637844920158386,Q1_pred_1,1
39915,3,-0.19695451855659485,Q2_pred_2,2
39550,2,-0.19373267889022827,Q2_pred_2,2
6961,2,-0.027882367372512817,Q4_pred_4,4
374184,3,-0.12459757924079895,Q3_pred_3,3
121045,4,0.07651814818382263,Q5_pred_5,5
125149,4,-0.21784479916095734,Q1_pred_1,1
26464,4,-0.17984618246555328,Q2_pred_2,2
40028,4,-0.08947120606899261,Q3_pred_3,3
332505,4,0.09586337208747864,Q5_pred_5,5
50486,3,-0.0010283291339874268,Q5_pred_5,5
236812,3,-0.05648475140333176,Q4_pred_4,4
169119,4,-0.1119527816772461,Q3_pred_3,3
254573,4,-0.012702301144599915,Q4_pred_4,4
45993,3,-0.02360449731349945,Q4_pred_4,4
65441,2,-0.06280478835105896,Q4_pred_4,4
36093,3,-0.09211581945419312,Q3_pred_3,3
344666,3,-0.23403562605381012,Q1_pred_1,1
39538,3,-0.22607336938381195,Q1_pred_1,1
341070,4,-0.08860504627227783,Q3_pred_3,3
3247,4,-0.19021916389465332,Q2_pred_2,2
375999,3,0.18486031889915466,Q5_pred_5,5
316572,4,-0.05186453461647034,Q4_pred_4,4
109608,2,-0.002440720796585083,Q5_pred_5,5
33303,2,-0.36682528257369995,Q1_pred_1,1
378568,3,-0.0862242728471756,Q3_pred_3,3
60753,4,-0.11294903606176376,Q3_pred_3,3
188224,4,-0.06795565783977509,Q4_pred_4,4
340716,3,-0.020804986357688904,Q4_pred_4,4
3746,4,-0.18827424943447113,Q2_pred_2,2
233715,4,-0.02859368920326233,Q4_pred_4,4
34595,4,0.11128755658864975,Q5_pred_5,5
366576,3,-0.2298300862312317,Q1_pred_1,1
197866,4,-0.12191305309534073,Q3_pred_3,3
194743,3,-0.20012526214122772,Q2_pred_2,2
102045,3,-0.0030487626791000366,Q5_pred_5,5
86458,1,-0.018885105848312378,Q4_pred_4,4
239581,3,-0.25251612067222595,Q1_pred_1,1
72240,4,-0.3893510103225708,Q1_pred_1,1
90350,3,-0.19543027877807617,Q2_pred_2,2
102858,4,-0.030554071068763733,Q4_pred_4,4
82700,4,-0.06915532797574997,Q4_pred_4,4
236392,4,0.14392739534378052,Q5_pred_5,5
36937,3,-0.06831756234169006,Q4_pred_4,4
101309,3,-0.13653285801410675,Q2_pred_2,2
202302,5,-0.1317308396100998,Q3_pred_3,3
61768,5,0.039936669170856476,Q5_pred_5,5
123812,5,0.14596343040466309,Q5_pred_5,5
92948,5,-0.05025305226445198,Q4_pred_4,4
237683,4,-0.1274062991142273,Q3_pred_3,3
168443,3,0.14685721695423126,Q5_pred_5,5
86422,4,-0.36600953340530396,Q1_pred_1,1
26275,4,0.03345198929309845,Q5_pred_5,5
236668,4,0.19045856595039368,Q5_pred_5,5
57735,3,-0.2396174967288971,Q1_pred_1,1
86463,1,0.017618000507354736,Q5_pred_5,5
92371,3,-0.08985042572021484,Q3_pred_3,3
321785,3,0.0066444724798202515,Q5_pred_5,5
80714,4,-0.07571038603782654,Q4_pred_4,4
381487,3,-0.1739119589328766,Q2_pred_2,2
246661,3,-0.038150936365127563,Q4_pred_4,4
275100,3,0.06556722521781921,Q5_pred_5,5
58023,3,0.00043138861656188965,Q5_pred_5,5
357443,5,-0.09339820593595505,Q3_pred_3,3
6376,4,-0.25421082973480225,Q1_pred_1,1
247182,4,-0.09951596707105637,Q3_pred_3,3
13464,2,-0.2614767551422119,Q1_pred_1,1
97027,2,-0.2697184085845947,Q1_pred_1,1
194370,3,-0.06699109077453613,Q4_pred_4,4
3952,4,-0.3193867802619934,Q1_pred_1,1
111657,5,-0.1762581765651703,Q2_pred_2,2
327843,5,-0.18506702780723572,Q2_pred_2,2
148525,5,0.12021702527999878,Q5_pred_5,5
36325,5,-0.024363234639167786,Q4_pred_4,4
357511,5,-0.04148649424314499,Q4_pred_4,4
153636,5,-0.28798168897628784,Q1_pred_1,1
66610,2,-0.0892171859741211,Q3_pred_3,3
121762,3,0.013132646679878235,Q5_pred_5,5
144556,4,-0.054144859313964844,Q4_pred_4,4
80818,3,-0.33108559250831604,Q1_pred_1,1
163311,4,-0.026614457368850708,Q4_pred_4,4
150913,4,-0.29092562198638916,Q1_pred_1,1
152708,3,0.16848862171173096,Q5_pred_5,5
37358,4,-0.18904238939285278,Q2_pred_2,2
173893,4,-0.07400733232498169,Q4_pred_4,4
119674,3,-0.23466598987579346,Q1_pred_1,1
10503,4,-0.2062889188528061,Q1_pred_1,1
130406,5,-0.11517263948917389,Q3_pred_3,3
131032,3,0.007809236645698547,Q5_pred_5,5
84746,5,-0.17143425345420837,Q2_pred_2,2
3815,5,0.0002707969397306442,Q5_pred_5,5
165616,3,-0.13753797113895416,Q2_pred_2,2
256557,5,0.020147964358329773,Q5_pred_5,5
333275,5,-0.05976024270057678,Q4_pred_4,4
115569,4,0.035172998905181885,Q5_pred_5,5
50286,3,-0.07175609469413757,Q4_pred_4,4
96545,5,-0.14743606746196747,Q2_pred_2,2
4053,5,-0.22526074945926666,Q1_pred_1,1
18881,3,-0.0643652081489563,Q4_pred_4,4
362330,4,-0.2570072412490845,Q1_pred_1,1
48078,3,-0.21610812842845917,Q1_pred_1,1
201203,2,-0.06894338130950928,Q4_pred_4,4
67306,3,-0.10969400405883789,Q3_pred_3,3
136275,2,-0.024462252855300903,Q4_pred_4,4
105406,4,-0.12320709228515625,Q3_pred_3,3
5797,2,-0.1655815839767456,Q2_pred_2,2
176965,5,-0.03953284025192261,Q4_pred_4,4
127629,4,-0.15505734086036682,Q2_pred_2,2
38665,4,-0.06322889775037766,Q4_pred_4,4
149437,2,-0.18539133667945862,Q2_pred_2,2
38388,4,-0.08566764742136002,Q3_pred_3,3
158612,4,-0.19893261790275574,Q2_pred_2,2
36628,1,-0.06297574937343597,Q4_pred_4,4
7068,4,-0.21875596046447754,Q1_pred_1,1
121605,3,-0.21695387363433838,Q1_pred_1,1
109593,3,-0.10173159837722778,Q3_pred_3,3
54269,3,-0.14336059987545013,Q2_pred_2,2
3742,4,-0.2553667426109314,Q1_pred_1,1
267089,3,-0.11710429936647415,Q3_pred_3,3
231628,3,-0.20500431954860687,Q2_pred_2,2
94291,3,-0.17371217906475067,Q2_pred_2,2
416286,3,-0.07805675268173218,Q3_pred_3,3
8723,2,0.006109206937253475,Q5_pred_5,5
93079,3,-0.08990660309791565,Q3_pred_3,3
390858,3,-0.1266239583492279,Q3_pred_3,3
274480,4,-0.23409096896648407,Q1_pred_1,1
85949,3,-0.18020156025886536,Q2_pred_2,2
359442,5,-0.21881327033042908,Q1_pred_1,1
523,3,-0.03793831169605255,Q4_pred_4,4
341200,4,-0.0657576471567154,Q4_pred_4,4
175402,3,-0.009418919682502747,Q4_pred_4,4
249873,3,-0.08215993642807007,Q3_pred_3,3
156183,3,-0.152144193649292,Q2_pred_2,2
189695,4,-0.12093888223171234,Q3_pred_3,3
276056,3,-0.3875787854194641,Q1_pred_1,1
148230,4,0.002763509750366211,Q5_pred_5,5
62849,4,0.0005824044346809387,Q5_pred_5,5
40036,3,-0.18626654148101807,Q2_pred_2,2
90920,3,-0.07633933424949646,Q4_pred_4,4
39328,5,-0.03462675213813782,Q4_pred_4,4
23306,4,-0.11431032419204712,Q3_pred_3,3
302523,2,-0.08413854241371155,Q3_pred_3,3
139824,3,-0.09194448590278625,Q3_pred_3,3
88446,2,0.028852254152297974,Q5_pred_5,5
33970,3,0.012247897684574127,Q5_pred_5,5
234301,4,-0.08616358041763306,Q3_pred_3,3
477228,3,0.027235761284828186,Q5_pred_5,5
63395,5,0.09612858295440674,Q5_pred_5,5
201013,4,0.019216448068618774,Q5_pred_5,5
240097,4,-0.031571224331855774,Q4_pred_4,4
68051,4,-0.20543435215950012,Q1_pred_1,1
74383,4,-0.0851043164730072,Q3_pred_3,3
187586,5,0.003624293953180313,Q5_pred_5,5
148034,5,-0.10663259029388428,Q3_pred_3,3
96757,2,0.03262713551521301,Q5_pred_5,5
122789,3,0.18654221296310425,Q5_pred_5,5
82283,2,-0.2100142240524292,Q1_pred_1,1
164375,3,-0.2927144765853882,Q1_pred_1,1
123125,3,-0.1565372496843338,Q2_pred_2,2
118944,3,-0.30999428033828735,Q1_pred_1,1
104322,3,-0.11684374511241913,Q3_pred_3,3
99635,3,-0.10954272747039795,Q3_pred_3,3
324783,4,0.066446952521801,Q5_pred_5,5
91629,5,-0.13510626554489136,Q2_pred_2,2
11990,5,-0.08332127332687378,Q3_pred_3,3
373711,5,-0.12183225154876709,Q3_pred_3,3
146610,5,-0.07140529155731201,Q4_pred_4,4
10992,2,-0.3665032982826233,Q1_pred_1,1
122423,5,-0.025847414508461952,Q4_pred_4,4
64253,5,-0.27592402696609497,Q1_pred_1,1
356680,5,-0.1927517205476761,Q2_pred_2,2
58068,5,0.02352920174598694,Q5_pred_5,5
105904,4,-0.36742156744003296,Q1_pred_1,1
210666,4,0.014412924647331238,Q5_pred_5,5
25642,5,-0.1114121824502945,Q3_pred_3,3
10965,2,-0.3255433738231659,Q1_pred_1,1
138905,4,-0.148197203874588,Q2_pred_2,2
10504,4,-0.206572487950325,Q1_pred_1,1
3867,3,-0.320982426404953,Q1_pred_1,1
419274,3,-0.21979115903377533,Q1_pred_1,1
173754,5,-0.04213404655456543,Q4_pred_4,4
173805,5,-0.360509991645813,Q1_pred_1,1
153404,4,-0.11639285832643509,Q3_pred_3,3
121023,5,0.06068509817123413,Q5_pred_5,5
65655,4,0.10059846937656403,Q5_pred_5,5
332600,4,-0.11599180102348328,Q3_pred_3,3
247551,5,-0.23713281750679016,Q1_pred_1,1
42987,3,0.029425397515296936,Q5_pred_5,5
24814,3,-0.1725696623325348,Q2_pred_2,2
10730,3,-0.25171959400177,Q1_pred_1,1
355197,4,-0.10771308094263077,Q3_pred_3,3
96984,4,-0.2269415706396103,Q1_pred_1,1
387931,3,-0.15883970260620117,Q2_pred_2,2
97836,5,-0.19111032783985138,Q2_pred_2,2
174924,4,-0.02696855738759041,Q4_pred_4,4
253603,2,-0.07860751450061798,Q3_pred_3,3
3465,4,-0.18370966613292694,Q2_pred_2,2
77026,4,-0.03794132173061371,Q4_pred_4,4
98211,2,-0.3778444528579712,Q1_pred_1,1
107728,4,-0.01921558380126953,Q4_pred_4,4
360620,4,-0.022472143173217773,Q4_pred_4,4
42356,3,0.1482970267534256,Q5_pred_5,5
140342,2,0.08279556035995483,Q5_pred_5,5
144337,3,-0.03158600628376007,Q4_pred_4,4
124855,3,0.11553613841533661,Q5_pred_5,5
40355,3,0.006681174039840698,Q5_pred_5,5
15918,4,-0.13036617636680603,Q3_pred_3,3
377585,3,-0.3342064619064331,Q1_pred_1,1
29654,3,0.005617305636405945,Q5_pred_5,5
86469,5,-0.14523935317993164,Q2_pred_2,2
424295,5,-0.21564775705337524,Q1_pred_1,1
91428,3,-0.0693245530128479,Q4_pred_4,4
81345,4,-0.19877684116363525,Q2_pred_2,2
146496,4,-0.08772090077400208,Q3_pred_3,3
142652,5,-0.061274006962776184,Q4_pred_4,4
26557,5,-0.019032515585422516,Q4_pred_4,4
105627,4,-0.39349618554115295,Q1_pred_1,1
160312,2,-0.20412464439868927,Q2_pred_2,2
84028,4,-0.09837198257446289,Q3_pred_3,3
92944,4,-0.023576125502586365,Q4_pred_4,4
40945,4,0.06322847306728363,Q5_pred_5,5
74952,2,0.02352425456047058,Q5_pred_5,5
21335,4,-0.08703619241714478,Q3_pred_3,3
111020,4,-0.04483109712600708,Q4_pred_4,4
169041,4,-0.1708422601222992,Q2_pred_2,2
82932,4,-0.0383245050907135,Q4_pred_4,4
153502,4,-0.02973891794681549,Q4_pred_4,4
152344,3,-0.16246408224105835,Q2_pred_2,2
431533,3,-0.1306964010000229,Q3_pred_3,3
360484,3,-0.18075008690357208,Q2_pred_2,2
28929,4,-0.2749464809894562,Q1_pred_1,1
62630,3,-0.007019229233264923,Q5_pred_5,5
35138,4,0.09533675014972687,Q5_pred_5,5
422158,3,-0.06927308440208435,Q4_pred_4,4
242017,3,0.0927661657333374,Q5_pred_5,5
253973,4,-0.05512579530477524,Q4_pred_4,4
110107,3,-0.1352957785129547,Q2_pred_2,2
134846,3,-0.08474770188331604,Q3_pred_3,3
5677,3,-0.03382165729999542,Q4_pred_4,4
91925,3,-0.1045835018157959,Q3_pred_3,3
345489,3,0.037678152322769165,Q5_pred_5,5
16102,3,-0.32639333605766296,Q1_pred_1,1
14945,3,-0.1422676146030426,Q2_pred_2,2
13925,5,-0.007933981716632843,Q5_pred_5,5
335281,3,-0.1147642433643341,Q3_pred_3,3
152853,3,-0.13508141040802002,Q2_pred_2,2
370732,3,-0.0051558613777160645,Q5_pred_5,5
78842,4,-0.07626082748174667,Q4_pred_4,4
171513,4,0.004891708493232727,Q5_pred_5,5
27059,3,-0.05084589123725891,Q4_pred_4,4
54206,4,0.28487107157707214,Q5_pred_5,5
155707,4,-0.28830403089523315,Q1_pred_1,1
102403,4,-0.00927811861038208,Q4_pred_4,4
116625,4,-0.08862322568893433,Q3_pred_3,3
359602,4,0.14835354685783386,Q5_pred_5,5
182557,4,0.0770915150642395,Q5_pred_5,5
21117,4,-0.15825322270393372,Q2_pred_2,2
18557,3,-0.16349326074123383,Q2_pred_2,2
56058,3,-0.24932420253753662,Q1_pred_1,1
394142,4,-0.045861124992370605,Q4_pred_4,4
23561,4,-0.0750395655632019,Q4_pred_4,4
354930,4,-0.1783856898546219,Q2_pred_2,2
45464,4,-0.08132375776767731,Q3_pred_3,3
78729,2,-0.22704719007015228,Q1_pred_1,1
252808,2,-0.043926388025283813,Q4_pred_4,4
373298,5,-0.08632877469062805,Q3_pred_3,3
46682,4,-0.15191909670829773,Q2_pred_2,2
28314,4,0.057594507932662964,Q5_pred_5,5
102863,4,-0.20110979676246643,Q2_pred_2,2
53694,3,0.009164094924926758,Q5_pred_5,5
77747,2,0.06547960638999939,Q5_pred_5,5
17521,3,-0.033692002296447754,Q4_pred_4,4
66096,3,-0.32220786809921265,Q1_pred_1,1
172592,3,-0.1052003800868988,Q3_pred_3,3
17507,3,-0.04547777771949768,Q4_pred_4,4
74391,3,-0.2478867769241333,Q1_pred_1,1
58174,3,0.027104169130325317,Q5_pred_5,5
56565,4,-0.16862176358699799,Q2_pred_2,2
441156,2,-0.13884390890598297,Q2_pred_2,2
115563,3,0.058115750551223755,Q5_pred_5,5
36122,3,-0.03304165601730347,Q4_pred_4,4
477261,3,-0.026036903262138367,Q4_pred_4,4
153649,4,-0.16448208689689636,Q2_pred_2,2
146623,5,-0.08604750037193298,Q3_pred_3,3
359743,4,-0.1798803210258484,Q2_pred_2,2
253231,3,-0.16507422924041748,Q2_pred_2,2
354193,5,-0.33189815282821655,Q1_pred_1,1
373731,2,-0.08754381537437439,Q3_pred_3,3
154105,4,-0.15427565574645996,Q2_pred_2,2
10702,3,-0.2844911217689514,Q1_pred_1,1
359381,5,-0.26175040006637573,Q1_pred_1,1
153842,5,-0.2591400146484375,Q1_pred_1,1
247060,5,-0.055495068430900574,Q4_pred_4,4
374532,5,-0.23924458026885986,Q1_pred_1,1
358608,4,-0.17165744304656982,Q2_pred_2,2
153606,5,-0.15901288390159607,Q2_pred_2,2
35932,5,-0.14693886041641235,Q2_pred_2,2
80788,4,0.012399837374687195,Q5_pred_5,5
26561,5,-0.044679079204797745,Q4_pred_4,4
33148,2,0.02001618593931198,Q5_pred_5,5
64551,3,-0.033715516328811646,Q4_pred_4,4
354229,4,-0.329433798789978,Q1_pred_1,1
179337,3,-0.04018661379814148,Q4_pred_4,4
8884,4,-0.00460854172706604,Q5_pred_5,5
14222,2,-0.036781467497348785,Q4_pred_4,4
16389,2,0.05007670819759369,Q5_pred_5,5
336891,2,-0.3231406509876251,Q1_pred_1,1
15630,3,-0.3119373321533203,Q1_pred_1,1
231452,3,-0.16036619246006012,Q2_pred_2,2
12760,4,-0.18333879113197327,Q2_pred_2,2
209772,4,0.13203436136245728,Q5_pred_5,5
211902,3,-0.1116136834025383,Q3_pred_3,3
398705,4,-0.09559871256351471,Q3_pred_3,3
221614,3,-0.026842549443244934,Q4_pred_4,4
78862,4,-0.13363546133041382,Q3_pred_3,3
192057,4,-0.004914861172437668,Q5_pred_5,5
264144,4,0.044039785861968994,Q5_pred_5,5
105537,4,-0.3831678032875061,Q1_pred_1,1
2767,2,-0.06782646477222443,Q4_pred_4,4
64747,2,0.188175767660141,Q5_pred_5,5
136408,4,0.029308244585990906,Q5_pred_5,5
176282,4,-0.0785268247127533,Q3_pred_3,3
26215,3,-0.1419868916273117,Q2_pred_2,2
177139,4,-0.19422262907028198,Q2_pred_2,2
76987,3,-0.04983647167682648,Q4_pred_4,4
110123,3,-0.14453113079071045,Q2_pred_2,2
140825,3,-0.1326105296611786,Q3_pred_3,3
69096,2,-0.32336127758026123,Q1_pred_1,1
80789,2,-0.14251789450645447,Q2_pred_2,2
22691,3,-0.19087085127830505,Q2_pred_2,2
64168,4,-0.05851675570011139,Q4_pred_4,4
166427,4,-0.09660296142101288,Q3_pred_3,3
165289,4,-0.0495489239692688,Q4_pred_4,4
89552,3,-0.07784975320100784,Q3_pred_3,3
242262,3,-0.14986276626586914,Q2_pred_2,2
339645,2,-0.07492169737815857,Q4_pred_4,4
188822,3,-0.15069900453090668,Q2_pred_2,2
4430,2,-0.20196221768856049,Q2_pred_2,2
70983,4,-0.12514621019363403,Q3_pred_3,3
89438,3,-0.17675969004631042,Q2_pred_2,2
434603,4,-0.00941571593284607,Q4_pred_4,4
47296,2,-0.0030082762241363525,Q5_pred_5,5
355757,4,-0.2677425146102905,Q1_pred_1,1
458030,4,-0.07732456922531128,Q3_pred_3,3
9320,3,0.021961569786071777,Q5_pred_5,5
338258,5,-0.14470288157463074,Q2_pred_2,2
428299,5,-0.21752376854419708,Q1_pred_1,1
89441,5,0.05424385517835617,Q5_pred_5,5
37592,3,-0.10587684065103531,Q3_pred_3,3
40882,5,-0.13897529244422913,Q2_pred_2,2
246067,2,-0.05442352592945099,Q4_pred_4,4
424402,4,-0.0755099356174469,Q4_pred_4,4
386921,5,-0.1564612239599228,Q2_pred_2,2
245268,3,-0.06701076775789261,Q4_pred_4,4
5649,4,0.12993958592414856,Q5_pred_5,5
113579,2,-0.020082831382751465,Q4_pred_4,4
46697,5,0.10168026387691498,Q5_pred_5,5
259999,3,-0.24415737390518188,Q1_pred_1,1
319700,3,-0.08776196837425232,Q3_pred_3,3
198434,2,-0.06679001450538635,Q4_pred_4,4
155639,4,-0.22121180593967438,Q1_pred_1,1
367819,4,-0.051894284784793854,Q4_pred_4,4
263668,2,-0.14180979132652283,Q2_pred_2,2
86478,5,-0.021019965410232544,Q4_pred_4,4
23998,5,0.14906376600265503,Q5_pred_5,5
157770,4,-0.07104760408401489,Q4_pred_4,4
370166,2,-0.0572088360786438,Q4_pred_4,4
11603,3,-0.1380339115858078,Q2_pred_2,2
164057,4,-0.13709744811058044,Q2_pred_2,2
86346,2,-0.1360166221857071,Q2_pred_2,2
85957,5,0.06724300980567932,Q5_pred_5,5
82784,5,0.04280997812747955,Q5_pred_5,5
178849,5,0.09622645378112793,Q5_pred_5,5
250383,3,-0.1360158920288086,Q2_pred_2,2
323702,4,-0.07657874375581741,Q4_pred_4,4
116793,4,0.17654824256896973,Q5_pred_5,5
99510,3,0.022899925708770752,Q5_pred_5,5
56513,5,-0.0678061842918396,Q4_pred_4,4
146693,3,-0.14582201838493347,Q2_pred_2,2
2532,4,0.05808985233306885,Q5_pred_5,5
188089,3,0.0038554370403289795,Q5_pred_5,5
402020,5,-0.1421205997467041,Q2_pred_2,2
59962,4,-0.04597096145153046,Q4_pred_4,4
119450,4,-0.1542951613664627,Q2_pred_2,2
86429,5,-0.015950575470924377,Q4_pred_4,4
63342,2,-0.15047545731067657,Q2_pred_2,2
215935,3,0.030295327305793762,Q5_pred_5,5
86952,5,-0.06290788948535919,Q4_pred_4,4
185529,4,-0.022081434726715088,Q4_pred_4,4
111094,3,-0.022098824381828308,Q4_pred_4,4
96174,3,0.00014546513557434082,Q5_pred_5,5
148813,2,-0.14631544053554535,Q2_pred_2,2
32550,4,-0.06930418312549591,Q4_pred_4,4
175965,4,-0.10366000980138779,Q3_pred_3,3
23741,4,-0.021364331245422363,Q4_pred_4,4
190675,2,-0.09692733734846115,Q3_pred_3,3
359827,5,-0.10477256774902344,Q3_pred_3,3
108770,2,-0.01400526612997055,Q4_pred_4,4
109897,5,-0.21117669343948364,Q1_pred_1,1
175681,3,-0.17931412160396576,Q2_pred_2,2
8437,3,-0.13871967792510986,Q2_pred_2,2
330925,3,0.08814726769924164,Q5_pred_5,5
39325,4,-0.03068852424621582,Q4_pred_4,4
427795,5,-0.005440138280391693,Q5_pred_5,5
217543,5,-0.2292124629020691,Q1_pred_1,1
167900,5,-0.1461600959300995,Q2_pred_2,2
387467,4,-0.10768644511699677,Q3_pred_3,3
120110,3,-0.19212710857391357,Q2_pred_2,2
413684,5,-0.2409375160932541,Q1_pred_1,1
40271,4,-0.09571497142314911,Q3_pred_3,3
61856,4,-0.012219920754432678,Q4_pred_4,4
46066,3,-0.012985512614250183,Q4_pred_4,4
265677,3,-0.07111601531505585,Q4_pred_4,4
169157,4,0.1226804256439209,Q5_pred_5,5
17057,4,0.09926894307136536,Q5_pred_5,5
146561,5,-0.09393182396888733,Q3_pred_3,3
153096,2,-0.12266304343938828,Q3_pred_3,3
198248,4,-0.15619124472141266,Q2_pred_2,2
164192,3,-0.21689733862876892,Q1_pred_1,1
136304,4,-0.13292281329631805,Q3_pred_3,3
236455,5,0.29355984926223755,Q5_pred_5,5
94637,5,-0.09831339120864868,Q3_pred_3,3
17737,4,-0.08575624227523804,Q3_pred_3,3
112213,4,-0.08969633281230927,Q3_pred_3,3
10546,3,-0.13522788882255554,Q2_pred_2,2
116893,3,-0.12459751963615417,Q3_pred_3,3
82001,2,-0.4511445462703705,Q1_pred_1,1
182935,5,-0.03850759565830231,Q4_pred_4,4
68409,4,-0.27411893010139465,Q1_pred_1,1
55936,5,-0.18525873124599457,Q2_pred_2,2
97644,5,-0.1557646095752716,Q2_pred_2,2
239860,4,-0.1663106232881546,Q2_pred_2,2
45583,4,-0.14353014528751373,Q2_pred_2,2
33307,2,-0.3974093794822693,Q1_pred_1,1
75228,4,-0.16122302412986755,Q2_pred_2,2
146613,5,-0.07947568595409393,Q3_pred_3,3
316902,5,0.18036523461341858,Q5_pred_5,5
373613,5,-0.15063729882240295,Q2_pred_2,2
72333,2,-0.31671562790870667,Q1_pred_1,1
146640,5,-0.08709061145782471,Q3_pred_3,3
136957,5,-0.16046775877475739,Q2_pred_2,2
67341,5,0.0061945319175720215,Q5_pred_5,5
156734,5,-0.2213602215051651,Q1_pred_1,1
50322,1,-0.15895773470401764,Q2_pred_2,2
21385,1,-0.09688796103000641,Q3_pred_3,3
197450,4,-0.11050805449485779,Q3_pred_3,3
132230,3,-0.15055792033672333,Q2_pred_2,2
127121,3,0.11967706680297852,Q5_pred_5,5
220817,3,-0.15216121077537537,Q2_pred_2,2
17902,2,-0.04808156192302704,Q4_pred_4,4
15928,4,-0.13245373964309692,Q3_pred_3,3
30026,5,-0.141702800989151,Q2_pred_2,2
391290,3,-0.06302079558372498,Q4_pred_4,4
39932,3,-0.22577567398548126,Q1_pred_1,1
232634,3,-0.12729620933532715,Q3_pred_3,3
396464,3,-0.29979392886161804,Q1_pred_1,1
188756,4,-0.13766980171203613,Q2_pred_2,2
78877,4,-0.03296816349029541,Q4_pred_4,4
327677,4,-0.07321397960186005,Q4_pred_4,4
151718,3,-0.11373944580554962,Q3_pred_3,3
16378,4,0.04946877062320709,Q5_pred_5,5
85731,4,0.03955094516277313,Q5_pred_5,5
151981,4,-0.03780391067266464,Q4_pred_4,4
336586,4,-0.1515192985534668,Q2_pred_2,2
359425,5,-0.24006249010562897,Q1_pred_1,1
29414,5,-0.3132435083389282,Q1_pred_1,1
60837,5,-0.183951735496521,Q2_pred_2,2
109530,3,-0.24906930327415466,Q1_pred_1,1
233205,4,-0.0837782621383667,Q3_pred_3,3
164658,4,-0.2340342402458191,Q1_pred_1,1
84420,4,-0.08369282633066177,Q3_pred_3,3
372390,2,0.05368569493293762,Q5_pred_5,5
174035,4,-0.1141914576292038,Q3_pred_3,3
20021,5,-0.22474277019500732,Q1_pred_1,1
148814,4,-0.06724976003170013,Q4_pred_4,4
79089,3,-0.11327777802944183,Q3_pred_3,3
76685,3,-0.13341867923736572,Q3_pred_3,3
61515,3,-0.04351438581943512,Q4_pred_4,4
164085,3,-0.05062103271484375,Q4_pred_4,4
189852,3,-0.24511592090129852,Q1_pred_1,1
171608,4,0.0047501325607299805,Q5_pred_5,5
20697,3,-0.18932148814201355,Q2_pred_2,2
91761,3,-0.13084469735622406,Q3_pred_3,3
155094,3,-0.23778864741325378,Q1_pred_1,1
42629,3,-0.14529427886009216,Q2_pred_2,2
157491,4,-0.0036096125841140747,Q5_pred_5,5
122605,4,-0.2406129240989685,Q1_pred_1,1
194925,4,-0.09903329610824585,Q3_pred_3,3
127192,3,-0.2932980954647064,Q1_pred_1,1
161681,5,0.15392795205116272,Q5_pred_5,5
94636,4,-0.1612945795059204,Q2_pred_2,2
87685,3,-0.06444977968931198,Q4_pred_4,4
28165,4,-0.20461471378803253,Q2_pred_2,2
17698,2,0.14246708154678345,Q5_pred_5,5
355016,3,-0.2013653814792633,Q2_pred_2,2
193344,3,-0.07104821503162384,Q4_pred_4,4
95388,3,-0.09504888206720352,Q3_pred_3,3
54123,4,-0.07754584401845932,Q3_pred_3,3
92062,3,-0.12957653403282166,Q3_pred_3,3
201127,3,-0.08060845732688904,Q3_pred_3,3
22906,4,-0.14146408438682556,Q2_pred_2,2
12672,2,0.059499382972717285,Q5_pred_5,5
170549,5,-0.09297153353691101,Q3_pred_3,3
372842,3,-0.22234182059764862,Q1_pred_1,1
149395,4,0.014420270919799805,Q5_pred_5,5
4268,4,-0.00937284529209137,Q4_pred_4,4
270720,3,-0.15479221940040588,Q2_pred_2,2
395407,4,-0.19977967441082,Q2_pred_2,2
116356,5,-0.2794797122478485,Q1_pred_1,1
261420,5,0.057760536670684814,Q5_pred_5,5
26932,5,-0.08812408149242401,Q3_pred_3,3
124025,3,-0.21441060304641724,Q1_pred_1,1
426907,5,-0.12461142987012863,Q3_pred_3,3
263534,4,-0.14204099774360657,Q2_pred_2,2
50182,4,-0.07169187068939209,Q4_pred_4,4
61785,4,0.06659039855003357,Q5_pred_5,5
236370,5,0.09450691938400269,Q5_pred_5,5
433721,2,-0.0900978371500969,Q3_pred_3,3
19188,3,-0.15645557641983032,Q2_pred_2,2
61985,4,-0.2997528910636902,Q1_pred_1,1
360462,4,-0.17007718980312347,Q2_pred_2,2
132807,4,-0.34673869609832764,Q1_pred_1,1
31527,3,-0.24657975137233734,Q1_pred_1,1
147139,3,-0.0837799683213234,Q3_pred_3,3
44655,3,-0.219274640083313,Q1_pred_1,1
93370,5,-0.12961706519126892,Q3_pred_3,3
137909,4,0.14199289679527283,Q5_pred_5,5
148607,5,0.1311502754688263,Q5_pred_5,5
371913,5,-0.10718536376953125,Q3_pred_3,3
325255,5,-0.045281872153282166,Q4_pred_4,4
274853,5,-0.24691538512706757,Q1_pred_1,1
125063,4,-0.2564525008201599,Q1_pred_1,1
412528,5,-0.06917857378721237,Q4_pred_4,4
328761,4,-0.04643005132675171,Q4_pred_4,4
187267,4,-0.15728503465652466,Q2_pred_2,2
334683,5,-0.17655886709690094,Q2_pred_2,2
97371,5,-0.15386761724948883,Q2_pred_2,2
166950,4,-0.1485028713941574,Q2_pred_2,2
160254,2,-0.05893249809741974,Q4_pred_4,4
199492,4,-0.06761281192302704,Q4_pred_4,4
374393,5,-0.27433547377586365,Q1_pred_1,1
11016,2,-0.37049970030784607,Q1_pred_1,1
249008,5,0.02050378918647766,Q5_pred_5,5
50946,4,-0.10357975214719772,Q3_pred_3,3
358016,5,-0.40923696756362915,Q1_pred_1,1
136047,5,0.04021422564983368,Q5_pred_5,5
247139,5,-0.14659303426742554,Q2_pred_2,2
6517,3,-0.16408848762512207,Q2_pred_2,2
355961,4,-0.2604760527610779,Q1_pred_1,1
373820,5,-0.2852002680301666,Q1_pred_1,1
25693,5,0.010496070608496666,Q5_pred_5,5
359435,5,-0.2425929754972458,Q1_pred_1,1
247247,5,-0.13369092345237732,Q3_pred_3,3
12782,2,-0.24877771735191345,Q1_pred_1,1
3321,4,-0.12294620275497437,Q3_pred_3,3
352386,5,0.06409722566604614,Q5_pred_5,5
191678,5,0.02765694260597229,Q5_pred_5,5
171270,4,-0.09426179528236389,Q3_pred_3,3
239237,4,-0.15284621715545654,Q2_pred_2,2
348830,3,-0.04200334846973419,Q4_pred_4,4
412543,3,-0.19465312361717224,Q2_pred_2,2
124429,5,-0.06148284673690796,Q4_pred_4,4
96840,3,-0.07736065983772278,Q3_pred_3,3
101331,5,-0.10261967778205872,Q3_pred_3,3
326782,4,-0.11488582193851471,Q3_pred_3,3
85362,2,0.03613641858100891,Q5_pred_5,5
145481,4,-0.08968168497085571,Q3_pred_3,3
50810,4,-0.02628156542778015,Q4_pred_4,4
51680,5,-0.02302086353302002,Q4_pred_4,4
127314,2,-0.12353510409593582,Q3_pred_3,3
102825,3,-0.20037735998630524,Q2_pred_2,2
64185,3,-0.10170736908912659,Q3_pred_3,3
33447,5,0.06301641464233398,Q5_pred_5,5
160911,5,0.09788593649864197,Q5_pred_5,5
82024,2,0.12579113245010376,Q5_pred_5,5
39617,1,-0.43340981006622314,Q1_pred_1,1
67828,3,-0.07084603607654572,Q4_pred_4,4
57670,4,-0.04543927311897278,Q4_pred_4,4
146844,3,-0.4147794842720032,Q1_pred_1,1
158982,3,0.15687598288059235,Q5_pred_5,5
16835,4,-0.13133284449577332,Q3_pred_3,3
346504,4,-0.19176799058914185,Q2_pred_2,2
325657,4,-0.039036355912685394,Q4_pred_4,4
412542,3,-0.14687123894691467,Q2_pred_2,2
404407,4,-0.09720911830663681,Q3_pred_3,3
5509,3,-0.06475246697664261,Q4_pred_4,4
399740,4,-0.19826045632362366,Q2_pred_2,2
169282,1,-0.04331125319004059,Q4_pred_4,4
108469,4,-0.007763586938381195,Q5_pred_5,5
115496,5,0.009109057486057281,Q5_pred_5,5
152614,4,-0.09404745697975159,Q3_pred_3,3
216388,3,-0.07011100649833679,Q4_pred_4,4
109594,3,-0.13455860316753387,Q2_pred_2,2
60475,4,-0.001073196530342102,Q5_pred_5,5
184483,3,-0.021061718463897705,Q4_pred_4,4
11647,5,-0.3411597013473511,Q1_pred_1,1
100347,4,0.0656290054321289,Q5_pred_5,5
38250,4,-0.2807173728942871,Q1_pred_1,1
358077,4,-0.4288346767425537,Q1_pred_1,1
82177,4,0.05423286557197571,Q5_pred_5,5
354263,4,-0.2876896262168884,Q1_pred_1,1
114105,3,-0.12918099761009216,Q3_pred_3,3
420464,4,-0.07478293776512146,Q4_pred_4,4
79480,4,-0.12125664949417114,Q3_pred_3,3
374710,5,-0.2099723368883133,Q1_pred_1,1
33927,4,-0.06744945049285889,Q4_pred_4,4
116378,4,-0.2518079876899719,Q1_pred_1,1
146487,5,-0.07782302051782608,Q3_pred_3,3
358197,5,-0.3991923928260803,Q1_pred_1,1
384069,3,-0.41219502687454224,Q1_pred_1,1
22686,5,-0.17223264276981354,Q2_pred_2,2
67865,4,-0.25891780853271484,Q1_pred_1,1
61915,4,-0.01973739266395569,Q4_pred_4,4
35956,3,-0.267996609210968,Q1_pred_1,1
116902,4,-0.10892784595489502,Q3_pred_3,3
97832,3,-0.32461875677108765,Q1_pred_1,1
137898,4,0.16558268666267395,Q5_pred_5,5
104670,3,-0.12070710957050323,Q3_pred_3,3
123040,4,0.0016219019889831543,Q5_pred_5,5
86470,5,-0.043961301445961,Q4_pred_4,4
72883,5,-0.2108849287033081,Q1_pred_1,1
402711,5,0.06623826175928116,Q5_pred_5,5
102839,1,-0.04301198944449425,Q4_pred_4,4
73,3,-0.1018056720495224,Q3_pred_3,3
362503,4,-0.01871388405561447,Q4_pred_4,4
83974,4,-0.26870912313461304,Q1_pred_1,1
59609,1,-0.14170482754707336,Q2_pred_2,2
102437,3,-0.03291401267051697,Q4_pred_4,4
215674,4,-0.08158713579177856,Q3_pred_3,3
86438,4,-0.08631706237792969,Q3_pred_3,3
9748,2,-0.01359453797340393,Q4_pred_4,4
75021,5,-0.1420118510723114,Q2_pred_2,2
36494,4,-0.24628229439258575,Q1_pred_1,1
247477,5,-0.26477086544036865,Q1_pred_1,1
199867,4,-0.1639527678489685,Q2_pred_2,2
35944,4,-0.026345208287239075,Q4_pred_4,4
270602,5,0.13270112872123718,Q5_pred_5,5
419027,2,0.005981907248497009,Q5_pred_5,5
426039,4,-0.032580286264419556,Q4_pred_4,4
109574,3,-0.1051967665553093,Q3_pred_3,3
423740,4,-0.0869894027709961,Q3_pred_3,3
240096,4,-0.03210548311471939,Q4_pred_4,4
432407,4,-0.0003901654854416847,Q5_pred_5,5
302515,2,-0.08835995197296143,Q3_pred_3,3
85335,3,0.15345099568367004,Q5_pred_5,5
1283,4,0.12847566604614258,Q5_pred_5,5
414203,4,-0.11248300969600677,Q3_pred_3,3
153411,4,-0.055416882038116455,Q4_pred_4,4
491279,4,0.0843360424041748,Q5_pred_5,5
477099,3,-0.1742032915353775,Q2_pred_2,2
66598,4,-0.27768129110336304,Q1_pred_1,1
164875,4,-0.048526495695114136,Q4_pred_4,4
59043,4,-0.06597015261650085,Q4_pred_4,4
75978,3,-0.043843045830726624,Q4_pred_4,4
49084,4,-0.06516133248806,Q4_pred_4,4
69095,3,-0.2934666872024536,Q1_pred_1,1
73517,3,-0.2615909278392792,Q1_pred_1,1
65396,2,-0.018458187580108643,Q4_pred_4,4
155282,3,-0.22915001213550568,Q1_pred_1,1
144141,3,-0.10236285626888275,Q3_pred_3,3
104392,3,-0.1524505615234375,Q2_pred_2,2
65537,2,0.0031323283910751343,Q5_pred_5,5
104105,4,-0.20538713037967682,Q1_pred_1,1
159435,3,-0.06296779215335846,Q4_pred_4,4
146870,4,-0.33033353090286255,Q1_pred_1,1
56171,3,-0.034617602825164795,Q4_pred_4,4
104998,3,-0.07521158456802368,Q4_pred_4,4
164387,4,-0.27944090962409973,Q1_pred_1,1
86344,4,-0.05525572597980499,Q4_pred_4,4
134055,4,-0.3240337073802948,Q1_pred_1,1
373926,4,-0.2572588622570038,Q1_pred_1,1
145409,5,0.0723554790019989,Q5_pred_5,5
147523,3,-0.05276643484830856,Q4_pred_4,4
63682,4,-0.09429831057786942,Q3_pred_3,3
214716,2,-0.059860024601221085,Q4_pred_4,4
38238,4,-0.19605745375156403,Q2_pred_2,2
321741,4,-0.3478028178215027,Q1_pred_1,1
170102,3,-0.10695311427116394,Q3_pred_3,3
40462,4,0.05472618341445923,Q5_pred_5,5
352681,4,-0.1227271556854248,Q3_pred_3,3
157328,4,-0.10280266404151917,Q3_pred_3,3
47303,3,-0.03352402150630951,Q4_pred_4,4
171596,4,-0.0300559401512146,Q4_pred_4,4
414085,2,-0.1092078760266304,Q3_pred_3,3
354833,2,-0.12974515557289124,Q3_pred_3,3
54486,3,-0.2035958170890808,Q2_pred_2,2
104218,5,-0.14918452501296997,Q2_pred_2,2
109620,2,-0.07467129081487656,Q4_pred_4,4
239136,2,-0.032195404171943665,Q4_pred_4,4
3345,3,-0.2143094837665558,Q1_pred_1,1
11788,5,0.011010855436325073,Q5_pred_5,5
373207,5,-0.041233714669942856,Q4_pred_4,4
38457,4,-0.3339390754699707,Q1_pred_1,1
219259,4,0.005257919430732727,Q5_pred_5,5
72341,4,-0.3344230353832245,Q1_pred_1,1
148252,4,-0.15539228916168213,Q2_pred_2,2
85804,5,-0.18718573451042175,Q2_pred_2,2
153826,4,-0.321699857711792,Q1_pred_1,1
153595,5,-0.16158413887023926,Q2_pred_2,2
10810,2,-0.22322914004325867,Q1_pred_1,1
354373,5,-0.08694450557231903,Q3_pred_3,3
338167,4,-0.2704486548900604,Q1_pred_1,1
115929,4,-0.37178468704223633,Q1_pred_1,1
27872,5,0.10211515426635742,Q5_pred_5,5
232635,5,-0.11956922709941864,Q3_pred_3,3
376036,5,-0.017238914966583252,Q4_pred_4,4
88915,5,-0.19316847622394562,Q2_pred_2,2
89331,5,-0.19162911176681519,Q2_pred_2,2
3891,3,-0.437120258808136,Q1_pred_1,1
153588,4,-0.2029411941766739,Q2_pred_2,2
154003,4,-0.23877167701721191,Q1_pred_1,1
156098,2,-0.16643773019313812,Q2_pred_2,2
108928,3,-0.19412104785442352,Q2_pred_2,2
86425,4,-0.017011716961860657,Q4_pred_4,4
104003,4,-0.10910317301750183,Q3_pred_3,3
117226,3,-0.211159348487854,Q1_pred_1,1
92391,4,-0.08354443311691284,Q3_pred_3,3
91081,4,-0.12802152335643768,Q3_pred_3,3
381275,4,-0.15683773159980774,Q2_pred_2,2
340481,4,0.062362127006053925,Q5_pred_5,5
61759,4,0.017608363181352615,Q5_pred_5,5
156767,4,-0.2494593858718872,Q1_pred_1,1
399536,3,-0.1538832038640976,Q2_pred_2,2
408487,4,0.07133492827415466,Q5_pred_5,5
26937,5,-0.11526090651750565,Q3_pred_3,3
54455,3,0.15327809751033783,Q5_pred_5,5
364654,4,-0.10502072423696518,Q3_pred_3,3
2993,3,-0.18989790976047516,Q2_pred_2,2
155573,3,-0.17693492770195007,Q2_pred_2,2
28915,4,-0.20692192018032074,Q1_pred_1,1
213453,3,-0.024767626076936722,Q4_pred_4,4
389427,3,0.06565484404563904,Q5_pred_5,5
267486,4,0.013379693031311035,Q5_pred_5,5
213160,4,-0.03844618797302246,Q4_pred_4,4
62139,4,-0.1374451369047165,Q2_pred_2,2
153039,4,0.0404764749109745,Q5_pred_5,5
75525,4,-0.06733859330415726,Q4_pred_4,4
29722,4,-0.15458297729492188,Q2_pred_2,2
68654,4,-0.05705295875668526,Q4_pred_4,4
395282,4,-0.17459923028945923,Q2_pred_2,2
118723,5,-0.2324245721101761,Q1_pred_1,1
5581,4,-0.07418294996023178,Q4_pred_4,4
22753,3,-0.19311052560806274,Q2_pred_2,2
80079,4,-0.025332437828183174,Q4_pred_4,4
130136,3,-0.05684787034988403,Q4_pred_4,4
86767,2,-0.11701545119285583,Q3_pred_3,3
47230,3,-0.20018340647220612,Q2_pred_2,2
27694,3,-0.0377369225025177,Q4_pred_4,4
180328,3,-0.06709131598472595,Q4_pred_4,4
23771,2,-0.08846794068813324,Q3_pred_3,3
163603,3,-0.008252382278442383,Q4_pred_4,4
33196,3,0.01749233901500702,Q5_pred_5,5
86960,3,-0.3709447383880615,Q1_pred_1,1
259978,3,-0.01978228986263275,Q4_pred_4,4
117625,4,-0.045403242111206055,Q4_pred_4,4
91765,3,-0.020588472485542297,Q4_pred_4,4
63232,2,-0.3184456527233124,Q1_pred_1,1
100843,3,-0.34808817505836487,Q1_pred_1,1
123691,3,-0.07654929161071777,Q4_pred_4,4
179339,3,-0.022229738533496857,Q4_pred_4,4
53683,3,-0.026169240474700928,Q4_pred_4,4
17556,2,-0.11868654191493988,Q3_pred_3,3
3751,3,-0.18892356753349304,Q2_pred_2,2
62509,4,-0.14211627840995789,Q2_pred_2,2
142593,4,-0.14847593009471893,Q2_pred_2,2
119560,4,-0.25063639879226685,Q1_pred_1,1
47874,3,-0.2886910140514374,Q1_pred_1,1
126123,4,-0.10705264657735825,Q3_pred_3,3
23586,3,-0.1321461945772171,Q3_pred_3,3
78623,3,-0.2612544596195221,Q1_pred_1,1
411919,2,-9.499490261077881e-05,Q5_pred_5,5
415445,3,-0.2721997797489166,Q1_pred_1,1
13640,3,0.15660494565963745,Q5_pred_5,5
170313,4,0.0010254979133605957,Q5_pred_5,5
347033,4,-0.06712625920772552,Q4_pred_4,4
238394,4,-0.04340776056051254,Q4_pred_4,4
252712,4,0.004954494535923004,Q5_pred_5,5
196071,4,-0.08303849399089813,Q3_pred_3,3
50171,4,-0.10120254755020142,Q3_pred_3,3
16665,2,-0.11697342991828918,Q3_pred_3,3
68058,3,-0.2067173719406128,Q1_pred_1,1
26219,3,-0.19134970009326935,Q2_pred_2,2
106467,5,-0.09439508616924286,Q3_pred_3,3
50422,4,-0.05209408700466156,Q4_pred_4,4
102105,3,-0.10129812359809875,Q3_pred_3,3
28056,4,-0.16780441999435425,Q2_pred_2,2
43176,4,-0.09984667599201202,Q3_pred_3,3
72555,4,-0.03350280225276947,Q4_pred_4,4
411222,4,-0.21853874623775482,Q1_pred_1,1
141826,4,-0.06373851001262665,Q4_pred_4,4
109562,4,-0.12546394765377045,Q3_pred_3,3
378698,4,-0.128611221909523,Q3_pred_3,3
186394,2,-0.2753554582595825,Q1_pred_1,1
50577,1,-0.1607789397239685,Q2_pred_2,2
335518,4,-0.19740980863571167,Q2_pred_2,2
15728,3,-0.3948846459388733,Q1_pred_1,1
168028,4,-0.3819706439971924,Q1_pred_1,1
87680,3,-0.1635095179080963,Q2_pred_2,2
272387,4,-0.07877963781356812,Q3_pred_3,3
8762,2,-0.11700021475553513,Q3_pred_3,3
18107,3,0.012457258999347687,Q5_pred_5,5
205826,4,0.15266552567481995,Q5_pred_5,5
66284,3,-0.1004849523305893,Q3_pred_3,3
434951,4,0.06906978785991669,Q5_pred_5,5
249476,3,-0.03868957608938217,Q4_pred_4,4
90190,3,-0.05966377258300781,Q4_pred_4,4
27353,4,0.07649928331375122,Q5_pred_5,5
250063,3,-0.11256915330886841,Q3_pred_3,3
135846,3,-0.24812741577625275,Q1_pred_1,1
162025,3,0.030392199754714966,Q5_pred_5,5
50197,2,-0.1897590160369873,Q2_pred_2,2
209685,3,-0.19711598753929138,Q2_pred_2,2
26550,4,-0.06108130142092705,Q4_pred_4,4
26602,4,-0.1773395836353302,Q2_pred_2,2
239856,4,-0.1607426106929779,Q2_pred_2,2
360851,5,-0.0442010760307312,Q4_pred_4,4
373276,4,-0.045346736907958984,Q4_pred_4,4
372646,5,-0.19786494970321655,Q2_pred_2,2
261038,3,0.04729868471622467,Q5_pred_5,5
373604,4,-0.15759436786174774,Q2_pred_2,2
39206,5,0.0589640736579895,Q5_pred_5,5
414615,4,0.001218363642692566,Q5_pred_5,5
399045,3,-0.1227533221244812,Q3_pred_3,3
105873,2,-0.36896616220474243,Q1_pred_1,1
137562,5,-0.05087209492921829,Q4_pred_4,4
19155,4,-0.2753441631793976,Q1_pred_1,1
113090,4,-0.017315179109573364,Q4_pred_4,4
193784,5,-0.09621303528547287,Q3_pred_3,3
50269,2,-0.11379735171794891,Q3_pred_3,3
319113,3,-0.11715124547481537,Q3_pred_3,3
125596,2,-0.1494157910346985,Q2_pred_2,2
354196,3,-0.3320339024066925,Q1_pred_1,1
84052,5,-0.11230375617742538,Q3_pred_3,3
353473,5,-0.09645356237888336,Q3_pred_3,3
136966,5,-0.15154454112052917,Q2_pred_2,2
4281,3,0.005955815315246582,Q5_pred_5,5
390700,4,-0.03764659911394119,Q4_pred_4,4
368505,2,-0.1512402594089508,Q2_pred_2,2
74544,1,-0.26476138830184937,Q1_pred_1,1
46731,3,-0.31732621788978577,Q1_pred_1,1
365007,3,-0.06372658908367157,Q4_pred_4,4
16208,4,-0.09664933383464813,Q3_pred_3,3
155569,4,-0.1829127073287964,Q2_pred_2,2
103193,3,-0.24278846383094788,Q1_pred_1,1
192790,2,-0.19432154297828674,Q2_pred_2,2
28628,5,0.17644846439361572,Q5_pred_5,5
114065,3,-0.0712781697511673,Q4_pred_4,4
58052,4,-0.024960041046142578,Q4_pred_4,4
116428,4,-0.13510730862617493,Q2_pred_2,2
3652,3,0.016409635543823242,Q5_pred_5,5
19822,4,-0.04541201889514923,Q4_pred_4,4
248444,5,-0.10300865769386292,Q3_pred_3,3
327432,4,-0.12127356231212616,Q3_pred_3,3
142848,4,-0.05877119302749634,Q4_pred_4,4
390712,3,-0.0776369571685791,Q3_pred_3,3
110162,2,-0.31508374214172363,Q1_pred_1,1
80190,4,-0.19838847219944,Q2_pred_2,2
114347,2,-0.1233852356672287,Q3_pred_3,3
132911,4,-0.0708884596824646,Q4_pred_4,4
118956,3,-0.20308946073055267,Q2_pred_2,2
81574,4,-0.17143310606479645,Q2_pred_2,2
236492,4,0.27838513255119324,Q5_pred_5,5
63618,4,-0.08437508344650269,Q3_pred_3,3
29321,4,-0.3177209496498108,Q1_pred_1,1
151808,3,-0.442324161529541,Q1_pred_1,1
418632,3,-0.07831450551748276,Q3_pred_3,3
146858,2,-0.22094784677028656,Q1_pred_1,1
365548,4,-0.001249954104423523,Q5_pred_5,5
383671,5,-0.2325124591588974,Q1_pred_1,1
68740,4,-0.11495562642812729,Q3_pred_3,3
247258,5,-0.16047608852386475,Q2_pred_2,2
50316,4,-0.17736078798770905,Q2_pred_2,2
361910,2,-0.04320453107357025,Q4_pred_4,4
243570,4,0.031372636556625366,Q5_pred_5,5
22778,4,0.022308439016342163,Q5_pred_5,5
153602,5,-0.16861194372177124,Q2_pred_2,2
158772,4,-0.3238915503025055,Q1_pred_1,1
133856,3,-0.1960226446390152,Q2_pred_2,2
130753,4,-0.29364514350891113,Q1_pred_1,1
441157,4,-0.07109487801790237,Q4_pred_4,4
69961,4,-0.4648553431034088,Q1_pred_1,1
63466,3,-0.15766289830207825,Q2_pred_2,2
246887,5,-0.40924689173698425,Q1_pred_1,1
178825,4,-0.03909045457839966,Q4_pred_4,4
240347,3,-0.005552738904953003,Q5_pred_5,5
60155,3,-0.236860454082489,Q1_pred_1,1
161924,4,-0.057826802134513855,Q4_pred_4,4
218418,4,-0.08104442059993744,Q3_pred_3,3
239509,3,-0.04784731939435005,Q4_pred_4,4
125243,2,-0.05724439024925232,Q4_pred_4,4
35441,2,-0.1426214873790741,Q2_pred_2,2
41784,2,-0.3932684361934662,Q1_pred_1,1
72077,3,-0.1662973165512085,Q2_pred_2,2
27312,3,0.009940892457962036,Q5_pred_5,5
151591,4,0.08789375424385071,Q5_pred_5,5
58907,4,0.05765408277511597,Q5_pred_5,5
109545,4,0.046426817774772644,Q5_pred_5,5
148495,4,0.11567533016204834,Q5_pred_5,5
214732,3,-0.0741201862692833,Q4_pred_4,4
108877,4,-0.18685854971408844,Q2_pred_2,2
44615,3,0.07458467781543732,Q5_pred_5,5
53493,3,-0.022682994604110718,Q4_pred_4,4
374735,4,-0.19427070021629333,Q2_pred_2,2
87315,3,-0.2271489053964615,Q1_pred_1,1
75223,3,-0.24285651743412018,Q1_pred_1,1
16435,3,-0.13209745287895203,Q3_pred_3,3
64187,3,-0.06877315044403076,Q4_pred_4,4
373612,4,-0.08249366283416748,Q3_pred_3,3
207167,4,-0.27414724230766296,Q1_pred_1,1
33793,2,-0.07137452065944672,Q4_pred_4,4
114111,1,-0.052937768399715424,Q4_pred_4,4
340926,4,0.05317176878452301,Q5_pred_5,5
13463,4,-0.2577928304672241,Q1_pred_1,1
261193,4,-0.055004775524139404,Q4_pred_4,4
200940,3,0.0005853231996297836,Q5_pred_5,5
142655,5,-0.05739454925060272,Q4_pred_4,4
183062,5,-0.03293141722679138,Q4_pred_4,4
120654,4,0.2939198315143585,Q5_pred_5,5
333403,4,-0.20478831231594086,Q2_pred_2,2
24647,3,-0.02680864930152893,Q4_pred_4,4
250380,3,0.03260958194732666,Q5_pred_5,5
324746,3,-0.11131332814693451,Q3_pred_3,3
368431,4,-0.08031673729419708,Q3_pred_3,3
146432,2,-0.27607324719429016,Q1_pred_1,1
69811,3,-0.047413770109415054,Q4_pred_4,4
97642,4,-0.1765471249818802,Q2_pred_2,2
23910,4,-0.17762863636016846,Q2_pred_2,2
219212,3,0.005857497453689575,Q5_pred_5,5
61231,4,0.005671534687280655,Q5_pred_5,5
235166,4,-0.05836553871631622,Q4_pred_4,4
105291,4,0.07707099616527557,Q5_pred_5,5
190028,4,-0.07993820309638977,Q3_pred_3,3
136953,4,-0.17366483807563782,Q2_pred_2,2
9548,4,-0.2839556932449341,Q1_pred_1,1
271416,4,-0.008318907581269741,Q4_pred_4,4
114330,1,-0.08514823019504547,Q3_pred_3,3
424706,4,-0.09255409240722656,Q3_pred_3,3
245110,4,-0.11577528715133667,Q3_pred_3,3
152594,4,-0.05987125262618065,Q4_pred_4,4
121472,4,-0.2232820987701416,Q1_pred_1,1
216009,4,0.09592330455780029,Q5_pred_5,5
199203,3,0.08934281766414642,Q5_pred_5,5
20620,3,-0.2036854326725006,Q2_pred_2,2
88931,3,-0.04427061229944229,Q4_pred_4,4
109126,4,0.009763158857822418,Q5_pred_5,5
15922,4,-0.1145067811012268,Q3_pred_3,3
14007,3,-0.14881809055805206,Q2_pred_2,2
20017,4,0.23362582921981812,Q5_pred_5,5
82816,2,-0.16347016394138336,Q2_pred_2,2
13041,3,-0.2655238211154938,Q1_pred_1,1
172863,4,-0.0946340560913086,Q3_pred_3,3
222213,4,-0.16345202922821045,Q2_pred_2,2
127671,3,-0.07662791013717651,Q4_pred_4,4
357171,4,-0.26980143785476685,Q1_pred_1,1
344150,3,-0.2555014491081238,Q1_pred_1,1
51035,4,-0.0648881196975708,Q4_pred_4,4
89959,4,-0.03045061230659485,Q4_pred_4,4
104528,4,-0.04462343454360962,Q4_pred_4,4
184798,4,0.012824777513742447,Q5_pred_5,5
10133,2,-0.14749476313591003,Q2_pred_2,2
61562,4,-0.00813292432576418,Q5_pred_5,5
161278,3,0.17024710774421692,Q5_pred_5,5
1263,3,-0.06322547793388367,Q4_pred_4,4
71087,3,-0.09444010257720947,Q3_pred_3,3
5514,4,-0.10779373347759247,Q3_pred_3,3
69726,3,-0.16324536502361298,Q2_pred_2,2
151045,4,-0.1395656317472458,Q2_pred_2,2
354188,4,-0.3259812593460083,Q1_pred_1,1
163496,4,-0.06409826874732971,Q4_pred_4,4
125582,4,-0.08437536656856537,Q3_pred_3,3
358657,4,-0.11002321541309357,Q3_pred_3,3
162692,4,-0.22434839606285095,Q1_pred_1,1
157195,4,-0.13012777268886566,Q3_pred_3,3
89895,4,-0.10925467312335968,Q3_pred_3,3
64607,4,-0.11574462801218033,Q3_pred_3,3
406243,3,-0.08856768161058426,Q3_pred_3,3
428989,4,-0.2112390697002411,Q1_pred_1,1
127231,4,-0.22542531788349152,Q1_pred_1,1
239659,4,-0.16307002305984497,Q2_pred_2,2
240804,3,-0.07097169756889343,Q4_pred_4,4
211903,4,-0.08129499852657318,Q3_pred_3,3
343165,3,-0.07619039714336395,Q4_pred_4,4
135698,4,-0.1461333930492401,Q2_pred_2,2
246937,4,-0.042317718267440796,Q4_pred_4,4
86836,4,-0.14275407791137695,Q2_pred_2,2
93334,4,0.08080461621284485,Q5_pred_5,5
332914,3,0.05650024116039276,Q5_pred_5,5
58656,4,-0.08333635330200195,Q3_pred_3,3
100904,4,-0.16372719407081604,Q2_pred_2,2
222341,4,-0.15087783336639404,Q2_pred_2,2
1375,3,0.05715194344520569,Q5_pred_5,5
157018,4,-0.04267345368862152,Q4_pred_4,4
244452,3,-0.1270085573196411,Q3_pred_3,3
33694,4,0.08969621360301971,Q5_pred_5,5
96727,4,-0.09732472896575928,Q3_pred_3,3
23667,4,-0.0341423898935318,Q4_pred_4,4
425440,5,-0.10773857682943344,Q3_pred_3,3
27054,4,-0.14098915457725525,Q2_pred_2,2
97512,3,0.0028129853308200836,Q5_pred_5,5
60052,3,-0.15400594472885132,Q2_pred_2,2
137535,5,-0.06807230412960052,Q4_pred_4,4
427113,4,-0.1033448800444603,Q3_pred_3,3
101408,4,-0.23881101608276367,Q1_pred_1,1
235724,4,-0.13334976136684418,Q3_pred_3,3
79449,4,-0.19367706775665283,Q2_pred_2,2
170563,3,-0.08980515599250793,Q3_pred_3,3
261488,5,-0.14479032158851624,Q2_pred_2,2
247203,4,-0.04208451509475708,Q4_pred_4,4
233830,4,-0.0009489655494689941,Q5_pred_5,5
136306,3,-0.27429628372192383,Q1_pred_1,1
372322,4,-0.10145795345306396,Q3_pred_3,3
47040,3,0.1877146065235138,Q5_pred_5,5
120973,3,-0.10727351903915405,Q3_pred_3,3
98739,3,-0.006560027599334717,Q5_pred_5,5
91078,4,-0.14232710003852844,Q2_pred_2,2
366632,4,-0.15303394198417664,Q2_pred_2,2
58034,4,-0.016597330570220947,Q4_pred_4,4
412162,3,-0.18694372475147247,Q2_pred_2,2
381483,4,-0.18605361878871918,Q2_pred_2,2
5194,4,-0.08543050289154053,Q3_pred_3,3
130042,4,-0.14142584800720215,Q2_pred_2,2
25355,4,-0.12267208099365234,Q3_pred_3,3
28776,4,-0.11286479234695435,Q3_pred_3,3
158604,4,-0.1544879972934723,Q2_pred_2,2
86680,4,-0.036956191062927246,Q4_pred_4,4
343613,3,-0.2730463445186615,Q1_pred_1,1
198251,4,-0.17769797146320343,Q2_pred_2,2
105836,4,-0.39014244079589844,Q1_pred_1,1
114188,4,-0.051028426736593246,Q4_pred_4,4
195739,3,-0.02746681123971939,Q4_pred_4,4
410678,4,-0.30451396107673645,Q1_pred_1,1
160306,4,-0.34950482845306396,Q1_pred_1,1
105924,4,-0.3827202618122101,Q1_pred_1,1
5627,4,0.12428814172744751,Q5_pred_5,5
4269,3,-0.015861600637435913,Q4_pred_4,4
374959,4,-0.14713884890079498,Q2_pred_2,2
34180,3,-0.06979067623615265,Q4_pred_4,4
33439,3,-0.017222091555595398,Q4_pred_4,4
42845,3,-0.1343231350183487,Q3_pred_3,3
29193,4,-0.23863324522972107,Q1_pred_1,1
221532,4,-0.06145717576146126,Q4_pred_4,4
10424,3,-0.0992421805858612,Q3_pred_3,3
195300,4,0.020542696118354797,Q5_pred_5,5
83437,4,-0.1503775715827942,Q2_pred_2,2
104766,3,-0.0802309587597847,Q3_pred_3,3
137121,2,0.08254586160182953,Q5_pred_5,5
220582,4,-0.13857543468475342,Q2_pred_2,2
340594,4,-0.12850512564182281,Q3_pred_3,3
117223,2,-0.02393506094813347,Q4_pred_4,4
93368,4,-0.07746168971061707,Q3_pred_3,3
78795,3,-0.11756007373332977,Q3_pred_3,3
62501,3,-0.36471694707870483,Q1_pred_1,1
382023,4,-0.2454925775527954,Q1_pred_1,1
57410,4,-0.14624068140983582,Q2_pred_2,2
118859,3,-0.15950903296470642,Q2_pred_2,2
59726,3,0.06492353230714798,Q5_pred_5,5
30987,3,-0.1118294820189476,Q3_pred_3,3
48315,4,-0.20030003786087036,Q2_pred_2,2
331608,4,-0.19147220253944397,Q2_pred_2,2
222344,4,-0.15122920274734497,Q2_pred_2,2
330400,3,-0.11424344778060913,Q3_pred_3,3
393818,3,0.0430452823638916,Q5_pred_5,5
58510,4,-0.272628515958786,Q1_pred_1,1
201990,4,0.09531401842832565,Q5_pred_5,5
87773,2,-0.16783034801483154,Q2_pred_2,2
158610,4,-0.1725223809480667,Q2_pred_2,2
18880,2,-0.19428718090057373,Q2_pred_2,2
164173,2,0.06740552186965942,Q5_pred_5,5
1053,4,-0.1306566596031189,Q3_pred_3,3
23913,4,-0.18249481916427612,Q2_pred_2,2
236565,4,0.27677637338638306,Q5_pred_5,5
117219,1,-0.016948901116847992,Q4_pred_4,4
379468,3,0.05919106304645538,Q5_pred_5,5
52833,3,-0.1594003438949585,Q2_pred_2,2
357489,5,-0.10677438229322433,Q3_pred_3,3
395241,3,-0.07266638427972794,Q4_pred_4,4
72291,4,-0.32126426696777344,Q1_pred_1,1
58507,4,0.2708996534347534,Q5_pred_5,5
354736,4,-0.20460842549800873,Q2_pred_2,2
383494,4,-0.08636824786663055,Q3_pred_3,3
5680,4,-0.004768751561641693,Q5_pred_5,5
379750,4,-0.16219156980514526,Q2_pred_2,2
18665,3,-0.06695970892906189,Q4_pred_4,4
356479,4,-0.18821775913238525,Q2_pred_2,2
377266,4,-0.031197689473628998,Q4_pred_4,4
86401,3,0.021338343620300293,Q5_pred_5,5
84031,4,-0.10353013873100281,Q3_pred_3,3
116366,4,-0.22691699862480164,Q1_pred_1,1
161948,4,-0.035167038440704346,Q4_pred_4,4
373558,4,-0.22123990952968597,Q1_pred_1,1
41588,4,-0.16792547702789307,Q2_pred_2,2
359706,4,-0.21752068400382996,Q1_pred_1,1
369285,4,-0.08557913452386856,Q3_pred_3,3
153552,3,-0.06054837256669998,Q4_pred_4,4
212703,4,-0.12935180962085724,Q3_pred_3,3
112779,3,-0.04469974339008331,Q4_pred_4,4
64282,3,-0.20664861798286438,Q1_pred_1,1
189508,3,-0.11959424614906311,Q3_pred_3,3
40302,2,0.07368586957454681,Q5_pred_5,5
33257,4,0.03908379375934601,Q5_pred_5,5
48589,3,-0.2851563096046448,Q1_pred_1,1
402141,4,0.07180678099393845,Q5_pred_5,5
156042,2,-0.08020411431789398,Q3_pred_3,3
20022,3,-0.1293613314628601,Q3_pred_3,3
241210,4,-0.14827537536621094,Q2_pred_2,2
128309,3,-0.34060975909233093,Q1_pred_1,1
386593,4,-0.14448466897010803,Q2_pred_2,2
50257,2,-0.10890159010887146,Q3_pred_3,3
5197,4,-0.03389887511730194,Q4_pred_4,4
50274,2,-0.22671793401241302,Q1_pred_1,1
69813,4,-0.059039607644081116,Q4_pred_4,4
176226,4,-0.10730703175067902,Q3_pred_3,3
165746,4,-0.1665802299976349,Q2_pred_2,2
104888,4,-0.03331723064184189,Q4_pred_4,4
15568,4,-0.24194392561912537,Q1_pred_1,1
386111,4,-0.12640300393104553,Q3_pred_3,3
14946,4,-0.14062155783176422,Q2_pred_2,2
416364,4,-0.07204665243625641,Q4_pred_4,4
344559,4,-0.10235610604286194,Q3_pred_3,3
42904,4,-0.07933489978313446,Q3_pred_3,3
163007,4,-0.056786760687828064,Q4_pred_4,4
237948,3,-0.16517341136932373,Q2_pred_2,2
248880,5,-0.14335280656814575,Q2_pred_2,2
79390,3,-0.1291676163673401,Q3_pred_3,3
119355,4,-0.24828419089317322,Q1_pred_1,1
109616,4,-0.07604312151670456,Q4_pred_4,4
423853,4,-0.23894816637039185,Q1_pred_1,1
332000,4,-0.18125399947166443,Q2_pred_2,2
62311,4,-0.39164960384368896,Q1_pred_1,1
14956,4,-0.146974116563797,Q2_pred_2,2
179543,4,-0.17741934955120087,Q2_pred_2,2
195272,4,-0.20308443903923035,Q2_pred_2,2
11505,4,-0.03922679275274277,Q4_pred_4,4
380043,3,-0.1492074877023697,Q2_pred_2,2
71120,4,-0.13799765706062317,Q2_pred_2,2
210684,4,0.012319810688495636,Q5_pred_5,5
246687,4,-0.02920040488243103,Q4_pred_4,4
35836,4,-0.19181132316589355,Q2_pred_2,2
168878,4,-0.10587377846240997,Q3_pred_3,3
382490,5,-0.01418304443359375,Q4_pred_4,4
241492,4,-0.014053158462047577,Q4_pred_4,4
150161,3,-0.0658726692199707,Q4_pred_4,4
242241,4,-0.1509649008512497,Q2_pred_2,2
60781,3,-0.17352226376533508,Q2_pred_2,2
263949,4,0.04928356409072876,Q5_pred_5,5
374357,4,-0.3018738031387329,Q1_pred_1,1
355124,4,-0.18944773077964783,Q2_pred_2,2
157248,2,-0.10189282894134521,Q3_pred_3,3
251130,4,0.018956005573272705,Q5_pred_5,5
26600,3,-0.36059147119522095,Q1_pred_1,1
104338,3,-0.26286160945892334,Q1_pred_1,1
170332,3,-0.020779337733983994,Q4_pred_4,4
57209,3,0.0011641830205917358,Q5_pred_5,5
160017,3,-0.07327382266521454,Q4_pred_4,4
6986,3,-0.10624301433563232,Q3_pred_3,3
372939,4,-0.07403509318828583,Q4_pred_4,4
332318,4,-0.004906177520751953,Q5_pred_5,5
10827,4,-0.25832611322402954,Q1_pred_1,1
188886,4,-0.271814227104187,Q1_pred_1,1
363684,5,0.26215860247612,Q5_pred_5,5
428164,4,-0.1981666386127472,Q2_pred_2,2
51261,3,0.10485563427209854,Q5_pred_5,5
236557,4,0.23218777775764465,Q5_pred_5,5
63892,3,0.09454990923404694,Q5_pred_5,5
38395,4,-0.07520441710948944,Q4_pred_4,4
407754,4,0.053180769085884094,Q5_pred_5,5
73454,4,-0.16593322157859802,Q2_pred_2,2
65340,2,-0.39454811811447144,Q1_pred_1,1
102190,3,-0.12066511064767838,Q3_pred_3,3
435557,4,-0.09514857828617096,Q3_pred_3,3
63391,3,-0.06397572159767151,Q4_pred_4,4
62109,3,-0.18390612304210663,Q2_pred_2,2
127375,3,-0.22980628907680511,Q1_pred_1,1
22127,4,-0.24353043735027313,Q1_pred_1,1
32284,3,0.004934958182275295,Q5_pred_5,5
193635,4,-0.19062644243240356,Q2_pred_2,2
357903,4,-0.4679183065891266,Q1_pred_1,1
106481,3,-0.07207705080509186,Q4_pred_4,4
104029,4,-0.10116434097290039,Q3_pred_3,3
59122,3,-0.07226968556642532,Q4_pred_4,4
23859,4,-0.11344096064567566,Q3_pred_3,3
200900,4,-0.04879670590162277,Q4_pred_4,4
165070,3,0.04469718039035797,Q5_pred_5,5
136032,4,0.025737524032592773,Q5_pred_5,5
184237,4,-0.1412571370601654,Q2_pred_2,2
374836,4,-0.18689963221549988,Q2_pred_2,2
209965,4,-0.11222176998853683,Q3_pred_3,3
31725,4,-0.024026982486248016,Q4_pred_4,4
216763,3,-0.07595722377300262,Q4_pred_4,4
114163,2,-0.07842127978801727,Q3_pred_3,3
61709,4,0.001141529530286789,Q5_pred_5,5
414752,4,-0.23564110696315765,Q1_pred_1,1
136302,4,-0.36294418573379517,Q1_pred_1,1
20381,3,0.045963138341903687,Q5_pred_5,5
10521,4,-0.19878193736076355,Q2_pred_2,2
39622,4,-0.13857829570770264,Q2_pred_2,2
353207,3,-0.07942914962768555,Q3_pred_3,3
398032,4,-0.14480909705162048,Q2_pred_2,2
39531,4,-0.1901356279850006,Q2_pred_2,2
393632,4,0.004193902015686035,Q5_pred_5,5
50857,4,-0.10135441273450851,Q3_pred_3,3
148355,4,0.12063775956630707,Q5_pred_5,5
27503,3,-0.04509493708610535,Q4_pred_4,4
349514,3,0.130147784948349,Q5_pred_5,5
102348,4,-0.0019151866436004639,Q5_pred_5,5
356451,5,-0.22089934349060059,Q1_pred_1,1
192413,3,-0.014151334762573242,Q4_pred_4,4
136991,3,-0.5652422904968262,Q1_pred_1,1
254644,3,-0.09487098455429077,Q3_pred_3,3
28377,3,-0.35781821608543396,Q1_pred_1,1
377137,4,-0.07719715684652328,Q3_pred_3,3
154010,4,-0.2678357660770416,Q1_pred_1,1
276948,4,-0.10284660756587982,Q3_pred_3,3
257609,4,-0.27778151631355286,Q1_pred_1,1
379748,4,-0.10261552035808563,Q3_pred_3,3
203111,4,-0.15825508534908295,Q2_pred_2,2
244012,4,0.17948412895202637,Q5_pred_5,5
111011,3,-0.02196282148361206,Q4_pred_4,4
172314,2,0.0623527467250824,Q5_pred_5,5
24601,3,-0.14601540565490723,Q2_pred_2,2
397375,3,-0.0973120629787445,Q3_pred_3,3
429057,4,-0.10721096396446228,Q3_pred_3,3
50373,4,0.24855181574821472,Q5_pred_5,5
321200,4,-0.024834632873535156,Q4_pred_4,4
374736,4,-0.19954916834831238,Q2_pred_2,2
414030,4,-0.12269466370344162,Q3_pred_3,3
27558,4,0.1289556920528412,Q5_pred_5,5
423791,4,-0.09645834565162659,Q3_pred_3,3
417116,4,-0.1335773915052414,Q3_pred_3,3
156784,4,-0.22874052822589874,Q1_pred_1,1
12002,4,-0.13005492091178894,Q3_pred_3,3
386254,4,-0.16076183319091797,Q2_pred_2,2
261199,4,-0.09000694751739502,Q3_pred_3,3
426906,4,-0.09990689158439636,Q3_pred_3,3
76322,4,-0.10491620004177094,Q3_pred_3,3
161967,4,0.007509544491767883,Q5_pred_5,5
153670,4,-0.30982860922813416,Q1_pred_1,1
79391,3,-0.15742912888526917,Q2_pred_2,2
259170,4,-0.16351787745952606,Q2_pred_2,2
10502,3,-0.20484155416488647,Q2_pred_2,2
337000,4,-0.06306090950965881,Q4_pred_4,4
187135,3,-0.13116508722305298,Q3_pred_3,3
96158,4,-0.22126953303813934,Q1_pred_1,1
120470,3,-0.24878492951393127,Q1_pred_1,1
28831,4,-0.22210192680358887,Q1_pred_1,1
372408,4,-0.1958780288696289,Q2_pred_2,2
4528,3,-0.24783720076084137,Q1_pred_1,1
10942,2,-0.33767467737197876,Q1_pred_1,1
178605,4,-0.09335264563560486,Q3_pred_3,3
128833,4,0.014424175024032593,Q5_pred_5,5
386358,3,-0.14511723816394806,Q2_pred_2,2
371157,4,-0.07322992384433746,Q4_pred_4,4
69590,4,-0.07174713164567947,Q4_pred_4,4
58273,4,-0.009480312466621399,Q4_pred_4,4
26070,4,-0.1322154402732849,Q3_pred_3,3
158973,4,-0.05228346958756447,Q4_pred_4,4
171464,4,0.17477601766586304,Q5_pred_5,5
61719,4,0.012279115617275238,Q5_pred_5,5
179233,4,-0.10730814933776855,Q3_pred_3,3
168058,3,-0.06075722724199295,Q4_pred_4,4
64184,4,-0.05989256501197815,Q4_pred_4,4
58293,4,-0.2605208158493042,Q1_pred_1,1
113277,4,-0.06670613586902618,Q4_pred_4,4
157436,4,-0.17310309410095215,Q2_pred_2,2
40405,4,0.12397855520248413,Q5_pred_5,5
274877,4,-0.2089417576789856,Q1_pred_1,1
237210,4,0.09975437819957733,Q5_pred_5,5
15923,2,-0.1209234893321991,Q3_pred_3,3
407932,4,-0.03543633967638016,Q4_pred_4,4
237958,4,-0.15103866159915924,Q2_pred_2,2
83992,4,-0.14638662338256836,Q2_pred_2,2
146095,4,-0.19502955675125122,Q2_pred_2,2
239141,4,-0.06877467781305313,Q4_pred_4,4
61778,4,0.041342101991176605,Q5_pred_5,5
77309,4,-0.03450015187263489,Q4_pred_4,4
126853,3,-0.3075677454471588,Q1_pred_1,1
166345,4,-0.11807632446289062,Q3_pred_3,3
381467,4,-0.1912422627210617,Q2_pred_2,2
164175,4,-0.03365376591682434,Q4_pred_4,4
65517,4,-0.14809101819992065,Q2_pred_2,2
152351,3,-0.07427588105201721,Q4_pred_4,4
90278,4,-0.16967424750328064,Q2_pred_2,2
51354,3,-0.0886785238981247,Q3_pred_3,3
50301,2,-0.2079823911190033,Q1_pred_1,1
102027,4,0.09310245513916016,Q5_pred_5,5
345133,4,0.06891806423664093,Q5_pred_5,5
109543,3,-0.027193576097488403,Q4_pred_4,4
71862,3,-0.23648123443126678,Q1_pred_1,1
1054,3,0.0541197806596756,Q5_pred_5,5
29825,4,-0.0006605386734008789,Q5_pred_5,5
104388,3,-0.09573635458946228,Q3_pred_3,3
38943,4,-0.11803392320871353,Q3_pred_3,3
51479,4,-0.07565158605575562,Q4_pred_4,4
55959,4,-0.24613764882087708,Q1_pred_1,1
152980,3,-0.06748737394809723,Q4_pred_4,4
29062,4,-0.09105312079191208,Q3_pred_3,3
11926,4,-0.08449742197990417,Q3_pred_3,3
86705,4,-0.22093427181243896,Q1_pred_1,1
163012,3,-0.09867927432060242,Q3_pred_3,3
11257,2,-0.30815589427948,Q1_pred_1,1
417835,4,-0.18426185846328735,Q2_pred_2,2
6229,3,-0.22778180241584778,Q1_pred_1,1
118275,4,-0.2233092188835144,Q1_pred_1,1
32605,4,-0.14288794994354248,Q2_pred_2,2
158971,4,-0.19206459820270538,Q2_pred_2,2
28591,4,0.1923348307609558,Q5_pred_5,5
127171,3,-0.2063186764717102,Q1_pred_1,1
177845,3,-0.08649364113807678,Q3_pred_3,3
160379,4,-0.13872288167476654,Q2_pred_2,2
48057,4,-0.2049306333065033,Q2_pred_2,2
41102,4,-0.22005173563957214,Q1_pred_1,1
188477,3,-0.3510037660598755,Q1_pred_1,1
242232,4,-0.15728424489498138,Q2_pred_2,2
251172,4,0.027931511402130127,Q5_pred_5,5
336996,4,-0.043270379304885864,Q4_pred_4,4
40903,4,-0.13631610572338104,Q2_pred_2,2
15641,4,-0.3048403859138489,Q1_pred_1,1
218988,4,-0.2141198217868805,Q1_pred_1,1
184271,4,-0.18215492367744446,Q2_pred_2,2
256414,4,0.04986034333705902,Q5_pred_5,5
184689,4,-0.06293701380491257,Q4_pred_4,4
67744,4,-0.26545387506484985,Q1_pred_1,1
54387,3,-0.19288693368434906,Q2_pred_2,2
85694,4,-0.20918911695480347,Q1_pred_1,1
127625,4,-0.15362979471683502,Q2_pred_2,2
50196,2,-0.19156183302402496,Q2_pred_2,2
123039,3,-0.13533064723014832,Q2_pred_2,2
20536,4,0.042927950620651245,Q5_pred_5,5
114157,4,-0.0888662338256836,Q3_pred_3,3
165034,3,-0.021724939346313477,Q4_pred_4,4
189830,4,-0.006847351789474487,Q5_pred_5,5
271514,5,-0.18619589507579803,Q2_pred_2,2
154220,5,0.007230281829833984,Q5_pred_5,5
182992,5,-0.038434892892837524,Q4_pred_4,4
34896,5,-0.03961022570729256,Q4_pred_4,4
219772,5,0.07937359809875488,Q5_pred_5,5
204649,4,0.003014311194419861,Q5_pred_5,5
18593,4,-0.15785352885723114,Q2_pred_2,2
764,4,0.17291563749313354,Q5_pred_5,5
18563,3,-0.23191046714782715,Q1_pred_1,1
114103,2,-0.10802969336509705,Q3_pred_3,3
188940,4,-0.26231974363327026,Q1_pred_1,1
69470,3,-0.12356851249933243,Q3_pred_3,3
383688,4,-0.2172224521636963,Q1_pred_1,1
105645,4,-0.38007983565330505,Q1_pred_1,1
84000,5,-0.11773736774921417,Q3_pred_3,3
10134,1,-0.14176371693611145,Q2_pred_2,2
418949,4,-0.18969514966011047,Q2_pred_2,2
24103,3,0.024119973182678223,Q5_pred_5,5
24728,4,-0.16055215895175934,Q2_pred_2,2
6028,4,-0.0904010683298111,Q3_pred_3,3
169810,4,-0.05923458933830261,Q4_pred_4,4
376031,4,-0.1834048330783844,Q2_pred_2,2
25068,4,-0.21136100590229034,Q1_pred_1,1
382835,5,0.0631801187992096,Q5_pred_5,5
76497,4,0.07354620099067688,Q5_pred_5,5
64466,3,0.04870453476905823,Q5_pred_5,5
1945,3,-0.1843557506799698,Q2_pred_2,2
387698,4,-0.04654828459024429,Q4_pred_4,4
148534,4,0.04546588659286499,Q5_pred_5,5
54388,4,-0.15950682759284973,Q2_pred_2,2
78493,3,-0.15522009134292603,Q2_pred_2,2
73753,2,-0.1991160809993744,Q2_pred_2,2
10497,4,-0.2083907127380371,Q1_pred_1,1
417786,2,-0.1384967565536499,Q2_pred_2,2
426389,4,0.10633805394172668,Q5_pred_5,5
137658,4,-0.13586242496967316,Q2_pred_2,2
84563,4,-0.18965019285678864,Q2_pred_2,2
415428,4,-0.05349099636077881,Q4_pred_4,4
165356,3,-0.198929101228714,Q2_pred_2,2
109152,4,-0.04898788779973984,Q4_pred_4,4
419738,3,-0.11994004249572754,Q3_pred_3,3
29004,4,-0.25020158290863037,Q1_pred_1,1
369070,4,-0.06693299114704132,Q4_pred_4,4
104430,3,0.025426805019378662,Q5_pred_5,5
60793,4,-0.15522505342960358,Q2_pred_2,2
119395,4,-0.22007203102111816,Q1_pred_1,1
45063,5,-0.05359944328665733,Q4_pred_4,4
161250,2,-0.17010855674743652,Q2_pred_2,2
315932,2,-0.17855773866176605,Q2_pred_2,2
11849,4,0.2694329023361206,Q5_pred_5,5
5504,4,-0.07294005155563354,Q4_pred_4,4
359816,5,-0.1176101565361023,Q3_pred_3,3
216534,4,0.025729969143867493,Q5_pred_5,5
51105,4,-0.04108773171901703,Q4_pred_4,4
107141,4,-0.35561269521713257,Q1_pred_1,1
483494,4,-0.05589711666107178,Q4_pred_4,4
104783,3,-0.13213597238063812,Q3_pred_3,3
190582,3,-0.03524687886238098,Q4_pred_4,4
84099,4,-0.08869992941617966,Q3_pred_3,3
31821,4,-0.057114601135253906,Q4_pred_4,4
247166,4,-0.15690848231315613,Q2_pred_2,2
348081,3,-0.06988183408975601,Q4_pred_4,4
104650,3,-0.03249645233154297,Q4_pred_4,4
33189,4,-0.21244123578071594,Q1_pred_1,1
58928,4,-0.010226279497146606,Q4_pred_4,4
76560,3,-0.14720292389392853,Q2_pred_2,2
85901,2,-0.22957651317119598,Q1_pred_1,1
33306,3,-0.21855373680591583,Q1_pred_1,1
1127,4,-0.15497148036956787,Q2_pred_2,2
236350,3,0.05368940532207489,Q5_pred_5,5
383615,4,-0.22983193397521973,Q1_pred_1,1
199880,3,-0.0929080992937088,Q3_pred_3,3
377814,3,0.02693137526512146,Q5_pred_5,5
121017,4,-0.1593329906463623,Q2_pred_2,2
183408,3,-0.27007752656936646,Q1_pred_1,1
373670,4,-0.010053440928459167,Q4_pred_4,4
109622,4,-0.07418479025363922,Q4_pred_4,4
247511,4,-0.2514985203742981,Q1_pred_1,1
50250,3,-0.2080995738506317,Q1_pred_1,1
2689,4,0.17410969734191895,Q5_pred_5,5
14854,4,-0.2212619036436081,Q1_pred_1,1
110317,4,-0.16972267627716064,Q2_pred_2,2
263078,3,0.009428724646568298,Q5_pred_5,5
59509,4,-0.2737715244293213,Q1_pred_1,1
132812,4,-0.36152493953704834,Q1_pred_1,1
30877,3,-0.18632718920707703,Q2_pred_2,2
117234,3,-0.008481070399284363,Q4_pred_4,4
164164,3,-0.1120481863617897,Q3_pred_3,3
45001,3,-0.10116095840930939,Q3_pred_3,3
143613,3,-0.2003519982099533,Q2_pred_2,2
29028,4,-0.18162868916988373,Q2_pred_2,2
408101,3,0.024795472621917725,Q5_pred_5,5
80119,3,0.056393712759017944,Q5_pred_5,5
233807,3,7.933750748634338e-05,Q5_pred_5,5
41503,4,-0.22326047718524933,Q1_pred_1,1
262213,4,-0.20059719681739807,Q2_pred_2,2
357922,4,-0.452626496553421,Q1_pred_1,1
29437,4,-0.31571415066719055,Q1_pred_1,1
44881,4,-0.08124986290931702,Q3_pred_3,3
52419,4,0.181207537651062,Q5_pred_5,5
184217,4,0.06382393836975098,Q5_pred_5,5
9350,4,-0.022408053278923035,Q4_pred_4,4
153542,4,-0.04057741165161133,Q4_pred_4,4
162091,3,-0.2574092149734497,Q1_pred_1,1
374504,4,-0.27084916830062866,Q1_pred_1,1
152105,5,-0.10304035991430283,Q3_pred_3,3
50189,2,-0.17546924948692322,Q2_pred_2,2
54535,5,-0.14013084769248962,Q2_pred_2,2
24650,4,-0.1925852745771408,Q2_pred_2,2
119281,5,-0.2086876928806305,Q1_pred_1,1
34511,3,-0.19886013865470886,Q2_pred_2,2
58415,3,-0.06729067116975784,Q4_pred_4,4
55059,2,-0.22849945724010468,Q1_pred_1,1
73757,4,-0.1262822449207306,Q3_pred_3,3
176539,3,-0.08588716387748718,Q3_pred_3,3
9656,4,-0.2115074247121811,Q1_pred_1,1
414985,3,-0.0930253118276596,Q3_pred_3,3
213698,4,-0.22950640320777893,Q1_pred_1,1
109953,4,-0.041778892278671265,Q4_pred_4,4
238581,3,-0.11761724948883057,Q3_pred_3,3
92260,5,-0.06871304661035538,Q4_pred_4,4
5754,3,-0.19335541129112244,Q2_pred_2,2
32870,4,-0.12109661102294922,Q3_pred_3,3
57519,3,-0.15573471784591675,Q2_pred_2,2
115088,3,-0.18718956410884857,Q2_pred_2,2
372392,4,0.06392580270767212,Q5_pred_5,5
373880,5,-0.2609398365020752,Q1_pred_1,1
27071,3,0.11105191707611084,Q5_pred_5,5
64595,4,0.021007686853408813,Q5_pred_5,5
78737,3,-0.28015413880348206,Q1_pred_1,1
65652,3,0.1315162628889084,Q5_pred_5,5
181232,3,-0.10076655447483063,Q3_pred_3,3
45022,3,-0.09322521835565567,Q3_pred_3,3
15607,4,-0.29487964510917664,Q1_pred_1,1
69338,2,-0.10034129023551941,Q3_pred_3,3
214394,4,-0.08659309893846512,Q3_pred_3,3
61321,4,-0.13498178124427795,Q2_pred_2,2
427812,4,0.09390398859977722,Q5_pred_5,5
114136,1,-0.2894444763660431,Q1_pred_1,1
86419,4,-0.08394365012645721,Q3_pred_3,3
373361,4,-0.09195640683174133,Q3_pred_3,3
24642,2,-0.07205215096473694,Q4_pred_4,4
171248,4,-0.11883744597434998,Q3_pred_3,3
270718,4,-0.11815696954727173,Q3_pred_3,3
158594,3,-0.13819652795791626,Q2_pred_2,2
239517,4,-0.10456792265176773,Q3_pred_3,3
236657,4,0.10427767038345337,Q5_pred_5,5
171118,4,-0.1441248506307602,Q2_pred_2,2
257375,4,-0.03911682963371277,Q4_pred_4,4
79173,4,-0.27577587962150574,Q1_pred_1,1
26661,5,-0.10819151252508163,Q3_pred_3,3
352194,4,-0.08863626420497894,Q3_pred_3,3
276057,2,-0.3835720419883728,Q1_pred_1,1
352958,4,-0.06741426885128021,Q4_pred_4,4
35289,3,-0.04798724874854088,Q4_pred_4,4
354273,4,-0.3803340792655945,Q1_pred_1,1
424109,3,-0.13727328181266785,Q2_pred_2,2
42368,3,0.04673902690410614,Q5_pred_5,5
356460,4,-0.18173490464687347,Q2_pred_2,2
204179,4,-0.11393028497695923,Q3_pred_3,3
320166,4,-0.04231363534927368,Q4_pred_4,4
18073,3,-0.1816147267818451,Q2_pred_2,2
273994,4,-0.14835254848003387,Q2_pred_2,2
105901,4,-0.38143590092658997,Q1_pred_1,1
274751,3,-0.09463958442211151,Q3_pred_3,3
131114,3,0.02143573760986328,Q5_pred_5,5
414805,4,-0.1274053007364273,Q3_pred_3,3
10867,3,-0.22883734107017517,Q1_pred_1,1
79277,2,0.004049867391586304,Q5_pred_5,5
64199,3,-0.07316091656684875,Q4_pred_4,4
373602,4,-0.11628603935241699,Q3_pred_3,3
268011,4,0.07883262634277344,Q5_pred_5,5
25691,4,0.02446208894252777,Q5_pred_5,5
63378,3,0.15820777416229248,Q5_pred_5,5
161933,3,-0.03267352283000946,Q4_pred_4,4
249847,2,-0.1570729911327362,Q2_pred_2,2
325881,4,-0.12666626274585724,Q3_pred_3,3
248475,4,0.006293758749961853,Q5_pred_5,5
235190,2,-0.0046401917934417725,Q5_pred_5,5
131239,3,-0.2945118844509125,Q1_pred_1,1
432115,4,-0.05576071888208389,Q4_pred_4,4
28440,4,-0.18235810101032257,Q2_pred_2,2
169933,4,-0.08731738477945328,Q3_pred_3,3
374099,4,-0.06005953252315521,Q4_pred_4,4
57503,4,-0.11391447484493256,Q3_pred_3,3
133227,4,0.002644076943397522,Q5_pred_5,5
33909,4,-0.08540644496679306,Q3_pred_3,3
11768,4,-0.041487544775009155,Q4_pred_4,4
63583,4,-0.4406287968158722,Q1_pred_1,1
61762,5,0.022960685193538666,Q5_pred_5,5
377584,3,-0.18563519418239594,Q2_pred_2,2
259590,4,-0.13949140906333923,Q2_pred_2,2
62256,2,0.0215194970369339,Q5_pred_5,5
236449,4,0.26078227162361145,Q5_pred_5,5
114165,3,-0.10495544970035553,Q3_pred_3,3
133792,2,-0.29269886016845703,Q1_pred_1,1
266481,4,-0.07703590393066406,Q3_pred_3,3
517,3,-0.18312601745128632,Q2_pred_2,2
156641,4,-0.045711249113082886,Q4_pred_4,4
28316,2,-0.05166694521903992,Q4_pred_4,4
143583,3,0.012117058038711548,Q5_pred_5,5
45125,3,0.03840121626853943,Q5_pred_5,5
275891,2,-0.03400334715843201,Q4_pred_4,4
10109,3,-0.1497700959444046,Q2_pred_2,2
183082,4,-0.03489232063293457,Q4_pred_4,4
54754,3,-0.10620272159576416,Q3_pred_3,3
81992,4,0.0965493768453598,Q5_pred_5,5
157642,4,-0.17325571179389954,Q2_pred_2,2
110359,4,-0.22412554919719696,Q1_pred_1,1
155206,4,-0.2825574278831482,Q1_pred_1,1
26269,3,-0.3551444411277771,Q1_pred_1,1
51483,4,-0.0791112631559372,Q3_pred_3,3
379033,3,-0.13260366022586823,Q3_pred_3,3
343098,4,-0.13378030061721802,Q3_pred_3,3
96462,2,-0.2872273325920105,Q1_pred_1,1
2700,4,-0.04626531898975372,Q4_pred_4,4
204003,3,0.08530846983194351,Q5_pred_5,5
32405,3,-0.05735574662685394,Q4_pred_4,4
114430,3,-0.09092018008232117,Q3_pred_3,3
29893,4,-0.14130035042762756,Q2_pred_2,2
467337,4,0.10648581385612488,Q5_pred_5,5
4854,4,-0.1066448912024498,Q3_pred_3,3
195544,4,-0.2556781768798828,Q1_pred_1,1
75949,4,-0.11783700436353683,Q3_pred_3,3
177605,4,-0.04844401776790619,Q4_pred_4,4
186944,3,0.0029477179050445557,Q5_pred_5,5
217356,3,-0.12882758677005768,Q3_pred_3,3
20418,3,-0.0623786598443985,Q4_pred_4,4
38215,3,-0.2198164314031601,Q1_pred_1,1
241517,3,-0.3107624650001526,Q1_pred_1,1
383574,4,-0.25381237268447876,Q1_pred_1,1
11700,4,-0.209980309009552,Q1_pred_1,1
137934,4,0.22458839416503906,Q5_pred_5,5
151723,2,0.08189642429351807,Q5_pred_5,5
235103,4,-0.14450252056121826,Q2_pred_2,2
138125,2,-0.09704326093196869,Q3_pred_3,3
427196,3,-0.1707248091697693,Q2_pred_2,2
68382,4,-0.07319299131631851,Q4_pred_4,4
114336,3,-0.0956229418516159,Q3_pred_3,3
28756,4,-0.20351524651050568,Q2_pred_2,2
2713,2,-0.05138349533081055,Q4_pred_4,4
183750,4,-0.06273892521858215,Q4_pred_4,4
108056,4,-0.12648780643939972,Q3_pred_3,3
165285,4,-0.07077756524085999,Q4_pred_4,4
166238,4,-0.023218832910060883,Q4_pred_4,4
358195,4,-0.4111706018447876,Q1_pred_1,1
152331,4,0.12067639827728271,Q5_pred_5,5
371151,3,-0.008930891752243042,Q4_pred_4,4
382589,1,-0.13781149685382843,Q2_pred_2,2
76661,3,-0.39641493558883667,Q1_pred_1,1
23756,4,-0.20440824329853058,Q2_pred_2,2
142762,4,-0.04638506472110748,Q4_pred_4,4
10086,2,-0.19774313271045685,Q2_pred_2,2
192092,4,-0.045773789286613464,Q4_pred_4,4
166106,3,-0.4792799651622772,Q1_pred_1,1
427941,3,-0.09077182412147522,Q3_pred_3,3
28011,4,-0.1376175880432129,Q2_pred_2,2
40446,4,0.0679817795753479,Q5_pred_5,5
20630,3,-0.13474693894386292,Q2_pred_2,2
64249,2,-0.09994302690029144,Q3_pred_3,3
186340,4,-0.2993825376033783,Q1_pred_1,1
77343,4,0.04784210026264191,Q5_pred_5,5
121222,4,-0.1813041716814041,Q2_pred_2,2
3466,4,-0.0010137557983398438,Q5_pred_5,5
368347,4,-0.0479326993227005,Q4_pred_4,4
127373,3,0.007229059934616089,Q5_pred_5,5
84103,4,-0.09370177984237671,Q3_pred_3,3
474796,3,-0.0895722359418869,Q3_pred_3,3
327133,4,-0.15804512798786163,Q2_pred_2,2
374920,4,-0.1967867910861969,Q2_pred_2,2
45987,3,-0.14314433932304382,Q2_pred_2,2
28006,3,-0.08680924773216248,Q3_pred_3,3
31259,4,-0.11326438933610916,Q3_pred_3,3
105833,4,-0.3691307008266449,Q1_pred_1,1
19799,4,-0.1356733739376068,Q2_pred_2,2
95323,3,-0.3697049915790558,Q1_pred_1,1
358306,5,-0.4042087495326996,Q1_pred_1,1
326959,4,-0.13469436764717102,Q2_pred_2,2
235418,4,-0.047748878598213196,Q4_pred_4,4
19154,4,-0.27003800868988037,Q1_pred_1,1
191849,4,-0.1282632052898407,Q3_pred_3,3
366335,4,-0.24265830218791962,Q1_pred_1,1
50295,3,-0.1554008573293686,Q2_pred_2,2
83986,3,-0.03449064493179321,Q4_pred_4,4
40320,4,0.000922471284866333,Q5_pred_5,5
189381,4,-0.03131093829870224,Q4_pred_4,4
142682,4,-0.0508878231048584,Q4_pred_4,4
138768,5,-0.1058776006102562,Q3_pred_3,3
148945,3,-0.21697936952114105,Q1_pred_1,1
153738,4,-0.2892588973045349,Q1_pred_1,1
423744,4,-0.08437569439411163,Q3_pred_3,3
199173,4,0.06532897800207138,Q5_pred_5,5
64100,3,0.0004250630736351013,Q5_pred_5,5
59031,4,-0.12195298820734024,Q3_pred_3,3
40396,3,-0.04342016577720642,Q4_pred_4,4
135208,4,0.007934585213661194,Q5_pred_5,5
37940,3,-0.19276021420955658,Q2_pred_2,2
254621,5,-0.014501869678497314,Q4_pred_4,4
138571,5,-0.002958163619041443,Q5_pred_5,5
151354,4,-0.1129007339477539,Q3_pred_3,3
52758,3,-0.20370733737945557,Q2_pred_2,2
76892,4,-0.38572052121162415,Q1_pred_1,1
356449,4,-0.16470777988433838,Q2_pred_2,2
111776,4,-0.15194937586784363,Q2_pred_2,2
399351,4,0.0031069666147232056,Q5_pred_5,5
360063,4,-0.24231776595115662,Q1_pred_1,1
53786,4,-0.10068633407354355,Q3_pred_3,3
27355,2,0.04000347852706909,Q5_pred_5,5
29214,4,-0.31582432985305786,Q1_pred_1,1
193809,3,-0.1941361129283905,Q2_pred_2,2
137602,4,-0.07733583450317383,Q3_pred_3,3
10825,3,-0.21811498701572418,Q1_pred_1,1
11823,3,-0.19748558104038239,Q2_pred_2,2
29503,4,-0.29971110820770264,Q1_pred_1,1
76648,3,0.07291087508201599,Q5_pred_5,5
94010,4,0.019715070724487305,Q5_pred_5,5
231495,4,-0.1917582005262375,Q2_pred_2,2
420264,4,0.045571714639663696,Q5_pred_5,5
101834,3,-0.3466133773326874,Q1_pred_1,1
104609,3,-0.29496002197265625,Q1_pred_1,1
60638,4,-0.0787644162774086,Q3_pred_3,3
38293,3,-0.07549577951431274,Q4_pred_4,4
177887,3,-0.232400044798851,Q1_pred_1,1
114145,4,-0.08794303238391876,Q3_pred_3,3
379260,4,-0.1539067178964615,Q2_pred_2,2
372853,3,0.0025191903114318848,Q5_pred_5,5
232929,3,0.07635283470153809,Q5_pred_5,5
414358,4,-0.15477675199508667,Q2_pred_2,2
333610,4,-0.15603867173194885,Q2_pred_2,2
163115,4,0.0990801453590393,Q5_pred_5,5
49235,4,-0.061029791831970215,Q4_pred_4,4
210319,4,-0.14175325632095337,Q2_pred_2,2
18456,4,-0.004121959209442139,Q5_pred_5,5
29920,4,-0.1404920518398285,Q2_pred_2,2
76418,4,-0.014381378889083862,Q4_pred_4,4
19761,4,-0.16027292609214783,Q2_pred_2,2
247234,3,-0.055495068430900574,Q4_pred_4,4
105831,4,-0.37011414766311646,Q1_pred_1,1
247735,5,-0.16964779794216156,Q2_pred_2,2
427387,3,-0.11404204368591309,Q3_pred_3,3
554,5,-0.003998979926109314,Q5_pred_5,5
50569,3,-0.13108500838279724,Q3_pred_3,3
67182,3,-0.19725900888442993,Q2_pred_2,2
173096,4,-0.12792930006980896,Q3_pred_3,3
127590,4,-0.30458003282546997,Q1_pred_1,1
12956,3,-0.17959710955619812,Q2_pred_2,2
193966,3,-0.20574870705604553,Q1_pred_1,1
156728,3,-0.2432984709739685,Q1_pred_1,1
144676,4,-0.0675315260887146,Q4_pred_4,4
262426,4,-0.13652253150939941,Q2_pred_2,2
214420,3,-0.0671984851360321,Q4_pred_4,4
137429,4,-0.08983685821294785,Q3_pred_3,3
354999,4,-0.17353476583957672,Q2_pred_2,2
45819,4,-0.141480952501297,Q2_pred_2,2
160767,3,-0.14994853734970093,Q2_pred_2,2
130650,3,-0.3247913122177124,Q1_pred_1,1
64290,4,-0.22307752072811127,Q1_pred_1,1
343901,4,-0.16661883890628815,Q2_pred_2,2
245200,4,-0.21601715683937073,Q1_pred_1,1
171168,3,-0.2693246603012085,Q1_pred_1,1
120823,4,-0.0023556798696517944,Q5_pred_5,5
11923,4,-0.0740172266960144,Q4_pred_4,4
185999,3,-0.0442584753036499,Q4_pred_4,4
248775,4,0.008748456835746765,Q5_pred_5,5
268215,4,-0.5388457775115967,Q1_pred_1,1
420324,4,-0.05431920289993286,Q4_pred_4,4
189386,4,-0.025573424994945526,Q4_pred_4,4
94687,3,-0.12862266600131989,Q3_pred_3,3
120674,3,0.2762715220451355,Q5_pred_5,5
45405,2,-0.2869306802749634,Q1_pred_1,1
372481,4,-0.03663229942321777,Q4_pred_4,4
72340,4,-0.32726943492889404,Q1_pred_1,1
56950,4,0.12299138307571411,Q5_pred_5,5
110160,2,-0.0013826489448547363,Q5_pred_5,5
91584,3,-0.13270971179008484,Q3_pred_3,3
210631,4,-0.009667515754699707,Q4_pred_4,4
373333,4,-0.06880633533000946,Q4_pred_4,4
6305,4,-0.22448216378688812,Q1_pred_1,1
153690,4,-0.18352487683296204,Q2_pred_2,2
109483,4,0.03176037222146988,Q5_pred_5,5
156799,2,-0.24668489396572113,Q1_pred_1,1
59457,4,-0.1431255042552948,Q2_pred_2,2
464325,4,-0.017071694135665894,Q4_pred_4,4
42814,4,-0.09400753676891327,Q3_pred_3,3
423106,3,0.15134549140930176,Q5_pred_5,5
170857,3,0.052235186100006104,Q5_pred_5,5
139988,3,-0.06383885443210602,Q4_pred_4,4
321643,3,-0.050194013863801956,Q4_pred_4,4
86972,3,-0.2392265498638153,Q1_pred_1,1
239333,3,-0.15743720531463623,Q2_pred_2,2
59773,3,-0.02733093500137329,Q4_pred_4,4
388826,3,-0.14430029690265656,Q2_pred_2,2
10088,2,-0.19255682826042175,Q2_pred_2,2
345264,4,9.819865226745605e-06,Q5_pred_5,5
431435,2,-0.3825487494468689,Q1_pred_1,1
189626,3,-0.15914936363697052,Q2_pred_2,2
77061,2,-0.31418168544769287,Q1_pred_1,1
114070,2,0.04842263460159302,Q5_pred_5,5
171194,5,0.07132596522569656,Q5_pred_5,5
397588,3,-0.015616059303283691,Q4_pred_4,4
10495,4,-0.20303025841712952,Q2_pred_2,2
64716,4,0.2013595998287201,Q5_pred_5,5
211707,4,-0.00819437950849533,Q5_pred_5,5
140151,3,-0.03514012694358826,Q4_pred_4,4
96780,4,-0.25676947832107544,Q1_pred_1,1
167538,3,-0.05017957091331482,Q4_pred_4,4
139307,3,-0.0667320191860199,Q4_pred_4,4
42722,4,-0.26683634519577026,Q1_pred_1,1
76645,3,-0.1993056833744049,Q2_pred_2,2
235114,4,-0.14346498250961304,Q2_pred_2,2
30033,3,-0.12923595309257507,Q3_pred_3,3
91077,4,-0.13056468963623047,Q3_pred_3,3
343945,4,-0.1403297632932663,Q2_pred_2,2
254294,4,-0.1448676437139511,Q2_pred_2,2
11034,2,-0.24866265058517456,Q1_pred_1,1
169102,4,-0.1702631562948227,Q2_pred_2,2
54885,3,-0.10571341961622238,Q3_pred_3,3
115413,4,-0.04513636231422424,Q4_pred_4,4
337818,4,-0.06383055448532104,Q4_pred_4,4
251034,3,0.010570615530014038,Q5_pred_5,5
183346,3,-0.15173211693763733,Q2_pred_2,2
5662,4,-0.0544227734208107,Q4_pred_4,4
146483,5,-0.1315121352672577,Q3_pred_3,3
105834,3,-0.36942580342292786,Q1_pred_1,1
89866,3,-0.15237414836883545,Q2_pred_2,2
187359,4,0.021002233028411865,Q5_pred_5,5
2889,4,-0.22376397252082825,Q1_pred_1,1
75299,3,-0.05746197700500488,Q4_pred_4,4
276563,4,-0.0007492899894714355,Q5_pred_5,5
33123,4,-0.04738098382949829,Q4_pred_4,4
357412,4,-0.08130300045013428,Q3_pred_3,3
41051,2,-0.2712177634239197,Q1_pred_1,1
356875,4,-0.1989208459854126,Q2_pred_2,2
32765,4,-0.0922798216342926,Q3_pred_3,3
65995,3,-0.27961036562919617,Q1_pred_1,1
356584,4,-0.17408928275108337,Q2_pred_2,2
169693,4,-0.16284534335136414,Q2_pred_2,2
6926,4,-0.14485055208206177,Q2_pred_2,2
860,4,0.042270928621292114,Q5_pred_5,5
65398,4,-0.2796843945980072,Q1_pred_1,1
386103,3,-0.13384601473808289,Q3_pred_3,3
204641,4,-0.35437262058258057,Q1_pred_1,1
211676,4,-0.16393312811851501,Q2_pred_2,2
151717,3,-0.13827943801879883,Q2_pred_2,2
341609,3,-0.04679178446531296,Q4_pred_4,4
72270,4,-0.08999443054199219,Q3_pred_3,3
184635,4,-0.02675887942314148,Q4_pred_4,4
49799,4,0.014695659279823303,Q5_pred_5,5
198394,4,-0.2243364155292511,Q1_pred_1,1
412806,4,-0.1274922788143158,Q3_pred_3,3
358661,4,-0.09031778573989868,Q3_pred_3,3
419005,4,0.08165347576141357,Q5_pred_5,5
113290,4,-0.26483210921287537,Q1_pred_1,1
372734,4,-0.2951691150665283,Q1_pred_1,1
236647,4,0.24803951382637024,Q5_pred_5,5
91557,4,-0.09098733216524124,Q3_pred_3,3
424110,3,-0.13529320061206818,Q2_pred_2,2
126334,4,0.0105457603931427,Q5_pred_5,5
357663,4,-0.12793752551078796,Q3_pred_3,3
212735,3,-0.045399993658065796,Q4_pred_4,4
343741,4,-0.14296601712703705,Q2_pred_2,2
37890,4,-0.09112092107534409,Q3_pred_3,3
222304,4,-0.14981794357299805,Q2_pred_2,2
169093,4,-0.31357717514038086,Q1_pred_1,1
86409,4,-0.07391126453876495,Q4_pred_4,4
327127,4,0.08036749064922333,Q5_pred_5,5
145535,3,-0.16188004612922668,Q2_pred_2,2
143956,4,0.05029243975877762,Q5_pred_5,5
341199,4,-0.2463754564523697,Q1_pred_1,1
125370,3,-0.14885857701301575,Q2_pred_2,2
71864,3,-0.3589477241039276,Q1_pred_1,1
105933,3,-0.2371782660484314,Q1_pred_1,1
91978,4,-0.20172275602817535,Q2_pred_2,2
114106,4,-0.10975639522075653,Q3_pred_3,3
120444,4,-0.10679429769515991,Q3_pred_3,3
144743,4,-0.041114844381809235,Q4_pred_4,4
71662,3,-0.3462532162666321,Q1_pred_1,1
153846,4,-0.2556183338165283,Q1_pred_1,1
106438,4,-0.13367056846618652,Q3_pred_3,3
166793,4,-0.26904749870300293,Q1_pred_1,1
95765,4,-0.04575654864311218,Q4_pred_4,4
22517,4,-0.09427407383918762,Q3_pred_3,3
63966,4,-0.13243445754051208,Q3_pred_3,3
63242,3,0.0020379871129989624,Q5_pred_5,5
167448,4,0.05246292054653168,Q5_pred_5,5
387162,4,-0.14979825913906097,Q2_pred_2,2
185491,4,-0.17230495810508728,Q2_pred_2,2
387766,4,-0.020525753498077393,Q4_pred_4,4
74926,4,-0.18731151521205902,Q2_pred_2,2
355922,4,-0.38118481636047363,Q1_pred_1,1
36771,4,-0.12689436972141266,Q3_pred_3,3
152912,4,-0.11365652084350586,Q3_pred_3,3
128054,4,-0.485576331615448,Q1_pred_1,1
76318,3,-0.25127559900283813,Q1_pred_1,1
29453,4,-0.2980520725250244,Q1_pred_1,1
16636,4,-0.024685345590114594,Q4_pred_4,4
67339,4,0.018930584192276,Q5_pred_5,5
105510,4,-0.3728288412094116,Q1_pred_1,1
136401,4,-0.19921843707561493,Q2_pred_2,2
373691,4,0.062314242124557495,Q5_pred_5,5
4057,3,-0.10275715589523315,Q3_pred_3,3
113340,4,0.018261685967445374,Q5_pred_5,5
107823,3,-0.04882408678531647,Q4_pred_4,4
22871,4,-0.03099660575389862,Q4_pred_4,4
424392,4,-0.1746465414762497,Q2_pred_2,2
86449,4,-0.0903576910495758,Q3_pred_3,3
55904,4,-0.15330372750759125,Q2_pred_2,2
13779,3,-0.01846812665462494,Q4_pred_4,4
44359,4,-0.0568045973777771,Q4_pred_4,4
87071,4,-0.20819035172462463,Q1_pred_1,1
52062,3,-0.2254198044538498,Q1_pred_1,1
26948,4,-0.06865841150283813,Q4_pred_4,4
185733,4,-0.11558565497398376,Q3_pred_3,3
137919,4,0.1246490329504013,Q5_pred_5,5
154223,4,0.03179931640625,Q5_pred_5,5
200887,4,-0.19601747393608093,Q2_pred_2,2
82788,4,0.010907739400863647,Q5_pred_5,5
355291,4,-0.21941503882408142,Q1_pred_1,1
158649,4,0.006810903549194336,Q5_pred_5,5
94607,4,-0.06512889266014099,Q4_pred_4,4
77466,4,0.02890073135495186,Q5_pred_5,5
276574,4,-0.29746532440185547,Q1_pred_1,1
162751,3,0.1360504925251007,Q5_pred_5,5
259173,3,-0.195628821849823,Q2_pred_2,2
153283,2,-0.007210463285446167,Q5_pred_5,5
374975,4,-0.17009377479553223,Q2_pred_2,2
12777,3,-0.13247106969356537,Q3_pred_3,3
86452,4,-0.08868016302585602,Q3_pred_3,3
13698,4,-0.0933825820684433,Q3_pred_3,3
28856,4,-0.37394124269485474,Q1_pred_1,1
26548,4,-0.05743567273020744,Q4_pred_4,4
10749,3,-0.20078539848327637,Q2_pred_2,2
455582,3,-0.053455062210559845,Q4_pred_4,4
247907,4,-0.2326841950416565,Q1_pred_1,1
248745,5,-0.09128211438655853,Q3_pred_3,3
76575,3,-0.06686457991600037,Q4_pred_4,4
371382,2,-0.23130498826503754,Q1_pred_1,1
367078,4,-0.1734035313129425,Q2_pred_2,2
383368,3,-0.05920650064945221,Q4_pred_4,4
859,4,-0.005114108324050903,Q5_pred_5,5
59604,3,-0.2321922779083252,Q1_pred_1,1
156710,2,-0.24974684417247772,Q1_pred_1,1
356130,4,-0.2907879054546356,Q1_pred_1,1
253525,4,-0.2598142921924591,Q1_pred_1,1
201814,3,-0.11467674374580383,Q3_pred_3,3
391430,4,-0.019323498010635376,Q4_pred_4,4
121132,4,0.14562425017356873,Q5_pred_5,5
57388,4,-0.044790174812078476,Q4_pred_4,4
157462,3,-0.3918011784553528,Q1_pred_1,1
8002,3,-0.12701870501041412,Q3_pred_3,3
97033,3,-0.23475460708141327,Q1_pred_1,1
356806,3,-0.189297154545784,Q2_pred_2,2
220585,3,-0.15212392807006836,Q2_pred_2,2
411542,4,0.05882111191749573,Q5_pred_5,5
79761,4,-0.24866977334022522,Q1_pred_1,1
73111,4,-0.14087499678134918,Q2_pred_2,2
149180,4,-0.09157276153564453,Q3_pred_3,3
156738,3,-0.2738148272037506,Q1_pred_1,1
329760,4,0.12395644187927246,Q5_pred_5,5
42725,4,0.24778127670288086,Q5_pred_5,5
114135,2,-0.11435743421316147,Q3_pred_3,3
82262,3,-0.09294911473989487,Q3_pred_3,3
145803,3,0.04243046045303345,Q5_pred_5,5
155301,3,-0.13439619541168213,Q3_pred_3,3
8006,3,-0.13567335903644562,Q2_pred_2,2
145482,4,-0.04297459125518799,Q4_pred_4,4
18172,3,-0.0571649968624115,Q4_pred_4,4
66319,4,0.025977417826652527,Q5_pred_5,5
168875,4,-0.1025640070438385,Q3_pred_3,3
354233,4,-0.33189815282821655,Q1_pred_1,1
14486,3,-0.15780037641525269,Q2_pred_2,2
120669,3,0.2708964943885803,Q5_pred_5,5
361443,4,-0.08319709450006485,Q3_pred_3,3
204126,4,-0.17077815532684326,Q2_pred_2,2
243415,4,-0.08425438404083252,Q3_pred_3,3
81652,4,-0.16200080513954163,Q2_pred_2,2
1167,4,-0.09788185358047485,Q3_pred_3,3
326851,4,-0.11273476481437683,Q3_pred_3,3
260623,3,-0.12767431139945984,Q3_pred_3,3
47683,3,-0.09794445335865021,Q3_pred_3,3
121764,4,-0.20923975110054016,Q1_pred_1,1
366102,3,-0.08459654450416565,Q3_pred_3,3
147905,4,-0.2300165891647339,Q1_pred_1,1
127562,3,-0.04195982217788696,Q4_pred_4,4
247080,4,-0.1552148163318634,Q2_pred_2,2
57382,4,-0.12125001847743988,Q3_pred_3,3
78845,3,-0.022358983755111694,Q4_pred_4,4
243799,3,-0.025596678256988525,Q4_pred_4,4
38571,4,-0.17602290213108063,Q2_pred_2,2
358260,4,-0.44363099336624146,Q1_pred_1,1
236529,2,0.10416381806135178,Q5_pred_5,5
14314,4,-0.09216564893722534,Q3_pred_3,3
19085,4,0.07191426306962967,Q5_pred_5,5
48409,3,-0.043660968542099,Q4_pred_4,4
183809,4,-0.07217496633529663,Q4_pred_4,4
6833,3,-0.1125209704041481,Q3_pred_3,3
182951,4,-0.04367800056934357,Q4_pred_4,4
10735,3,-0.223417729139328,Q1_pred_1,1
179200,4,-0.10977250337600708,Q3_pred_3,3
368376,4,-0.05383098125457764,Q4_pred_4,4
420226,3,-0.13554930686950684,Q2_pred_2,2
196084,4,-0.08459245413541794,Q3_pred_3,3
454617,4,-0.08168616890907288,Q3_pred_3,3
107717,5,-0.1020977795124054,Q3_pred_3,3
144336,4,-0.11180396378040314,Q3_pred_3,3
256422,4,-0.09294617176055908,Q3_pred_3,3
418413,4,-0.12492860108613968,Q3_pred_3,3
41050,4,-0.35050180554389954,Q1_pred_1,1
402555,3,-0.21113915741443634,Q1_pred_1,1
415395,4,-0.00042763352394104004,Q5_pred_5,5
171046,3,-0.10266034305095673,Q3_pred_3,3
374510,4,-0.24268226325511932,Q1_pred_1,1
55962,4,-0.22936466336250305,Q1_pred_1,1
199151,4,-0.19191288948059082,Q2_pred_2,2
237083,3,-0.14744672179222107,Q2_pred_2,2
28098,4,-0.10334610939025879,Q3_pred_3,3
65716,3,0.0872880220413208,Q5_pred_5,5
428753,4,-0.16143082082271576,Q2_pred_2,2
257924,4,-0.18670397996902466,Q2_pred_2,2
96802,4,-0.25281304121017456,Q1_pred_1,1
86465,4,-0.12202489376068115,Q3_pred_3,3
11546,4,-0.1737440824508667,Q2_pred_2,2
167243,3,-0.13795457780361176,Q2_pred_2,2
362817,3,-0.21582069993019104,Q1_pred_1,1
250741,4,-0.18868988752365112,Q2_pred_2,2
90290,3,-0.22448348999023438,Q1_pred_1,1
146001,4,-0.08512464165687561,Q3_pred_3,3
178434,4,-0.10319451987743378,Q3_pred_3,3
343418,4,0.0006274878978729248,Q5_pred_5,5
3901,3,-0.20939156413078308,Q1_pred_1,1
150364,3,-0.120974600315094,Q3_pred_3,3
156673,4,-0.11186946928501129,Q3_pred_3,3
25522,3,-0.3192679286003113,Q1_pred_1,1
335764,4,0.012880414724349976,Q5_pred_5,5
13235,4,-0.04465058445930481,Q4_pred_4,4
95743,2,-0.22146780788898468,Q1_pred_1,1
111789,4,-0.13617324829101562,Q2_pred_2,2
162089,4,-0.3522602915763855,Q1_pred_1,1
60909,4,-0.08944687247276306,Q3_pred_3,3
415379,3,-0.2700386047363281,Q1_pred_1,1
173907,4,-0.09825733304023743,Q3_pred_3,3
334468,4,0.06520956754684448,Q5_pred_5,5
344024,4,-0.23577401041984558,Q1_pred_1,1
73103,4,-0.08432085812091827,Q3_pred_3,3
135844,4,-0.04469645023345947,Q4_pred_4,4
54353,3,-0.05537860095500946,Q4_pred_4,4
334088,4,-0.018699467182159424,Q4_pred_4,4
131022,4,0.15073594450950623,Q5_pred_5,5
236544,4,0.17019535601139069,Q5_pred_5,5
275466,4,0.045253247022628784,Q5_pred_5,5
128830,4,0.009845256805419922,Q5_pred_5,5
4244,4,-0.22103312611579895,Q1_pred_1,1
250715,4,-0.17155821621418,Q2_pred_2,2
94632,3,-0.31690603494644165,Q1_pred_1,1
97624,4,-0.10268844664096832,Q3_pred_3,3
32157,4,0.03222134709358215,Q5_pred_5,5
19821,4,-0.03485235571861267,Q4_pred_4,4
58385,3,-0.24058164656162262,Q1_pred_1,1
329116,4,-0.020765095949172974,Q4_pred_4,4
48058,4,-0.11136063933372498,Q3_pred_3,3
102100,4,-0.09901273250579834,Q3_pred_3,3
84681,4,-0.061922699213027954,Q4_pred_4,4
45526,4,-0.1991238296031952,Q2_pred_2,2
337754,4,-0.24015523493289948,Q1_pred_1,1
18807,4,0.064752496778965,Q5_pred_5,5
407028,4,-0.0385282039642334,Q4_pred_4,4
105767,4,-0.3736101984977722,Q1_pred_1,1
59615,3,-0.12276290357112885,Q3_pred_3,3
61531,4,-0.0469316691160202,Q4_pred_4,4
28586,5,0.19121399521827698,Q5_pred_5,5
171072,3,-0.27524247765541077,Q1_pred_1,1
39519,5,0.03890863060951233,Q5_pred_5,5
216369,3,-0.07211410999298096,Q4_pred_4,4
110920,3,-0.08906029164791107,Q3_pred_3,3
71126,4,-0.06845661997795105,Q4_pred_4,4
42187,4,-0.1101447343826294,Q3_pred_3,3
38269,4,-0.33645501732826233,Q1_pred_1,1
29713,4,-0.03980766609311104,Q4_pred_4,4
40565,3,-0.09806802868843079,Q3_pred_3,3
161367,3,0.0016804337501525879,Q5_pred_5,5
383651,4,-0.24586430191993713,Q1_pred_1,1
145531,3,-0.21266596019268036,Q1_pred_1,1
249715,4,-0.16640034317970276,Q2_pred_2,2
84441,4,-0.08207371830940247,Q3_pred_3,3
137596,4,-0.09411045908927917,Q3_pred_3,3
360786,4,-0.002053305506706238,Q5_pred_5,5
118946,4,-0.27850228548049927,Q1_pred_1,1
56075,3,-0.24183990061283112,Q1_pred_1,1
57995,4,-0.230520561337471,Q1_pred_1,1
356505,4,-0.18661612272262573,Q2_pred_2,2
10873,2,-0.26146578788757324,Q1_pred_1,1
8239,4,-0.22458575665950775,Q1_pred_1,1
95051,3,-0.12235532701015472,Q3_pred_3,3
254310,4,-0.15745146572589874,Q2_pred_2,2
144342,4,-0.06183798611164093,Q4_pred_4,4
249893,3,0.009302511811256409,Q5_pred_5,5
24242,4,-0.2210317850112915,Q1_pred_1,1
159998,3,-0.3625413179397583,Q1_pred_1,1
86423,4,-0.18306487798690796,Q2_pred_2,2
63710,3,-0.29203805327415466,Q1_pred_1,1
359507,4,-0.2885882258415222,Q1_pred_1,1
239464,4,-0.222320556640625,Q1_pred_1,1
12788,3,-0.11154152452945709,Q3_pred_3,3
87633,4,-0.04609164595603943,Q4_pred_4,4
348654,4,-0.10241773724555969,Q3_pred_3,3
108806,4,-0.3126174807548523,Q1_pred_1,1
96974,4,-0.142586350440979,Q2_pred_2,2
81272,4,-0.016929447650909424,Q4_pred_4,4
39983,4,-0.07676969468593597,Q3_pred_3,3
169072,3,-0.09236863255500793,Q3_pred_3,3
112175,4,-0.17254552245140076,Q2_pred_2,2
95549,3,-0.12516909837722778,Q3_pred_3,3
66134,3,-0.11100825667381287,Q3_pred_3,3
212988,4,-0.31759077310562134,Q1_pred_1,1
88850,3,-0.20406055450439453,Q2_pred_2,2
54422,4,-0.3270712196826935,Q1_pred_1,1
83815,5,-0.2921742796897888,Q1_pred_1,1
99255,3,-0.12703797221183777,Q3_pred_3,3
107737,4,-0.11698339879512787,Q3_pred_3,3
175143,4,-0.02172478288412094,Q4_pred_4,4
396530,4,-0.17486530542373657,Q2_pred_2,2
169805,4,-0.16183879971504211,Q2_pred_2,2
84074,4,-0.10621310770511627,Q3_pred_3,3
95015,3,-0.11518900841474533,Q3_pred_3,3
214589,4,-0.055756259709596634,Q4_pred_4,4
235119,4,-0.03823643922805786,Q4_pred_4,4
80646,4,-0.08472856879234314,Q3_pred_3,3
223272,3,-0.0736970454454422,Q4_pred_4,4
15224,3,-0.051058925688266754,Q4_pred_4,4
168744,3,-0.2983340620994568,Q1_pred_1,1
382855,4,0.06887689232826233,Q5_pred_5,5
50955,4,-0.08958268165588379,Q3_pred_3,3
63834,4,-0.19455300271511078,Q2_pred_2,2
247179,4,-0.06264092028141022,Q4_pred_4,4
406667,3,0.0151071697473526,Q5_pred_5,5
193670,4,-0.11791324615478516,Q3_pred_3,3
270753,4,-0.17972387373447418,Q2_pred_2,2
191535,4,-0.12387914955615997,Q3_pred_3,3
156730,2,-0.24520044028759003,Q1_pred_1,1
359243,5,-0.2786339521408081,Q1_pred_1,1
111076,4,-0.08540847897529602,Q3_pred_3,3
27064,4,-0.10844746977090836,Q3_pred_3,3
23078,4,-0.22081764042377472,Q1_pred_1,1
331158,4,-0.20421504974365234,Q2_pred_2,2
91991,3,-0.09216031432151794,Q3_pred_3,3
316895,4,0.04733133316040039,Q5_pred_5,5
257430,4,-0.01580420881509781,Q4_pred_4,4
27313,3,0.004320263862609863,Q5_pred_5,5
13644,3,-0.19350290298461914,Q2_pred_2,2
323459,4,-0.11632606387138367,Q3_pred_3,3
137913,4,0.1976872980594635,Q5_pred_5,5
146464,4,-0.09658806025981903,Q3_pred_3,3
155265,3,-0.23015499114990234,Q1_pred_1,1
11586,4,-0.024430163204669952,Q4_pred_4,4
47285,4,-0.15295341610908508,Q2_pred_2,2
359718,4,-0.1758069396018982,Q2_pred_2,2
142806,4,-0.0543350875377655,Q4_pred_4,4
28490,4,-0.15338218212127686,Q2_pred_2,2
32613,4,-0.29720473289489746,Q1_pred_1,1
114625,1,-0.37258249521255493,Q1_pred_1,1
44649,4,-0.04833737015724182,Q4_pred_4,4
186475,4,0.12473297119140625,Q5_pred_5,5
427615,4,-0.19837021827697754,Q2_pred_2,2
420629,4,0.02660110592842102,Q5_pred_5,5
71963,4,-0.021976858377456665,Q4_pred_4,4
205732,3,-0.1936933845281601,Q2_pred_2,2
37285,3,-0.04851815104484558,Q4_pred_4,4
67824,4,-0.2515450417995453,Q1_pred_1,1
29466,4,-0.3081434369087219,Q1_pred_1,1
69546,3,-0.11348549276590347,Q3_pred_3,3
423848,4,-0.22504504024982452,Q1_pred_1,1
126758,3,0.044284820556640625,Q5_pred_5,5
251150,5,0.0009193718433380127,Q5_pred_5,5
126863,4,0.07294188439846039,Q5_pred_5,5
123720,4,-0.00723676010966301,Q5_pred_5,5
199255,4,0.01991117000579834,Q5_pred_5,5
247019,4,0.01676468551158905,Q5_pred_5,5
40980,3,-0.1666334867477417,Q2_pred_2,2
17697,4,0.14360475540161133,Q5_pred_5,5
31057,4,-0.13312730193138123,Q3_pred_3,3
381152,3,-0.1921912282705307,Q2_pred_2,2
355910,4,-0.3392786681652069,Q1_pred_1,1
33481,4,-0.26393646001815796,Q1_pred_1,1
19199,3,-0.2493513822555542,Q1_pred_1,1
343942,4,-0.15813229978084564,Q2_pred_2,2
53944,4,-0.05667877197265625,Q4_pred_4,4
316084,5,0.10961112380027771,Q5_pred_5,5
199037,4,0.03963823243975639,Q5_pred_5,5
35037,3,-0.1295718550682068,Q3_pred_3,3
373938,3,0.18721537292003632,Q5_pred_5,5
69947,4,0.03849220275878906,Q5_pred_5,5
340557,4,-0.20534995198249817,Q1_pred_1,1
191517,4,-0.08396439999341965,Q3_pred_3,3
17511,3,-0.14767245948314667,Q2_pred_2,2
77912,4,-0.11443546414375305,Q3_pred_3,3
26140,3,-0.15322139859199524,Q2_pred_2,2
344553,3,-0.2766243815422058,Q1_pred_1,1
62892,3,-0.2954171299934387,Q1_pred_1,1
219778,4,-0.18914565443992615,Q2_pred_2,2
31738,4,-0.02579023316502571,Q4_pred_4,4
111357,4,0.06464691460132599,Q5_pred_5,5
125344,4,0.05729997158050537,Q5_pred_5,5
10491,4,-0.2009783834218979,Q2_pred_2,2
252348,4,0.014076977968215942,Q5_pred_5,5
193867,3,-0.19506001472473145,Q2_pred_2,2
320300,3,-0.12791013717651367,Q3_pred_3,3
371554,4,-0.0012526363134384155,Q5_pred_5,5
113999,3,-0.10814402997493744,Q3_pred_3,3
64815,4,0.11582228541374207,Q5_pred_5,5
212787,4,-0.10693180561065674,Q3_pred_3,3
93878,4,-0.002510085701942444,Q5_pred_5,5
137944,3,0.14338552951812744,Q5_pred_5,5
418570,4,-0.07229554653167725,Q4_pred_4,4
470704,3,0.003743797540664673,Q5_pred_5,5
382833,4,0.06444578617811203,Q5_pred_5,5
153661,4,-0.15877503156661987,Q2_pred_2,2
378012,4,-0.33553117513656616,Q1_pred_1,1
13896,3,-0.262024462223053,Q1_pred_1,1
39160,5,0.05808773636817932,Q5_pred_5,5
331365,5,-0.027980893850326538,Q4_pred_4,4
165229,4,-0.2618196904659271,Q1_pred_1,1
386610,4,-0.19002169370651245,Q2_pred_2,2
386215,4,-0.1280292123556137,Q3_pred_3,3
15355,4,-0.24426224827766418,Q1_pred_1,1
38271,4,-0.1936640590429306,Q2_pred_2,2
182723,4,-0.004656083881855011,Q5_pred_5,5
426596,4,-0.0742299035191536,Q4_pred_4,4
111775,4,-0.14757370948791504,Q2_pred_2,2
341736,3,-0.2019301801919937,Q2_pred_2,2
86681,4,0.027053385972976685,Q5_pred_5,5
84835,4,-0.09263738989830017,Q3_pred_3,3
66109,4,-0.21902720630168915,Q1_pred_1,1
114168,3,-0.0617881678044796,Q4_pred_4,4
260933,4,0.010357558727264404,Q5_pred_5,5
245676,3,-0.06856411695480347,Q4_pred_4,4
127563,4,-0.06855827569961548,Q4_pred_4,4
154065,4,-0.15039390325546265,Q2_pred_2,2
119667,4,-0.25256091356277466,Q1_pred_1,1
93299,4,-0.07229012995958328,Q4_pred_4,4
162127,3,-0.45264631509780884,Q1_pred_1,1
13774,3,-0.08631330728530884,Q3_pred_3,3
86472,4,-0.12664398550987244,Q3_pred_3,3
274481,3,-0.2667527496814728,Q1_pred_1,1
16218,4,0.06865735352039337,Q5_pred_5,5
154295,4,-0.3536207675933838,Q1_pred_1,1
374351,4,-0.2549118399620056,Q1_pred_1,1
343947,4,-0.1684255450963974,Q2_pred_2,2
10570,4,-0.22928625345230103,Q1_pred_1,1
21,4,-0.18946592509746552,Q2_pred_2,2
241498,4,0.0036827698349952698,Q5_pred_5,5
23077,4,-0.2191603034734726,Q1_pred_1,1
393237,4,-0.15745581686496735,Q2_pred_2,2
17508,4,-0.04361243546009064,Q4_pred_4,4
76251,3,-0.02903693914413452,Q4_pred_4,4
40210,4,0.08044469356536865,Q5_pred_5,5
6185,3,-0.24318136274814606,Q1_pred_1,1
143246,3,-0.08952412754297256,Q3_pred_3,3
378262,4,-0.056549638509750366,Q4_pred_4,4
21119,3,-0.12813544273376465,Q3_pred_3,3
55730,3,-0.17473721504211426,Q2_pred_2,2
12982,4,-0.18024763464927673,Q2_pred_2,2
415016,2,0.016857683658599854,Q5_pred_5,5
214512,4,-0.05013105273246765,Q4_pred_4,4
22951,4,-0.09192022681236267,Q3_pred_3,3
3112,4,-0.20019961893558502,Q2_pred_2,2
67647,4,0.030484378337860107,Q5_pred_5,5
236641,4,0.16841363906860352,Q5_pred_5,5
256417,4,-0.025036968290805817,Q4_pred_4,4
94920,4,-0.12756076455116272,Q3_pred_3,3
35131,4,0.006674051284790039,Q5_pred_5,5
86396,4,-0.0689421147108078,Q4_pred_4,4
109742,3,-0.20924493670463562,Q1_pred_1,1
99227,4,-0.05248600244522095,Q4_pred_4,4
393911,4,-0.2227373719215393,Q1_pred_1,1
357589,4,-0.10766807198524475,Q3_pred_3,3
164381,4,-0.11522021889686584,Q3_pred_3,3
121567,4,0.215200275182724,Q5_pred_5,5
156569,3,-0.1321197748184204,Q3_pred_3,3
425792,4,-0.07692625373601913,Q3_pred_3,3
16026,2,0.050769150257110596,Q5_pred_5,5
114504,3,0.2515796422958374,Q5_pred_5,5
315940,4,-0.15577490627765656,Q2_pred_2,2
15718,4,-0.39662519097328186,Q1_pred_1,1
247603,4,-0.18947702646255493,Q2_pred_2,2
420312,3,-0.07411055266857147,Q4_pred_4,4
65810,4,-0.19543161988258362,Q2_pred_2,2
415300,3,-0.33545100688934326,Q1_pred_1,1
131700,4,-0.17750966548919678,Q2_pred_2,2
68424,4,-0.27670207619667053,Q1_pred_1,1
361870,4,-0.19526582956314087,Q2_pred_2,2
484620,4,-0.05244927108287811,Q4_pred_4,4
257002,3,-0.3766496181488037,Q1_pred_1,1
241581,4,-0.19761839509010315,Q2_pred_2,2
6850,3,-0.12414638698101044,Q3_pred_3,3
95386,4,-0.0235685333609581,Q4_pred_4,4
29263,4,-0.2426270991563797,Q1_pred_1,1
94759,4,-0.13873499631881714,Q2_pred_2,2
62148,4,-0.2649887800216675,Q1_pred_1,1
439993,4,-0.0344170480966568,Q4_pred_4,4
3817,4,0.022398605942726135,Q5_pred_5,5
61849,4,0.013322167098522186,Q5_pred_5,5
147095,2,-0.10805444419384003,Q3_pred_3,3
374571,4,-0.2739555239677429,Q1_pred_1,1
5644,3,-0.013965994119644165,Q4_pred_4,4
181522,4,-0.0009180307388305664,Q5_pred_5,5
131199,3,-0.011491388082504272,Q4_pred_4,4
40531,2,0.14697229862213135,Q5_pred_5,5
89338,4,-0.17455165088176727,Q2_pred_2,2
276317,4,0.04106353223323822,Q5_pred_5,5
347927,5,-0.03904169797897339,Q4_pred_4,4
234994,4,-0.07585479319095612,Q4_pred_4,4
89676,3,0.04683417081832886,Q5_pred_5,5
191090,3,-0.28217869997024536,Q1_pred_1,1
374709,4,-0.20408499240875244,Q2_pred_2,2
329737,4,-0.1770343780517578,Q2_pred_2,2
114492,4,-0.050677597522735596,Q4_pred_4,4
105685,4,-0.3749538064002991,Q1_pred_1,1
248563,3,-0.05083197355270386,Q4_pred_4,4
167753,4,-0.03153465688228607,Q4_pred_4,4
354643,4,-0.09521456062793732,Q3_pred_3,3
50391,4,-0.18692387640476227,Q2_pred_2,2
358073,4,-0.42521417140960693,Q1_pred_1,1
22518,4,-0.09382717311382294,Q3_pred_3,3
399577,4,-0.05110415816307068,Q4_pred_4,4
196058,4,-0.07941754907369614,Q3_pred_3,3
48936,4,0.05402113497257233,Q5_pred_5,5
379115,3,-0.14900285005569458,Q2_pred_2,2
372052,4,-0.1240900382399559,Q3_pred_3,3
76663,3,-0.3440823554992676,Q1_pred_1,1
85172,3,-0.0819372683763504,Q3_pred_3,3
104767,3,-0.20250347256660461,Q2_pred_2,2
360229,4,-0.2190285474061966,Q1_pred_1,1
74479,3,0.017018109560012817,Q5_pred_5,5
350334,4,-0.06135398894548416,Q4_pred_4,4
118756,4,0.11532513797283173,Q5_pred_5,5
234577,4,-0.13707153499126434,Q2_pred_2,2
45114,4,-0.11412131786346436,Q3_pred_3,3
386574,4,0.04511149227619171,Q5_pred_5,5
50168,3,-0.19102662801742554,Q2_pred_2,2
98548,3,-0.2311577945947647,Q1_pred_1,1
10722,4,-0.02525031566619873,Q4_pred_4,4
759,3,0.3390042185783386,Q5_pred_5,5
119309,4,-0.29060909152030945,Q1_pred_1,1
84575,4,-0.1696506142616272,Q2_pred_2,2
70320,4,-0.07727000117301941,Q3_pred_3,3
178565,3,-0.0505329892039299,Q4_pred_4,4
40284,4,0.06795427203178406,Q5_pred_5,5
241924,3,-0.12084302306175232,Q3_pred_3,3
99723,4,-0.27744990587234497,Q1_pred_1,1
122997,4,0.006494395434856415,Q5_pred_5,5
120587,4,-0.04417175054550171,Q4_pred_4,4
134006,3,0.024831905961036682,Q5_pred_5,5
173880,4,-0.02023407816886902,Q4_pred_4,4
146207,4,-0.23016107082366943,Q1_pred_1,1
24241,3,-0.13592629134655,Q2_pred_2,2
372707,5,-0.18553224205970764,Q2_pred_2,2
3091,3,-0.19692334532737732,Q2_pred_2,2
119310,5,-0.28260451555252075,Q1_pred_1,1
28970,4,-0.2409612387418747,Q1_pred_1,1
29493,4,-0.2928459048271179,Q1_pred_1,1
18218,4,-0.06308028101921082,Q4_pred_4,4
144069,4,-0.028767317533493042,Q4_pred_4,4
111015,4,-0.00912804901599884,Q4_pred_4,4
427195,4,-0.0843459889292717,Q3_pred_3,3
168899,4,-0.13600023090839386,Q2_pred_2,2
61513,3,-0.16713781654834747,Q2_pred_2,2
110327,3,-0.03917762637138367,Q4_pred_4,4
102952,4,-0.014851391315460205,Q4_pred_4,4
33648,4,-0.24541804194450378,Q1_pred_1,1
61728,4,0.015029508620500565,Q5_pred_5,5
35623,3,-0.2632855176925659,Q1_pred_1,1
142471,5,-0.042633071541786194,Q4_pred_4,4
108660,3,-0.23197722434997559,Q1_pred_1,1
86439,4,-0.18842928111553192,Q2_pred_2,2
130088,4,-0.17120791971683502,Q2_pred_2,2
156701,4,-0.20682813227176666,Q1_pred_1,1
196382,2,-0.1736164093017578,Q2_pred_2,2
108417,3,-0.11372238397598267,Q3_pred_3,3
214632,3,-0.1633458137512207,Q2_pred_2,2
38204,4,0.0068314820528030396,Q5_pred_5,5
3165,5,-0.08306008577346802,Q3_pred_3,3
37336,4,-0.18862253427505493,Q2_pred_2,2
195990,4,-0.04204101860523224,Q4_pred_4,4
352612,3,-0.22255262732505798,Q1_pred_1,1
105581,4,-0.3773437738418579,Q1_pred_1,1
78592,3,-0.22935330867767334,Q1_pred_1,1
104815,4,-0.06887030601501465,Q4_pred_4,4
359367,5,-0.2579129636287689,Q1_pred_1,1
154021,5,-0.2534182071685791,Q1_pred_1,1
9559,4,-0.2595280706882477,Q1_pred_1,1
88942,4,-0.04608524590730667,Q4_pred_4,4
193814,3,-0.1604907512664795,Q2_pred_2,2
140821,3,-0.030297473073005676,Q4_pred_4,4
13402,3,-0.32651326060295105,Q1_pred_1,1
356918,4,-0.2255716174840927,Q1_pred_1,1
137151,3,-0.2908628284931183,Q1_pred_1,1
189419,4,-0.02648521214723587,Q4_pred_4,4
18581,3,0.06884391605854034,Q5_pred_5,5
373785,3,-0.30395710468292236,Q1_pred_1,1
357471,4,-0.10739630460739136,Q3_pred_3,3
387785,5,-0.015428632497787476,Q4_pred_4,4
324793,4,-0.057434581220149994,Q4_pred_4,4
277264,4,0.045546650886535645,Q5_pred_5,5
327550,4,0.048348188400268555,Q5_pred_5,5
226407,4,-0.1258915364742279,Q3_pred_3,3
163059,3,-0.03087139129638672,Q4_pred_4,4
331704,4,-0.1163949966430664,Q3_pred_3,3
146517,4,-0.1476306915283203,Q2_pred_2,2
203093,3,-0.041058458387851715,Q4_pred_4,4
103353,4,-0.2402944415807724,Q1_pred_1,1
173193,4,-0.20010769367218018,Q2_pred_2,2
241245,3,-0.1171102374792099,Q3_pred_3,3
29420,4,-0.3028590977191925,Q1_pred_1,1
2611,4,0.06328028440475464,Q5_pred_5,5
329734,4,-0.13409602642059326,Q3_pred_3,3
73137,3,-0.2553311586380005,Q1_pred_1,1
57272,3,-0.10068930685520172,Q3_pred_3,3
355760,5,-0.32919055223464966,Q1_pred_1,1
84564,4,-0.29874658584594727,Q1_pred_1,1
11081,3,-0.04801233112812042,Q4_pred_4,4
109083,4,-0.0807868093252182,Q3_pred_3,3
265312,3,-0.24151743948459625,Q1_pred_1,1
160376,4,-0.11580806970596313,Q3_pred_3,3
349286,3,-0.20368094742298126,Q2_pred_2,2
18884,3,0.02717442810535431,Q5_pred_5,5
34662,5,-0.1327519416809082,Q3_pred_3,3
11872,3,0.0067816972732543945,Q5_pred_5,5
270655,3,-0.03371265530586243,Q4_pred_4,4
4573,3,-0.19705143570899963,Q2_pred_2,2
7601,3,0.20241117477416992,Q5_pred_5,5
34587,4,0.0757654532790184,Q5_pred_5,5
393459,4,-0.18963289260864258,Q2_pred_2,2
393003,2,0.01477806270122528,Q5_pred_5,5
168307,4,-0.1010284572839737,Q3_pred_3,3
257777,3,-0.08290460705757141,Q3_pred_3,3
381358,4,-0.024263650178909302,Q4_pred_4,4
231485,4,-0.11235985159873962,Q3_pred_3,3
254391,4,0.003103002905845642,Q5_pred_5,5
48056,3,-0.20536181330680847,Q1_pred_1,1
337768,4,-0.3726821541786194,Q1_pred_1,1
346328,3,-0.00748799741268158,Q5_pred_5,5
185365,4,-0.12261968851089478,Q3_pred_3,3
89901,3,-0.10896050184965134,Q3_pred_3,3
24632,3,-0.056503452360630035,Q4_pred_4,4
157596,4,-0.10353250801563263,Q3_pred_3,3
128419,4,0.011590391397476196,Q5_pred_5,5
35129,3,-0.07103532552719116,Q4_pred_4,4
160294,4,0.048499077558517456,Q5_pred_5,5
116223,4,0.035297080874443054,Q5_pred_5,5
109115,4,-0.03626668453216553,Q4_pred_4,4
161457,4,-0.11904054135084152,Q3_pred_3,3
86293,3,-0.0968569666147232,Q3_pred_3,3
40985,3,-0.17944960296154022,Q2_pred_2,2
109224,4,-0.33717185258865356,Q1_pred_1,1
63275,4,-0.2604186534881592,Q1_pred_1,1
120359,4,-0.019671566784381866,Q4_pred_4,4
27928,4,-0.17424485087394714,Q2_pred_2,2
48461,3,-0.04748699069023132,Q4_pred_4,4
59461,4,-0.1273917853832245,Q3_pred_3,3
249791,4,-0.12763330340385437,Q3_pred_3,3
277554,4,-0.14784547686576843,Q2_pred_2,2
100007,4,-0.0008470714092254639,Q5_pred_5,5
335509,4,-0.20104865729808807,Q2_pred_2,2
357725,4,-0.16585230827331543,Q2_pred_2,2
127298,3,-0.1885978728532791,Q2_pred_2,2
258039,4,-0.04203072935342789,Q4_pred_4,4
68448,4,0.03240060806274414,Q5_pred_5,5
136947,4,-0.14202424883842468,Q2_pred_2,2
115534,4,-0.3121649920940399,Q1_pred_1,1
348872,3,-0.07034856081008911,Q4_pred_4,4
179907,3,-0.14850878715515137,Q2_pred_2,2
154449,4,-0.14696042239665985,Q2_pred_2,2
214414,3,-0.24548785388469696,Q1_pred_1,1
101553,4,-0.1721167117357254,Q2_pred_2,2
156719,4,-0.22510160505771637,Q1_pred_1,1
364260,4,-0.09708407521247864,Q3_pred_3,3
157432,4,-0.29001086950302124,Q1_pred_1,1
153847,4,-0.2512829303741455,Q1_pred_1,1
22955,4,-0.2629442512989044,Q1_pred_1,1
30941,4,-0.27073413133621216,Q1_pred_1,1
320298,4,-0.13072240352630615,Q3_pred_3,3
11566,3,-0.24684563279151917,Q1_pred_1,1
78796,2,-0.08137568831443787,Q3_pred_3,3
18929,3,-0.20509785413742065,Q2_pred_2,2
156603,3,0.061011552810668945,Q5_pred_5,5
29031,4,-0.17136363685131073,Q2_pred_2,2
121604,4,-0.22213321924209595,Q1_pred_1,1
222433,4,-0.08574627339839935,Q3_pred_3,3
223051,4,-0.13266175985336304,Q3_pred_3,3
218831,3,-0.38622501492500305,Q1_pred_1,1
18047,4,0.13561463356018066,Q5_pred_5,5
8541,4,-0.021055608987808228,Q4_pred_4,4
418622,4,-0.03909248113632202,Q4_pred_4,4
22099,4,-0.07667841762304306,Q3_pred_3,3
132252,3,-0.14049169421195984,Q2_pred_2,2
232723,4,-0.04374295473098755,Q4_pred_4,4
137394,3,-0.15714922547340393,Q2_pred_2,2
372586,3,-0.11119476705789566,Q3_pred_3,3
4066,2,-0.20452743768692017,Q2_pred_2,2
315728,3,-0.07993531227111816,Q3_pred_3,3
110379,3,-0.08786404132843018,Q3_pred_3,3
93850,4,-0.03521145507693291,Q4_pred_4,4
157769,3,-0.12243625521659851,Q3_pred_3,3
109558,2,0.08021105825901031,Q5_pred_5,5
166649,3,0.007616370916366577,Q5_pred_5,5
247510,4,-0.2530754506587982,Q1_pred_1,1
323079,3,-0.08408582210540771,Q3_pred_3,3
8532,3,0.009528830647468567,Q5_pred_5,5
28106,4,-0.050870463252067566,Q4_pred_4,4
5819,2,0.0738554447889328,Q5_pred_5,5
145083,4,-0.04928314685821533,Q4_pred_4,4
151009,4,-0.039482682943344116,Q4_pred_4,4
336771,4,-0.02949485182762146,Q4_pred_4,4
148272,4,0.11464989185333252,Q5_pred_5,5
2970,4,0.10202312469482422,Q5_pred_5,5
156945,3,-0.13968691229820251,Q2_pred_2,2
86389,4,-0.03306454420089722,Q4_pred_4,4
248856,4,-0.08734597265720367,Q3_pred_3,3
238932,3,0.05736649036407471,Q5_pred_5,5
30192,4,-0.13610386848449707,Q2_pred_2,2
373614,4,-0.12932747602462769,Q3_pred_3,3
358074,4,-0.431580126285553,Q1_pred_1,1
52180,4,-0.12297169864177704,Q3_pred_3,3
411179,4,-0.13645979762077332,Q2_pred_2,2
4405,3,-0.19997155666351318,Q2_pred_2,2
26567,4,-0.0414482019841671,Q4_pred_4,4
167196,4,-0.14648562669754028,Q2_pred_2,2
183347,4,-0.1517251878976822,Q2_pred_2,2
423493,4,-0.08615285158157349,Q3_pred_3,3
148241,4,-0.15476764738559723,Q2_pred_2,2
424057,4,-0.11682362109422684,Q3_pred_3,3
118388,3,-0.14792287349700928,Q2_pred_2,2
373636,4,-0.12816962599754333,Q3_pred_3,3
92364,4,-0.09889647364616394,Q3_pred_3,3
17353,4,0.027354449033737183,Q5_pred_5,5
105026,4,-0.10988602042198181,Q3_pred_3,3
348864,4,-0.16135361790657043,Q2_pred_2,2
254337,3,-0.1479187309741974,Q2_pred_2,2
150345,4,-0.1738525927066803,Q2_pred_2,2
29272,4,-0.23346669971942902,Q1_pred_1,1
3808,4,-0.1511155068874359,Q2_pred_2,2
113576,3,0.06821379065513611,Q5_pred_5,5
139097,3,-0.2961903512477875,Q1_pred_1,1
31681,2,0.09130147099494934,Q5_pred_5,5
36777,5,-0.09987550228834152,Q3_pred_3,3
369082,5,-0.18320529162883759,Q2_pred_2,2
187127,4,-0.1272367537021637,Q3_pred_3,3
251863,4,0.03709830343723297,Q5_pred_5,5
37345,4,0.10763224959373474,Q5_pred_5,5
10956,2,-0.27968084812164307,Q1_pred_1,1
107137,4,-0.34590381383895874,Q1_pred_1,1
61756,4,0.04252104461193085,Q5_pred_5,5
163728,4,-0.12252780795097351,Q3_pred_3,3
105659,4,-0.3910601735115051,Q1_pred_1,1
89664,4,-0.08552969992160797,Q3_pred_3,3
120590,4,0.12217207252979279,Q5_pred_5,5
12872,3,-0.1611659824848175,Q2_pred_2,2
167675,4,-0.1378357708454132,Q2_pred_2,2
466111,3,-0.17880982160568237,Q2_pred_2,2
187832,4,-0.14082765579223633,Q2_pred_2,2
411025,4,-0.15694701671600342,Q2_pred_2,2
77244,3,0.010669901967048645,Q5_pred_5,5
23673,3,-0.23947161436080933,Q1_pred_1,1
188000,4,-0.11884485185146332,Q3_pred_3,3
81369,4,-0.1845453828573227,Q2_pred_2,2
257496,4,-0.02650846540927887,Q4_pred_4,4
110404,3,-0.16341161727905273,Q2_pred_2,2
348372,4,-0.11192014813423157,Q3_pred_3,3
150406,4,-0.10567106306552887,Q3_pred_3,3
92916,4,-0.05904455482959747,Q4_pred_4,4
86652,4,0.02129530906677246,Q5_pred_5,5
23498,3,-0.24349862337112427,Q1_pred_1,1
156818,4,-0.18943414092063904,Q2_pred_2,2
325155,4,-0.08142130821943283,Q3_pred_3,3
42199,4,-0.11498535424470901,Q3_pred_3,3
81325,4,-0.21057386696338654,Q1_pred_1,1
5624,4,0.10416538268327713,Q5_pred_5,5
1202,3,-0.09239920973777771,Q3_pred_3,3
12856,3,-0.07525842636823654,Q4_pred_4,4
248781,4,-0.059336721897125244,Q4_pred_4,4
187129,2,-0.025913700461387634,Q4_pred_4,4
131107,4,0.06747084856033325,Q5_pred_5,5
98411,3,-0.03132101893424988,Q4_pred_4,4
272392,4,-0.07589198648929596,Q4_pred_4,4
238870,4,-0.08267702162265778,Q3_pred_3,3
146509,5,-0.11805002391338348,Q3_pred_3,3
355891,3,-0.2450704425573349,Q1_pred_1,1
157914,3,0.05761869251728058,Q5_pred_5,5
270762,4,-0.1228470504283905,Q3_pred_3,3
40813,4,0.026118233799934387,Q5_pred_5,5
10974,2,-0.34517979621887207,Q1_pred_1,1
106428,4,-0.12991151213645935,Q3_pred_3,3
386521,4,-0.30441588163375854,Q1_pred_1,1
156740,4,-0.24665646255016327,Q1_pred_1,1
187266,4,-0.13151714205741882,Q3_pred_3,3
188701,3,-0.04994463920593262,Q4_pred_4,4
494956,4,0.04347585141658783,Q5_pred_5,5
33473,4,-0.2143365442752838,Q1_pred_1,1
137892,4,-0.02281241863965988,Q4_pred_4,4
49089,4,0.22709104418754578,Q5_pred_5,5
358924,4,-0.22227558493614197,Q1_pred_1,1
274627,4,-0.07824939489364624,Q3_pred_3,3
233296,3,-0.16917970776557922,Q2_pred_2,2
142822,4,-0.03376249969005585,Q4_pred_4,4
127282,4,-0.24279063940048218,Q1_pred_1,1
150035,4,-0.31639498472213745,Q1_pred_1,1
38318,4,-0.2476091831922531,Q1_pred_1,1
21211,2,-0.07731711864471436,Q3_pred_3,3
70374,4,-0.22166866064071655,Q1_pred_1,1
104707,4,-0.14462733268737793,Q2_pred_2,2
114072,3,-0.14849555492401123,Q2_pred_2,2
186391,4,-0.10734319686889648,Q3_pred_3,3
386381,3,-0.22068804502487183,Q1_pred_1,1
52270,4,-0.1340474784374237,Q3_pred_3,3
203917,4,-0.19564756751060486,Q2_pred_2,2
354421,4,-0.07893262803554535,Q3_pred_3,3
25485,4,-0.061285600066185,Q4_pred_4,4
51415,3,-0.00785459578037262,Q5_pred_5,5
349509,3,-0.1634482592344284,Q2_pred_2,2
188488,3,-0.08447736501693726,Q3_pred_3,3
260388,4,-0.03224889934062958,Q4_pred_4,4
184147,4,-0.10041792690753937,Q3_pred_3,3
5789,3,0.07056795060634613,Q5_pred_5,5
8745,4,-0.1501023769378662,Q2_pred_2,2
366049,3,-0.22265514731407166,Q1_pred_1,1
280220,3,-0.0669892430305481,Q4_pred_4,4
257105,3,-0.034103941172361374,Q4_pred_4,4
191913,4,-0.054393067955970764,Q4_pred_4,4
387763,4,-0.02074301242828369,Q4_pred_4,4
368601,3,-0.0815022811293602,Q3_pred_3,3
161359,4,-0.174657940864563,Q2_pred_2,2
325027,3,-0.017646323889493942,Q4_pred_4,4
117576,2,-0.18475618958473206,Q2_pred_2,2
32575,3,-0.05368603765964508,Q4_pred_4,4
151150,3,-0.21693602204322815,Q1_pred_1,1
373676,3,0.008840739727020264,Q5_pred_5,5
69422,4,0.006762832403182983,Q5_pred_5,5
359563,4,-0.24533942341804504,Q1_pred_1,1
49474,4,-0.09587575495243073,Q3_pred_3,3
237684,3,-0.14570653438568115,Q2_pred_2,2
52191,4,0.05348576605319977,Q5_pred_5,5
95035,4,-0.04491245746612549,Q4_pred_4,4
357790,4,-0.15067893266677856,Q2_pred_2,2
38622,3,-0.31181269884109497,Q1_pred_1,1
125271,3,-0.21054144203662872,Q1_pred_1,1
345055,4,-0.11924579739570618,Q3_pred_3,3
90339,3,0.03966681659221649,Q5_pred_5,5
13015,4,-0.17016419768333435,Q2_pred_2,2
358567,5,-0.20136936008930206,Q2_pred_2,2
16432,3,-0.04255814850330353,Q4_pred_4,4
148563,5,0.07763662934303284,Q5_pred_5,5
405139,4,-0.05927830934524536,Q4_pred_4,4
146642,4,-0.10704061388969421,Q3_pred_3,3
3857,3,-0.23969468474388123,Q1_pred_1,1
466685,4,0.08345077931880951,Q5_pred_5,5
253100,3,-0.2470315396785736,Q1_pred_1,1
17546,4,-0.03753174841403961,Q4_pred_4,4
103557,4,-0.09393033385276794,Q3_pred_3,3
63737,3,-0.28548580408096313,Q1_pred_1,1
69769,3,-0.33313387632369995,Q1_pred_1,1
80803,2,-0.2703494429588318,Q1_pred_1,1
42247,5,-0.2534547448158264,Q1_pred_1,1
46686,4,0.09073951840400696,Q5_pred_5,5
386607,4,-0.19186696410179138,Q2_pred_2,2
65422,4,-0.04379040747880936,Q4_pred_4,4
215749,4,-0.1122492328286171,Q3_pred_3,3
105436,4,-0.3736610412597656,Q1_pred_1,1
115997,4,-0.11366738379001617,Q3_pred_3,3
58997,3,-0.09599635004997253,Q3_pred_3,3
69006,4,-0.09370008856058121,Q3_pred_3,3
15925,3,-0.10845710337162018,Q3_pred_3,3
116923,3,0.0880906879901886,Q5_pred_5,5
211684,4,-0.07242414355278015,Q4_pred_4,4
386306,3,-0.10355927795171738,Q3_pred_3,3
44264,3,-0.11039848625659943,Q3_pred_3,3
145043,3,-0.022849813103675842,Q4_pred_4,4
10816,3,-0.2569971978664398,Q1_pred_1,1
11938,4,-0.08955465257167816,Q3_pred_3,3
415423,4,-0.05668938159942627,Q4_pred_4,4
19161,4,-0.2649878263473511,Q1_pred_1,1
386359,4,-0.09226393699645996,Q3_pred_3,3
60770,4,-0.21148177981376648,Q1_pred_1,1
29704,4,-0.13325968384742737,Q3_pred_3,3
354902,4,-0.21972642838954926,Q1_pred_1,1
356701,5,-0.14112484455108643,Q2_pred_2,2
477072,4,-0.3515450358390808,Q1_pred_1,1
176037,4,0.023629486560821533,Q5_pred_5,5
29181,4,-0.22194398939609528,Q1_pred_1,1
333861,4,-0.08461424708366394,Q3_pred_3,3
95389,4,-0.1473044455051422,Q2_pred_2,2
44050,4,0.03137856721878052,Q5_pred_5,5
70028,4,-0.09684716910123825,Q3_pred_3,3
29244,4,-0.22789037227630615,Q1_pred_1,1
90042,3,0.05858307331800461,Q5_pred_5,5
97654,4,-0.14485326409339905,Q2_pred_2,2
63045,3,-0.18945814669132233,Q2_pred_2,2
393004,3,-0.08517614006996155,Q3_pred_3,3
86905,2,-0.0540618896484375,Q4_pred_4,4
140680,4,-0.018224000930786133,Q4_pred_4,4
150166,3,-0.11648684740066528,Q3_pred_3,3
107163,4,-0.18714627623558044,Q2_pred_2,2
125071,4,0.1964031457901001,Q5_pred_5,5
266484,3,-0.28991156816482544,Q1_pred_1,1
88837,4,-0.20520325005054474,Q1_pred_1,1
514,3,-0.043524742126464844,Q4_pred_4,4
40376,4,0.009637951850891113,Q5_pred_5,5
400113,4,-0.22780553996562958,Q1_pred_1,1
383700,4,-0.2058330923318863,Q1_pred_1,1
369051,4,-0.08807750046253204,Q3_pred_3,3
107274,4,-0.03226451575756073,Q4_pred_4,4
64965,4,0.03139019012451172,Q5_pred_5,5
110381,4,-0.03824103996157646,Q4_pred_4,4
104607,4,-0.15635628998279572,Q2_pred_2,2
126040,3,-0.13934195041656494,Q2_pred_2,2
8687,4,-0.1307578980922699,Q3_pred_3,3
423342,4,-0.14343123137950897,Q2_pred_2,2
31529,4,-0.22165462374687195,Q1_pred_1,1
3272,3,-0.25546589493751526,Q1_pred_1,1
93874,3,-0.03847378492355347,Q4_pred_4,4
359737,4,-0.1923900991678238,Q2_pred_2,2
12959,4,-0.17866021394729614,Q2_pred_2,2
50318,2,-0.13732977211475372,Q2_pred_2,2
373644,4,-0.11844512820243835,Q3_pred_3,3
93879,4,-0.014845341444015503,Q4_pred_4,4
10690,2,-0.29508325457572937,Q1_pred_1,1
92931,4,0.00831131637096405,Q5_pred_5,5
24274,4,0.030720219016075134,Q5_pred_5,5
155361,3,-0.01835368201136589,Q4_pred_4,4
61912,3,-0.01634964346885681,Q4_pred_4,4
115505,4,-0.21297411620616913,Q1_pred_1,1
76293,4,-0.043072089552879333,Q4_pred_4,4
239674,3,-0.15708965063095093,Q2_pred_2,2
87683,3,-0.13908395171165466,Q2_pred_2,2
154780,3,-0.23845653235912323,Q1_pred_1,1
112460,4,-0.09972535073757172,Q3_pred_3,3
36780,4,-0.11757896840572357,Q3_pred_3,3
249010,4,0.02140967547893524,Q5_pred_5,5
164923,4,-0.09771746397018433,Q3_pred_3,3
477087,4,-0.11502184718847275,Q3_pred_3,3
81997,4,0.08605445921421051,Q5_pred_5,5
137826,4,-0.21208199858665466,Q1_pred_1,1
422873,4,-0.12920409440994263,Q3_pred_3,3
247975,4,-0.2003679871559143,Q2_pred_2,2
40098,4,-0.10037750005722046,Q3_pred_3,3
340611,3,-0.13423720002174377,Q3_pred_3,3
239717,3,-0.17149177193641663,Q2_pred_2,2
69559,3,-0.18659071624279022,Q2_pred_2,2
115526,4,-0.19095802307128906,Q2_pred_2,2
50262,2,-0.1289115846157074,Q3_pred_3,3
16799,4,0.07343313097953796,Q5_pred_5,5
149326,4,-0.12126463651657104,Q3_pred_3,3
93925,4,-0.18729332089424133,Q2_pred_2,2
10774,3,-0.2048402726650238,Q2_pred_2,2
239292,3,-0.10528247058391571,Q3_pred_3,3
169729,4,0.07464812695980072,Q5_pred_5,5
147133,2,-0.05460631102323532,Q4_pred_4,4
331143,4,-0.07092100381851196,Q4_pred_4,4
104088,4,-0.09878475964069366,Q3_pred_3,3
31581,4,-0.022426217794418335,Q4_pred_4,4
253636,2,-0.05133745074272156,Q4_pred_4,4
86976,2,-0.1667681187391281,Q2_pred_2,2
365799,4,-0.05678427964448929,Q4_pred_4,4
74480,3,0.01716524362564087,Q5_pred_5,5
6985,4,0.08560575544834137,Q5_pred_5,5
38647,4,-0.2215360403060913,Q1_pred_1,1
36503,4,-0.26242727041244507,Q1_pred_1,1
98195,4,-0.07301371544599533,Q4_pred_4,4
133471,4,-0.24272266030311584,Q1_pred_1,1
175507,3,-0.1850126087665558,Q2_pred_2,2
433985,4,-0.14979758858680725,Q2_pred_2,2
143703,4,-0.0428088903427124,Q4_pred_4,4
54773,3,-0.12775243818759918,Q3_pred_3,3
16203,4,-0.22523042559623718,Q1_pred_1,1
30626,4,-0.07211479544639587,Q4_pred_4,4
315922,2,-0.18146924674510956,Q2_pred_2,2
22967,4,-0.03977814316749573,Q4_pred_4,4
112741,4,-0.054152533411979675,Q4_pred_4,4
105917,4,-0.3854030966758728,Q1_pred_1,1
353923,4,0.002421170473098755,Q5_pred_5,5
323559,4,-0.08850598335266113,Q3_pred_3,3
2994,4,0.023923933506011963,Q5_pred_5,5
192245,4,-0.12078259885311127,Q3_pred_3,3
332317,4,-0.004818171262741089,Q5_pred_5,5
418751,4,-0.004965122789144516,Q5_pred_5,5
36852,4,-0.0829775482416153,Q3_pred_3,3
58966,3,-0.12828457355499268,Q3_pred_3,3
45078,5,-0.10498985648155212,Q3_pred_3,3
219021,4,0.0674227774143219,Q5_pred_5,5
105277,4,-0.06326565146446228,Q4_pred_4,4
28938,4,-0.26468491554260254,Q1_pred_1,1
23496,4,-0.10252172499895096,Q3_pred_3,3
68662,4,0.03581768274307251,Q5_pred_5,5
201025,4,-0.07764574140310287,Q3_pred_3,3
179672,4,-0.1609114408493042,Q2_pred_2,2
211872,4,-0.26124662160873413,Q1_pred_1,1
102244,4,0.14263148605823517,Q5_pred_5,5
245064,3,-0.018114551901817322,Q4_pred_4,4
95030,4,-0.20970220863819122,Q1_pred_1,1
48076,4,-0.22195260226726532,Q1_pred_1,1
230124,3,-0.08513691276311874,Q3_pred_3,3
160533,4,-0.2655087113380432,Q1_pred_1,1
336370,4,-0.1733967363834381,Q2_pred_2,2
23651,4,-0.044223517179489136,Q4_pred_4,4
431203,4,-0.030494332313537598,Q4_pred_4,4
32396,3,-0.23602920770645142,Q1_pred_1,1
4157,4,-0.10937272757291794,Q3_pred_3,3
418989,4,-0.29496923089027405,Q1_pred_1,1
247899,4,-0.2600060701370239,Q1_pred_1,1
389987,4,-0.04793849587440491,Q4_pred_4,4
91575,3,-0.12882742285728455,Q3_pred_3,3
128740,3,-0.14851844310760498,Q2_pred_2,2
156526,3,-0.23968227207660675,Q1_pred_1,1
246674,4,0.01135493814945221,Q5_pred_5,5
447425,4,-0.012832194566726685,Q4_pred_4,4
92993,2,-0.3215079605579376,Q1_pred_1,1
20459,4,-0.14833366870880127,Q2_pred_2,2
328718,2,-0.013527005910873413,Q4_pred_4,4
77743,4,-0.04282894730567932,Q4_pred_4,4
200407,4,0.04912519454956055,Q5_pred_5,5
209027,3,-0.016043290495872498,Q4_pred_4,4
399494,4,-0.13761663436889648,Q2_pred_2,2
388286,4,-0.07429960370063782,Q4_pred_4,4
109911,4,-0.18479225039482117,Q2_pred_2,2
409150,4,-0.19742408394813538,Q2_pred_2,2
1475,4,0.13110344111919403,Q5_pred_5,5
98941,4,0.002746090292930603,Q5_pred_5,5
155214,3,-0.3177728056907654,Q1_pred_1,1
272335,4,-0.2760010361671448,Q1_pred_1,1
246932,4,-0.40924689173698425,Q1_pred_1,1
242981,4,0.10576567053794861,Q5_pred_5,5
216376,3,-0.1287049651145935,Q3_pred_3,3
92019,3,-0.10026600956916809,Q3_pred_3,3
135639,4,-0.25829756259918213,Q1_pred_1,1
137738,3,-0.07632539421319962,Q4_pred_4,4
23461,3,-0.10589542984962463,Q3_pred_3,3
165225,4,-0.09956309199333191,Q3_pred_3,3
50288,4,-0.2566511631011963,Q1_pred_1,1
17603,3,-0.11230611801147461,Q3_pred_3,3
18710,4,0.07579341530799866,Q5_pred_5,5
144771,5,-0.07145722955465317,Q4_pred_4,4
52190,3,-0.032800495624542236,Q4_pred_4,4
121203,4,-0.011364251375198364,Q4_pred_4,4
248915,3,-0.054997190833091736,Q4_pred_4,4
333441,3,0.08016069233417511,Q5_pred_5,5
150968,4,-0.07058631628751755,Q4_pred_4,4
148915,4,-0.21056804060935974,Q1_pred_1,1
143467,4,-0.04063038527965546,Q4_pred_4,4
51315,3,-0.27842387557029724,Q1_pred_1,1
241552,4,0.03863948583602905,Q5_pred_5,5
259582,3,-0.1989712417125702,Q2_pred_2,2
18368,2,-0.45161908864974976,Q1_pred_1,1
332302,3,-0.06272576749324799,Q4_pred_4,4
137683,4,-0.13156962394714355,Q3_pred_3,3
142624,3,-0.08520759642124176,Q3_pred_3,3
120695,4,-0.11482207477092743,Q3_pred_3,3
94684,4,-0.05277112126350403,Q4_pred_4,4
198463,4,-0.05310395359992981,Q4_pred_4,4
391691,4,-0.07175910472869873,Q4_pred_4,4
98317,4,-0.03377125412225723,Q4_pred_4,4
166963,3,-0.10243005305528641,Q3_pred_3,3
66592,4,0.03282609581947327,Q5_pred_5,5
155925,4,-0.14264969527721405,Q2_pred_2,2
178219,4,-0.045895881950855255,Q4_pred_4,4
177240,4,-0.07736921310424805,Q3_pred_3,3
210652,4,0.014938689768314362,Q5_pred_5,5
90621,4,-0.24402925372123718,Q1_pred_1,1
58268,4,-0.09643207490444183,Q3_pred_3,3
61763,4,0.049645282328128815,Q5_pred_5,5
127234,4,-0.218733012676239,Q1_pred_1,1
60806,4,-0.17376065254211426,Q2_pred_2,2
374934,4,-0.1956639438867569,Q2_pred_2,2
40387,4,0.003313004970550537,Q5_pred_5,5
111395,4,-0.0021341145038604736,Q5_pred_5,5
113623,3,-0.01478131115436554,Q4_pred_4,4
189402,4,-0.02537238597869873,Q4_pred_4,4
148940,3,-0.17499855160713196,Q2_pred_2,2
164929,3,-0.16379928588867188,Q2_pred_2,2
357333,4,-0.10634006559848785,Q3_pred_3,3
71808,4,-0.01228456199169159,Q4_pred_4,4
367823,3,-0.11326046288013458,Q3_pred_3,3
15226,4,-0.08228638023138046,Q3_pred_3,3
15921,4,-0.1143757700920105,Q3_pred_3,3
78924,4,-0.004132404923439026,Q5_pred_5,5
324645,4,-0.03707066550850868,Q4_pred_4,4
10894,3,-0.28584542870521545,Q1_pred_1,1
85755,4,-0.17522582411766052,Q2_pred_2,2
20192,4,-0.002649754285812378,Q5_pred_5,5
351168,4,-0.26115328073501587,Q1_pred_1,1
268143,4,-0.13959583640098572,Q2_pred_2,2
174135,4,-0.08440051972866058,Q3_pred_3,3
10568,3,-0.23139971494674683,Q1_pred_1,1
90422,3,-0.15430261194705963,Q2_pred_2,2
167180,4,-0.03079897165298462,Q4_pred_4,4
247605,4,-0.18576279282569885,Q2_pred_2,2
42363,3,0.07777997851371765,Q5_pred_5,5
195343,3,-0.2834225594997406,Q1_pred_1,1
91073,4,-0.18267758190631866,Q2_pred_2,2
73006,3,0.03158074617385864,Q5_pred_5,5
256438,4,-0.1467357873916626,Q2_pred_2,2
119876,4,-0.07721744477748871,Q3_pred_3,3
46295,4,0.0010028630495071411,Q5_pred_5,5
22758,3,-0.09403133392333984,Q3_pred_3,3
20478,3,0.0013717561960220337,Q5_pred_5,5
22775,4,-0.13683298230171204,Q2_pred_2,2
22181,4,-0.09110184013843536,Q3_pred_3,3
193817,3,-0.1568865180015564,Q2_pred_2,2
137081,3,-0.19681167602539062,Q2_pred_2,2
339643,3,-0.1188606396317482,Q3_pred_3,3
25687,3,-0.0034913159906864166,Q5_pred_5,5
416507,3,-0.06340044736862183,Q4_pred_4,4
151550,3,-0.06990747153759003,Q4_pred_4,4
424128,3,-0.09733293950557709,Q3_pred_3,3
37347,4,0.10493427515029907,Q5_pred_5,5
42344,3,0.08469521999359131,Q5_pred_5,5
232626,4,-0.12374508380889893,Q3_pred_3,3
373901,4,-0.26343101263046265,Q1_pred_1,1
104231,4,-0.10454912483692169,Q3_pred_3,3
116390,4,-0.15204942226409912,Q2_pred_2,2
61871,4,-0.010007530450820923,Q4_pred_4,4
14029,4,-0.19212864339351654,Q2_pred_2,2
105433,4,-0.3716423511505127,Q1_pred_1,1
13205,3,-0.1870914250612259,Q2_pred_2,2
133747,4,-0.17335210740566254,Q2_pred_2,2
137819,4,-0.04875168204307556,Q4_pred_4,4
116358,3,-0.23457317054271698,Q1_pred_1,1
268257,3,-0.06250461935997009,Q4_pred_4,4
133497,2,0.1234227865934372,Q5_pred_5,5
235654,4,-0.16501013934612274,Q2_pred_2,2
105626,4,-0.3763599097728729,Q1_pred_1,1
278896,4,0.05107073485851288,Q5_pred_5,5
347816,4,0.2645035684108734,Q5_pred_5,5
168483,4,-0.13464577496051788,Q2_pred_2,2
85821,4,-0.08282056450843811,Q3_pred_3,3
137945,4,0.15786437690258026,Q5_pred_5,5
339613,4,-0.04695955663919449,Q4_pred_4,4
29916,4,-0.13297969102859497,Q3_pred_3,3
67331,4,0.02818286418914795,Q5_pred_5,5
199235,3,0.0787881389260292,Q5_pred_5,5
76554,3,-0.09584943950176239,Q3_pred_3,3
345399,4,-0.13123641908168793,Q3_pred_3,3
352609,2,0.02783617377281189,Q5_pred_5,5
397317,4,-0.0026504993438720703,Q5_pred_5,5
355969,4,-0.2523697018623352,Q1_pred_1,1
275071,3,-0.44557592272758484,Q1_pred_1,1
386271,4,-0.20969456434249878,Q1_pred_1,1
10609,3,-0.21992787718772888,Q1_pred_1,1
67650,4,0.0021716728806495667,Q5_pred_5,5
78590,3,-0.2564428448677063,Q1_pred_1,1
78642,3,-0.2541923522949219,Q1_pred_1,1
11022,2,-0.3595075309276581,Q1_pred_1,1
185561,4,-0.03565135598182678,Q4_pred_4,4
111403,3,0.14789073169231415,Q5_pred_5,5
239760,3,-0.15303292870521545,Q2_pred_2,2
12873,4,-0.14086903631687164,Q2_pred_2,2
36069,4,-0.0495491623878479,Q4_pred_4,4
81278,4,-0.18302178382873535,Q2_pred_2,2
117803,4,-0.07072369754314423,Q4_pred_4,4
333247,4,0.1751609891653061,Q5_pred_5,5
395863,4,-0.06360606849193573,Q4_pred_4,4
382836,4,0.06645537912845612,Q5_pred_5,5
2520,4,-0.2020515501499176,Q2_pred_2,2
38104,4,-0.166935533285141,Q2_pred_2,2
368470,4,0.08212575316429138,Q5_pred_5,5
90358,3,-0.10059057176113129,Q3_pred_3,3
34688,3,-0.0859043151140213,Q3_pred_3,3
4754,3,-0.2867487668991089,Q1_pred_1,1
419212,4,0.03938029706478119,Q5_pred_5,5
236525,4,0.13189564645290375,Q5_pred_5,5
102092,4,-0.016629129648208618,Q4_pred_4,4
144510,3,-0.2047630101442337,Q2_pred_2,2
148461,4,-0.13574595749378204,Q2_pred_2,2
30043,4,-0.2203592211008072,Q1_pred_1,1
24651,4,-0.13717468082904816,Q2_pred_2,2
106784,3,-0.26209571957588196,Q1_pred_1,1
375728,4,0.04719126224517822,Q5_pred_5,5
1925,4,-0.08315514028072357,Q3_pred_3,3
382950,4,0.056965626776218414,Q5_pred_5,5
393359,4,-0.2130448967218399,Q1_pred_1,1
174368,4,-0.11481571197509766,Q3_pred_3,3
126167,3,-0.2849218249320984,Q1_pred_1,1
29361,4,-0.2906055450439453,Q1_pred_1,1
257862,3,0.035674139857292175,Q5_pred_5,5
138937,4,-0.1500641256570816,Q2_pred_2,2
60695,4,-0.011763840913772583,Q4_pred_4,4
69381,4,-0.001665554940700531,Q5_pred_5,5
354371,4,-0.08821907639503479,Q3_pred_3,3
173725,4,-0.3220599591732025,Q1_pred_1,1
77345,4,-0.043491020798683167,Q4_pred_4,4
28851,4,-0.28340479731559753,Q1_pred_1,1
252376,4,0.009814545512199402,Q5_pred_5,5
418758,4,-0.05156958848237991,Q4_pred_4,4
432875,4,-0.12314319610595703,Q3_pred_3,3
49096,4,-0.03391110897064209,Q4_pred_4,4
128938,1,-0.05336087942123413,Q4_pred_4,4
107209,4,-0.09239462018013,Q3_pred_3,3
160012,4,-0.23289388418197632,Q1_pred_1,1
379099,4,-0.16363880038261414,Q2_pred_2,2
119907,4,-0.24511849880218506,Q1_pred_1,1
81297,4,-0.18387800455093384,Q2_pred_2,2
332498,4,-0.0668199360370636,Q4_pred_4,4
137424,4,-0.11679064482450485,Q3_pred_3,3
121037,4,-0.20404505729675293,Q2_pred_2,2
127370,4,-0.19658857583999634,Q2_pred_2,2
41425,4,-0.10738654434680939,Q3_pred_3,3
259611,4,-0.11884058266878128,Q3_pred_3,3
477022,4,-0.20439518988132477,Q2_pred_2,2
81382,4,-0.22457419335842133,Q1_pred_1,1
352716,4,0.025594979524612427,Q5_pred_5,5
56933,3,0.15224093198776245,Q5_pred_5,5
196060,4,-0.08217547833919525,Q3_pred_3,3
147543,3,-0.2964492440223694,Q1_pred_1,1
326243,4,-0.15642479062080383,Q2_pred_2,2
328857,3,0.04171581566333771,Q5_pred_5,5
97069,4,0.045366570353507996,Q5_pred_5,5
44276,4,0.048981085419654846,Q5_pred_5,5
170448,4,-0.1307309865951538,Q3_pred_3,3
216915,4,-0.10534796118736267,Q3_pred_3,3
104110,4,-0.33080124855041504,Q1_pred_1,1
169581,3,-0.16525493562221527,Q2_pred_2,2
116892,3,-0.11168848723173141,Q3_pred_3,3
169678,3,0.09669169783592224,Q5_pred_5,5
154692,4,-0.15356937050819397,Q2_pred_2,2
357740,4,-0.18784025311470032,Q2_pred_2,2
198056,4,-0.18804609775543213,Q2_pred_2,2
237698,4,-0.03576529771089554,Q4_pred_4,4
160532,4,-0.3659900724887848,Q1_pred_1,1
167619,4,0.12042742967605591,Q5_pred_5,5
111086,4,0.02241581678390503,Q5_pred_5,5
173691,4,-0.056289613246917725,Q4_pred_4,4
150268,4,0.04701158404350281,Q5_pred_5,5
381476,4,-0.16691702604293823,Q2_pred_2,2
57910,3,0.04978048801422119,Q5_pred_5,5
74882,3,-0.1855592578649521,Q2_pred_2,2
107735,4,-0.10810363292694092,Q3_pred_3,3
429052,3,-0.10704940557479858,Q3_pred_3,3
36398,4,-0.09235550463199615,Q3_pred_3,3
27386,4,-0.336084246635437,Q1_pred_1,1
277608,4,0.1058400571346283,Q5_pred_5,5
146277,4,0.1226588785648346,Q5_pred_5,5
125372,4,-0.17690271139144897,Q2_pred_2,2
30136,4,-0.24003610014915466,Q1_pred_1,1
373720,3,0.07156556844711304,Q5_pred_5,5
222303,3,-0.1511143445968628,Q2_pred_2,2
142885,5,-0.038553670048713684,Q4_pred_4,4
336784,4,-0.07382842898368835,Q4_pred_4,4
118996,4,-0.1511642038822174,Q2_pred_2,2
390166,3,-0.24291029572486877,Q1_pred_1,1
182571,4,-0.1007266640663147,Q3_pred_3,3
61181,3,-0.253765344619751,Q1_pred_1,1
86584,2,-0.09035888314247131,Q3_pred_3,3
51247,2,-0.1418912410736084,Q2_pred_2,2
17942,3,-0.010301604866981506,Q4_pred_4,4
143960,4,0.09390033781528473,Q5_pred_5,5
352740,4,-0.27461978793144226,Q1_pred_1,1
114068,3,-0.2725568115711212,Q1_pred_1,1
1017,3,-0.13999509811401367,Q2_pred_2,2
170545,2,-0.187057226896286,Q2_pred_2,2
44702,4,-0.08045127987861633,Q3_pred_3,3
210671,4,0.015471875667572021,Q5_pred_5,5
28758,3,-0.2593819499015808,Q1_pred_1,1
214006,4,-0.06848962604999542,Q4_pred_4,4
46275,3,-0.06399881839752197,Q4_pred_4,4
207935,3,-0.0400557667016983,Q4_pred_4,4
105966,4,-0.3644620180130005,Q1_pred_1,1
122498,4,0.10210342705249786,Q5_pred_5,5
341404,4,-0.24641335010528564,Q1_pred_1,1
64190,2,-0.19263511896133423,Q2_pred_2,2
102936,4,-0.07419273257255554,Q4_pred_4,4
146553,4,-0.11502134799957275,Q3_pred_3,3
169094,3,-0.308501660823822,Q1_pred_1,1
114444,4,0.04992005228996277,Q5_pred_5,5
155132,4,-0.4078442454338074,Q1_pred_1,1
355985,4,-0.35809439420700073,Q1_pred_1,1
148557,4,0.08137822151184082,Q5_pred_5,5
354516,4,-0.04791489243507385,Q4_pred_4,4
234092,4,-0.05810201168060303,Q4_pred_4,4
188172,3,-0.2572537064552307,Q1_pred_1,1
330884,3,-0.09460627287626266,Q3_pred_3,3
10813,2,-0.26049256324768066,Q1_pred_1,1
7203,4,0.036812782287597656,Q5_pred_5,5
413382,4,0.019197314977645874,Q5_pred_5,5
359859,3,-0.12003065645694733,Q3_pred_3,3
136952,4,-0.15050989389419556,Q2_pred_2,2
346869,4,-0.006452322006225586,Q5_pred_5,5
78745,3,-0.3073285222053528,Q1_pred_1,1
177468,3,-0.11033980548381805,Q3_pred_3,3
126542,4,-0.1642327457666397,Q2_pred_2,2
30133,3,-0.13289234042167664,Q3_pred_3,3
15902,4,-0.06251228600740433,Q4_pred_4,4
89925,3,-0.15281027555465698,Q2_pred_2,2
91135,4,-0.0854128897190094,Q3_pred_3,3
236464,2,0.14396125078201294,Q5_pred_5,5
35703,4,0.11889186501502991,Q5_pred_5,5
353036,3,-0.22469167411327362,Q1_pred_1,1
26501,3,-0.26790541410446167,Q1_pred_1,1
351162,3,-0.1838448941707611,Q2_pred_2,2
327116,4,-0.14884263277053833,Q2_pred_2,2
14983,4,-0.13984930515289307,Q2_pred_2,2
254617,4,-0.07221518456935883,Q4_pred_4,4
247634,4,-0.19335928559303284,Q2_pred_2,2
411737,4,-0.2636338770389557,Q1_pred_1,1
149254,2,-0.39540427923202515,Q1_pred_1,1
61859,3,-0.01306256651878357,Q4_pred_4,4
358690,4,-0.11989490687847137,Q3_pred_3,3
186416,3,-0.09620273858308792,Q3_pred_3,3
354187,4,-0.3039872646331787,Q1_pred_1,1
413657,4,-0.23052653670310974,Q1_pred_1,1
111248,3,-0.241975337266922,Q1_pred_1,1
72269,4,-0.15780438482761383,Q2_pred_2,2
220601,4,-0.034716010093688965,Q4_pred_4,4
237791,4,0.06567874550819397,Q5_pred_5,5
152997,4,-0.08790426701307297,Q3_pred_3,3
343169,3,-0.3432062864303589,Q1_pred_1,1
199113,4,0.013437122106552124,Q5_pred_5,5
58406,4,-0.1450711190700531,Q2_pred_2,2
361167,4,-0.026601240038871765,Q4_pred_4,4
236531,4,0.22799910604953766,Q5_pred_5,5
59586,3,-0.2266712188720703,Q1_pred_1,1
381959,4,-0.30039042234420776,Q1_pred_1,1
92955,4,-0.037950143218040466,Q4_pred_4,4
149942,4,-0.2740931510925293,Q1_pred_1,1
40143,3,0.007984459400177002,Q5_pred_5,5
29606,3,-0.22927767038345337,Q1_pred_1,1
92952,4,-0.05906197428703308,Q4_pred_4,4
343934,4,-0.14304997026920319,Q2_pred_2,2
113128,4,-0.0023579560220241547,Q5_pred_5,5
418905,4,-0.18315915763378143,Q2_pred_2,2
44279,3,-0.3575544059276581,Q1_pred_1,1
77684,4,0.012052733451128006,Q5_pred_5,5
335930,4,-0.20469851791858673,Q2_pred_2,2
176589,4,0.3314715623855591,Q5_pred_5,5
79507,4,-0.2014208734035492,Q2_pred_2,2
17732,3,-0.2728552222251892,Q1_pred_1,1
5803,3,0.07598049938678741,Q5_pred_5,5
134989,3,-0.11811009794473648,Q3_pred_3,3
276217,4,-0.15804649889469147,Q2_pred_2,2
247069,4,-0.12497930228710175,Q3_pred_3,3
31483,4,0.10915492475032806,Q5_pred_5,5
126571,4,-0.28770941495895386,Q1_pred_1,1
120386,3,-0.11162824183702469,Q3_pred_3,3
112337,3,-0.09533938765525818,Q3_pred_3,3
146945,4,-0.09521685540676117,Q3_pred_3,3
68153,4,-0.2366730272769928,Q1_pred_1,1
144133,4,-0.08749735355377197,Q3_pred_3,3
145657,2,-0.18041175603866577,Q2_pred_2,2
40248,4,0.09695911407470703,Q5_pred_5,5
145215,4,-0.014395922422409058,Q4_pred_4,4
19013,3,-0.2022952288389206,Q2_pred_2,2
393456,4,-0.1952638328075409,Q2_pred_2,2
382879,4,0.0520821176469326,Q5_pred_5,5
137908,4,0.13751208782196045,Q5_pred_5,5
184636,4,-0.02448171377182007,Q4_pred_4,4
333360,4,-0.2901059687137604,Q1_pred_1,1
33295,3,-0.20413391292095184,Q2_pred_2,2
356970,3,-0.2519066631793976,Q1_pred_1,1
422137,3,-0.12031127512454987,Q3_pred_3,3
29385,4,-0.3094516396522522,Q1_pred_1,1
236622,4,0.1141977459192276,Q5_pred_5,5
111078,4,-0.0725526511669159,Q4_pred_4,4
107739,4,-0.11417773365974426,Q3_pred_3,3
175664,4,-0.00992920994758606,Q4_pred_4,4
92964,4,-0.07026061415672302,Q4_pred_4,4
2528,4,0.0498729944229126,Q5_pred_5,5
386774,4,-0.188045471906662,Q2_pred_2,2
87939,4,-0.019502028822898865,Q4_pred_4,4
340897,3,-0.22928449511528015,Q1_pred_1,1
119344,4,-0.22158017754554749,Q1_pred_1,1
36321,4,-0.3779958486557007,Q1_pred_1,1
11468,3,-0.21872307360172272,Q1_pred_1,1
160981,3,-0.11712516844272614,Q3_pred_3,3
48073,3,-0.2142947018146515,Q1_pred_1,1
239516,3,-0.11602748930454254,Q3_pred_3,3
182878,3,-0.07299700379371643,Q4_pred_4,4
2974,4,0.05189787968993187,Q5_pred_5,5
429064,4,-0.11591789126396179,Q3_pred_3,3
61783,4,0.035838596522808075,Q5_pred_5,5
56938,4,0.04624345898628235,Q5_pred_5,5
47049,4,-0.14260852336883545,Q2_pred_2,2
325416,4,-0.13878515362739563,Q2_pred_2,2
374887,4,-0.21219734847545624,Q1_pred_1,1
262974,4,-0.00486426055431366,Q5_pred_5,5
103253,3,-0.054989248514175415,Q4_pred_4,4
112632,4,0.052895061671733856,Q5_pred_5,5
37164,4,-0.18252146244049072,Q2_pred_2,2
240856,4,-0.04190056771039963,Q4_pred_4,4
31973,4,-0.2747593820095062,Q1_pred_1,1
494131,4,-0.059555500745773315,Q4_pred_4,4
102011,4,-0.018115848302841187,Q4_pred_4,4
148933,4,0.05055510252714157,Q5_pred_5,5
133655,2,0.03979349136352539,Q5_pred_5,5
162935,3,-0.12690050899982452,Q3_pred_3,3
96536,4,-0.05880245566368103,Q4_pred_4,4
115826,4,-0.17148494720458984,Q2_pred_2,2
128827,4,0.02496427297592163,Q5_pred_5,5
141188,4,-0.042007237672805786,Q4_pred_4,4
59577,3,-0.1392250508069992,Q2_pred_2,2
106450,4,0.1163160502910614,Q5_pred_5,5
102993,3,-0.12365075945854187,Q3_pred_3,3
80782,3,-0.06147809326648712,Q4_pred_4,4
366246,3,-0.13804486393928528,Q2_pred_2,2
72465,4,0.11015620827674866,Q5_pred_5,5
137697,3,-0.08372054249048233,Q3_pred_3,3
245550,4,-0.07883813977241516,Q3_pred_3,3
79356,3,-0.2602599859237671,Q1_pred_1,1
40258,3,0.07550588995218277,Q5_pred_5,5
138202,3,0.15585888922214508,Q5_pred_5,5
94210,3,-0.12761683762073517,Q3_pred_3,3
78749,3,-0.2743099629878998,Q1_pred_1,1
386283,3,-0.11930818855762482,Q3_pred_3,3
67829,4,-0.024417296051979065,Q4_pred_4,4
140031,3,-0.09187779575586319,Q3_pred_3,3
58650,4,-0.2001005858182907,Q2_pred_2,2
61741,4,0.019437797367572784,Q5_pred_5,5
247747,4,-0.18947702646255493,Q2_pred_2,2
56416,4,-0.3321731388568878,Q1_pred_1,1
44535,4,0.11072887480258942,Q5_pred_5,5
15562,3,-0.016770124435424805,Q4_pred_4,4
354341,4,-0.3546488881111145,Q1_pred_1,1
354512,4,-0.08408266305923462,Q3_pred_3,3
28541,4,-0.19233064353466034,Q2_pred_2,2
358003,4,-0.3992854654788971,Q1_pred_1,1
20455,4,-0.08895514905452728,Q3_pred_3,3
97632,4,-0.06381845474243164,Q4_pred_4,4
153795,4,-0.2433937042951584,Q1_pred_1,1
41666,4,0.08034083247184753,Q5_pred_5,5
145575,4,-0.02337011694908142,Q4_pred_4,4
153725,4,-0.2516588568687439,Q1_pred_1,1
170262,2,0.038825035095214844,Q5_pred_5,5
357086,4,-0.24304112792015076,Q1_pred_1,1
268268,4,-0.13045990467071533,Q3_pred_3,3
71173,3,-0.14999571442604065,Q2_pred_2,2
324485,3,-0.023974359035491943,Q4_pred_4,4
40467,4,0.020550817251205444,Q5_pred_5,5
377982,4,-0.032777898013591766,Q4_pred_4,4
67833,4,-0.023025155067443848,Q4_pred_4,4
19200,4,-0.2090511918067932,Q1_pred_1,1
181188,4,-0.1515241265296936,Q2_pred_2,2
105475,4,-0.3766688108444214,Q1_pred_1,1
92889,4,-0.27572983503341675,Q1_pred_1,1
4166,3,-0.08451531827449799,Q3_pred_3,3
120671,3,0.2785458564758301,Q5_pred_5,5
111212,3,-0.2206169068813324,Q1_pred_1,1
355218,4,-0.12127439677715302,Q3_pred_3,3
84083,4,-0.172087162733078,Q2_pred_2,2
173808,3,-0.2904317378997803,Q1_pred_1,1
424116,3,-0.09464922547340393,Q3_pred_3,3
173601,4,-0.032723382115364075,Q4_pred_4,4
179661,3,-0.09446708112955093,Q3_pred_3,3
369220,4,-0.12038248777389526,Q3_pred_3,3
3418,4,0.01767832040786743,Q5_pred_5,5
267937,4,-0.11781959235668182,Q3_pred_3,3
278107,4,-0.09782934933900833,Q3_pred_3,3
91981,4,-0.2616284191608429,Q1_pred_1,1
56520,3,-0.1491229385137558,Q2_pred_2,2
41515,4,-0.0989365428686142,Q3_pred_3,3
1370,4,-0.30996832251548767,Q1_pred_1,1
367052,4,-0.1367621272802353,Q2_pred_2,2
427559,4,-0.07452425360679626,Q4_pred_4,4
355290,4,-0.10015032440423965,Q3_pred_3,3
102849,4,0.025176003575325012,Q5_pred_5,5
137582,4,-0.09167566895484924,Q3_pred_3,3
261512,4,-0.08714213222265244,Q3_pred_3,3
270405,4,-0.35721489787101746,Q1_pred_1,1
150380,4,-0.23225586116313934,Q1_pred_1,1
34667,4,-0.030486643314361572,Q4_pred_4,4
367533,3,0.049913227558135986,Q5_pred_5,5
86415,4,-0.05250805616378784,Q4_pred_4,4
45950,4,0.04786818474531174,Q5_pred_5,5
153755,4,-0.3242041766643524,Q1_pred_1,1
386033,4,0.04023712873458862,Q5_pred_5,5
86352,3,-0.08350339531898499,Q3_pred_3,3
18450,3,0.008334547281265259,Q5_pred_5,5
407943,4,-0.031859610229730606,Q4_pred_4,4
348887,3,-0.05007375776767731,Q4_pred_4,4
164877,4,-0.1653040200471878,Q2_pred_2,2
19059,4,-0.025130759924650192,Q4_pred_4,4
74380,4,0.13844241201877594,Q5_pred_5,5
126055,4,-0.11834476888179779,Q3_pred_3,3
119809,3,0.07431143522262573,Q5_pred_5,5
386287,4,-0.1742640733718872,Q2_pred_2,2
183934,3,-0.06190786510705948,Q4_pred_4,4
177256,4,-0.22691427171230316,Q1_pred_1,1
232837,4,-0.03746062517166138,Q4_pred_4,4
199731,4,-0.10451392829418182,Q3_pred_3,3
259681,4,-0.10867013037204742,Q3_pred_3,3
101857,4,-0.01939934492111206,Q4_pred_4,4
333277,4,-0.15054796636104584,Q2_pred_2,2
232861,4,-0.09381313621997833,Q3_pred_3,3
198965,4,0.021409034729003906,Q5_pred_5,5
24126,4,0.018813669681549072,Q5_pred_5,5
47372,4,-0.09265504777431488,Q3_pred_3,3
127444,3,-0.2727755606174469,Q1_pred_1,1
10099,2,-0.14428506791591644,Q2_pred_2,2
362197,4,-0.13682854175567627,Q2_pred_2,2
107213,3,0.11214327812194824,Q5_pred_5,5
29187,4,-0.24743801355361938,Q1_pred_1,1
159695,3,-0.013978943228721619,Q4_pred_4,4
82048,4,-0.2070152461528778,Q1_pred_1,1
124697,3,0.16147446632385254,Q5_pred_5,5
364484,4,-0.17790687084197998,Q2_pred_2,2
247268,4,-0.0703892856836319,Q4_pred_4,4
143293,4,-0.1990790069103241,Q2_pred_2,2
146625,4,-0.09320282936096191,Q3_pred_3,3
22329,3,-0.08200457692146301,Q3_pred_3,3
76285,4,-0.10385768115520477,Q3_pred_3,3
154076,4,-0.178669273853302,Q2_pred_2,2
49850,4,-0.02703756093978882,Q4_pred_4,4
97623,4,-0.1184643805027008,Q3_pred_3,3
53871,4,-0.28438282012939453,Q1_pred_1,1
190627,4,-0.16111984848976135,Q2_pred_2,2
142876,4,-0.031174153089523315,Q4_pred_4,4
14047,4,-0.13560059666633606,Q2_pred_2,2
113512,3,-0.19686628878116608,Q2_pred_2,2
355233,4,-0.1722538322210312,Q2_pred_2,2
353317,3,0.056012481451034546,Q5_pred_5,5
86394,4,-0.029000774025917053,Q4_pred_4,4
27991,4,-0.385888010263443,Q1_pred_1,1
275154,4,0.004445821046829224,Q5_pred_5,5
5694,4,0.02008599042892456,Q5_pred_5,5
29275,4,-0.3041665256023407,Q1_pred_1,1
375717,4,0.03190651535987854,Q5_pred_5,5
361551,3,-0.11019745469093323,Q3_pred_3,3
255223,4,0.08983492851257324,Q5_pred_5,5
51445,4,-0.15243792533874512,Q2_pred_2,2
82814,3,-0.27342361211776733,Q1_pred_1,1
21336,4,-0.0876970887184143,Q3_pred_3,3
352374,4,-0.14367155730724335,Q2_pred_2,2
123293,4,-0.1061895340681076,Q3_pred_3,3
270367,4,-0.0017751306295394897,Q5_pred_5,5
417936,3,-0.049436599016189575,Q4_pred_4,4
267984,3,-0.240792378783226,Q1_pred_1,1
277721,4,-0.1677725613117218,Q2_pred_2,2
194578,4,-0.022209197282791138,Q4_pred_4,4
55113,3,-0.057889990508556366,Q4_pred_4,4
189743,4,0.08652977645397186,Q5_pred_5,5
374907,4,-0.20952820777893066,Q1_pred_1,1
93964,4,-0.01676732301712036,Q4_pred_4,4
90179,4,-0.3309391140937805,Q1_pred_1,1
246699,4,-0.018713414669036865,Q4_pred_4,4
196066,4,-0.08107919245958328,Q3_pred_3,3
12871,4,-0.16284005343914032,Q2_pred_2,2
212392,3,-0.09162231534719467,Q3_pred_3,3
142875,4,-0.02819596230983734,Q4_pred_4,4
76904,4,-0.25455960631370544,Q1_pred_1,1
69870,4,-0.19731475412845612,Q2_pred_2,2
22953,4,-0.13327333331108093,Q3_pred_3,3
203755,4,0.04018506407737732,Q5_pred_5,5
26657,4,-0.010348264127969742,Q4_pred_4,4
142612,4,-0.08095932006835938,Q3_pred_3,3
14067,3,-0.10973501205444336,Q3_pred_3,3
11952,4,-0.15723459422588348,Q2_pred_2,2
67425,4,-0.2176295667886734,Q1_pred_1,1
35213,4,-0.08083143085241318,Q3_pred_3,3
491273,4,-0.4103618860244751,Q1_pred_1,1
17931,4,0.015740767121315002,Q5_pred_5,5
173607,4,-0.02814190275967121,Q4_pred_4,4
108590,4,-0.18840162456035614,Q2_pred_2,2
98948,4,-0.07604362070560455,Q4_pred_4,4
381494,4,-0.1549770087003708,Q2_pred_2,2
99233,4,-0.05941639840602875,Q4_pred_4,4
2453,4,-0.23628146946430206,Q1_pred_1,1
444,4,-0.18202084302902222,Q2_pred_2,2
73514,4,-0.009893760085105896,Q4_pred_4,4
152728,4,-0.18948189914226532,Q2_pred_2,2
80502,4,-0.11108233034610748,Q3_pred_3,3
180661,4,-0.13676206767559052,Q2_pred_2,2
154100,4,-0.14335575699806213,Q2_pred_2,2
96769,4,-0.25264185667037964,Q1_pred_1,1
71241,3,-0.11305607855319977,Q3_pred_3,3
352638,4,-0.14068323373794556,Q2_pred_2,2
148877,4,-0.13048216700553894,Q3_pred_3,3
184673,4,-0.0725172758102417,Q4_pred_4,4
29619,4,-0.10942830890417099,Q3_pred_3,3
81246,4,-0.1098002940416336,Q3_pred_3,3
5315,4,-0.05635630339384079,Q4_pred_4,4
28439,4,0.08171665668487549,Q5_pred_5,5
92135,4,-0.10203029215335846,Q3_pred_3,3
41357,3,-0.16971147060394287,Q2_pred_2,2
69426,2,-0.09508253633975983,Q3_pred_3,3
45638,4,0.12475387752056122,Q5_pred_5,5
128840,4,0.0356164276599884,Q5_pred_5,5
331428,4,-0.20950061082839966,Q1_pred_1,1
136656,4,0.05852601304650307,Q5_pred_5,5
35539,4,-0.021032050251960754,Q4_pred_4,4
172519,3,0.06935864686965942,Q5_pred_5,5
192002,4,-0.12335169315338135,Q3_pred_3,3
177882,4,-0.20956391096115112,Q1_pred_1,1
178669,4,-0.12738971412181854,Q3_pred_3,3
148243,4,-0.12331545352935791,Q3_pred_3,3
388252,4,-0.08903451263904572,Q3_pred_3,3
77,4,-0.10544377565383911,Q3_pred_3,3
1148,2,-0.05059285834431648,Q4_pred_4,4
155233,3,-0.15293297171592712,Q2_pred_2,2
156811,2,-0.18996554613113403,Q2_pred_2,2
219766,4,0.055366382002830505,Q5_pred_5,5
373185,4,-0.0480579137802124,Q4_pred_4,4
347947,4,-0.03796689212322235,Q4_pred_4,4
33919,3,-0.04623927175998688,Q4_pred_4,4
186049,4,-0.278300404548645,Q1_pred_1,1
53869,4,-0.25860920548439026,Q1_pred_1,1
93300,2,-0.23224996030330658,Q1_pred_1,1
271336,4,-0.10507543385028839,Q3_pred_3,3
48603,3,0.14245960116386414,Q5_pred_5,5
24762,4,-0.08683428168296814,Q3_pred_3,3
26944,4,-0.12507471442222595,Q3_pred_3,3
337225,4,-0.19408808648586273,Q2_pred_2,2
208689,4,-0.1533724069595337,Q2_pred_2,2
170097,4,-0.10587507486343384,Q3_pred_3,3
2766,4,-0.04867572709918022,Q4_pred_4,4
21623,4,-0.3296748995780945,Q1_pred_1,1
127366,4,-0.24746859073638916,Q1_pred_1,1
59455,4,-0.147853821516037,Q2_pred_2,2
371562,4,-0.05852992832660675,Q4_pred_4,4
51713,4,-0.12002447247505188,Q3_pred_3,3
153707,4,-0.18316344916820526,Q2_pred_2,2
430821,4,0.062027767300605774,Q5_pred_5,5
118627,4,-0.1446675807237625,Q2_pred_2,2
192788,4,-0.1526966094970703,Q2_pred_2,2
57197,4,-0.14222845435142517,Q2_pred_2,2
145082,4,-0.08284905552864075,Q3_pred_3,3
20466,4,-0.06577721238136292,Q4_pred_4,4
184470,4,-0.21626658737659454,Q1_pred_1,1
26499,4,-0.2921030819416046,Q1_pred_1,1
400597,4,0.009656891226768494,Q5_pred_5,5
100426,4,-0.08296683430671692,Q3_pred_3,3
3354,3,-0.12708982825279236,Q3_pred_3,3
213852,4,-0.18110376596450806,Q2_pred_2,2
73099,4,-0.14092452824115753,Q2_pred_2,2
56165,4,0.019505314528942108,Q5_pred_5,5
33697,4,0.03023102879524231,Q5_pred_5,5
6023,4,-0.12279051542282104,Q3_pred_3,3
432398,4,-0.028759708628058434,Q4_pred_4,4
59460,4,-0.09431867301464081,Q3_pred_3,3
63695,4,-0.09044933319091797,Q3_pred_3,3
54328,4,-0.31771713495254517,Q1_pred_1,1
20049,4,0.0021432042121887207,Q5_pred_5,5
336592,4,-0.1573115885257721,Q2_pred_2,2
50303,2,-0.19200871884822845,Q2_pred_2,2
424389,4,-0.04607837647199631,Q4_pred_4,4
14076,4,-0.09574015438556671,Q3_pred_3,3
64486,4,-0.1378587782382965,Q2_pred_2,2
92122,4,-0.11514180898666382,Q3_pred_3,3
223420,4,-0.042537156492471695,Q4_pred_4,4
71865,4,-0.11571771651506424,Q3_pred_3,3
75024,4,-0.14148668944835663,Q2_pred_2,2
120454,3,0.11652201414108276,Q5_pred_5,5
474382,2,-0.10470700263977051,Q3_pred_3,3
149109,4,0.05831587314605713,Q5_pred_5,5
39086,4,-0.051677703857421875,Q4_pred_4,4
434339,4,-0.04801909625530243,Q4_pred_4,4
150754,4,-0.08961567282676697,Q3_pred_3,3
136943,4,-0.15485668182373047,Q2_pred_2,2
413550,4,-0.2949424088001251,Q1_pred_1,1
148422,3,-0.2443249672651291,Q1_pred_1,1
146235,4,-0.04172784090042114,Q4_pred_4,4
356490,4,-0.14256712794303894,Q2_pred_2,2
426690,4,0.03772363066673279,Q5_pred_5,5
161642,3,0.05473867058753967,Q5_pred_5,5
86454,4,0.051642000675201416,Q5_pred_5,5
433545,4,-0.0067658815532922745,Q5_pred_5,5
153951,4,-0.16709350049495697,Q2_pred_2,2
15604,3,-0.29631951451301575,Q1_pred_1,1
184617,4,-0.2682860493659973,Q1_pred_1,1
8534,3,0.023566022515296936,Q5_pred_5,5
74325,4,-0.16121146082878113,Q2_pred_2,2
40073,4,0.09049546718597412,Q5_pred_5,5
268968,4,-0.20270936191082,Q2_pred_2,2
157453,4,0.07122164964675903,Q5_pred_5,5
137941,4,0.16479381918907166,Q5_pred_5,5
43983,4,-0.12099865078926086,Q3_pred_3,3
401341,3,-0.0788366049528122,Q3_pred_3,3
246731,4,-0.41443324089050293,Q1_pred_1,1
235168,4,-0.07127232849597931,Q4_pred_4,4
46352,4,0.1058809831738472,Q5_pred_5,5
45603,3,-0.04670819640159607,Q4_pred_4,4
418011,4,0.07897975295782089,Q5_pred_5,5
127272,3,-0.19847506284713745,Q2_pred_2,2
199670,3,-0.096150241792202,Q3_pred_3,3
355909,4,-0.3573969304561615,Q1_pred_1,1
410862,4,-0.05371272191405296,Q4_pred_4,4
93880,4,-0.0006451830267906189,Q5_pred_5,5
247492,4,-0.175586998462677,Q2_pred_2,2
61738,4,0.016766536980867386,Q5_pred_5,5
85704,4,-0.04269631579518318,Q4_pred_4,4
113129,4,-0.0044364407658576965,Q5_pred_5,5
104597,4,0.05463540554046631,Q5_pred_5,5
103136,4,-0.16801051795482635,Q2_pred_2,2
247117,4,-0.05592340975999832,Q4_pred_4,4
351062,4,-0.1579451858997345,Q2_pred_2,2
105591,4,-0.37563568353652954,Q1_pred_1,1
133456,4,-0.0953843891620636,Q3_pred_3,3
86457,4,-0.08933335542678833,Q3_pred_3,3
210296,4,0.07390664517879486,Q5_pred_5,5
205734,4,-0.1701880693435669,Q2_pred_2,2
75254,4,-0.06097888946533203,Q4_pred_4,4
38205,3,0.04444921016693115,Q5_pred_5,5
237516,3,-0.19641149044036865,Q2_pred_2,2
55116,3,-0.06900562345981598,Q4_pred_4,4
15222,4,0.016885608434677124,Q5_pred_5,5
363114,3,0.04883326590061188,Q5_pred_5,5
34,4,-0.21228769421577454,Q1_pred_1,1
141697,4,-0.18323878943920135,Q2_pred_2,2
347648,4,-0.07678660750389099,Q3_pred_3,3
98646,4,0.030621260404586792,Q5_pred_5,5
120655,3,0.29815754294395447,Q5_pred_5,5
250696,4,-0.07962541282176971,Q3_pred_3,3
8008,3,-0.1156235784292221,Q3_pred_3,3
20457,4,-0.08695383369922638,Q3_pred_3,3
60804,4,-0.1724153310060501,Q2_pred_2,2
39441,3,0.2149803340435028,Q5_pred_5,5
200026,4,-0.1548890471458435,Q2_pred_2,2
10731,2,-0.24180379509925842,Q1_pred_1,1
354270,4,-0.37670883536338806,Q1_pred_1,1
56404,3,-0.04473266005516052,Q4_pred_4,4
65436,4,-0.020249396562576294,Q4_pred_4,4
380100,4,-0.26480236649513245,Q1_pred_1,1
114437,4,0.025667518377304077,Q5_pred_5,5
95533,4,0.08092084527015686,Q5_pred_5,5
193334,4,0.11739939451217651,Q5_pred_5,5
27407,4,0.1467514932155609,Q5_pred_5,5
24282,4,-0.10771110653877258,Q3_pred_3,3
239830,4,-0.1666906625032425,Q2_pred_2,2
359681,4,-0.20318306982517242,Q2_pred_2,2
147950,3,-0.3349243998527527,Q1_pred_1,1
104389,2,0.09284120798110962,Q5_pred_5,5
13018,3,-0.26438575983047485,Q1_pred_1,1
490557,4,-0.08457145094871521,Q3_pred_3,3
276894,4,0.03767479211091995,Q5_pred_5,5
40032,4,0.07588422298431396,Q5_pred_5,5
171200,4,-0.09267988801002502,Q3_pred_3,3
132803,3,-0.3607066571712494,Q1_pred_1,1
379017,4,-0.0289151668548584,Q4_pred_4,4
145749,4,0.033681005239486694,Q5_pred_5,5
247540,4,-0.26477086544036865,Q1_pred_1,1
490712,4,-0.06191989779472351,Q4_pred_4,4
431190,4,-0.14008662104606628,Q2_pred_2,2
17860,4,-0.19344885647296906,Q2_pred_2,2
20079,3,-0.005940765142440796,Q5_pred_5,5
42965,4,-0.1405661702156067,Q2_pred_2,2
3805,5,-0.12948709726333618,Q3_pred_3,3
219253,4,0.002571582794189453,Q5_pred_5,5
347658,4,-0.1440146118402481,Q2_pred_2,2
204144,4,-0.1358385682106018,Q2_pred_2,2
239164,3,-0.1541958749294281,Q2_pred_2,2
2530,4,0.051799237728118896,Q5_pred_5,5
366760,3,0.05784139037132263,Q5_pred_5,5
92956,4,-0.1100231409072876,Q3_pred_3,3
76438,2,-0.1281556487083435,Q3_pred_3,3
424097,3,-0.13956239819526672,Q2_pred_2,2
41695,3,-0.1477528065443039,Q2_pred_2,2
14333,5,-0.014072343707084656,Q4_pred_4,4
132989,3,-0.43139663338661194,Q1_pred_1,1
325858,4,-0.0762617364525795,Q4_pred_4,4
373876,4,-0.2848456799983978,Q1_pred_1,1
542,3,0.02489098533987999,Q5_pred_5,5
238567,4,-0.25910523533821106,Q1_pred_1,1
245075,3,0.014239966869354248,Q5_pred_5,5
148247,4,-0.16205023229122162,Q2_pred_2,2
40499,4,-0.035024940967559814,Q4_pred_4,4
219112,3,0.0691860169172287,Q5_pred_5,5
109544,4,-0.028451785445213318,Q4_pred_4,4
192348,4,-0.16305522620677948,Q2_pred_2,2
402905,4,-0.048216771334409714,Q4_pred_4,4
433921,4,-0.12341917306184769,Q3_pred_3,3
23574,4,-0.07860308885574341,Q3_pred_3,3
199149,4,0.013872191309928894,Q5_pred_5,5
154917,4,0.052253708243370056,Q5_pred_5,5
56025,5,-0.23341429233551025,Q1_pred_1,1
3311,3,-0.12272463738918304,Q3_pred_3,3
274451,4,0.08812308311462402,Q5_pred_5,5
142783,5,-0.0399504154920578,Q4_pred_4,4
21892,3,-0.19267107546329498,Q2_pred_2,2
398038,4,-0.10195548832416534,Q3_pred_3,3
175415,3,-0.237704336643219,Q1_pred_1,1
177229,4,-0.07381454110145569,Q4_pred_4,4
62361,4,0.06577453017234802,Q5_pred_5,5
111779,4,-0.1490199863910675,Q2_pred_2,2
480889,2,-0.13457494974136353,Q2_pred_2,2
35722,3,-0.18934988975524902,Q2_pred_2,2
334991,4,-0.19648267328739166,Q2_pred_2,2
241921,3,-0.3180808126926422,Q1_pred_1,1
170466,4,-0.27433013916015625,Q1_pred_1,1
81029,4,-0.11519445478916168,Q3_pred_3,3
71054,4,-0.1389666497707367,Q2_pred_2,2
20765,3,-0.24341291189193726,Q1_pred_1,1
383547,4,-0.21302133798599243,Q1_pred_1,1
146620,5,-0.12828515470027924,Q3_pred_3,3
108776,4,0.024967342615127563,Q5_pred_5,5
30625,3,0.05473621189594269,Q5_pred_5,5
337090,4,-0.17673036456108093,Q2_pred_2,2
372776,4,-0.22781489789485931,Q1_pred_1,1
267004,4,-0.1377391219139099,Q2_pred_2,2
357872,4,-0.1691097617149353,Q2_pred_2,2
86414,4,-0.05998775362968445,Q4_pred_4,4
77924,4,-0.24480615556240082,Q1_pred_1,1
34014,2,-0.17728380858898163,Q2_pred_2,2
417226,3,-0.22039471566677094,Q1_pred_1,1
115537,2,-0.3262022137641907,Q1_pred_1,1
366595,4,-0.05262519419193268,Q4_pred_4,4
406694,4,-0.14457261562347412,Q2_pred_2,2
46722,4,-0.12414932996034622,Q3_pred_3,3
74517,3,-0.04689212143421173,Q4_pred_4,4
137564,5,-0.05457640811800957,Q4_pred_4,4
220593,5,-0.039537325501441956,Q4_pred_4,4
120456,4,-0.13383446633815765,Q3_pred_3,3
30280,4,-0.18946444988250732,Q2_pred_2,2
31251,4,-0.28435254096984863,Q1_pred_1,1
254952,3,-0.20922227203845978,Q1_pred_1,1
137760,3,-0.028966307640075684,Q4_pred_4,4
316908,5,0.15501809120178223,Q5_pred_5,5
147921,4,-0.10298262536525726,Q3_pred_3,3
15160,4,-0.27770382165908813,Q1_pred_1,1
53502,4,-0.18241342902183533,Q2_pred_2,2
187863,4,0.036631837487220764,Q5_pred_5,5
20762,2,-0.3042914569377899,Q1_pred_1,1
11889,5,-0.09297738969326019,Q3_pred_3,3
53581,3,-0.1782589852809906,Q2_pred_2,2
151386,3,-0.035590559244155884,Q4_pred_4,4
111796,3,-0.14647211134433746,Q2_pred_2,2
377275,4,-0.14157620072364807,Q2_pred_2,2
233810,4,-0.0027807429432868958,Q5_pred_5,5
395410,4,-0.20682096481323242,Q1_pred_1,1
41365,4,0.2446669340133667,Q5_pred_5,5
373655,4,-0.04826273024082184,Q4_pred_4,4
33284,3,-0.10013927519321442,Q3_pred_3,3
162733,4,-0.052524253726005554,Q4_pred_4,4
45056,5,-0.0566302090883255,Q4_pred_4,4
93921,4,-0.21209396421909332,Q1_pred_1,1
36232,3,-0.16750860214233398,Q2_pred_2,2
381274,4,0.037228912115097046,Q5_pred_5,5
247276,4,-0.13369092345237732,Q3_pred_3,3
110958,3,-0.06829816102981567,Q4_pred_4,4
27555,3,-0.09187240898609161,Q3_pred_3,3
153740,4,-0.2772934138774872,Q1_pred_1,1
163327,3,-0.1687363237142563,Q2_pred_2,2
65518,4,-0.09983089566230774,Q3_pred_3,3
180305,4,0.0028336942195892334,Q5_pred_5,5
477036,4,-0.11630382388830185,Q3_pred_3,3
193347,3,0.13501156866550446,Q5_pred_5,5
122189,3,-0.11310729384422302,Q3_pred_3,3
89675,4,-0.21297669410705566,Q1_pred_1,1
94405,3,-0.07344498485326767,Q4_pred_4,4
127279,3,-0.07669444382190704,Q3_pred_3,3
173618,4,-0.04456756263971329,Q4_pred_4,4
239862,4,-0.16595453023910522,Q2_pred_2,2
134013,3,-0.4409247636795044,Q1_pred_1,1
327919,4,-0.159967303276062,Q2_pred_2,2
319234,4,-0.012239094823598862,Q4_pred_4,4
153737,4,-0.22647622227668762,Q1_pred_1,1
57884,3,-0.24455274641513824,Q1_pred_1,1
465781,4,-0.08842174708843231,Q3_pred_3,3
101419,3,0.0008391439914703369,Q5_pred_5,5
83620,4,-0.05575442314147949,Q4_pred_4,4
72836,4,-0.13028204441070557,Q3_pred_3,3
68148,4,-0.15456578135490417,Q2_pred_2,2
477107,3,-0.11454445123672485,Q3_pred_3,3
114328,4,-0.033721983432769775,Q4_pred_4,4
54948,4,-0.005163818597793579,Q5_pred_5,5
183181,4,-0.22004154324531555,Q1_pred_1,1
59260,4,-0.06745269149541855,Q4_pred_4,4
148946,3,-0.22146694362163544,Q1_pred_1,1
81922,4,-0.10805723816156387,Q3_pred_3,3
360174,4,-0.23184266686439514,Q1_pred_1,1
1821,4,-0.22908465564250946,Q1_pred_1,1
86957,1,-0.18687552213668823,Q2_pred_2,2
148540,4,0.06889641284942627,Q5_pred_5,5
38170,3,0.011945349164307117,Q5_pred_5,5
39444,3,0.2132803499698639,Q5_pred_5,5
239336,3,-0.15699893236160278,Q2_pred_2,2
247992,3,-0.22168123722076416,Q1_pred_1,1
405431,3,-0.0777851790189743,Q3_pred_3,3
84413,4,-0.18657326698303223,Q2_pred_2,2
93909,5,-0.0777525007724762,Q3_pred_3,3
396887,4,-0.10615290701389313,Q3_pred_3,3
164174,4,-0.18893933296203613,Q2_pred_2,2
42118,3,-0.5204522609710693,Q1_pred_1,1
161579,4,-0.09183865785598755,Q3_pred_3,3
121221,3,-0.09207466244697571,Q3_pred_3,3
31659,4,-0.07247136533260345,Q4_pred_4,4
145718,3,0.08964523673057556,Q5_pred_5,5
87,4,0.018644720315933228,Q5_pred_5,5
347908,4,-0.1037282645702362,Q3_pred_3,3
189379,4,-0.03227931261062622,Q4_pred_4,4
343867,4,-0.033011309802532196,Q4_pred_4,4
246304,4,0.025980204343795776,Q5_pred_5,5
7542,3,-0.044921115040779114,Q4_pred_4,4
189493,4,0.13478775322437286,Q5_pred_5,5
139094,4,-0.16403444111347198,Q2_pred_2,2
67628,3,-0.0019169151782989502,Q5_pred_5,5
247383,4,-0.12893037497997284,Q3_pred_3,3
55061,4,-0.20646792650222778,Q1_pred_1,1
392497,3,-0.16365355253219604,Q2_pred_2,2
320952,4,-0.00028999149799346924,Q5_pred_5,5
155899,4,-0.11839637160301208,Q3_pred_3,3
399085,3,-0.10641539096832275,Q3_pred_3,3
137708,3,-0.11326735466718674,Q3_pred_3,3
40829,4,0.02495706081390381,Q5_pred_5,5
159294,4,-0.14429926872253418,Q2_pred_2,2
326986,3,-0.15957579016685486,Q2_pred_2,2
273542,4,-0.06815454363822937,Q4_pred_4,4
56977,3,-0.027999527752399445,Q4_pred_4,4
426205,2,-0.16793449223041534,Q2_pred_2,2
116921,4,-0.1310122311115265,Q3_pred_3,3
89684,4,-0.10500737279653549,Q3_pred_3,3
92933,3,-0.06763343513011932,Q4_pred_4,4
48082,3,-0.06390917301177979,Q4_pred_4,4
83483,4,-0.17680975794792175,Q2_pred_2,2
25278,4,-0.09898479282855988,Q3_pred_3,3
65171,4,-0.1712115854024887,Q2_pred_2,2
357515,4,-0.06219206750392914,Q4_pred_4,4
48567,4,-0.2704486846923828,Q1_pred_1,1
104429,3,0.0496615394949913,Q5_pred_5,5
41083,4,-0.2007237821817398,Q2_pred_2,2
328287,4,-0.047432005405426025,Q4_pred_4,4
150409,3,-0.10091625154018402,Q3_pred_3,3
88903,4,-0.15646542608737946,Q2_pred_2,2
326384,4,-0.08364709466695786,Q3_pred_3,3
59310,4,-0.14106294512748718,Q2_pred_2,2
246987,4,-0.00632813572883606,Q5_pred_5,5
374169,4,-0.1473022699356079,Q2_pred_2,2
246762,4,-0.42525625228881836,Q1_pred_1,1
354686,3,-0.12941904366016388,Q3_pred_3,3
119279,4,-0.21058368682861328,Q1_pred_1,1
474934,4,-0.0904608815908432,Q3_pred_3,3
135847,4,-0.09063418209552765,Q3_pred_3,3
6388,4,-0.3147217929363251,Q1_pred_1,1
96110,4,-0.16383935511112213,Q2_pred_2,2
107711,4,-0.08658081293106079,Q3_pred_3,3
120133,4,-0.38754409551620483,Q1_pred_1,1
249094,4,-0.02161732316017151,Q4_pred_4,4
111250,4,-0.13936728239059448,Q2_pred_2,2
95774,4,-0.07769928872585297,Q3_pred_3,3
7943,3,0.03219148516654968,Q5_pred_5,5
198256,4,-0.16228237748146057,Q2_pred_2,2
155423,4,-0.07680332660675049,Q3_pred_3,3
380047,3,-0.08304040879011154,Q3_pred_3,3
400356,4,0.02449190616607666,Q5_pred_5,5
23648,4,-0.04816731810569763,Q4_pred_4,4
33686,4,0.01233091950416565,Q5_pred_5,5
90250,4,-0.2644997835159302,Q1_pred_1,1
252490,4,-0.04998460412025452,Q4_pred_4,4
132860,4,-0.0819598138332367,Q3_pred_3,3
155770,3,-0.18397070467472076,Q2_pred_2,2
150404,4,-0.27358925342559814,Q1_pred_1,1
148524,4,0.1416938304901123,Q5_pred_5,5
58100,4,-0.1730560064315796,Q2_pred_2,2
246374,3,-0.01235315203666687,Q4_pred_4,4
52290,4,-0.212814062833786,Q1_pred_1,1
16992,3,-0.13512299954891205,Q2_pred_2,2
75625,3,-0.2802430987358093,Q1_pred_1,1
93645,3,-0.18923574686050415,Q2_pred_2,2
31168,3,-0.0889563336968422,Q3_pred_3,3
477304,4,-0.01777489483356476,Q4_pred_4,4
28942,4,-0.16036610305309296,Q2_pred_2,2
92822,4,-0.06465918570756912,Q4_pred_4,4
157474,4,-0.21521830558776855,Q1_pred_1,1
92221,5,-0.07391602545976639,Q4_pred_4,4
61734,4,0.028075233101844788,Q5_pred_5,5
160125,3,-0.14261245727539062,Q2_pred_2,2
107422,4,-0.2114049196243286,Q1_pred_1,1
248777,4,-0.009800538420677185,Q4_pred_4,4
415426,4,-0.2874588370323181,Q1_pred_1,1
168059,4,-0.19657279551029205,Q2_pred_2,2
13713,4,-0.18893446028232574,Q2_pred_2,2
360100,4,-0.25199538469314575,Q1_pred_1,1
95531,4,-0.17502623796463013,Q2_pred_2,2
326412,4,0.024612247943878174,Q5_pred_5,5
29119,4,-0.23376238346099854,Q1_pred_1,1
211159,3,-0.07493904232978821,Q4_pred_4,4
374069,4,-0.05269104242324829,Q4_pred_4,4
104552,3,-0.4375399649143219,Q1_pred_1,1
152606,4,-0.05942663550376892,Q4_pred_4,4
187365,3,-0.1739029884338379,Q2_pred_2,2
131318,3,-0.38203465938568115,Q1_pred_1,1
6968,4,-0.02673063427209854,Q4_pred_4,4
137936,3,0.15106335282325745,Q5_pred_5,5
358348,3,-0.3552607297897339,Q1_pred_1,1
374856,4,-0.1896553784608841,Q2_pred_2,2
49317,4,-0.0740007758140564,Q4_pred_4,4
207406,4,-0.02165532112121582,Q4_pred_4,4
221639,4,-0.17257685959339142,Q2_pred_2,2
358041,4,-0.4041895568370819,Q1_pred_1,1
60916,4,-0.07106593996286392,Q4_pred_4,4
6490,3,-0.10281462967395782,Q3_pred_3,3
77710,4,0.009794950485229492,Q5_pred_5,5
50786,4,-0.1605384647846222,Q2_pred_2,2
343994,4,-0.1346125602722168,Q2_pred_2,2
255659,4,-0.15230880677700043,Q2_pred_2,2
156783,2,-0.2161312848329544,Q1_pred_1,1
149944,3,-0.2795621156692505,Q1_pred_1,1
182984,4,-0.04350268840789795,Q4_pred_4,4
76568,3,-0.17717216908931732,Q2_pred_2,2
66622,4,-0.0271761491894722,Q4_pred_4,4
37349,4,0.10907423496246338,Q5_pred_5,5
419201,4,0.019882604479789734,Q5_pred_5,5
412332,4,-0.045051366090774536,Q4_pred_4,4
258102,3,0.03195062279701233,Q5_pred_5,5
143339,5,-0.044194236397743225,Q4_pred_4,4
84021,5,-0.10734690725803375,Q3_pred_3,3
200386,4,-0.17193789780139923,Q2_pred_2,2
55874,4,-0.15214598178863525,Q2_pred_2,2
119194,4,-0.2277204692363739,Q1_pred_1,1
2215,3,0.09100141376256943,Q5_pred_5,5
146977,4,-0.09643711894750595,Q3_pred_3,3
250378,4,-0.07898761332035065,Q3_pred_3,3
102422,4,-0.1367155909538269,Q2_pred_2,2
395821,3,-0.23061013221740723,Q1_pred_1,1
53829,3,-0.47906702756881714,Q1_pred_1,1
374509,4,-0.28436607122421265,Q1_pred_1,1
11054,2,-0.33424803614616394,Q1_pred_1,1
192679,4,-0.10139596462249756,Q3_pred_3,3
14474,4,0.004360228776931763,Q5_pred_5,5
21386,3,-0.07610389590263367,Q4_pred_4,4
157726,4,0.03636328876018524,Q5_pred_5,5
106859,4,-0.008725032210350037,Q4_pred_4,4
5682,4,-0.012362077832221985,Q4_pred_4,4
156765,3,-0.191083163022995,Q2_pred_2,2
51397,3,-0.28896138072013855,Q1_pred_1,1
235031,4,-0.14772388339042664,Q2_pred_2,2
390939,4,-0.10388635098934174,Q3_pred_3,3
40085,4,0.11497828364372253,Q5_pred_5,5
195522,4,0.19525131583213806,Q5_pred_5,5
343943,4,-0.07964003086090088,Q3_pred_3,3
32245,3,-0.21241828799247742,Q1_pred_1,1
113324,3,-0.4580953121185303,Q1_pred_1,1
236386,3,0.20741857588291168,Q5_pred_5,5
352186,4,-0.09239355474710464,Q3_pred_3,3
32600,4,-0.14098045229911804,Q2_pred_2,2
2146,4,-0.17076615989208221,Q2_pred_2,2
30032,4,-0.051365435123443604,Q4_pred_4,4
48353,4,0.13417676091194153,Q5_pred_5,5
239256,3,0.049373507499694824,Q5_pred_5,5
10773,3,-0.19888922572135925,Q2_pred_2,2
58188,4,0.08434243500232697,Q5_pred_5,5
357433,4,-0.0832984447479248,Q3_pred_3,3
142757,4,-0.046431973576545715,Q4_pred_4,4
6506,4,-0.009399056434631348,Q4_pred_4,4
40835,4,0.026277631521224976,Q5_pred_5,5
124829,3,-0.09771354496479034,Q3_pred_3,3
3167,4,-0.11428485810756683,Q3_pred_3,3
113322,3,-0.38806474208831787,Q1_pred_1,1
358168,4,-0.38469234108924866,Q1_pred_1,1
12974,3,-0.18524956703186035,Q2_pred_2,2
2149,3,-0.2885839343070984,Q1_pred_1,1
50310,2,-0.14847400784492493,Q2_pred_2,2
415412,3,-0.02742666006088257,Q4_pred_4,4
10888,2,-0.29766783118247986,Q1_pred_1,1
382831,3,0.06470836699008942,Q5_pred_5,5
418111,3,-0.08241020888090134,Q3_pred_3,3
62263,4,-0.10737865418195724,Q3_pred_3,3
468009,3,-0.11219146847724915,Q3_pred_3,3
207488,3,-0.16684840619564056,Q2_pred_2,2
45261,3,-0.08596430718898773,Q3_pred_3,3
417774,4,-0.09744618833065033,Q3_pred_3,3
188781,3,-0.07175130397081375,Q4_pred_4,4
325376,3,0.13703064620494843,Q5_pred_5,5
197257,3,-0.0007630586624145508,Q5_pred_5,5
106789,4,-0.030071020126342773,Q4_pred_4,4
159255,3,-0.0532815121114254,Q4_pred_4,4
374572,5,-0.20828844606876373,Q1_pred_1,1
8729,3,-0.040606431663036346,Q4_pred_4,4
172066,4,-0.18916916847229004,Q2_pred_2,2
48716,3,-0.2024575024843216,Q2_pred_2,2
249723,4,0.07234843075275421,Q5_pred_5,5
28285,4,-0.15278305113315582,Q2_pred_2,2
262442,3,-0.18963761627674103,Q2_pred_2,2
122175,4,0.05988408625125885,Q5_pred_5,5
363061,4,-0.11711589992046356,Q3_pred_3,3
154783,4,-0.07428741455078125,Q4_pred_4,4
153659,4,-0.16099175810813904,Q2_pred_2,2
15742,3,-0.3732830584049225,Q1_pred_1,1
84095,4,-0.1269376277923584,Q3_pred_3,3
22865,3,-0.12854687869548798,Q3_pred_3,3
398498,3,0.019443362951278687,Q5_pred_5,5
164803,4,-0.2103731632232666,Q1_pred_1,1
120130,4,-0.15034119784832,Q2_pred_2,2
318647,4,-0.25588274002075195,Q1_pred_1,1
372650,4,-0.21399003267288208,Q1_pred_1,1
23025,4,-0.16730256378650665,Q2_pred_2,2
110602,4,0.05943027138710022,Q5_pred_5,5
371971,4,-0.05609702318906784,Q4_pred_4,4
133809,4,-0.14343193173408508,Q2_pred_2,2
373882,4,-0.26756352186203003,Q1_pred_1,1
357992,4,-0.399522602558136,Q1_pred_1,1
67954,3,-0.3024950921535492,Q1_pred_1,1
116163,3,0.010269522666931152,Q5_pred_5,5
50180,4,-0.14911377429962158,Q2_pred_2,2
117498,3,-0.07866039127111435,Q3_pred_3,3
70301,3,0.08309116959571838,Q5_pred_5,5
48978,4,-0.09586670994758606,Q3_pred_3,3
100360,4,-0.1192663386464119,Q3_pred_3,3
68664,4,-0.106141097843647,Q3_pred_3,3
270918,4,-0.13619482517242432,Q2_pred_2,2
64714,4,0.18865883350372314,Q5_pred_5,5
208695,4,-0.08680883049964905,Q3_pred_3,3
371652,2,-0.2623128294944763,Q1_pred_1,1
19212,4,-0.2147071361541748,Q1_pred_1,1
64453,3,-0.08732852339744568,Q3_pred_3,3
10852,2,-0.28991836309432983,Q1_pred_1,1
360599,4,-0.15876305103302002,Q2_pred_2,2
166966,4,-0.07008000463247299,Q4_pred_4,4
395492,4,-0.14282813668251038,Q2_pred_2,2
132811,4,-0.3526958227157593,Q1_pred_1,1
28250,3,-0.24440616369247437,Q1_pred_1,1
171647,4,-0.13502885401248932,Q2_pred_2,2
25067,4,-0.1432582288980484,Q2_pred_2,2
76673,3,0.1457030475139618,Q5_pred_5,5
199277,3,-0.08247730135917664,Q3_pred_3,3
81260,3,-0.0624379962682724,Q4_pred_4,4
147231,3,-0.48199760913848877,Q1_pred_1,1
57047,3,-0.01015155017375946,Q4_pred_4,4
137897,3,0.15014520287513733,Q5_pred_5,5
124700,4,-0.11343967914581299,Q3_pred_3,3
164366,3,-5.894899368286133e-05,Q5_pred_5,5
334980,3,-0.3793026804924011,Q1_pred_1,1
372661,4,-0.25545626878738403,Q1_pred_1,1
242873,3,-0.33110103011131287,Q1_pred_1,1
350679,3,-0.13799208402633667,Q2_pred_2,2
153729,2,-0.3156889081001282,Q1_pred_1,1
388594,3,-0.06613869965076447,Q4_pred_4,4
105800,4,-0.37699803709983826,Q1_pred_1,1
47048,3,-0.11058616638183594,Q3_pred_3,3
428321,4,-0.04706701636314392,Q4_pred_4,4
233501,4,-0.09226548671722412,Q3_pred_3,3
5827,3,0.08190883696079254,Q5_pred_5,5
28961,4,-0.29579246044158936,Q1_pred_1,1
40016,3,-0.10694815218448639,Q3_pred_3,3
6848,4,-0.1186203807592392,Q3_pred_3,3
26285,4,0.22130994498729706,Q5_pred_5,5
168067,3,-0.05720864236354828,Q4_pred_4,4
72810,3,-0.3445785939693451,Q1_pred_1,1
23062,4,-0.035376518964767456,Q4_pred_4,4
142799,4,-0.04768962413072586,Q4_pred_4,4
38175,3,-0.11488106101751328,Q3_pred_3,3
137478,4,-0.08400535583496094,Q3_pred_3,3
269483,3,-0.13214224576950073,Q3_pred_3,3
398508,3,-0.13248112797737122,Q3_pred_3,3
329963,3,-0.11985267698764801,Q3_pred_3,3
373685,4,0.009094834327697754,Q5_pred_5,5
39934,3,-0.11898994445800781,Q3_pred_3,3
485390,3,0.08526897430419922,Q5_pred_5,5
156779,3,-0.24065841734409332,Q1_pred_1,1
70308,4,-0.048552438616752625,Q4_pred_4,4
4224,4,-0.15412510931491852,Q2_pred_2,2
189428,4,-0.027643613517284393,Q4_pred_4,4
125561,3,0.020142436027526855,Q5_pred_5,5
220605,4,-0.05261032283306122,Q4_pred_4,4
138810,4,-0.1396341174840927,Q2_pred_2,2
187006,4,-0.014936640858650208,Q4_pred_4,4
175401,3,0.06250108778476715,Q5_pred_5,5
183729,3,-0.07677242159843445,Q3_pred_3,3
247806,3,-0.15985862910747528,Q2_pred_2,2
96093,3,-0.12290376424789429,Q3_pred_3,3
40068,3,-0.09644117951393127,Q3_pred_3,3
54256,3,0.038049668073654175,Q5_pred_5,5
386074,4,0.056721433997154236,Q5_pred_5,5
172245,4,-0.05290796607732773,Q4_pred_4,4
71631,4,-0.16814953088760376,Q2_pred_2,2
340038,3,-0.20290647447109222,Q2_pred_2,2
148597,4,0.07222312688827515,Q5_pred_5,5
213582,4,0.05685499310493469,Q5_pred_5,5
135703,3,-0.2665780782699585,Q1_pred_1,1
24160,4,-0.07013625651597977,Q4_pred_4,4
130709,4,0.21555842459201813,Q5_pred_5,5
247342,3,-0.06367325782775879,Q4_pred_4,4
160314,4,-0.25307661294937134,Q1_pred_1,1
189517,3,-0.14746415615081787,Q2_pred_2,2
193480,4,-0.09071201086044312,Q3_pred_3,3
356000,4,-0.3021470904350281,Q1_pred_1,1
184879,3,-0.01090654730796814,Q4_pred_4,4
78384,4,-0.051179587841033936,Q4_pred_4,4
359449,4,-0.2334011346101761,Q1_pred_1,1
208664,3,-0.17654061317443848,Q2_pred_2,2
50152,4,-0.07851405441761017,Q3_pred_3,3
46593,3,-0.13149705529212952,Q3_pred_3,3
104736,4,-0.1108195036649704,Q3_pred_3,3
386290,4,-0.20158237218856812,Q2_pred_2,2
16263,4,-0.05176392197608948,Q4_pred_4,4
67756,4,-0.274037629365921,Q1_pred_1,1
374505,4,-0.3016524016857147,Q1_pred_1,1
26941,4,-0.14686653017997742,Q2_pred_2,2
76651,3,0.12410306930541992,Q5_pred_5,5
65433,3,-0.021876275539398193,Q4_pred_4,4
171973,3,-0.15852554142475128,Q2_pred_2,2
232176,4,-0.09786131978034973,Q3_pred_3,3
125065,4,-0.11349056661128998,Q3_pred_3,3
50418,3,-0.35076916217803955,Q1_pred_1,1
130416,4,-0.1639176905155182,Q2_pred_2,2
183058,4,-0.029824018478393555,Q4_pred_4,4
373834,4,-0.2346276193857193,Q1_pred_1,1
29088,4,-0.25336188077926636,Q1_pred_1,1
196081,4,-0.0832434669137001,Q3_pred_3,3
10499,3,-0.20789362490177155,Q1_pred_1,1
50297,2,-0.18318848311901093,Q2_pred_2,2
17901,3,-0.16248765587806702,Q2_pred_2,2
52785,4,0.04348793625831604,Q5_pred_5,5
98192,4,-0.19458891451358795,Q2_pred_2,2
41580,3,-0.12817049026489258,Q3_pred_3,3
332315,3,-0.007383018732070923,Q5_pred_5,5
155008,4,-0.012529447674751282,Q4_pred_4,4
10097,1,-0.17755737900733948,Q2_pred_2,2
98737,3,-0.03366738557815552,Q4_pred_4,4
102361,3,-0.010735772550106049,Q4_pred_4,4
65672,4,-0.3086633086204529,Q1_pred_1,1
302530,4,-0.11033746600151062,Q3_pred_3,3
16204,4,-0.2512342631816864,Q1_pred_1,1
13062,3,-0.19024483859539032,Q2_pred_2,2
41704,3,-0.2011338472366333,Q2_pred_2,2
55276,3,-0.09743809700012207,Q3_pred_3,3
149776,4,-0.09530247747898102,Q3_pred_3,3
159585,3,-0.209755539894104,Q1_pred_1,1
10542,3,-0.08080066740512848,Q3_pred_3,3
361438,4,-0.16759169101715088,Q2_pred_2,2
120597,4,-0.1813449263572693,Q2_pred_2,2
14034,4,-0.22184661030769348,Q1_pred_1,1
570,4,-0.24157091975212097,Q1_pred_1,1
275178,3,-0.13039764761924744,Q3_pred_3,3
209,4,-0.21205124258995056,Q1_pred_1,1
120027,4,-0.10823900997638702,Q3_pred_3,3
156821,3,-0.24736027419567108,Q1_pred_1,1
405699,4,-0.14148762822151184,Q2_pred_2,2
6960,3,-0.024235405027866364,Q4_pred_4,4
133890,4,-0.1305740475654602,Q3_pred_3,3
156666,3,-0.14454445242881775,Q2_pred_2,2
68408,4,-0.26358383893966675,Q1_pred_1,1
184696,4,-0.16207186877727509,Q2_pred_2,2
76549,3,-0.27672910690307617,Q1_pred_1,1
189337,4,-0.1662144958972931,Q2_pred_2,2
21066,4,-0.08514836430549622,Q3_pred_3,3
47029,2,-0.351629376411438,Q1_pred_1,1
58074,4,-0.03728187084197998,Q4_pred_4,4
112152,3,-0.0797707587480545,Q3_pred_3,3
372676,4,-0.14069417119026184,Q2_pred_2,2
343981,4,-0.37381356954574585,Q1_pred_1,1
80194,4,-0.200774148106575,Q2_pred_2,2
92138,4,-0.09552973508834839,Q3_pred_3,3
76516,4,-0.27370622754096985,Q1_pred_1,1
203377,4,-0.03033757209777832,Q4_pred_4,4
149807,4,-0.09930003434419632,Q3_pred_3,3
6973,3,-0.05480936914682388,Q4_pred_4,4
17127,3,-0.04394027590751648,Q4_pred_4,4
416303,4,-0.09317652881145477,Q3_pred_3,3
425676,4,0.017297670245170593,Q5_pred_5,5
365771,4,-0.08573941886425018,Q3_pred_3,3
3973,3,-0.17953991889953613,Q2_pred_2,2
49777,3,-0.11392366141080856,Q3_pred_3,3
13072,3,-0.19163964688777924,Q2_pred_2,2
153837,4,-0.2501445412635803,Q1_pred_1,1
160276,4,-0.1093142181634903,Q3_pred_3,3
52630,1,-0.14651983976364136,Q2_pred_2,2
24646,3,-0.17686396837234497,Q2_pred_2,2
355248,4,-0.14946551620960236,Q2_pred_2,2
465759,4,-0.17146719992160797,Q2_pred_2,2
42342,4,0.18926450610160828,Q5_pred_5,5
42348,4,0.1793961077928543,Q5_pred_5,5
57669,3,0.003238111734390259,Q5_pred_5,5
128705,4,-0.07989996671676636,Q3_pred_3,3
38110,4,-0.07847729325294495,Q3_pred_3,3
57475,4,-0.10118883848190308,Q3_pred_3,3
114203,4,-0.05455559119582176,Q4_pred_4,4
413620,4,-0.10393676161766052,Q3_pred_3,3
21890,4,-0.15780556201934814,Q2_pred_2,2
143299,3,-0.2816711962223053,Q1_pred_1,1
118334,3,-0.2111995667219162,Q1_pred_1,1
154781,4,-0.12979738414287567,Q3_pred_3,3
109845,4,-0.07023588567972183,Q4_pred_4,4
447685,4,-0.019129902124404907,Q4_pred_4,4
410237,4,-0.010994315147399902,Q4_pred_4,4
20093,4,-0.07377752661705017,Q4_pred_4,4
145815,4,-0.11115239560604095,Q3_pred_3,3
153608,4,-0.15665584802627563,Q2_pred_2,2
166481,3,-0.08558822423219681,Q3_pred_3,3
426038,4,-0.035014212131500244,Q4_pred_4,4
114170,2,-0.08705255389213562,Q3_pred_3,3
91449,3,-0.30146729946136475,Q1_pred_1,1
248952,4,-0.059976011514663696,Q4_pred_4,4
28671,4,-0.11845710873603821,Q3_pred_3,3
86662,3,-0.07308003306388855,Q4_pred_4,4
108313,4,-0.12226054072380066,Q3_pred_3,3
420263,4,-0.03547564148902893,Q4_pred_4,4
79148,4,-0.16602583229541779,Q2_pred_2,2
10935,2,-0.36072298884391785,Q1_pred_1,1
123590,4,0.029363572597503662,Q5_pred_5,5
121008,4,-0.009005844593048096,Q4_pred_4,4
371786,4,-0.09977928549051285,Q3_pred_3,3
193673,4,-0.19610026478767395,Q2_pred_2,2
160268,4,-0.06263710558414459,Q4_pred_4,4
81936,4,-0.1647685170173645,Q2_pred_2,2
204118,4,-0.0939137190580368,Q3_pred_3,3
40823,4,0.022627845406532288,Q5_pred_5,5
325585,3,-0.007500752806663513,Q5_pred_5,5
76429,4,-0.1134433001279831,Q3_pred_3,3
359258,5,-0.2760099172592163,Q1_pred_1,1
383635,4,-0.2292882353067398,Q1_pred_1,1
8665,4,-0.08379897475242615,Q3_pred_3,3
124486,4,-0.22023101150989532,Q1_pred_1,1
110159,4,-0.014621347188949585,Q4_pred_4,4
188367,4,0.23307618498802185,Q5_pred_5,5
56979,4,-0.1756048947572708,Q2_pred_2,2
163419,4,-0.01850941777229309,Q4_pred_4,4
66619,4,-0.08692960441112518,Q3_pred_3,3
340504,3,-0.11675313115119934,Q3_pred_3,3
126007,3,-0.17563557624816895,Q2_pred_2,2
113383,4,-0.05716385692358017,Q4_pred_4,4
146714,3,-0.14735548198223114,Q2_pred_2,2
65873,4,-0.011016994714736938,Q4_pred_4,4
120661,4,0.28046736121177673,Q5_pred_5,5
257483,3,-0.03955201804637909,Q4_pred_4,4
42286,4,-0.16418927907943726,Q2_pred_2,2
18515,4,-0.22648711502552032,Q1_pred_1,1
168123,4,-0.2049959897994995,Q2_pred_2,2
424726,3,-0.16207006573677063,Q2_pred_2,2
50307,3,-0.16211587190628052,Q2_pred_2,2
233974,3,-0.17141112685203552,Q2_pred_2,2
199144,4,0.06105324253439903,Q5_pred_5,5
360481,3,-0.19253337383270264,Q2_pred_2,2
248598,3,-0.017359517514705658,Q4_pred_4,4
104549,3,-0.12485627830028534,Q3_pred_3,3
3802,4,-0.05300538241863251,Q4_pred_4,4
156365,4,-0.3382129371166229,Q1_pred_1,1
43161,4,-0.20475980639457703,Q2_pred_2,2
156568,3,-0.13259635865688324,Q3_pred_3,3
328699,5,-0.005798891186714172,Q5_pred_5,5
34648,4,0.01944209635257721,Q5_pred_5,5
221599,4,0.07268249988555908,Q5_pred_5,5
360603,4,-0.18468375504016876,Q2_pred_2,2
325461,4,-0.32444074749946594,Q1_pred_1,1
49538,4,-0.2528190612792969,Q1_pred_1,1
114013,4,-0.22341980040073395,Q1_pred_1,1
185138,3,-0.0353434681892395,Q4_pred_4,4
64781,4,0.15424779057502747,Q5_pred_5,5
193761,4,-0.11106973886489868,Q3_pred_3,3
90423,3,-0.3000949025154114,Q1_pred_1,1
16598,4,0.04201383516192436,Q5_pred_5,5
81996,4,0.12717583775520325,Q5_pred_5,5
30031,4,-0.049455076456069946,Q4_pred_4,4
116896,4,-0.10412231087684631,Q3_pred_3,3
108402,4,-0.04473918676376343,Q4_pred_4,4
183065,4,-0.04963751137256622,Q4_pred_4,4
231991,4,-0.07409671694040298,Q4_pred_4,4
13252,4,-0.1889660656452179,Q2_pred_2,2
137052,4,0.008530259132385254,Q5_pred_5,5
77728,3,-0.21871590614318848,Q1_pred_1,1
167525,3,-0.13832291960716248,Q2_pred_2,2
174043,4,-0.12096505612134933,Q3_pred_3,3
111786,4,-0.14080002903938293,Q2_pred_2,2
86094,4,-0.05950501933693886,Q4_pred_4,4
156816,2,-0.14399975538253784,Q2_pred_2,2
169229,4,-0.10659730434417725,Q3_pred_3,3
132010,4,-0.23551377654075623,Q1_pred_1,1
62273,3,0.10334864258766174,Q5_pred_5,5
16667,3,-0.12042410671710968,Q3_pred_3,3
358057,4,-0.40384894609451294,Q1_pred_1,1
13032,4,-0.2635722756385803,Q1_pred_1,1
105845,4,-0.3679799437522888,Q1_pred_1,1
43555,4,0.1458117663860321,Q5_pred_5,5
381506,4,-0.1715390384197235,Q2_pred_2,2
48397,3,-0.020424367859959602,Q4_pred_4,4
172588,3,0.24486076831817627,Q5_pred_5,5
88895,4,-0.09184659272432327,Q3_pred_3,3
23537,4,-0.07779207825660706,Q3_pred_3,3
11932,4,-0.14286476373672485,Q2_pred_2,2
29251,4,-0.23544402420520782,Q1_pred_1,1
16375,4,0.046343863010406494,Q5_pred_5,5
102478,4,0.016066625714302063,Q5_pred_5,5
31490,4,-0.15102913975715637,Q2_pred_2,2
124922,4,-0.01834709942340851,Q4_pred_4,4
213985,4,-0.2163783609867096,Q1_pred_1,1
356888,4,-0.18478597700595856,Q2_pred_2,2
216814,4,-0.08410649001598358,Q3_pred_3,3
69690,4,-0.07590942084789276,Q4_pred_4,4
19159,4,-0.2607269287109375,Q1_pred_1,1
406664,4,0.005201399326324463,Q5_pred_5,5
144224,4,0.059379786252975464,Q5_pred_5,5
180541,3,-0.21804799139499664,Q1_pred_1,1
64711,4,0.19857031106948853,Q5_pred_5,5
183156,4,0.01468728482723236,Q5_pred_5,5
346521,3,-0.011826545000076294,Q4_pred_4,4
354510,3,-0.05405600368976593,Q4_pred_4,4
370,3,-0.08421705663204193,Q3_pred_3,3
404317,4,0.023932725191116333,Q5_pred_5,5
12712,4,-0.11826041340827942,Q3_pred_3,3
179991,3,-0.1464572548866272,Q2_pred_2,2
332314,3,-0.0058613121509552,Q5_pred_5,5
39832,3,0.035941898822784424,Q5_pred_5,5
215682,4,0.032923221588134766,Q5_pred_5,5
254868,4,-0.29485106468200684,Q1_pred_1,1
330044,3,-0.11615725606679916,Q3_pred_3,3
20640,4,-0.13173042237758636,Q3_pred_3,3
91672,4,-0.11830827593803406,Q3_pred_3,3
382854,4,0.0683828592300415,Q5_pred_5,5
72150,4,0.0531899631023407,Q5_pred_5,5
54808,4,-0.20141923427581787,Q2_pred_2,2
15856,4,-0.07493573427200317,Q4_pred_4,4
20453,4,-0.050839558243751526,Q4_pred_4,4
28859,4,-0.30267250537872314,Q1_pred_1,1
153726,4,-0.2497333586215973,Q1_pred_1,1
48565,4,-0.22131484746932983,Q1_pred_1,1
373783,3,-0.27586179971694946,Q1_pred_1,1
181634,4,-0.2543635964393616,Q1_pred_1,1
184490,4,0.06796112656593323,Q5_pred_5,5
242963,4,-0.07760438323020935,Q3_pred_3,3
13457,3,-0.260168194770813,Q1_pred_1,1
377525,4,-0.06118074804544449,Q4_pred_4,4
156810,3,-0.2247733175754547,Q1_pred_1,1
22952,4,-0.07357233762741089,Q4_pred_4,4
432405,4,0.0756126269698143,Q5_pred_5,5
103355,3,-0.24307982623577118,Q1_pred_1,1
36047,3,-0.035042136907577515,Q4_pred_4,4
188955,3,-0.22211453318595886,Q1_pred_1,1
247129,4,-0.12893037497997284,Q3_pred_3,3
481101,4,0.024551451206207275,Q5_pred_5,5
96030,4,-0.03312472999095917,Q4_pred_4,4
13469,2,-0.26038384437561035,Q1_pred_1,1
18229,4,0.07576152682304382,Q5_pred_5,5
232840,4,0.033004701137542725,Q5_pred_5,5
87636,3,-0.10580870509147644,Q3_pred_3,3
368456,3,-0.19658127427101135,Q2_pred_2,2
128235,4,-0.1086101084947586,Q3_pred_3,3
41148,4,-0.04772299900650978,Q4_pred_4,4
99891,4,-0.0037612617015838623,Q5_pred_5,5
57696,4,-0.15580949187278748,Q2_pred_2,2
82931,3,-0.06325054168701172,Q4_pred_4,4
119938,4,-0.143871009349823,Q2_pred_2,2
94402,4,-0.08329560607671738,Q3_pred_3,3
34074,4,0.014755785465240479,Q5_pred_5,5
150591,4,-0.10139796137809753,Q3_pred_3,3
155243,3,-0.44147008657455444,Q1_pred_1,1
162666,2,-0.07759007811546326,Q3_pred_3,3
386734,3,-0.23898334801197052,Q1_pred_1,1
247765,4,-0.15231376886367798,Q2_pred_2,2
372701,4,-0.1904151439666748,Q2_pred_2,2
336407,3,-0.17398160696029663,Q2_pred_2,2
493223,4,-0.06854536384344101,Q4_pred_4,4
87289,4,-0.08074365556240082,Q3_pred_3,3
28934,4,-0.26860544085502625,Q1_pred_1,1
72277,4,-0.23950356245040894,Q1_pred_1,1
199757,4,0.0314452201128006,Q5_pred_5,5
373661,4,-0.03471672534942627,Q4_pred_4,4
148274,4,0.11878356337547302,Q5_pred_5,5
155210,4,-0.3908507525920868,Q1_pred_1,1
22109,4,-0.0004567056894302368,Q5_pred_5,5
62516,4,-0.17419293522834778,Q2_pred_2,2
41978,4,-0.12383240461349487,Q3_pred_3,3
155262,4,-0.13307319581508636,Q3_pred_3,3
71104,3,-0.3625376224517822,Q1_pred_1,1
15239,3,-0.14470693469047546,Q2_pred_2,2
247250,4,-0.14128217101097107,Q2_pred_2,2
142826,4,-0.049949243664741516,Q4_pred_4,4
354860,3,-0.17353476583957672,Q2_pred_2,2
34277,4,-0.01033058762550354,Q4_pred_4,4
105584,4,-0.3869478702545166,Q1_pred_1,1
324205,3,-0.11187854409217834,Q3_pred_3,3
79609,4,-0.34132009744644165,Q1_pred_1,1
328660,4,-0.008045375347137451,Q5_pred_5,5
274097,4,-0.2429957389831543,Q1_pred_1,1
117415,3,0.022722430527210236,Q5_pred_5,5
246840,4,-0.39493080973625183,Q1_pred_1,1
11017,4,-0.35410481691360474,Q1_pred_1,1
355917,4,-0.2437841296195984,Q1_pred_1,1
192269,4,-0.002824723720550537,Q5_pred_5,5
26922,3,-0.09722822159528732,Q3_pred_3,3
268126,4,-0.10962438583374023,Q3_pred_3,3
168515,4,-0.13655826449394226,Q2_pred_2,2
223006,3,-0.05171525478363037,Q4_pred_4,4
31266,4,-0.4658184051513672,Q1_pred_1,1
242498,4,-0.24453052878379822,Q1_pred_1,1
69817,4,-0.053383126854896545,Q4_pred_4,4
98150,4,-0.019193604588508606,Q4_pred_4,4
50503,4,-0.2832828164100647,Q1_pred_1,1
47371,4,-0.03640567883849144,Q4_pred_4,4
12693,4,-0.06751412153244019,Q4_pred_4,4
418582,4,-0.07386130094528198,Q4_pred_4,4
139820,4,-0.09003405272960663,Q3_pred_3,3
382336,4,-0.179640531539917,Q2_pred_2,2
31826,4,-0.14990641176700592,Q2_pred_2,2
42137,3,-0.26767396926879883,Q1_pred_1,1
395631,4,-0.24352259933948517,Q1_pred_1,1
340564,3,-0.07897476851940155,Q3_pred_3,3
48719,4,-0.32078468799591064,Q1_pred_1,1
81689,4,-0.1473110467195511,Q2_pred_2,2
156885,4,-0.19291356205940247,Q2_pred_2,2
97236,4,-0.016128629446029663,Q4_pred_4,4
55731,4,-0.15921509265899658,Q2_pred_2,2
114108,3,-0.04059665650129318,Q4_pred_4,4
256886,4,0.11311177164316177,Q5_pred_5,5
337824,4,-0.037376388907432556,Q4_pred_4,4
182543,4,0.047433868050575256,Q5_pred_5,5
70032,3,-0.0552654042840004,Q4_pred_4,4
135719,4,-0.07596009969711304,Q4_pred_4,4
477028,4,-0.10870349407196045,Q3_pred_3,3
363242,3,-0.16188423335552216,Q2_pred_2,2
146519,4,-0.09840025752782822,Q3_pred_3,3
134970,3,-0.09439742565155029,Q3_pred_3,3
96167,4,-0.027274832129478455,Q4_pred_4,4
113265,3,-0.002314586192369461,Q5_pred_5,5
104733,3,-0.07176927477121353,Q4_pred_4,4
111948,4,-0.031156525015830994,Q4_pred_4,4
391686,3,-0.07372146844863892,Q4_pred_4,4
27417,3,0.14507627487182617,Q5_pred_5,5
20929,4,0.15569433569908142,Q5_pred_5,5
146578,4,-0.11718219518661499,Q3_pred_3,3
5870,3,0.06959821283817291,Q5_pred_5,5
270689,4,-0.1079578548669815,Q3_pred_3,3
208849,3,-0.08142764866352081,Q3_pred_3,3
72891,4,-0.14915132522583008,Q2_pred_2,2
344992,4,-0.28025364875793457,Q1_pred_1,1
16629,3,-0.14517979323863983,Q2_pred_2,2
180949,4,-0.19543170928955078,Q2_pred_2,2
132905,4,-0.16917748749256134,Q2_pred_2,2
102516,4,0.03598715364933014,Q5_pred_5,5
386538,4,-0.032206058502197266,Q4_pred_4,4
239390,2,-0.13962821662425995,Q2_pred_2,2
137917,4,0.13447481393814087,Q5_pred_5,5
171016,4,-0.0903361439704895,Q3_pred_3,3
142305,4,-0.07141046226024628,Q4_pred_4,4
419894,3,-0.006808817386627197,Q5_pred_5,5
418399,4,-0.112484872341156,Q3_pred_3,3
127508,4,-0.16001282632350922,Q2_pred_2,2
76097,4,-0.21480587124824524,Q1_pred_1,1
86388,4,-0.09195628762245178,Q3_pred_3,3
65687,4,-0.1107746958732605,Q3_pred_3,3
101572,4,-0.16901740431785583,Q2_pred_2,2
76491,3,-0.3985321521759033,Q1_pred_1,1
174879,3,-0.21089182794094086,Q1_pred_1,1
389,4,-0.11978829652070999,Q3_pred_3,3
182524,4,-0.15725307166576385,Q2_pred_2,2
12776,4,-0.13749557733535767,Q2_pred_2,2
86141,4,-0.14653486013412476,Q2_pred_2,2
82267,4,-0.07152178883552551,Q4_pred_4,4
188145,4,-0.025525569915771484,Q4_pred_4,4
142688,4,-0.059275031089782715,Q4_pred_4,4
420266,4,0.0429927259683609,Q5_pred_5,5
153944,4,-0.19426307082176208,Q2_pred_2,2
257813,3,-0.20245355367660522,Q2_pred_2,2
432102,4,0.08341485261917114,Q5_pred_5,5
95534,4,-0.1830134093761444,Q2_pred_2,2
378683,4,-0.14955106377601624,Q2_pred_2,2
14990,4,-0.14372551441192627,Q2_pred_2,2
58625,4,-0.02187434583902359,Q4_pred_4,4
19165,4,-0.2607429027557373,Q1_pred_1,1
11599,3,0.06256565451622009,Q5_pred_5,5
382940,4,-0.10169366002082825,Q3_pred_3,3
257867,3,-0.31723955273628235,Q1_pred_1,1
37907,4,-0.16051065921783447,Q2_pred_2,2
148863,3,-0.024579934775829315,Q4_pred_4,4
158597,3,-0.15081378817558289,Q2_pred_2,2
17609,4,-0.15910647809505463,Q2_pred_2,2
30627,4,-0.1027441918849945,Q3_pred_3,3
28977,4,-0.2455073744058609,Q1_pred_1,1
131131,4,-0.24195511639118195,Q1_pred_1,1
119258,3,-0.21757325530052185,Q1_pred_1,1
352715,3,-0.06390447914600372,Q4_pred_4,4
10947,2,-0.29533442854881287,Q1_pred_1,1
345134,4,-0.046203985810279846,Q4_pred_4,4
263750,4,-0.08627204596996307,Q3_pred_3,3
105463,4,-0.38529348373413086,Q1_pred_1,1
29233,4,-0.23326656222343445,Q1_pred_1,1
29192,4,-0.25238507986068726,Q1_pred_1,1
26889,4,-0.11500975489616394,Q3_pred_3,3
359005,3,-0.28885364532470703,Q1_pred_1,1
65271,3,-0.19621723890304565,Q2_pred_2,2
374074,4,-0.06543020904064178,Q4_pred_4,4
83408,2,-0.14561453461647034,Q2_pred_2,2
364485,3,-0.17108067870140076,Q2_pred_2,2
69224,3,-0.22038164734840393,Q1_pred_1,1
30950,3,-0.023209139704704285,Q4_pred_4,4
33143,4,-0.10250705480575562,Q3_pred_3,3
355216,4,-0.10261457413434982,Q3_pred_3,3
40402,4,0.011812329292297363,Q5_pred_5,5
23086,3,-0.1023942232131958,Q3_pred_3,3
33003,4,-0.18813690543174744,Q2_pred_2,2
246968,4,0.01676468551158905,Q5_pred_5,5
382536,4,-0.013880670070648193,Q4_pred_4,4
43779,4,-0.1799420267343521,Q2_pred_2,2
193866,2,-0.19313764572143555,Q2_pred_2,2
64252,3,-0.2695571184158325,Q1_pred_1,1
93309,4,0.008340895175933838,Q5_pred_5,5
182969,4,-0.055113404989242554,Q4_pred_4,4
271335,4,-0.1234150379896164,Q3_pred_3,3
39731,3,-0.10914837568998337,Q3_pred_3,3
121560,3,0.22409778833389282,Q5_pred_5,5
24044,4,-0.007718130946159363,Q5_pred_5,5
58515,4,-0.1755913645029068,Q2_pred_2,2
167167,4,-0.07974019646644592,Q3_pred_3,3
383778,4,-0.1516588032245636,Q2_pred_2,2
13466,2,-0.2603314518928528,Q1_pred_1,1
78589,4,-0.2264050394296646,Q1_pred_1,1
141816,3,-0.05539365112781525,Q4_pred_4,4
220568,4,-0.04830741137266159,Q4_pred_4,4
72838,4,-0.09292814135551453,Q3_pred_3,3
81880,3,-0.17679673433303833,Q2_pred_2,2
10539,3,-0.07908186316490173,Q3_pred_3,3
38962,4,-0.06773878633975983,Q4_pred_4,4
9660,4,-0.11193938553333282,Q3_pred_3,3
21052,3,-0.05580031871795654,Q4_pred_4,4
21678,4,-0.1230001151561737,Q3_pred_3,3
416241,4,-0.1536029428243637,Q2_pred_2,2
89921,4,-0.1560366153717041,Q2_pred_2,2
168959,4,-0.242618590593338,Q1_pred_1,1
26946,4,-0.11697676032781601,Q3_pred_3,3
152370,4,0.01665171980857849,Q5_pred_5,5
4080,4,-0.06197017431259155,Q4_pred_4,4
75064,4,0.10007919371128082,Q5_pred_5,5
50306,4,-0.1874050498008728,Q2_pred_2,2
77584,4,-0.0696328654885292,Q4_pred_4,4
81987,3,0.12109094858169556,Q5_pred_5,5
239058,4,-0.0760117769241333,Q4_pred_4,4
200930,4,-0.1201450303196907,Q3_pred_3,3
160743,4,-0.041156619787216187,Q4_pred_4,4
117978,4,-0.09601126611232758,Q3_pred_3,3
14387,4,0.04656386375427246,Q5_pred_5,5
40431,4,0.04128122329711914,Q5_pred_5,5
79483,4,-0.2037448287010193,Q2_pred_2,2
20155,4,-0.08519864082336426,Q3_pred_3,3
27310,3,0.007080540060997009,Q5_pred_5,5
374105,4,-0.07780700922012329,Q3_pred_3,3
171456,3,-0.09406086802482605,Q3_pred_3,3
5100,4,-0.16873115301132202,Q2_pred_2,2
241579,4,-0.07342779636383057,Q4_pred_4,4
383695,4,-0.22095143795013428,Q1_pred_1,1
96104,3,-0.17685315012931824,Q2_pred_2,2
3924,3,-0.14193086326122284,Q2_pred_2,2
64293,4,-0.24163374304771423,Q1_pred_1,1
386380,4,-0.06000204384326935,Q4_pred_4,4
367826,4,-0.05779089033603668,Q4_pred_4,4
105644,3,-0.3859987258911133,Q1_pred_1,1
263951,4,0.05729718506336212,Q5_pred_5,5
378173,3,-0.3041285574436188,Q1_pred_1,1
388284,4,-0.1494176834821701,Q2_pred_2,2
140829,4,-0.2409788966178894,Q1_pred_1,1
156850,3,-0.0027593374252319336,Q5_pred_5,5
153503,4,-0.0007489770650863647,Q5_pred_5,5
65934,4,-0.19784198701381683,Q2_pred_2,2
38610,3,-0.45935940742492676,Q1_pred_1,1
27856,3,-0.09007105976343155,Q3_pred_3,3
186423,3,0.09394080191850662,Q5_pred_5,5
357216,4,-0.2649894952774048,Q1_pred_1,1
91610,4,-0.13492847979068756,Q2_pred_2,2
10897,4,-0.26336532831192017,Q1_pred_1,1
37182,4,0.08417752385139465,Q5_pred_5,5
69604,3,-0.16790442168712616,Q2_pred_2,2
173939,4,-0.1054440289735794,Q3_pred_3,3
59012,3,-0.27776414155960083,Q1_pred_1,1
134957,3,-0.03430929780006409,Q4_pred_4,4
247757,4,-0.1531989723443985,Q2_pred_2,2
68017,4,-0.4463925361633301,Q1_pred_1,1
325379,3,0.03139543533325195,Q5_pred_5,5
274866,4,0.029544442892074585,Q5_pred_5,5
477016,3,-0.267466276884079,Q1_pred_1,1
31754,3,-0.14886368811130524,Q2_pred_2,2
123994,4,-0.11364729702472687,Q3_pred_3,3
72843,4,-0.11286108195781708,Q3_pred_3,3
13868,3,-0.2472698837518692,Q1_pred_1,1
9056,4,-0.3464551568031311,Q1_pred_1,1
126465,4,-0.1193663626909256,Q3_pred_3,3
64471,4,-0.10579000413417816,Q3_pred_3,3
371981,4,-0.06888054311275482,Q4_pred_4,4
416379,3,-0.015447437763214111,Q4_pred_4,4
337001,4,-0.13298797607421875,Q3_pred_3,3
76814,4,-0.16624122858047485,Q2_pred_2,2
50241,4,-0.23415005207061768,Q1_pred_1,1
61707,4,0.04107154160737991,Q5_pred_5,5
268788,3,-0.012803912162780762,Q4_pred_4,4
50192,3,-0.15552815794944763,Q2_pred_2,2
402859,4,-0.18633469939231873,Q2_pred_2,2
166368,2,-0.09169459342956543,Q3_pred_3,3
208109,4,-0.05023810267448425,Q4_pred_4,4
171511,3,-0.08472533524036407,Q3_pred_3,3
424393,4,-0.17467579245567322,Q2_pred_2,2
371908,3,-0.07091762125492096,Q4_pred_4,4
107520,3,-0.04928165674209595,Q4_pred_4,4
69097,3,-0.343119740486145,Q1_pred_1,1
238017,4,-0.08269891887903214,Q3_pred_3,3
20840,4,-0.05115264654159546,Q4_pred_4,4
348405,3,-0.06955769658088684,Q4_pred_4,4
180173,4,-0.25476008653640747,Q1_pred_1,1
386249,4,-0.23084962368011475,Q1_pred_1,1
232622,3,-0.04589817672967911,Q4_pred_4,4
68658,4,0.0430135577917099,Q5_pred_5,5
89131,4,-0.09053703397512436,Q3_pred_3,3
4629,3,-0.19954530894756317,Q2_pred_2,2
127736,4,0.1288052350282669,Q5_pred_5,5
124396,4,-0.20711563527584076,Q1_pred_1,1
32199,4,-0.19528333842754364,Q2_pred_2,2
145274,4,0.046931855380535126,Q5_pred_5,5
29887,4,-0.13444313406944275,Q3_pred_3,3
97023,3,-0.23411667346954346,Q1_pred_1,1
26509,4,-0.28654706478118896,Q1_pred_1,1
114337,3,-0.07703038305044174,Q3_pred_3,3
339989,3,-0.08827591687440872,Q3_pred_3,3
23965,4,-0.17629781365394592,Q2_pred_2,2
163412,3,-0.19081440567970276,Q2_pred_2,2
359953,4,-0.13006342947483063,Q3_pred_3,3
114332,3,-0.010648377239704132,Q4_pred_4,4
32589,3,-0.030199140310287476,Q4_pred_4,4
13453,2,-0.25689274072647095,Q1_pred_1,1
146542,4,-0.09423935413360596,Q3_pred_3,3
240980,4,-0.051520511507987976,Q4_pred_4,4
183661,2,-0.0181338619440794,Q4_pred_4,4
74464,4,0.021579205989837646,Q5_pred_5,5
125125,4,-0.22116181254386902,Q1_pred_1,1
186316,4,0.03963783383369446,Q5_pred_5,5
150410,4,0.10602785646915436,Q5_pred_5,5
109913,4,-0.19054900109767914,Q2_pred_2,2
14080,3,-0.01705525629222393,Q4_pred_4,4
165471,4,-0.08084479719400406,Q3_pred_3,3
125177,3,-0.14504793286323547,Q2_pred_2,2
153905,4,-0.20915523171424866,Q1_pred_1,1
55993,4,-0.2476058304309845,Q1_pred_1,1
13872,4,-0.21696117520332336,Q1_pred_1,1
115236,4,-0.2018764466047287,Q2_pred_2,2
55009,3,-0.16673293709754944,Q2_pred_2,2
182800,3,-0.0678301751613617,Q4_pred_4,4
190951,3,0.057925283908843994,Q5_pred_5,5
169385,4,0.004737406969070435,Q5_pred_5,5
50088,4,-0.2248002290725708,Q1_pred_1,1
143251,4,-0.06194347143173218,Q4_pred_4,4
79775,3,-0.2059011310338974,Q1_pred_1,1
61716,4,0.007960595190525055,Q5_pred_5,5
26942,4,-0.09713128954172134,Q3_pred_3,3
42815,4,-0.11907397210597992,Q3_pred_3,3
135835,4,-0.07698051631450653,Q3_pred_3,3
50242,4,-0.22610321640968323,Q1_pred_1,1
87634,2,-0.058877259492874146,Q4_pred_4,4
96347,4,-0.04727381467819214,Q4_pred_4,4
199297,4,-0.12693427503108978,Q3_pred_3,3
50326,3,-0.19125650823116302,Q2_pred_2,2
22084,4,-0.002313464879989624,Q5_pred_5,5
199897,4,-0.22099819779396057,Q1_pred_1,1
29142,4,-0.24187085032463074,Q1_pred_1,1
394071,4,0.17210376262664795,Q5_pred_5,5
240324,4,-0.08156532794237137,Q3_pred_3,3
325013,3,-0.022949302569031715,Q4_pred_4,4
4582,3,-0.18796518445014954,Q2_pred_2,2
52179,4,-0.12060374021530151,Q3_pred_3,3
246356,3,0.01500345766544342,Q5_pred_5,5
247882,4,-0.1688118278980255,Q2_pred_2,2
426204,3,-0.147698774933815,Q2_pred_2,2
63467,4,-0.041908085346221924,Q4_pred_4,4
138473,4,-0.3754902482032776,Q1_pred_1,1
373995,4,-0.10457349568605423,Q3_pred_3,3
98231,4,-0.10007071495056152,Q3_pred_3,3
141376,4,-0.09963688999414444,Q3_pred_3,3
357004,4,-0.2588065266609192,Q1_pred_1,1
19153,4,-0.277268648147583,Q1_pred_1,1
141179,4,-0.21435244381427765,Q1_pred_1,1
8190,4,-0.2506636083126068,Q1_pred_1,1
408763,4,-0.03765588998794556,Q4_pred_4,4
348234,4,0.1767672598361969,Q5_pred_5,5
76299,4,-0.11791291832923889,Q3_pred_3,3
98382,4,-0.25799793004989624,Q1_pred_1,1
30039,4,-0.22223611176013947,Q1_pred_1,1
142824,5,-0.0511697381734848,Q4_pred_4,4
58873,4,-0.02829168736934662,Q4_pred_4,4
17422,3,-0.12329056859016418,Q3_pred_3,3
403646,3,-0.016860615462064743,Q4_pred_4,4
161317,4,-0.03203129768371582,Q4_pred_4,4
162975,4,-0.0641716718673706,Q4_pred_4,4
258148,3,-0.08636008203029633,Q3_pred_3,3
55311,4,-0.0757770836353302,Q4_pred_4,4
369078,3,-0.18746362626552582,Q2_pred_2,2
251110,4,-0.004468470811843872,Q5_pred_5,5
317101,4,0.0010020118206739426,Q5_pred_5,5
38538,3,-0.23003756999969482,Q1_pred_1,1
175489,3,-0.1850126087665558,Q2_pred_2,2
76813,3,-0.17421793937683105,Q2_pred_2,2
29096,4,-0.25398558378219604,Q1_pred_1,1
98792,3,-0.10818442702293396,Q3_pred_3,3
386609,4,-0.20151683688163757,Q2_pred_2,2
236563,3,0.11299081146717072,Q5_pred_5,5
52880,4,-0.09745141863822937,Q3_pred_3,3
173675,4,-0.047508180141448975,Q4_pred_4,4
360091,4,-0.22983801364898682,Q1_pred_1,1
170950,3,-0.02968023717403412,Q4_pred_4,4
164390,4,-0.20420631766319275,Q2_pred_2,2
12976,4,-0.19078218936920166,Q2_pred_2,2
354892,4,-0.1305752992630005,Q3_pred_3,3
61399,4,-0.08324076235294342,Q3_pred_3,3
244339,4,0.018666774034500122,Q5_pred_5,5
181919,3,0.01894988864660263,Q5_pred_5,5
137540,4,-0.09752700477838516,Q3_pred_3,3
166322,4,-0.15576374530792236,Q2_pred_2,2
172453,3,-0.018596336245536804,Q4_pred_4,4
340520,3,-0.053594835102558136,Q4_pred_4,4
274066,4,-0.17318189144134521,Q2_pred_2,2
136279,4,0.08460739254951477,Q5_pred_5,5
358645,3,-0.16547946631908417,Q2_pred_2,2
374872,3,-0.1928344964981079,Q2_pred_2,2
211096,4,-0.1424391120672226,Q2_pred_2,2
131174,4,0.003263145685195923,Q5_pred_5,5
358158,4,-0.40711989998817444,Q1_pred_1,1
38206,4,0.0216825008392334,Q5_pred_5,5
31823,4,-0.375645250082016,Q1_pred_1,1
316648,3,-0.09020228683948517,Q3_pred_3,3
56909,4,-0.15215614438056946,Q2_pred_2,2
39671,3,-0.16289453208446503,Q2_pred_2,2
168303,3,-0.002851322293281555,Q5_pred_5,5
396157,4,-0.26681753993034363,Q1_pred_1,1
82471,3,-0.1632629632949829,Q2_pred_2,2
119562,4,-0.22757793962955475,Q1_pred_1,1
236680,3,0.14231237769126892,Q5_pred_5,5
105597,4,-0.395486980676651,Q1_pred_1,1
18562,4,-0.23795729875564575,Q1_pred_1,1
197223,4,-0.21433179080486298,Q1_pred_1,1
121004,3,-0.034741759300231934,Q4_pred_4,4
236443,4,0.26326173543930054,Q5_pred_5,5
60164,4,-0.1965285986661911,Q2_pred_2,2
111161,4,-0.07411468029022217,Q4_pred_4,4
115557,2,0.11924327909946442,Q5_pred_5,5
33165,4,-0.1983947604894638,Q2_pred_2,2
208848,2,0.0842025876045227,Q5_pred_5,5
18471,4,-0.11113715171813965,Q3_pred_3,3
81166,3,-0.5541483759880066,Q1_pred_1,1
409197,4,-0.08183686435222626,Q3_pred_3,3
405662,4,-0.2096291035413742,Q1_pred_1,1
402649,4,-0.10810279846191406,Q3_pred_3,3
76989,3,-0.03283481299877167,Q4_pred_4,4
222351,3,-0.15037527680397034,Q2_pred_2,2
91762,4,-0.1326633095741272,Q3_pred_3,3
134965,4,-0.18451005220413208,Q2_pred_2,2
357164,4,-0.26668399572372437,Q1_pred_1,1
3928,3,-0.14655542373657227,Q2_pred_2,2
42195,4,-0.15705615282058716,Q2_pred_2,2
65498,4,-0.04491262137889862,Q4_pred_4,4
96784,4,-0.25716936588287354,Q1_pred_1,1
348905,3,-0.04574622958898544,Q4_pred_4,4
147271,4,-0.1174299567937851,Q3_pred_3,3
33692,4,0.09086835384368896,Q5_pred_5,5
71663,3,-0.17025092244148254,Q2_pred_2,2
219260,3,0.007653653621673584,Q5_pred_5,5
54901,4,-0.020416587591171265,Q4_pred_4,4
40444,4,0.043900325894355774,Q5_pred_5,5
432113,4,-0.05447298288345337,Q4_pred_4,4
187809,4,0.10618194937705994,Q5_pred_5,5
81335,4,-0.2120184600353241,Q1_pred_1,1
416703,3,-0.11650167405605316,Q3_pred_3,3
98779,3,-0.09026922285556793,Q3_pred_3,3
130649,3,-0.2619374990463257,Q1_pred_1,1
90263,4,0.19761526584625244,Q5_pred_5,5
150706,4,-0.10354030877351761,Q3_pred_3,3
3931,3,-0.17273959517478943,Q2_pred_2,2
121573,4,0.2478521764278412,Q5_pred_5,5
73716,4,-0.004437506198883057,Q5_pred_5,5
61042,3,-0.049163125455379486,Q4_pred_4,4
11851,3,0.230673149228096,Q5_pred_5,5
151750,2,-0.08818615972995758,Q3_pred_3,3
52896,4,-0.07298928499221802,Q4_pred_4,4
247314,4,-0.16257214546203613,Q2_pred_2,2
13858,2,-0.20390209555625916,Q2_pred_2,2
92925,3,-0.08657164871692657,Q3_pred_3,3
340660,3,-0.16240796446800232,Q2_pred_2,2
55107,3,-0.14440247416496277,Q2_pred_2,2
375538,3,-0.13080143928527832,Q3_pred_3,3
321972,3,-0.07336931675672531,Q4_pred_4,4
5684,4,-0.01322394609451294,Q4_pred_4,4
26546,4,-0.05607040971517563,Q4_pred_4,4
232611,3,-0.08751169592142105,Q3_pred_3,3
1888,2,-0.19296446442604065,Q2_pred_2,2
164299,4,-0.15198901295661926,Q2_pred_2,2
152904,4,-0.13529187440872192,Q2_pred_2,2
156742,2,-0.2124539464712143,Q1_pred_1,1
8521,4,-0.16239085793495178,Q2_pred_2,2
62156,3,-0.16955381631851196,Q2_pred_2,2
53484,3,-0.03576093912124634,Q4_pred_4,4
156820,2,-0.22930197417736053,Q1_pred_1,1
327495,4,-0.12136934697628021,Q3_pred_3,3
386592,4,-0.17391955852508545,Q2_pred_2,2
41021,4,0.08127720654010773,Q5_pred_5,5
71705,4,0.0449753999710083,Q5_pred_5,5
137903,3,0.17706343531608582,Q5_pred_5,5
140660,4,0.017947599291801453,Q5_pred_5,5
58578,3,-0.10236608982086182,Q3_pred_3,3
44650,4,-0.04044923186302185,Q4_pred_4,4
162947,4,-0.04954950511455536,Q4_pred_4,4
172448,2,-0.20048601925373077,Q2_pred_2,2
65895,4,-0.1465572565793991,Q2_pred_2,2
360790,4,0.03810150921344757,Q5_pred_5,5
203944,3,-0.013099998235702515,Q4_pred_4,4
91232,4,-0.05236083269119263,Q4_pred_4,4
378289,4,-0.08585123717784882,Q3_pred_3,3
374525,4,-0.21995937824249268,Q1_pred_1,1
391214,3,-0.24341712892055511,Q1_pred_1,1
114428,3,0.06253494322299957,Q5_pred_5,5
400697,4,-0.27300915122032166,Q1_pred_1,1
12996,3,-0.26512137055397034,Q1_pred_1,1
160350,3,-0.12228041887283325,Q3_pred_3,3
50424,4,0.05078232288360596,Q5_pred_5,5
12728,3,-0.12097692489624023,Q3_pred_3,3
26189,3,-0.09084311127662659,Q3_pred_3,3
199146,4,0.08168855309486389,Q5_pred_5,5
415411,4,-0.02537679672241211,Q4_pred_4,4
427718,4,-0.12113457173109055,Q3_pred_3,3
12771,3,-0.16262686252593994,Q2_pred_2,2
255648,4,-0.15832816064357758,Q2_pred_2,2
145487,4,-0.22752459347248077,Q1_pred_1,1
127612,4,-0.12068039923906326,Q3_pred_3,3
141563,4,-0.10940083116292953,Q3_pred_3,3
327002,3,-0.012413769960403442,Q4_pred_4,4
99580,4,-0.05326801538467407,Q4_pred_4,4
47276,2,-0.24634115397930145,Q1_pred_1,1
107157,4,-0.07350485771894455,Q4_pred_4,4
69626,3,-0.0013392604887485504,Q5_pred_5,5
255677,3,-0.1122179627418518,Q3_pred_3,3
19252,4,0.06286072731018066,Q5_pred_5,5
246327,4,-0.11798986047506332,Q3_pred_3,3
358288,4,-0.4105863571166992,Q1_pred_1,1
272237,4,-0.07276329398155212,Q4_pred_4,4
30855,2,-0.04525113105773926,Q4_pred_4,4
159401,4,0.1015881896018982,Q5_pred_5,5
47142,4,-0.24241432547569275,Q1_pred_1,1
173888,4,-0.23458853363990784,Q1_pred_1,1
377138,4,-0.15649697184562683,Q2_pred_2,2
92137,4,-0.1056317538022995,Q3_pred_3,3
90442,4,-0.06642141938209534,Q4_pred_4,4
39919,4,-0.42851123213768005,Q1_pred_1,1
131991,4,-0.00904931128025055,Q4_pred_4,4
249522,4,-0.08474525064229965,Q3_pred_3,3
26595,4,-0.18511605262756348,Q2_pred_2,2
199230,4,0.028721913695335388,Q5_pred_5,5
41360,3,-0.11721381545066833,Q3_pred_3,3
154277,4,-0.3093280792236328,Q1_pred_1,1
123294,4,-0.10628707706928253,Q3_pred_3,3
144480,3,0.027702882885932922,Q5_pred_5,5
356802,4,-0.15560325980186462,Q2_pred_2,2
41134,4,-0.15232086181640625,Q2_pred_2,2
202009,3,-0.10737476497888565,Q3_pred_3,3
20753,4,-0.10714691877365112,Q3_pred_3,3
354645,3,-0.06311386823654175,Q4_pred_4,4
38381,4,-0.042136870324611664,Q4_pred_4,4
369321,4,-0.10401953011751175,Q3_pred_3,3
35074,4,-0.3371872901916504,Q1_pred_1,1
2431,3,0.014070659875869751,Q5_pred_5,5
340254,3,-0.07053766399621964,Q4_pred_4,4
239573,3,-0.12377484142780304,Q3_pred_3,3
88935,3,-0.039843909442424774,Q4_pred_4,4
57055,3,-0.28619834780693054,Q1_pred_1,1
247517,4,-0.22058218717575073,Q1_pred_1,1
38105,4,-0.10423576086759567,Q3_pred_3,3
167729,5,-0.17765066027641296,Q2_pred_2,2
236575,3,0.1095607727766037,Q5_pred_5,5
153966,4,-0.13743257522583008,Q2_pred_2,2
41602,4,-0.011618956923484802,Q4_pred_4,4
355211,4,-0.14227809011936188,Q2_pred_2,2
433887,3,-0.16963106393814087,Q2_pred_2,2
357390,4,-0.09171446412801743,Q3_pred_3,3
362196,4,-0.15588247776031494,Q2_pred_2,2
403574,4,-0.17347538471221924,Q2_pred_2,2
11826,4,-0.20119088888168335,Q2_pred_2,2
17913,3,0.2016279399394989,Q5_pred_5,5
50273,3,-0.23349717259407043,Q1_pred_1,1
152345,4,-0.2976810038089752,Q1_pred_1,1
41188,3,-0.02107393741607666,Q4_pred_4,4
223745,3,-0.08653265237808228,Q3_pred_3,3
169233,3,-0.048658549785614014,Q4_pred_4,4
69477,4,-0.19572211802005768,Q2_pred_2,2
140034,3,-0.20267805457115173,Q2_pred_2,2
367836,3,-0.07954660803079605,Q3_pred_3,3
334541,3,0.058797478675842285,Q5_pred_5,5
70025,4,-0.04227191209793091,Q4_pred_4,4
149284,3,0.05056726932525635,Q5_pred_5,5
50658,3,0.006032422184944153,Q5_pred_5,5
157475,4,-0.19758340716362,Q2_pred_2,2
61737,3,0.014118991792201996,Q5_pred_5,5
114356,2,-0.08828376233577728,Q3_pred_3,3
242650,3,0.00819472223520279,Q5_pred_5,5
93315,3,-0.024344995617866516,Q4_pred_4,4
50160,3,-0.17973418533802032,Q2_pred_2,2
167181,4,-0.07313252985477448,Q4_pred_4,4
164392,4,-0.19590061902999878,Q2_pred_2,2
429857,4,-0.1311890035867691,Q3_pred_3,3
62833,4,-0.21167020499706268,Q1_pred_1,1
193818,3,-0.1552940011024475,Q2_pred_2,2
221842,3,-0.051240794360637665,Q4_pred_4,4
38166,3,-0.08004000782966614,Q3_pred_3,3
65802,4,-0.13631653785705566,Q2_pred_2,2
248422,4,0.043115705251693726,Q5_pred_5,5
333711,3,-0.2890828847885132,Q1_pred_1,1
241701,3,0.12544196844100952,Q5_pred_5,5
348882,3,-0.051173388957977295,Q4_pred_4,4
39451,3,-0.043324023485183716,Q4_pred_4,4
11964,4,-0.10847393423318863,Q3_pred_3,3
68724,3,-0.1532437950372696,Q2_pred_2,2
383742,3,-0.011756889522075653,Q4_pred_4,4
138700,4,-0.14762888848781586,Q2_pred_2,2
89326,4,-0.16904979944229126,Q2_pred_2,2
11980,4,-0.08390436321496964,Q3_pred_3,3
31585,3,-0.2430053949356079,Q1_pred_1,1
8107,4,0.14293327927589417,Q5_pred_5,5
11608,3,-0.05972956120967865,Q4_pred_4,4
366771,3,-0.1625348925590515,Q2_pred_2,2
54329,4,-0.3495754599571228,Q1_pred_1,1
86880,4,-0.015590384602546692,Q4_pred_4,4
112064,3,0.14535322785377502,Q5_pred_5,5
427140,4,0.019490793347358704,Q5_pred_5,5
146670,5,-0.0759936273097992,Q4_pred_4,4
64544,4,0.10645285248756409,Q5_pred_5,5
248436,4,-0.04228588193655014,Q4_pred_4,4
42211,3,-0.16671283543109894,Q2_pred_2,2
6984,4,-0.11710137128829956,Q3_pred_3,3
167421,4,-0.10571333765983582,Q3_pred_3,3
44704,4,-0.07648330926895142,Q4_pred_4,4
56837,3,-0.07362465560436249,Q4_pred_4,4
15802,3,0.09546871483325958,Q5_pred_5,5
154040,4,-0.13715991377830505,Q2_pred_2,2
12754,3,-0.15170085430145264,Q2_pred_2,2
46687,4,0.0882454514503479,Q5_pred_5,5
27693,3,-0.037174075841903687,Q4_pred_4,4
101375,4,-0.011968523263931274,Q4_pred_4,4
41049,3,-0.2415347695350647,Q1_pred_1,1
5588,3,0.05224908888339996,Q5_pred_5,5
355101,4,-0.1990266889333725,Q2_pred_2,2
396758,4,-0.1236100122332573,Q3_pred_3,3
86580,3,-0.2613583505153656,Q1_pred_1,1
130474,3,0.07652390003204346,Q5_pred_5,5
107353,2,-0.14856338500976562,Q2_pred_2,2
45590,3,-0.13056734204292297,Q3_pred_3,3
6637,3,-0.20851469039916992,Q1_pred_1,1
72263,3,0.0037754178047180176,Q5_pred_5,5
156794,4,-0.22875156998634338,Q1_pred_1,1
207129,4,-0.18407441675662994,Q2_pred_2,2
326175,4,-0.14463584125041962,Q2_pred_2,2
26578,3,-0.20032820105552673,Q2_pred_2,2
114081,3,-0.09566548466682434,Q3_pred_3,3
166252,2,-0.2840028405189514,Q1_pred_1,1
99232,4,-0.14313286542892456,Q2_pred_2,2
105755,4,-0.3791465163230896,Q1_pred_1,1
377573,4,-0.21697202324867249,Q1_pred_1,1
153760,4,-0.22259080410003662,Q1_pred_1,1
153675,4,-0.31279417872428894,Q1_pred_1,1
4581,3,-0.20248159766197205,Q2_pred_2,2
420763,3,0.020962417125701904,Q5_pred_5,5
185989,3,-0.031127773225307465,Q4_pred_4,4
28994,4,-0.2125929892063141,Q1_pred_1,1
415004,4,-0.06069424748420715,Q4_pred_4,4
110410,3,-0.24434010684490204,Q1_pred_1,1
360694,4,-0.07012151181697845,Q4_pred_4,4
192653,4,-0.150843545794487,Q2_pred_2,2
14083,3,-0.09790248423814774,Q3_pred_3,3
30834,3,-0.03265661001205444,Q4_pred_4,4
104386,3,-0.06295739114284515,Q4_pred_4,4
188065,4,-0.040656864643096924,Q4_pred_4,4
18449,3,-0.11969619989395142,Q3_pred_3,3
45117,3,0.05172732472419739,Q5_pred_5,5
387781,4,-0.02203384041786194,Q4_pred_4,4
273309,3,-0.15320110321044922,Q2_pred_2,2
146681,4,-0.10813239216804504,Q3_pred_3,3
21941,4,-0.20023000240325928,Q2_pred_2,2
146619,4,-0.09441247582435608,Q3_pred_3,3
59970,3,-0.23155567049980164,Q1_pred_1,1
165596,3,0.04892681539058685,Q5_pred_5,5
50252,3,-0.1886461079120636,Q2_pred_2,2
185061,2,-0.15993386507034302,Q2_pred_2,2
125812,4,-0.07930642366409302,Q3_pred_3,3
29407,4,-0.3165642023086548,Q1_pred_1,1
376926,4,0.18859124183654785,Q5_pred_5,5
93656,4,-0.20330166816711426,Q2_pred_2,2
6070,2,-0.12109483778476715,Q3_pred_3,3
248614,4,-0.07071344554424286,Q4_pred_4,4
43890,3,-0.385174036026001,Q1_pred_1,1
172451,4,-0.08844217658042908,Q3_pred_3,3
18755,4,0.042738914489746094,Q5_pred_5,5
25042,4,-0.08215197175741196,Q3_pred_3,3
336401,3,-0.0805363655090332,Q3_pred_3,3
51475,4,0.14350640773773193,Q5_pred_5,5
165611,4,-0.3570372760295868,Q1_pred_1,1
375552,4,-0.16292999684810638,Q2_pred_2,2
332047,4,0.0024715662002563477,Q5_pred_5,5
186335,4,-0.12135753035545349,Q3_pred_3,3
373984,4,-0.12998245656490326,Q3_pred_3,3
459778,4,-0.06564688682556152,Q4_pred_4,4
390250,2,-0.17824938893318176,Q2_pred_2,2
156789,3,-0.24085396528244019,Q1_pred_1,1
357215,3,-0.2610997259616852,Q1_pred_1,1
386750,4,-0.16809800267219543,Q2_pred_2,2
24589,3,-0.11975814402103424,Q3_pred_3,3
416306,3,-0.04596769064664841,Q4_pred_4,4
368265,3,-0.04785412177443504,Q4_pred_4,4
121049,4,-0.15322661399841309,Q2_pred_2,2
34056,3,-0.03024926781654358,Q4_pred_4,4
98879,3,-0.30673521757125854,Q1_pred_1,1
399506,4,-0.1376786231994629,Q2_pred_2,2
423344,4,-0.14716076850891113,Q2_pred_2,2
387760,4,-0.03214675188064575,Q4_pred_4,4
143588,3,-0.11220557987689972,Q3_pred_3,3
29221,4,-0.2368137538433075,Q1_pred_1,1
60589,3,-0.011563345789909363,Q4_pred_4,4
42,4,-0.20890848338603973,Q1_pred_1,1
91403,4,-0.06521105766296387,Q4_pred_4,4
208919,4,-0.12871095538139343,Q3_pred_3,3
107731,3,-0.17906594276428223,Q2_pred_2,2
111091,3,-0.14085590839385986,Q2_pred_2,2
137905,4,0.13106627762317657,Q5_pred_5,5
73419,3,-0.24211204051971436,Q1_pred_1,1
114152,3,-0.10997863113880157,Q3_pred_3,3
373672,4,-0.07614542543888092,Q4_pred_4,4
33983,4,0.005842961370944977,Q5_pred_5,5
214723,3,-0.07065026462078094,Q4_pred_4,4
93899,4,-0.020536281168460846,Q4_pred_4,4
167455,4,-0.11226318776607513,Q3_pred_3,3
16098,3,-0.43175041675567627,Q1_pred_1,1
356444,4,-0.14452287554740906,Q2_pred_2,2
62257,4,-0.10450556874275208,Q3_pred_3,3
172622,4,-0.21545320749282837,Q1_pred_1,1
35442,3,-0.14555419981479645,Q2_pred_2,2
418366,4,-0.1355176419019699,Q2_pred_2,2
28385,3,-0.016538113355636597,Q4_pred_4,4
203164,3,-0.16644760966300964,Q2_pred_2,2
1405,3,-0.29229530692100525,Q1_pred_1,1
151089,3,-0.19618645310401917,Q2_pred_2,2
355249,4,-0.15016089379787445,Q2_pred_2,2
29278,4,-0.24388590455055237,Q1_pred_1,1
124687,3,0.09020248055458069,Q5_pred_5,5
41328,4,-0.347234845161438,Q1_pred_1,1
101459,3,-0.07699617743492126,Q3_pred_3,3
373356,4,-0.08582764863967896,Q3_pred_3,3
366173,3,-0.21051283180713654,Q1_pred_1,1
77014,2,0.020867235958576202,Q5_pred_5,5
153713,3,-0.1073717474937439,Q3_pred_3,3
45917,4,0.12262392044067383,Q5_pred_5,5
147816,4,-0.010643132030963898,Q4_pred_4,4
26928,4,-0.12779255211353302,Q3_pred_3,3
42351,4,0.1494952291250229,Q5_pred_5,5
73723,4,-0.05898633599281311,Q4_pred_4,4
349157,4,-0.11225952208042145,Q3_pred_3,3
67739,4,-0.27351704239845276,Q1_pred_1,1
26537,4,-0.0513264462351799,Q4_pred_4,4
327139,4,0.061386093497276306,Q5_pred_5,5
358167,4,-0.3966953754425049,Q1_pred_1,1
10884,3,-0.349026083946228,Q1_pred_1,1
244757,3,-0.14223191142082214,Q2_pred_2,2
4431,3,-0.18935522437095642,Q2_pred_2,2
150985,4,-0.22239360213279724,Q1_pred_1,1
156782,4,-0.23675335943698883,Q1_pred_1,1
48313,4,-0.27064988017082214,Q1_pred_1,1
141196,2,-0.33053022623062134,Q1_pred_1,1
68427,4,-0.2639394998550415,Q1_pred_1,1
127634,4,-0.15399488806724548,Q2_pred_2,2
132045,4,-0.08013425767421722,Q3_pred_3,3
28358,4,-0.05961785465478897,Q4_pred_4,4
54113,4,-0.01948983408510685,Q4_pred_4,4
167179,4,-0.03248554468154907,Q4_pred_4,4
4231,3,-0.0384863018989563,Q4_pred_4,4
127307,4,-0.5111970901489258,Q1_pred_1,1
40005,4,0.11712174117565155,Q5_pred_5,5
179239,4,-0.11296344548463821,Q3_pred_3,3
13450,4,-0.25550615787506104,Q1_pred_1,1
12986,4,-0.17282459139823914,Q2_pred_2,2
72879,4,-0.14348870515823364,Q2_pred_2,2
11935,4,-0.11256390810012817,Q3_pred_3,3
27132,4,-0.05427466332912445,Q4_pred_4,4
26213,4,-0.13208135962486267,Q3_pred_3,3
12886,4,-0.15041115880012512,Q2_pred_2,2
390297,3,-0.13865020871162415,Q2_pred_2,2
100029,4,-0.06842697411775589,Q4_pred_4,4
19525,3,0.047875046730041504,Q5_pred_5,5
153853,4,-0.24830761551856995,Q1_pred_1,1
367095,3,-0.07318803668022156,Q4_pred_4,4
17693,3,-0.016314685344696045,Q4_pred_4,4
183638,2,-0.1482124626636505,Q2_pred_2,2
107710,3,-0.12113204598426819,Q3_pred_3,3
51216,3,-0.3395973742008209,Q1_pred_1,1
372648,4,-0.24023710191249847,Q1_pred_1,1
354435,4,-0.0858052521944046,Q3_pred_3,3
61740,4,0.026236586272716522,Q5_pred_5,5
46691,3,0.07480952143669128,Q5_pred_5,5
10784,1,-0.29654061794281006,Q1_pred_1,1
250260,3,-0.21541792154312134,Q1_pred_1,1
86593,3,-0.2513393759727478,Q1_pred_1,1
149216,4,-0.02055121213197708,Q4_pred_4,4
180544,2,-0.01179339736700058,Q4_pred_4,4
109625,3,-0.07611256837844849,Q4_pred_4,4
338426,3,-0.14766289293766022,Q2_pred_2,2
349229,4,-0.012576863169670105,Q4_pred_4,4
19069,3,-0.044331956654787064,Q4_pred_4,4
374102,4,-0.052121177315711975,Q4_pred_4,4
46045,3,0.04085792601108551,Q5_pred_5,5
136605,3,-0.03500186651945114,Q4_pred_4,4
214863,2,-0.17908278107643127,Q2_pred_2,2
402128,4,-0.16486355662345886,Q2_pred_2,2
78783,3,-0.4166898727416992,Q1_pred_1,1
146942,4,-0.21334344148635864,Q1_pred_1,1
263153,4,-0.16404995322227478,Q2_pred_2,2
420320,4,-0.09136556088924408,Q3_pred_3,3
105866,4,-0.36956334114074707,Q1_pred_1,1
96071,4,0.01346912793815136,Q5_pred_5,5
9659,4,-0.1814577728509903,Q2_pred_2,2
62280,4,0.11428830027580261,Q5_pred_5,5
14326,4,-0.10005860030651093,Q3_pred_3,3
1077,2,-0.16105473041534424,Q2_pred_2,2
71081,3,-0.1476282775402069,Q2_pred_2,2
977,4,-0.07874881476163864,Q3_pred_3,3
64387,3,-0.20375250279903412,Q2_pred_2,2
20642,4,-0.12941576540470123,Q3_pred_3,3
196033,4,0.17103973031044006,Q5_pred_5,5
160519,3,-0.07342985272407532,Q4_pred_4,4
102868,3,-0.07387149333953857,Q4_pred_4,4
235671,4,-0.019904807209968567,Q4_pred_4,4
38186,4,0.043404653668403625,Q5_pred_5,5
434790,3,-0.19446495175361633,Q2_pred_2,2
105468,3,-0.3961639106273651,Q1_pred_1,1
351970,3,-0.1102006658911705,Q3_pred_3,3
181357,3,0.06169427931308746,Q5_pred_5,5
35624,3,-0.23884782195091248,Q1_pred_1,1
127338,4,-0.0827997475862503,Q3_pred_3,3
248407,4,-0.017225831747055054,Q4_pred_4,4
6546,4,-0.1329185962677002,Q3_pred_3,3
59607,3,-0.1672479659318924,Q2_pred_2,2
34796,3,-0.004414945840835571,Q5_pred_5,5
374538,4,-0.2834762930870056,Q1_pred_1,1
89963,4,0.0762389600276947,Q5_pred_5,5
61776,4,0.05093831196427345,Q5_pred_5,5
117228,4,-0.09569162130355835,Q3_pred_3,3
142821,4,-0.034801632165908813,Q4_pred_4,4
7985,3,-0.004785627126693726,Q5_pred_5,5
198889,3,-0.10677637904882431,Q3_pred_3,3
160242,4,-0.12705069780349731,Q3_pred_3,3
62031,4,-0.2399633526802063,Q1_pred_1,1
148611,4,0.06928718090057373,Q5_pred_5,5
40900,4,-0.13556408882141113,Q2_pred_2,2
81873,3,-0.3886522352695465,Q1_pred_1,1
131264,3,-0.06626385450363159,Q4_pred_4,4
168747,4,0.015388131141662598,Q5_pred_5,5
395062,4,-0.10588790476322174,Q3_pred_3,3
5302,4,-0.18072226643562317,Q2_pred_2,2
126528,2,0.0505925789475441,Q5_pred_5,5
51414,3,0.011163085699081421,Q5_pred_5,5
49478,3,0.010747820138931274,Q5_pred_5,5
249490,3,-0.06084660440683365,Q4_pred_4,4
145101,4,-0.27798759937286377,Q1_pred_1,1
35554,4,-0.08432729542255402,Q3_pred_3,3
343427,3,-0.14756172895431519,Q2_pred_2,2
143644,3,-0.04993368685245514,Q4_pred_4,4
23751,4,-0.23665906488895416,Q1_pred_1,1
74912,2,-0.3669450879096985,Q1_pred_1,1
10836,2,-0.23168189823627472,Q1_pred_1,1
1986,4,0.045372456312179565,Q5_pred_5,5
53797,3,-0.31705227494239807,Q1_pred_1,1
117233,3,-0.11014386266469955,Q3_pred_3,3
381457,3,-0.1955990195274353,Q2_pred_2,2
13504,3,-0.03300216794013977,Q4_pred_4,4
48417,3,-0.028573036193847656,Q4_pred_4,4
56970,4,-0.17784155905246735,Q2_pred_2,2
38427,3,-0.2692206799983978,Q1_pred_1,1
347925,4,-0.09237361699342728,Q3_pred_3,3
151210,3,-0.07635676860809326,Q4_pred_4,4
67170,3,-0.19831708073616028,Q2_pred_2,2
275069,3,-0.12363967299461365,Q3_pred_3,3
358468,4,-0.26253485679626465,Q1_pred_1,1
362665,4,-0.033692121505737305,Q4_pred_4,4
131350,3,-0.2318408191204071,Q1_pred_1,1
345955,3,-0.14011931419372559,Q2_pred_2,2
54448,3,0.16429200768470764,Q5_pred_5,5
220596,4,-0.038213107734918594,Q4_pred_4,4
50174,3,-0.13409650325775146,Q3_pred_3,3
36397,4,-0.09857872873544693,Q3_pred_3,3
127632,4,-0.15732716023921967,Q2_pred_2,2
315856,3,-0.2700960338115692,Q1_pred_1,1
104498,4,-0.08928981423377991,Q3_pred_3,3
172452,3,-0.10241580009460449,Q3_pred_3,3
168081,3,-0.07588660717010498,Q4_pred_4,4
47469,4,-0.1176324188709259,Q3_pred_3,3
365519,4,-0.07775701582431793,Q3_pred_3,3
173909,3,0.10731880366802216,Q5_pred_5,5
13444,3,-0.2937473952770233,Q1_pred_1,1
17136,3,-0.2300153225660324,Q1_pred_1,1
115558,2,0.042297929525375366,Q5_pred_5,5
3316,3,-0.12699300050735474,Q3_pred_3,3
111621,4,-0.16744661331176758,Q2_pred_2,2
14005,4,-0.044417813420295715,Q4_pred_4,4
196063,4,-0.07977677136659622,Q3_pred_3,3
146679,4,-0.11077076196670532,Q3_pred_3,3
173538,4,-0.08226566016674042,Q3_pred_3,3
422814,3,0.0325712114572525,Q5_pred_5,5
364707,4,-0.10106328129768372,Q3_pred_3,3
146853,2,-0.30506598949432373,Q1_pred_1,1
78631,3,-0.2338588386774063,Q1_pred_1,1
85874,2,-0.14036303758621216,Q2_pred_2,2
64676,3,0.15588253736495972,Q5_pred_5,5
153641,4,-0.29521551728248596,Q1_pred_1,1
93710,4,-0.17735236883163452,Q2_pred_2,2
78624,3,-0.21021336317062378,Q1_pred_1,1
62478,3,-0.3933759331703186,Q1_pred_1,1
25769,3,-0.10786328464746475,Q3_pred_3,3
355771,4,-0.3548375964164734,Q1_pred_1,1
122823,3,-0.08650103211402893,Q3_pred_3,3
24834,3,-0.18577495217323303,Q2_pred_2,2
402022,4,-0.1982373148202896,Q2_pred_2,2
105495,3,-0.3924857974052429,Q1_pred_1,1
168699,3,-0.20748412609100342,Q1_pred_1,1
60795,4,-0.18040019273757935,Q2_pred_2,2
408562,4,-0.17823417484760284,Q2_pred_2,2
476456,3,-0.06590256094932556,Q4_pred_4,4
3838,3,-0.23822446167469025,Q1_pred_1,1
274891,3,-0.02128511667251587,Q4_pred_4,4
416425,4,0.05101516842842102,Q5_pred_5,5
249469,4,-0.03961116075515747,Q4_pred_4,4
16597,3,-0.01576950028538704,Q4_pred_4,4
247217,3,-0.12303698062896729,Q3_pred_3,3
54523,4,-0.1949644535779953,Q2_pred_2,2
157311,4,-0.022241562604904175,Q4_pred_4,4
20191,4,-0.01618976891040802,Q4_pred_4,4
352331,3,-0.07720859348773956,Q3_pred_3,3
62459,4,-0.06804890185594559,Q4_pred_4,4
69,4,-0.062364526093006134,Q4_pred_4,4
144076,3,-0.16890570521354675,Q2_pred_2,2
359146,4,-0.12721434235572815,Q3_pred_3,3
19760,4,-0.04546321928501129,Q4_pred_4,4
96954,4,0.10260400176048279,Q5_pred_5,5
413209,4,0.05583712458610535,Q5_pred_5,5
145081,3,0.07545509934425354,Q5_pred_5,5
18356,3,-0.25526514649391174,Q1_pred_1,1
61526,3,-0.02974066138267517,Q4_pred_4,4
382632,4,-0.009698759764432907,Q4_pred_4,4
153906,4,-0.18910670280456543,Q2_pred_2,2
93396,4,-0.09280365705490112,Q3_pred_3,3
349289,3,-0.2029472291469574,Q2_pred_2,2
40884,4,-0.13802646100521088,Q2_pred_2,2
111778,3,-0.16659575700759888,Q2_pred_2,2
213032,4,0.1989060789346695,Q5_pred_5,5
101840,3,-0.3499206602573395,Q1_pred_1,1
56028,4,-0.2619221806526184,Q1_pred_1,1
33629,4,-0.13220496475696564,Q3_pred_3,3
124181,3,-0.0953064113855362,Q3_pred_3,3
90288,3,-0.2553315758705139,Q1_pred_1,1
45920,3,-0.29318612813949585,Q1_pred_1,1
32395,3,-0.07791081070899963,Q3_pred_3,3
337762,4,-0.2531498074531555,Q1_pred_1,1
73265,3,-0.20968547463417053,Q1_pred_1,1
236558,4,0.21618850529193878,Q5_pred_5,5
358296,4,-0.3374437689781189,Q1_pred_1,1
156797,3,-0.248594731092453,Q1_pred_1,1
196076,4,-0.07948249578475952,Q3_pred_3,3
152240,4,-0.11017187684774399,Q3_pred_3,3
28867,4,-0.2524624466896057,Q1_pred_1,1
11831,3,-0.2349117547273636,Q1_pred_1,1
105633,3,-0.3840284049510956,Q1_pred_1,1
69503,4,0.02747960388660431,Q5_pred_5,5
386120,3,-0.2309911698102951,Q1_pred_1,1
28251,3,-0.226270392537117,Q1_pred_1,1
239746,3,-0.16537514328956604,Q2_pred_2,2
17691,3,-0.01578277349472046,Q4_pred_4,4
8863,4,-0.016355663537979126,Q4_pred_4,4
26825,3,-0.31353065371513367,Q1_pred_1,1
458041,4,-0.2277209311723709,Q1_pred_1,1
73710,3,-0.08529201149940491,Q3_pred_3,3
118331,2,-0.010076820850372314,Q4_pred_4,4
233826,3,0.0017460696399211884,Q5_pred_5,5
42347,3,0.09981174767017365,Q5_pred_5,5
10881,3,-0.27788931131362915,Q1_pred_1,1
242689,3,-0.12143225222826004,Q3_pred_3,3
28862,4,-0.15119582414627075,Q2_pred_2,2
205887,3,-0.21652619540691376,Q1_pred_1,1
200922,4,-0.14646810293197632,Q2_pred_2,2
26456,2,0.007889702916145325,Q5_pred_5,5
33161,3,-0.15393421053886414,Q2_pred_2,2
343887,3,-0.008747860789299011,Q4_pred_4,4
169131,4,-0.32394030690193176,Q1_pred_1,1
57060,4,-0.1270655244588852,Q3_pred_3,3
354376,4,-0.08815526962280273,Q3_pred_3,3
144334,3,-0.055867791175842285,Q4_pred_4,4
343984,4,-0.1264692097902298,Q3_pred_3,3
146982,4,-0.012551002204418182,Q4_pred_4,4
85682,3,-0.1848302036523819,Q2_pred_2,2
143902,3,0.14281918108463287,Q5_pred_5,5
105434,3,-0.37872540950775146,Q1_pred_1,1
200906,3,-0.052916206419467926,Q4_pred_4,4
134008,3,-0.18082740902900696,Q2_pred_2,2
33903,4,0.15250900387763977,Q5_pred_5,5
153501,3,-0.11624208092689514,Q3_pred_3,3
320660,4,-0.01574033498764038,Q4_pred_4,4
140648,3,0.00232502818107605,Q5_pred_5,5
213162,4,-0.04084823280572891,Q4_pred_4,4
383557,4,-0.21789255738258362,Q1_pred_1,1
402937,4,-0.17821365594863892,Q2_pred_2,2
29029,4,-0.13255877792835236,Q3_pred_3,3
126762,4,-0.2625173330307007,Q1_pred_1,1
194364,4,0.1566501259803772,Q5_pred_5,5
110392,4,-0.04743068665266037,Q4_pred_4,4
56001,4,-0.2541142702102661,Q1_pred_1,1
67426,4,-0.20644524693489075,Q1_pred_1,1
121040,3,-0.06610444188117981,Q4_pred_4,4
434446,4,-0.07549676299095154,Q4_pred_4,4
100279,3,-0.07778312265872955,Q3_pred_3,3
59445,3,-0.12966175377368927,Q3_pred_3,3
151284,4,-0.1532740294933319,Q2_pred_2,2
371302,4,-0.18047310411930084,Q2_pred_2,2
373364,4,-0.07714743912220001,Q3_pred_3,3
188903,4,-0.08051946759223938,Q3_pred_3,3
434108,4,-0.11530853062868118,Q3_pred_3,3
140398,4,-0.031152158975601196,Q4_pred_4,4
198362,3,-0.0705435574054718,Q4_pred_4,4
38297,4,0.03469471633434296,Q5_pred_5,5
319148,2,-0.09661883115768433,Q3_pred_3,3
186518,3,-0.22443710267543793,Q1_pred_1,1
87689,2,-0.13526953756809235,Q2_pred_2,2
55439,3,-0.2746890187263489,Q1_pred_1,1
236553,4,0.22165444493293762,Q5_pred_5,5
33651,3,0.11076793074607849,Q5_pred_5,5
64181,3,0.09531345963478088,Q5_pred_5,5
104484,4,-0.016614124178886414,Q4_pred_4,4
123990,4,-0.20338240265846252,Q2_pred_2,2
79031,4,-0.04191417247056961,Q4_pred_4,4
250705,4,-0.17397700250148773,Q2_pred_2,2
157611,3,-0.3736506998538971,Q1_pred_1,1
9823,4,-0.16838133335113525,Q2_pred_2,2
156741,2,-0.24869906902313232,Q1_pred_1,1
166177,4,-0.03902818262577057,Q4_pred_4,4
151093,4,-0.13784462213516235,Q2_pred_2,2
239791,4,-0.16421878337860107,Q2_pred_2,2
167434,3,-0.054426468908786774,Q4_pred_4,4
135185,4,-0.0543217808008194,Q4_pred_4,4
213911,3,-0.2530016303062439,Q1_pred_1,1
114055,3,-0.1531171053647995,Q2_pred_2,2
135859,4,-0.22019147872924805,Q1_pred_1,1
52863,4,0.10409560799598694,Q5_pred_5,5
29021,4,-0.25181844830513,Q1_pred_1,1
192153,3,-0.04391030594706535,Q4_pred_4,4
356867,4,-0.17435361444950104,Q2_pred_2,2
58323,4,-0.25947150588035583,Q1_pred_1,1
357979,4,-0.44818755984306335,Q1_pred_1,1
40901,4,-0.14108406007289886,Q2_pred_2,2
61997,3,-0.06747248023748398,Q4_pred_4,4
356442,4,-0.11095131933689117,Q3_pred_3,3
142697,4,-0.035901397466659546,Q4_pred_4,4
103029,4,-0.09072908759117126,Q3_pred_3,3
73581,3,0.11492112278938293,Q5_pred_5,5
146274,3,-0.17746520042419434,Q2_pred_2,2
16601,3,-0.12179894745349884,Q3_pred_3,3
36875,4,-0.06818240880966187,Q4_pred_4,4
92345,4,-0.0168769508600235,Q4_pred_4,4
78846,3,-0.30600863695144653,Q1_pred_1,1
258017,3,-0.2791261374950409,Q1_pred_1,1
2750,3,-0.05105242878198624,Q4_pred_4,4
19946,3,-0.07778488844633102,Q3_pred_3,3
239877,3,-0.16548800468444824,Q2_pred_2,2
146584,5,-0.09833769500255585,Q3_pred_3,3
348889,4,-0.05056631565093994,Q4_pred_4,4
423986,4,-0.1316225826740265,Q3_pred_3,3
108149,3,-0.03608015179634094,Q4_pred_4,4
210674,4,-0.02122923731803894,Q4_pred_4,4
363055,2,-0.08366572856903076,Q3_pred_3,3
146212,4,-0.21083179116249084,Q1_pred_1,1
236606,3,0.25987470149993896,Q5_pred_5,5
476986,4,-0.09526138007640839,Q3_pred_3,3
86678,4,0.034711286425590515,Q5_pred_5,5
79388,4,-0.19441920518875122,Q2_pred_2,2
213898,4,-0.058835469186306,Q4_pred_4,4
154028,4,-0.2438025176525116,Q1_pred_1,1
13846,4,-0.13193237781524658,Q3_pred_3,3
126186,3,0.011404663324356079,Q5_pred_5,5
86941,3,-0.06890414655208588,Q4_pred_4,4
236324,3,-0.10224509239196777,Q3_pred_3,3
61746,4,0.044322624802589417,Q5_pred_5,5
153136,4,-0.09991683065891266,Q3_pred_3,3
62748,3,-0.08191769570112228,Q3_pred_3,3
354036,3,-0.1020863950252533,Q3_pred_3,3
3853,2,-0.27004027366638184,Q1_pred_1,1
388288,4,-0.250429630279541,Q1_pred_1,1
382525,5,-0.012679070234298706,Q4_pred_4,4
366171,3,-0.21126289665699005,Q1_pred_1,1
116266,3,-0.07427884638309479,Q4_pred_4,4
233582,4,-0.2047218233346939,Q2_pred_2,2
165384,3,-0.1161072850227356,Q3_pred_3,3
96998,4,-0.2282751202583313,Q1_pred_1,1
18467,4,-0.1226542592048645,Q3_pred_3,3
148606,5,0.058330655097961426,Q5_pred_5,5
73480,3,-0.10163614153862,Q3_pred_3,3
354541,4,-0.11842796206474304,Q3_pred_3,3
319766,2,-0.15136894583702087,Q2_pred_2,2
246693,4,-0.012208670377731323,Q4_pred_4,4
22710,4,-0.2781873941421509,Q1_pred_1,1
69160,3,-0.20481660962104797,Q2_pred_2,2
146624,5,-0.0864652544260025,Q3_pred_3,3
14081,4,-0.17883220314979553,Q2_pred_2,2
58673,4,-0.13590987026691437,Q2_pred_2,2
190468,4,-0.14307910203933716,Q2_pred_2,2
62628,3,0.04895547032356262,Q5_pred_5,5
79400,4,0.010535862296819687,Q5_pred_5,5
354204,4,-0.3382185101509094,Q1_pred_1,1
109229,4,0.016870051622390747,Q5_pred_5,5
246924,4,-0.40924689173698425,Q1_pred_1,1
192172,4,-0.062275759875774384,Q4_pred_4,4
85814,3,-0.05506323277950287,Q4_pred_4,4
54194,4,-0.3214840590953827,Q1_pred_1,1
56878,2,-0.12122413516044617,Q3_pred_3,3
333751,3,-0.04495936632156372,Q4_pred_4,4
33362,3,-0.014642447233200073,Q4_pred_4,4
106862,3,-0.15613919496536255,Q2_pred_2,2
243350,4,-0.05653459578752518,Q4_pred_4,4
156501,4,-0.20298346877098083,Q2_pred_2,2
203201,4,-0.039106085896492004,Q4_pred_4,4
141167,4,-0.23043620586395264,Q1_pred_1,1
50190,3,-0.11812940239906311,Q3_pred_3,3
273593,3,0.03918188810348511,Q5_pred_5,5
26270,3,0.06392687559127808,Q5_pred_5,5
25636,3,-0.09345836192369461,Q3_pred_3,3
373868,4,-0.2988033890724182,Q1_pred_1,1
39520,4,0.03593719005584717,Q5_pred_5,5
12911,4,-0.04567023739218712,Q4_pred_4,4
236555,4,0.20278555154800415,Q5_pred_5,5
144084,3,-0.1187831312417984,Q3_pred_3,3
73387,4,0.06831944733858109,Q5_pred_5,5
157291,3,-0.10400658845901489,Q3_pred_3,3
154410,4,-0.24052442610263824,Q1_pred_1,1
85809,3,-0.049033328890800476,Q4_pred_4,4
242558,4,0.006508946418762207,Q5_pred_5,5
29330,4,-0.2950384020805359,Q1_pred_1,1
29471,4,-0.31395423412323,Q1_pred_1,1
275571,3,-0.12426421046257019,Q3_pred_3,3
4409,3,-0.24462762475013733,Q1_pred_1,1
67998,3,-0.4540388286113739,Q1_pred_1,1
202019,4,-0.1459796279668808,Q2_pred_2,2
52307,4,-0.10062848776578903,Q3_pred_3,3
113266,2,-0.028562210500240326,Q4_pred_4,4
374010,4,-0.11360257118940353,Q3_pred_3,3
402143,3,0.07417143881320953,Q5_pred_5,5
235614,4,-0.1164190024137497,Q3_pred_3,3
349489,4,0.13072988390922546,Q5_pred_5,5
119437,4,0.01830732822418213,Q5_pred_5,5
60905,4,0.17316436767578125,Q5_pred_5,5
187294,4,-0.0674835816025734,Q4_pred_4,4
262398,3,-0.1911272406578064,Q2_pred_2,2
81381,4,-0.2122492790222168,Q1_pred_1,1
42841,3,-0.1521403044462204,Q2_pred_2,2
40004,3,-0.11671686172485352,Q3_pred_3,3
13002,3,-0.1777997761964798,Q2_pred_2,2
126042,4,-0.07127523422241211,Q4_pred_4,4
47667,3,-0.1397896409034729,Q2_pred_2,2
154299,4,-0.3607977032661438,Q1_pred_1,1
187938,3,-0.034980565309524536,Q4_pred_4,4
153667,4,-0.33989351987838745,Q1_pred_1,1
320688,3,-0.03381149098277092,Q4_pred_4,4
256423,4,-0.008607596158981323,Q4_pred_4,4
86683,4,-0.011449500918388367,Q4_pred_4,4
675,3,0.14099453389644623,Q5_pred_5,5
44569,3,-0.09060187637805939,Q3_pred_3,3
112463,3,-0.2113681435585022,Q1_pred_1,1
171004,4,-0.1512654423713684,Q2_pred_2,2
237202,4,-0.041778549551963806,Q4_pred_4,4
128940,3,-0.05503898859024048,Q4_pred_4,4
30550,3,0.012726068496704102,Q5_pred_5,5
200210,4,-0.15560123324394226,Q2_pred_2,2
156722,2,-0.2855669856071472,Q1_pred_1,1
247128,4,-0.11729256808757782,Q3_pred_3,3
166073,3,-0.036818549036979675,Q4_pred_4,4
117217,3,-0.028473734855651855,Q4_pred_4,4
61395,3,-0.3173748850822449,Q1_pred_1,1
256884,4,0.11225167661905289,Q5_pred_5,5
87655,2,-0.053641557693481445,Q4_pred_4,4
28904,4,-0.19910487532615662,Q2_pred_2,2
55927,4,-0.19046321511268616,Q2_pred_2,2
155981,3,-0.17618867754936218,Q2_pred_2,2
41053,4,-0.26276496052742004,Q1_pred_1,1
29288,4,-0.31904059648513794,Q1_pred_1,1
460197,3,-0.0669688880443573,Q4_pred_4,4
150465,3,-0.11466085910797119,Q3_pred_3,3
154057,4,-0.1788627952337265,Q2_pred_2,2
268727,4,-0.05713742971420288,Q4_pred_4,4
111646,4,0.009823635220527649,Q5_pred_5,5
92387,4,-0.0929713323712349,Q3_pred_3,3
166812,4,-0.32484206557273865,Q1_pred_1,1
41742,3,0.0012339800596237183,Q5_pred_5,5
21874,4,-0.1828281581401825,Q2_pred_2,2
253534,3,-0.30709102749824524,Q1_pred_1,1
156752,2,-0.2695276737213135,Q1_pred_1,1
133670,4,0.14920251071453094,Q5_pred_5,5
374200,4,-0.2508482336997986,Q1_pred_1,1
167578,3,-0.20880641043186188,Q1_pred_1,1
246703,4,-0.023517146706581116,Q4_pred_4,4
36743,3,-0.2710992097854614,Q1_pred_1,1
33640,3,-0.1390215903520584,Q2_pred_2,2
29074,4,-0.29618358612060547,Q1_pred_1,1
60284,3,-0.11722046881914139,Q3_pred_3,3
322603,4,-0.1297191083431244,Q3_pred_3,3
200974,3,-0.082902692258358,Q3_pred_3,3
122770,3,-0.20726792514324188,Q1_pred_1,1
188973,4,0.003172561526298523,Q5_pred_5,5
369238,4,-0.08392616361379623,Q3_pred_3,3
107130,4,-0.34837812185287476,Q1_pred_1,1
168904,3,-0.2722626328468323,Q1_pred_1,1
408742,3,-0.15666791796684265,Q2_pred_2,2
147150,3,-0.05837666988372803,Q4_pred_4,4
17692,3,-0.01611948013305664,Q4_pred_4,4
323709,3,-0.21439877152442932,Q1_pred_1,1
414616,4,0.0008201748132705688,Q5_pred_5,5
120903,4,-0.15746252238750458,Q2_pred_2,2
89561,4,0.02428445965051651,Q5_pred_5,5
359328,4,-0.223676398396492,Q1_pred_1,1
123889,4,0.03576800227165222,Q5_pred_5,5
26688,3,-0.1916183978319168,Q2_pred_2,2
153095,3,-0.10531538724899292,Q3_pred_3,3
78396,3,-0.15389853715896606,Q2_pred_2,2
151997,3,-0.027471713721752167,Q4_pred_4,4
45453,4,-0.2108500897884369,Q1_pred_1,1
105361,3,-0.07870618999004364,Q3_pred_3,3
254328,3,-0.15745146572589874,Q2_pred_2,2
116876,3,-0.11647749692201614,Q3_pred_3,3
236400,4,0.20824944972991943,Q5_pred_5,5
131918,4,0.010390006005764008,Q5_pred_5,5
130015,4,-0.051971375942230225,Q4_pred_4,4
68330,4,-0.12087872624397278,Q3_pred_3,3
5180,4,-0.06946918368339539,Q4_pred_4,4
139096,3,-0.29068201780319214,Q1_pred_1,1
64821,3,0.13358405232429504,Q5_pred_5,5
92951,3,-0.129227876663208,Q3_pred_3,3
39986,4,-0.2577381730079651,Q1_pred_1,1
350360,4,-0.18976667523384094,Q2_pred_2,2
82004,4,0.15766394138336182,Q5_pred_5,5
1242,3,0.17058846354484558,Q5_pred_5,5
157919,3,-0.005854174494743347,Q5_pred_5,5
27860,3,-0.2071804702281952,Q1_pred_1,1
173637,4,-0.012284068390727043,Q4_pred_4,4
157284,3,-0.15284785628318787,Q2_pred_2,2
30152,4,-0.09246835112571716,Q3_pred_3,3
155217,3,0.0883992612361908,Q5_pred_5,5
324381,3,-0.1338685005903244,Q3_pred_3,3
55239,4,0.1753675639629364,Q5_pred_5,5
246318,3,0.059301331639289856,Q5_pred_5,5
51227,4,-0.16329677402973175,Q2_pred_2,2
142479,4,-0.04916130006313324,Q4_pred_4,4
14056,4,-0.0010341480374336243,Q5_pred_5,5
337097,3,-0.28597599267959595,Q1_pred_1,1
137232,3,-0.28716593980789185,Q1_pred_1,1
257349,4,-0.1430201679468155,Q2_pred_2,2
163432,3,-0.06610778719186783,Q4_pred_4,4
99586,4,0.004761327989399433,Q5_pred_5,5
27587,3,0.005631446838378906,Q5_pred_5,5
152919,3,0.005718499422073364,Q5_pred_5,5
39066,3,-0.3327985405921936,Q1_pred_1,1
246839,4,-0.39493080973625183,Q1_pred_1,1
111669,3,-0.06533107161521912,Q4_pred_4,4
349306,3,-0.200273796916008,Q2_pred_2,2
105561,3,-0.366433322429657,Q1_pred_1,1
144232,3,0.035660505294799805,Q5_pred_5,5
256392,3,-0.09644456207752228,Q3_pred_3,3
45904,4,-0.19385074079036713,Q2_pred_2,2
354503,4,-0.07149577140808105,Q4_pred_4,4
106393,3,0.07133904099464417,Q5_pred_5,5
128702,4,-0.15654225647449493,Q2_pred_2,2
58069,4,0.010315477848052979,Q5_pred_5,5
140525,4,-0.10314390808343887,Q3_pred_3,3
39081,4,-0.11163248121738434,Q3_pred_3,3
200935,3,-0.07069744914770126,Q4_pred_4,4
183665,3,0.0011371076107025146,Q5_pred_5,5
20760,2,-0.281990110874176,Q1_pred_1,1
105386,4,-0.022297024726867676,Q4_pred_4,4
372585,4,-0.11633741110563278,Q3_pred_3,3
336564,4,-0.1321345865726471,Q3_pred_3,3
134854,4,-0.12466412782669067,Q3_pred_3,3
160004,3,-0.18020746111869812,Q2_pred_2,2
354192,4,-0.343036949634552,Q1_pred_1,1
10896,3,-0.2019355446100235,Q2_pred_2,2
404854,4,-0.09126666933298111,Q3_pred_3,3
143963,2,-0.05490005016326904,Q4_pred_4,4
368174,3,0.028513967990875244,Q5_pred_5,5
337723,4,-0.1419152021408081,Q2_pred_2,2
28495,2,-0.16150547564029694,Q2_pred_2,2
189697,3,-0.2090393751859665,Q1_pred_1,1
354452,4,-0.0858052521944046,Q3_pred_3,3
248828,4,-0.05204973369836807,Q4_pred_4,4
90441,4,-0.06450992077589035,Q4_pred_4,4
24769,3,-0.11914375424385071,Q3_pred_3,3
383576,4,-0.23091602325439453,Q1_pred_1,1
69355,4,-0.019935309886932373,Q4_pred_4,4
386541,3,0.012500941753387451,Q5_pred_5,5
124534,4,-0.13322234153747559,Q3_pred_3,3
383699,4,-0.22233226895332336,Q1_pred_1,1
328813,4,-0.09104794263839722,Q3_pred_3,3
420305,4,-0.10853992402553558,Q3_pred_3,3
12765,3,-0.09871806204319,Q3_pred_3,3
2982,3,0.05891183018684387,Q5_pred_5,5
142782,4,-0.036871716380119324,Q4_pred_4,4
273222,4,-0.14118322730064392,Q2_pred_2,2
41091,3,-0.3098389506340027,Q1_pred_1,1
72255,4,-0.1718105971813202,Q2_pred_2,2
73101,3,-0.08253748714923859,Q3_pred_3,3
274892,3,-0.034695178270339966,Q4_pred_4,4
164181,3,-0.21780943870544434,Q1_pred_1,1
350448,3,-0.22636887431144714,Q1_pred_1,1
29018,3,-0.07720263302326202,Q3_pred_3,3
36504,3,-0.10839515924453735,Q3_pred_3,3
47287,3,-0.18682211637496948,Q2_pred_2,2
265180,4,0.121043860912323,Q5_pred_5,5
17092,3,-0.11646884679794312,Q3_pred_3,3
377112,3,0.00964362919330597,Q5_pred_5,5
10990,2,-0.2869805693626404,Q1_pred_1,1
386279,4,-0.2526898682117462,Q1_pred_1,1
188058,3,-0.21781349182128906,Q1_pred_1,1
114367,4,-0.13585743308067322,Q2_pred_2,2
28261,2,-0.10299233347177505,Q3_pred_3,3
212143,4,-0.09974002838134766,Q3_pred_3,3
348390,3,0.01348404586315155,Q5_pred_5,5
104804,3,0.1180262565612793,Q5_pred_5,5
315934,3,-0.1558569073677063,Q2_pred_2,2
415466,3,-0.017990052700042725,Q4_pred_4,4
337450,3,-0.036273010075092316,Q4_pred_4,4
153626,3,-0.2502155601978302,Q1_pred_1,1
2601,3,0.027511805295944214,Q5_pred_5,5
102553,3,-0.06541763246059418,Q4_pred_4,4
150113,4,0.00718475878238678,Q5_pred_5,5
55969,4,-0.23624804615974426,Q1_pred_1,1
147134,4,-0.13390621542930603,Q3_pred_3,3
182977,4,-0.043949127197265625,Q4_pred_4,4
389238,3,-0.09042930603027344,Q3_pred_3,3
134780,3,-0.19060878455638885,Q2_pred_2,2
16834,4,-0.056455761194229126,Q4_pred_4,4
302524,4,-0.11101047694683075,Q3_pred_3,3
30838,4,-0.12424483895301819,Q3_pred_3,3
242433,3,-0.17988108098506927,Q2_pred_2,2
10477,3,-0.2177894115447998,Q1_pred_1,1
140212,4,-0.09823247790336609,Q3_pred_3,3
36229,3,-0.0029320865869522095,Q5_pred_5,5
31496,3,-0.25143301486968994,Q1_pred_1,1
415446,3,0.005825430154800415,Q5_pred_5,5
173080,4,-0.10618758201599121,Q3_pred_3,3
32406,3,0.14584562182426453,Q5_pred_5,5
270726,4,-0.0197465717792511,Q4_pred_4,4
399089,3,-0.23801039159297943,Q1_pred_1,1
60900,4,-0.03146454691886902,Q4_pred_4,4
137442,4,-0.0830627977848053,Q3_pred_3,3
12993,3,-0.18016333878040314,Q2_pred_2,2
114151,4,-0.13125142455101013,Q3_pred_3,3
6183,3,-0.11166630685329437,Q3_pred_3,3
48544,4,-0.14455588161945343,Q2_pred_2,2
249750,3,-0.1520797312259674,Q2_pred_2,2
146450,4,-0.11221159994602203,Q3_pred_3,3
23059,4,-0.14136317372322083,Q2_pred_2,2
146616,4,-0.07158933579921722,Q4_pred_4,4
35010,4,-0.20403288304805756,Q2_pred_2,2
18645,3,-0.10785689949989319,Q3_pred_3,3
39012,4,0.0017640143632888794,Q5_pred_5,5
159008,3,-0.09093071520328522,Q3_pred_3,3
31528,4,-0.2287532538175583,Q1_pred_1,1
37611,3,0.09096097946166992,Q5_pred_5,5
31909,4,-0.10756668448448181,Q3_pred_3,3
189973,3,-0.15561479330062866,Q2_pred_2,2
14526,3,-0.1839294731616974,Q2_pred_2,2
211604,3,-0.09204595535993576,Q3_pred_3,3
10519,3,-0.18742933869361877,Q2_pred_2,2
269003,4,-0.1392228901386261,Q2_pred_2,2
78705,3,-0.23758164048194885,Q1_pred_1,1
119304,3,-0.26759982109069824,Q1_pred_1,1
26949,4,-0.10565188527107239,Q3_pred_3,3
358228,4,-0.452626496553421,Q1_pred_1,1
423148,4,0.03234778344631195,Q5_pred_5,5
155047,3,-0.062191128730773926,Q4_pred_4,4
247553,4,-0.22645726799964905,Q1_pred_1,1
52159,4,-0.17755313217639923,Q2_pred_2,2
350979,3,-0.01858510822057724,Q4_pred_4,4
58664,3,-0.13880932331085205,Q2_pred_2,2
374895,4,-0.2126048356294632,Q1_pred_1,1
96832,3,-0.07866064459085464,Q3_pred_3,3
156510,3,-0.19936367869377136,Q2_pred_2,2
90672,4,-0.14792482554912567,Q2_pred_2,2
61720,4,0.02140941470861435,Q5_pred_5,5
383551,4,-0.255493700504303,Q1_pred_1,1
97022,4,-0.23375064134597778,Q1_pred_1,1
113176,3,-0.09610617160797119,Q3_pred_3,3
167269,4,-0.07253047823905945,Q4_pred_4,4
120458,3,-0.12377084791660309,Q3_pred_3,3
199227,3,0.09970848262310028,Q5_pred_5,5
387406,4,-0.2227536141872406,Q1_pred_1,1
234987,2,-0.12967774271965027,Q3_pred_3,3
125429,2,-0.18946190178394318,Q2_pred_2,2
119197,4,-0.21160683035850525,Q1_pred_1,1
365193,3,-0.07670023292303085,Q3_pred_3,3
163591,3,-0.16325034201145172,Q2_pred_2,2
328288,3,-0.07968162000179291,Q3_pred_3,3
234118,3,-0.15319886803627014,Q2_pred_2,2
74946,3,0.02720768004655838,Q5_pred_5,5
98208,3,-0.09806148707866669,Q3_pred_3,3
248707,4,-0.05961883068084717,Q4_pred_4,4
80621,4,-0.09511683881282806,Q3_pred_3,3
417843,3,-0.16813752055168152,Q2_pred_2,2
83464,3,-0.054554298520088196,Q4_pred_4,4
256488,4,0.03950683772563934,Q5_pred_5,5
16663,3,-0.13501638174057007,Q2_pred_2,2
148488,4,0.12921744585037231,Q5_pred_5,5
148551,4,0.08087354898452759,Q5_pred_5,5
201914,4,0.014349058270454407,Q5_pred_5,5
6230,1,-0.12137070298194885,Q3_pred_3,3
83058,4,-0.1431197226047516,Q2_pred_2,2
138799,3,-0.13341274857521057,Q3_pred_3,3
61736,3,0.030999761074781418,Q5_pred_5,5
214194,4,0.01242716796696186,Q5_pred_5,5
34942,4,-0.001803673803806305,Q5_pred_5,5
50677,4,-0.027663052082061768,Q4_pred_4,4
116388,4,-0.13910123705863953,Q2_pred_2,2
179506,3,-0.005567632615566254,Q5_pred_5,5
334043,3,-0.22837373614311218,Q1_pred_1,1
357446,4,-0.1293734908103943,Q3_pred_3,3
222393,3,-0.07376527041196823,Q4_pred_4,4
54121,4,-0.03342493623495102,Q4_pred_4,4
168811,3,-0.26791828870773315,Q1_pred_1,1
371570,4,-0.05899209529161453,Q4_pred_4,4
356651,4,-0.1540195494890213,Q2_pred_2,2
374548,4,-0.2455567717552185,Q1_pred_1,1
58503,4,-0.13037241995334625,Q3_pred_3,3
45138,3,-0.11734287440776825,Q3_pred_3,3
69702,2,-0.2945077121257782,Q1_pred_1,1
3859,2,-0.23378577828407288,Q1_pred_1,1
19045,3,-0.11814113706350327,Q3_pred_3,3
86459,4,-0.058353573083877563,Q4_pred_4,4
113344,3,-0.4211035370826721,Q1_pred_1,1
164182,3,-0.05001138895750046,Q4_pred_4,4
15,4,-0.21059828996658325,Q1_pred_1,1
105452,3,-0.38248273730278015,Q1_pred_1,1
165785,3,-0.2737058997154236,Q1_pred_1,1
31454,3,-0.16001975536346436,Q2_pred_2,2
372686,4,-0.14970065653324127,Q2_pred_2,2
389447,3,-0.17007233202457428,Q2_pred_2,2
87526,3,-0.26578083634376526,Q1_pred_1,1
44530,4,0.04919064790010452,Q5_pred_5,5
38195,3,-0.3132613003253937,Q1_pred_1,1
354942,3,-0.19126258790493011,Q2_pred_2,2
146851,3,-0.18541930615901947,Q2_pred_2,2
124693,4,-0.278009295463562,Q1_pred_1,1
148944,3,-0.2070976048707962,Q1_pred_1,1
146676,4,-0.11524742841720581,Q3_pred_3,3
264103,3,-0.1959400475025177,Q2_pred_2,2
163272,4,0.0656263530254364,Q5_pred_5,5
110694,3,-0.08722830563783646,Q3_pred_3,3
401560,3,0.22425305843353271,Q5_pred_5,5
153884,3,-0.25219494104385376,Q1_pred_1,1
241481,4,-0.043296560645103455,Q4_pred_4,4
268847,3,-0.057206638157367706,Q4_pred_4,4
420315,4,-0.1457691639661789,Q2_pred_2,2
107726,4,-0.11678645014762878,Q3_pred_3,3
183040,4,-0.042450904846191406,Q4_pred_4,4
114357,3,-0.06878534704446793,Q4_pred_4,4
214714,3,-0.07373233884572983,Q4_pred_4,4
45604,3,-0.044134169816970825,Q4_pred_4,4
214689,4,-0.18542326986789703,Q2_pred_2,2
167384,4,0.0613095760345459,Q5_pred_5,5
379144,4,-0.028296340256929398,Q4_pred_4,4
132952,4,-0.1403186321258545,Q2_pred_2,2
54094,4,-0.19199134409427643,Q2_pred_2,2
214576,2,-0.07322022318840027,Q4_pred_4,4
25333,4,-0.10964587330818176,Q3_pred_3,3
34594,4,0.10944667458534241,Q5_pred_5,5
415164,3,-0.15896561741828918,Q2_pred_2,2
394327,4,-0.07401268184185028,Q4_pred_4,4
32836,4,0.052409231662750244,Q5_pred_5,5
200634,4,-0.12738925218582153,Q3_pred_3,3
368450,3,0.048915863037109375,Q5_pred_5,5
44357,4,-0.055845677852630615,Q4_pred_4,4
171119,4,-0.17217716574668884,Q2_pred_2,2
30044,3,-0.18210478127002716,Q2_pred_2,2
466684,3,0.0829172432422638,Q5_pred_5,5
107732,4,-0.14630183577537537,Q2_pred_2,2
86436,4,-0.00203704833984375,Q5_pred_5,5
39424,3,-0.06261630356311798,Q4_pred_4,4
17093,3,-0.14768847823143005,Q2_pred_2,2
21688,3,-0.2453618347644806,Q1_pred_1,1
10126,1,-0.14983782172203064,Q2_pred_2,2
10576,3,-0.22826141119003296,Q1_pred_1,1
50709,4,-0.03443819284439087,Q4_pred_4,4
360256,4,-0.0728779137134552,Q4_pred_4,4
214500,3,-0.0868905782699585,Q3_pred_3,3
250997,2,-0.28007152676582336,Q1_pred_1,1
54979,4,0.14657151699066162,Q5_pred_5,5
63904,4,0.14893096685409546,Q5_pred_5,5
91086,4,-0.07313860952854156,Q4_pred_4,4
328039,3,-0.21158671379089355,Q1_pred_1,1
86354,3,-0.09424833953380585,Q3_pred_3,3
40430,4,0.04990062117576599,Q5_pred_5,5
185150,4,-0.14824789762496948,Q2_pred_2,2
341184,3,-0.16399995982646942,Q2_pred_2,2
29530,4,-0.06192392110824585,Q4_pred_4,4
146707,4,-0.19629278779029846,Q2_pred_2,2
7059,3,-0.13374048471450806,Q3_pred_3,3
60687,3,-0.2545051574707031,Q1_pred_1,1
351598,3,-0.06747686862945557,Q4_pred_4,4
373719,2,0.1085653305053711,Q5_pred_5,5
477017,4,-0.13091537356376648,Q3_pred_3,3
104772,3,-0.08937390148639679,Q3_pred_3,3
41708,3,-0.17123623192310333,Q2_pred_2,2
173875,3,-0.009576976299285889,Q4_pred_4,4
315933,2,-0.1800198256969452,Q2_pred_2,2
43998,4,-0.04704749584197998,Q4_pred_4,4
168769,4,-0.0772489607334137,Q3_pred_3,3
326102,3,-0.17515438795089722,Q2_pred_2,2
339651,4,-0.07938911020755768,Q3_pred_3,3
357300,3,-0.24304112792015076,Q1_pred_1,1
238299,4,-0.15809351205825806,Q2_pred_2,2
380391,4,0.29482555389404297,Q5_pred_5,5
68416,4,-0.27480101585388184,Q1_pred_1,1
23558,4,-0.1113731861114502,Q3_pred_3,3
9752,4,0.126499742269516,Q5_pred_5,5
5997,4,-0.04625581204891205,Q4_pred_4,4
166108,2,-0.3026227653026581,Q1_pred_1,1
357746,3,-0.15067893266677856,Q2_pred_2,2
372336,3,-0.24274060130119324,Q1_pred_1,1
89443,3,-0.3728247284889221,Q1_pred_1,1
65519,4,-0.09008340537548065,Q3_pred_3,3
343952,3,-0.15958763659000397,Q2_pred_2,2
18707,3,0.11339947581291199,Q5_pred_5,5
357813,4,-0.20271316170692444,Q2_pred_2,2
191916,3,-0.0816788375377655,Q3_pred_3,3
175428,4,-0.0013511031866073608,Q5_pred_5,5
236475,2,0.15704816579818726,Q5_pred_5,5
327914,3,-0.19962376356124878,Q2_pred_2,2
68650,3,-0.17368046939373016,Q2_pred_2,2
117176,3,-0.2059652954339981,Q1_pred_1,1
20696,3,-0.020144060254096985,Q4_pred_4,4
105525,3,-0.38163667917251587,Q1_pred_1,1
93417,4,-0.09157872200012207,Q3_pred_3,3
145488,4,-0.19316883385181427,Q2_pred_2,2
60167,3,-0.05656959116458893,Q4_pred_4,4
153830,4,-0.2499181628227234,Q1_pred_1,1
127032,4,-0.26620596647262573,Q1_pred_1,1
10939,3,-0.36710819602012634,Q1_pred_1,1
81366,4,-0.23255187273025513,Q1_pred_1,1
86267,3,-0.029796306043863297,Q4_pred_4,4
15240,3,-0.14372725784778595,Q2_pred_2,2
52053,3,-0.21622483432292938,Q1_pred_1,1
200155,4,-0.10861561447381973,Q3_pred_3,3
1028,4,0.04252137243747711,Q5_pred_5,5
117894,4,-0.20469795167446136,Q2_pred_2,2
348922,3,-0.05110454559326172,Q4_pred_4,4
221705,4,-0.15804477035999298,Q2_pred_2,2
141182,3,-0.15098650753498077,Q2_pred_2,2
24809,4,0.16599132120609283,Q5_pred_5,5
223495,3,-0.2696087658405304,Q1_pred_1,1
3177,4,-0.07243458926677704,Q4_pred_4,4
5813,3,-0.1573198288679123,Q2_pred_2,2
156788,2,-0.24236594140529633,Q1_pred_1,1
245072,4,-0.0017734318971633911,Q5_pred_5,5
160005,3,-0.19564223289489746,Q2_pred_2,2
103402,3,-0.2528020739555359,Q1_pred_1,1
133789,4,-0.26392942667007446,Q1_pred_1,1
18882,4,0.016480594873428345,Q5_pred_5,5
12967,3,-0.19253754615783691,Q2_pred_2,2
137569,4,-0.0652184784412384,Q4_pred_4,4
379013,4,-0.04667383432388306,Q4_pred_4,4
86901,3,-0.12329442799091339,Q3_pred_3,3
157240,4,-0.026693925261497498,Q4_pred_4,4
359699,4,-0.2228698581457138,Q1_pred_1,1
3202,4,-0.18011042475700378,Q2_pred_2,2
10768,3,-0.19538086652755737,Q2_pred_2,2
642,3,-0.37741324305534363,Q1_pred_1,1
77527,4,-0.1756489872932434,Q2_pred_2,2
6375,3,-0.25573551654815674,Q1_pred_1,1
167550,4,-0.057964131236076355,Q4_pred_4,4
85135,4,-0.11856554448604584,Q3_pred_3,3
353187,4,-0.0831187516450882,Q3_pred_3,3
368917,3,-0.15606579184532166,Q2_pred_2,2
353483,4,-0.05347767472267151,Q4_pred_4,4
200948,3,-0.07362761348485947,Q4_pred_4,4
50481,3,0.005055636167526245,Q5_pred_5,5
357745,3,-0.14747565984725952,Q2_pred_2,2
218839,4,-0.008346498012542725,Q4_pred_4,4
22873,4,-0.038865506649017334,Q4_pred_4,4
78483,3,-0.17765560746192932,Q2_pred_2,2
90280,3,-0.25281769037246704,Q1_pred_1,1
238039,3,0.07188160717487335,Q5_pred_5,5
364850,3,-0.0914493203163147,Q3_pred_3,3
14020,3,-0.13308697938919067,Q3_pred_3,3
166150,4,-0.3388479948043823,Q1_pred_1,1
78762,3,-0.2990996837615967,Q1_pred_1,1
342542,3,-0.14011229574680328,Q2_pred_2,2
120483,3,-0.010376572608947754,Q4_pred_4,4
76220,3,-0.13865715265274048,Q2_pred_2,2
189470,3,-0.015447825193405151,Q4_pred_4,4
392838,3,-0.14674469828605652,Q2_pred_2,2
153861,4,-0.23378071188926697,Q1_pred_1,1
359229,4,-0.2990885376930237,Q1_pred_1,1
137628,4,-0.05574788898229599,Q4_pred_4,4
82171,3,-0.15119260549545288,Q2_pred_2,2
350993,3,-0.04291185736656189,Q4_pred_4,4
11630,4,0.07341587543487549,Q5_pred_5,5
174437,3,-0.22450385987758636,Q1_pred_1,1
64126,4,-0.005891263484954834,Q5_pred_5,5
183180,3,-0.06510159373283386,Q4_pred_4,4
28649,4,0.05138164758682251,Q5_pred_5,5
92109,4,-0.07188683748245239,Q4_pred_4,4
251046,3,0.028969407081604004,Q5_pred_5,5
60800,4,-0.1757567822933197,Q2_pred_2,2
62360,3,0.12132427096366882,Q5_pred_5,5
417848,3,-0.11214673519134521,Q3_pred_3,3
10781,3,-0.31285667419433594,Q1_pred_1,1
168069,4,-0.10481171309947968,Q3_pred_3,3
358320,4,-0.33435600996017456,Q1_pred_1,1
3452,4,0.0019377954304218292,Q5_pred_5,5
81058,3,-0.07676735520362854,Q3_pred_3,3
386601,3,-0.09088420867919922,Q3_pred_3,3
82175,3,-0.027386508882045746,Q4_pred_4,4
96080,4,0.22510439157485962,Q5_pred_5,5
105563,2,-0.3881567120552063,Q1_pred_1,1
50205,3,-0.13045507669448853,Q3_pred_3,3
66955,3,-0.10336009413003922,Q3_pred_3,3
10110,2,-0.15027785301208496,Q2_pred_2,2
262237,3,-0.012122854590415955,Q4_pred_4,4
40067,4,-0.09902550280094147,Q3_pred_3,3
137576,4,-0.13485880196094513,Q2_pred_2,2
58926,3,-0.09075099229812622,Q3_pred_3,3
137926,3,0.18316242098808289,Q5_pred_5,5
105922,2,-0.38037943840026855,Q1_pred_1,1
405435,4,-0.09776820242404938,Q3_pred_3,3
248423,4,-0.02161732316017151,Q4_pred_4,4
373972,4,-0.09284179657697678,Q3_pred_3,3
207523,4,-0.1800680160522461,Q2_pred_2,2
65662,3,0.12397371232509613,Q5_pred_5,5
142099,4,-0.05573384463787079,Q4_pred_4,4
102953,4,-0.14725996553897858,Q2_pred_2,2
420322,4,-0.08399646729230881,Q3_pred_3,3
333756,3,0.04907190799713135,Q5_pred_5,5
188518,3,-0.15379539132118225,Q2_pred_2,2
336391,3,-0.2770407795906067,Q1_pred_1,1
41702,4,-0.08688260614871979,Q3_pred_3,3
350451,3,-0.25788483023643494,Q1_pred_1,1
354977,3,-0.15095451474189758,Q2_pred_2,2
381279,3,0.018143057823181152,Q5_pred_5,5
77757,4,-0.15380853414535522,Q2_pred_2,2
189361,3,-0.027401141822338104,Q4_pred_4,4
71114,4,-0.14148929715156555,Q2_pred_2,2
153790,4,-0.261493057012558,Q1_pred_1,1
19067,3,-0.05197601020336151,Q4_pred_4,4
6505,3,-0.36086535453796387,Q1_pred_1,1
336786,4,-0.0719137042760849,Q4_pred_4,4
31605,4,-0.11707963049411774,Q3_pred_3,3
101768,4,-0.16537702083587646,Q2_pred_2,2
214543,3,-0.07895275950431824,Q3_pred_3,3
33691,4,0.05499601364135742,Q5_pred_5,5
29921,4,-0.14135269820690155,Q2_pred_2,2
187705,3,-0.1703154444694519,Q2_pred_2,2
13638,3,-0.24575848877429962,Q1_pred_1,1
40618,4,-0.0508490651845932,Q4_pred_4,4
391752,3,-0.21445947885513306,Q1_pred_1,1
242717,4,0.02403438091278076,Q5_pred_5,5
38879,3,-0.1309996396303177,Q3_pred_3,3
72453,3,-0.2949007749557495,Q1_pred_1,1
118738,3,-0.20354345440864563,Q2_pred_2,2
28574,4,0.1859428584575653,Q5_pred_5,5
11949,4,-0.11644056439399719,Q3_pred_3,3
348369,4,-0.16199348866939545,Q2_pred_2,2
162417,3,-0.1274292767047882,Q3_pred_3,3
325887,3,-0.006863713264465332,Q5_pred_5,5
132738,3,-0.11840419471263885,Q3_pred_3,3
59891,4,-0.1482703685760498,Q2_pred_2,2
11542,3,-0.058131810277700424,Q4_pred_4,4
65267,3,-0.2917407751083374,Q1_pred_1,1
143391,4,-0.06091110408306122,Q4_pred_4,4
28630,4,0.17225876450538635,Q5_pred_5,5
37346,4,0.10608503222465515,Q5_pred_5,5
59458,4,-0.14687404036521912,Q2_pred_2,2
260919,3,0.02842111885547638,Q5_pred_5,5
40898,4,-0.13981832563877106,Q2_pred_2,2
358730,3,-0.28002995252609253,Q1_pred_1,1
187658,3,-0.05017872154712677,Q4_pred_4,4
95816,3,0.15422867238521576,Q5_pred_5,5
126849,3,-0.29869508743286133,Q1_pred_1,1
152977,4,-0.2669066786766052,Q1_pred_1,1
199873,4,-0.1641709804534912,Q2_pred_2,2
170482,3,-0.3825097680091858,Q1_pred_1,1
45991,3,-0.32357916235923767,Q1_pred_1,1
50258,3,-0.16428300738334656,Q2_pred_2,2
25463,3,-0.12713226675987244,Q3_pred_3,3
127285,3,-0.23135681450366974,Q1_pred_1,1
61882,3,-0.0038562119007110596,Q5_pred_5,5
389762,4,-0.20119404792785645,Q2_pred_2,2
201159,3,-0.2226414680480957,Q1_pred_1,1
156668,3,-0.0875721275806427,Q3_pred_3,3
32180,3,-0.17779956758022308,Q2_pred_2,2
97349,3,-0.10822918266057968,Q3_pred_3,3
173679,3,-0.3516038656234741,Q1_pred_1,1
359274,4,-0.239599347114563,Q1_pred_1,1
69698,4,-0.30560705065727234,Q1_pred_1,1
109534,4,-0.05483955144882202,Q4_pred_4,4
61638,3,0.07593626528978348,Q5_pred_5,5
57395,3,-0.20322799682617188,Q2_pred_2,2
302517,3,-0.09156553447246552,Q3_pred_3,3
121085,4,-0.15529578924179077,Q2_pred_2,2
47677,4,-0.12367873638868332,Q3_pred_3,3
50788,4,-0.15898078680038452,Q2_pred_2,2
209801,3,-0.2730911076068878,Q1_pred_1,1
373626,4,-0.11932135373353958,Q3_pred_3,3
99555,4,-0.06367190182209015,Q4_pred_4,4
29371,4,-0.3072323799133301,Q1_pred_1,1
368084,4,0.026712607592344284,Q5_pred_5,5
37175,4,-0.1524706482887268,Q2_pred_2,2
92186,4,-0.10931794345378876,Q3_pred_3,3
28821,4,-0.03309263288974762,Q4_pred_4,4
10864,2,-0.25790783762931824,Q1_pred_1,1
51094,3,-0.08530379086732864,Q3_pred_3,3
252424,4,0.07417577505111694,Q5_pred_5,5
103352,3,-0.023588217794895172,Q4_pred_4,4
366368,3,-0.09167464077472687,Q3_pred_3,3
11570,3,0.008961647748947144,Q5_pred_5,5
68,3,-0.14973129332065582,Q2_pred_2,2
170585,4,-0.0011062920093536377,Q5_pred_5,5
246103,3,-0.09885932505130768,Q3_pred_3,3
247931,4,-0.23683446645736694,Q1_pred_1,1
96607,4,-0.2734852731227875,Q1_pred_1,1
29178,4,-0.17548659443855286,Q2_pred_2,2
30045,4,-0.18963973224163055,Q2_pred_2,2
271409,4,0.013578066602349281,Q5_pred_5,5
74318,3,-0.021645426750183105,Q4_pred_4,4
146090,3,-0.1995423138141632,Q2_pred_2,2
86655,3,-0.05226734280586243,Q4_pred_4,4
222199,3,-0.15981623530387878,Q2_pred_2,2
1042,4,-0.049719542264938354,Q4_pred_4,4
236982,3,-0.06100590154528618,Q4_pred_4,4
237675,3,-0.1408231556415558,Q2_pred_2,2
105878,3,-0.3010452687740326,Q1_pred_1,1
367493,4,-0.12666766345500946,Q3_pred_3,3
8060,3,-0.022834457457065582,Q4_pred_4,4
348886,3,-0.05543935298919678,Q4_pred_4,4
80203,4,-0.11737328767776489,Q3_pred_3,3
373222,4,-0.05741850286722183,Q4_pred_4,4
425403,3,-0.27783888578414917,Q1_pred_1,1
156800,2,-0.1979316771030426,Q2_pred_2,2
108908,3,-0.08640582114458084,Q3_pred_3,3
118860,4,-0.141973614692688,Q2_pred_2,2
235126,4,-0.13323496282100677,Q3_pred_3,3
72011,3,-0.37514975666999817,Q1_pred_1,1
117124,3,-0.2724597454071045,Q1_pred_1,1
371972,4,0.0001576542854309082,Q5_pred_5,5
116750,3,-0.15101087093353271,Q2_pred_2,2
369904,3,-0.043176330626010895,Q4_pred_4,4
236677,3,0.1013670414686203,Q5_pred_5,5
67639,2,0.022339262068271637,Q5_pred_5,5
28825,4,-0.1730564683675766,Q2_pred_2,2
55456,3,-0.03157304227352142,Q4_pred_4,4
40909,3,-0.13785859942436218,Q2_pred_2,2
57510,3,-0.11739978939294815,Q3_pred_3,3
41711,3,-0.06491871178150177,Q4_pred_4,4
97646,3,-0.11712276935577393,Q3_pred_3,3
116955,3,-0.13896089792251587,Q2_pred_2,2
82308,3,0.024091079831123352,Q5_pred_5,5
86466,4,-0.1731119602918625,Q2_pred_2,2
357476,4,-0.08588900417089462,Q3_pred_3,3
418784,3,-0.16213607788085938,Q2_pred_2,2
400867,3,-0.2253895103931427,Q1_pred_1,1
266192,3,0.2714662551879883,Q5_pred_5,5
236429,4,0.2909218668937683,Q5_pred_5,5
136540,4,-0.11654818058013916,Q3_pred_3,3
83530,3,-0.06732207536697388,Q4_pred_4,4
362916,4,-0.05450380966067314,Q4_pred_4,4
167689,4,-0.1797095537185669,Q2_pred_2,2
158746,4,0.0063545554876327515,Q5_pred_5,5
187130,3,-0.11056288331747055,Q3_pred_3,3
35256,3,0.02042868733406067,Q5_pred_5,5
373366,3,-0.0673922598361969,Q4_pred_4,4
27926,3,0.11184011399745941,Q5_pred_5,5
114254,3,-0.17177802324295044,Q2_pred_2,2
261597,3,0.048707276582717896,Q5_pred_5,5
219473,3,-0.08095161616802216,Q3_pred_3,3
348878,3,-0.06575793027877808,Q4_pred_4,4
72860,3,-0.14994719624519348,Q2_pred_2,2
199491,3,-0.07030093669891357,Q4_pred_4,4
91404,3,-0.0573955774307251,Q4_pred_4,4
494480,4,-0.06959513574838638,Q4_pred_4,4
154326,3,-0.3203984797000885,Q1_pred_1,1
35444,2,-0.07880482077598572,Q3_pred_3,3
142703,4,-0.03641830384731293,Q4_pred_4,4
91450,3,-0.41181012988090515,Q1_pred_1,1
173192,4,-0.26973044872283936,Q1_pred_1,1
127119,4,0.18528038263320923,Q5_pred_5,5
187090,4,-0.13520824909210205,Q2_pred_2,2
104177,3,-0.19688299298286438,Q2_pred_2,2
56945,3,0.16918295621871948,Q5_pred_5,5
217804,3,0.10711106657981873,Q5_pred_5,5
31824,3,-0.0359438955783844,Q4_pred_4,4
200843,3,-0.09343423694372177,Q3_pred_3,3
2717,3,-0.045694924890995026,Q4_pred_4,4
3010,3,0.0826883465051651,Q5_pred_5,5
339638,3,-0.1013115793466568,Q3_pred_3,3
262862,3,-0.133952796459198,Q3_pred_3,3
38279,3,-0.27416372299194336,Q1_pred_1,1
110584,3,-0.1497911661863327,Q2_pred_2,2
239594,3,0.02092006802558899,Q5_pred_5,5
201021,3,-0.07860787957906723,Q3_pred_3,3
198263,3,-0.16234053671360016,Q2_pred_2,2
76607,3,-0.19182446599006653,Q2_pred_2,2
121065,3,-0.052007317543029785,Q4_pred_4,4
166325,3,-0.1551191508769989,Q2_pred_2,2
137419,4,-0.11971009522676468,Q3_pred_3,3
154790,3,-0.061539702117443085,Q4_pred_4,4
74323,3,-0.48504725098609924,Q1_pred_1,1
153734,4,-0.28695690631866455,Q1_pred_1,1
161252,2,-0.21539625525474548,Q1_pred_1,1
13206,3,-0.18820424377918243,Q2_pred_2,2
351324,5,0.03696310520172119,Q5_pred_5,5
165830,3,-0.1335727870464325,Q3_pred_3,3
5560,4,0.16368356347084045,Q5_pred_5,5
418406,3,-0.11763668060302734,Q3_pred_3,3
160567,3,-0.1790856420993805,Q2_pred_2,2
165614,3,-0.05119314789772034,Q4_pred_4,4
87656,2,-0.08477398753166199,Q3_pred_3,3
374182,4,-0.1259775161743164,Q3_pred_3,3
202304,3,-0.15748851001262665,Q2_pred_2,2
24102,3,-0.2240091860294342,Q1_pred_1,1
86748,4,-0.25352388620376587,Q1_pred_1,1
10482,3,-0.20933029055595398,Q1_pred_1,1
216810,4,-0.07977079600095749,Q3_pred_3,3
91438,4,-0.11582469940185547,Q3_pred_3,3
157260,3,-0.2580716013908386,Q1_pred_1,1
62966,3,-0.013153553009033203,Q4_pred_4,4
38614,3,-0.037966370582580566,Q4_pred_4,4
239391,3,-0.15843473374843597,Q2_pred_2,2
32225,4,0.161329984664917,Q5_pred_5,5
44266,4,-0.10547453165054321,Q3_pred_3,3
107437,3,-0.008551955223083496,Q4_pred_4,4
41302,3,-0.005132958292961121,Q5_pred_5,5
164770,4,0.023814141750335693,Q5_pred_5,5
50508,4,-0.12127535790205002,Q3_pred_3,3
109404,3,-0.18954889476299286,Q2_pred_2,2
88573,4,0.06567978858947754,Q5_pred_5,5
106460,4,-0.12686429917812347,Q3_pred_3,3
188754,4,-0.17761704325675964,Q2_pred_2,2
100457,3,0.014278426766395569,Q5_pred_5,5
302511,4,-0.1087048351764679,Q3_pred_3,3
194685,4,-0.05744735524058342,Q4_pred_4,4
140653,3,0.0014122575521469116,Q5_pred_5,5
389601,3,-0.05340084433555603,Q4_pred_4,4
166260,3,0.04773099720478058,Q5_pred_5,5
196069,4,-0.0834759920835495,Q3_pred_3,3
357323,4,-0.08679834008216858,Q3_pred_3,3
247130,4,-0.12303698062896729,Q3_pred_3,3
75060,4,-0.023157179355621338,Q4_pred_4,4
178423,3,0.04711662977933884,Q5_pred_5,5
270737,3,-0.14568936824798584,Q2_pred_2,2
407010,4,-0.021938472986221313,Q4_pred_4,4
186757,3,-0.0358688160777092,Q4_pred_4,4
203473,3,0.08764466643333435,Q5_pred_5,5
255319,3,-0.0695718377828598,Q4_pred_4,4
153871,3,-0.24010580778121948,Q1_pred_1,1
127511,3,0.01883593201637268,Q5_pred_5,5
343935,4,-0.14413359761238098,Q2_pred_2,2
84100,4,-0.08915942162275314,Q3_pred_3,3
371619,4,0.18185868859291077,Q5_pred_5,5
165048,4,-0.00459800660610199,Q5_pred_5,5
232257,4,-0.05034509301185608,Q4_pred_4,4
37224,4,-0.18357905745506287,Q2_pred_2,2
152448,3,-0.06025479733943939,Q4_pred_4,4
414469,4,0.033325567841529846,Q5_pred_5,5
64096,4,-0.06642067432403564,Q4_pred_4,4
126392,3,-0.10049144923686981,Q3_pred_3,3
185142,4,0.04317599534988403,Q5_pred_5,5
428995,3,-0.09604726731777191,Q3_pred_3,3
339935,5,-0.11384330689907074,Q3_pred_3,3
420830,4,-0.09907722473144531,Q3_pred_3,3
345465,5,-0.0037045180797576904,Q5_pred_5,5
272192,3,0.09897717833518982,Q5_pred_5,5
126535,4,-0.0766814723610878,Q3_pred_3,3
168561,4,0.027029860764741898,Q5_pred_5,5
263076,4,0.018052376806735992,Q5_pred_5,5
139333,4,-0.15690787136554718,Q2_pred_2,2
106437,4,-0.14146220684051514,Q2_pred_2,2
33564,4,-0.1454733908176422,Q2_pred_2,2
95776,4,0.01473931223154068,Q5_pred_5,5
350439,4,-0.2661980390548706,Q1_pred_1,1
50246,3,-0.4077466130256653,Q1_pred_1,1
179874,3,-0.16458411514759064,Q2_pred_2,2
86406,4,-0.0645940899848938,Q4_pred_4,4
343991,2,-0.1541668176651001,Q2_pred_2,2
137904,4,0.1736939549446106,Q5_pred_5,5
156766,5,-0.25376516580581665,Q1_pred_1,1
147163,4,-0.05376977473497391,Q4_pred_4,4
236537,5,0.2057291865348816,Q5_pred_5,5
86435,4,-0.06743861734867096,Q4_pred_4,4
86477,4,-0.10667750239372253,Q3_pred_3,3
107716,4,0.058150798082351685,Q5_pred_5,5
241549,2,-0.029914215207099915,Q4_pred_4,4
386608,4,-0.19684314727783203,Q2_pred_2,2
382998,2,-0.2092927098274231,Q1_pred_1,1
35964,3,-0.11018218100070953,Q3_pred_3,3
19151,3,-0.26132291555404663,Q1_pred_1,1
236576,5,0.19511349499225616,Q5_pred_5,5
236613,2,0.14875245094299316,Q5_pred_5,5
332846,4,0.07257375121116638,Q5_pred_5,5
351479,4,-0.05191019922494888,Q4_pred_4,4
144339,4,0.003064572811126709,Q5_pred_5,5
93889,4,-0.012578435242176056,Q4_pred_4,4
196092,2,-0.09070491790771484,Q3_pred_3,3
179990,2,-0.18346576392650604,Q2_pred_2,2
39517,4,-0.02274240553379059,Q4_pred_4,4
362333,2,-0.050035566091537476,Q4_pred_4,4
196064,4,-0.08138345181941986,Q3_pred_3,3
169803,4,-0.16152264177799225,Q2_pred_2,2
4998,1,-0.11682963371276855,Q3_pred_3,3
62333,4,-0.0351775586605072,Q4_pred_4,4
200809,3,-0.29361167550086975,Q1_pred_1,1
263079,3,-0.08179448544979095,Q3_pred_3,3
48085,3,-0.21791093051433563,Q1_pred_1,1
237351,2,-0.06180471181869507,Q4_pred_4,4
156770,3,-0.22430603206157684,Q1_pred_1,1
86445,4,-0.11228248476982117,Q3_pred_3,3
86676,4,-0.052870556712150574,Q4_pred_4,4
44123,3,0.09423811733722687,Q5_pred_5,5
151751,2,0.09421423077583313,Q5_pred_5,5
427573,3,-0.29769524931907654,Q1_pred_1,1
95797,4,-0.149197518825531,Q2_pred_2,2
408162,3,-0.2678896188735962,Q1_pred_1,1
50200,4,-0.0837285965681076,Q3_pred_3,3
235053,4,-0.13317129015922546,Q3_pred_3,3
341568,3,-0.16437113285064697,Q2_pred_2,2
176132,4,-0.06599360704421997,Q4_pred_4,4
218055,4,0.03200933337211609,Q5_pred_5,5
241550,2,-0.05970305949449539,Q4_pred_4,4
28209,3,-0.3266926109790802,Q1_pred_1,1
262978,3,-0.0009026676416397095,Q5_pred_5,5
236562,4,0.20969507098197937,Q5_pred_5,5
144330,4,-0.010045185685157776,Q4_pred_4,4
108885,4,-0.1984696388244629,Q2_pred_2,2
324894,4,-0.1690458506345749,Q2_pred_2,2
57814,2,-0.11687681823968887,Q3_pred_3,3
95799,4,-0.18447792530059814,Q2_pred_2,2
156795,4,-0.23091118037700653,Q1_pred_1,1
236579,4,0.20940417051315308,Q5_pred_5,5
137122,2,-0.3810221552848816,Q1_pred_1,1
320234,3,-0.07871946692466736,Q3_pred_3,3
166134,3,-0.32216644287109375,Q1_pred_1,1
29544,1,-0.20366984605789185,Q2_pred_2,2
215937,3,-0.036042720079422,Q4_pred_4,4
16348,3,-0.13641589879989624,Q2_pred_2,2
50656,3,-0.17176158726215363,Q2_pred_2,2
236561,4,0.2024318277835846,Q5_pred_5,5
50280,3,-0.13708767294883728,Q2_pred_2,2
244332,4,-0.1214388757944107,Q3_pred_3,3
86405,4,-0.05571568012237549,Q4_pred_4,4
156764,4,-0.19239561259746552,Q2_pred_2,2
274980,4,-0.08644382655620575,Q3_pred_3,3
117127,4,0.12441761791706085,Q5_pred_5,5
156825,4,-0.22796304523944855,Q1_pred_1,1
61751,4,0.02401190623641014,Q5_pred_5,5
113648,3,-0.05462278425693512,Q4_pred_4,4
243642,2,-0.12416744232177734,Q3_pred_3,3
61058,4,-0.1912824511528015,Q2_pred_2,2
179993,3,-0.12800946831703186,Q3_pred_3,3
190033,3,-0.17828071117401123,Q2_pred_2,2
118116,3,-0.22549842298030853,Q1_pred_1,1
89337,4,-0.09718984365463257,Q3_pred_3,3
124834,2,-0.13728630542755127,Q2_pred_2,2
108922,2,-0.08852872252464294,Q3_pred_3,3
152418,4,-0.06614099442958832,Q4_pred_4,4
277553,4,-0.10887079685926437,Q3_pred_3,3
256880,4,0.10538432747125626,Q5_pred_5,5
114362,3,-0.022142581641674042,Q4_pred_4,4
168698,3,-0.28820621967315674,Q1_pred_1,1
71560,3,-0.17200714349746704,Q2_pred_2,2
222597,4,0.061320364475250244,Q5_pred_5,5
331907,4,-0.08025616407394409,Q3_pred_3,3
240760,3,0.02571725845336914,Q5_pred_5,5
428784,4,-0.1146424189209938,Q3_pred_3,3
350714,3,-0.08521291613578796,Q3_pred_3,3
132749,3,-0.24847358465194702,Q1_pred_1,1
156700,4,-0.2735024690628052,Q1_pred_1,1
92946,4,-0.014305613934993744,Q4_pred_4,4
132817,3,-0.2510962188243866,Q1_pred_1,1
114134,3,-0.14242327213287354,Q2_pred_2,2
156735,3,-0.24517175555229187,Q1_pred_1,1
61724,4,0.012892790138721466,Q5_pred_5,5
50165,3,-0.21557945013046265,Q1_pred_1,1
123813,4,0.17128995060920715,Q5_pred_5,5
44263,4,-0.10939759016036987,Q3_pred_3,3
191392,3,-0.0453818142414093,Q4_pred_4,4
145780,3,-0.07223968207836151,Q4_pred_4,4
109907,4,-0.136158749461174,Q2_pred_2,2
197122,3,-0.05555464327335358,Q4_pred_4,4
115073,4,0.06492060422897339,Q5_pred_5,5
191733,3,-0.35654953122138977,Q1_pred_1,1
275798,4,0.026582755148410797,Q5_pred_5,5
343940,4,-0.14520739018917084,Q2_pred_2,2
114128,3,-0.0659588947892189,Q4_pred_4,4
92363,4,-0.09126919507980347,Q3_pred_3,3
156724,3,-0.20794637501239777,Q1_pred_1,1
369419,3,0.06406953930854797,Q5_pred_5,5
144329,3,0.04382486641407013,Q5_pred_5,5
47929,4,-0.08570864796638489,Q3_pred_3,3
109745,4,0.2371687889099121,Q5_pred_5,5
62947,3,0.029700636863708496,Q5_pred_5,5
60163,3,-0.16825459897518158,Q2_pred_2,2
115559,3,0.10976994037628174,Q5_pred_5,5
62378,3,-0.09139782190322876,Q3_pred_3,3
99875,4,-0.17621628940105438,Q2_pred_2,2
58511,4,-0.256896436214447,Q1_pred_1,1
80836,3,-0.1711101084947586,Q2_pred_2,2
26938,4,-0.08569803833961487,Q3_pred_3,3
92935,4,-0.08791080117225647,Q3_pred_3,3
276469,3,-0.034998953342437744,Q4_pred_4,4
3813,4,0.02226608246564865,Q5_pred_5,5
59612,4,-0.1526641845703125,Q2_pred_2,2
99966,3,-0.11409111320972443,Q3_pred_3,3
114425,3,0.021445512771606445,Q5_pred_5,5
96937,3,0.3516444265842438,Q5_pred_5,5
10130,4,-0.14939656853675842,Q2_pred_2,2
408642,4,-0.10687734186649323,Q3_pred_3,3
124540,4,0.09310851246118546,Q5_pred_5,5
124812,3,-0.09224312007427216,Q3_pred_3,3
156712,3,-0.21901489794254303,Q1_pred_1,1
41714,3,-0.0941329300403595,Q3_pred_3,3
353104,4,0.06890058517456055,Q5_pred_5,5
336787,3,-0.1325463056564331,Q3_pred_3,3
61730,4,0.019261695444583893,Q5_pred_5,5
63805,3,-0.17374861240386963,Q2_pred_2,2
45907,3,-0.20752838253974915,Q1_pred_1,1
50265,3,-0.21786721050739288,Q1_pred_1,1
61504,3,-0.1753445714712143,Q2_pred_2,2
343954,2,-0.08224464952945709,Q3_pred_3,3
86430,3,-0.20670579373836517,Q1_pred_1,1
4059,3,-0.12616106867790222,Q3_pred_3,3
106885,4,-0.17257526516914368,Q2_pred_2,2
107746,3,-0.2693421244621277,Q1_pred_1,1
201706,3,-0.12394490838050842,Q3_pred_3,3
236424,2,0.0679859071969986,Q5_pred_5,5
54485,3,-0.2240065634250641,Q1_pred_1,1
250550,3,-0.14917460083961487,Q2_pred_2,2
341756,4,-0.04919647425413132,Q4_pred_4,4
45112,4,-0.08525948226451874,Q3_pred_3,3
114102,3,-0.08945182710886002,Q3_pred_3,3
16431,3,-0.025177597999572754,Q4_pred_4,4
74794,4,-0.011339068412780762,Q4_pred_4,4
316438,3,0.10013093054294586,Q5_pred_5,5
71600,4,0.09866081178188324,Q5_pred_5,5
242240,3,-0.15466414391994476,Q2_pred_2,2
92968,4,-0.02728918194770813,Q4_pred_4,4
348142,3,-0.2196372151374817,Q1_pred_1,1
365704,3,-0.1975085735321045,Q2_pred_2,2
168560,3,-0.02662259340286255,Q4_pred_4,4
114352,3,-0.05654679238796234,Q4_pred_4,4
388857,4,-0.11954154074192047,Q3_pred_3,3
67740,4,-0.2694208025932312,Q1_pred_1,1
91020,4,-0.10365061461925507,Q3_pred_3,3
268795,3,-0.04938170313835144,Q4_pred_4,4
109859,4,-0.14400610327720642,Q2_pred_2,2
235101,3,-0.14256779849529266,Q2_pred_2,2
404802,3,-0.2646876573562622,Q1_pred_1,1
15449,3,-0.10858945548534393,Q3_pred_3,3
86451,1,-0.018368244171142578,Q4_pred_4,4
89286,3,-0.24589803814888,Q1_pred_1,1
147110,3,-0.05449153482913971,Q4_pred_4,4
11356,3,-0.0828719437122345,Q3_pred_3,3
125717,4,0.1463213860988617,Q5_pred_5,5
131265,3,-0.0840863287448883,Q3_pred_3,3
107808,4,0.041726380586624146,Q5_pred_5,5
241539,3,-0.02659033238887787,Q4_pred_4,4
236599,2,0.07184574007987976,Q5_pred_5,5
83484,3,0.00013691186904907227,Q5_pred_5,5
340049,3,-0.3353789746761322,Q1_pred_1,1
336403,4,-0.12288342416286469,Q3_pred_3,3
114162,3,-0.12187203019857407,Q3_pred_3,3
398058,3,0.024066805839538574,Q5_pred_5,5
58826,3,-0.11029453575611115,Q3_pred_3,3
36402,3,-0.08998449146747589,Q3_pred_3,3
61773,4,0.03721947595477104,Q5_pred_5,5
236654,4,0.10628871619701385,Q5_pred_5,5
30025,4,-0.14113157987594604,Q2_pred_2,2
16201,4,-0.12452252209186554,Q3_pred_3,3
131266,3,-0.10135727375745773,Q3_pred_3,3
31569,3,-0.010200053453445435,Q4_pred_4,4
268870,4,-0.06085418164730072,Q4_pred_4,4
236345,4,0.09447300434112549,Q5_pred_5,5
156774,4,-0.204209566116333,Q2_pred_2,2
236501,3,0.13062438368797302,Q5_pred_5,5
156798,3,-0.24630004167556763,Q1_pred_1,1
106449,4,-0.06123413145542145,Q4_pred_4,4
31532,3,-0.20888662338256836,Q1_pred_1,1
117606,3,-0.2246149629354477,Q1_pred_1,1
50173,3,-0.22799775004386902,Q1_pred_1,1
76258,3,-0.24715256690979004,Q1_pred_1,1
113169,4,-0.07050909101963043,Q4_pred_4,4
104038,3,-0.10672435164451599,Q3_pred_3,3
169760,4,0.12928907573223114,Q5_pred_5,5
383237,4,-0.23691140115261078,Q1_pred_1,1
92963,4,-0.05508115887641907,Q4_pred_4,4
331024,3,0.03887516260147095,Q5_pred_5,5
333404,3,-0.05239582061767578,Q4_pred_4,4
18448,4,-0.21725355088710785,Q1_pred_1,1
236786,4,0.21976155042648315,Q5_pred_5,5
92377,4,-0.12490266561508179,Q3_pred_3,3
50255,2,-0.29643067717552185,Q1_pred_1,1
62602,3,-0.2301269769668579,Q1_pred_1,1
93920,3,-0.2235187143087387,Q1_pred_1,1
211022,3,-0.20085348188877106,Q2_pred_2,2
114169,3,-0.14065882563591003,Q2_pred_2,2
241526,4,-0.017775505781173706,Q4_pred_4,4
120757,3,-0.27010244131088257,Q1_pred_1,1
236428,3,0.23163306713104248,Q5_pred_5,5
66333,3,-0.220021590590477,Q1_pred_1,1
61723,4,0.008188456296920776,Q5_pred_5,5
146926,4,-0.019805507734417915,Q4_pred_4,4
235042,4,-0.14555415511131287,Q2_pred_2,2
103028,3,-0.24207690358161926,Q1_pred_1,1
92368,4,-0.13842764496803284,Q2_pred_2,2
82800,2,-0.07719095051288605,Q3_pred_3,3
345836,4,-0.09328627586364746,Q3_pred_3,3
162762,3,-0.06476700305938721,Q4_pred_4,4
43362,3,0.20659199357032776,Q5_pred_5,5
343094,3,0.11895754933357239,Q5_pred_5,5
101319,3,-0.24706193804740906,Q1_pred_1,1
328049,4,-0.2188630998134613,Q1_pred_1,1
97829,4,-0.11743006110191345,Q3_pred_3,3
213291,4,-0.09726940095424652,Q3_pred_3,3
241512,4,-0.008434846997261047,Q4_pred_4,4
92923,4,-0.04767760634422302,Q4_pred_4,4
332303,3,-0.05980721116065979,Q4_pred_4,4
340173,3,-0.06884858012199402,Q4_pred_4,4
114086,3,-0.17497792840003967,Q2_pred_2,2
275012,3,-0.003318876028060913,Q5_pred_5,5
236489,4,0.18582820892333984,Q5_pred_5,5
62479,4,0.215731680393219,Q5_pred_5,5
69340,3,-0.06625865399837494,Q4_pred_4,4
30040,3,-0.22880777716636658,Q1_pred_1,1
147096,4,-0.07378989458084106,Q4_pred_4,4
24969,4,0.024326622486114502,Q5_pred_5,5
156823,2,-0.2422078549861908,Q1_pred_1,1
104714,4,-0.045776546001434326,Q4_pred_4,4
92382,4,-0.09455525875091553,Q3_pred_3,3
114088,3,-0.10449128597974777,Q3_pred_3,3
82386,4,-0.11617708951234818,Q3_pred_3,3
48083,3,-0.11611436307430267,Q3_pred_3,3
156809,4,-0.2259368598461151,Q1_pred_1,1
161340,4,0.031166046857833862,Q5_pred_5,5
253587,4,-0.10306407511234283,Q3_pred_3,3
244500,4,-0.05285421013832092,Q4_pred_4,4
214504,4,-0.26854363083839417,Q1_pred_1,1
115566,3,-0.26149338483810425,Q1_pred_1,1
115611,3,-0.07683178782463074,Q3_pred_3,3
165492,3,-0.05596667528152466,Q4_pred_4,4
234247,3,-0.18454551696777344,Q2_pred_2,2
114133,3,-0.06598729640245438,Q4_pred_4,4
161611,3,-0.18917834758758545,Q2_pred_2,2
191732,3,-0.07135078310966492,Q4_pred_4,4
36400,4,-0.09026886522769928,Q3_pred_3,3
93886,4,-0.011402804404497147,Q4_pred_4,4
97344,4,-0.10690124332904816,Q3_pred_3,3
277598,3,0.11313514411449432,Q5_pred_5,5
276869,3,-0.33062952756881714,Q1_pred_1,1
86424,4,-0.09768596291542053,Q3_pred_3,3
89318,4,-0.18149304389953613,Q2_pred_2,2
41741,3,-0.19192196428775787,Q2_pred_2,2
61745,4,0.03833099082112312,Q5_pred_5,5
120675,4,0.27587610483169556,Q5_pred_5,5
118707,4,-0.009098589420318604,Q4_pred_4,4
254386,3,-0.07666181027889252,Q3_pred_3,3
16672,4,-0.08229361474514008,Q3_pred_3,3
59512,3,-0.13019335269927979,Q3_pred_3,3
389518,3,-0.13626046478748322,Q2_pred_2,2
114457,3,0.19012115895748138,Q5_pred_5,5
93865,3,-0.011358574032783508,Q4_pred_4,4
72884,4,-0.16337469220161438,Q2_pred_2,2
242904,4,-0.08437931537628174,Q3_pred_3,3
62781,3,-0.30018407106399536,Q1_pred_1,1
344025,4,-0.1547839194536209,Q2_pred_2,2
236481,4,0.20237214863300323,Q5_pred_5,5
107727,1,-0.1891143023967743,Q2_pred_2,2
182017,4,-0.12469731271266937,Q3_pred_3,3
432874,2,-0.06285975873470306,Q4_pred_4,4
92405,4,-0.09650549292564392,Q3_pred_3,3
66147,4,-0.28486722707748413,Q1_pred_1,1
416545,3,-0.10573038458824158,Q3_pred_3,3
242687,4,0.006785452365875244,Q5_pred_5,5
402642,3,-0.011090457439422607,Q4_pred_4,4
110424,2,-0.1434081792831421,Q2_pred_2,2
17944,2,-0.021730780601501465,Q4_pred_4,4
385854,4,-0.2607114911079407,Q1_pred_1,1
120663,3,0.28036558628082275,Q5_pred_5,5
33654,4,0.1485433131456375,Q5_pred_5,5
80638,4,-0.08845928311347961,Q3_pred_3,3
241571,4,-0.1617739051580429,Q2_pred_2,2
43865,4,0.11485293507575989,Q5_pred_5,5
241583,4,-0.12032178044319153,Q3_pred_3,3
115234,3,-0.04359036684036255,Q4_pred_4,4
377264,4,-0.019444584846496582,Q4_pred_4,4
349387,3,-0.11630621552467346,Q3_pred_3,3
82361,3,-0.09689055383205414,Q3_pred_3,3
102102,3,-0.10003703832626343,Q3_pred_3,3
18451,1,0.01275220513343811,Q5_pred_5,5
124886,4,-0.013917535543441772,Q4_pred_4,4
114132,3,-0.11886782199144363,Q3_pred_3,3
408447,3,-0.015780605375766754,Q4_pred_4,4
343964,2,-0.07251785695552826,Q4_pred_4,4
344076,2,0.01114991307258606,Q5_pred_5,5
39862,4,-0.2069532573223114,Q1_pred_1,1
89320,4,-0.1765870749950409,Q2_pred_2,2
114359,3,-0.07599597424268723,Q4_pred_4,4
147138,3,-0.07141291350126266,Q4_pred_4,4
414063,4,-0.13429948687553406,Q3_pred_3,3
7557,2,-0.08937069773674011,Q3_pred_3,3
125578,3,-0.10795028507709503,Q3_pred_3,3
58998,2,-0.191463440656662,Q2_pred_2,2
67644,4,0.024898961186408997,Q5_pred_5,5
371385,4,-0.1256570667028427,Q3_pred_3,3
189413,4,-0.022684678435325623,Q4_pred_4,4
325460,3,-0.37150371074676514,Q1_pred_1,1
26926,4,-0.09598618745803833,Q3_pred_3,3
114075,4,-0.08062659204006195,Q3_pred_3,3
236355,4,0.2004120647907257,Q5_pred_5,5
79627,3,0.043310195207595825,Q5_pred_5,5
24311,3,-0.03181655704975128,Q4_pred_4,4
236511,4,0.2787039875984192,Q5_pred_5,5
196072,3,-0.08425989747047424,Q3_pred_3,3
41980,3,-0.08675713837146759,Q3_pred_3,3
23725,3,-0.1142338216304779,Q3_pred_3,3
187762,4,0.10469946265220642,Q5_pred_5,5
433701,4,0.07185563445091248,Q5_pred_5,5
43818,3,-0.18231455981731415,Q2_pred_2,2
69877,4,-0.23939695954322815,Q1_pred_1,1
41601,3,-0.1228751391172409,Q3_pred_3,3
397299,3,0.02645374834537506,Q5_pred_5,5
236580,3,0.06188388168811798,Q5_pred_5,5
137946,3,0.1461659073829651,Q5_pred_5,5
147114,4,-0.06897449493408203,Q4_pred_4,4
400742,3,-0.09659324586391449,Q3_pred_3,3
70,2,-0.2677913010120392,Q1_pred_1,1
137910,4,0.16915298998355865,Q5_pred_5,5
50277,3,-0.25743189454078674,Q1_pred_1,1
318828,4,-0.32204875349998474,Q1_pred_1,1
114419,4,-0.001672506332397461,Q5_pred_5,5
114368,3,-0.13245615363121033,Q3_pred_3,3
328046,4,-0.12974363565444946,Q3_pred_3,3
393469,3,-0.019503414630889893,Q4_pred_4,4
381944,4,-0.06208693981170654,Q4_pred_4,4
10102,3,-0.1459677666425705,Q2_pred_2,2
107712,3,-0.2139693796634674,Q1_pred_1,1
120754,2,-0.2765873670578003,Q1_pred_1,1
179870,3,-0.09100170433521271,Q3_pred_3,3
236648,3,0.20680561661720276,Q5_pred_5,5
416537,3,-0.3103293776512146,Q1_pred_1,1
60778,3,-0.1724153310060501,Q2_pred_2,2
36939,3,-0.2851264476776123,Q1_pred_1,1
94750,3,-0.0015366673469543457,Q5_pred_5,5
112984,3,0.07264960557222366,Q5_pred_5,5
222672,3,-0.1207004189491272,Q3_pred_3,3
17486,3,0.11794686317443848,Q5_pred_5,5
80210,4,-0.1415017694234848,Q2_pred_2,2
10121,4,-0.14935502409934998,Q2_pred_2,2
109618,4,-0.07553523778915405,Q4_pred_4,4
79598,4,-0.2123863846063614,Q1_pred_1,1
86431,1,-0.2131512463092804,Q1_pred_1,1
319347,4,-0.10299605131149292,Q3_pred_3,3
333268,3,-0.12595120072364807,Q3_pred_3,3
9661,3,-0.11356766521930695,Q3_pred_3,3
407459,3,-0.0327693372964859,Q4_pred_4,4
156709,2,-0.24713116884231567,Q1_pred_1,1
84718,2,0.07658302783966064,Q5_pred_5,5
398001,3,-0.013612091541290283,Q4_pred_4,4
83100,4,-0.1265530288219452,Q3_pred_3,3
112342,3,-0.3871368169784546,Q1_pred_1,1
109856,4,-0.2068372219800949,Q1_pred_1,1
101851,3,-0.2027616798877716,Q2_pred_2,2
95775,4,-0.025687336921691895,Q4_pred_4,4
81942,4,-0.19012244045734406,Q2_pred_2,2
10108,1,-0.1520002782344818,Q2_pred_2,2
239586,4,-0.2766052484512329,Q1_pred_1,1
236578,2,0.09696675837039948,Q5_pred_5,5
266431,1,-0.23292076587677002,Q1_pred_1,1
147097,3,-0.10371702909469604,Q3_pred_3,3
182874,3,-0.17907145619392395,Q2_pred_2,2
241574,4,-0.010485149919986725,Q4_pred_4,4
93363,4,-0.1276528537273407,Q3_pred_3,3
156758,3,-0.21463288366794586,Q1_pred_1,1
241476,4,-0.19511546194553375,Q2_pred_2,2
236337,1,0.08143556118011475,Q5_pred_5,5
236423,4,0.28641581535339355,Q5_pred_5,5
371153,4,-0.14266356825828552,Q2_pred_2,2
95800,4,-0.14985018968582153,Q2_pred_2,2
277597,4,-0.15519990026950836,Q2_pred_2,2
89300,4,-0.18571993708610535,Q2_pred_2,2
72881,4,-0.18877047300338745,Q2_pred_2,2
343965,3,-0.3599614202976227,Q1_pred_1,1
31347,3,-0.03857678174972534,Q4_pred_4,4
24310,3,-0.024375900626182556,Q4_pred_4,4
379969,2,-0.17354893684387207,Q2_pred_2,2
362739,2,-0.21101602911949158,Q1_pred_1,1
236626,4,0.13047312200069427,Q5_pred_5,5
114095,4,-0.0900547206401825,Q3_pred_3,3
72842,4,-0.13732954859733582,Q2_pred_2,2
80663,4,-0.07727806270122528,Q3_pred_3,3
245522,3,-0.040337398648262024,Q4_pred_4,4
316869,2,-0.2746395766735077,Q1_pred_1,1
167087,2,0.07329422235488892,Q5_pred_5,5
261588,2,-0.10639262199401855,Q3_pred_3,3
10135,1,-0.14467136561870575,Q2_pred_2,2
49520,4,-0.2845277488231659,Q1_pred_1,1
60780,4,-0.17376065254211426,Q2_pred_2,2
337102,1,-0.21221187710762024,Q1_pred_1,1
93894,3,-0.037803489714860916,Q4_pred_4,4
31649,2,-0.06790563464164734,Q4_pred_4,4
153056,2,-0.15342019498348236,Q2_pred_2,2
234034,4,0.05118840932846069,Q5_pred_5,5
241551,3,0.0372280552983284,Q5_pred_5,5
34382,3,-0.008440867066383362,Q4_pred_4,4
86953,3,-0.11129775643348694,Q3_pred_3,3
107718,1,-0.006835728883743286,Q5_pred_5,5
115562,3,0.05699843168258667,Q5_pred_5,5
50328,2,-0.18019214272499084,Q2_pred_2,2
32863,4,-0.031105607748031616,Q4_pred_4,4
351424,3,-0.14205819368362427,Q2_pred_2,2
194460,4,-0.009280741214752197,Q4_pred_4,4
95281,4,-0.24634042382240295,Q1_pred_1,1
344051,3,-0.007021158933639526,Q5_pred_5,5
9669,2,-0.23006929457187653,Q1_pred_1,1
89296,4,-0.1952410340309143,Q2_pred_2,2
106845,4,-0.2570822834968567,Q1_pred_1,1
83190,2,0.08236198127269745,Q5_pred_5,5
50175,3,-0.17985978722572327,Q2_pred_2,2
367824,3,-0.11726044863462448,Q3_pred_3,3
361225,4,-0.09123566746711731,Q3_pred_3,3
130703,3,0.22382307052612305,Q5_pred_5,5
50161,3,-0.23084424436092377,Q1_pred_1,1
168133,2,-0.15814954042434692,Q2_pred_2,2
237984,3,-0.045837365090847015,Q4_pred_4,4
156713,4,-0.2678820490837097,Q1_pred_1,1
217736,4,-0.03763151168823242,Q4_pred_4,4
87772,3,-0.16193222999572754,Q2_pred_2,2
48087,2,-0.1717016100883484,Q2_pred_2,2
223273,3,-0.05168101191520691,Q4_pred_4,4
23497,3,-0.24488049745559692,Q1_pred_1,1
234035,4,-0.020203471183776855,Q4_pred_4,4
102106,4,-0.124479740858078,Q3_pred_3,3
196075,4,-0.08361348509788513,Q3_pred_3,3
164689,3,-0.12903040647506714,Q3_pred_3,3
61752,4,0.025075413286685944,Q5_pred_5,5
56384,3,-0.15777213871479034,Q2_pred_2,2
99633,3,-0.09166876971721649,Q3_pred_3,3
141990,3,-0.24225501716136932,Q1_pred_1,1
333400,3,-0.1684494912624359,Q2_pred_2,2
39058,3,0.18270087242126465,Q5_pred_5,5
152707,3,0.02979119122028351,Q5_pred_5,5
39894,3,-0.27420201897621155,Q1_pred_1,1
140845,3,0.17975914478302002,Q5_pred_5,5
157223,3,0.22653010487556458,Q5_pred_5,5
115523,3,-0.29253682494163513,Q1_pred_1,1
131689,3,0.013043105602264404,Q5_pred_5,5
424866,3,0.1825147271156311,Q5_pred_5,5
196117,2,-0.2460840940475464,Q1_pred_1,1
156040,3,-0.22567813098430634,Q1_pred_1,1
91753,3,0.1445087045431137,Q5_pred_5,5
66599,3,-0.2058691382408142,Q1_pred_1,1
143298,3,-0.36219170689582825,Q1_pred_1,1
133095,3,0.3392888307571411,Q5_pred_5,5
62166,3,0.19855153560638428,Q5_pred_5,5
158435,4,0.28582102060317993,Q5_pred_5,5
45915,4,-0.06733864545822144,Q4_pred_4,4
84391,4,0.19959047436714172,Q5_pred_5,5
193064,3,-0.07656604051589966,Q4_pred_4,4
127248,4,-0.024469703435897827,Q4_pred_4,4
78491,4,0.2452152818441391,Q5_pred_5,5
257864,4,0.01779612898826599,Q5_pred_5,5
75057,4,-0.024455934762954712,Q4_pred_4,4
191201,3,-0.44763505458831787,Q1_pred_1,1
33699,4,0.04558920860290527,Q5_pred_5,5
32867,4,0.010011553764343262,Q5_pred_5,5
171117,4,-0.17905814945697784,Q2_pred_2,2
59444,4,-0.13593372702598572,Q2_pred_2,2
65993,3,-0.18975895643234253,Q2_pred_2,2
170599,4,0.22584602236747742,Q5_pred_5,5
329331,2,-0.05846743285655975,Q4_pred_4,4
59765,4,-0.03206215798854828,Q4_pred_4,4
78417,2,-0.1183558851480484,Q3_pred_3,3
149946,3,0.28613853454589844,Q5_pred_5,5
158627,3,-0.17930586636066437,Q2_pred_2,2
190699,3,-0.14370869100093842,Q2_pred_2,2
131980,3,-0.2541532516479492,Q1_pred_1,1
60773,3,-0.17174050211906433,Q2_pred_2,2
44476,2,0.04341341555118561,Q5_pred_5,5
243801,4,0.02474111318588257,Q5_pred_5,5
86642,2,0.18317796289920807,Q5_pred_5,5
33700,3,0.041894301772117615,Q5_pred_5,5
109743,3,0.19898882508277893,Q5_pred_5,5
25261,2,0.26328492164611816,Q5_pred_5,5
61660,2,-0.0021496713161468506,Q5_pred_5,5
124686,3,-0.16241519153118134,Q2_pred_2,2
98655,3,-0.22144299745559692,Q1_pred_1,1
242231,4,-0.14922577142715454,Q2_pred_2,2
161996,3,-0.10701929032802582,Q3_pred_3,3
108285,3,0.12138569355010986,Q5_pred_5,5
59963,3,-0.43306443095207214,Q1_pred_1,1
75056,4,-0.027308151125907898,Q4_pred_4,4
20693,3,-0.2669483423233032,Q1_pred_1,1
35548,3,-0.4330219030380249,Q1_pred_1,1
144333,3,-0.009960174560546875,Q4_pred_4,4
144328,3,-0.02110537886619568,Q4_pred_4,4
78003,4,0.178492471575737,Q5_pred_5,5
172593,3,-0.038506776094436646,Q4_pred_4,4
262977,3,-0.0056180208921432495,Q5_pred_5,5
191917,3,-0.21380895376205444,Q1_pred_1,1
35552,3,-0.0611257404088974,Q4_pred_4,4
25288,3,0.2985328733921051,Q5_pred_5,5
184416,4,-0.08865544199943542,Q3_pred_3,3
162578,3,0.14092722535133362,Q5_pred_5,5
72839,4,-0.09242376685142517,Q3_pred_3,3
179601,3,-0.23467928171157837,Q1_pred_1,1
26098,3,-0.02623581886291504,Q4_pred_4,4
32868,4,-0.11533622443675995,Q3_pred_3,3
429422,4,-0.01795634627342224,Q4_pred_4,4
35556,3,-0.049859195947647095,Q4_pred_4,4
144326,3,-0.05456697940826416,Q4_pred_4,4
191918,4,-0.05725535750389099,Q4_pred_4,4
94631,3,-0.26122361421585083,Q1_pred_1,1
190697,4,-0.0016745328903198242,Q5_pred_5,5
371602,4,-0.06801331043243408,Q4_pred_4,4
397434,4,-0.06845739483833313,Q4_pred_4,4
196645,4,-0.10838127136230469,Q3_pred_3,3
165491,4,-0.05491650104522705,Q4_pred_4,4
180089,3,-0.07879932224750519,Q3_pred_3,3
333418,4,-0.005253612995147705,Q5_pred_5,5
171317,4,0.0868731141090393,Q5_pred_5,5
189518,3,-0.171913281083107,Q2_pred_2,2
60792,4,-0.15258386731147766,Q2_pred_2,2
170584,4,0.22423246502876282,Q5_pred_5,5
372608,4,0.07545232772827148,Q5_pred_5,5
148150,4,-0.23300518095493317,Q1_pred_1,1
75054,4,-0.028298422694206238,Q4_pred_4,4
340048,2,-0.14244455099105835,Q2_pred_2,2
119030,4,-0.05989886820316315,Q4_pred_4,4
118636,3,-0.09338459372520447,Q3_pred_3,3
262957,4,0.014276981353759766,Q5_pred_5,5
32493,4,0.09887832403182983,Q5_pred_5,5
71462,4,0.029709860682487488,Q5_pred_5,5
169944,4,-0.09545886516571045,Q3_pred_3,3
191924,3,-0.3626031279563904,Q1_pred_1,1
44681,2,0.15894272923469543,Q5_pred_5,5
170587,4,0.2484320104122162,Q5_pred_5,5
25314,3,0.17775245010852814,Q5_pred_5,5
189583,3,-0.028920233249664307,Q4_pred_4,4
42797,3,-0.31550946831703186,Q1_pred_1,1
154735,3,-0.36016881465911865,Q1_pred_1,1
58647,3,-0.32158181071281433,Q1_pred_1,1
239496,2,-0.11820605397224426,Q3_pred_3,3
60776,4,-0.16713327169418335,Q2_pred_2,2
44225,3,-0.31130725145339966,Q1_pred_1,1
24945,2,-0.15625296533107758,Q2_pred_2,2
221567,4,-0.035441696643829346,Q4_pred_4,4
237352,4,-0.052457958459854126,Q4_pred_4,4
133088,3,0.2711978554725647,Q5_pred_5,5
138016,3,-0.16851603984832764,Q2_pred_2,2
127288,3,-0.2875238060951233,Q1_pred_1,1
108355,2,-0.3867829144001007,Q1_pred_1,1
346684,4,-0.009256571531295776,Q4_pred_4,4
189831,4,-0.006586313247680664,Q5_pred_5,5
45910,3,-0.002007707953453064,Q5_pred_5,5
127309,2,-0.023106232285499573,Q4_pred_4,4
45906,3,-0.0657503604888916,Q4_pred_4,4
102097,4,0.29757043719291687,Q5_pred_5,5
191911,4,-0.05557668209075928,Q4_pred_4,4
33314,3,-0.29857319593429565,Q1_pred_1,1
147692,2,0.24927952885627747,Q5_pred_5,5
32499,3,-0.04311925172805786,Q4_pred_4,4
144325,3,-0.00897274911403656,Q4_pred_4,4
74810,3,-0.34846246242523193,Q1_pred_1,1
33313,4,0.011172682046890259,Q5_pred_5,5
151373,3,-0.111384317278862,Q3_pred_3,3
127340,2,-0.1524505317211151,Q2_pred_2,2
141992,3,0.06009526550769806,Q5_pred_5,5
209989,3,-0.042288169264793396,Q4_pred_4,4
127303,4,-0.1532716453075409,Q2_pred_2,2
333405,4,-0.10547028481960297,Q3_pred_3,3
84524,4,-0.09954068064689636,Q3_pred_3,3
32498,4,-0.08718284964561462,Q3_pred_3,3
102099,4,0.2829773724079132,Q5_pred_5,5
156196,3,-0.2981504797935486,Q1_pred_1,1
144324,3,-0.039256855845451355,Q4_pred_4,4
191912,4,-0.054891929030418396,Q4_pred_4,4
132111,3,-0.25491735339164734,Q1_pred_1,1
171462,3,0.12723881006240845,Q5_pred_5,5
144338,3,-0.06612630188465118,Q4_pred_4,4
83521,4,0.191691055893898,Q5_pred_5,5
84525,3,-0.023440957069396973,Q4_pred_4,4
30414,4,0.2829413115978241,Q5_pred_5,5
346682,4,-0.09006623923778534,Q3_pred_3,3
144341,3,0.08496060967445374,Q5_pred_5,5
191920,4,-0.13557486236095428,Q2_pred_2,2
257812,3,-0.3136031925678253,Q1_pred_1,1
157739,3,-0.21458861231803894,Q1_pred_1,1
149928,2,0.05633598566055298,Q5_pred_5,5
132031,3,0.016838014125823975,Q5_pred_5,5
150403,3,-0.2487247884273529,Q1_pred_1,1
102095,4,0.27625393867492676,Q5_pred_5,5
159407,3,0.30705833435058594,Q5_pred_5,5
354056,3,-0.2443547546863556,Q1_pred_1,1
89067,3,-0.0001742243766784668,Q5_pred_5,5
430046,4,-0.13954800367355347,Q2_pred_2,2
171966,3,0.11581918597221375,Q5_pred_5,5
151384,4,0.039404481649398804,Q5_pred_5,5
63806,3,-0.3699015974998474,Q1_pred_1,1
100842,3,-0.34692084789276123,Q1_pred_1,1
333420,4,-0.05063845217227936,Q4_pred_4,4
72846,4,-0.08359047770500183,Q3_pred_3,3
69307,4,0.2599336504936218,Q5_pred_5,5
128050,4,-0.15237373113632202,Q2_pred_2,2
102103,4,-0.10170146822929382,Q3_pred_3,3
151385,4,0.13814665377140045,Q5_pred_5,5
59447,3,-0.1794320046901703,Q2_pred_2,2
47701,3,-0.2895939350128174,Q1_pred_1,1
119028,4,-0.06389623880386353,Q4_pred_4,4
26282,4,0.268401563167572,Q5_pred_5,5
393402,4,0.03061997890472412,Q5_pred_5,5
32496,4,0.09724412858486176,Q5_pred_5,5
340361,4,-0.08692549169063568,Q3_pred_3,3
168440,4,0.08731448650360107,Q5_pred_5,5
119025,4,-0.0660662055015564,Q4_pred_4,4
25298,2,-0.42039093375205994,Q1_pred_1,1
122204,4,-0.052746862173080444,Q4_pred_4,4
137977,2,-0.20446303486824036,Q2_pred_2,2
170342,3,-0.35581934452056885,Q1_pred_1,1
46068,3,-0.1506166160106659,Q2_pred_2,2
142293,2,-0.21261125802993774,Q1_pred_1,1
397435,4,-0.08374789357185364,Q3_pred_3,3
333411,4,-0.03424379229545593,Q4_pred_4,4
60808,4,-0.17487597465515137,Q2_pred_2,2
113323,3,-0.45837733149528503,Q1_pred_1,1
102104,4,-0.09958380460739136,Q3_pred_3,3
80398,4,-0.23317354917526245,Q1_pred_1,1
20384,3,-0.0718483179807663,Q4_pred_4,4
333410,4,-0.02591651678085327,Q4_pred_4,4
72837,4,-0.11594420671463013,Q3_pred_3,3
59449,3,-0.21134112775325775,Q1_pred_1,1
32864,4,-0.01860538125038147,Q4_pred_4,4
149049,2,-0.049183934926986694,Q4_pred_4,4
191925,3,-0.3310423195362091,Q1_pred_1,1
395123,2,-0.05878889560699463,Q4_pred_4,4
37803,4,0.005923658609390259,Q5_pred_5,5
144323,3,-0.06797157227993011,Q4_pred_4,4
99636,4,-0.08249838650226593,Q3_pred_3,3
60785,4,-0.10829989612102509,Q3_pred_3,3
115725,3,0.0722213089466095,Q5_pred_5,5
264377,3,-0.059554457664489746,Q4_pred_4,4
74353,2,-0.1803947538137436,Q2_pred_2,2
62854,2,-0.2707875669002533,Q1_pred_1,1
72578,4,-0.05171129107475281,Q4_pred_4,4
45914,4,-0.03593650460243225,Q4_pred_4,4
324103,4,-0.01915125548839569,Q4_pred_4,4
60775,4,-0.1674022525548935,Q2_pred_2,2
324323,4,-0.002505287528038025,Q5_pred_5,5
243800,4,-0.031882256269454956,Q4_pred_4,4
91750,4,-0.30155202746391296,Q1_pred_1,1
245523,4,-0.037632644176483154,Q4_pred_4,4
160041,3,0.19428172707557678,Q5_pred_5,5
262976,4,-0.005555376410484314,Q5_pred_5,5
59304,4,-0.05905190110206604,Q4_pred_4,4
137013,3,-0.3866158127784729,Q1_pred_1,1
19345,2,-0.32858985662460327,Q1_pred_1,1
143305,4,0.14047107100486755,Q5_pred_5,5
167676,3,0.2559469938278198,Q5_pred_5,5
120829,4,0.18201273679733276,Q5_pred_5,5
233473,4,0.046281471848487854,Q5_pred_5,5
93023,4,-0.2297634780406952,Q1_pred_1,1
63276,3,-0.009540870785713196,Q4_pred_4,4
166203,3,0.11712914705276489,Q5_pred_5,5
340165,4,0.17657075822353363,Q5_pred_5,5
37799,4,0.10626323521137238,Q5_pred_5,5
60807,4,-0.17352226376533508,Q2_pred_2,2
339990,4,0.19729243218898773,Q5_pred_5,5
354038,4,-0.028073936700820923,Q4_pred_4,4
170589,2,-0.3502294719219208,Q1_pred_1,1
15466,3,-0.25977471470832825,Q1_pred_1,1
418831,4,-0.16518846154212952,Q2_pred_2,2
329649,3,-0.20628948509693146,Q1_pred_1,1
262975,4,-0.006104558706283569,Q5_pred_5,5
36161,2,-0.3089848458766937,Q1_pred_1,1
59448,3,-0.23537646234035492,Q1_pred_1,1
41321,2,0.028944388031959534,Q5_pred_5,5
60033,3,0.039707645773887634,Q5_pred_5,5
74543,4,-0.13625524938106537,Q2_pred_2,2
382543,4,-0.01660206913948059,Q4_pred_4,4
9743,4,-0.2540341317653656,Q1_pred_1,1
44356,3,-0.034148961305618286,Q4_pred_4,4
7265,3,-0.014807969331741333,Q4_pred_4,4
29705,3,-0.1535874307155609,Q2_pred_2,2
46046,3,-0.07369911670684814,Q4_pred_4,4
122492,2,-0.11223135888576508,Q3_pred_3,3
448220,4,-0.1194276213645935,Q3_pred_3,3
92148,2,-0.09389261901378632,Q3_pred_3,3
148491,5,0.1834617257118225,Q5_pred_5,5
148509,5,0.17141342163085938,Q5_pred_5,5
196004,4,-0.15817740559577942,Q2_pred_2,2
39168,5,0.06505176424980164,Q5_pred_5,5
148496,5,0.13478076457977295,Q5_pred_5,5
148435,5,0.11928415298461914,Q5_pred_5,5
245068,3,-0.008228600025177002,Q5_pred_5,5
46044,2,-0.07037252187728882,Q4_pred_4,4
347724,4,-0.0995466411113739,Q3_pred_3,3
16499,2,0.017717480659484863,Q5_pred_5,5
252556,4,-0.05441559851169586,Q4_pred_4,4
373683,3,0.05840292572975159,Q5_pred_5,5
28631,5,0.1730777770280838,Q5_pred_5,5
266095,4,-0.012246310710906982,Q4_pred_4,4
26978,4,0.015840336680412292,Q5_pred_5,5
148599,5,0.05994683504104614,Q5_pred_5,5
92159,2,-0.07172198593616486,Q4_pred_4,4
44354,4,-0.035149455070495605,Q4_pred_4,4
92154,1,-0.0636889785528183,Q4_pred_4,4
252351,4,0.06420865654945374,Q5_pred_5,5
394133,3,-0.05867175757884979,Q4_pred_4,4
148531,5,0.07351422309875488,Q5_pred_5,5
445369,3,-0.08304551243782043,Q3_pred_3,3
251844,2,-0.023530304431915283,Q4_pred_4,4
28604,4,0.19213110208511353,Q5_pred_5,5
431907,4,-0.10155628621578217,Q3_pred_3,3
172322,4,-0.311475545167923,Q1_pred_1,1
268593,4,-0.053016409277915955,Q4_pred_4,4
65721,3,0.08183738589286804,Q5_pred_5,5
39188,5,0.07176327705383301,Q5_pred_5,5
18335,3,0.007370114326477051,Q5_pred_5,5
70860,4,-0.023759156465530396,Q4_pred_4,4
173756,5,-0.04618749022483826,Q4_pred_4,4
65651,3,0.12642338871955872,Q5_pred_5,5
127163,4,0.07804319262504578,Q5_pred_5,5
382348,2,-0.13049206137657166,Q3_pred_3,3
64828,4,0.09288433194160461,Q5_pred_5,5
236309,3,-0.15193890035152435,Q2_pred_2,2
474399,4,-0.08230825513601303,Q3_pred_3,3
351318,4,0.12189096212387085,Q5_pred_5,5
319738,4,-0.2039903998374939,Q2_pred_2,2
351935,3,-0.2507323920726776,Q1_pred_1,1
471038,3,-0.04102809727191925,Q4_pred_4,4
148441,4,0.10141554474830627,Q5_pred_5,5
252377,4,0.05391193926334381,Q5_pred_5,5
236976,3,-0.13215020298957825,Q3_pred_3,3
39162,4,0.05484631657600403,Q5_pred_5,5
148478,4,0.19749897718429565,Q5_pred_5,5
266747,4,-0.029205143451690674,Q4_pred_4,4
382511,4,-0.02658894658088684,Q4_pred_4,4
44829,4,-0.11796316504478455,Q3_pred_3,3
15153,3,-0.1024290919303894,Q3_pred_3,3
489483,4,-0.1376662403345108,Q2_pred_2,2
13361,5,-0.11891427636146545,Q3_pred_3,3
15141,3,-0.10207083821296692,Q3_pred_3,3
333764,3,0.030644387006759644,Q5_pred_5,5
148439,5,0.18488702178001404,Q5_pred_5,5
402953,4,-0.04667219519615173,Q4_pred_4,4
62147,2,-0.4933018684387207,Q1_pred_1,1
91422,3,-0.07707518339157104,Q3_pred_3,3
83129,5,-0.010451585054397583,Q4_pred_4,4
11637,5,0.06991219520568848,Q5_pred_5,5
28599,4,0.1941264569759369,Q5_pred_5,5
173692,5,-0.04535633325576782,Q4_pred_4,4
32017,4,0.004435330629348755,Q5_pred_5,5
329842,4,-0.04218870401382446,Q4_pred_4,4
64819,4,0.12089458107948303,Q5_pred_5,5
482689,3,-0.025669574737548828,Q4_pred_4,4
252322,4,0.04115070402622223,Q5_pred_5,5
78436,4,-0.10441580414772034,Q3_pred_3,3
396225,4,-0.01531180739402771,Q4_pred_4,4
91406,4,-0.04999585449695587,Q4_pred_4,4
148558,5,0.09391820430755615,Q5_pred_5,5
28605,5,0.18796661496162415,Q5_pred_5,5
382505,5,-0.0016548335552215576,Q5_pred_5,5
186773,3,-0.21679653227329254,Q1_pred_1,1
28587,4,0.19827960431575775,Q5_pred_5,5
259524,3,-0.2498714178800583,Q1_pred_1,1
39176,5,0.06361138820648193,Q5_pred_5,5
252498,4,0.02496151626110077,Q5_pred_5,5
64818,4,0.11384880542755127,Q5_pred_5,5
28621,4,0.1838306486606598,Q5_pred_5,5
382495,5,-0.005393803119659424,Q5_pred_5,5
252469,4,-0.02794945240020752,Q4_pred_4,4
65758,3,0.08482591807842255,Q5_pred_5,5
373699,3,-0.013194888830184937,Q4_pred_4,4
373707,3,0.12598544359207153,Q5_pred_5,5
327762,3,-0.08126452565193176,Q3_pred_3,3
40109,2,0.12250277400016785,Q5_pred_5,5
269557,4,0.0022713840007781982,Q5_pred_5,5
252486,4,0.02133682370185852,Q5_pred_5,5
16498,3,-0.12260312587022781,Q3_pred_3,3
112564,4,-0.0029539167881011963,Q5_pred_5,5
91427,2,-0.06436637043952942,Q4_pred_4,4
148535,4,0.06414365768432617,Q5_pred_5,5
252631,3,-0.04858572781085968,Q4_pred_4,4
373677,3,-0.023022621870040894,Q4_pred_4,4
465780,4,-0.09550848603248596,Q3_pred_3,3
251835,4,0.0015947818756103516,Q5_pred_5,5
148401,4,0.10482233762741089,Q5_pred_5,5
328545,3,-0.05483749508857727,Q4_pred_4,4
62271,2,0.08858412504196167,Q5_pred_5,5
333765,3,0.024149596691131592,Q5_pred_5,5
479410,4,-0.00354669988155365,Q5_pred_5,5
89660,2,-0.0919281542301178,Q3_pred_3,3
382451,2,-0.062388330698013306,Q4_pred_4,4
28577,4,0.18536928296089172,Q5_pred_5,5
333753,2,0.044471800327301025,Q5_pred_5,5
23417,3,-0.3206435441970825,Q1_pred_1,1
239953,4,-0.017339438199996948,Q4_pred_4,4
148425,4,0.0965597927570343,Q5_pred_5,5
196923,4,-0.16728314757347107,Q2_pred_2,2
252374,4,-0.02957884967327118,Q4_pred_4,4
373690,4,0.003624334931373596,Q5_pred_5,5
148757,4,-0.047557294368743896,Q4_pred_4,4
202243,4,-0.08039918541908264,Q3_pred_3,3
65727,3,0.08283501118421555,Q5_pred_5,5
416434,5,0.06809037923812866,Q5_pred_5,5
148480,5,0.1209406852722168,Q5_pred_5,5
373689,3,-0.01790785789489746,Q4_pred_4,4
148553,5,0.1002572774887085,Q5_pred_5,5
373702,2,0.03081834316253662,Q5_pred_5,5
164841,3,0.04989472031593323,Q5_pred_5,5
89657,2,-0.08488203585147858,Q3_pred_3,3
148440,5,0.0814482569694519,Q5_pred_5,5
148603,5,0.0846356749534607,Q5_pred_5,5
148589,5,0.08991339802742004,Q5_pred_5,5
270830,2,0.06578212976455688,Q5_pred_5,5
382435,2,-0.2057856321334839,Q1_pred_1,1
239045,3,-0.020490020513534546,Q4_pred_4,4
382339,3,-0.17505589127540588,Q2_pred_2,2
148477,4,0.1115770936012268,Q5_pred_5,5
188691,4,-0.11696048080921173,Q3_pred_3,3
252346,4,-0.018157869577407837,Q4_pred_4,4
92160,2,-0.05668368935585022,Q4_pred_4,4
23028,3,-0.24680308997631073,Q1_pred_1,1
251886,2,-0.022979021072387695,Q4_pred_4,4
28608,3,0.1862482726573944,Q5_pred_5,5
382485,3,-0.004257142543792725,Q5_pred_5,5
23865,3,-0.07907801866531372,Q3_pred_3,3
65725,3,0.040630042552948,Q5_pred_5,5
431355,4,-0.26530545949935913,Q1_pred_1,1
148476,5,0.10672706365585327,Q5_pred_5,5
368365,4,-0.12769824266433716,Q3_pred_3,3
69580,3,-0.03687119483947754,Q4_pred_4,4
252548,4,0.050750866532325745,Q5_pred_5,5
277083,4,0.027669399976730347,Q5_pred_5,5
61829,3,0.05461747944355011,Q5_pred_5,5
71411,1,0.11223572492599487,Q5_pred_5,5
316016,5,0.09029644727706909,Q5_pred_5,5
148556,5,0.07298809289932251,Q5_pred_5,5
1413,5,-0.009029507637023926,Q4_pred_4,4
269547,4,0.021266043186187744,Q5_pred_5,5
148548,5,0.08123424649238586,Q5_pred_5,5
77140,4,0.02700701355934143,Q5_pred_5,5
59063,4,-0.24958671629428864,Q1_pred_1,1
474400,4,-0.05680753290653229,Q4_pred_4,4
33987,2,-0.22088609635829926,Q1_pred_1,1
13296,3,0.028375744819641113,Q5_pred_5,5
321157,3,-0.14843988418579102,Q2_pred_2,2
382455,2,0.07001101970672607,Q5_pred_5,5
148523,5,0.16097205877304077,Q5_pred_5,5
352654,4,-0.04800039529800415,Q4_pred_4,4
373733,3,0.08059000968933105,Q5_pred_5,5
335971,4,-0.22029384970664978,Q1_pred_1,1
90426,2,-0.07473193109035492,Q4_pred_4,4
191960,4,-0.1910376250743866,Q2_pred_2,2
3431,2,0.022598952054977417,Q5_pred_5,5
74994,4,-0.0005263090133666992,Q5_pred_5,5
252502,4,-0.04765580594539642,Q4_pred_4,4
29831,3,0.2197391390800476,Q5_pred_5,5
321160,2,0.0716070830821991,Q5_pred_5,5
373736,2,0.10002630949020386,Q5_pred_5,5
23867,3,-0.06277662515640259,Q4_pred_4,4
148539,4,0.07668182253837585,Q5_pred_5,5
478939,3,-0.11675742268562317,Q3_pred_3,3
412909,3,-0.11285325884819031,Q3_pred_3,3
333770,3,0.02096635103225708,Q5_pred_5,5
196011,4,-0.2583855390548706,Q1_pred_1,1
148479,4,0.14255598187446594,Q5_pred_5,5
382547,5,-0.0026758015155792236,Q5_pred_5,5
106754,3,0.02067658305168152,Q5_pred_5,5
37845,4,-0.18207235634326935,Q2_pred_2,2
148273,5,0.0899147093296051,Q5_pred_5,5
148573,5,0.05789834260940552,Q5_pred_5,5
269552,4,0.028848275542259216,Q5_pred_5,5
276934,4,-0.1739426851272583,Q2_pred_2,2
103031,4,-0.24479183554649353,Q1_pred_1,1
112565,4,-0.008082747459411621,Q5_pred_5,5
91410,2,-0.06349343061447144,Q4_pred_4,4
382524,4,-0.014708518981933594,Q4_pred_4,4
277082,4,0.013622850179672241,Q5_pred_5,5
373701,4,-0.007747352123260498,Q5_pred_5,5
83124,4,-0.015674322843551636,Q4_pred_4,4
90444,2,-0.06257089972496033,Q4_pred_4,4
382545,4,-0.02365240454673767,Q4_pred_4,4
148565,4,0.06004834175109863,Q5_pred_5,5
65650,3,0.101508229970932,Q5_pred_5,5
28606,3,0.210378035902977,Q5_pred_5,5
28622,4,0.18460439145565033,Q5_pred_5,5
15150,3,-0.08781576156616211,Q3_pred_3,3
148543,4,0.10782605409622192,Q5_pred_5,5
39194,5,0.06479400396347046,Q5_pred_5,5
89118,2,-0.07308395206928253,Q4_pred_4,4
89132,2,-0.07490608841180801,Q4_pred_4,4
28602,4,0.19975078105926514,Q5_pred_5,5
148533,5,0.05502000451087952,Q5_pred_5,5
346956,2,0.04387274384498596,Q5_pred_5,5
373728,3,0.1131480485200882,Q5_pred_5,5
89669,2,-0.0854002982378006,Q3_pred_3,3
28610,4,-0.3404967486858368,Q1_pred_1,1
148575,4,0.10536304116249084,Q5_pred_5,5
28613,4,-0.2825935482978821,Q1_pred_1,1
148502,4,-0.46863681077957153,Q1_pred_1,1
28568,4,0.18784408271312714,Q5_pred_5,5
91429,2,-0.06556814908981323,Q4_pred_4,4
28562,4,0.20123788714408875,Q5_pred_5,5
148598,4,0.06589743494987488,Q5_pred_5,5
373692,3,0.005239605903625488,Q5_pred_5,5
382388,3,-0.22742480039596558,Q1_pred_1,1
148562,5,0.1153055727481842,Q5_pred_5,5
382534,5,-0.022562146186828613,Q4_pred_4,4
89665,2,-0.08177586644887924,Q3_pred_3,3
148577,5,0.1144213080406189,Q5_pred_5,5
173718,4,-0.051361024379730225,Q4_pred_4,4
253237,3,-0.16352146863937378,Q2_pred_2,2
15148,2,-0.0998060405254364,Q3_pred_3,3
89127,2,-0.09273818880319595,Q3_pred_3,3
416435,5,0.11037233471870422,Q5_pred_5,5
70827,4,-0.02480652928352356,Q4_pred_4,4
333747,3,0.014691531658172607,Q5_pred_5,5
373734,3,0.08698731660842896,Q5_pred_5,5
148475,4,0.11503618955612183,Q5_pred_5,5
277125,5,0.038361966609954834,Q5_pred_5,5
148541,5,0.08697974681854248,Q5_pred_5,5
90428,2,-0.07005442678928375,Q4_pred_4,4
91439,2,-0.08284025639295578,Q3_pred_3,3
122485,3,0.10607545077800751,Q5_pred_5,5
148426,5,0.19638407230377197,Q5_pred_5,5
373704,3,0.03513741493225098,Q5_pred_5,5
148406,5,0.1134442389011383,Q5_pred_5,5
148432,5,0.1435573399066925,Q5_pred_5,5
65656,3,0.10821814835071564,Q5_pred_5,5
92140,2,-0.08956168591976166,Q3_pred_3,3
91430,2,-0.06007152795791626,Q4_pred_4,4
91409,2,-0.0642642080783844,Q4_pred_4,4
382487,5,-0.016932129859924316,Q4_pred_4,4
61822,2,0.031077206134796143,Q5_pred_5,5
316041,4,0.09075385332107544,Q5_pred_5,5
316010,4,0.09244918823242188,Q5_pred_5,5
95332,5,0.060085415840148926,Q5_pred_5,5
28572,5,0.17703109979629517,Q5_pred_5,5
89662,2,-0.0882202535867691,Q3_pred_3,3
148427,4,0.11729007959365845,Q5_pred_5,5
89121,2,-0.08216623961925507,Q3_pred_3,3
148499,5,0.10616135597229004,Q5_pred_5,5
148579,5,0.10163852572441101,Q5_pred_5,5
28616,4,0.19123904407024384,Q5_pred_5,5
373735,3,0.07041746377944946,Q5_pred_5,5
68446,4,0.0592133104801178,Q5_pred_5,5
122672,3,-0.28319501876831055,Q1_pred_1,1
89128,3,-0.08696486055850983,Q3_pred_3,3
148507,5,0.18843957781791687,Q5_pred_5,5
373722,3,0.05335456132888794,Q5_pred_5,5
28611,4,0.1882757842540741,Q5_pred_5,5
245536,3,-0.0793035626411438,Q3_pred_3,3
373716,3,0.07942052185535431,Q5_pred_5,5
382335,5,-0.16759806871414185,Q2_pred_2,2
373687,3,0.08056595921516418,Q5_pred_5,5
91413,2,-0.07817596197128296,Q3_pred_3,3
334540,4,0.05699390172958374,Q5_pred_5,5
382501,4,-0.020023852586746216,Q4_pred_4,4
70823,4,0.00066414475440979,Q5_pred_5,5
28595,3,0.20309817790985107,Q5_pred_5,5
28561,4,0.2037205696105957,Q5_pred_5,5
148748,4,0.0009661018848419189,Q5_pred_5,5
148593,4,0.07078501582145691,Q5_pred_5,5
148486,4,0.16948822140693665,Q5_pred_5,5
28584,4,0.18822115659713745,Q5_pred_5,5
28565,4,0.2019875943660736,Q5_pred_5,5
382537,5,-0.007223248481750488,Q5_pred_5,5
89125,3,-0.08039617538452148,Q3_pred_3,3
148521,4,0.18513953685760498,Q5_pred_5,5
148530,5,0.17860066890716553,Q5_pred_5,5
253246,5,-0.146458238363266,Q2_pred_2,2
28618,5,0.2078191637992859,Q5_pred_5,5
148561,5,0.10340702533721924,Q5_pred_5,5
382541,5,-0.014549076557159424,Q4_pred_4,4
148429,5,0.12772610783576965,Q5_pred_5,5
401707,4,-0.2795400023460388,Q1_pred_1,1
92162,2,-0.04177342355251312,Q4_pred_4,4
148550,5,0.11204493045806885,Q5_pred_5,5
61831,3,0.0033130943775177,Q5_pred_5,5
89668,2,-0.09036532044410706,Q3_pred_3,3
83116,5,-0.040901511907577515,Q4_pred_4,4
148512,4,0.11063864827156067,Q5_pred_5,5
373717,3,0.09331180155277252,Q5_pred_5,5
315691,3,0.04167830944061279,Q5_pred_5,5
382483,5,-0.0014743208885192871,Q5_pred_5,5
28555,5,0.2056501805782318,Q5_pred_5,5
13364,4,-0.11016577482223511,Q3_pred_3,3
91419,2,-0.07364262640476227,Q4_pred_4,4
173775,4,-0.04801639914512634,Q4_pred_4,4
91407,2,-0.05687977373600006,Q4_pred_4,4
89129,2,-0.09699468314647675,Q3_pred_3,3
148544,5,0.07268047332763672,Q5_pred_5,5
89126,2,-0.09308194369077682,Q3_pred_3,3
65714,3,-0.19735737144947052,Q2_pred_2,2
148594,5,0.06339862942695618,Q5_pred_5,5
4781,3,-0.07666495442390442,Q3_pred_3,3
11629,5,0.07475364208221436,Q5_pred_5,5
65663,3,0.10431160032749176,Q5_pred_5,5
29626,3,0.05510571599006653,Q5_pred_5,5
91415,2,-0.08251805603504181,Q3_pred_3,3
148506,5,0.13440963625907898,Q5_pred_5,5
92136,2,-0.08387728035449982,Q3_pred_3,3
148405,5,0.09592938423156738,Q5_pred_5,5
148517,5,0.1504489779472351,Q5_pred_5,5
28593,4,0.20921754837036133,Q5_pred_5,5
148437,4,-0.481557160615921,Q1_pred_1,1
92149,2,-0.08996671438217163,Q3_pred_3,3
173763,5,-0.050413817167282104,Q4_pred_4,4
148527,5,0.10778987407684326,Q5_pred_5,5
382457,4,-0.06107306480407715,Q4_pred_4,4
15149,3,-0.09042111039161682,Q3_pred_3,3
28627,5,0.19683142006397247,Q5_pred_5,5
38331,3,0.03922748565673828,Q5_pred_5,5
11850,3,0.2473994940519333,Q5_pred_5,5
89115,2,-0.07110661268234253,Q4_pred_4,4
205822,2,-0.011199355125427246,Q4_pred_4,4
28557,5,0.1560916304588318,Q5_pred_5,5
28566,5,0.2252393364906311,Q5_pred_5,5
39151,5,0.050213903188705444,Q5_pred_5,5
13277,4,0.030874162912368774,Q5_pred_5,5
61824,3,0.043936580419540405,Q5_pred_5,5
13297,3,0.03857314586639404,Q5_pred_5,5
89670,2,-0.07924944907426834,Q3_pred_3,3
122509,2,0.11136609315872192,Q5_pred_5,5
92156,2,-0.03449779748916626,Q4_pred_4,4
245074,3,-0.04996684193611145,Q4_pred_4,4
23868,4,-0.07021549344062805,Q4_pred_4,4
28601,5,0.19914577901363373,Q5_pred_5,5
89654,2,-0.09185262769460678,Q3_pred_3,3
50069,2,-0.36904552578926086,Q1_pred_1,1
106876,3,0.03305399417877197,Q5_pred_5,5
39191,5,0.062620609998703,Q5_pred_5,5
316009,5,0.11149775981903076,Q5_pred_5,5
148566,5,0.0695723295211792,Q5_pred_5,5
148487,5,0.15296727418899536,Q5_pred_5,5
65660,4,0.13828958570957184,Q5_pred_5,5
148602,5,0.09655633568763733,Q5_pred_5,5
89123,2,-0.08823557198047638,Q3_pred_3,3
143947,3,-0.08889216184616089,Q3_pred_3,3
92142,2,-0.09491291642189026,Q3_pred_3,3
39189,5,0.0722053050994873,Q5_pred_5,5
148526,5,0.11468827724456787,Q5_pred_5,5
83131,5,-0.023256689310073853,Q4_pred_4,4
126468,3,-0.045737333595752716,Q4_pred_4,4
91426,2,-0.08539967238903046,Q3_pred_3,3
382544,5,-0.013596892356872559,Q4_pred_4,4
91416,2,-0.06988924741744995,Q4_pred_4,4
39181,5,0.07755956053733826,Q5_pred_5,5
28582,5,0.18334563076496124,Q5_pred_5,5
15146,4,-0.10947403311729431,Q3_pred_3,3
253250,4,-0.16465649008750916,Q2_pred_2,2
50068,2,-0.3583817481994629,Q1_pred_1,1
277124,4,0.06335940957069397,Q5_pred_5,5
90436,2,-0.06598295271396637,Q4_pred_4,4
148545,5,0.06743678450584412,Q5_pred_5,5
89117,2,-0.07157328724861145,Q4_pred_4,4
61828,2,0.05016745626926422,Q5_pred_5,5
148538,5,0.08579674363136292,Q5_pred_5,5
83122,5,-0.037239789962768555,Q4_pred_4,4
373680,3,-0.01595047116279602,Q4_pred_4,4
148520,5,0.18009674549102783,Q5_pred_5,5
29627,3,0.05753222107887268,Q5_pred_5,5
29628,3,0.06500855088233948,Q5_pred_5,5
65726,3,0.058241769671440125,Q5_pred_5,5
148270,5,0.10084834694862366,Q5_pred_5,5
11854,2,-0.21457725763320923,Q1_pred_1,1
95331,5,0.011331051588058472,Q5_pred_5,5
39207,5,0.06588214635848999,Q5_pred_5,5
148522,5,0.1719053089618683,Q5_pred_5,5
65724,3,0.07861622422933578,Q5_pred_5,5
173740,5,-0.04592764377593994,Q4_pred_4,4
382529,4,-0.0052606165409088135,Q5_pred_5,5
11665,5,0.0648391842842102,Q5_pred_5,5
92151,2,-0.08711178600788116,Q3_pred_3,3
148408,5,0.08914142847061157,Q5_pred_5,5
50067,2,-0.3563225567340851,Q1_pred_1,1
382527,5,-0.010260164737701416,Q4_pred_4,4
