sound_id,confidence,text_top1_top2_margin,sim_bin,pred_confidence_from_margin
185755,4,0.04504939913749695,Q3_pred_3,3
358405,5,0.12400099635124207,Q5_pred_5,5
358760,4,0.1797199696302414,Q5_pred_5,5
432206,4,0.03040352463722229,Q3_pred_3,3
80630,5,0.05534648895263672,Q4_pred_4,4
84090,5,0.03924025595188141,Q3_pred_3,3
145544,4,0.03585989773273468,Q3_pred_3,3
156796,1,0.02677958458662033,Q2_pred_2,2
38633,5,0.008663877844810486,Q1_pred_1,1
354592,5,0.040825605392456055,Q3_pred_3,3
63352,4,0.04358719289302826,Q3_pred_3,3
376477,4,0.014421842992305756,Q2_pred_2,2
76567,4,0.07659823447465897,Q4_pred_4,4
119764,4,0.013775527477264404,Q2_pred_2,2
35034,2,0.04083946347236633,Q3_pred_3,3
38886,1,0.06529277563095093,Q4_pred_4,4
76539,4,0.08719012141227722,Q5_pred_5,5
318557,3,0.035621002316474915,Q3_pred_3,3
52789,3,0.02379550039768219,Q2_pred_2,2
418422,2,0.1431369185447693,Q5_pred_5,5
239077,5,0.0576188862323761,Q4_pred_4,4
155747,4,0.021889910101890564,Q2_pred_2,2
273341,4,0.0037823058664798737,Q1_pred_1,1
24840,3,0.00024840235710144043,Q1_pred_1,1
126430,3,0.04382237792015076,Q3_pred_3,3
119676,4,0.2018088400363922,Q5_pred_5,5
153941,5,0.0946616530418396,Q5_pred_5,5
40293,3,0.07599860429763794,Q4_pred_4,4
74217,4,0.23333126306533813,Q5_pred_5,5
386297,4,0.014680027961730957,Q2_pred_2,2
216811,4,0.08633892238140106,Q4_pred_4,4
70306,4,0.11529816687107086,Q5_pred_5,5
55511,3,0.05807149410247803,Q4_pred_4,4
234883,3,0.06146666407585144,Q4_pred_4,4
187210,4,0.013556182384490967,Q2_pred_2,2
397339,4,0.11533860862255096,Q5_pred_5,5
33563,4,0.03195109963417053,Q3_pred_3,3
55996,5,0.15024667978286743,Q5_pred_5,5
368566,4,0.12283918261528015,Q5_pred_5,5
236342,4,0.14946293830871582,Q5_pred_5,5
434970,3,0.042133770883083344,Q3_pred_3,3
341419,4,0.10741159319877625,Q5_pred_5,5
59013,4,0.003674238920211792,Q1_pred_1,1
111073,1,0.11355960369110107,Q5_pred_5,5
353550,4,0.00655166432261467,Q1_pred_1,1
362908,4,0.006427128799259663,Q1_pred_1,1
136745,4,0.03801801800727844,Q3_pred_3,3
380164,4,0.01625356823205948,Q2_pred_2,2
193974,4,0.006499476730823517,Q1_pred_1,1
15171,4,0.0072745829820632935,Q1_pred_1,1
16437,5,0.07250325381755829,Q4_pred_4,4
5163,5,0.006806805729866028,Q1_pred_1,1
355106,5,0.03059197962284088,Q3_pred_3,3
191991,4,0.018716871738433838,Q2_pred_2,2
193747,3,0.01781448721885681,Q2_pred_2,2
153632,5,0.09389960765838623,Q5_pred_5,5
50191,4,0.01435863971710205,Q2_pred_2,2
137538,5,0.059056371450424194,Q4_pred_4,4
403343,4,0.02863546460866928,Q3_pred_3,3
24649,1,0.05847980082035065,Q4_pred_4,4
347038,5,0.011363819241523743,Q1_pred_1,1
107519,2,0.02707405388355255,Q2_pred_2,2
23926,1,0.023174434900283813,Q2_pred_2,2
87778,4,0.034322112798690796,Q3_pred_3,3
149011,4,0.00021644681692123413,Q1_pred_1,1
392839,3,0.04897989332675934,Q3_pred_3,3
142692,5,0.04242055118083954,Q3_pred_3,3
242647,4,0.006337091326713562,Q1_pred_1,1
120989,5,0.09610810875892639,Q5_pred_5,5
265056,2,0.05348611995577812,Q4_pred_4,4
147958,3,0.05681690573692322,Q4_pred_4,4
276308,4,0.035901881754398346,Q3_pred_3,3
124677,3,0.10532886534929276,Q5_pred_5,5
356886,4,0.04071430861949921,Q3_pred_3,3
353039,4,0.029312126338481903,Q3_pred_3,3
213724,4,0.08637334406375885,Q4_pred_4,4
200024,5,0.04209667444229126,Q3_pred_3,3
38217,4,0.09640258550643921,Q5_pred_5,5
86437,3,0.12437191605567932,Q5_pred_5,5
88579,2,0.043609827756881714,Q3_pred_3,3
156727,3,0.06449812650680542,Q4_pred_4,4
153994,5,0.15314441919326782,Q5_pred_5,5
344396,3,0.021510273218154907,Q2_pred_2,2
173110,4,0.022655678912997246,Q2_pred_2,2
419197,4,0.041738077998161316,Q3_pred_3,3
68671,4,0.0021792948246002197,Q1_pred_1,1
88870,4,0.05655617266893387,Q4_pred_4,4
51374,4,0.10810381919145584,Q5_pred_5,5
27233,5,0.1539074182510376,Q5_pred_5,5
232624,3,0.030374929308891296,Q3_pred_3,3
358952,3,0.14821988344192505,Q5_pred_5,5
56110,3,0.20043334364891052,Q5_pred_5,5
114090,4,0.11199930310249329,Q5_pred_5,5
137462,4,0.03149519860744476,Q3_pred_3,3
241528,4,0.009847752749919891,Q1_pred_1,1
15743,4,0.06742224097251892,Q4_pred_4,4
45610,4,0.004028439521789551,Q1_pred_1,1
386219,3,0.013863712549209595,Q2_pred_2,2
121346,3,0.05368775129318237,Q4_pred_4,4
101059,4,0.14423613250255585,Q5_pred_5,5
378558,2,0.028736472129821777,Q3_pred_3,3
360802,4,0.02098783291876316,Q2_pred_2,2
10834,3,0.01989130675792694,Q2_pred_2,2
232274,2,0.11172151565551758,Q5_pred_5,5
196065,4,0.007636845111846924,Q1_pred_1,1
26906,4,0.01068088412284851,Q1_pred_1,1
170962,4,0.01649373769760132,Q2_pred_2,2
153977,5,0.1523512601852417,Q5_pred_5,5
117981,5,0.09224843978881836,Q5_pred_5,5
55273,4,0.08278229087591171,Q4_pred_4,4
96991,4,0.09998579323291779,Q5_pred_5,5
120670,3,0.2793780565261841,Q5_pred_5,5
244054,4,0.19340315461158752,Q5_pred_5,5
75628,4,0.021086007356643677,Q2_pred_2,2
166433,3,0.058580756187438965,Q4_pred_4,4
204035,4,0.0015249252319335938,Q1_pred_1,1
57023,4,0.06486839056015015,Q4_pred_4,4
164561,3,0.017608776688575745,Q2_pred_2,2
423119,4,0.044491931796073914,Q3_pred_3,3
147948,4,0.038329921662807465,Q3_pred_3,3
9235,4,0.07781024277210236,Q4_pred_4,4
391293,4,0.09098793566226959,Q5_pred_5,5
378695,4,0.06340114772319794,Q4_pred_4,4
101460,4,0.026060879230499268,Q2_pred_2,2
36554,4,0.017456665635108948,Q2_pred_2,2
102007,4,0.0898747444152832,Q5_pred_5,5
11765,4,0.012390106916427612,Q2_pred_2,2
126759,4,0.020915061235427856,Q2_pred_2,2
374877,5,0.09171052277088165,Q5_pred_5,5
424395,4,0.0418456494808197,Q3_pred_3,3
122065,3,0.01425488293170929,Q2_pred_2,2
146197,4,0.019751548767089844,Q2_pred_2,2
173946,3,0.003958508372306824,Q1_pred_1,1
355874,4,0.08806473016738892,Q5_pred_5,5
71754,4,0.036855727434158325,Q3_pred_3,3
26630,5,0.042875707149505615,Q3_pred_3,3
417846,3,0.011263541877269745,Q1_pred_1,1
273710,4,0.004540994763374329,Q1_pred_1,1
151544,4,0.054112136363983154,Q4_pred_4,4
27689,3,0.004742875695228577,Q1_pred_1,1
248622,4,0.10809613019227982,Q5_pred_5,5
258055,3,0.041028186678886414,Q3_pred_3,3
211549,4,0.07662786543369293,Q4_pred_4,4
420269,4,0.04626035690307617,Q3_pred_3,3
236500,5,0.09291854500770569,Q5_pred_5,5
407012,4,0.01822701096534729,Q2_pred_2,2
13151,3,0.05271361768245697,Q4_pred_4,4
1076,4,0.13370215892791748,Q5_pred_5,5
145656,3,0.0756133645772934,Q4_pred_4,4
62118,3,0.009296312928199768,Q1_pred_1,1
80816,2,0.001247406005859375,Q1_pred_1,1
343955,4,0.1027708351612091,Q5_pred_5,5
111784,4,0.01452026516199112,Q2_pred_2,2
347315,4,0.0010698884725570679,Q1_pred_1,1
57488,4,0.05223410204052925,Q4_pred_4,4
74514,4,0.05449672043323517,Q4_pred_4,4
417996,1,0.02610674500465393,Q2_pred_2,2
223720,5,0.08762356638908386,Q5_pred_5,5
369932,3,0.03354698419570923,Q3_pred_3,3
354483,5,0.022380918264389038,Q2_pred_2,2
30203,2,0.0014522671699523926,Q1_pred_1,1
316911,5,0.1512584090232849,Q5_pred_5,5
171115,3,0.06992590427398682,Q4_pred_4,4
337170,4,0.03296644240617752,Q3_pred_3,3
61637,4,0.006144393235445023,Q1_pred_1,1
110651,3,0.0638890266418457,Q4_pred_4,4
38623,4,0.01109430193901062,Q1_pred_1,1
102407,5,0.016434818506240845,Q2_pred_2,2
423473,4,0.028571173548698425,Q3_pred_3,3
57587,4,0.009928137063980103,Q1_pred_1,1
82540,3,0.028067603707313538,Q3_pred_3,3
396280,4,0.003328070044517517,Q1_pred_1,1
1977,5,0.01143994927406311,Q1_pred_1,1
138116,4,0.06123645603656769,Q4_pred_4,4
167264,2,0.0637865662574768,Q4_pred_4,4
51027,4,0.07616745680570602,Q4_pred_4,4
99776,4,0.06878195703029633,Q4_pred_4,4
201183,4,0.020376130938529968,Q2_pred_2,2
42343,4,0.14959566295146942,Q5_pred_5,5
477659,4,0.03947870433330536,Q3_pred_3,3
22889,3,0.04495595395565033,Q3_pred_3,3
358656,5,0.053320497274398804,Q4_pred_4,4
4279,4,0.03032870590686798,Q3_pred_3,3
186660,5,0.004380941390991211,Q1_pred_1,1
32168,4,0.004292190074920654,Q1_pred_1,1
20761,4,0.005290120840072632,Q1_pred_1,1
410241,4,0.09329470992088318,Q5_pred_5,5
148275,4,0.10778909921646118,Q5_pred_5,5
126851,3,0.04028657078742981,Q3_pred_3,3
209413,4,0.017805859446525574,Q2_pred_2,2
151445,5,0.020857781171798706,Q2_pred_2,2
247929,4,0.11519840359687805,Q5_pred_5,5
265290,3,0.0025687068700790405,Q1_pred_1,1
378367,4,0.03873041272163391,Q3_pred_3,3
236509,4,0.1212933287024498,Q5_pred_5,5
97311,3,0.05205370485782623,Q4_pred_4,4
74200,4,0.06133580207824707,Q4_pred_4,4
485400,5,0.05171382427215576,Q4_pred_4,4
246946,5,0.011830240488052368,Q1_pred_1,1
269904,5,0.03853593021631241,Q3_pred_3,3
168774,2,0.09408370405435562,Q5_pred_5,5
119317,5,0.21308325231075287,Q5_pred_5,5
247913,4,0.09625673294067383,Q5_pred_5,5
373335,5,0.018619507551193237,Q2_pred_2,2
107123,4,0.020801126956939697,Q2_pred_2,2
142843,4,0.013103067874908447,Q2_pred_2,2
10592,4,0.029336631298065186,Q3_pred_3,3
14998,4,0.009957820177078247,Q1_pred_1,1
156723,4,0.06606917828321457,Q4_pred_4,4
236679,4,0.09772215783596039,Q5_pred_5,5
94243,4,0.06382942944765091,Q4_pred_4,4
152172,4,0.020620405673980713,Q2_pred_2,2
129427,4,0.03582681715488434,Q3_pred_3,3
56697,3,0.0002752244472503662,Q1_pred_1,1
249460,3,0.014315903186798096,Q2_pred_2,2
16746,4,0.0034659206867218018,Q1_pred_1,1
12834,4,0.023921959102153778,Q2_pred_2,2
184354,4,0.07569009065628052,Q4_pred_4,4
178067,4,0.11049365997314453,Q5_pred_5,5
3046,4,0.017605260014533997,Q2_pred_2,2
65439,4,0.0979773998260498,Q5_pred_5,5
83782,2,0.010795973241329193,Q1_pred_1,1
139301,4,0.08892747759819031,Q5_pred_5,5
383605,4,0.03762102127075195,Q3_pred_3,3
3270,3,0.1140141487121582,Q5_pred_5,5
353397,3,0.04799880087375641,Q3_pred_3,3
464388,3,0.04978230595588684,Q3_pred_3,3
34329,4,0.15476688742637634,Q5_pred_5,5
61516,4,0.03356832638382912,Q3_pred_3,3
109566,4,0.10886599123477936,Q5_pred_5,5
248386,4,0.02593211829662323,Q2_pred_2,2
236528,4,0.10415750741958618,Q5_pred_5,5
255166,3,0.003967270255088806,Q1_pred_1,1
83593,5,0.03841022029519081,Q3_pred_3,3
415391,3,0.0012327730655670166,Q1_pred_1,1
169053,4,0.07948577404022217,Q4_pred_4,4
25907,4,0.07908188551664352,Q4_pred_4,4
56966,2,0.008780285716056824,Q1_pred_1,1
99796,4,0.036952707916498184,Q3_pred_3,3
173891,4,0.05109253525733948,Q4_pred_4,4
128841,4,0.02118474245071411,Q2_pred_2,2
196688,1,0.006692774593830109,Q1_pred_1,1
180749,4,0.024503320455551147,Q2_pred_2,2
76461,4,0.0017128437757492065,Q1_pred_1,1
356450,5,0.04553893208503723,Q3_pred_3,3
340298,4,0.0120314359664917,Q2_pred_2,2
156754,4,0.05823582038283348,Q4_pred_4,4
30856,2,0.03611648082733154,Q3_pred_3,3
3090,3,0.06858839094638824,Q4_pred_4,4
81879,2,0.033934563398361206,Q3_pred_3,3
129159,4,0.04378737136721611,Q3_pred_3,3
30023,4,0.01100429892539978,Q1_pred_1,1
343896,3,0.05308127403259277,Q4_pred_4,4
270469,4,0.0011843778192996979,Q1_pred_1,1
164925,3,0.043926700949668884,Q3_pred_3,3
3909,4,0.2006930708885193,Q5_pred_5,5
142817,4,0.005135774612426758,Q1_pred_1,1
349847,4,0.11793972551822662,Q5_pred_5,5
240674,4,0.026212485507130623,Q2_pred_2,2
137412,1,0.0015590591356158257,Q1_pred_1,1
152435,4,0.039815910160541534,Q3_pred_3,3
249464,4,0.011064201593399048,Q1_pred_1,1
395124,4,0.04452507197856903,Q3_pred_3,3
54944,4,0.02186502516269684,Q2_pred_2,2
202002,4,0.008136346936225891,Q1_pred_1,1
117236,2,0.00991329550743103,Q1_pred_1,1
156718,4,0.015691058710217476,Q2_pred_2,2
83905,3,0.0990416407585144,Q5_pred_5,5
117663,4,0.0899130329489708,Q5_pred_5,5
151281,4,0.0013953447341918945,Q1_pred_1,1
40116,2,0.11064231395721436,Q5_pred_5,5
7933,3,0.02660706639289856,Q2_pred_2,2
86769,3,0.06199578940868378,Q4_pred_4,4
121080,4,0.08096596598625183,Q4_pred_4,4
81855,4,0.03956412896513939,Q3_pred_3,3
16671,3,0.00841289758682251,Q1_pred_1,1
142663,4,0.04525682330131531,Q3_pred_3,3
30324,4,0.002397894859313965,Q1_pred_1,1
148350,1,0.00036466121673583984,Q1_pred_1,1
333862,4,0.007011830806732178,Q1_pred_1,1
158628,4,0.08613687753677368,Q4_pred_4,4
61733,4,0.022947460412979126,Q2_pred_2,2
16200,4,0.08517664670944214,Q4_pred_4,4
176245,3,0.12076576799154282,Q5_pred_5,5
133097,3,0.24527423083782196,Q5_pred_5,5
327401,3,0.08630973100662231,Q4_pred_4,4
234589,4,0.0013898015022277832,Q1_pred_1,1
220539,4,0.010167986154556274,Q1_pred_1,1
58654,3,0.017924897372722626,Q2_pred_2,2
127362,3,0.06094467639923096,Q4_pred_4,4
152042,4,0.021553009748458862,Q2_pred_2,2
183735,4,0.04812043905258179,Q3_pred_3,3
67337,5,0.008788883686065674,Q1_pred_1,1
26,3,0.009829804301261902,Q1_pred_1,1
359519,3,0.17571285367012024,Q5_pred_5,5
81101,4,0.01716122031211853,Q2_pred_2,2
32552,2,0.06480307877063751,Q4_pred_4,4
110689,3,0.03914929926395416,Q3_pred_3,3
156185,4,0.045749105513095856,Q3_pred_3,3
127228,3,0.05111254006624222,Q4_pred_4,4
39710,2,0.13251063227653503,Q5_pred_5,5
63796,2,0.005276825278997421,Q1_pred_1,1
2734,3,0.019705841317772865,Q2_pred_2,2
397937,3,0.00532880425453186,Q1_pred_1,1
413462,4,0.015511803328990936,Q2_pred_2,2
12866,4,0.0006792768836021423,Q1_pred_1,1
390721,3,0.003284841775894165,Q1_pred_1,1
405261,3,0.003004297614097595,Q1_pred_1,1
33718,4,0.02820926159620285,Q3_pred_3,3
247915,5,0.09118890762329102,Q5_pred_5,5
236456,5,0.2276107668876648,Q5_pred_5,5
95842,3,0.08136393874883652,Q4_pred_4,4
60830,4,0.005800783634185791,Q1_pred_1,1
416732,2,0.026162534952163696,Q2_pred_2,2
23484,4,0.07296214997768402,Q4_pred_4,4
29419,4,0.04883059859275818,Q3_pred_3,3
154307,4,0.1937417984008789,Q5_pred_5,5
36331,3,0.01757170259952545,Q2_pred_2,2
332320,3,0.058155179023742676,Q4_pred_4,4
40404,4,0.1201050877571106,Q5_pred_5,5
120653,3,0.2774643003940582,Q5_pred_5,5
58026,4,0.017095863819122314,Q2_pred_2,2
157643,3,0.01621849834918976,Q2_pred_2,2
372703,4,0.051439136266708374,Q4_pred_4,4
41709,4,0.07382804155349731,Q4_pred_4,4
23923,4,0.016313791275024414,Q2_pred_2,2
5998,4,0.008730277419090271,Q1_pred_1,1
3800,5,0.09400400519371033,Q5_pred_5,5
374935,5,0.09188909828662872,Q5_pred_5,5
166436,4,0.04234309494495392,Q3_pred_3,3
5105,4,0.0034189373254776,Q1_pred_1,1
171737,3,0.010401368141174316,Q1_pred_1,1
10803,3,0.019304528832435608,Q2_pred_2,2
176086,2,0.14987635612487793,Q5_pred_5,5
191088,3,0.01024608314037323,Q1_pred_1,1
50267,4,0.0044724345207214355,Q1_pred_1,1
124921,4,0.0463530495762825,Q3_pred_3,3
41600,5,0.0012916624546051025,Q1_pred_1,1
374737,4,0.12713623046875,Q5_pred_5,5
374527,4,0.07522416114807129,Q4_pred_4,4
360117,4,0.13881492614746094,Q5_pred_5,5
129454,3,0.04709672927856445,Q3_pred_3,3
29160,4,0.04701199382543564,Q3_pred_3,3
89862,4,0.02379215508699417,Q2_pred_2,2
165385,4,0.007250100374221802,Q1_pred_1,1
97223,5,0.02676352858543396,Q2_pred_2,2
339927,3,0.0036325156688690186,Q1_pred_1,1
270517,4,0.007306881248950958,Q1_pred_1,1
355292,4,0.12315702438354492,Q5_pred_5,5
63709,3,0.017268553376197815,Q2_pred_2,2
171473,4,0.006612598896026611,Q1_pred_1,1
138200,4,0.021686285734176636,Q2_pred_2,2
192178,2,0.00989675521850586,Q1_pred_1,1
350513,4,0.016781389713287354,Q2_pred_2,2
372739,5,0.001995295286178589,Q1_pred_1,1
31942,5,0.007023245096206665,Q1_pred_1,1
127635,4,0.05495585501194,Q4_pred_4,4
144645,5,0.028012052178382874,Q3_pred_3,3
155226,3,0.07085202634334564,Q4_pred_4,4
218876,4,0.021372169256210327,Q2_pred_2,2
40966,3,0.09624521434307098,Q5_pred_5,5
369908,5,0.04965732619166374,Q3_pred_3,3
101602,3,0.032662659883499146,Q3_pred_3,3
355114,5,0.13497304916381836,Q5_pred_5,5
74364,4,0.04291997849941254,Q3_pred_3,3
59039,4,0.043165773153305054,Q3_pred_3,3
151744,4,0.031962886452674866,Q3_pred_3,3
274009,4,0.044475242495536804,Q3_pred_3,3
2434,2,0.002149820327758789,Q1_pred_1,1
156363,4,0.010668858885765076,Q1_pred_1,1
64959,4,0.015605323016643524,Q2_pred_2,2
339369,3,0.00485643744468689,Q1_pred_1,1
133105,5,0.07786911725997925,Q4_pred_4,4
48161,4,0.10858480632305145,Q5_pred_5,5
11191,4,0.09107840061187744,Q5_pred_5,5
109549,1,0.00021915137767791748,Q1_pred_1,1
66104,4,0.0007218271493911743,Q1_pred_1,1
76294,3,0.03964114189147949,Q3_pred_3,3
50443,4,0.009166434407234192,Q1_pred_1,1
114333,3,0.014721076935529709,Q2_pred_2,2
5793,5,0.07791535556316376,Q4_pred_4,4
168588,5,0.02746206521987915,Q3_pred_3,3
11027,4,0.02965104579925537,Q3_pred_3,3
107356,4,0.11130113899707794,Q5_pred_5,5
219401,3,0.05041474103927612,Q4_pred_4,4
152711,4,0.025284990668296814,Q2_pred_2,2
24939,4,0.024243533611297607,Q2_pred_2,2
344664,4,0.046331483870744705,Q3_pred_3,3
17696,3,0.14756906032562256,Q5_pred_5,5
17862,4,0.07601961493492126,Q4_pred_4,4
23019,4,0.04483743757009506,Q3_pred_3,3
101247,3,0.09720373153686523,Q5_pred_5,5
132176,3,0.005781583487987518,Q1_pred_1,1
183780,4,0.0605778694152832,Q4_pred_4,4
326335,4,0.027120500802993774,Q2_pred_2,2
74679,4,0.013091802597045898,Q2_pred_2,2
17929,1,0.105097696185112,Q5_pred_5,5
480715,4,0.13770683109760284,Q5_pred_5,5
83434,4,0.06998682022094727,Q4_pred_4,4
214617,4,0.003699682652950287,Q1_pred_1,1
240008,4,0.1373881846666336,Q5_pred_5,5
347562,4,0.09828579425811768,Q5_pred_5,5
5823,4,0.07073435187339783,Q4_pred_4,4
96956,4,0.0034107714891433716,Q1_pred_1,1
65266,4,0.07577772438526154,Q4_pred_4,4
61721,5,0.010867834091186523,Q1_pred_1,1
357024,4,0.1502402126789093,Q5_pred_5,5
25610,4,0.022610187530517578,Q2_pred_2,2
121206,4,0.0752309262752533,Q4_pred_4,4
251161,5,0.013411164283752441,Q2_pred_2,2
4770,4,0.005788877606391907,Q1_pred_1,1
7313,4,0.07716921716928482,Q4_pred_4,4
144982,2,0.0015646815299987793,Q1_pred_1,1
328905,4,0.051694244146347046,Q4_pred_4,4
171077,4,0.07347622513771057,Q4_pred_4,4
75643,4,0.0005358457565307617,Q1_pred_1,1
195579,4,0.017051607370376587,Q2_pred_2,2
48478,4,0.047479599714279175,Q3_pred_3,3
408708,4,0.007727891206741333,Q1_pred_1,1
260802,4,0.040304020047187805,Q3_pred_3,3
374057,4,0.020667582750320435,Q2_pred_2,2
41000,3,0.04812750220298767,Q3_pred_3,3
18486,4,0.1458474099636078,Q5_pred_5,5
153614,4,0.10798734426498413,Q5_pred_5,5
263531,4,0.021681562066078186,Q2_pred_2,2
186489,4,0.0037505924701690674,Q1_pred_1,1
225092,4,0.14218294620513916,Q5_pred_5,5
379754,4,0.04476577043533325,Q3_pred_3,3
196061,4,0.010726220905780792,Q1_pred_1,1
48983,4,0.01772383600473404,Q2_pred_2,2
55246,4,0.0549776554107666,Q4_pred_4,4
78718,3,0.018322691321372986,Q2_pred_2,2
57509,4,0.05851946771144867,Q4_pred_4,4
215999,2,0.08590233325958252,Q4_pred_4,4
146867,4,0.03373587131500244,Q3_pred_3,3
50449,3,0.031619831919670105,Q3_pred_3,3
277547,4,0.015365205705165863,Q2_pred_2,2
86922,3,0.010425522923469543,Q1_pred_1,1
23563,3,0.06727568060159683,Q4_pred_4,4
255856,2,0.016890093684196472,Q2_pred_2,2
182569,4,0.024756133556365967,Q2_pred_2,2
48080,2,0.11230038106441498,Q5_pred_5,5
71046,3,0.009706258773803711,Q1_pred_1,1
328868,5,0.01919253170490265,Q2_pred_2,2
241925,4,0.14490273594856262,Q5_pred_5,5
13852,4,0.030219927430152893,Q3_pred_3,3
92932,5,0.06426963210105896,Q4_pred_4,4
23475,4,0.03181183338165283,Q3_pred_3,3
55990,4,0.16602787375450134,Q5_pred_5,5
38851,4,0.13752815127372742,Q5_pred_5,5
47679,4,0.0030825287103652954,Q1_pred_1,1
209044,3,0.00873740017414093,Q1_pred_1,1
26500,4,0.0067374855279922485,Q1_pred_1,1
114117,4,0.03719240427017212,Q3_pred_3,3
234996,4,0.00441133975982666,Q1_pred_1,1
11653,4,0.06605929136276245,Q4_pred_4,4
187595,4,0.0817529708147049,Q4_pred_4,4
236395,4,0.20173239707946777,Q5_pred_5,5
119668,4,0.2023274451494217,Q5_pred_5,5
99977,4,0.022707685828208923,Q2_pred_2,2
228752,4,0.015165060758590698,Q2_pred_2,2
63733,4,0.060045987367630005,Q4_pred_4,4
148941,4,0.03609609603881836,Q3_pred_3,3
89782,4,0.007470797747373581,Q1_pred_1,1
40807,3,0.10237568616867065,Q5_pred_5,5
41691,4,0.02748781442642212,Q3_pred_3,3
142870,4,0.001444891095161438,Q1_pred_1,1
358311,5,0.1428832709789276,Q5_pred_5,5
16844,4,0.006603360176086426,Q1_pred_1,1
34140,4,0.06225517392158508,Q4_pred_4,4
161600,3,0.06665356457233429,Q4_pred_4,4
418994,5,0.025063395500183105,Q2_pred_2,2
13479,4,0.17038409411907196,Q5_pred_5,5
21057,4,0.06799530982971191,Q4_pred_4,4
156756,4,0.04693746194243431,Q3_pred_3,3
61560,4,0.03678617253899574,Q3_pred_3,3
372423,4,0.003090500831604004,Q1_pred_1,1
58160,4,0.00047732889652252197,Q1_pred_1,1
120455,3,0.1279301792383194,Q5_pred_5,5
50123,4,0.021738365292549133,Q2_pred_2,2
12927,4,0.03622204065322876,Q3_pred_3,3
14321,4,0.06896460056304932,Q4_pred_4,4
172711,4,0.05275154113769531,Q4_pred_4,4
372708,4,0.04959699511528015,Q3_pred_3,3
151994,4,0.027079898864030838,Q2_pred_2,2
46,4,0.004359930753707886,Q1_pred_1,1
491167,5,0.007762029767036438,Q1_pred_1,1
393792,4,0.05341019853949547,Q4_pred_4,4
117566,4,0.017372816801071167,Q2_pred_2,2
79264,4,0.0002808421850204468,Q1_pred_1,1
146671,5,0.010364681482315063,Q1_pred_1,1
243780,4,0.09703516960144043,Q5_pred_5,5
354037,3,0.06550255417823792,Q4_pred_4,4
368812,3,0.04049058258533478,Q3_pred_3,3
177257,4,0.06535136699676514,Q4_pred_4,4
173605,4,0.01436496153473854,Q2_pred_2,2
38639,3,0.002281405031681061,Q1_pred_1,1
277361,2,0.027149394154548645,Q2_pred_2,2
61747,5,0.011856786906719208,Q2_pred_2,2
87963,4,0.20251533389091492,Q5_pred_5,5
427575,5,0.014765411615371704,Q2_pred_2,2
40902,4,0.0007467418909072876,Q1_pred_1,1
3467,3,0.01139824092388153,Q1_pred_1,1
244979,3,0.059062547981739044,Q4_pred_4,4
247813,5,0.02022683620452881,Q2_pred_2,2
187093,5,0.10887646675109863,Q5_pred_5,5
146554,4,0.025722995400428772,Q2_pred_2,2
358637,5,0.09658464789390564,Q5_pred_5,5
8763,4,0.09408234059810638,Q5_pred_5,5
101412,4,0.05589233338832855,Q4_pred_4,4
53691,4,0.010628700256347656,Q1_pred_1,1
25069,4,0.038009122014045715,Q3_pred_3,3
114158,4,0.006981033831834793,Q1_pred_1,1
102113,4,0.0019247829914093018,Q1_pred_1,1
157735,3,0.19235724210739136,Q5_pred_5,5
36562,4,0.07300029695034027,Q4_pred_4,4
29889,4,0.030334368348121643,Q3_pred_3,3
128834,4,0.011808127164840698,Q1_pred_1,1
246947,5,0.011830240488052368,Q1_pred_1,1
72152,4,0.06691622734069824,Q4_pred_4,4
236571,5,0.2906404733657837,Q5_pred_5,5
137701,4,0.008140362799167633,Q1_pred_1,1
354186,4,0.20809592306613922,Q5_pred_5,5
200381,3,0.011297762393951416,Q1_pred_1,1
412191,4,0.031545672565698624,Q3_pred_3,3
132816,4,0.013513758778572083,Q2_pred_2,2
132047,4,0.039765194058418274,Q3_pred_3,3
246881,4,0.2013629674911499,Q5_pred_5,5
236457,4,0.20847031474113464,Q5_pred_5,5
16436,3,0.006179302930831909,Q1_pred_1,1
175465,3,0.061966538429260254,Q4_pred_4,4
155234,4,0.06978349387645721,Q4_pred_4,4
238013,4,0.006226524710655212,Q1_pred_1,1
29191,4,0.052101582288742065,Q4_pred_4,4
48456,3,0.010011255741119385,Q1_pred_1,1
104720,4,0.006385833024978638,Q1_pred_1,1
181928,4,0.18627724051475525,Q5_pred_5,5
417430,4,0.06994683295488358,Q4_pred_4,4
155279,4,0.07786667346954346,Q4_pred_4,4
15363,3,0.09403854608535767,Q5_pred_5,5
388688,3,0.011325709521770477,Q1_pred_1,1
354220,4,0.2267991006374359,Q5_pred_5,5
132802,4,0.05701931193470955,Q4_pred_4,4
155123,4,0.01858518272638321,Q2_pred_2,2
2705,4,0.024026423692703247,Q2_pred_2,2
72678,4,0.02526460587978363,Q2_pred_2,2
90412,4,0.10841694474220276,Q5_pred_5,5
118748,4,0.03256163001060486,Q3_pred_3,3
137837,2,0.04682740569114685,Q3_pred_3,3
172109,4,0.0633724182844162,Q4_pred_4,4
86934,4,0.07139946520328522,Q4_pred_4,4
413619,4,0.007002413272857666,Q1_pred_1,1
130727,4,0.18994927406311035,Q5_pred_5,5
370664,4,0.03297591209411621,Q3_pred_3,3
144225,4,0.06169743835926056,Q4_pred_4,4
155222,4,0.01866074651479721,Q2_pred_2,2
34134,4,0.08589109778404236,Q4_pred_4,4
109883,5,0.01341351866722107,Q2_pred_2,2
5775,4,0.07646305859088898,Q4_pred_4,4
347761,4,0.011279933154582977,Q1_pred_1,1
69132,4,0.008560597896575928,Q1_pred_1,1
221951,4,0.026118531823158264,Q2_pred_2,2
29363,4,0.041217103600502014,Q3_pred_3,3
421723,4,0.02936817705631256,Q3_pred_3,3
97189,4,0.014676019549369812,Q2_pred_2,2
20784,2,0.002462133765220642,Q1_pred_1,1
121943,4,0.1624947190284729,Q5_pred_5,5
355312,5,0.054236531257629395,Q4_pred_4,4
63220,5,0.09905655682086945,Q5_pred_5,5
140638,4,0.022956006228923798,Q2_pred_2,2
1922,4,0.024930626153945923,Q2_pred_2,2
258038,4,0.008460164070129395,Q1_pred_1,1
416380,4,0.053057149052619934,Q4_pred_4,4
246083,4,0.06549395620822906,Q4_pred_4,4
189822,4,0.054244041442871094,Q4_pred_4,4
276119,4,0.0038737058639526367,Q1_pred_1,1
12920,4,0.07038752734661102,Q4_pred_4,4
48157,4,0.11696666479110718,Q5_pred_5,5
169620,4,0.0008261799812316895,Q1_pred_1,1
240230,4,0.1770724058151245,Q5_pred_5,5
78747,2,0.007052481174468994,Q1_pred_1,1
3913,4,0.13345745205879211,Q5_pred_5,5
56926,3,0.026753216981887817,Q2_pred_2,2
358165,5,0.22117075324058533,Q5_pred_5,5
47067,4,0.010493151843547821,Q1_pred_1,1
62681,4,0.03340636193752289,Q3_pred_3,3
490230,4,0.022984862327575684,Q2_pred_2,2
364343,5,0.020396500825881958,Q2_pred_2,2
26931,4,0.0012688636779785156,Q1_pred_1,1
372679,4,0.0033840537071228027,Q1_pred_1,1
120667,4,0.2818037271499634,Q5_pred_5,5
150854,4,0.12450341135263443,Q5_pred_5,5
267918,4,0.013356249779462814,Q2_pred_2,2
81349,4,0.01074838638305664,Q1_pred_1,1
85272,4,0.09812602400779724,Q5_pred_5,5
116229,2,0.006167992949485779,Q1_pred_1,1
86262,4,0.0062835365533828735,Q1_pred_1,1
79145,4,0.07559186965227127,Q4_pred_4,4
101621,4,0.08856043219566345,Q5_pred_5,5
2733,4,0.023272018879652023,Q2_pred_2,2
368276,4,0.0352405309677124,Q3_pred_3,3
212610,4,0.04596942663192749,Q3_pred_3,3
143868,5,0.0034642815589904785,Q1_pred_1,1
89893,4,0.01647336781024933,Q2_pred_2,2
241477,4,0.010095328092575073,Q1_pred_1,1
5785,2,0.0726860910654068,Q4_pred_4,4
18716,3,0.013106007128953934,Q2_pred_2,2
233410,4,0.09665273129940033,Q5_pred_5,5
91605,5,0.038629379123449326,Q3_pred_3,3
67861,4,0.04390457272529602,Q3_pred_3,3
108042,4,0.12343783676624298,Q5_pred_5,5
158601,4,0.0006216168403625488,Q1_pred_1,1
360794,4,0.002184618264436722,Q1_pred_1,1
154334,5,0.21790418028831482,Q5_pred_5,5
37209,4,0.02363269031047821,Q2_pred_2,2
78611,2,0.01746043562889099,Q2_pred_2,2
21412,3,0.046942830085754395,Q3_pred_3,3
86720,4,0.0977950394153595,Q5_pred_5,5
380806,4,0.12844493985176086,Q5_pred_5,5
172930,4,0.054782792925834656,Q4_pred_4,4
170786,3,0.0123349130153656,Q2_pred_2,2
360239,4,0.18157978355884552,Q5_pred_5,5
396074,4,0.14402636885643005,Q5_pred_5,5
162257,4,0.010978391394019127,Q1_pred_1,1
69478,4,0.0018635913729667664,Q1_pred_1,1
153166,3,0.03863087296485901,Q3_pred_3,3
81137,4,0.06331884860992432,Q4_pred_4,4
97378,4,0.018478333950042725,Q2_pred_2,2
68705,4,0.10232574492692947,Q5_pred_5,5
107740,3,0.14175945520401,Q5_pred_5,5
27062,2,0.02227640151977539,Q2_pred_2,2
147164,4,0.02071291208267212,Q2_pred_2,2
2890,4,0.05088573694229126,Q4_pred_4,4
195282,5,0.1821080446243286,Q5_pred_5,5
247391,5,0.04005882143974304,Q3_pred_3,3
41076,4,0.10675959289073944,Q5_pred_5,5
64876,4,0.023411571979522705,Q2_pred_2,2
354190,5,0.21627146005630493,Q5_pred_5,5
55438,5,0.1472545564174652,Q5_pred_5,5
15254,3,0.00934070348739624,Q1_pred_1,1
104189,4,0.08426366746425629,Q4_pred_4,4
151738,4,0.015469461679458618,Q2_pred_2,2
264611,5,0.022720307111740112,Q2_pred_2,2
277595,3,0.06813976168632507,Q4_pred_4,4
38423,4,0.0006931126117706299,Q1_pred_1,1
325017,3,0.0029433146119117737,Q1_pred_1,1
73203,3,0.09708227217197418,Q5_pred_5,5
152074,4,0.00627058744430542,Q1_pred_1,1
80641,5,0.04634478688240051,Q3_pred_3,3
195219,4,0.18398965895175934,Q5_pred_5,5
1135,2,0.025162093341350555,Q2_pred_2,2
15961,4,0.0030151456594467163,Q1_pred_1,1
41087,4,0.11305095255374908,Q5_pred_5,5
108772,4,0.015663012862205505,Q2_pred_2,2
123688,4,0.019495561718940735,Q2_pred_2,2
271605,4,0.004291564226150513,Q1_pred_1,1
189416,5,0.02811598777770996,Q3_pred_3,3
17133,4,0.014318540692329407,Q2_pred_2,2
264152,4,0.028075382113456726,Q3_pred_3,3
148547,5,0.07458436489105225,Q4_pred_4,4
53798,4,0.029758676886558533,Q3_pred_3,3
67417,4,0.006838023662567139,Q1_pred_1,1
71699,4,0.008147060871124268,Q1_pred_1,1
64777,3,0.1505214273929596,Q5_pred_5,5
248009,5,0.12138229608535767,Q5_pred_5,5
25639,5,0.005280459299683571,Q1_pred_1,1
66618,3,0.005299687385559082,Q1_pred_1,1
93895,5,0.0032081715762615204,Q1_pred_1,1
13315,5,0.028730571269989014,Q3_pred_3,3
58079,4,0.03241834044456482,Q3_pred_3,3
156785,4,0.0489606037735939,Q3_pred_3,3
409093,4,0.11321280896663666,Q5_pred_5,5
41725,4,0.14720238745212555,Q5_pred_5,5
174776,4,0.030512824654579163,Q3_pred_3,3
190101,4,0.021734625101089478,Q2_pred_2,2
372683,5,0.024952858686447144,Q2_pred_2,2
463592,4,0.001788511872291565,Q1_pred_1,1
371978,4,0.01836487650871277,Q2_pred_2,2
156715,3,0.036435265094041824,Q3_pred_3,3
86606,2,0.08712178468704224,Q5_pred_5,5
42712,4,0.04957836866378784,Q3_pred_3,3
107736,5,0.011949509382247925,Q2_pred_2,2
107725,5,0.03040158748626709,Q3_pred_3,3
13052,4,0.04880252480506897,Q3_pred_3,3
109122,4,0.0012046527117490768,Q1_pred_1,1
424785,2,0.014566510915756226,Q2_pred_2,2
78523,2,0.12387919425964355,Q5_pred_5,5
200955,3,0.009685980156064034,Q1_pred_1,1
171442,4,0.06511420756578445,Q4_pred_4,4
233068,4,0.08073899149894714,Q4_pred_4,4
105438,3,0.07965725660324097,Q4_pred_4,4
76531,4,0.08818911015987396,Q5_pred_5,5
142294,4,0.0714835524559021,Q4_pred_4,4
361089,4,0.06373439729213715,Q4_pred_4,4
275791,4,0.05933365225791931,Q4_pred_4,4
71812,4,0.0008366554975509644,Q1_pred_1,1
335347,4,0.01924651488661766,Q2_pred_2,2
43542,4,0.017117097973823547,Q2_pred_2,2
348385,4,0.014128997921943665,Q2_pred_2,2
86447,4,0.009137213230133057,Q1_pred_1,1
102934,4,0.02604411542415619,Q2_pred_2,2
398461,4,0.007455259561538696,Q1_pred_1,1
51207,4,0.022100888192653656,Q2_pred_2,2
98449,4,0.04426182806491852,Q3_pred_3,3
102508,4,0.008393585681915283,Q1_pred_1,1
267569,2,0.03488996624946594,Q3_pred_3,3
80717,4,0.0008958354592323303,Q1_pred_1,1
46237,4,0.015304602682590485,Q2_pred_2,2
42917,4,0.037810713052749634,Q3_pred_3,3
90438,4,0.02152961492538452,Q2_pred_2,2
117946,4,0.026038892567157745,Q2_pred_2,2
212108,4,0.04866404831409454,Q3_pred_3,3
177811,4,0.014459967613220215,Q2_pred_2,2
200960,4,0.004150662571191788,Q1_pred_1,1
20694,4,0.004362225532531738,Q1_pred_1,1
39169,4,0.05726581811904907,Q4_pred_4,4
50912,4,0.007735341787338257,Q1_pred_1,1
29476,4,0.04956179857254028,Q3_pred_3,3
377844,4,0.027490675449371338,Q3_pred_3,3
85958,4,0.1738133728504181,Q5_pred_5,5
302492,4,0.011130839586257935,Q1_pred_1,1
125272,4,0.040452539920806885,Q3_pred_3,3
424071,3,0.03635430335998535,Q3_pred_3,3
235167,4,0.00039990246295928955,Q1_pred_1,1
242688,3,0.04227915406227112,Q3_pred_3,3
73282,4,0.024144574999809265,Q2_pred_2,2
5520,3,0.02052663266658783,Q2_pred_2,2
187662,4,0.11050698161125183,Q5_pred_5,5
57770,4,0.00451679527759552,Q1_pred_1,1
427134,4,0.017486125230789185,Q2_pred_2,2
38329,4,0.03285801410675049,Q3_pred_3,3
142216,5,0.048410817980766296,Q3_pred_3,3
114098,3,0.014334693551063538,Q2_pred_2,2
142905,4,0.011468082666397095,Q1_pred_1,1
459706,5,0.06219199299812317,Q4_pred_4,4
142246,4,0.025206804275512695,Q2_pred_2,2
10661,4,0.019392043352127075,Q2_pred_2,2
34419,1,0.018656954169273376,Q2_pred_2,2
60777,4,0.01654490828514099,Q2_pred_2,2
30353,4,0.0025797784328460693,Q1_pred_1,1
105945,3,0.08658307790756226,Q5_pred_5,5
66155,4,0.05075943097472191,Q4_pred_4,4
199070,4,0.03050592541694641,Q3_pred_3,3
32311,4,0.01226961612701416,Q2_pred_2,2
326348,4,0.044361621141433716,Q3_pred_3,3
56019,4,0.1458892524242401,Q5_pred_5,5
157599,4,0.002787858247756958,Q1_pred_1,1
127113,4,0.06650082767009735,Q4_pred_4,4
78867,4,0.004192478954792023,Q1_pred_1,1
48359,4,0.09698209166526794,Q5_pred_5,5
102864,4,0.010212615132331848,Q1_pred_1,1
14009,2,0.029866032302379608,Q3_pred_3,3
101315,3,0.04909992218017578,Q3_pred_3,3
385031,4,0.036961570382118225,Q3_pred_3,3
371997,4,0.017200171947479248,Q2_pred_2,2
415397,4,0.014673292636871338,Q2_pred_2,2
343680,4,0.03287501633167267,Q3_pred_3,3
340910,4,0.010587714612483978,Q1_pred_1,1
328052,4,0.013043141923844814,Q2_pred_2,2
247893,4,0.10436490178108215,Q5_pred_5,5
92970,5,0.03276945650577545,Q3_pred_3,3
11066,3,0.045118361711502075,Q3_pred_3,3
45539,4,0.032169803977012634,Q3_pred_3,3
40389,3,0.006188720464706421,Q1_pred_1,1
146675,4,0.014813512563705444,Q2_pred_2,2
97527,4,0.009115204215049744,Q1_pred_1,1
188707,3,0.0291389562189579,Q3_pred_3,3
275522,4,0.02300950326025486,Q2_pred_2,2
232618,4,0.035794697701931,Q3_pred_3,3
178826,4,0.020198732614517212,Q2_pred_2,2
1818,4,0.18776172399520874,Q5_pred_5,5
21237,2,0.04977436363697052,Q3_pred_3,3
198038,4,0.016789719462394714,Q2_pred_2,2
1194,3,0.028141632676124573,Q3_pred_3,3
373179,4,0.0377340167760849,Q3_pred_3,3
161427,4,0.03104192018508911,Q3_pred_3,3
72288,4,0.007659554481506348,Q1_pred_1,1
354985,3,0.047598063945770264,Q3_pred_3,3
73188,3,0.07143840193748474,Q4_pred_4,4
162565,3,0.13189852237701416,Q5_pred_5,5
366177,4,0.049646586179733276,Q3_pred_3,3
79045,4,0.004239022731781006,Q1_pred_1,1
154315,5,0.20343847572803497,Q5_pred_5,5
210734,5,0.02156667411327362,Q2_pred_2,2
76169,4,0.03161747753620148,Q3_pred_3,3
70098,3,0.2002660632133484,Q5_pred_5,5
382906,4,0.039926059544086456,Q3_pred_3,3
164118,4,0.04433527588844299,Q3_pred_3,3
40831,4,0.024832256138324738,Q2_pred_2,2
5702,4,0.08275814354419708,Q4_pred_4,4
150163,4,0.06789414584636688,Q4_pred_4,4
218889,4,0.12198445200920105,Q5_pred_5,5
223002,4,0.1343928724527359,Q5_pred_5,5
26539,3,0.033634744584560394,Q3_pred_3,3
92000,2,0.01756255328655243,Q2_pred_2,2
77580,4,0.0027345195412635803,Q1_pred_1,1
372783,4,0.09486034512519836,Q5_pred_5,5
25232,3,0.001270987093448639,Q1_pred_1,1
52867,3,0.20484638214111328,Q5_pred_5,5
334538,5,0.07249340415000916,Q4_pred_4,4
86420,4,0.0023602843284606934,Q1_pred_1,1
157658,3,0.04931753873825073,Q3_pred_3,3
50114,4,0.0009438730776309967,Q1_pred_1,1
123399,4,0.005517363548278809,Q1_pred_1,1
56135,4,0.06187298893928528,Q4_pred_4,4
124690,4,0.0804111659526825,Q4_pred_4,4
236352,5,0.06388750672340393,Q4_pred_4,4
5804,2,0.07837265729904175,Q4_pred_4,4
172364,4,0.08443799614906311,Q4_pred_4,4
369358,4,0.09633791446685791,Q5_pred_5,5
30199,2,0.027559354901313782,Q3_pred_3,3
10697,3,0.062090709805488586,Q4_pred_4,4
179315,4,0.11406831443309784,Q5_pred_5,5
161267,4,0.05875447392463684,Q4_pred_4,4
401605,4,0.05167890340089798,Q4_pred_4,4
108870,4,0.01605522632598877,Q2_pred_2,2
348244,3,0.05744980275630951,Q4_pred_4,4
77291,4,0.08959169685840607,Q5_pred_5,5
386203,4,0.09805013239383698,Q5_pred_5,5
41862,4,0.03347352147102356,Q3_pred_3,3
51703,3,0.07551199197769165,Q4_pred_4,4
375541,4,0.005865156650543213,Q1_pred_1,1
265311,3,0.010314680635929108,Q1_pred_1,1
151711,4,0.08898043632507324,Q5_pred_5,5
172440,4,0.06474092602729797,Q4_pred_4,4
50951,4,0.02524704486131668,Q2_pred_2,2
42352,4,0.16568605601787567,Q5_pred_5,5
89335,5,0.040688663721084595,Q3_pred_3,3
136878,5,0.008561044931411743,Q1_pred_1,1
147925,4,0.08118073642253876,Q4_pred_4,4
93453,4,0.03327621519565582,Q3_pred_3,3
83,4,0.14102277159690857,Q5_pred_5,5
153620,4,0.1169700026512146,Q5_pred_5,5
51413,4,0.011076509952545166,Q1_pred_1,1
128673,5,0.013023171573877335,Q2_pred_2,2
345263,4,0.005102239549160004,Q1_pred_1,1
92392,4,0.03326595574617386,Q3_pred_3,3
57147,4,0.08282133936882019,Q4_pred_4,4
64664,4,0.023395970463752747,Q2_pred_2,2
10729,2,0.06858110427856445,Q4_pred_4,4
246958,5,0.04307243227958679,Q3_pred_3,3
77742,4,0.04408109933137894,Q3_pred_3,3
246782,4,0.19006240367889404,Q5_pred_5,5
343969,4,0.0007745325565338135,Q1_pred_1,1
153657,4,0.0028338730335235596,Q1_pred_1,1
351173,4,0.01112520694732666,Q1_pred_1,1
222324,4,0.05256295204162598,Q4_pred_4,4
119658,2,0.19473126530647278,Q5_pred_5,5
343928,4,0.04474179819226265,Q3_pred_3,3
10971,4,0.015760362148284912,Q2_pred_2,2
64743,4,0.1674770712852478,Q5_pred_5,5
386106,3,0.008409783244132996,Q1_pred_1,1
214697,4,0.001543484628200531,Q1_pred_1,1
37361,4,0.10504913330078125,Q5_pred_5,5
13050,4,0.042237237095832825,Q3_pred_3,3
248176,4,0.10331043601036072,Q5_pred_5,5
59303,4,0.05066320300102234,Q4_pred_4,4
387957,4,0.015755116939544678,Q2_pred_2,2
133230,5,0.0026733875274658203,Q1_pred_1,1
223280,3,0.03355023264884949,Q3_pred_3,3
161686,4,0.04853934049606323,Q3_pred_3,3
214623,4,0.02512454241514206,Q2_pred_2,2
374117,5,0.033453717827796936,Q3_pred_3,3
334100,4,0.026961803436279297,Q2_pred_2,2
382220,3,0.019067853689193726,Q2_pred_2,2
67199,3,0.022578224539756775,Q2_pred_2,2
410642,4,0.10291951894760132,Q5_pred_5,5
268128,4,0.06613269448280334,Q4_pred_4,4
83996,5,0.10912031680345535,Q5_pred_5,5
277103,5,0.012202233076095581,Q2_pred_2,2
104634,4,0.062171220779418945,Q4_pred_4,4
358793,3,0.17229309678077698,Q5_pred_5,5
56294,4,0.17700931429862976,Q5_pred_5,5
334588,4,0.03849324584007263,Q3_pred_3,3
115504,4,0.008919432759284973,Q1_pred_1,1
357175,3,0.12146995961666107,Q5_pred_5,5
415371,2,0.014374136924743652,Q2_pred_2,2
147944,4,0.06856249272823334,Q4_pred_4,4
231265,4,0.034053027629852295,Q3_pred_3,3
153599,5,0.019028902053833008,Q2_pred_2,2
27927,3,0.1066984012722969,Q5_pred_5,5
115221,4,0.007800430059432983,Q1_pred_1,1
37178,4,0.008261412382125854,Q1_pred_1,1
151285,4,0.0008721649646759033,Q1_pred_1,1
180542,3,0.016063779592514038,Q2_pred_2,2
152939,3,0.016042377799749374,Q2_pred_2,2
21621,4,0.08695793151855469,Q5_pred_5,5
161235,2,0.031460292637348175,Q3_pred_3,3
40846,4,0.0003721266984939575,Q1_pred_1,1
84574,2,0.030503571033477783,Q3_pred_3,3
372631,4,0.12778818607330322,Q5_pred_5,5
35140,3,0.008760660886764526,Q1_pred_1,1
353103,3,0.017936229705810547,Q2_pred_2,2
157280,4,0.102092444896698,Q5_pred_5,5
127446,3,0.034501105546951294,Q3_pred_3,3
356790,5,0.144435316324234,Q5_pred_5,5
87130,2,0.021860703825950623,Q2_pred_2,2
246671,5,0.02086964249610901,Q2_pred_2,2
86434,5,0.0018437206745147705,Q1_pred_1,1
391842,4,0.03640270233154297,Q3_pred_3,3
156602,4,0.0703684389591217,Q4_pred_4,4
183645,3,0.0023558661341667175,Q1_pred_1,1
239671,5,0.05158662796020508,Q4_pred_4,4
59450,5,0.005578182637691498,Q1_pred_1,1
16430,4,0.014338567852973938,Q2_pred_2,2
347719,3,0.016655679792165756,Q2_pred_2,2
58501,3,0.03724448382854462,Q3_pred_3,3
73108,4,0.011231541633605957,Q1_pred_1,1
327915,4,0.019128162413835526,Q2_pred_2,2
320394,4,0.015975698828697205,Q2_pred_2,2
48322,4,0.13865411281585693,Q5_pred_5,5
13856,5,0.07651735842227936,Q4_pred_4,4
65339,2,0.0001417696475982666,Q1_pred_1,1
154097,5,0.13244572281837463,Q5_pred_5,5
188629,2,0.026968976482748985,Q2_pred_2,2
222222,4,0.08831679821014404,Q5_pred_5,5
84867,4,0.009043853729963303,Q1_pred_1,1
159543,4,0.03135138750076294,Q3_pred_3,3
132987,1,0.005232274532318115,Q1_pred_1,1
368509,2,0.07086586952209473,Q4_pred_4,4
24365,4,0.010274797677993774,Q1_pred_1,1
119385,4,0.22081372141838074,Q5_pred_5,5
130733,4,0.18562355637550354,Q5_pred_5,5
394909,3,0.06591733545064926,Q4_pred_4,4
31346,3,0.0509774386882782,Q4_pred_4,4
58063,4,0.048806071281433105,Q3_pred_3,3
217740,4,0.04951472580432892,Q3_pred_3,3
4052,4,0.0034181177616119385,Q1_pred_1,1
358392,5,0.1562349498271942,Q5_pred_5,5
164367,4,0.0066375732421875,Q1_pred_1,1
111032,3,0.04096856713294983,Q3_pred_3,3
127440,4,0.02217864990234375,Q2_pred_2,2
86837,4,0.03267602622509003,Q3_pred_3,3
95814,3,0.13884715735912323,Q5_pred_5,5
124720,4,0.06914980709552765,Q4_pred_4,4
177804,3,0.13249996304512024,Q5_pred_5,5
146217,4,0.011290788650512695,Q1_pred_1,1
40049,3,0.11661234498023987,Q5_pred_5,5
30041,3,0.0712188333272934,Q4_pred_4,4
164385,4,0.03991638123989105,Q3_pred_3,3
120970,4,0.051407113671302795,Q4_pred_4,4
337236,4,0.005965724587440491,Q1_pred_1,1
31940,4,0.007643938064575195,Q1_pred_1,1
181896,3,0.027552694082260132,Q3_pred_3,3
264376,3,0.08425724506378174,Q4_pred_4,4
326721,4,0.06631206721067429,Q4_pred_4,4
112066,4,0.1387818455696106,Q5_pred_5,5
395296,3,0.008696004748344421,Q1_pred_1,1
95818,4,0.01978515088558197,Q2_pred_2,2
153108,1,0.2113785594701767,Q5_pred_5,5
236505,5,0.28920578956604004,Q5_pred_5,5
9663,4,0.01605728268623352,Q2_pred_2,2
86895,4,0.025697365403175354,Q2_pred_2,2
96458,4,0.05585046112537384,Q4_pred_4,4
78840,4,0.009695440530776978,Q1_pred_1,1
246113,4,0.0055126287043094635,Q1_pred_1,1
349403,2,0.06881015002727509,Q4_pred_4,4
13008,4,0.015995338559150696,Q2_pred_2,2
56552,4,0.056597188115119934,Q4_pred_4,4
117215,1,0.028919562697410583,Q3_pred_3,3
165170,4,0.10500100255012512,Q5_pred_5,5
29157,4,0.05569404363632202,Q4_pred_4,4
24598,4,0.011838346719741821,Q1_pred_1,1
168671,3,0.027314066886901855,Q2_pred_2,2
32582,4,0.11616145819425583,Q5_pred_5,5
358276,5,0.20542538166046143,Q5_pred_5,5
399048,5,0.11872155964374542,Q5_pred_5,5
85721,3,0.03967363387346268,Q3_pred_3,3
183635,1,0.017990976572036743,Q2_pred_2,2
152689,4,0.1150372326374054,Q5_pred_5,5
68729,4,0.030759036540985107,Q3_pred_3,3
24984,2,0.05625937134027481,Q4_pred_4,4
325696,3,0.022084280848503113,Q2_pred_2,2
89113,4,0.02183791995048523,Q2_pred_2,2
3004,4,0.07877802848815918,Q4_pred_4,4
136263,2,0.019260026514530182,Q2_pred_2,2
67872,4,0.035223960876464844,Q3_pred_3,3
50775,4,0.04341113567352295,Q3_pred_3,3
164878,4,0.018561653792858124,Q2_pred_2,2
194872,3,0.03508061170578003,Q3_pred_3,3
423009,4,0.08854459226131439,Q5_pred_5,5
38561,4,0.10861504077911377,Q5_pred_5,5
92943,5,0.08630743622779846,Q4_pred_4,4
355102,5,0.04580928385257721,Q3_pred_3,3
20695,4,0.028595387935638428,Q3_pred_3,3
379058,4,0.040145281702280045,Q3_pred_3,3
397673,4,0.06822828203439713,Q4_pred_4,4
4530,2,0.07940863072872162,Q4_pred_4,4
5187,4,0.003822382539510727,Q1_pred_1,1
66785,4,0.03196556866168976,Q3_pred_3,3
80558,4,0.001937568187713623,Q1_pred_1,1
341189,2,0.09103092551231384,Q5_pred_5,5
214849,4,0.010055214166641235,Q1_pred_1,1
151611,2,0.11925546824932098,Q5_pred_5,5
156832,4,0.22642235457897186,Q5_pred_5,5
410868,4,0.008381173014640808,Q1_pred_1,1
10981,1,0.029127031564712524,Q3_pred_3,3
20644,4,0.07494190335273743,Q4_pred_4,4
25704,3,0.00954262726008892,Q1_pred_1,1
365207,4,0.034765712916851044,Q3_pred_3,3
59890,4,0.08221723139286041,Q4_pred_4,4
166919,2,0.0810830369591713,Q4_pred_4,4
83494,4,0.06007537990808487,Q4_pred_4,4
189376,5,0.02586241066455841,Q2_pred_2,2
71138,2,0.05378691107034683,Q4_pred_4,4
57598,4,0.07134653627872467,Q4_pred_4,4
39,3,0.010287031531333923,Q1_pred_1,1
22717,4,0.04957331717014313,Q3_pred_3,3
69159,4,0.0044085681438446045,Q1_pred_1,1
388476,4,0.02001069486141205,Q2_pred_2,2
210602,4,0.047003693878650665,Q3_pred_3,3
232499,4,0.02667713165283203,Q2_pred_2,2
358391,4,0.15258482098579407,Q5_pred_5,5
127644,5,0.027259409427642822,Q2_pred_2,2
15903,2,0.074514240026474,Q4_pred_4,4
36231,4,0.009319007396697998,Q1_pred_1,1
53474,4,0.03590959310531616,Q3_pred_3,3
31345,4,0.02650657296180725,Q2_pred_2,2
343939,4,0.004165366291999817,Q1_pred_1,1
15929,3,0.04799926280975342,Q3_pred_3,3
113263,2,0.05121990665793419,Q4_pred_4,4
144260,4,0.03160056471824646,Q3_pred_3,3
154029,4,0.18058636784553528,Q5_pred_5,5
168305,4,0.07806450128555298,Q4_pred_4,4
22018,4,0.025181107223033905,Q2_pred_2,2
382885,4,0.06606882065534592,Q4_pred_4,4
72008,4,0.15228071808815002,Q5_pred_5,5
214609,4,0.004615165293216705,Q1_pred_1,1
254384,4,0.07666181027889252,Q4_pred_4,4
13594,4,0.0762162059545517,Q4_pred_4,4
197947,4,0.10838107764720917,Q5_pred_5,5
241546,2,0.03304681181907654,Q3_pred_3,3
375068,4,0.09702977538108826,Q5_pred_5,5
86729,2,0.13417933881282806,Q5_pred_5,5
137444,4,0.029736768454313278,Q3_pred_3,3
76449,4,0.022903382778167725,Q2_pred_2,2
50495,4,0.01621176302433014,Q2_pred_2,2
3949,3,0.1289588212966919,Q5_pred_5,5
15541,4,0.09751208126544952,Q5_pred_5,5
270695,5,0.020740866661071777,Q2_pred_2,2
108769,3,0.08383969962596893,Q4_pred_4,4
222356,4,0.04798939824104309,Q3_pred_3,3
187147,4,0.035986412316560745,Q3_pred_3,3
383948,3,0.05541880428791046,Q4_pred_4,4
38969,4,0.045942068099975586,Q3_pred_3,3
26588,4,0.10378250479698181,Q5_pred_5,5
39388,4,0.009960256516933441,Q1_pred_1,1
6987,2,0.011360108852386475,Q1_pred_1,1
96091,4,0.07024338841438293,Q4_pred_4,4
32169,4,0.013525649905204773,Q2_pred_2,2
30143,4,0.13644129037857056,Q5_pred_5,5
120384,3,0.1237739622592926,Q5_pred_5,5
143803,4,0.010831132531166077,Q1_pred_1,1
9364,3,0.06377945840358734,Q4_pred_4,4
252393,4,0.056747376918792725,Q4_pred_4,4
91237,4,0.07046303153038025,Q4_pred_4,4
218877,4,0.030467048287391663,Q3_pred_3,3
32547,3,0.0968838632106781,Q5_pred_5,5
59158,3,0.0358315110206604,Q3_pred_3,3
38628,4,0.06159260869026184,Q4_pred_4,4
90351,4,0.06610703468322754,Q4_pred_4,4
193675,1,0.03989464044570923,Q3_pred_3,3
195862,4,0.002114236354827881,Q1_pred_1,1
60802,3,0.015065997838973999,Q2_pred_2,2
90259,4,0.1556863635778427,Q5_pred_5,5
19749,3,0.018155813217163086,Q2_pred_2,2
200551,4,0.01012277603149414,Q1_pred_1,1
39202,4,0.07514408230781555,Q4_pred_4,4
28672,3,0.09786617755889893,Q5_pred_5,5
29130,4,0.0676146075129509,Q4_pred_4,4
23076,4,0.12038704007863998,Q5_pred_5,5
355912,4,0.0009995102882385254,Q1_pred_1,1
15395,4,0.045387715101242065,Q3_pred_3,3
121301,4,0.10531345009803772,Q5_pred_5,5
183636,1,0.020782142877578735,Q2_pred_2,2
17146,3,0.08351171761751175,Q4_pred_4,4
89124,4,0.0350300669670105,Q3_pred_3,3
120963,2,0.15903662145137787,Q5_pred_5,5
3329,4,0.06250312924385071,Q4_pred_4,4
270470,4,0.002235718071460724,Q1_pred_1,1
393461,4,0.014306452125310898,Q2_pred_2,2
418458,4,0.09496890008449554,Q5_pred_5,5
57496,4,0.05217553675174713,Q4_pred_4,4
153939,5,0.10594850778579712,Q5_pred_5,5
91989,3,0.00706876814365387,Q1_pred_1,1
218177,4,0.030776895582675934,Q3_pred_3,3
15257,3,0.017306983470916748,Q2_pred_2,2
348879,3,0.052749037742614746,Q4_pred_4,4
420054,4,0.051772989332675934,Q4_pred_4,4
151861,1,0.061622582376003265,Q4_pred_4,4
365241,3,0.0774218738079071,Q4_pred_4,4
105276,4,0.06250414252281189,Q4_pred_4,4
237730,3,0.12962064146995544,Q5_pred_5,5
2615,4,0.019882023334503174,Q2_pred_2,2
56292,3,0.04856985807418823,Q3_pred_3,3
411917,4,0.012007743120193481,Q2_pred_2,2
236508,3,0.17439496517181396,Q5_pred_5,5
15474,4,0.0008082538843154907,Q1_pred_1,1
61893,3,0.009758174419403076,Q1_pred_1,1
166958,4,0.0004534795880317688,Q1_pred_1,1
111030,4,0.031008094549179077,Q3_pred_3,3
202301,1,0.04401034116744995,Q3_pred_3,3
21123,3,0.03140329569578171,Q3_pred_3,3
11666,4,0.05256739258766174,Q4_pred_4,4
92381,4,0.10964468121528625,Q5_pred_5,5
202420,1,0.01109015941619873,Q1_pred_1,1
15749,4,0.012790486216545105,Q2_pred_2,2
240934,4,0.06582528352737427,Q4_pred_4,4
128996,4,0.057259753346443176,Q4_pred_4,4
127251,4,0.07028253376483917,Q4_pred_4,4
103562,3,0.049212828278541565,Q3_pred_3,3
166050,4,0.05157478153705597,Q4_pred_4,4
114364,2,0.04891679435968399,Q3_pred_3,3
214989,3,0.03393334150314331,Q3_pred_3,3
69760,2,0.017304226756095886,Q2_pred_2,2
236643,4,0.1035606786608696,Q5_pred_5,5
137463,5,0.06452219188213348,Q4_pred_4,4
132340,4,0.10515721887350082,Q5_pred_5,5
36859,3,0.009924143552780151,Q1_pred_1,1
80798,2,0.027564778923988342,Q3_pred_3,3
21560,2,0.07192906737327576,Q4_pred_4,4
417826,4,0.0480792373418808,Q3_pred_3,3
114079,4,0.07749258726835251,Q4_pred_4,4
373875,5,0.08641120791435242,Q4_pred_4,4
40899,4,0.00012916326522827148,Q1_pred_1,1
57446,4,0.012002825736999512,Q2_pred_2,2
90258,4,0.14445173740386963,Q5_pred_5,5
93640,4,0.0029159337282180786,Q1_pred_1,1
170797,4,0.06411230564117432,Q4_pred_4,4
171349,4,0.13572564721107483,Q5_pred_5,5
156716,3,0.035202931612730026,Q3_pred_3,3
432400,4,0.030409783124923706,Q3_pred_3,3
111650,4,0.06815367192029953,Q4_pred_4,4
396995,3,0.17252057790756226,Q5_pred_5,5
40455,2,0.0288638174533844,Q3_pred_3,3
111038,3,0.03888025879859924,Q3_pred_3,3
4270,4,0.13756687939167023,Q5_pred_5,5
25607,4,0.029132036492228508,Q3_pred_3,3
76143,2,0.0681629329919815,Q4_pred_4,4
399464,3,0.046108320355415344,Q3_pred_3,3
102706,4,0.008624553680419922,Q1_pred_1,1
101903,4,0.008760988712310791,Q1_pred_1,1
236545,4,0.12918023765087128,Q5_pred_5,5
11958,4,0.0036259740591049194,Q1_pred_1,1
119844,4,0.005276769399642944,Q1_pred_1,1
29335,4,0.04551802575588226,Q3_pred_3,3
261585,4,0.07179778814315796,Q4_pred_4,4
46729,4,0.010579586029052734,Q1_pred_1,1
174024,2,0.03253433108329773,Q3_pred_3,3
69368,3,0.0002545006573200226,Q1_pred_1,1
145486,4,0.0032910406589508057,Q1_pred_1,1
477115,4,0.011959359049797058,Q2_pred_2,2
69027,3,0.10010118037462234,Q5_pred_5,5
77668,3,0.05809307098388672,Q4_pred_4,4
369707,4,0.0575934574007988,Q4_pred_4,4
357454,4,0.043224915862083435,Q3_pred_3,3
6272,4,0.26419249176979065,Q5_pred_5,5
61787,4,0.06573352217674255,Q4_pred_4,4
388423,4,0.0028758645057678223,Q1_pred_1,1
274153,4,0.008966341614723206,Q1_pred_1,1
34278,4,0.07401956617832184,Q4_pred_4,4
105481,3,0.0801638513803482,Q4_pred_4,4
174105,4,0.00620511919260025,Q1_pred_1,1
163120,4,0.0684015303850174,Q4_pred_4,4
407945,1,0.030130352824926376,Q3_pred_3,3
361564,2,0.027399420738220215,Q3_pred_3,3
13881,4,0.04611949250102043,Q3_pred_3,3
2438,2,0.025015749037265778,Q2_pred_2,2
341534,4,0.1120617687702179,Q5_pred_5,5
154059,5,0.1267198920249939,Q5_pred_5,5
325032,4,0.0022936593741178513,Q1_pred_1,1
60782,4,0.018493488430976868,Q2_pred_2,2
316686,4,0.0478445440530777,Q3_pred_3,3
41744,4,0.07788041234016418,Q4_pred_4,4
146835,4,0.09880974888801575,Q5_pred_5,5
41979,4,0.10620933771133423,Q5_pred_5,5
143958,4,0.06911542266607285,Q4_pred_4,4
44051,2,0.02945113182067871,Q3_pred_3,3
372663,4,0.1632319688796997,Q5_pred_5,5
162950,4,0.034754782915115356,Q3_pred_3,3
236617,4,0.13289740681648254,Q5_pred_5,5
248648,4,0.009880423545837402,Q1_pred_1,1
302493,4,0.02124953269958496,Q2_pred_2,2
246974,4,0.04307243227958679,Q3_pred_3,3
11369,3,0.006509557366371155,Q1_pred_1,1
203492,5,0.07809090614318848,Q4_pred_4,4
267501,4,0.01953938603401184,Q2_pred_2,2
176251,4,0.0537281334400177,Q4_pred_4,4
253598,4,0.040911965072155,Q3_pred_3,3
22887,4,0.22779123485088348,Q5_pred_5,5
355000,3,0.06431174278259277,Q4_pred_4,4
243944,4,0.015748292207717896,Q2_pred_2,2
251633,4,0.15192356705665588,Q5_pred_5,5
345423,4,0.012770570814609528,Q2_pred_2,2
2714,2,0.02889302372932434,Q3_pred_3,3
38983,3,0.054032325744628906,Q4_pred_4,4
61771,5,0.04085671156644821,Q3_pred_3,3
162395,2,0.06796863675117493,Q4_pred_4,4
58124,4,0.288375586271286,Q5_pred_5,5
315923,2,0.0353926345705986,Q3_pred_3,3
316443,2,0.09331060200929642,Q5_pred_5,5
96825,4,0.0260896235704422,Q2_pred_2,2
180920,3,0.02714437246322632,Q2_pred_2,2
24243,3,0.05790141224861145,Q4_pred_4,4
21245,3,0.054293543100357056,Q4_pred_4,4
141160,3,0.07110677659511566,Q4_pred_4,4
324338,4,0.02254161238670349,Q2_pred_2,2
38465,3,0.18854141235351562,Q5_pred_5,5
422146,3,0.07078604400157928,Q4_pred_4,4
358066,5,0.19145280122756958,Q5_pred_5,5
341509,3,0.02016550302505493,Q2_pred_2,2
366034,4,0.025838851928710938,Q2_pred_2,2
94033,3,0.04780787229537964,Q3_pred_3,3
104212,4,0.11907227337360382,Q5_pred_5,5
97635,4,0.093279629945755,Q5_pred_5,5
70955,3,0.050380073487758636,Q4_pred_4,4
214622,2,0.01593727618455887,Q2_pred_2,2
161678,4,0.12482810020446777,Q5_pred_5,5
123900,4,0.028365500271320343,Q3_pred_3,3
2531,3,0.0495305061340332,Q3_pred_3,3
386303,4,0.002484923228621483,Q1_pred_1,1
166216,4,0.05266353487968445,Q4_pred_4,4
189420,4,0.014181695878505707,Q2_pred_2,2
187340,4,0.027131497859954834,Q2_pred_2,2
153601,4,0.0009604692459106445,Q1_pred_1,1
256205,4,0.14687009155750275,Q5_pred_5,5
158526,4,0.06500741094350815,Q4_pred_4,4
353953,2,0.007690548896789551,Q1_pred_1,1
412556,3,0.013680785894393921,Q2_pred_2,2
163695,4,0.0068343281745910645,Q1_pred_1,1
69084,2,0.004593655467033386,Q1_pred_1,1
111124,3,0.020587146282196045,Q2_pred_2,2
149877,4,0.032005488872528076,Q3_pred_3,3
24507,3,0.030473574995994568,Q3_pred_3,3
146257,4,0.09104865789413452,Q5_pred_5,5
477251,4,0.01832171529531479,Q2_pred_2,2
4527,2,0.0639972984790802,Q4_pred_4,4
115560,3,0.07750336825847626,Q4_pred_4,4
102390,4,0.03802824020385742,Q3_pred_3,3
96090,4,0.0957910418510437,Q5_pred_5,5
413244,4,0.002004433423280716,Q1_pred_1,1
18057,1,0.07004503160715103,Q4_pred_4,4
348873,4,0.0757594108581543,Q4_pred_4,4
174860,4,0.0006999373435974121,Q1_pred_1,1
72143,4,0.00992216169834137,Q1_pred_1,1
63063,4,0.035662829875946045,Q3_pred_3,3
73257,4,0.06929850578308105,Q4_pred_4,4
55306,3,0.036977022886276245,Q3_pred_3,3
349263,4,0.01380138099193573,Q2_pred_2,2
45728,4,0.004571318626403809,Q1_pred_1,1
4285,4,0.012078851461410522,Q2_pred_2,2
397920,4,0.08998559415340424,Q5_pred_5,5
49898,4,0.045085445046424866,Q3_pred_3,3
211528,4,0.07383517920970917,Q4_pred_4,4
81321,4,0.0524611696600914,Q4_pred_4,4
11009,3,0.05489000678062439,Q4_pred_4,4
6849,2,0.006340540945529938,Q1_pred_1,1
152802,2,0.011304765939712524,Q1_pred_1,1
76302,4,0.020881175994873047,Q2_pred_2,2
120124,4,0.02917453646659851,Q3_pred_3,3
146569,4,0.042861491441726685,Q3_pred_3,3
46153,5,0.005722463130950928,Q1_pred_1,1
28826,4,0.05320025235414505,Q4_pred_4,4
142622,4,0.007503315806388855,Q1_pred_1,1
336514,4,0.012353882193565369,Q2_pred_2,2
485473,4,0.07079961895942688,Q4_pred_4,4
324057,4,0.043831467628479004,Q3_pred_3,3
100253,4,0.013462886214256287,Q2_pred_2,2
103592,4,0.0322115384042263,Q3_pred_3,3
373674,3,0.015084117650985718,Q2_pred_2,2
18756,3,0.03851531445980072,Q3_pred_3,3
80317,4,0.3283216953277588,Q5_pred_5,5
127162,4,0.0707438588142395,Q4_pred_4,4
44124,2,0.11188395321369171,Q5_pred_5,5
221548,3,0.014484614133834839,Q2_pred_2,2
263036,4,0.020740531384944916,Q2_pred_2,2
39495,4,0.012086659669876099,Q2_pred_2,2
65576,3,0.034252479672431946,Q3_pred_3,3
248362,4,0.017225831747055054,Q2_pred_2,2
36129,4,0.002515748143196106,Q1_pred_1,1
2693,3,0.029534220695495605,Q3_pred_3,3
65604,4,0.028214484453201294,Q3_pred_3,3
50130,4,0.12932193279266357,Q5_pred_5,5
189488,4,0.06651553511619568,Q4_pred_4,4
162854,3,0.01172521710395813,Q1_pred_1,1
24808,3,0.11796021461486816,Q5_pred_5,5
13323,5,0.06240369379520416,Q4_pred_4,4
25227,3,0.03666452318429947,Q3_pred_3,3
23567,4,0.03495575487613678,Q3_pred_3,3
222648,4,0.10888984799385071,Q5_pred_5,5
156188,4,0.025728687644004822,Q2_pred_2,2
58272,4,0.0012002289295196533,Q1_pred_1,1
50332,4,0.018487930297851562,Q2_pred_2,2
79470,4,0.13144627213478088,Q5_pred_5,5
425230,4,0.006413191556930542,Q1_pred_1,1
40908,2,0.0054323673248291016,Q1_pred_1,1
137940,3,0.09644874930381775,Q5_pred_5,5
142813,5,0.0037917494773864746,Q1_pred_1,1
237682,3,0.009088203310966492,Q1_pred_1,1
398513,3,0.014655910432338715,Q2_pred_2,2
254570,4,0.021602824330329895,Q2_pred_2,2
166171,4,0.010705053806304932,Q1_pred_1,1
3336,4,0.08912423253059387,Q5_pred_5,5
108889,5,0.007692545652389526,Q1_pred_1,1
260246,4,0.018669798970222473,Q2_pred_2,2
3739,4,0.011629588901996613,Q1_pred_1,1
78854,4,0.005738522857427597,Q1_pred_1,1
339656,2,0.0004209056496620178,Q1_pred_1,1
148536,4,0.11023968458175659,Q5_pred_5,5
49315,3,0.006794065237045288,Q1_pred_1,1
157514,4,0.029318124055862427,Q3_pred_3,3
79454,4,0.13815955817699432,Q5_pred_5,5
9544,4,0.11193764209747314,Q5_pred_5,5
102308,3,0.01798337697982788,Q2_pred_2,2
127360,4,0.030263260006904602,Q3_pred_3,3
30942,4,0.07158581912517548,Q4_pred_4,4
361278,4,0.009475179016590118,Q1_pred_1,1
358163,4,0.22095763683319092,Q5_pred_5,5
72826,4,0.06009325385093689,Q4_pred_4,4
377157,2,0.0508108027279377,Q4_pred_4,4
429076,4,0.015482202172279358,Q2_pred_2,2
12784,4,0.12512852251529694,Q5_pred_5,5
24247,4,0.11024695634841919,Q5_pred_5,5
56154,3,0.10520525276660919,Q5_pred_5,5
207481,2,0.008551327511668205,Q1_pred_1,1
32548,3,0.06653183698654175,Q4_pred_4,4
10549,3,0.005105704069137573,Q1_pred_1,1
25590,3,0.04291757941246033,Q3_pred_3,3
50172,4,0.0018965601921081543,Q1_pred_1,1
92934,4,0.0386933833360672,Q3_pred_3,3
348324,2,0.2417604625225067,Q5_pred_5,5
109244,4,0.010531485080718994,Q1_pred_1,1
239508,3,0.05036977678537369,Q4_pred_4,4
138902,4,0.07772350311279297,Q4_pred_4,4
318838,3,0.0037050992250442505,Q1_pred_1,1
104795,3,0.01305246353149414,Q2_pred_2,2
49661,4,0.004407748579978943,Q1_pred_1,1
5146,4,0.024270497262477875,Q2_pred_2,2
102072,4,0.003262341022491455,Q1_pred_1,1
147599,4,0.03887680172920227,Q3_pred_3,3
96077,3,0.2002926468849182,Q5_pred_5,5
316440,2,0.11024312674999237,Q5_pred_5,5
247121,4,0.04005882143974304,Q3_pred_3,3
48510,4,0.16457638144493103,Q5_pred_5,5
150271,4,0.092892125248909,Q5_pred_5,5
402461,2,0.07611432671546936,Q4_pred_4,4
82698,2,0.025340497493743896,Q2_pred_2,2
247395,5,0.021110236644744873,Q2_pred_2,2
347314,4,0.005901627242565155,Q1_pred_1,1
3896,3,0.17929308116436005,Q5_pred_5,5
86653,4,0.028843432664871216,Q3_pred_3,3
138149,2,0.030955076217651367,Q3_pred_3,3
219110,4,0.016702506691217422,Q2_pred_2,2
98439,3,0.023146703839302063,Q2_pred_2,2
15248,2,0.006361812353134155,Q1_pred_1,1
354694,3,0.05283010005950928,Q4_pred_4,4
419855,4,0.07332455366849899,Q4_pred_4,4
239756,4,0.05560299754142761,Q4_pred_4,4
60801,4,0.014685973525047302,Q2_pred_2,2
381192,4,0.0009845513850450516,Q1_pred_1,1
116367,4,0.07546564936637878,Q4_pred_4,4
414225,4,0.018063530325889587,Q2_pred_2,2
58237,3,0.08357004821300507,Q4_pred_4,4
109871,5,0.03288653492927551,Q3_pred_3,3
246732,4,0.18335238099098206,Q5_pred_5,5
434344,3,0.008154109120368958,Q1_pred_1,1
274058,4,0.026876598596572876,Q2_pred_2,2
44969,4,0.00855029933154583,Q1_pred_1,1
415473,4,0.02439028024673462,Q2_pred_2,2
85620,4,0.04548481106758118,Q3_pred_3,3
136048,5,0.03952598571777344,Q3_pred_3,3
36871,4,0.07934987545013428,Q4_pred_4,4
28721,5,0.06641428172588348,Q4_pred_4,4
184739,4,0.05776401609182358,Q4_pred_4,4
71080,3,0.006719730794429779,Q1_pred_1,1
15230,2,0.011424064636230469,Q1_pred_1,1
40426,3,0.07327565550804138,Q4_pred_4,4
1830,4,0.17144052684307098,Q5_pred_5,5
237063,3,0.07217478007078171,Q4_pred_4,4
158980,3,0.13163191080093384,Q5_pred_5,5
68722,4,0.007374405860900879,Q1_pred_1,1
274890,3,0.017944931983947754,Q2_pred_2,2
253532,4,0.033714041113853455,Q3_pred_3,3
404368,4,0.05827133357524872,Q4_pred_4,4
23073,4,0.07518959790468216,Q4_pred_4,4
177809,2,0.0898377001285553,Q5_pred_5,5
213691,4,0.00280173122882843,Q1_pred_1,1
40058,3,0.10543495416641235,Q5_pred_5,5
330564,3,0.026440590620040894,Q2_pred_2,2
5265,4,0.006068810820579529,Q1_pred_1,1
120666,2,0.2864382266998291,Q5_pred_5,5
155285,2,0.23825392127037048,Q5_pred_5,5
94407,4,0.13106638193130493,Q5_pred_5,5
5254,4,0.004993066191673279,Q1_pred_1,1
253463,4,0.015704482793807983,Q2_pred_2,2
100632,2,0.018177837133407593,Q2_pred_2,2
22779,2,0.11217169463634491,Q5_pred_5,5
425662,1,0.13162079453468323,Q5_pred_5,5
63719,4,0.009211286902427673,Q1_pred_1,1
241485,4,0.04339474439620972,Q3_pred_3,3
153876,4,0.1549384593963623,Q5_pred_5,5
153973,4,0.1638864278793335,Q5_pred_5,5
241484,5,0.023860245943069458,Q2_pred_2,2
16625,4,0.020941704511642456,Q2_pred_2,2
118379,4,0.003512069582939148,Q1_pred_1,1
57458,4,0.06813856959342957,Q4_pred_4,4
153376,4,0.011232614517211914,Q1_pred_1,1
92890,4,0.062031567096710205,Q4_pred_4,4
94252,2,0.024133630096912384,Q2_pred_2,2
147100,2,0.02848261594772339,Q3_pred_3,3
50254,2,0.022550523281097412,Q2_pred_2,2
323419,3,0.07956007122993469,Q4_pred_4,4
213890,4,0.04289335012435913,Q3_pred_3,3
68132,4,0.014493107795715332,Q2_pred_2,2
153143,4,0.03778378665447235,Q3_pred_3,3
40619,2,0.01527664065361023,Q2_pred_2,2
246102,3,0.046223655343055725,Q3_pred_3,3
189359,5,0.02548891305923462,Q2_pred_2,2
386434,4,0.020818591117858887,Q2_pred_2,2
119352,4,0.1953648030757904,Q5_pred_5,5
48703,4,0.11878935992717743,Q5_pred_5,5
107734,4,0.030236244201660156,Q3_pred_3,3
146196,4,0.014187797904014587,Q2_pred_2,2
333769,4,0.04023882746696472,Q3_pred_3,3
404841,4,0.06842924654483795,Q4_pred_4,4
39147,3,0.009619355201721191,Q1_pred_1,1
269584,4,0.021794453263282776,Q2_pred_2,2
251860,4,0.0011994242668151855,Q1_pred_1,1
355221,5,0.05426907539367676,Q4_pred_4,4
147810,3,0.03558994084596634,Q3_pred_3,3
92949,4,0.00033909082412719727,Q1_pred_1,1
192149,4,0.02785937488079071,Q3_pred_3,3
76650,4,0.04321703314781189,Q3_pred_3,3
320456,4,0.004609349183738232,Q1_pred_1,1
158782,4,0.0025631189346313477,Q1_pred_1,1
362760,4,0.012122690677642822,Q2_pred_2,2
58858,4,0.07771046459674835,Q4_pred_4,4
72302,3,0.0018341243267059326,Q1_pred_1,1
28747,4,0.11340831220149994,Q5_pred_5,5
180174,4,0.036674849689006805,Q3_pred_3,3
173746,4,0.21729999780654907,Q5_pred_5,5
24184,5,0.05186796188354492,Q4_pred_4,4
173795,4,0.003880392760038376,Q1_pred_1,1
88408,3,0.00338764488697052,Q1_pred_1,1
323080,4,0.011434927582740784,Q1_pred_1,1
46684,4,0.11097723245620728,Q5_pred_5,5
116617,4,0.053639091551303864,Q4_pred_4,4
245639,4,0.00043198466300964355,Q1_pred_1,1
101676,4,0.011075317859649658,Q1_pred_1,1
324192,4,0.004912704229354858,Q1_pred_1,1
3253,3,0.04111205041408539,Q3_pred_3,3
378684,3,0.01931643672287464,Q2_pred_2,2
406067,4,0.01421445608139038,Q2_pred_2,2
119375,4,0.2241203635931015,Q5_pred_5,5
10785,4,0.0736633837223053,Q4_pred_4,4
67999,3,0.2712137997150421,Q5_pred_5,5
17518,1,0.004860252141952515,Q1_pred_1,1
174030,4,0.020059823989868164,Q2_pred_2,2
216001,3,0.0007555782794952393,Q1_pred_1,1
337373,4,0.02326975017786026,Q2_pred_2,2
269783,4,0.051829010248184204,Q4_pred_4,4
416308,2,0.02925977110862732,Q3_pred_3,3
269906,5,0.06609231978654861,Q4_pred_4,4
270130,4,0.00011610984802246094,Q1_pred_1,1
76609,3,0.01292814314365387,Q2_pred_2,2
11051,3,0.01003807783126831,Q1_pred_1,1
46962,4,0.02709493227303028,Q2_pred_2,2
369988,4,0.006942585110664368,Q1_pred_1,1
410274,4,0.04624989628791809,Q3_pred_3,3
41568,3,0.029195502400398254,Q3_pred_3,3
359788,5,0.09257812798023224,Q5_pred_5,5
64205,3,0.047667890787124634,Q3_pred_3,3
2723,4,0.02785252034664154,Q3_pred_3,3
150946,4,0.031404126435518265,Q3_pred_3,3
20084,4,0.020285427570343018,Q2_pred_2,2
108358,5,0.1027296781539917,Q5_pred_5,5
127276,4,0.01651659607887268,Q2_pred_2,2
41361,3,0.01547020673751831,Q2_pred_2,2
110265,4,0.04335951805114746,Q3_pred_3,3
86830,4,0.039227306842803955,Q3_pred_3,3
410145,4,0.0460783988237381,Q3_pred_3,3
423748,4,0.04092630743980408,Q3_pred_3,3
3287,3,0.11898356676101685,Q5_pred_5,5
107747,4,0.03208699822425842,Q3_pred_3,3
21866,1,0.0028917640447616577,Q1_pred_1,1
222300,4,0.04507473111152649,Q3_pred_3,3
167064,3,0.005218386650085449,Q1_pred_1,1
169544,3,0.0029459595680236816,Q1_pred_1,1
374703,4,0.15047568082809448,Q5_pred_5,5
366455,4,0.01017744094133377,Q1_pred_1,1
236660,4,0.1013433039188385,Q5_pred_5,5
149743,4,0.00379769504070282,Q1_pred_1,1
32446,2,0.0159323588013649,Q2_pred_2,2
288930,3,0.003313101828098297,Q1_pred_1,1
139095,4,0.12802055478096008,Q5_pred_5,5
32865,4,0.053521811962127686,Q4_pred_4,4
116899,4,0.07333417981863022,Q4_pred_4,4
246363,4,0.05422915518283844,Q4_pred_4,4
332729,4,0.07707011699676514,Q4_pred_4,4
9573,3,0.22126737236976624,Q5_pred_5,5
127357,3,0.06311392784118652,Q4_pred_4,4
10094,2,0.06974199414253235,Q4_pred_4,4
316595,4,0.008211120963096619,Q1_pred_1,1
92942,4,0.06521081924438477,Q4_pred_4,4
5663,4,0.02114628255367279,Q2_pred_2,2
168157,4,0.01678323745727539,Q2_pred_2,2
196930,4,0.0649312436580658,Q4_pred_4,4
149763,2,0.07427805662155151,Q4_pred_4,4
199154,3,0.0600099191069603,Q4_pred_4,4
379757,4,0.04024040699005127,Q3_pred_3,3
131016,4,0.07596522569656372,Q4_pred_4,4
25609,4,0.02404637634754181,Q2_pred_2,2
395301,4,0.16865122318267822,Q5_pred_5,5
62556,4,0.079165518283844,Q4_pred_4,4
374706,4,0.05930289626121521,Q4_pred_4,4
32151,4,0.061406224966049194,Q4_pred_4,4
11073,4,0.007700279355049133,Q1_pred_1,1
347918,4,0.012437283992767334,Q2_pred_2,2
358213,4,0.17418330907821655,Q5_pred_5,5
68666,4,0.021669775247573853,Q2_pred_2,2
45477,4,0.020568549633026123,Q2_pred_2,2
101731,5,0.1409982144832611,Q5_pred_5,5
114358,4,0.04641661420464516,Q3_pred_3,3
372046,4,0.015397965908050537,Q2_pred_2,2
137979,3,0.028053611516952515,Q3_pred_3,3
28567,4,0.19466441869735718,Q5_pred_5,5
36764,4,0.009433489292860031,Q1_pred_1,1
86384,4,0.06626182794570923,Q4_pred_4,4
388407,4,0.02371220290660858,Q2_pred_2,2
16121,4,0.03725101053714752,Q3_pred_3,3
153999,4,0.1694139838218689,Q5_pred_5,5
57619,4,0.21542030572891235,Q5_pred_5,5
382857,4,0.06596925109624863,Q4_pred_4,4
236487,4,0.22774069011211395,Q5_pred_5,5
34369,4,0.02996593713760376,Q3_pred_3,3
113764,1,0.026069462299346924,Q2_pred_2,2
190526,4,0.10399554669857025,Q5_pred_5,5
50259,4,0.018111735582351685,Q2_pred_2,2
373193,4,0.015135712921619415,Q2_pred_2,2
415460,4,0.023747950792312622,Q2_pred_2,2
189490,4,0.014695718884468079,Q2_pred_2,2
47675,4,0.030539020895957947,Q3_pred_3,3
191928,4,0.00642433762550354,Q1_pred_1,1
65435,4,0.03909793496131897,Q3_pred_3,3
357950,4,0.18517670035362244,Q5_pred_5,5
106991,4,0.04047895967960358,Q3_pred_3,3
47847,4,0.010626286268234253,Q1_pred_1,1
29364,4,0.050349026918411255,Q4_pred_4,4
50178,4,0.02488487958908081,Q2_pred_2,2
51265,3,0.03496604040265083,Q3_pred_3,3
146254,4,0.03091488778591156,Q3_pred_3,3
347322,4,0.0008421372622251511,Q1_pred_1,1
63521,4,0.02294810861349106,Q2_pred_2,2
219303,4,0.005723863840103149,Q1_pred_1,1
248945,5,0.0868007093667984,Q5_pred_5,5
108541,3,0.11036789417266846,Q5_pred_5,5
160018,4,0.00015889108180999756,Q1_pred_1,1
272038,4,0.05543838441371918,Q4_pred_4,4
8697,4,0.0467938669025898,Q3_pred_3,3
24510,3,0.0795058161020279,Q4_pred_4,4
114073,2,0.02375931292772293,Q2_pred_2,2
107605,3,0.1177266538143158,Q5_pred_5,5
189360,5,0.022594138979911804,Q2_pred_2,2
86082,4,0.10439547896385193,Q5_pred_5,5
168484,4,0.00015628337860107422,Q1_pred_1,1
56875,4,0.10487179458141327,Q5_pred_5,5
51900,4,0.05891041457653046,Q4_pred_4,4
86443,4,0.011531949043273926,Q1_pred_1,1
222375,4,0.028258860111236572,Q3_pred_3,3
20786,4,0.02266615629196167,Q2_pred_2,2
70375,4,0.05271458625793457,Q4_pred_4,4
182789,3,0.0628511980175972,Q4_pred_4,4
474941,4,0.04621746018528938,Q3_pred_3,3
400586,4,0.0017995238304138184,Q1_pred_1,1
31027,4,0.16943606734275818,Q5_pred_5,5
366676,2,0.028805658221244812,Q3_pred_3,3
45115,3,0.026661202311515808,Q2_pred_2,2
105958,3,0.08470326662063599,Q4_pred_4,4
344001,4,0.05412106215953827,Q4_pred_4,4
147685,4,0.027367204427719116,Q3_pred_3,3
67876,4,0.056522637605667114,Q4_pred_4,4
83625,4,0.021280832588672638,Q2_pred_2,2
259528,4,0.00757477805018425,Q1_pred_1,1
137648,4,0.062086522579193115,Q4_pred_4,4
388057,4,0.03349623456597328,Q3_pred_3,3
344077,3,0.01739031821489334,Q2_pred_2,2
355231,4,0.1386839598417282,Q5_pred_5,5
12957,3,0.04662628471851349,Q3_pred_3,3
167194,4,0.01816040463745594,Q2_pred_2,2
29436,3,0.0569455623626709,Q4_pred_4,4
96980,4,0.09648497402667999,Q5_pred_5,5
178022,4,0.008878231048583984,Q1_pred_1,1
187934,3,0.1027563214302063,Q5_pred_5,5
6851,3,0.01969071477651596,Q2_pred_2,2
117001,4,0.06329095363616943,Q4_pred_4,4
84084,4,0.021142564713954926,Q2_pred_2,2
25381,4,0.257455050945282,Q5_pred_5,5
152548,4,0.051047638058662415,Q4_pred_4,4
247103,4,0.10156911611557007,Q5_pred_5,5
146771,4,0.07641598582267761,Q4_pred_4,4
249474,1,0.007874131202697754,Q1_pred_1,1
367099,4,0.10332618653774261,Q5_pred_5,5
8157,4,0.04161040112376213,Q3_pred_3,3
190915,5,0.0015784502029418945,Q1_pred_1,1
184469,4,0.03291940689086914,Q3_pred_3,3
424111,2,0.017233848571777344,Q2_pred_2,2
76555,3,0.03645123541355133,Q3_pred_3,3
356858,5,0.0546114444732666,Q4_pred_4,4
147018,4,0.040827009826898575,Q3_pred_3,3
28570,4,0.1828298270702362,Q5_pred_5,5
137930,4,0.15160690248012543,Q5_pred_5,5
67750,4,0.05415824055671692,Q4_pred_4,4
374802,4,0.10981050133705139,Q5_pred_5,5
178560,4,0.00056428462266922,Q1_pred_1,1
348392,4,0.0438053160905838,Q3_pred_3,3
128100,3,0.03944768011569977,Q3_pred_3,3
373990,4,0.049066320061683655,Q3_pred_3,3
5153,4,0.015053030103445053,Q2_pred_2,2
160040,4,0.19350430369377136,Q5_pred_5,5
106352,4,0.14883765578269958,Q5_pred_5,5
63696,4,0.005918979644775391,Q1_pred_1,1
375493,4,0.08851617574691772,Q5_pred_5,5
388474,4,0.022669285535812378,Q2_pred_2,2
88914,4,0.02170690894126892,Q2_pred_2,2
78699,2,0.007080093026161194,Q1_pred_1,1
382888,4,0.06609579920768738,Q4_pred_4,4
14951,3,0.026279807090759277,Q2_pred_2,2
383975,4,0.021348774433135986,Q2_pred_2,2
82716,4,0.03750129044055939,Q3_pred_3,3
165265,4,0.012162506580352783,Q2_pred_2,2
182965,5,0.04406982660293579,Q3_pred_3,3
179352,3,0.01737716794013977,Q2_pred_2,2
151800,4,0.031931761652231216,Q3_pred_3,3
208741,4,0.03514406085014343,Q3_pred_3,3
355220,5,0.07228271663188934,Q4_pred_4,4
11965,4,0.048596471548080444,Q3_pred_3,3
72310,3,0.07640063762664795,Q4_pred_4,4
37943,4,0.029339298605918884,Q3_pred_3,3
387774,4,3.9890408515930176e-05,Q1_pred_1,1
249158,3,0.040792860090732574,Q3_pred_3,3
223294,2,0.024413615465164185,Q2_pred_2,2
24833,4,0.03326427936553955,Q3_pred_3,3
391494,4,0.1590140014886856,Q5_pred_5,5
348386,4,0.005810216069221497,Q1_pred_1,1
142880,5,0.022663474082946777,Q2_pred_2,2
86824,3,0.0070152729749679565,Q1_pred_1,1
233805,3,0.000769391655921936,Q1_pred_1,1
196378,3,0.009851649403572083,Q1_pred_1,1
70069,4,0.0005910173058509827,Q1_pred_1,1
400699,4,0.02915513701736927,Q3_pred_3,3
38590,2,0.0641988068819046,Q4_pred_4,4
431189,4,0.04699213057756424,Q3_pred_3,3
50505,3,0.023764967918395996,Q2_pred_2,2
74820,4,0.047533005475997925,Q3_pred_3,3
57425,4,0.03522653877735138,Q3_pred_3,3
170737,4,0.017014160752296448,Q2_pred_2,2
247374,4,0.11574158072471619,Q5_pred_5,5
131644,4,0.14729905128479004,Q5_pred_5,5
64279,4,0.10068240761756897,Q5_pred_5,5
10113,4,0.06199369579553604,Q4_pred_4,4
371090,3,0.030570954084396362,Q3_pred_3,3
20935,2,0.22058933973312378,Q5_pred_5,5
408488,4,0.011561520397663116,Q1_pred_1,1
90435,5,0.028332918882369995,Q3_pred_3,3
46986,2,0.03298035264015198,Q3_pred_3,3
233208,4,0.04190092533826828,Q3_pred_3,3
257553,4,0.05408978462219238,Q4_pred_4,4
30624,4,0.07848860323429108,Q4_pred_4,4
21625,4,0.1892838180065155,Q5_pred_5,5
374209,4,0.05172806978225708,Q4_pred_4,4
323725,4,0.04234979301691055,Q3_pred_3,3
200712,5,0.02434535324573517,Q2_pred_2,2
358380,4,0.16737014055252075,Q5_pred_5,5
39301,4,0.00698968768119812,Q1_pred_1,1
41068,2,0.11627808213233948,Q5_pred_5,5
214404,2,0.02752300724387169,Q3_pred_3,3
63852,4,0.008592069149017334,Q1_pred_1,1
216283,4,0.010034404695034027,Q1_pred_1,1
253772,4,0.01569172739982605,Q2_pred_2,2
382222,4,0.06680294871330261,Q4_pred_4,4
21440,3,0.036906108260154724,Q3_pred_3,3
164656,3,0.05896566063165665,Q4_pred_4,4
200944,2,0.004338514059782028,Q1_pred_1,1
192261,4,0.1339838206768036,Q5_pred_5,5
118899,4,0.03944707661867142,Q3_pred_3,3
155280,4,0.04435248672962189,Q3_pred_3,3
213565,4,0.0915878415107727,Q5_pred_5,5
38368,3,0.08605065941810608,Q4_pred_4,4
108443,4,0.010227769613265991,Q1_pred_1,1
154046,4,0.08617448806762695,Q4_pred_4,4
109570,4,0.023567158728837967,Q2_pred_2,2
80706,4,0.00380881130695343,Q1_pred_1,1
86675,4,0.047457724809646606,Q3_pred_3,3
50314,4,0.03255684673786163,Q3_pred_3,3
34328,4,0.15678195655345917,Q5_pred_5,5
39863,4,0.03391912579536438,Q3_pred_3,3
25773,4,0.012296319007873535,Q2_pred_2,2
380400,3,0.0792941153049469,Q4_pred_4,4
32423,2,0.047315359115600586,Q3_pred_3,3
41964,4,0.0525842159986496,Q4_pred_4,4
125579,1,0.05313980579376221,Q4_pred_4,4
165288,3,0.08611935377120972,Q4_pred_4,4
182356,4,0.0019504129886627197,Q1_pred_1,1
420313,4,0.05418647080659866,Q4_pred_4,4
5193,4,0.010882675647735596,Q1_pred_1,1
68438,4,0.047340333461761475,Q3_pred_3,3
59006,3,0.16924777626991272,Q5_pred_5,5
193810,2,0.03881528973579407,Q3_pred_3,3
106560,3,0.02766135334968567,Q3_pred_3,3
89385,4,0.02263256162405014,Q2_pred_2,2
354841,4,0.056103140115737915,Q4_pred_4,4
165997,4,0.02399185299873352,Q2_pred_2,2
260471,2,0.028800012543797493,Q3_pred_3,3
92577,5,0.004366431385278702,Q1_pred_1,1
150030,3,0.1579800546169281,Q5_pred_5,5
231642,4,0.0503087192773819,Q4_pred_4,4
116228,3,0.0668143779039383,Q4_pred_4,4
72577,4,0.001772850751876831,Q1_pred_1,1
85684,4,0.010154873132705688,Q1_pred_1,1
36044,4,0.17747539281845093,Q5_pred_5,5
24818,4,0.032306283712387085,Q3_pred_3,3
68440,4,0.042963236570358276,Q3_pred_3,3
175417,4,0.01418495923280716,Q2_pred_2,2
18966,4,0.01016727089881897,Q1_pred_1,1
38181,4,0.07767140865325928,Q4_pred_4,4
9923,3,0.03140662610530853,Q3_pred_3,3
10899,4,0.006772488355636597,Q1_pred_1,1
247902,4,0.11495712399482727,Q5_pred_5,5
162103,4,0.12333983182907104,Q5_pred_5,5
97287,4,0.042698293924331665,Q3_pred_3,3
13904,4,0.03682631254196167,Q3_pred_3,3
246368,3,0.02661760151386261,Q2_pred_2,2
388056,4,0.003562482073903084,Q1_pred_1,1
52404,3,0.05052664875984192,Q4_pred_4,4
29302,4,0.04263503849506378,Q3_pred_3,3
429063,4,0.11123767495155334,Q5_pred_5,5
50201,3,0.00010848045349121094,Q1_pred_1,1
239202,4,0.04851406812667847,Q3_pred_3,3
10758,4,0.01012536883354187,Q1_pred_1,1
421642,4,0.027185052633285522,Q2_pred_2,2
188084,4,0.002136319875717163,Q1_pred_1,1
359185,4,0.183660626411438,Q5_pred_5,5
56030,4,0.14669403433799744,Q5_pred_5,5
245197,4,0.01764835976064205,Q2_pred_2,2
119320,5,0.21943946182727814,Q5_pred_5,5
50445,4,0.07332795858383179,Q4_pred_4,4
106883,4,0.014387160539627075,Q2_pred_2,2
14227,4,0.0358387753367424,Q3_pred_3,3
142860,5,0.021218091249465942,Q2_pred_2,2
98645,4,0.008503139019012451,Q1_pred_1,1
127364,3,0.037294045090675354,Q3_pred_3,3
168514,4,0.0668913722038269,Q4_pred_4,4
261299,3,0.04071076214313507,Q3_pred_3,3
130715,4,0.17465251684188843,Q5_pred_5,5
34373,4,0.029639005661010742,Q3_pred_3,3
114115,4,0.040626514703035355,Q3_pred_3,3
333923,4,0.06989267468452454,Q4_pred_4,4
55093,4,0.003750026226043701,Q1_pred_1,1
345966,2,0.022316332906484604,Q2_pred_2,2
24106,4,0.12071730196475983,Q5_pred_5,5
118384,2,0.014955282211303711,Q2_pred_2,2
40011,3,0.11381953954696655,Q5_pred_5,5
69157,2,0.0032171159982681274,Q1_pred_1,1
61214,4,0.054889023303985596,Q4_pred_4,4
19247,4,0.05182608962059021,Q4_pred_4,4
354103,4,0.0067593976855278015,Q1_pred_1,1
380753,4,0.06534897536039352,Q4_pred_4,4
80683,5,0.04064983129501343,Q3_pred_3,3
373004,5,0.13897386193275452,Q5_pred_5,5
15746,4,0.06604732573032379,Q4_pred_4,4
247776,4,0.02022683620452881,Q2_pred_2,2
27930,4,0.12207422405481339,Q5_pred_5,5
401987,4,0.011971697211265564,Q2_pred_2,2
13037,4,0.04563459753990173,Q3_pred_3,3
65718,4,0.08389250934123993,Q4_pred_4,4
90432,4,0.024285197257995605,Q2_pred_2,2
69432,4,0.0012222528457641602,Q1_pred_1,1
259977,4,0.016488555818796158,Q2_pred_2,2
55721,4,0.15285253524780273,Q5_pred_5,5
233617,4,0.010702729225158691,Q1_pred_1,1
236522,5,0.13415387272834778,Q5_pred_5,5
387360,5,0.005630195140838623,Q1_pred_1,1
44962,5,0.0034546591341495514,Q1_pred_1,1
415458,2,0.02096080780029297,Q2_pred_2,2
92921,5,0.01736772060394287,Q2_pred_2,2
62457,4,0.2043626308441162,Q5_pred_5,5
31934,4,0.03789018094539642,Q3_pred_3,3
70383,4,0.06866481900215149,Q4_pred_4,4
372702,5,0.015689313411712646,Q2_pred_2,2
181540,5,0.006660059094429016,Q1_pred_1,1
153337,4,0.03814190626144409,Q3_pred_3,3
128005,3,0.08110935986042023,Q4_pred_4,4
53882,4,0.023147225379943848,Q2_pred_2,2
4227,5,0.014334604144096375,Q2_pred_2,2
117496,3,0.05269269645214081,Q4_pred_4,4
154698,3,0.007240206003189087,Q1_pred_1,1
185812,2,0.04125906527042389,Q3_pred_3,3
327661,4,0.02057582512497902,Q2_pred_2,2
54949,3,0.001675337553024292,Q1_pred_1,1
50185,2,0.07191085815429688,Q4_pred_4,4
90738,4,0.022006481885910034,Q2_pred_2,2
201009,5,0.04378010332584381,Q3_pred_3,3
16797,4,0.07788024842739105,Q4_pred_4,4
390313,2,0.04796960949897766,Q3_pred_3,3
165166,3,0.05495193600654602,Q4_pred_4,4
373675,3,0.044699251651763916,Q3_pred_3,3
34073,2,0.00497812032699585,Q1_pred_1,1
60065,4,0.006859034299850464,Q1_pred_1,1
160538,3,0.10339435935020447,Q5_pred_5,5
137907,4,0.09409809112548828,Q5_pred_5,5
54539,4,0.00219687819480896,Q1_pred_1,1
86579,3,0.06026870012283325,Q4_pred_4,4
328846,4,0.09318351745605469,Q5_pred_5,5
346492,3,0.14309433102607727,Q5_pred_5,5
26368,4,0.12363740801811218,Q5_pred_5,5
33411,4,0.02921217679977417,Q3_pred_3,3
93854,5,0.0016304552555084229,Q1_pred_1,1
111033,4,0.011421464383602142,Q1_pred_1,1
55896,4,0.020761609077453613,Q2_pred_2,2
15916,4,0.039942264556884766,Q3_pred_3,3
4576,1,0.026518672704696655,Q2_pred_2,2
34663,4,0.13773497939109802,Q5_pred_5,5
57029,4,0.075908362865448,Q4_pred_4,4
73735,1,0.0489804744720459,Q3_pred_3,3
79265,4,0.0786181390285492,Q4_pred_4,4
9224,3,0.03039836883544922,Q3_pred_3,3
107078,5,0.05225758999586105,Q4_pred_4,4
254583,5,0.02307155728340149,Q2_pred_2,2
108572,4,0.003667600452899933,Q1_pred_1,1
73115,2,0.05411475896835327,Q4_pred_4,4
355832,5,0.11169645190238953,Q5_pred_5,5
345,4,0.02451595664024353,Q2_pred_2,2
339625,4,0.056808993220329285,Q4_pred_4,4
439994,3,0.003039523959159851,Q1_pred_1,1
79771,4,0.0988486036658287,Q5_pred_5,5
29955,5,0.052343785762786865,Q4_pred_4,4
361045,4,0.025965064764022827,Q2_pred_2,2
26898,4,0.012507647275924683,Q2_pred_2,2
38514,4,0.0795213133096695,Q4_pred_4,4
107053,4,0.026924725621938705,Q2_pred_2,2
98994,3,0.14492356777191162,Q5_pred_5,5
104111,4,0.013278946280479431,Q2_pred_2,2
244667,3,0.017686977982521057,Q2_pred_2,2
434449,4,0.018029842525720596,Q2_pred_2,2
275422,4,0.03261828422546387,Q3_pred_3,3
48989,3,0.051305145025253296,Q4_pred_4,4
28933,5,0.06632910668849945,Q4_pred_4,4
275788,5,0.020104750990867615,Q2_pred_2,2
423743,4,0.004279911518096924,Q1_pred_1,1
262326,4,0.050327688455581665,Q4_pred_4,4
113288,3,0.07689249515533447,Q4_pred_4,4
417452,4,0.026996474713087082,Q2_pred_2,2
274997,4,0.02000214159488678,Q2_pred_2,2
68904,4,0.020211927592754364,Q2_pred_2,2
43187,4,0.0341155081987381,Q3_pred_3,3
372655,4,0.14902985095977783,Q5_pred_5,5
220597,4,0.004919394850730896,Q1_pred_1,1
17437,3,0.04360970854759216,Q3_pred_3,3
97228,5,0.016562968492507935,Q2_pred_2,2
359126,4,0.001094333827495575,Q1_pred_1,1
10861,3,0.02394472062587738,Q2_pred_2,2
202498,4,0.06388962268829346,Q4_pred_4,4
72984,3,0.01599271595478058,Q2_pred_2,2
201002,4,0.044945985078811646,Q3_pred_3,3
65889,4,0.014942795038223267,Q2_pred_2,2
240779,4,0.037534043192863464,Q3_pred_3,3
43244,4,0.07988949120044708,Q4_pred_4,4
80672,5,0.02508312463760376,Q2_pred_2,2
160539,3,0.14639994502067566,Q5_pred_5,5
115567,4,0.005582630634307861,Q1_pred_1,1
113328,3,0.021951451897621155,Q2_pred_2,2
344020,3,0.024300217628479004,Q2_pred_2,2
262233,5,0.08359271287918091,Q4_pred_4,4
259687,4,0.11353835463523865,Q5_pred_5,5
45203,4,0.054862022399902344,Q4_pred_4,4
26514,4,0.011985888704657555,Q2_pred_2,2
162685,4,0.03373415023088455,Q3_pred_3,3
53570,3,0.00616050511598587,Q1_pred_1,1
108196,4,0.04633288085460663,Q3_pred_3,3
358471,5,0.12409248948097229,Q5_pred_5,5
18660,4,0.02100619673728943,Q2_pred_2,2
16838,3,0.027450665831565857,Q3_pred_3,3
40347,3,0.015890449285507202,Q2_pred_2,2
50413,4,0.009965774603188038,Q1_pred_1,1
158592,3,0.010258510708808899,Q1_pred_1,1
101318,3,0.023282349109649658,Q2_pred_2,2
166101,4,0.019350767135620117,Q2_pred_2,2
5108,4,0.001164853572845459,Q1_pred_1,1
78804,3,0.07126190513372421,Q4_pred_4,4
88300,4,0.024030745029449463,Q2_pred_2,2
6059,3,0.020570512861013412,Q2_pred_2,2
69434,3,0.002632051706314087,Q1_pred_1,1
266753,2,0.0038334429264068604,Q1_pred_1,1
181757,4,0.1010039746761322,Q5_pred_5,5
25293,4,0.03431516885757446,Q3_pred_3,3
29841,4,0.00266951322555542,Q1_pred_1,1
89261,5,0.009920600801706314,Q1_pred_1,1
168725,4,0.026686012744903564,Q2_pred_2,2
113333,3,0.008116722106933594,Q1_pred_1,1
66494,2,0.024200450628995895,Q2_pred_2,2
359804,5,0.0991884171962738,Q5_pred_5,5
211503,3,0.020594865083694458,Q2_pred_2,2
15246,2,0.008365839719772339,Q1_pred_1,1
87682,3,0.024535417556762695,Q2_pred_2,2
137573,5,0.04607980698347092,Q3_pred_3,3
8528,4,0.02351328730583191,Q2_pred_2,2
5511,4,0.01597350835800171,Q2_pred_2,2
59973,4,0.08521924912929535,Q4_pred_4,4
71190,4,0.08438961207866669,Q4_pred_4,4
386117,2,0.04964345693588257,Q3_pred_3,3
96096,4,0.1133684515953064,Q5_pred_5,5
184606,4,0.012282319366931915,Q2_pred_2,2
474943,5,0.046743281185626984,Q3_pred_3,3
127290,3,0.12498249113559723,Q5_pred_5,5
188825,4,0.028870239853858948,Q3_pred_3,3
428781,4,0.018989264965057373,Q2_pred_2,2
247272,5,0.09606392681598663,Q5_pred_5,5
136666,4,0.0124034583568573,Q2_pred_2,2
105964,4,0.08500508219003677,Q4_pred_4,4
61580,3,0.2103726714849472,Q5_pred_5,5
140519,5,0.05099290609359741,Q4_pred_4,4
87259,5,0.09912998974323273,Q5_pred_5,5
321133,4,0.014147214591503143,Q2_pred_2,2
378275,4,0.06443822383880615,Q4_pred_4,4
21665,3,0.05210413038730621,Q4_pred_4,4
43259,5,0.08083118498325348,Q4_pred_4,4
97032,4,0.09633217751979828,Q5_pred_5,5
101409,4,0.044978171586990356,Q3_pred_3,3
111171,4,0.017276465892791748,Q2_pred_2,2
155637,4,0.07912999391555786,Q4_pred_4,4
152566,4,0.028456643223762512,Q3_pred_3,3
82322,4,0.2551889717578888,Q5_pred_5,5
476977,4,0.11469826102256775,Q5_pred_5,5
239513,3,0.031052321195602417,Q3_pred_3,3
36534,3,0.07466098666191101,Q4_pred_4,4
241461,4,0.026710867881774902,Q2_pred_2,2
176126,4,0.08882538974285126,Q5_pred_5,5
71608,4,0.016792334616184235,Q2_pred_2,2
92367,4,0.017225690186023712,Q2_pred_2,2
102533,4,0.009281568229198456,Q1_pred_1,1
465902,5,0.01153583824634552,Q1_pred_1,1
242230,4,0.06330865621566772,Q4_pred_4,4
109900,5,0.03231918811798096,Q3_pred_3,3
98290,4,0.006212539970874786,Q1_pred_1,1
367302,4,0.026817306876182556,Q2_pred_2,2
66131,4,0.026057574898004532,Q2_pred_2,2
83703,4,0.030848994851112366,Q3_pred_3,3
28932,5,0.06270703673362732,Q4_pred_4,4
388840,5,0.07235382497310638,Q4_pred_4,4
63827,4,0.014132313430309296,Q2_pred_2,2
99002,5,0.04002930223941803,Q3_pred_3,3
36394,4,0.01693568378686905,Q2_pred_2,2
58386,2,0.03253945708274841,Q3_pred_3,3
387225,4,0.002397581934928894,Q1_pred_1,1
105478,4,0.07878506183624268,Q4_pred_4,4
271947,4,0.016856402158737183,Q2_pred_2,2
39389,4,0.009475059807300568,Q1_pred_1,1
236326,4,0.05459664762020111,Q4_pred_4,4
247967,5,0.10132694244384766,Q5_pred_5,5
338220,3,0.07263195514678955,Q4_pred_4,4
248713,5,0.02713969349861145,Q2_pred_2,2
160373,5,0.05137138068675995,Q4_pred_4,4
193842,4,0.009604126214981079,Q1_pred_1,1
246871,4,0.18768233060836792,Q5_pred_5,5
8434,4,0.05717729032039642,Q4_pred_4,4
239751,3,0.05804258584976196,Q4_pred_4,4
353528,4,0.06311988830566406,Q4_pred_4,4
133442,4,0.07450112700462341,Q4_pred_4,4
82808,4,0.024698734283447266,Q2_pred_2,2
239870,4,0.06023481488227844,Q4_pred_4,4
251091,5,0.00856199860572815,Q1_pred_1,1
16250,5,0.020394816994667053,Q2_pred_2,2
25824,4,0.06493420898914337,Q4_pred_4,4
410427,4,0.04142625629901886,Q3_pred_3,3
54458,4,0.1570492386817932,Q5_pred_5,5
100861,4,0.05851180851459503,Q4_pred_4,4
15352,4,0.017551720142364502,Q2_pred_2,2
76469,4,0.04952080547809601,Q3_pred_3,3
142578,4,0.04781752824783325,Q3_pred_3,3
355115,5,0.1317325234413147,Q5_pred_5,5
143393,5,0.022108718752861023,Q2_pred_2,2
130872,3,0.010503113269805908,Q1_pred_1,1
416438,5,0.012249290943145752,Q2_pred_2,2
10802,4,0.019453272223472595,Q2_pred_2,2
79703,4,0.07090988755226135,Q4_pred_4,4
151223,4,0.07196778059005737,Q4_pred_4,4
114429,4,0.0006922930479049683,Q1_pred_1,1
721,4,0.044848352670669556,Q3_pred_3,3
176021,4,0.04388675093650818,Q3_pred_3,3
48988,4,0.06738953292369843,Q4_pred_4,4
240079,3,0.039909690618515015,Q3_pred_3,3
377084,3,0.03363160789012909,Q3_pred_3,3
97150,1,0.07289272546768188,Q4_pred_4,4
214866,4,0.03733685612678528,Q3_pred_3,3
374978,5,0.09807589650154114,Q5_pred_5,5
252320,4,0.03645622730255127,Q3_pred_3,3
72287,5,0.03514775633811951,Q3_pred_3,3
8380,4,0.039622217416763306,Q3_pred_3,3
427375,4,0.009226381778717041,Q1_pred_1,1
40448,4,0.045626819133758545,Q3_pred_3,3
5151,4,0.002747058868408203,Q1_pred_1,1
156801,3,0.03847277909517288,Q3_pred_3,3
108509,4,0.05478622019290924,Q4_pred_4,4
477507,4,0.00441984087228775,Q1_pred_1,1
374220,5,0.02365569770336151,Q2_pred_2,2
174168,4,0.005716085433959961,Q1_pred_1,1
265110,4,0.00167899951338768,Q1_pred_1,1
149252,4,0.006623297929763794,Q1_pred_1,1
15919,4,0.03346124291419983,Q3_pred_3,3
349956,4,0.022619977593421936,Q2_pred_2,2
69962,4,0.006266564130783081,Q1_pred_1,1
13853,4,0.074831023812294,Q4_pred_4,4
163688,5,0.031930357217788696,Q3_pred_3,3
344017,4,0.0077126845717430115,Q1_pred_1,1
54465,4,0.19408400356769562,Q5_pred_5,5
188066,4,0.08651454746723175,Q4_pred_4,4
418513,4,0.01137252151966095,Q1_pred_1,1
476803,4,0.05129486322402954,Q4_pred_4,4
108157,5,0.1439683437347412,Q5_pred_5,5
82671,3,0.016973555088043213,Q2_pred_2,2
78630,2,0.0049603283405303955,Q1_pred_1,1
336994,4,0.011168181896209717,Q1_pred_1,1
337721,4,0.029981791973114014,Q3_pred_3,3
128795,5,0.08581340312957764,Q4_pred_4,4
27256,4,0.05022871494293213,Q4_pred_4,4
189237,4,0.004259020090103149,Q1_pred_1,1
55017,3,0.0042611658573150635,Q1_pred_1,1
347862,4,0.03485211730003357,Q3_pred_3,3
90082,4,0.018764004111289978,Q2_pred_2,2
20188,4,0.004571303725242615,Q1_pred_1,1
26969,4,0.015803635120391846,Q2_pred_2,2
61914,3,0.019662484526634216,Q2_pred_2,2
222061,3,0.07184301316738129,Q4_pred_4,4
183597,4,0.0034338850528001785,Q1_pred_1,1
61873,4,0.009512543678283691,Q1_pred_1,1
146465,4,0.022240787744522095,Q2_pred_2,2
426783,3,0.17338351905345917,Q5_pred_5,5
63507,4,0.08211037516593933,Q4_pred_4,4
386492,4,0.04142874479293823,Q3_pred_3,3
358048,4,0.22142595052719116,Q5_pred_5,5
29447,5,0.044553205370903015,Q3_pred_3,3
413742,4,0.007534429430961609,Q1_pred_1,1
5810,5,0.07557694613933563,Q4_pred_4,4
474938,4,0.04682011157274246,Q3_pred_3,3
66889,3,0.08674300462007523,Q5_pred_5,5
31376,4,0.09220083802938461,Q5_pred_5,5
330762,3,0.05049392580986023,Q4_pred_4,4
137418,4,0.06967601180076599,Q4_pred_4,4
42241,5,0.15272116661071777,Q5_pred_5,5
270741,4,0.007823407649993896,Q1_pred_1,1
47589,3,0.021237812936306,Q2_pred_2,2
40861,3,0.09903624653816223,Q5_pred_5,5
196068,4,0.003464624285697937,Q1_pred_1,1
114100,4,0.02598746307194233,Q2_pred_2,2
84693,4,0.014842331409454346,Q2_pred_2,2
79489,4,0.11144667863845825,Q5_pred_5,5
355186,4,0.108657106757164,Q5_pred_5,5
173690,4,0.13005080819129944,Q5_pred_5,5
10925,4,0.05116766691207886,Q4_pred_4,4
231468,4,0.0006596297025680542,Q1_pred_1,1
371224,4,0.05943554639816284,Q4_pred_4,4
48577,2,0.06583026051521301,Q4_pred_4,4
126567,4,0.08013784885406494,Q4_pred_4,4
61285,4,0.004081666469573975,Q1_pred_1,1
395197,4,0.013840648345649242,Q2_pred_2,2
6203,3,0.032151877880096436,Q3_pred_3,3
88302,4,0.015065934509038925,Q2_pred_2,2
90277,3,0.18373394012451172,Q5_pred_5,5
199150,4,0.02480483055114746,Q2_pred_2,2
28620,3,0.1983473002910614,Q5_pred_5,5
54452,3,0.15370219945907593,Q5_pred_5,5
117545,3,0.0032360851764678955,Q1_pred_1,1
159987,4,0.0356634259223938,Q3_pred_3,3
11646,5,0.0676465630531311,Q4_pred_4,4
4179,2,0.003521263599395752,Q1_pred_1,1
7602,3,0.1879376471042633,Q5_pred_5,5
108880,5,0.04531946778297424,Q3_pred_3,3
133100,4,0.07765325903892517,Q4_pred_4,4
156802,3,0.04257996380329132,Q3_pred_3,3
29441,4,0.04092100262641907,Q3_pred_3,3
58948,1,0.07305395603179932,Q4_pred_4,4
268844,4,0.030235841870307922,Q3_pred_3,3
140703,2,0.06445030868053436,Q4_pred_4,4
189407,5,0.0241372212767601,Q2_pred_2,2
132711,4,0.16268497705459595,Q5_pred_5,5
120760,2,0.026803389191627502,Q2_pred_2,2
162230,4,0.06664244830608368,Q4_pred_4,4
14160,2,0.022402234375476837,Q2_pred_2,2
177252,5,0.017263412475585938,Q2_pred_2,2
245410,4,0.04593509063124657,Q3_pred_3,3
24810,4,0.27702099084854126,Q5_pred_5,5
383565,4,0.06827816367149353,Q4_pred_4,4
121295,5,0.013559401035308838,Q2_pred_2,2
252295,2,0.029408574104309082,Q3_pred_3,3
236291,3,0.11410507559776306,Q5_pred_5,5
137939,3,0.11739995330572128,Q5_pred_5,5
157911,4,0.04011574387550354,Q3_pred_3,3
327035,4,0.020503953099250793,Q2_pred_2,2
39410,2,0.018878959119319916,Q2_pred_2,2
10936,3,0.031156569719314575,Q3_pred_3,3
79936,3,0.02677346020936966,Q2_pred_2,2
183744,3,0.05698482692241669,Q4_pred_4,4
1198,4,0.14555734395980835,Q5_pred_5,5
107845,4,0.0020147040486335754,Q1_pred_1,1
341507,4,0.24579378962516785,Q5_pred_5,5
3842,2,0.1835918128490448,Q5_pred_5,5
8797,3,0.00637856125831604,Q1_pred_1,1
141808,2,0.014517873525619507,Q2_pred_2,2
1412,2,0.015106260776519775,Q2_pred_2,2
5361,3,0.011942848563194275,Q2_pred_2,2
82228,1,0.021646246314048767,Q2_pred_2,2
124488,3,0.038490861654281616,Q3_pred_3,3
220590,4,0.008172109723091125,Q1_pred_1,1
128060,3,0.22270086407661438,Q5_pred_5,5
156744,4,0.056431062519550323,Q4_pred_4,4
67280,1,0.03283783793449402,Q3_pred_3,3
333659,3,0.06153758615255356,Q4_pred_4,4
248117,4,0.06771034002304077,Q4_pred_4,4
132110,3,0.007215425372123718,Q1_pred_1,1
156704,4,0.04600168764591217,Q3_pred_3,3
15566,4,0.021299660205841064,Q2_pred_2,2
50655,2,0.11062940955162048,Q5_pred_5,5
114507,4,0.24581071734428406,Q5_pred_5,5
427338,3,0.01680593192577362,Q2_pred_2,2
434183,3,0.09548690915107727,Q5_pred_5,5
160371,4,0.00781482458114624,Q1_pred_1,1
90022,3,0.07548987865447998,Q4_pred_4,4
161923,2,0.01743033528327942,Q2_pred_2,2
28253,4,0.03063797950744629,Q3_pred_3,3
96814,4,0.09408113360404968,Q5_pred_5,5
179264,4,0.10774418711662292,Q5_pred_5,5
111737,4,0.026863932609558105,Q2_pred_2,2
362919,4,0.005467310547828674,Q1_pred_1,1
89724,3,0.003122091293334961,Q1_pred_1,1
264097,4,0.05055704712867737,Q4_pred_4,4
28648,4,0.04975545406341553,Q3_pred_3,3
276669,3,0.013319164514541626,Q2_pred_2,2
350109,4,0.03737345337867737,Q3_pred_3,3
119201,4,0.19309759140014648,Q5_pred_5,5
10800,3,0.01648940145969391,Q2_pred_2,2
219636,2,0.07360909879207611,Q4_pred_4,4
188031,2,0.03445115685462952,Q3_pred_3,3
79618,4,0.010399416089057922,Q1_pred_1,1
318555,4,0.0030795931816101074,Q1_pred_1,1
71914,2,0.15175604820251465,Q5_pred_5,5
31796,3,0.03321215510368347,Q3_pred_3,3
204640,3,0.08217251300811768,Q4_pred_4,4
17943,2,0.009204894304275513,Q1_pred_1,1
28735,4,0.0308024063706398,Q3_pred_3,3
144613,4,0.017789393663406372,Q2_pred_2,2
126554,4,0.014099925756454468,Q2_pred_2,2
354426,5,0.01716175675392151,Q2_pred_2,2
80,4,0.05358953773975372,Q4_pred_4,4
354581,5,0.04991865158081055,Q3_pred_3,3
241543,4,0.014258131384849548,Q2_pred_2,2
15955,4,0.056107744574546814,Q4_pred_4,4
50268,2,0.026700913906097412,Q2_pred_2,2
30283,4,0.0636279284954071,Q4_pred_4,4
363118,4,0.031086280941963196,Q3_pred_3,3
39318,4,0.0045921579003334045,Q1_pred_1,1
90801,4,0.02463684231042862,Q2_pred_2,2
245707,3,0.01804119348526001,Q2_pred_2,2
202583,3,0.09236922860145569,Q5_pred_5,5
5881,3,0.07713554799556732,Q4_pred_4,4
91995,4,0.05764190852642059,Q4_pred_4,4
67308,4,0.011622771620750427,Q1_pred_1,1
38582,3,0.0285617858171463,Q3_pred_3,3
60799,3,0.014538809657096863,Q2_pred_2,2
21573,4,0.10254381597042084,Q5_pred_5,5
26934,4,0.03756265342235565,Q3_pred_3,3
22751,4,0.013329755514860153,Q2_pred_2,2
160983,2,0.001978933811187744,Q1_pred_1,1
122956,2,0.17802201211452484,Q5_pred_5,5
338170,2,0.13503986597061157,Q5_pred_5,5
150546,4,0.03115859627723694,Q3_pred_3,3
76999,3,0.0366300493478775,Q3_pred_3,3
32105,2,0.0866236463189125,Q5_pred_5,5
111018,4,0.05262795090675354,Q4_pred_4,4
67041,4,0.006533369421958923,Q1_pred_1,1
115486,4,0.010064840316772461,Q1_pred_1,1
29388,4,0.058945268392562866,Q4_pred_4,4
142711,4,0.04904985427856445,Q3_pred_3,3
150534,3,0.0009753406047821045,Q1_pred_1,1
355305,4,0.07356882095336914,Q4_pred_4,4
389640,4,0.06130722165107727,Q4_pred_4,4
43436,4,0.002851814031600952,Q1_pred_1,1
302526,4,0.057723551988601685,Q4_pred_4,4
29186,4,0.04768688976764679,Q3_pred_3,3
359121,4,0.04413178563117981,Q3_pred_3,3
40998,3,0.017347484827041626,Q2_pred_2,2
151349,4,0.0007047653198242188,Q1_pred_1,1
39732,1,0.07200737297534943,Q4_pred_4,4
241742,3,0.0329325795173645,Q3_pred_3,3
53292,4,0.007582381367683411,Q1_pred_1,1
11007,4,0.07292371988296509,Q4_pred_4,4
222878,4,0.029219388961791992,Q3_pred_3,3
80613,5,0.06725810468196869,Q4_pred_4,4
2266,3,0.020832404494285583,Q2_pred_2,2
467334,4,0.09781202673912048,Q5_pred_5,5
167404,3,0.046481773257255554,Q3_pred_3,3
357428,4,0.043181002140045166,Q3_pred_3,3
22706,4,0.00851258635520935,Q1_pred_1,1
50278,3,0.009265005588531494,Q1_pred_1,1
431439,4,0.0569678358733654,Q4_pred_4,4
187284,3,0.013775825500488281,Q2_pred_2,2
118607,2,0.009036102332174778,Q1_pred_1,1
70143,4,0.08559811860322952,Q4_pred_4,4
134747,4,0.04908910393714905,Q3_pred_3,3
58589,4,0.004319760948419571,Q1_pred_1,1
394866,1,0.029529467225074768,Q3_pred_3,3
32479,4,0.05590275675058365,Q4_pred_4,4
382411,3,0.12135758996009827,Q5_pred_5,5
324546,4,0.024374142289161682,Q2_pred_2,2
144823,4,0.03161562234163284,Q3_pred_3,3
68653,4,0.016654755920171738,Q2_pred_2,2
245604,3,0.03940364718437195,Q3_pred_3,3
70345,4,0.061174750328063965,Q4_pred_4,4
78217,5,0.007220024708658457,Q1_pred_1,1
28396,4,0.044299110770225525,Q3_pred_3,3
118486,4,0.02828054130077362,Q3_pred_3,3
27232,4,0.08469122648239136,Q4_pred_4,4
188465,4,0.001483619213104248,Q1_pred_1,1
373204,4,0.03939180076122284,Q3_pred_3,3
334585,3,0.1178940087556839,Q5_pred_5,5
195597,3,0.02820083498954773,Q3_pred_3,3
434034,4,0.004983291029930115,Q1_pred_1,1
34978,4,0.03169381618499756,Q3_pred_3,3
10872,2,0.0077513158321380615,Q1_pred_1,1
372746,4,0.07654339075088501,Q4_pred_4,4
102378,4,0.004895426332950592,Q1_pred_1,1
50181,3,0.015106230974197388,Q2_pred_2,2
237520,3,0.004911072552204132,Q1_pred_1,1
50251,2,0.06697952747344971,Q4_pred_4,4
667,3,0.17881935834884644,Q5_pred_5,5
137414,3,0.005553685128688812,Q1_pred_1,1
71622,4,0.0189439058303833,Q2_pred_2,2
165885,1,0.02180302143096924,Q2_pred_2,2
54417,2,0.25608327984809875,Q5_pred_5,5
141184,4,0.048934563994407654,Q3_pred_3,3
33565,4,0.012469679117202759,Q2_pred_2,2
354317,5,0.19058486819267273,Q5_pred_5,5
177227,4,0.023438457399606705,Q2_pred_2,2
484628,4,0.02501612901687622,Q2_pred_2,2
360184,4,0.16246791183948517,Q5_pred_5,5
214390,3,0.02499322220683098,Q2_pred_2,2
347246,3,0.04954972118139267,Q3_pred_3,3
50285,3,0.01344919204711914,Q2_pred_2,2
105459,4,0.07591167092323303,Q4_pred_4,4
6043,4,0.014073885977268219,Q2_pred_2,2
163653,3,0.014093518257141113,Q2_pred_2,2
179904,3,0.024349749088287354,Q2_pred_2,2
6047,4,0.013414934277534485,Q2_pred_2,2
23098,4,0.12823417782783508,Q5_pred_5,5
152557,3,0.0737236738204956,Q4_pred_4,4
116909,3,0.06366528570652008,Q4_pred_4,4
154339,5,0.19640570878982544,Q5_pred_5,5
383646,5,0.10909301042556763,Q5_pred_5,5
56033,5,0.14149323105812073,Q5_pred_5,5
64254,3,0.11376862972974777,Q5_pred_5,5
239664,5,0.05864116549491882,Q4_pred_4,4
39651,4,0.038787245750427246,Q3_pred_3,3
316598,4,0.0037630051374435425,Q1_pred_1,1
54420,2,0.25387459993362427,Q5_pred_5,5
214548,3,0.00820372998714447,Q1_pred_1,1
148016,4,0.032701410353183746,Q3_pred_3,3
356441,4,0.16764453053474426,Q5_pred_5,5
3269,2,0.05859866738319397,Q4_pred_4,4
28563,4,0.22038361430168152,Q5_pred_5,5
63246,4,0.031592532992362976,Q3_pred_3,3
13923,4,0.0013888925313949585,Q1_pred_1,1
242561,3,0.005004867911338806,Q1_pred_1,1
110624,4,0.029285013675689697,Q3_pred_3,3
274052,4,0.026260197162628174,Q2_pred_2,2
65440,4,0.01906624436378479,Q2_pred_2,2
365103,4,0.0397125780582428,Q3_pred_3,3
151260,4,0.0057495832443237305,Q1_pred_1,1
34889,4,0.01623855158686638,Q2_pred_2,2
198262,4,0.002388402819633484,Q1_pred_1,1
57515,2,0.03758668899536133,Q3_pred_3,3
80822,4,0.004422426223754883,Q1_pred_1,1
233803,2,0.001728508621454239,Q1_pred_1,1
243798,3,0.04770049452781677,Q3_pred_3,3
221832,4,0.04720166698098183,Q3_pred_3,3
208905,4,0.031786829233169556,Q3_pred_3,3
165113,4,0.008588813245296478,Q1_pred_1,1
24314,4,0.010814681649208069,Q1_pred_1,1
192238,4,0.05801759660243988,Q4_pred_4,4
394770,4,0.008602157235145569,Q1_pred_1,1
119321,4,0.20561325550079346,Q5_pred_5,5
41516,4,0.0014931857585906982,Q1_pred_1,1
15265,3,0.0053375959396362305,Q1_pred_1,1
117802,4,0.015237003564834595,Q2_pred_2,2
343957,4,0.008964985609054565,Q1_pred_1,1
33791,4,0.07208700478076935,Q4_pred_4,4
105578,4,0.08983154594898224,Q5_pred_5,5
146854,3,0.16440889239311218,Q5_pred_5,5
30282,4,0.04035377502441406,Q3_pred_3,3
173905,3,0.10604393482208252,Q5_pred_5,5
88957,4,0.06542922556400299,Q4_pred_4,4
127725,4,0.16214384138584137,Q5_pred_5,5
151596,4,0.08662659674882889,Q5_pred_5,5
92375,4,0.019440919160842896,Q2_pred_2,2
10131,2,0.06230851262807846,Q4_pred_4,4
63327,1,0.06968310475349426,Q4_pred_4,4
1261,4,0.008646339178085327,Q1_pred_1,1
21063,4,0.026627033948898315,Q2_pred_2,2
356824,4,0.12957364320755005,Q5_pred_5,5
156806,4,0.03801136463880539,Q3_pred_3,3
155120,4,0.06020404398441315,Q4_pred_4,4
374847,4,0.10751800984144211,Q5_pred_5,5
101314,3,0.029081642627716064,Q3_pred_3,3
222671,2,0.05680850148200989,Q4_pred_4,4
78321,4,0.013095766305923462,Q2_pred_2,2
128104,3,0.057878635823726654,Q4_pred_4,4
69387,3,0.12341196835041046,Q5_pred_5,5
373569,4,0.013950556516647339,Q2_pred_2,2
2607,4,0.040492117404937744,Q3_pred_3,3
71049,2,0.0059058815240859985,Q1_pred_1,1
189947,3,0.08744373917579651,Q5_pred_5,5
199174,3,0.058390550315380096,Q4_pred_4,4
354867,3,0.030951619148254395,Q3_pred_3,3
31817,4,0.00607551634311676,Q1_pred_1,1
114083,4,0.04488668590784073,Q3_pred_3,3
369088,4,0.057283803820610046,Q4_pred_4,4
159436,3,0.10597027093172073,Q5_pred_5,5
160910,4,0.0965133011341095,Q5_pred_5,5
30789,3,0.03795453906059265,Q3_pred_3,3
373708,3,0.0829545259475708,Q4_pred_4,4
373844,4,0.027994662523269653,Q3_pred_3,3
147941,4,0.031843021512031555,Q3_pred_3,3
87952,4,0.030555516481399536,Q3_pred_3,3
154304,4,0.17981372773647308,Q5_pred_5,5
74377,5,0.13482385873794556,Q5_pred_5,5
242242,4,0.014857947826385498,Q2_pred_2,2
10885,4,0.1475738286972046,Q5_pred_5,5
386126,3,0.0012872368097305298,Q1_pred_1,1
52102,2,0.04510776698589325,Q3_pred_3,3
97827,3,0.03359900414943695,Q3_pred_3,3
247491,4,0.1057136058807373,Q5_pred_5,5
11969,3,0.024045124650001526,Q2_pred_2,2
10419,4,0.007508297450840473,Q1_pred_1,1
91907,4,0.0058415234088897705,Q1_pred_1,1
45065,4,0.005379527807235718,Q1_pred_1,1
87406,4,0.05161389708518982,Q4_pred_4,4
16051,4,0.04560518264770508,Q3_pred_3,3
86462,4,0.006507515907287598,Q1_pred_1,1
362310,4,0.023099452257156372,Q2_pred_2,2
365772,4,0.01919836550951004,Q2_pred_2,2
63586,4,0.0027098767459392548,Q1_pred_1,1
42359,2,0.05367147922515869,Q4_pred_4,4
40333,4,0.02032245695590973,Q2_pred_2,2
162992,4,0.11284667253494263,Q5_pred_5,5
56414,2,0.005110576748847961,Q1_pred_1,1
406632,4,0.0023456066846847534,Q1_pred_1,1
72652,2,0.10083505511283875,Q5_pred_5,5
26766,3,0.009458839893341064,Q1_pred_1,1
25424,4,0.05252432823181152,Q4_pred_4,4
167543,3,0.03535051643848419,Q3_pred_3,3
415430,4,0.024473905563354492,Q2_pred_2,2
421667,4,0.10245825350284576,Q5_pred_5,5
72563,4,0.005701780319213867,Q1_pred_1,1
354453,4,0.0801420658826828,Q4_pred_4,4
128816,4,0.0797361433506012,Q4_pred_4,4
424123,3,0.024905577301979065,Q2_pred_2,2
270197,3,0.0024024993181228638,Q1_pred_1,1
29217,4,0.05826297402381897,Q4_pred_4,4
50812,3,0.019878536462783813,Q2_pred_2,2
211823,3,0.14776554703712463,Q5_pred_5,5
236663,4,0.13798412680625916,Q5_pred_5,5
147760,3,0.011118635535240173,Q1_pred_1,1
319705,3,0.060967326164245605,Q4_pred_4,4
104805,4,0.04138649255037308,Q3_pred_3,3
377842,4,0.022135436534881592,Q2_pred_2,2
245204,4,0.02736765146255493,Q3_pred_3,3
119726,4,0.031805895268917084,Q3_pred_3,3
16668,3,0.043928876519203186,Q3_pred_3,3
324060,4,0.012047052383422852,Q2_pred_2,2
177859,3,0.03053423762321472,Q3_pred_3,3
30685,4,0.035511314868927,Q3_pred_3,3
84067,4,0.0892362967133522,Q5_pred_5,5
333421,4,0.011100292205810547,Q1_pred_1,1
340547,4,0.07729331403970718,Q4_pred_4,4
11676,4,0.015570074319839478,Q2_pred_2,2
136992,4,0.1250857412815094,Q5_pred_5,5
58265,4,0.05317968130111694,Q4_pred_4,4
173195,4,0.05739705264568329,Q4_pred_4,4
107608,4,0.016229435801506042,Q2_pred_2,2
45280,3,0.007483251392841339,Q1_pred_1,1
153646,4,0.0029005110263824463,Q1_pred_1,1
56549,4,0.2177608609199524,Q5_pred_5,5
10125,2,0.06299125403165817,Q4_pred_4,4
239466,4,0.08626006543636322,Q4_pred_4,4
168688,4,0.031243860721588135,Q3_pred_3,3
380803,1,0.08391150832176208,Q4_pred_4,4
50179,4,0.06019395589828491,Q4_pred_4,4
64613,4,0.0028807520866394043,Q1_pred_1,1
172088,4,0.018011078238487244,Q2_pred_2,2
191898,4,0.039050981402397156,Q3_pred_3,3
382798,5,0.0720347911119461,Q4_pred_4,4
4180,3,0.03465279936790466,Q3_pred_3,3
11899,5,0.0653943419456482,Q4_pred_4,4
382883,5,0.0676155686378479,Q4_pred_4,4
371920,4,0.0023100823163986206,Q1_pred_1,1
58168,3,0.04046815633773804,Q3_pred_3,3
107135,4,0.0039848387241363525,Q1_pred_1,1
340711,4,0.0688319057226181,Q4_pred_4,4
173674,5,0.05302894115447998,Q4_pred_4,4
27978,3,0.03267538547515869,Q3_pred_3,3
142698,4,0.009107798337936401,Q1_pred_1,1
67655,4,0.037329137325286865,Q3_pred_3,3
86764,3,0.08486312627792358,Q4_pred_4,4
14317,3,0.04981178045272827,Q3_pred_3,3
76442,2,0.0005782544612884521,Q1_pred_1,1
21747,4,0.0015875399112701416,Q1_pred_1,1
65654,2,0.13963927328586578,Q5_pred_5,5
373288,5,0.010990679264068604,Q1_pred_1,1
407723,4,0.019549421966075897,Q2_pred_2,2
441163,3,0.009101532399654388,Q1_pred_1,1
109872,4,0.03585626184940338,Q3_pred_3,3
106435,4,0.008332431316375732,Q1_pred_1,1
23017,3,0.0010795146226882935,Q1_pred_1,1
103540,4,0.1949245035648346,Q5_pred_5,5
60593,3,0.020959824323654175,Q2_pred_2,2
105473,3,0.0832248330116272,Q4_pred_4,4
11550,4,0.026756703853607178,Q2_pred_2,2
154404,4,0.031701430678367615,Q3_pred_3,3
261194,4,0.033303096890449524,Q3_pred_3,3
93345,3,0.0009501278400421143,Q1_pred_1,1
13218,2,0.07947228848934174,Q4_pred_4,4
125244,4,0.02162078022956848,Q2_pred_2,2
154075,4,0.1424117088317871,Q5_pred_5,5
357461,4,0.027333080768585205,Q2_pred_2,2
355172,4,0.14852072298526764,Q5_pred_5,5
4544,3,0.0765698254108429,Q4_pred_4,4
48670,4,0.053183868527412415,Q4_pred_4,4
315852,3,0.004239767789840698,Q1_pred_1,1
333271,4,0.06147881597280502,Q4_pred_4,4
275276,4,0.0019051730632781982,Q1_pred_1,1
276142,4,0.002407446503639221,Q1_pred_1,1
235100,4,0.05298613756895065,Q4_pred_4,4
214745,2,0.0009280964732170105,Q1_pred_1,1
105083,3,0.010011091828346252,Q1_pred_1,1
141186,4,0.04832293093204498,Q3_pred_3,3
119459,4,0.11548512428998947,Q5_pred_5,5
105360,3,0.034260451793670654,Q3_pred_3,3
183710,5,0.07113835215568542,Q4_pred_4,4
275008,4,0.03274977207183838,Q3_pred_3,3
28972,4,0.0434698760509491,Q3_pred_3,3
234857,4,0.030523598194122314,Q3_pred_3,3
400802,3,0.15797638893127441,Q5_pred_5,5
166133,4,0.08151096850633621,Q4_pred_4,4
18268,2,0.04499085247516632,Q3_pred_3,3
9206,4,0.004282444715499878,Q1_pred_1,1
54636,4,0.03635415434837341,Q3_pred_3,3
3889,2,0.19944331049919128,Q5_pred_5,5
356605,4,0.15834131836891174,Q5_pred_5,5
66876,4,0.007657982409000397,Q1_pred_1,1
68720,4,0.001394808292388916,Q1_pred_1,1
8685,2,0.0545644611120224,Q4_pred_4,4
373643,4,0.004655778408050537,Q1_pred_1,1
419112,4,0.027607887983322144,Q3_pred_3,3
153822,4,0.15451854467391968,Q5_pred_5,5
234590,4,0.007156785577535629,Q1_pred_1,1
64194,3,0.04949796199798584,Q3_pred_3,3
41981,4,0.009001225233078003,Q1_pred_1,1
153953,4,0.11690491437911987,Q5_pred_5,5
409192,3,0.011800400912761688,Q1_pred_1,1
26729,4,0.01539163663983345,Q2_pred_2,2
373931,4,0.06252819299697876,Q4_pred_4,4
13481,3,0.16963210701942444,Q5_pred_5,5
172923,4,0.020649535581469536,Q2_pred_2,2
115801,4,0.022896230220794678,Q2_pred_2,2
97295,2,0.022883206605911255,Q2_pred_2,2
116820,4,0.0457773432135582,Q3_pred_3,3
151598,4,0.0053650736808776855,Q1_pred_1,1
97559,4,0.012078467756509781,Q2_pred_2,2
114120,1,0.05150294676423073,Q4_pred_4,4
9557,3,0.02124052681028843,Q2_pred_2,2
137640,4,0.03475569933652878,Q3_pred_3,3
130713,3,0.19300425052642822,Q5_pred_5,5
166899,1,0.02242983877658844,Q2_pred_2,2
445125,4,0.07046280801296234,Q4_pred_4,4
359446,5,0.15568307042121887,Q5_pred_5,5
51258,4,0.009579140692949295,Q1_pred_1,1
354035,4,0.01833699643611908,Q2_pred_2,2
324747,3,0.02657817304134369,Q2_pred_2,2
60606,4,0.01163446344435215,Q1_pred_1,1
368508,4,0.0014529675245285034,Q1_pred_1,1
161358,4,0.1336948573589325,Q5_pred_5,5
142645,4,0.049349721521139145,Q3_pred_3,3
243553,3,0.02316024899482727,Q2_pred_2,2
50050,3,0.05675482749938965,Q4_pred_4,4
7547,4,0.004956543445587158,Q1_pred_1,1
242138,4,0.008207648992538452,Q1_pred_1,1
84022,5,0.08546482026576996,Q4_pred_4,4
373283,5,0.004156053066253662,Q1_pred_1,1
99228,3,0.10506655275821686,Q5_pred_5,5
4252,2,0.14180505275726318,Q5_pred_5,5
3860,3,0.12039993703365326,Q5_pred_5,5
31295,4,0.01692841947078705,Q2_pred_2,2
168197,4,0.01690003275871277,Q2_pred_2,2
164168,3,0.0077432990074157715,Q1_pred_1,1
50062,4,0.009986355900764465,Q1_pred_1,1
10114,1,0.06180758774280548,Q4_pred_4,4
119113,4,0.004066884517669678,Q1_pred_1,1
432122,4,0.05178011208772659,Q4_pred_4,4
4828,3,0.002592325210571289,Q1_pred_1,1
142530,5,0.0021156668663024902,Q1_pred_1,1
169802,4,0.1013248935341835,Q5_pred_5,5
33924,4,0.033584050834178925,Q3_pred_3,3
382871,5,0.06656622141599655,Q4_pred_4,4
145563,4,0.053070805966854095,Q4_pred_4,4
248944,4,0.059449806809425354,Q4_pred_4,4
213986,4,0.035107411444187164,Q3_pred_3,3
104843,4,0.0573209673166275,Q4_pred_4,4
421025,4,0.011684030294418335,Q1_pred_1,1
166716,4,0.039468228816986084,Q3_pred_3,3
116706,2,0.023580223321914673,Q2_pred_2,2
108134,4,0.009351089596748352,Q1_pred_1,1
325859,4,0.07013960182666779,Q4_pred_4,4
91112,2,0.03286224603652954,Q3_pred_3,3
247075,5,0.09728407859802246,Q5_pred_5,5
154041,4,0.08539313077926636,Q4_pred_4,4
433703,4,0.019066326320171356,Q2_pred_2,2
137695,3,0.128644198179245,Q5_pred_5,5
103561,4,0.04710027575492859,Q3_pred_3,3
30027,4,0.010765254497528076,Q1_pred_1,1
163450,4,0.044582247734069824,Q3_pred_3,3
388512,4,0.06954711675643921,Q4_pred_4,4
61249,3,0.026437580585479736,Q2_pred_2,2
97607,4,0.006090763956308365,Q1_pred_1,1
80790,3,0.017595916986465454,Q2_pred_2,2
37664,4,0.0006126910448074341,Q1_pred_1,1
55319,3,0.018098436295986176,Q2_pred_2,2
183625,4,0.013568878173828125,Q2_pred_2,2
218844,4,0.011980488896369934,Q2_pred_2,2
374805,4,0.07792647182941437,Q4_pred_4,4
369961,3,0.13189053535461426,Q5_pred_5,5
411018,1,0.03462707996368408,Q3_pred_3,3
164178,3,0.2596642076969147,Q5_pred_5,5
72877,4,0.0023739635944366455,Q1_pred_1,1
42318,3,0.05735065042972565,Q4_pred_4,4
31648,1,0.03331190347671509,Q3_pred_3,3
401003,2,0.02826404571533203,Q3_pred_3,3
367328,3,0.11498741805553436,Q5_pred_5,5
335022,3,0.05033266544342041,Q4_pred_4,4
172743,3,0.0128178671002388,Q2_pred_2,2
355816,5,0.0653177797794342,Q4_pred_4,4
374050,5,0.026102960109710693,Q2_pred_2,2
386360,4,0.0005498882383108139,Q1_pred_1,1
325928,4,0.05442368984222412,Q4_pred_4,4
61505,3,0.04166753590106964,Q3_pred_3,3
402614,3,0.027313798666000366,Q2_pred_2,2
1399,3,0.05957236886024475,Q4_pred_4,4
66761,4,0.05074482038617134,Q4_pred_4,4
155193,4,0.05594833195209503,Q4_pred_4,4
2743,4,0.019424520432949066,Q2_pred_2,2
277593,4,0.09847238659858704,Q5_pred_5,5
169283,3,0.00269317626953125,Q1_pred_1,1
81923,4,0.007098942995071411,Q1_pred_1,1
77299,5,0.00022346153855323792,Q1_pred_1,1
11627,5,0.08109289407730103,Q4_pred_4,4
32873,3,0.014116927981376648,Q2_pred_2,2
29618,4,0.07803851366043091,Q4_pred_4,4
271557,3,0.14414304494857788,Q5_pred_5,5
68150,4,0.015791431069374084,Q2_pred_2,2
87638,3,0.0025796443223953247,Q1_pred_1,1
76566,3,0.0417671799659729,Q3_pred_3,3
356930,5,0.1393190324306488,Q5_pred_5,5
401138,3,0.029891997575759888,Q3_pred_3,3
146690,3,0.01811523735523224,Q2_pred_2,2
11855,4,0.20871049165725708,Q5_pred_5,5
102495,4,0.03733013570308685,Q3_pred_3,3
10132,1,0.06049628555774689,Q4_pred_4,4
95956,4,0.08276082575321198,Q4_pred_4,4
39920,3,0.10484953224658966,Q5_pred_5,5
234090,4,0.024394840002059937,Q2_pred_2,2
17930,1,0.13370054960250854,Q5_pred_5,5
235048,3,0.009783968329429626,Q1_pred_1,1
87654,3,0.05195428431034088,Q4_pred_4,4
373194,4,0.02705882489681244,Q2_pred_2,2
270706,4,0.00564911961555481,Q1_pred_1,1
154840,3,0.016179874539375305,Q2_pred_2,2
233808,2,0.002536170184612274,Q1_pred_1,1
96503,1,0.023951351642608643,Q2_pred_2,2
320748,4,0.016837529838085175,Q2_pred_2,2
39197,4,0.06354346871376038,Q4_pred_4,4
373638,4,0.036499738693237305,Q3_pred_3,3
239837,4,0.05893385410308838,Q4_pred_4,4
49408,3,0.012738615274429321,Q2_pred_2,2
65756,3,0.09073183685541153,Q5_pred_5,5
420867,2,0.10884737968444824,Q5_pred_5,5
164769,3,0.020490974187850952,Q2_pred_2,2
28726,4,0.07466006278991699,Q4_pred_4,4
38977,1,0.052939385175704956,Q4_pred_4,4
326848,4,0.06432218849658966,Q4_pred_4,4
78628,1,0.019408196210861206,Q2_pred_2,2
404969,3,0.002115819603204727,Q1_pred_1,1
83132,5,0.019619256258010864,Q2_pred_2,2
91227,4,0.04013100266456604,Q3_pred_3,3
247766,5,0.027404576539993286,Q3_pred_3,3
354295,5,0.2018033266067505,Q5_pred_5,5
236636,4,0.10729299485683441,Q5_pred_5,5
3835,2,0.15886299312114716,Q5_pred_5,5
394185,4,0.058829713612794876,Q4_pred_4,4
141689,4,0.02094133198261261,Q2_pred_2,2
214568,2,0.008886810392141342,Q1_pred_1,1
221725,4,0.00028995051980018616,Q1_pred_1,1
364700,3,0.008262202143669128,Q1_pred_1,1
26553,2,0.010936610400676727,Q1_pred_1,1
31421,3,0.057203054428100586,Q4_pred_4,4
222461,4,0.04210728406906128,Q3_pred_3,3
273060,3,0.014717847108840942,Q2_pred_2,2
10680,3,0.06570574641227722,Q4_pred_4,4
30022,4,0.006794333457946777,Q1_pred_1,1
209620,4,0.005828231573104858,Q1_pred_1,1
354741,3,0.06288620829582214,Q4_pred_4,4
51032,3,0.007502317428588867,Q1_pred_1,1
150368,2,0.021639976650476456,Q2_pred_2,2
105769,3,0.0872650146484375,Q5_pred_5,5
38630,3,0.002045378088951111,Q1_pred_1,1
127153,4,0.026441067457199097,Q2_pred_2,2
5630,3,0.11277224868535995,Q5_pred_5,5
135718,3,0.00407901406288147,Q1_pred_1,1
173933,2,0.04046580195426941,Q3_pred_3,3
154067,4,0.1251739263534546,Q5_pred_5,5
355147,5,0.10555297136306763,Q5_pred_5,5
101374,4,0.006382793188095093,Q1_pred_1,1
345397,3,0.021189846098423004,Q2_pred_2,2
18474,5,0.12269172072410583,Q5_pred_5,5
31782,1,0.08946990966796875,Q5_pred_5,5
31419,2,0.053683966398239136,Q4_pred_4,4
220586,4,0.14762058854103088,Q5_pred_5,5
9190,3,0.0011155009269714355,Q1_pred_1,1
187560,3,0.00907754898071289,Q1_pred_1,1
193596,4,0.02658037841320038,Q2_pred_2,2
50299,1,0.06685356795787811,Q4_pred_4,4
65335,3,0.01287899911403656,Q2_pred_2,2
4540,2,0.07446138560771942,Q4_pred_4,4
237324,3,0.06877273321151733,Q4_pred_4,4
372045,3,0.0005702972412109375,Q1_pred_1,1
109598,4,0.056237343698740005,Q4_pred_4,4
202305,1,0.0246189683675766,Q2_pred_2,2
1911,2,0.025148600339889526,Q2_pred_2,2
11563,1,0.0002697259187698364,Q1_pred_1,1
13891,2,0.036596011370420456,Q3_pred_3,3
378687,3,0.045516133308410645,Q3_pred_3,3
107713,4,0.042929887771606445,Q3_pred_3,3
37956,2,0.06819206476211548,Q4_pred_4,4
137583,4,0.014289915561676025,Q2_pred_2,2
39209,5,0.06717970967292786,Q4_pred_4,4
6730,4,0.01573994755744934,Q2_pred_2,2
114147,1,0.05971863865852356,Q4_pred_4,4
422863,3,0.03373059630393982,Q3_pred_3,3
38646,3,0.0008717775344848633,Q1_pred_1,1
88898,4,0.04841822385787964,Q3_pred_3,3
102388,4,0.011325374245643616,Q1_pred_1,1
377344,4,0.009441867470741272,Q1_pred_1,1
247118,5,0.03017568588256836,Q3_pred_3,3
118443,2,0.04689934849739075,Q3_pred_3,3
50389,2,0.024945631623268127,Q2_pred_2,2
86471,3,0.025653839111328125,Q2_pred_2,2
162732,4,0.07662516832351685,Q4_pred_4,4
23192,4,0.15237346291542053,Q5_pred_5,5
79634,3,0.13373520970344543,Q5_pred_5,5
50124,3,0.05597318708896637,Q4_pred_4,4
5798,3,0.06951677799224854,Q4_pred_4,4
193872,4,0.015585638582706451,Q2_pred_2,2
41750,4,0.08574920892715454,Q4_pred_4,4
113272,2,0.03152122348546982,Q3_pred_3,3
88928,4,0.014586303383111954,Q2_pred_2,2
246609,5,0.0009978264570236206,Q1_pred_1,1
87658,2,0.062127381563186646,Q4_pred_4,4
400734,4,0.10269665718078613,Q5_pred_5,5
383571,5,0.1016620397567749,Q5_pred_5,5
70950,4,0.02203497290611267,Q2_pred_2,2
105225,4,0.012151718139648438,Q2_pred_2,2
127605,4,0.005021780729293823,Q1_pred_1,1
141819,2,0.02696394920349121,Q2_pred_2,2
326109,4,0.018844425678253174,Q2_pred_2,2
373261,4,0.016771167516708374,Q2_pred_2,2
114125,1,0.0038436129689216614,Q1_pred_1,1
110106,3,0.03569168597459793,Q3_pred_3,3
114626,3,0.053194329142570496,Q4_pred_4,4
14980,3,0.022015511989593506,Q2_pred_2,2
364694,4,0.003518804907798767,Q1_pred_1,1
372682,5,0.04386800527572632,Q3_pred_3,3
82933,4,0.031216353178024292,Q3_pred_3,3
1389,4,0.05845649540424347,Q4_pred_4,4
415475,3,0.020790457725524902,Q2_pred_2,2
13864,4,0.05188605934381485,Q4_pred_4,4
480646,4,0.03054848313331604,Q3_pred_3,3
92846,4,0.01182989776134491,Q1_pred_1,1
326647,4,0.043381765484809875,Q3_pred_3,3
418587,4,0.010015234351158142,Q1_pred_1,1
379865,4,0.038685888051986694,Q3_pred_3,3
62329,3,0.053212299942970276,Q4_pred_4,4
118210,2,0.01556810736656189,Q2_pred_2,2
10715,3,0.06061922013759613,Q4_pred_4,4
426761,2,0.07521528005599976,Q4_pred_4,4
250853,1,0.01568630337715149,Q2_pred_2,2
30307,2,0.01224622130393982,Q2_pred_2,2
153857,4,0.13206711411476135,Q5_pred_5,5
333957,2,0.008241444826126099,Q1_pred_1,1
171820,3,0.26234203577041626,Q5_pred_5,5
218869,4,0.04472146928310394,Q3_pred_3,3
344899,3,0.014458954334259033,Q2_pred_2,2
356477,5,0.044843897223472595,Q3_pred_3,3
71300,1,0.07708731293678284,Q4_pred_4,4
355162,5,0.07936279475688934,Q4_pred_4,4
219257,4,0.004043027758598328,Q1_pred_1,1
34383,4,0.06305453181266785,Q4_pred_4,4
83501,4,0.09804654121398926,Q5_pred_5,5
365969,2,0.013757169246673584,Q2_pred_2,2
185055,4,0.034016817808151245,Q3_pred_3,3
341282,3,0.028709158301353455,Q3_pred_3,3
33000,3,0.05878683179616928,Q4_pred_4,4
60081,3,0.1450449824333191,Q5_pred_5,5
358025,5,0.16896271705627441,Q5_pred_5,5
114119,3,0.027576077729463577,Q3_pred_3,3
130532,3,0.05355522036552429,Q4_pred_4,4
161309,4,0.02116069197654724,Q2_pred_2,2
174966,3,0.011433526873588562,Q1_pred_1,1
5294,4,0.019849389791488647,Q2_pred_2,2
42360,3,0.13510911166667938,Q5_pred_5,5
13533,2,0.047224417328834534,Q3_pred_3,3
148643,2,0.017803534865379333,Q2_pred_2,2
370338,3,0.0161091610789299,Q2_pred_2,2
149369,3,0.00911635160446167,Q1_pred_1,1
166107,3,0.025365591049194336,Q2_pred_2,2
44170,3,0.0008193552494049072,Q1_pred_1,1
424104,3,0.01640966534614563,Q2_pred_2,2
428249,3,0.16228890419006348,Q5_pred_5,5
86410,2,0.019791200757026672,Q2_pred_2,2
104428,4,0.05445683002471924,Q4_pred_4,4
75092,3,0.009632885456085205,Q1_pred_1,1
176087,4,0.05627064406871796,Q4_pred_4,4
341329,2,0.032433442771434784,Q3_pred_3,3
66631,2,0.02243243157863617,Q2_pred_2,2
335739,3,0.06887055188417435,Q4_pred_4,4
119219,5,0.1952449083328247,Q5_pred_5,5
150845,4,0.08267396688461304,Q4_pred_4,4
147586,1,0.047412097454071045,Q3_pred_3,3
48154,4,0.15730054676532745,Q5_pred_5,5
128712,2,0.047182947397232056,Q3_pred_3,3
92915,4,0.023290783166885376,Q2_pred_2,2
109511,3,0.12985408306121826,Q5_pred_5,5
79206,4,0.047098495066165924,Q3_pred_3,3
236612,4,0.2757495641708374,Q5_pred_5,5
220311,4,0.03723691403865814,Q3_pred_3,3
395413,3,0.016105443239212036,Q2_pred_2,2
28680,4,0.06983982026576996,Q4_pred_4,4
86738,4,0.1020662784576416,Q5_pred_5,5
113387,3,0.024663910269737244,Q2_pred_2,2
26370,3,0.010916449129581451,Q1_pred_1,1
316797,3,0.07483542710542679,Q4_pred_4,4
373368,4,0.07105252146720886,Q4_pred_4,4
344558,2,0.07374736666679382,Q4_pred_4,4
372819,4,0.015186220407485962,Q2_pred_2,2
337126,4,0.016621902585029602,Q2_pred_2,2
16174,4,0.04117284715175629,Q3_pred_3,3
361222,4,0.04318279027938843,Q3_pred_3,3
27447,4,0.00198933482170105,Q1_pred_1,1
26491,3,0.010877072811126709,Q1_pred_1,1
188226,4,0.007428586483001709,Q1_pred_1,1
50511,4,0.044136904180049896,Q3_pred_3,3
11780,4,0.014999628067016602,Q2_pred_2,2
145881,4,0.029919281601905823,Q3_pred_3,3
152546,3,0.022557199001312256,Q2_pred_2,2
359334,4,0.1349557340145111,Q5_pred_5,5
194535,4,0.0034137889742851257,Q1_pred_1,1
42354,2,0.010707255452871323,Q1_pred_1,1
325215,4,0.008577585220336914,Q1_pred_1,1
167105,3,0.032824352383613586,Q3_pred_3,3
154297,4,0.22093786299228668,Q5_pred_5,5
252785,2,0.00897672027349472,Q1_pred_1,1
104984,4,0.014046818017959595,Q2_pred_2,2
262980,4,0.005919843912124634,Q1_pred_1,1
268116,4,0.043972764164209366,Q3_pred_3,3
242861,4,0.04395635426044464,Q3_pred_3,3
62276,3,0.14589636027812958,Q5_pred_5,5
41678,5,0.015475213527679443,Q2_pred_2,2
399583,4,0.025505095720291138,Q2_pred_2,2
208314,4,0.016605079174041748,Q2_pred_2,2
76983,4,0.028115898370742798,Q3_pred_3,3
67234,3,0.0012596845626831055,Q1_pred_1,1
62001,3,0.0021317750215530396,Q1_pred_1,1
48543,2,0.038860246539115906,Q3_pred_3,3
272020,3,0.03676348924636841,Q3_pred_3,3
247513,5,0.11302143335342407,Q5_pred_5,5
270769,4,0.005609691143035889,Q1_pred_1,1
84231,5,0.009086541831493378,Q1_pred_1,1
154033,5,0.1289292275905609,Q5_pred_5,5
109101,4,0.018099486827850342,Q2_pred_2,2
135537,4,0.028736382722854614,Q3_pred_3,3
354249,5,0.21337845921516418,Q5_pred_5,5
32201,4,0.038063615560531616,Q3_pred_3,3
40060,2,0.10417991876602173,Q5_pred_5,5
8730,3,0.03285325691103935,Q3_pred_3,3
89494,4,0.0333743616938591,Q3_pred_3,3
189848,2,0.11154904961585999,Q5_pred_5,5
151740,2,0.028020530939102173,Q3_pred_3,3
160244,3,0.020600035786628723,Q2_pred_2,2
162224,4,0.06505244970321655,Q4_pred_4,4
360034,5,0.1717992126941681,Q5_pred_5,5
105628,5,0.06682878732681274,Q4_pred_4,4
114360,2,0.07134019583463669,Q4_pred_4,4
379507,2,0.009405344724655151,Q1_pred_1,1
33655,4,0.13508406281471252,Q5_pred_5,5
405070,4,0.05663907527923584,Q4_pred_4,4
398407,4,0.02216997742652893,Q2_pred_2,2
367313,2,0.03450705111026764,Q3_pred_3,3
257865,4,0.014091163873672485,Q2_pred_2,2
77707,3,0.011001035571098328,Q1_pred_1,1
187002,4,0.018573135137557983,Q2_pred_2,2
81,3,0.053968071937561035,Q4_pred_4,4
102705,2,0.02417902648448944,Q2_pred_2,2
40833,3,0.023017436265945435,Q2_pred_2,2
321768,4,0.02804422378540039,Q3_pred_3,3
60392,4,0.00018537789583206177,Q1_pred_1,1
341432,4,0.03078257292509079,Q3_pred_3,3
69654,3,0.062001001089811325,Q4_pred_4,4
53564,4,0.024626947939395905,Q2_pred_2,2
102091,4,0.021284878253936768,Q2_pred_2,2
247135,5,0.09522376954555511,Q5_pred_5,5
121477,5,0.17602995038032532,Q5_pred_5,5
425992,4,0.10162511467933655,Q5_pred_5,5
28981,4,0.05751589685678482,Q4_pred_4,4
112647,4,0.027935635298490524,Q3_pred_3,3
109494,2,0.012878090143203735,Q2_pred_2,2
358240,5,0.1765952706336975,Q5_pred_5,5
170623,4,0.014689184725284576,Q2_pred_2,2
86737,4,0.09113757312297821,Q5_pred_5,5
71796,4,0.025534793734550476,Q2_pred_2,2
64958,4,0.009581655263900757,Q1_pred_1,1
32495,4,0.09361886978149414,Q5_pred_5,5
95948,4,0.1366722285747528,Q5_pred_5,5
26665,5,0.00770983099937439,Q1_pred_1,1
199254,3,0.020444020628929138,Q2_pred_2,2
223672,4,0.005802154541015625,Q1_pred_1,1
395832,2,0.04390835762023926,Q3_pred_3,3
87051,4,0.03725600242614746,Q3_pred_3,3
61779,5,0.036952849477529526,Q3_pred_3,3
202604,3,0.037494957447052,Q3_pred_3,3
112188,4,0.020274251699447632,Q2_pred_2,2
146098,4,0.1898013949394226,Q5_pred_5,5
142677,5,0.023500144481658936,Q2_pred_2,2
337164,4,0.015501148998737335,Q2_pred_2,2
21432,3,0.3034689426422119,Q5_pred_5,5
48084,4,0.05040279030799866,Q4_pred_4,4
157374,4,0.014286123216152191,Q2_pred_2,2
162350,4,0.08659631013870239,Q5_pred_5,5
215562,4,0.03960605710744858,Q3_pred_3,3
372993,4,0.13928255438804626,Q5_pred_5,5
248480,4,0.02580980956554413,Q2_pred_2,2
102466,4,0.009881123900413513,Q1_pred_1,1
15360,3,0.003372669219970703,Q1_pred_1,1
112196,3,0.02722078561782837,Q2_pred_2,2
381359,3,0.0071593523025512695,Q1_pred_1,1
209661,4,0.05469287931919098,Q4_pred_4,4
248298,4,0.011445283889770508,Q1_pred_1,1
345579,4,0.013766974210739136,Q2_pred_2,2
336589,4,0.028376534581184387,Q3_pred_3,3
115086,5,0.017159804701805115,Q2_pred_2,2
164179,4,0.03690144419670105,Q3_pred_3,3
58059,5,0.012142568826675415,Q2_pred_2,2
413622,5,0.011857688426971436,Q2_pred_2,2
133797,3,0.008975036442279816,Q1_pred_1,1
59053,3,0.020752891898155212,Q2_pred_2,2
335951,4,0.004999071359634399,Q1_pred_1,1
52436,4,0.0032019615173339844,Q1_pred_1,1
46748,4,0.0012966915965080261,Q1_pred_1,1
495551,3,0.001791439950466156,Q1_pred_1,1
154000,5,0.16732662916183472,Q5_pred_5,5
166049,4,0.049479126930236816,Q3_pred_3,3
323083,4,0.008708178997039795,Q1_pred_1,1
180295,4,0.004627905786037445,Q1_pred_1,1
196168,4,0.057502612471580505,Q4_pred_4,4
133659,4,0.040400952100753784,Q3_pred_3,3
95387,4,0.01658860594034195,Q2_pred_2,2
53604,4,0.07206487655639648,Q4_pred_4,4
49407,4,0.00019715726375579834,Q1_pred_1,1
214485,4,0.0012668222188949585,Q1_pred_1,1
94823,4,0.030413836240768433,Q3_pred_3,3
357832,4,0.002263188362121582,Q1_pred_1,1
62327,4,0.04768873751163483,Q3_pred_3,3
419042,3,0.005981907248497009,Q1_pred_1,1
50764,4,0.038429901003837585,Q3_pred_3,3
121457,4,0.2079324573278427,Q5_pred_5,5
188489,3,0.04830528795719147,Q3_pred_3,3
413874,4,0.02351238578557968,Q2_pred_2,2
4288,4,0.03326532244682312,Q3_pred_3,3
73090,4,0.025663383305072784,Q2_pred_2,2
403071,4,0.026657551527023315,Q2_pred_2,2
263052,4,0.00597304105758667,Q1_pred_1,1
24643,2,0.025891520082950592,Q2_pred_2,2
108155,4,0.004353730008006096,Q1_pred_1,1
153719,5,0.10616257786750793,Q5_pred_5,5
3266,4,0.1542041301727295,Q5_pred_5,5
387927,4,0.04784969240427017,Q3_pred_3,3
49855,4,0.11684978753328323,Q5_pred_5,5
19528,1,0.07893571257591248,Q4_pred_4,4
58051,5,0.028585195541381836,Q3_pred_3,3
59974,3,0.05558416247367859,Q4_pred_4,4
344353,4,0.038916029036045074,Q3_pred_3,3
211478,4,0.04636797308921814,Q3_pred_3,3
270465,4,0.003215998411178589,Q1_pred_1,1
11776,5,0.005965083837509155,Q1_pred_1,1
345556,4,0.03473670780658722,Q3_pred_3,3
73094,4,0.034500665962696075,Q3_pred_3,3
42266,3,0.07328732311725616,Q4_pred_4,4
5515,4,0.04553477466106415,Q3_pred_3,3
78794,4,0.07834374159574509,Q4_pred_4,4
393460,4,0.01648283749818802,Q2_pred_2,2
114093,2,0.03310129791498184,Q3_pred_3,3
86464,4,0.01250883936882019,Q2_pred_2,2
116926,4,0.13780423998832703,Q5_pred_5,5
258261,4,0.0798816978931427,Q4_pred_4,4
334915,4,0.03626656532287598,Q3_pred_3,3
156946,1,0.06486286222934723,Q4_pred_4,4
236419,4,0.21198034286499023,Q5_pred_5,5
370994,4,0.0984138548374176,Q5_pred_5,5
29477,4,0.049156367778778076,Q3_pred_3,3
128010,3,0.026766926050186157,Q2_pred_2,2
86755,4,0.0015731453895568848,Q1_pred_1,1
387829,3,0.08117806911468506,Q4_pred_4,4
98650,4,0.00923667848110199,Q1_pred_1,1
40313,3,0.016781657934188843,Q2_pred_2,2
358859,3,0.12929344177246094,Q5_pred_5,5
61874,3,0.014598697423934937,Q2_pred_2,2
28252,2,0.02982373908162117,Q3_pred_3,3
247371,4,0.10017435252666473,Q5_pred_5,5
236598,5,0.29202190041542053,Q5_pred_5,5
373365,4,0.05076506733894348,Q4_pred_4,4
26019,3,0.04875366389751434,Q3_pred_3,3
105274,3,0.09341374039649963,Q5_pred_5,5
151088,4,0.034603431820869446,Q3_pred_3,3
419972,4,0.007578372955322266,Q1_pred_1,1
413833,4,0.0034507960081100464,Q1_pred_1,1
25588,4,0.011467814445495605,Q1_pred_1,1
331379,4,0.07369202375411987,Q4_pred_4,4
354393,5,0.012790888547897339,Q2_pred_2,2
477311,3,0.008766010403633118,Q1_pred_1,1
174627,4,0.03485896438360214,Q3_pred_3,3
329555,4,0.012158975005149841,Q2_pred_2,2
76600,3,0.16590991616249084,Q5_pred_5,5
275367,4,0.040700122714042664,Q3_pred_3,3
76433,3,0.026485010981559753,Q2_pred_2,2
256579,4,0.06114759296178818,Q4_pred_4,4
18038,4,0.04564069211483002,Q3_pred_3,3
121072,4,0.03176408261060715,Q3_pred_3,3
156705,4,0.037391580641269684,Q3_pred_3,3
81990,5,0.15776190161705017,Q5_pred_5,5
8751,3,0.09302739799022675,Q5_pred_5,5
50718,5,0.0841338038444519,Q4_pred_4,4
104210,5,0.12178745865821838,Q5_pred_5,5
102380,5,0.010990366339683533,Q1_pred_1,1
85549,4,0.023710742592811584,Q2_pred_2,2
91746,4,0.024722933769226074,Q2_pred_2,2
39980,2,0.04574316740036011,Q3_pred_3,3
257094,3,0.03227195888757706,Q3_pred_3,3
272421,3,0.0629751980304718,Q4_pred_4,4
179263,3,0.004047676920890808,Q1_pred_1,1
40447,4,0.034771889448165894,Q3_pred_3,3
274000,3,0.04061204195022583,Q3_pred_3,3
348082,3,0.03133603557944298,Q3_pred_3,3
23476,3,0.04303644597530365,Q3_pred_3,3
19475,5,0.0431927815079689,Q3_pred_3,3
138453,3,0.12948116660118103,Q5_pred_5,5
417755,4,0.07154393196105957,Q4_pred_4,4
13908,4,0.034513890743255615,Q3_pred_3,3
80821,3,0.016553446650505066,Q2_pred_2,2
210632,3,0.03204505145549774,Q3_pred_3,3
56011,5,0.16869771480560303,Q5_pred_5,5
45946,5,0.01093309372663498,Q1_pred_1,1
10090,2,0.07068425416946411,Q4_pred_4,4
60774,4,0.01465238630771637,Q2_pred_2,2
5840,3,0.08646179735660553,Q4_pred_4,4
98783,3,0.043776482343673706,Q3_pred_3,3
408419,3,0.021758750081062317,Q2_pred_2,2
95629,3,0.14138615131378174,Q5_pred_5,5
86747,3,0.0012058019638061523,Q1_pred_1,1
160309,3,0.06488007307052612,Q4_pred_4,4
253611,4,0.06021037697792053,Q4_pred_4,4
242931,4,0.015730462968349457,Q2_pred_2,2
79051,4,0.03473158925771713,Q3_pred_3,3
164617,3,0.14109307527542114,Q5_pred_5,5
375548,5,0.16804373264312744,Q5_pred_5,5
424786,3,0.06907302141189575,Q4_pred_4,4
330751,4,0.07045707106590271,Q4_pred_4,4
378713,3,0.02375365048646927,Q2_pred_2,2
32583,3,0.02617773413658142,Q2_pred_2,2
168075,3,0.04047185182571411,Q3_pred_3,3
102536,3,0.0411822646856308,Q3_pred_3,3
247944,4,0.10695594549179077,Q5_pred_5,5
137925,4,0.1618201583623886,Q5_pred_5,5
50194,3,0.0071697235107421875,Q1_pred_1,1
121361,3,0.006994590163230896,Q1_pred_1,1
58604,5,0.08149935305118561,Q4_pred_4,4
327129,3,0.02566882222890854,Q2_pred_2,2
179924,4,0.018596820533275604,Q2_pred_2,2
193844,3,0.010039344429969788,Q1_pred_1,1
155046,3,0.027250856161117554,Q2_pred_2,2
50423,2,0.055174946784973145,Q4_pred_4,4
82003,4,0.1374068707227707,Q5_pred_5,5
78526,3,0.14156986773014069,Q5_pred_5,5
181071,4,0.008885800838470459,Q1_pred_1,1
90268,3,0.1770496666431427,Q5_pred_5,5
199202,3,0.09210594743490219,Q5_pred_5,5
48224,4,0.21013854444026947,Q5_pred_5,5
316029,5,0.07841408252716064,Q4_pred_4,4
36399,4,0.015390269458293915,Q2_pred_2,2
114154,2,0.046233881264925,Q3_pred_3,3
147867,4,0.00287502259016037,Q1_pred_1,1
357554,5,0.040479496121406555,Q3_pred_3,3
17690,2,0.013005703687667847,Q2_pred_2,2
155203,3,0.040336012840270996,Q3_pred_3,3
194673,3,0.07694622874259949,Q4_pred_4,4
141161,3,0.001313529908657074,Q1_pred_1,1
242235,4,0.01592421531677246,Q2_pred_2,2
6635,2,0.03883303701877594,Q3_pred_3,3
50679,3,0.062104374170303345,Q4_pred_4,4
53842,4,0.09784898161888123,Q5_pred_5,5
357128,3,0.13682833313941956,Q5_pred_5,5
47338,4,0.07303881645202637,Q4_pred_4,4
75452,2,0.0984216034412384,Q5_pred_5,5
359205,5,0.1847197711467743,Q5_pred_5,5
371815,4,0.014630720019340515,Q2_pred_2,2
77296,5,0.03225412964820862,Q3_pred_3,3
69246,3,0.0065484195947647095,Q1_pred_1,1
33130,3,0.06647151708602905,Q4_pred_4,4
74821,4,0.017594322562217712,Q2_pred_2,2
142854,5,0.006450757384300232,Q1_pred_1,1
63585,4,0.013977229595184326,Q2_pred_2,2
105362,4,0.005587458610534668,Q1_pred_1,1
360188,5,0.1588134765625,Q5_pred_5,5
26935,5,0.01024269126355648,Q1_pred_1,1
153718,5,0.10632506012916565,Q5_pred_5,5
49020,3,0.06476341187953949,Q4_pred_4,4
84387,4,0.02786409854888916,Q3_pred_3,3
324122,3,0.03448805212974548,Q3_pred_3,3
58874,3,0.03677576780319214,Q3_pred_3,3
105223,3,0.00664442777633667,Q1_pred_1,1
40100,2,0.08857467770576477,Q5_pred_5,5
373973,4,0.048099398612976074,Q3_pred_3,3
467327,4,0.004121284931898117,Q1_pred_1,1
354904,3,0.04063129425048828,Q3_pred_3,3
218188,4,0.030784815549850464,Q3_pred_3,3
4532,3,0.08364814519882202,Q4_pred_4,4
222204,4,0.08896416425704956,Q5_pred_5,5
382669,2,0.006048843264579773,Q1_pred_1,1
336982,4,0.028627336025238037,Q3_pred_3,3
115085,4,0.018179669976234436,Q2_pred_2,2
6233,4,0.05097123980522156,Q4_pred_4,4
92402,4,0.0022144094109535217,Q1_pred_1,1
247575,4,0.10132694244384766,Q5_pred_5,5
126543,4,0.04559943079948425,Q3_pred_3,3
390459,4,0.0254417285323143,Q2_pred_2,2
366413,3,0.0032778456807136536,Q1_pred_1,1
390715,4,0.006062336266040802,Q1_pred_1,1
340712,3,0.09800076484680176,Q5_pred_5,5
103373,3,0.003531515598297119,Q1_pred_1,1
18281,4,0.03927471116185188,Q3_pred_3,3
237936,3,0.007667899131774902,Q1_pred_1,1
12681,4,0.03315018117427826,Q3_pred_3,3
211540,5,0.054918184876441956,Q4_pred_4,4
117786,3,0.053005099296569824,Q4_pred_4,4
37315,3,0.08422212302684784,Q4_pred_4,4
76715,3,0.040525078773498535,Q3_pred_3,3
270815,3,0.010015442967414856,Q1_pred_1,1
157580,3,0.012614399194717407,Q2_pred_2,2
78499,3,0.019898593425750732,Q2_pred_2,2
115417,4,0.08459725975990295,Q4_pred_4,4
32587,4,0.04235834255814552,Q3_pred_3,3
34182,4,0.029460802674293518,Q3_pred_3,3
46060,4,0.004077330231666565,Q1_pred_1,1
183639,3,0.030035357922315598,Q3_pred_3,3
20576,3,0.041950687766075134,Q3_pred_3,3
4816,3,0.03198646008968353,Q3_pred_3,3
11689,3,0.1042400598526001,Q5_pred_5,5
354794,4,0.07395243644714355,Q4_pred_4,4
21368,5,0.08722484111785889,Q5_pred_5,5
361091,3,0.08107809722423553,Q4_pred_4,4
326978,4,0.02457699179649353,Q2_pred_2,2
210835,4,0.0643664002418518,Q4_pred_4,4
94104,4,0.01690313220024109,Q2_pred_2,2
132579,4,0.041972070932388306,Q3_pred_3,3
182963,5,0.041609495878219604,Q3_pred_3,3
416869,3,0.05704386532306671,Q4_pred_4,4
247989,5,0.1052025854587555,Q5_pred_5,5
477031,4,0.012615084648132324,Q2_pred_2,2
254329,4,0.02910037152469158,Q3_pred_3,3
169807,4,0.08540008217096329,Q4_pred_4,4
78791,3,0.0035571902990341187,Q1_pred_1,1
143038,5,0.03115260601043701,Q3_pred_3,3
51632,4,0.23594899475574493,Q5_pred_5,5
152092,5,0.005986124277114868,Q1_pred_1,1
28870,5,0.06740332394838333,Q4_pred_4,4
117940,4,0.01931382715702057,Q2_pred_2,2
51423,4,0.007495105266571045,Q1_pred_1,1
359353,5,0.17308709025382996,Q5_pred_5,5
119354,5,0.19920869171619415,Q5_pred_5,5
26693,3,0.004221886396408081,Q1_pred_1,1
204636,3,0.0798831433057785,Q4_pred_4,4
139001,2,0.04487628489732742,Q3_pred_3,3
88544,3,0.01486201025545597,Q2_pred_2,2
142862,5,0.021795108914375305,Q2_pred_2,2
238638,4,0.09411416947841644,Q5_pred_5,5
406848,4,0.0008035823702812195,Q1_pred_1,1
102012,5,0.043926313519477844,Q3_pred_3,3
76982,4,0.05269825458526611,Q4_pred_4,4
49774,4,0.026148244738578796,Q2_pred_2,2
275009,4,0.04585710167884827,Q3_pred_3,3
194303,4,0.023142501711845398,Q2_pred_2,2
59617,3,0.007763996720314026,Q1_pred_1,1
111114,4,0.005114171653985977,Q1_pred_1,1
5791,4,0.06885170936584473,Q4_pred_4,4
108959,3,0.07151047885417938,Q4_pred_4,4
331230,4,0.0034542828798294067,Q1_pred_1,1
217364,3,0.06945905089378357,Q4_pred_4,4
169317,3,0.01728437840938568,Q2_pred_2,2
17519,3,0.006933480501174927,Q1_pred_1,1
238873,4,0.03912865370512009,Q3_pred_3,3
117890,4,0.07127517461776733,Q4_pred_4,4
88470,4,0.009796110913157463,Q1_pred_1,1
372850,4,0.013581514358520508,Q2_pred_2,2
419329,1,0.01270429790019989,Q2_pred_2,2
106439,4,0.03785935044288635,Q3_pred_3,3
18273,4,0.0290219783782959,Q3_pred_3,3
43743,4,0.037905871868133545,Q3_pred_3,3
174237,4,0.019151300191879272,Q2_pred_2,2
54253,4,0.0450248122215271,Q3_pred_3,3
235551,3,0.06976218521595001,Q4_pred_4,4
144059,4,0.058314792811870575,Q4_pred_4,4
361186,4,0.026373952627182007,Q2_pred_2,2
107223,4,0.10361695289611816,Q5_pred_5,5
73712,4,0.05913805961608887,Q4_pred_4,4
15845,4,0.07773557305335999,Q4_pred_4,4
64238,3,0.10072489082813263,Q5_pred_5,5
146708,4,0.004385456442832947,Q1_pred_1,1
83118,5,0.02306145429611206,Q2_pred_2,2
80791,2,0.009616494178771973,Q1_pred_1,1
109903,4,0.01737341284751892,Q2_pred_2,2
27491,4,0.057403042912483215,Q4_pred_4,4
343987,4,0.02249637246131897,Q2_pred_2,2
252234,4,0.04119034856557846,Q3_pred_3,3
252513,3,0.0573679655790329,Q4_pred_4,4
57490,4,0.05173178017139435,Q4_pred_4,4
419032,3,0.005981907248497009,Q1_pred_1,1
68718,4,0.0038885027170181274,Q1_pred_1,1
251765,3,0.12465107440948486,Q5_pred_5,5
415454,4,0.021795570850372314,Q2_pred_2,2
44,4,0.006488531827926636,Q1_pred_1,1
211499,3,0.017063528299331665,Q2_pred_2,2
45905,4,0.04042999446392059,Q3_pred_3,3
60805,4,0.02087359130382538,Q2_pred_2,2
26585,4,0.10501841455698013,Q5_pred_5,5
477025,4,0.0321277379989624,Q3_pred_3,3
63364,3,0.10316506028175354,Q5_pred_5,5
13085,3,0.05479085445404053,Q4_pred_4,4
336798,3,0.0321652889251709,Q3_pred_3,3
267451,1,0.00948825478553772,Q1_pred_1,1
236478,4,0.05510909855365753,Q4_pred_4,4
250526,4,0.0766240656375885,Q4_pred_4,4
68395,4,0.019385717809200287,Q2_pred_2,2
241497,4,0.007468611001968384,Q1_pred_1,1
156819,3,0.010581579059362411,Q1_pred_1,1
147932,1,0.008331090211868286,Q1_pred_1,1
439996,3,0.00035743415355682373,Q1_pred_1,1
345261,4,0.010618947446346283,Q1_pred_1,1
209920,3,0.06677240133285522,Q4_pred_4,4
269007,4,0.011855095624923706,Q2_pred_2,2
395593,4,0.049342140555381775,Q3_pred_3,3
150114,3,0.09840844571590424,Q5_pred_5,5
50256,3,0.09025458991527557,Q5_pred_5,5
28748,5,0.029052048921585083,Q3_pred_3,3
105303,2,0.2849119007587433,Q5_pred_5,5
33477,4,0.010238111019134521,Q1_pred_1,1
5185,3,0.010826099663972855,Q1_pred_1,1
166934,4,0.008412476629018784,Q1_pred_1,1
24820,3,0.0314183235168457,Q3_pred_3,3
130099,4,0.0027980804443359375,Q1_pred_1,1
164951,5,0.04597199708223343,Q3_pred_3,3
142011,4,0.03735853731632233,Q3_pred_3,3
11963,5,0.0774153470993042,Q4_pred_4,4
275580,4,0.006251156330108643,Q1_pred_1,1
105297,4,0.16291522979736328,Q5_pred_5,5
105333,3,0.02360183745622635,Q2_pred_2,2
372687,4,0.032262980937957764,Q3_pred_3,3
378622,2,0.025368452072143555,Q2_pred_2,2
128829,5,0.013921946287155151,Q2_pred_2,2
105949,3,0.08208610117435455,Q4_pred_4,4
10739,3,0.04613298177719116,Q3_pred_3,3
458036,4,0.01885509490966797,Q2_pred_2,2
113349,2,0.06276598572731018,Q4_pred_4,4
357469,5,0.02376513183116913,Q2_pred_2,2
38884,4,0.06401942670345306,Q4_pred_4,4
33652,4,0.13036945462226868,Q5_pred_5,5
92399,4,0.03880518674850464,Q3_pred_3,3
70270,4,0.05652700364589691,Q4_pred_4,4
477293,3,0.007098674774169922,Q1_pred_1,1
196010,4,0.16815385222434998,Q5_pred_5,5
266496,4,0.08524414896965027,Q4_pred_4,4
389214,3,0.03918367624282837,Q3_pred_3,3
127639,4,0.056147053837776184,Q4_pred_4,4
270440,4,0.020606055855751038,Q2_pred_2,2
167548,4,0.039324671030044556,Q3_pred_3,3
373718,3,0.061761826276779175,Q4_pred_4,4
54435,3,0.20704026520252228,Q5_pred_5,5
316602,4,0.02895628660917282,Q3_pred_3,3
80834,4,0.02910873293876648,Q3_pred_3,3
9562,4,0.014467291533946991,Q2_pred_2,2
43113,2,0.05514250695705414,Q4_pred_4,4
144191,4,0.0028191879391670227,Q1_pred_1,1
34530,4,0.17226964235305786,Q5_pred_5,5
29438,4,0.05122077465057373,Q4_pred_4,4
191731,3,0.06847235560417175,Q4_pred_4,4
149808,4,0.020347312092781067,Q2_pred_2,2
373184,5,0.019314587116241455,Q2_pred_2,2
50272,4,0.05892479419708252,Q4_pred_4,4
444012,5,0.13644447922706604,Q5_pred_5,5
152852,4,0.04214714467525482,Q3_pred_3,3
35239,3,0.07162488996982574,Q4_pred_4,4
93452,3,0.01982378214597702,Q2_pred_2,2
162753,3,0.217696875333786,Q5_pred_5,5
28765,5,0.015133410692214966,Q2_pred_2,2
417608,1,0.06624871492385864,Q4_pred_4,4
76593,3,0.13984128832817078,Q5_pred_5,5
14785,3,0.14572206139564514,Q5_pred_5,5
118898,4,0.011020556092262268,Q1_pred_1,1
241483,4,0.0473833903670311,Q3_pred_3,3
10594,4,0.02929478883743286,Q3_pred_3,3
270133,5,0.008237719535827637,Q1_pred_1,1
107960,4,0.0664062649011612,Q4_pred_4,4
202898,4,0.013888835906982422,Q2_pred_2,2
144843,3,0.08924354612827301,Q5_pred_5,5
425154,1,0.012595292180776596,Q2_pred_2,2
9333,3,0.06002768874168396,Q4_pred_4,4
188038,3,0.02054024487733841,Q2_pred_2,2
421874,4,0.046783238649368286,Q3_pred_3,3
273787,4,0.003019910305738449,Q1_pred_1,1
373723,4,0.08527955412864685,Q4_pred_4,4
83873,4,0.03967723250389099,Q3_pred_3,3
118741,4,0.006139397621154785,Q1_pred_1,1
109910,4,0.015156865119934082,Q2_pred_2,2
156703,4,0.03544880449771881,Q3_pred_3,3
18879,4,0.22490143775939941,Q5_pred_5,5
75707,4,0.037613242864608765,Q3_pred_3,3
180618,3,0.06594857573509216,Q4_pred_4,4
325701,3,0.19033637642860413,Q5_pred_5,5
213945,4,0.018319621682167053,Q2_pred_2,2
15225,4,0.05415991693735123,Q4_pred_4,4
170320,2,0.039490967988967896,Q3_pred_3,3
240280,4,0.007084116339683533,Q1_pred_1,1
87775,4,0.02162943035364151,Q2_pred_2,2
275460,4,0.0003538280725479126,Q1_pred_1,1
1173,4,0.03504268079996109,Q3_pred_3,3
25262,4,0.01229093223810196,Q2_pred_2,2
374123,4,0.036541372537612915,Q3_pred_3,3
137632,5,0.02738530933856964,Q3_pred_3,3
73453,4,0.034814465790987015,Q3_pred_3,3
109635,3,0.043192058801651,Q3_pred_3,3
477082,4,0.04018567502498627,Q3_pred_3,3
165998,4,0.013904884457588196,Q2_pred_2,2
321290,4,0.012124061584472656,Q2_pred_2,2
94742,2,0.04743611812591553,Q3_pred_3,3
248454,5,0.059336721897125244,Q4_pred_4,4
60640,4,0.012035161256790161,Q2_pred_2,2
333509,4,0.0086669921875,Q1_pred_1,1
177137,3,0.014432556927204132,Q2_pred_2,2
358876,4,0.12437166273593903,Q5_pred_5,5
359067,4,0.15824830532073975,Q5_pred_5,5
38612,4,0.06859014928340912,Q4_pred_4,4
358261,4,0.1998804807662964,Q5_pred_5,5
14986,3,0.017333626747131348,Q2_pred_2,2
170539,3,0.2932984530925751,Q5_pred_5,5
276072,4,0.04497625678777695,Q3_pred_3,3
231992,4,0.00934654287993908,Q1_pred_1,1
67345,4,0.0316748321056366,Q3_pred_3,3
151326,4,0.03445418179035187,Q3_pred_3,3
241578,4,0.005633056163787842,Q1_pred_1,1
386179,5,0.017221510410308838,Q2_pred_2,2
433960,5,0.07864220440387726,Q4_pred_4,4
74697,5,0.07550379633903503,Q4_pred_4,4
244331,5,0.01325458288192749,Q2_pred_2,2
98385,5,0.05827146768569946,Q4_pred_4,4
180297,5,0.034597814083099365,Q3_pred_3,3
336769,4,0.05024997889995575,Q4_pred_4,4
191411,4,0.05233451724052429,Q4_pred_4,4
50917,4,0.16726206243038177,Q5_pred_5,5
157820,3,0.09697629511356354,Q5_pred_5,5
72251,4,0.06826335191726685,Q4_pred_4,4
17898,4,0.0300973579287529,Q3_pred_3,3
32545,5,0.0684557557106018,Q4_pred_4,4
144331,5,0.04045376181602478,Q3_pred_3,3
86427,5,0.03545433282852173,Q3_pred_3,3
397010,4,0.0516049861907959,Q4_pred_4,4
37241,4,0.013489492237567902,Q2_pred_2,2
31000,3,0.08240117132663727,Q4_pred_4,4
416430,5,0.144831120967865,Q5_pred_5,5
101421,3,0.06823830306529999,Q4_pred_4,4
114445,4,0.07023268938064575,Q4_pred_4,4
45437,3,0.029272794723510742,Q3_pred_3,3
166479,3,0.015502646565437317,Q2_pred_2,2
39876,4,0.1914660632610321,Q5_pred_5,5
124681,2,0.05108685791492462,Q4_pred_4,4
382591,3,0.056402385234832764,Q4_pred_4,4
97591,3,0.09299299120903015,Q5_pred_5,5
51691,3,0.046057552099227905,Q3_pred_3,3
320301,3,0.0002314150333404541,Q1_pred_1,1
18663,4,0.057740598917007446,Q4_pred_4,4
54902,4,0.016081348061561584,Q2_pred_2,2
40132,3,0.006702035665512085,Q1_pred_1,1
95616,3,0.04820403456687927,Q3_pred_3,3
113580,3,0.07207463681697845,Q4_pred_4,4
31747,2,0.11204412579536438,Q5_pred_5,5
130968,5,0.004590645432472229,Q1_pred_1,1
127621,4,0.05552457273006439,Q4_pred_4,4
97756,3,0.018346980214118958,Q2_pred_2,2
171707,4,0.010559484362602234,Q1_pred_1,1
491747,4,0.03392595052719116,Q3_pred_3,3
137661,5,0.0654895082116127,Q4_pred_4,4
818,4,0.011136919260025024,Q1_pred_1,1
133360,4,0.12214334309101105,Q5_pred_5,5
41793,4,0.07158252596855164,Q4_pred_4,4
142867,5,0.018295198678970337,Q2_pred_2,2
148510,5,0.15861833095550537,Q5_pred_5,5
133165,3,0.1190594881772995,Q5_pred_5,5
27641,3,0.02156403660774231,Q2_pred_2,2
354199,5,0.2291586995124817,Q5_pred_5,5
103614,5,0.026811348274350166,Q2_pred_2,2
113284,3,0.011101536452770233,Q1_pred_1,1
183718,5,0.036103203892707825,Q3_pred_3,3
10933,2,0.03885263204574585,Q3_pred_3,3
383609,2,0.0437084436416626,Q3_pred_3,3
354247,5,0.1995127946138382,Q5_pred_5,5
91041,4,0.007963329553604126,Q1_pred_1,1
41762,3,0.06921350955963135,Q4_pred_4,4
362186,4,0.042323172092437744,Q3_pred_3,3
354688,4,0.059656351804733276,Q4_pred_4,4
494701,4,0.08920660614967346,Q5_pred_5,5
424847,4,0.045986831188201904,Q3_pred_3,3
418407,4,0.030174344778060913,Q3_pred_3,3
174722,5,0.056123703718185425,Q4_pred_4,4
413688,4,0.022272184491157532,Q2_pred_2,2
402095,5,0.0996023416519165,Q5_pred_5,5
214729,4,0.007835708558559418,Q1_pred_1,1
30880,4,0.056151390075683594,Q4_pred_4,4
130514,4,0.024865224957466125,Q2_pred_2,2
477302,4,0.01156771183013916,Q1_pred_1,1
135762,5,0.04249952733516693,Q3_pred_3,3
484436,5,0.04961442947387695,Q3_pred_3,3
20539,4,0.08784432709217072,Q5_pred_5,5
380514,5,0.0033232569694519043,Q1_pred_1,1
458035,3,0.0009277760982513428,Q1_pred_1,1
200926,4,0.006452426314353943,Q1_pred_1,1
477305,4,0.0030478164553642273,Q1_pred_1,1
165142,5,0.045392170548439026,Q3_pred_3,3
159439,3,0.07712262868881226,Q4_pred_4,4
140204,4,0.15612339973449707,Q5_pred_5,5
28614,5,0.21611720323562622,Q5_pred_5,5
27367,5,0.03659805655479431,Q3_pred_3,3
371915,3,0.00678291916847229,Q1_pred_1,1
243630,4,0.03119032457470894,Q3_pred_3,3
164592,4,0.0022763311862945557,Q1_pred_1,1
48189,5,0.05082418769598007,Q4_pred_4,4
78868,3,0.007920783013105392,Q1_pred_1,1
115440,4,0.025585459545254707,Q2_pred_2,2
108678,3,0.06238691508769989,Q4_pred_4,4
94987,3,0.01101711392402649,Q1_pred_1,1
60829,3,0.012543946504592896,Q2_pred_2,2
52268,4,0.011302292346954346,Q1_pred_1,1
57322,4,0.04457288980484009,Q3_pred_3,3
5577,3,0.006181389093399048,Q1_pred_1,1
212050,3,0.006325066089630127,Q1_pred_1,1
28861,3,0.08640813827514648,Q4_pred_4,4
126862,4,0.007559224963188171,Q1_pred_1,1
353793,3,0.0776185691356659,Q4_pred_4,4
154730,4,0.05808168649673462,Q4_pred_4,4
337235,4,0.006606273353099823,Q1_pred_1,1
338088,4,0.14841967821121216,Q5_pred_5,5
220594,5,0.007942184805870056,Q1_pred_1,1
102397,5,0.014893844723701477,Q2_pred_2,2
40509,4,0.02575099468231201,Q2_pred_2,2
44627,4,0.007590651512145996,Q1_pred_1,1
216754,3,0.04622548073530197,Q3_pred_3,3
9386,4,0.05071091651916504,Q4_pred_4,4
53277,4,0.1360599249601364,Q5_pred_5,5
27952,4,0.007615134119987488,Q1_pred_1,1
86578,3,0.06358960270881653,Q4_pred_4,4
35139,4,0.0020775198936462402,Q1_pred_1,1
15957,4,0.04469820857048035,Q3_pred_3,3
241830,4,0.08318561315536499,Q4_pred_4,4
357142,4,0.13682833313941956,Q5_pred_5,5
267954,4,0.022573070600628853,Q2_pred_2,2
427699,4,0.08022499084472656,Q4_pred_4,4
187314,2,0.011359721422195435,Q1_pred_1,1
13906,2,0.029897794127464294,Q3_pred_3,3
8753,2,0.10988970100879669,Q5_pred_5,5
68688,4,0.041058510541915894,Q3_pred_3,3
244968,4,0.015257224440574646,Q2_pred_2,2
334648,3,0.16773533821105957,Q5_pred_5,5
33280,3,0.08565105497837067,Q4_pred_4,4
349240,4,0.0059827640652656555,Q1_pred_1,1
106955,3,0.10265922546386719,Q5_pred_5,5
208921,4,0.02227354794740677,Q2_pred_2,2
240138,3,0.0015076398849487305,Q1_pred_1,1
200908,3,0.014574562199413776,Q2_pred_2,2
76617,3,0.11848731338977814,Q5_pred_5,5
93406,5,0.026543229818344116,Q2_pred_2,2
377065,5,0.05224029719829559,Q4_pred_4,4
50186,4,0.07735228538513184,Q4_pred_4,4
377589,4,0.027340956032276154,Q2_pred_2,2
424791,2,0.05326181650161743,Q4_pred_4,4
408417,2,0.03046056628227234,Q3_pred_3,3
18054,3,0.06356526911258698,Q4_pred_4,4
35884,4,0.040774598717689514,Q3_pred_3,3
101233,2,0.12095999717712402,Q5_pred_5,5
395828,5,0.08738422393798828,Q5_pred_5,5
273050,5,0.0321277379989624,Q3_pred_3,3
267249,4,0.021404489874839783,Q2_pred_2,2
64778,4,0.16041120886802673,Q5_pred_5,5
429075,4,0.025513432919979095,Q2_pred_2,2
405262,5,0.02068382501602173,Q2_pred_2,2
112289,4,0.17241263389587402,Q5_pred_5,5
3814,5,0.04659722000360489,Q3_pred_3,3
349396,4,0.03161650896072388,Q3_pred_3,3
109192,4,0.05664260685443878,Q4_pred_4,4
68013,4,0.23867176473140717,Q5_pred_5,5
146335,5,0.0016438961029052734,Q1_pred_1,1
425768,3,0.021791353821754456,Q2_pred_2,2
329136,3,0.015169553458690643,Q2_pred_2,2
246529,4,0.008478164672851562,Q1_pred_1,1
214565,4,0.0038602128624916077,Q1_pred_1,1
231957,4,0.008560001850128174,Q1_pred_1,1
354948,4,0.06582105159759521,Q4_pred_4,4
75105,4,0.047584109008312225,Q3_pred_3,3
257858,5,0.0846831202507019,Q4_pred_4,4
356039,5,0.09696054458618164,Q5_pred_5,5
127158,5,0.07808595895767212,Q4_pred_4,4
72303,3,0.07673820853233337,Q4_pred_4,4
133270,3,0.1385858952999115,Q5_pred_5,5
210650,4,0.012285500764846802,Q2_pred_2,2
176883,3,0.08299408107995987,Q4_pred_4,4
200631,4,0.02732190489768982,Q2_pred_2,2
183055,5,0.039162397384643555,Q3_pred_3,3
165235,4,0.038591593503952026,Q3_pred_3,3
325378,3,0.1531832367181778,Q5_pred_5,5
373982,4,0.023113951086997986,Q2_pred_2,2
133503,2,0.06658121943473816,Q4_pred_4,4
184818,3,0.05282053351402283,Q4_pred_4,4
16768,3,0.016086503863334656,Q2_pred_2,2
159777,3,0.03761346638202667,Q3_pred_3,3
164828,4,0.01016920804977417,Q1_pred_1,1
10481,4,0.16230463981628418,Q5_pred_5,5
12001,4,0.085325688123703,Q4_pred_4,4
3334,2,0.09705880284309387,Q5_pred_5,5
60408,2,0.03400909900665283,Q3_pred_3,3
354258,4,0.20181606709957123,Q5_pred_5,5
377386,4,0.010782897472381592,Q1_pred_1,1
372684,4,0.00673326849937439,Q1_pred_1,1
354205,4,0.21366018056869507,Q5_pred_5,5
41664,4,0.05666548013687134,Q4_pred_4,4
119680,5,0.18706494569778442,Q5_pred_5,5
56532,3,0.06659437716007233,Q4_pred_4,4
109119,2,0.04249259829521179,Q3_pred_3,3
59244,3,0.018067896366119385,Q2_pred_2,2
54803,3,0.005859345197677612,Q1_pred_1,1
48995,5,0.008289903402328491,Q1_pred_1,1
169181,4,0.06807056069374084,Q4_pred_4,4
17561,3,0.13363385200500488,Q5_pred_5,5
179905,3,1.5616416931152344e-05,Q1_pred_1,1
87954,3,0.010993540287017822,Q1_pred_1,1
82810,4,0.022190988063812256,Q2_pred_2,2
96346,4,0.03022545576095581,Q3_pred_3,3
42813,3,0.14154255390167236,Q5_pred_5,5
114443,3,0.09503881633281708,Q5_pred_5,5
138971,4,0.03810639679431915,Q3_pred_3,3
4073,4,0.014535471796989441,Q2_pred_2,2
15880,3,0.08432108163833618,Q4_pred_4,4
352066,3,0.0018490180373191833,Q1_pred_1,1
328411,3,0.03502584993839264,Q3_pred_3,3
65455,3,0.05094440281391144,Q4_pred_4,4
153246,4,0.028654836118221283,Q3_pred_3,3
205079,4,0.03491070866584778,Q3_pred_3,3
185742,3,0.005474358797073364,Q1_pred_1,1
315648,3,0.026378393173217773,Q2_pred_2,2
28924,4,0.054868124425411224,Q4_pred_4,4
187791,3,0.010483026504516602,Q1_pred_1,1
339650,3,0.007829427719116211,Q1_pred_1,1
115922,3,0.04008852690458298,Q3_pred_3,3
257052,3,0.09981198608875275,Q5_pred_5,5
994,3,0.004464726895093918,Q1_pred_1,1
185809,3,0.013433992862701416,Q2_pred_2,2
10418,3,0.011854885146021843,Q1_pred_1,1
182991,5,0.03562137484550476,Q3_pred_3,3
246563,4,0.015366196632385254,Q2_pred_2,2
137565,3,0.014268472790718079,Q2_pred_2,2
359700,5,0.11180078983306885,Q5_pred_5,5
105725,4,0.07970724254846573,Q4_pred_4,4
11668,5,0.07182228565216064,Q4_pred_4,4
160263,5,0.02150788903236389,Q2_pred_2,2
222923,4,0.013354301452636719,Q2_pred_2,2
163018,4,0.10002943873405457,Q5_pred_5,5
374108,4,0.020565181970596313,Q2_pred_2,2
10723,5,0.011367514729499817,Q1_pred_1,1
373898,4,0.0671263337135315,Q4_pred_4,4
249118,4,0.03071446716785431,Q3_pred_3,3
142845,4,0.02074679732322693,Q2_pred_2,2
36774,5,0.007646126672625542,Q1_pred_1,1
249049,4,0.012410357594490051,Q2_pred_2,2
249073,5,0.08231092989444733,Q4_pred_4,4
107328,5,0.12388502061367035,Q5_pred_5,5
26540,4,0.04670501872897148,Q3_pred_3,3
58622,4,0.0006625549867749214,Q1_pred_1,1
276826,5,0.01875808835029602,Q2_pred_2,2
2636,4,0.08108578622341156,Q4_pred_4,4
7883,4,0.03037014603614807,Q3_pred_3,3
382250,4,0.05814126133918762,Q4_pred_4,4
404053,3,0.018546178936958313,Q2_pred_2,2
33895,3,0.049425844103097916,Q3_pred_3,3
39992,2,0.0895267128944397,Q5_pred_5,5
115331,3,0.03327453136444092,Q3_pred_3,3
370941,4,0.049509160220623016,Q3_pred_3,3
188717,4,0.004999309778213501,Q1_pred_1,1
154020,4,0.17303171753883362,Q5_pred_5,5
377774,3,0.06992301344871521,Q4_pred_4,4
221790,4,0.04336269199848175,Q3_pred_3,3
61224,4,0.004249051213264465,Q1_pred_1,1
238662,3,0.0132361501455307,Q2_pred_2,2
77280,4,0.010329023003578186,Q1_pred_1,1
231462,4,0.009175539016723633,Q1_pred_1,1
191609,3,0.025548793375492096,Q2_pred_2,2
246061,3,0.06294579803943634,Q4_pred_4,4
172951,4,0.006486326456069946,Q1_pred_1,1
420942,4,0.042167723178863525,Q3_pred_3,3
86441,5,0.003672093152999878,Q1_pred_1,1
104390,4,0.0014809370040893555,Q1_pred_1,1
231686,4,0.02592073380947113,Q2_pred_2,2
86248,4,0.020464956760406494,Q2_pred_2,2
169623,3,0.043736375868320465,Q3_pred_3,3
45923,4,0.01088087260723114,Q1_pred_1,1
72230,3,0.10795475542545319,Q5_pred_5,5
402801,4,0.11474132537841797,Q5_pred_5,5
98876,3,0.006635792553424835,Q1_pred_1,1
209045,3,0.008689343929290771,Q1_pred_1,1
38970,3,0.10587349534034729,Q5_pred_5,5
192353,3,0.08033424615859985,Q4_pred_4,4
112662,4,0.0013270974159240723,Q1_pred_1,1
109087,4,0.0025839656591415405,Q1_pred_1,1
58231,4,0.0040385425090789795,Q1_pred_1,1
125557,4,0.0024741515517234802,Q1_pred_1,1
183162,4,0.019844084978103638,Q2_pred_2,2
81909,4,0.002173185348510742,Q1_pred_1,1
34195,3,0.08342982083559036,Q4_pred_4,4
118585,4,0.0017843544483184814,Q1_pred_1,1
29961,3,0.08762466907501221,Q5_pred_5,5
212397,4,0.02918444573879242,Q3_pred_3,3
101811,4,0.23767830431461334,Q5_pred_5,5
236347,2,0.16980287432670593,Q5_pred_5,5
236348,4,0.19419778883457184,Q5_pred_5,5
9542,3,0.02385517954826355,Q2_pred_2,2
86399,4,0.025215476751327515,Q2_pred_2,2
376006,4,0.06096377968788147,Q4_pred_4,4
114126,3,0.015706390142440796,Q2_pred_2,2
141191,3,0.01425955444574356,Q2_pred_2,2
166109,2,0.036632388830184937,Q3_pred_3,3
316646,4,0.046713292598724365,Q3_pred_3,3
72882,4,0.033911943435668945,Q3_pred_3,3
19217,4,0.011924639344215393,Q2_pred_2,2
236418,2,0.11820493638515472,Q5_pred_5,5
252218,4,0.020485490560531616,Q2_pred_2,2
98019,5,0.07744216918945312,Q4_pred_4,4
91079,4,0.0004455149173736572,Q1_pred_1,1
106445,4,0.00751301646232605,Q1_pred_1,1
124022,3,0.0013117790222167969,Q1_pred_1,1
105622,2,0.08521290868520737,Q4_pred_4,4
374116,4,0.04243859648704529,Q3_pred_3,3
251145,3,0.024506688117980957,Q2_pred_2,2
44365,4,0.04494890570640564,Q3_pred_3,3
155223,4,0.010223060846328735,Q1_pred_1,1
163565,4,0.052230075001716614,Q4_pred_4,4
39875,4,0.1985800564289093,Q5_pred_5,5
173841,3,0.00935181975364685,Q1_pred_1,1
58665,4,0.027253486216068268,Q2_pred_2,2
142719,5,0.04648453742265701,Q3_pred_3,3
20190,3,0.00040075182914733887,Q1_pred_1,1
160570,3,0.0043866876512765884,Q1_pred_1,1
72963,5,0.01714324951171875,Q2_pred_2,2
75253,4,0.005243033170700073,Q1_pred_1,1
146544,5,0.04212529957294464,Q3_pred_3,3
10553,5,0.10808888077735901,Q5_pred_5,5
249132,5,0.008606165647506714,Q1_pred_1,1
8241,3,0.00026163458824157715,Q1_pred_1,1
222317,3,0.05105477571487427,Q4_pred_4,4
105637,2,0.07602343708276749,Q4_pred_4,4
148244,5,0.07002457976341248,Q4_pred_4,4
26544,5,0.04106438159942627,Q3_pred_3,3
354318,5,0.18629121780395508,Q5_pred_5,5
97649,4,0.038077324628829956,Q3_pred_3,3
116767,2,0.10831376910209656,Q5_pred_5,5
54279,3,0.034850090742111206,Q3_pred_3,3
356891,5,0.07236185669898987,Q4_pred_4,4
91977,3,0.04319700598716736,Q3_pred_3,3
66432,4,0.04485820233821869,Q3_pred_3,3
61772,4,0.04486627131700516,Q3_pred_3,3
173889,4,0.2670132517814636,Q5_pred_5,5
16466,5,0.012951157987117767,Q2_pred_2,2
427227,2,0.1127326563000679,Q5_pred_5,5
390706,4,0.0019007548689842224,Q1_pred_1,1
88971,3,0.008928805589675903,Q1_pred_1,1
83537,4,0.038994938135147095,Q3_pred_3,3
28983,3,0.05979089438915253,Q4_pred_4,4
366757,3,0.1295141875743866,Q5_pred_5,5
249546,3,0.003351062536239624,Q1_pred_1,1
119094,3,0.012940995395183563,Q2_pred_2,2
263947,3,0.06296391785144806,Q4_pred_4,4
132951,4,0.003868773579597473,Q1_pred_1,1
207487,3,0.0040607452392578125,Q1_pred_1,1
117089,3,0.06254629790782928,Q4_pred_4,4
378309,3,0.024425998330116272,Q2_pred_2,2
151446,3,0.03282758966088295,Q3_pred_3,3
99692,3,0.03498009592294693,Q3_pred_3,3
276113,4,0.007236108183860779,Q1_pred_1,1
43673,3,0.012205526232719421,Q2_pred_2,2
103995,4,0.02072805166244507,Q2_pred_2,2
315935,3,0.07752715051174164,Q4_pred_4,4
219784,3,0.0620979368686676,Q4_pred_4,4
56522,3,0.08578301966190338,Q4_pred_4,4
339901,3,0.0007729530334472656,Q1_pred_1,1
121369,3,0.027927875518798828,Q3_pred_3,3
63921,5,0.02760523557662964,Q3_pred_3,3
15791,5,0.1704847812652588,Q5_pred_5,5
127622,4,0.05630624294281006,Q4_pred_4,4
160574,4,0.040451109409332275,Q3_pred_3,3
149988,3,0.12986257672309875,Q5_pred_5,5
66608,3,0.14166787266731262,Q5_pred_5,5
236402,5,0.21839740872383118,Q5_pred_5,5
99435,4,0.10025769472122192,Q5_pred_5,5
401817,4,0.01864752173423767,Q2_pred_2,2
47668,4,0.0017097890377044678,Q1_pred_1,1
252523,5,0.013113155961036682,Q2_pred_2,2
171597,5,0.0133439302444458,Q2_pred_2,2
54771,4,0.06672534346580505,Q4_pred_4,4
213375,4,0.09800774604082108,Q5_pred_5,5
146946,3,0.01979777216911316,Q2_pred_2,2
15123,3,0.008010655641555786,Q1_pred_1,1
122299,4,0.009856078773736954,Q1_pred_1,1
420276,4,0.05548784136772156,Q4_pred_4,4
334093,4,0.04337628185749054,Q3_pred_3,3
255812,5,0.10283219814300537,Q5_pred_5,5
214369,3,0.020195242017507553,Q2_pred_2,2
59605,2,0.02512890100479126,Q2_pred_2,2
31002,3,0.05666425824165344,Q4_pred_4,4
156750,4,0.047395769506692886,Q3_pred_3,3
348309,3,0.014861710369586945,Q2_pred_2,2
31647,2,0.07323536276817322,Q4_pred_4,4
112270,4,0.024445533752441406,Q2_pred_2,2
157819,3,0.1607176959514618,Q5_pred_5,5
101313,3,0.050287604331970215,Q4_pred_4,4
261854,3,0.016081899404525757,Q2_pred_2,2
48160,2,0.07928870618343353,Q4_pred_4,4
150958,3,0.04909202456474304,Q3_pred_3,3
34966,4,0.13754451274871826,Q5_pred_5,5
61714,5,0.011926092207431793,Q2_pred_2,2
54213,3,0.09717607498168945,Q5_pred_5,5
50183,2,0.004850447177886963,Q1_pred_1,1
50270,3,0.03296095132827759,Q3_pred_3,3
40349,3,0.008948013186454773,Q1_pred_1,1
95383,5,0.019452854990959167,Q2_pred_2,2
438928,5,0.04814409464597702,Q3_pred_3,3
130570,4,0.022151298820972443,Q2_pred_2,2
24115,4,0.005038008093833923,Q1_pred_1,1
231490,4,0.002830006182193756,Q1_pred_1,1
50785,4,0.03235858678817749,Q3_pred_3,3
147216,4,0.013528808951377869,Q2_pred_2,2
23072,5,0.07624108344316483,Q4_pred_4,4
145653,4,0.10456174612045288,Q5_pred_5,5
418410,3,0.025037914514541626,Q2_pred_2,2
24036,5,0.011107638478279114,Q1_pred_1,1
37284,5,0.16196534037590027,Q5_pred_5,5
43213,4,0.06816022098064423,Q4_pred_4,4
53296,4,0.046174511313438416,Q3_pred_3,3
44910,5,0.03599973022937775,Q3_pred_3,3
318758,4,0.1893807351589203,Q5_pred_5,5
80526,2,0.08442765474319458,Q4_pred_4,4
222390,4,0.018220283091068268,Q2_pred_2,2
28410,5,0.044896289706230164,Q3_pred_3,3
124276,5,0.026860952377319336,Q2_pred_2,2
256954,5,0.048036128282547,Q3_pred_3,3
203649,5,0.07078254222869873,Q4_pred_4,4
414503,2,0.007365897297859192,Q1_pred_1,1
102360,4,0.03663639724254608,Q3_pred_3,3
18714,3,0.13426095247268677,Q5_pred_5,5
42826,4,0.06982021033763885,Q4_pred_4,4
63741,4,0.01870177686214447,Q2_pred_2,2
132805,4,0.06024867668747902,Q4_pred_4,4
396977,3,0.013655006885528564,Q2_pred_2,2
64277,5,0.1260717362165451,Q5_pred_5,5
261413,4,0.03031952679157257,Q3_pred_3,3
328643,3,0.03852736949920654,Q3_pred_3,3
154237,4,0.024227306246757507,Q2_pred_2,2
249080,4,0.059336721897125244,Q4_pred_4,4
337964,4,0.08476840704679489,Q4_pred_4,4
382848,4,0.0546085461974144,Q4_pred_4,4
37228,3,0.053818508982658386,Q4_pred_4,4
16782,3,0.15075281262397766,Q5_pred_5,5
71709,2,0.012458832934498787,Q2_pred_2,2
76726,4,0.03520955145359039,Q3_pred_3,3
164053,3,0.023404210805892944,Q2_pred_2,2
65946,4,0.1038425862789154,Q5_pred_5,5
38592,4,0.13289424777030945,Q5_pred_5,5
109140,3,0.1474120169878006,Q5_pred_5,5
58364,3,0.027262087911367416,Q2_pred_2,2
51022,3,0.09284214675426483,Q5_pred_5,5
187611,3,0.040090519934892654,Q3_pred_3,3
75099,3,0.03274005651473999,Q3_pred_3,3
78665,4,0.0363626554608345,Q3_pred_3,3
33542,2,0.03428569436073303,Q3_pred_3,3
127207,2,0.012695759534835815,Q2_pred_2,2
52786,5,0.06608130782842636,Q4_pred_4,4
95034,4,0.028472185134887695,Q3_pred_3,3
40988,4,0.04203535616397858,Q3_pred_3,3
373915,4,0.07269525527954102,Q4_pred_4,4
92969,5,0.03581427037715912,Q3_pred_3,3
45113,2,0.10983547568321228,Q5_pred_5,5
114124,3,0.07344959676265717,Q4_pred_4,4
64557,2,0.052746474742889404,Q4_pred_4,4
236682,5,0.17360806465148926,Q5_pred_5,5
265544,4,0.008147701621055603,Q1_pred_1,1
93876,4,0.011565394699573517,Q1_pred_1,1
17932,3,0.021227002143859863,Q2_pred_2,2
107722,3,0.04241293668746948,Q3_pred_3,3
11602,4,0.007228046655654907,Q1_pred_1,1
169800,3,0.06424451619386673,Q4_pred_4,4
144065,3,0.02205663174390793,Q2_pred_2,2
50304,4,0.037796080112457275,Q3_pred_3,3
9657,4,0.0028367042541503906,Q1_pred_1,1
71,4,0.17297610640525818,Q5_pred_5,5
82785,3,0.04739370942115784,Q3_pred_3,3
402021,5,0.015592366456985474,Q2_pred_2,2
354279,5,0.18774831295013428,Q5_pred_5,5
154288,5,0.22439563274383545,Q5_pred_5,5
359724,5,0.044244930148124695,Q3_pred_3,3
356682,4,0.09007634222507477,Q5_pred_5,5
67843,2,0.024940744042396545,Q2_pred_2,2
72300,3,0.019631996750831604,Q2_pred_2,2
36395,4,0.02515195682644844,Q2_pred_2,2
107606,3,0.018949925899505615,Q2_pred_2,2
329780,3,0.06183084845542908,Q4_pred_4,4
352856,3,0.03977072238922119,Q3_pred_3,3
83438,4,0.06428647041320801,Q4_pred_4,4
79236,4,0.0004959516227245331,Q1_pred_1,1
68898,3,0.011744384653866291,Q1_pred_1,1
26781,2,0.08878292143344879,Q5_pred_5,5
6520,4,0.177279531955719,Q5_pred_5,5
346506,3,0.0006583333015441895,Q1_pred_1,1
363169,4,0.04047839343547821,Q3_pred_3,3
153532,4,0.015956193208694458,Q2_pred_2,2
365569,3,0.038951411843299866,Q3_pred_3,3
19245,3,0.008137151598930359,Q1_pred_1,1
327912,3,0.025962471961975098,Q2_pred_2,2
20658,3,0.07003042101860046,Q4_pred_4,4
402605,3,0.023322679102420807,Q2_pred_2,2
85722,3,0.033743537962436676,Q3_pred_3,3
272478,3,0.019217990338802338,Q2_pred_2,2
392063,4,0.03817301243543625,Q3_pred_3,3
254389,4,0.03545737266540527,Q3_pred_3,3
421832,3,0.004347607493400574,Q1_pred_1,1
166182,4,0.0480111688375473,Q3_pred_3,3
325459,4,0.07929246127605438,Q4_pred_4,4
79636,3,0.04192322492599487,Q3_pred_3,3
50266,2,0.022299468517303467,Q2_pred_2,2
116669,3,0.01651415228843689,Q2_pred_2,2
90440,4,0.022312819957733154,Q2_pred_2,2
234950,4,0.0662471354007721,Q4_pred_4,4
241500,4,0.0020792558789253235,Q1_pred_1,1
372236,5,0.0471828430891037,Q3_pred_3,3
92971,5,0.012370213866233826,Q2_pred_2,2
109934,5,0.017701417207717896,Q2_pred_2,2
66884,4,0.056530192494392395,Q4_pred_4,4
66363,4,0.0006833374500274658,Q1_pred_1,1
15833,3,0.003073491156101227,Q1_pred_1,1
6055,4,0.008369587361812592,Q1_pred_1,1
39327,4,0.024727776646614075,Q2_pred_2,2
97301,2,0.014559954404830933,Q2_pred_2,2
354929,4,0.06340596079826355,Q4_pred_4,4
244457,3,0.059374481439590454,Q4_pred_4,4
198257,4,0.00526660680770874,Q1_pred_1,1
264351,3,0.035526424646377563,Q3_pred_3,3
15555,4,0.07415443658828735,Q4_pred_4,4
160262,2,0.013585329055786133,Q2_pred_2,2
25698,4,0.000868690200150013,Q1_pred_1,1
359799,4,0.11594387888908386,Q5_pred_5,5
119307,4,0.2040344476699829,Q5_pred_5,5
90431,3,0.02522459626197815,Q2_pred_2,2
10525,4,0.15110866725444794,Q5_pred_5,5
142837,5,0.013437986373901367,Q2_pred_2,2
10434,4,0.04946354031562805,Q3_pred_3,3
357464,5,0.0005427002906799316,Q1_pred_1,1
105902,3,0.08829374611377716,Q5_pred_5,5
84063,5,0.09495340287685394,Q5_pred_5,5
146653,5,0.001820206642150879,Q1_pred_1,1
372674,5,0.050971321761608124,Q4_pred_4,4
76667,2,0.055140525102615356,Q4_pred_4,4
200039,5,0.008741483092308044,Q1_pred_1,1
113270,4,0.007065372075885534,Q1_pred_1,1
359680,5,0.11367273330688477,Q5_pred_5,5
26559,4,0.01314602792263031,Q2_pred_2,2
28597,4,0.18750013411045074,Q5_pred_5,5
269478,2,0.007734213024377823,Q1_pred_1,1
133674,2,0.01423550769686699,Q2_pred_2,2
20458,4,0.0007359236478805542,Q1_pred_1,1
270729,4,0.11266174912452698,Q5_pred_5,5
360673,3,0.023355159908533096,Q2_pred_2,2
2980,3,0.07896600663661957,Q4_pred_4,4
366957,4,0.0026971399784088135,Q1_pred_1,1
174439,3,0.005887150764465332,Q1_pred_1,1
95820,3,0.022193722426891327,Q2_pred_2,2
45919,4,0.009339362382888794,Q1_pred_1,1
80522,3,0.08391271531581879,Q4_pred_4,4
164183,3,0.006218358874320984,Q1_pred_1,1
166386,3,0.05894661694765091,Q4_pred_4,4
95694,4,0.09602664411067963,Q5_pred_5,5
91748,4,0.22901423275470734,Q5_pred_5,5
350724,3,0.038287609815597534,Q3_pred_3,3
34067,4,0.012843579053878784,Q2_pred_2,2
112265,3,0.034678906202316284,Q3_pred_3,3
15422,3,0.009805619716644287,Q1_pred_1,1
50913,3,0.00047981739044189453,Q1_pred_1,1
62591,3,0.0347222238779068,Q3_pred_3,3
176136,2,0.12312126159667969,Q5_pred_5,5
75855,3,0.04283493757247925,Q3_pred_3,3
20530,3,0.008348792791366577,Q1_pred_1,1
184203,3,0.041775479912757874,Q3_pred_3,3
51552,4,0.01891842484474182,Q2_pred_2,2
88836,4,0.029831647872924805,Q3_pred_3,3
344597,4,0.02260979451239109,Q2_pred_2,2
171184,4,0.03308841586112976,Q3_pred_3,3
386354,4,0.004265129566192627,Q1_pred_1,1
354696,4,0.06340596079826355,Q4_pred_4,4
357210,4,0.12950658798217773,Q5_pred_5,5
251305,3,0.036180391907691956,Q3_pred_3,3
206122,3,0.03290446475148201,Q3_pred_3,3
222458,4,0.0018138810992240906,Q1_pred_1,1
479408,4,0.0013549178838729858,Q1_pred_1,1
61718,5,0.009713277220726013,Q1_pred_1,1
93868,5,0.009669296443462372,Q1_pred_1,1
414260,4,0.03832119703292847,Q3_pred_3,3
29304,2,0.027089759707450867,Q2_pred_2,2
53458,4,0.020586907863616943,Q2_pred_2,2
336494,3,0.061937540769577026,Q4_pred_4,4
57481,3,0.046408165246248245,Q3_pred_3,3
150363,4,0.05989563465118408,Q4_pred_4,4
47140,4,0.030059069395065308,Q3_pred_3,3
219488,4,0.1506102979183197,Q5_pred_5,5
193864,2,0.01687554270029068,Q2_pred_2,2
29124,3,0.05585385113954544,Q4_pred_4,4
99243,3,0.14189985394477844,Q5_pred_5,5
193830,2,0.012709438800811768,Q2_pred_2,2
190579,3,0.02346859872341156,Q2_pred_2,2
352379,3,0.06094466149806976,Q4_pred_4,4
54099,3,0.017378736287355423,Q2_pred_2,2
64804,3,0.08962452411651611,Q5_pred_5,5
7939,4,0.021553009748458862,Q2_pred_2,2
221843,3,0.04814950376749039,Q3_pred_3,3
231972,3,0.041277334094047546,Q3_pred_3,3
39915,3,0.02546367049217224,Q2_pred_2,2
39550,2,0.025251999497413635,Q2_pred_2,2
6961,2,0.017307475209236145,Q2_pred_2,2
374184,3,0.05405426025390625,Q4_pred_4,4
121045,4,0.07651814818382263,Q4_pred_4,4
125149,4,0.05714816972613335,Q4_pred_4,4
26464,4,0.07713676989078522,Q4_pred_4,4
40028,4,0.0848546028137207,Q4_pred_4,4
332505,4,0.09586337208747864,Q5_pred_5,5
50486,3,0.0010283291339874268,Q1_pred_1,1
236812,3,0.016701191663742065,Q2_pred_2,2
169119,4,0.04344816505908966,Q3_pred_3,3
254573,4,0.012702301144599915,Q2_pred_2,2
45993,3,0.015364319086074829,Q2_pred_2,2
65441,2,0.008367568254470825,Q1_pred_1,1
36093,3,0.05733536183834076,Q4_pred_4,4
344666,3,0.0036606565117836,Q1_pred_1,1
39538,3,0.037446677684783936,Q3_pred_3,3
341070,4,0.04393821954727173,Q3_pred_3,3
3247,4,0.05226925015449524,Q4_pred_4,4
375999,3,0.18486031889915466,Q5_pred_5,5
316572,4,0.018256306648254395,Q2_pred_2,2
109608,2,0.002440720796585083,Q1_pred_1,1
33303,2,0.06520427763462067,Q4_pred_4,4
378568,3,0.02953343838453293,Q3_pred_3,3
60753,4,0.007514024153351784,Q1_pred_1,1
188224,4,0.010275527834892273,Q1_pred_1,1
340716,3,0.020804986357688904,Q2_pred_2,2
3746,4,0.014646459370851517,Q2_pred_2,2
233715,4,0.02859368920326233,Q3_pred_3,3
34595,4,0.11128755658864975,Q5_pred_5,5
366576,3,0.09747438132762909,Q5_pred_5,5
197866,4,0.04048583656549454,Q3_pred_3,3
194743,3,0.05063970386981964,Q4_pred_4,4
102045,3,0.0030487626791000366,Q1_pred_1,1
86458,1,0.016132235527038574,Q2_pred_2,2
239581,3,0.07240019738674164,Q4_pred_4,4
72240,4,0.06170758605003357,Q4_pred_4,4
90350,3,0.024523138999938965,Q2_pred_2,2
102858,4,0.030554071068763733,Q3_pred_3,3
82700,4,0.002235889434814453,Q1_pred_1,1
236392,4,0.14392739534378052,Q5_pred_5,5
36937,3,0.03480914980173111,Q3_pred_3,3
101309,3,0.01756465435028076,Q2_pred_2,2
202302,5,0.03111395239830017,Q3_pred_3,3
61768,5,0.039936669170856476,Q3_pred_3,3
123812,5,0.14596343040466309,Q5_pred_5,5
92948,5,0.007168494164943695,Q1_pred_1,1
237683,4,0.00623069703578949,Q1_pred_1,1
168443,3,0.14685721695423126,Q5_pred_5,5
86422,4,0.04690849781036377,Q3_pred_3,3
26275,4,0.03345198929309845,Q3_pred_3,3
236668,4,0.19045856595039368,Q5_pred_5,5
57735,3,0.03381623327732086,Q3_pred_3,3
86463,1,0.017618000507354736,Q2_pred_2,2
92371,3,0.007385231554508209,Q1_pred_1,1
321785,3,0.0066444724798202515,Q1_pred_1,1
80714,4,0.0349569171667099,Q3_pred_3,3
381487,3,0.12832492589950562,Q5_pred_5,5
246661,3,0.038150936365127563,Q3_pred_3,3
275100,3,0.06556722521781921,Q4_pred_4,4
58023,3,0.00043138861656188965,Q1_pred_1,1
357443,5,0.049108684062957764,Q3_pred_3,3
6376,4,0.07470452785491943,Q4_pred_4,4
247182,4,0.0712680071592331,Q4_pred_4,4
13464,2,0.11868143081665039,Q5_pred_5,5
97027,2,0.1264406442642212,Q5_pred_5,5
194370,3,0.012922704219818115,Q2_pred_2,2
3952,4,0.14345158636569977,Q5_pred_5,5
111657,5,0.06806083023548126,Q4_pred_4,4
327843,5,0.16661274433135986,Q5_pred_5,5
148525,5,0.12021702527999878,Q5_pred_5,5
36325,5,0.024363234639167786,Q2_pred_2,2
357511,5,0.009089469909667969,Q1_pred_1,1
153636,5,0.10213172435760498,Q5_pred_5,5
66610,2,0.0892171859741211,Q5_pred_5,5
121762,3,0.013132646679878235,Q2_pred_2,2
144556,4,0.0034416913986206055,Q1_pred_1,1
80818,3,0.008980125188827515,Q1_pred_1,1
163311,4,0.013639509677886963,Q2_pred_2,2
150913,4,0.2157188355922699,Q5_pred_5,5
152708,3,0.16848862171173096,Q5_pred_5,5
37358,4,0.10615968704223633,Q5_pred_5,5
173893,4,0.02395506203174591,Q2_pred_2,2
119674,3,0.19848817586898804,Q5_pred_5,5
10503,4,0.17511503398418427,Q5_pred_5,5
130406,5,0.047939419746398926,Q3_pred_3,3
131032,3,0.007809236645698547,Q1_pred_1,1
84746,5,0.02384740114212036,Q2_pred_2,2
3815,5,0.0002707969397306442,Q1_pred_1,1
165616,3,0.019971489906311035,Q2_pred_2,2
256557,5,0.020147964358329773,Q2_pred_2,2
333275,5,0.013053633272647858,Q2_pred_2,2
115569,4,0.035172998905181885,Q3_pred_3,3
50286,3,0.007988840341567993,Q1_pred_1,1
96545,5,0.01109933853149414,Q1_pred_1,1
4053,5,0.052479714155197144,Q4_pred_4,4
18881,3,0.020230256021022797,Q2_pred_2,2
362330,4,0.009785348549485207,Q1_pred_1,1
48078,3,0.02538648247718811,Q2_pred_2,2
201203,2,0.018902301788330078,Q2_pred_2,2
67306,3,0.017780020833015442,Q2_pred_2,2
136275,2,0.010369360446929932,Q1_pred_1,1
105406,4,0.09596037864685059,Q5_pred_5,5
5797,2,0.07352685928344727,Q4_pred_4,4
176965,5,0.03810173273086548,Q3_pred_3,3
127629,4,0.05220673978328705,Q4_pred_4,4
38665,4,0.006911903619766235,Q1_pred_1,1
149437,2,0.06755517423152924,Q4_pred_4,4
38388,4,0.011772483587265015,Q1_pred_1,1
158612,4,0.004791587591171265,Q1_pred_1,1
36628,1,0.004258438944816589,Q1_pred_1,1
7068,4,0.025597229599952698,Q2_pred_2,2
121605,3,0.05383307486772537,Q4_pred_4,4
109593,3,0.08286523818969727,Q4_pred_4,4
54269,3,0.041792936623096466,Q3_pred_3,3
3742,4,0.09134562313556671,Q5_pred_5,5
267089,3,0.03831006586551666,Q3_pred_3,3
231628,3,0.003344837576150894,Q1_pred_1,1
94291,3,0.018107011914253235,Q2_pred_2,2
416286,3,0.018840715289115906,Q2_pred_2,2
8723,2,0.006109206937253475,Q1_pred_1,1
93079,3,0.028444036841392517,Q3_pred_3,3
390858,3,0.02736462652683258,Q2_pred_2,2
274480,4,0.09293840825557709,Q5_pred_5,5
85949,3,0.0041814446449279785,Q1_pred_1,1
359442,5,0.15189069509506226,Q5_pred_5,5
523,3,0.030691396445035934,Q3_pred_3,3
341200,4,0.01870722696185112,Q2_pred_2,2
175402,3,0.009418919682502747,Q1_pred_1,1
249873,3,0.006798937916755676,Q1_pred_1,1
156183,3,0.02423614263534546,Q2_pred_2,2
189695,4,0.014176726341247559,Q2_pred_2,2
276056,3,0.1426149606704712,Q5_pred_5,5
148230,4,0.002763509750366211,Q1_pred_1,1
62849,4,0.0005824044346809387,Q1_pred_1,1
40036,3,0.08266815543174744,Q4_pred_4,4
90920,3,0.034055717289447784,Q3_pred_3,3
39328,5,0.01866956055164337,Q2_pred_2,2
23306,4,0.03965206444263458,Q3_pred_3,3
302523,2,0.057322144508361816,Q4_pred_4,4
139824,3,0.02030414342880249,Q2_pred_2,2
88446,2,0.028852254152297974,Q3_pred_3,3
33970,3,0.012247897684574127,Q2_pred_2,2
234301,4,0.002664715051651001,Q1_pred_1,1
477228,3,0.027235761284828186,Q2_pred_2,2
63395,5,0.09612858295440674,Q5_pred_5,5
201013,4,0.019216448068618774,Q2_pred_2,2
240097,4,0.031571224331855774,Q3_pred_3,3
68051,4,0.022951016202569008,Q2_pred_2,2
74383,4,0.01057523488998413,Q1_pred_1,1
187586,5,0.003624293953180313,Q1_pred_1,1
148034,5,0.08991299569606781,Q5_pred_5,5
96757,2,0.03262713551521301,Q3_pred_3,3
122789,3,0.18654221296310425,Q5_pred_5,5
82283,2,0.010932371020317078,Q1_pred_1,1
164375,3,0.003717556595802307,Q1_pred_1,1
123125,3,0.098243847489357,Q5_pred_5,5
118944,3,0.21431580185890198,Q5_pred_5,5
104322,3,0.07055628299713135,Q4_pred_4,4
99635,3,0.014628946781158447,Q2_pred_2,2
324783,4,0.066446952521801,Q4_pred_4,4
91629,5,0.035062097012996674,Q3_pred_3,3
11990,5,0.058758437633514404,Q4_pred_4,4
373711,5,0.11825482547283173,Q5_pred_5,5
146610,5,0.00016707181930541992,Q1_pred_1,1
10992,2,0.06275385618209839,Q4_pred_4,4
122423,5,0.0003662221133708954,Q1_pred_1,1
64253,5,0.09206204116344452,Q5_pred_5,5
356680,5,0.10170204937458038,Q5_pred_5,5
58068,5,0.02352920174598694,Q2_pred_2,2
105904,4,0.08441607654094696,Q4_pred_4,4
210666,4,0.014412924647331238,Q2_pred_2,2
25642,5,0.005789042450487614,Q1_pred_1,1
10965,2,0.021475493907928467,Q2_pred_2,2
138905,4,0.0791083574295044,Q4_pred_4,4
10504,4,0.1715376079082489,Q5_pred_5,5
3867,3,0.15986007452011108,Q5_pred_5,5
419274,3,0.05070573091506958,Q4_pred_4,4
173754,5,0.04213404655456543,Q3_pred_3,3
173805,5,0.2090374231338501,Q5_pred_5,5
153404,4,0.0870201587677002,Q5_pred_5,5
121023,5,0.06068509817123413,Q4_pred_4,4
65655,4,0.10059846937656403,Q5_pred_5,5
332600,4,0.01985219120979309,Q2_pred_2,2
247551,5,0.11186158657073975,Q5_pred_5,5
42987,3,0.029425397515296936,Q3_pred_3,3
24814,3,0.05363336205482483,Q4_pred_4,4
10730,3,0.06998443603515625,Q4_pred_4,4
355197,4,0.07484444230794907,Q4_pred_4,4
96984,4,0.09501241147518158,Q5_pred_5,5
387931,3,0.11269345134496689,Q5_pred_5,5
97836,5,0.03483232855796814,Q3_pred_3,3
174924,4,0.02696855738759041,Q2_pred_2,2
253603,2,0.009881824254989624,Q1_pred_1,1
3465,4,0.07169002294540405,Q4_pred_4,4
77026,4,0.03794132173061371,Q3_pred_3,3
98211,2,0.0857999175786972,Q4_pred_4,4
107728,4,0.010261058807373047,Q1_pred_1,1
360620,4,0.01798829436302185,Q2_pred_2,2
42356,3,0.1482970267534256,Q5_pred_5,5
140342,2,0.08279556035995483,Q4_pred_4,4
144337,3,0.003072202205657959,Q1_pred_1,1
124855,3,0.11553613841533661,Q5_pred_5,5
40355,3,0.006681174039840698,Q1_pred_1,1
15918,4,0.031783148646354675,Q3_pred_3,3
377585,3,0.06674812734127045,Q4_pred_4,4
29654,3,0.005617305636405945,Q1_pred_1,1
86469,5,0.014575809240341187,Q2_pred_2,2
424295,5,0.11526308953762054,Q5_pred_5,5
91428,3,0.06797431409358978,Q4_pred_4,4
81345,4,0.05499797314405441,Q4_pred_4,4
146496,4,0.011409267783164978,Q1_pred_1,1
142652,5,0.026610136032104492,Q2_pred_2,2
26557,5,0.009964324533939362,Q1_pred_1,1
105627,4,0.07587511837482452,Q4_pred_4,4
160312,2,0.20034259557724,Q5_pred_5,5
84028,4,0.09244394302368164,Q5_pred_5,5
92944,4,0.023576125502586365,Q2_pred_2,2
40945,4,0.06322847306728363,Q4_pred_4,4
74952,2,0.02352425456047058,Q2_pred_2,2
21335,4,0.07681715488433838,Q4_pred_4,4
111020,4,0.01481163501739502,Q2_pred_2,2
169041,4,0.017079994082450867,Q2_pred_2,2
82932,4,0.010333836078643799,Q1_pred_1,1
153502,4,0.025006994605064392,Q2_pred_2,2
152344,3,0.035293012857437134,Q3_pred_3,3
431533,3,0.02079753205180168,Q2_pred_2,2
360484,3,0.052056342363357544,Q4_pred_4,4
28929,4,0.06541550159454346,Q4_pred_4,4
62630,3,0.007019229233264923,Q1_pred_1,1
35138,4,0.09533675014972687,Q5_pred_5,5
422158,3,0.05425669252872467,Q4_pred_4,4
242017,3,0.0927661657333374,Q5_pred_5,5
253973,4,0.010969758033752441,Q1_pred_1,1
110107,3,0.04291321709752083,Q3_pred_3,3
134846,3,0.03944504261016846,Q3_pred_3,3
5677,3,0.03382165729999542,Q3_pred_3,3
91925,3,0.01555236428976059,Q2_pred_2,2
345489,3,0.037678152322769165,Q3_pred_3,3
16102,3,0.08268362283706665,Q4_pred_4,4
14945,3,0.026529520750045776,Q2_pred_2,2
13925,5,0.002886563539505005,Q1_pred_1,1
335281,3,0.022015485912561417,Q2_pred_2,2
152853,3,0.05486875772476196,Q4_pred_4,4
370732,3,0.0051558613777160645,Q1_pred_1,1
78842,4,0.011655554175376892,Q1_pred_1,1
171513,4,0.004891708493232727,Q1_pred_1,1
27059,3,0.05084589123725891,Q4_pred_4,4
54206,4,0.28487107157707214,Q5_pred_5,5
155707,4,0.06987941265106201,Q4_pred_4,4
102403,4,0.00927811861038208,Q1_pred_1,1
116625,4,0.08862322568893433,Q5_pred_5,5
359602,4,0.14835354685783386,Q5_pred_5,5
182557,4,0.0770915150642395,Q4_pred_4,4
21117,4,0.04600222408771515,Q3_pred_3,3
18557,3,0.14343111217021942,Q5_pred_5,5
56058,3,0.05895507335662842,Q4_pred_4,4
394142,4,0.045861124992370605,Q3_pred_3,3
23561,4,0.053726859390735626,Q4_pred_4,4
354930,4,0.06227242946624756,Q4_pred_4,4
45464,4,0.004056423902511597,Q1_pred_1,1
78729,2,0.002865895628929138,Q1_pred_1,1
252808,2,0.043926388025283813,Q3_pred_3,3
373298,5,0.01616625487804413,Q2_pred_2,2
46682,4,0.08011102676391602,Q4_pred_4,4
28314,4,0.057594507932662964,Q4_pred_4,4
102863,4,0.04496930539608002,Q3_pred_3,3
53694,3,0.009164094924926758,Q1_pred_1,1
77747,2,0.06547960638999939,Q4_pred_4,4
17521,3,0.033692002296447754,Q3_pred_3,3
66096,3,0.0003590583801269531,Q1_pred_1,1
172592,3,0.07029704749584198,Q4_pred_4,4
17507,3,0.04547777771949768,Q3_pred_3,3
74391,3,0.09971493482589722,Q5_pred_5,5
58174,3,0.027104169130325317,Q2_pred_2,2
56565,4,0.019808240234851837,Q2_pred_2,2
441156,2,0.004120238125324249,Q1_pred_1,1
115563,3,0.058115750551223755,Q4_pred_4,4
36122,3,0.019890815019607544,Q2_pred_2,2
477261,3,0.009410873055458069,Q1_pred_1,1
153649,4,0.0018852949142456055,Q1_pred_1,1
146623,5,0.008609682321548462,Q1_pred_1,1
359743,4,0.11411343514919281,Q5_pred_5,5
253231,3,0.09625184535980225,Q5_pred_5,5
354193,5,0.20080465078353882,Q5_pred_5,5
373731,2,0.08754381537437439,Q5_pred_5,5
154105,4,0.12510165572166443,Q5_pred_5,5
10702,3,0.05374053120613098,Q4_pred_4,4
359381,5,0.15596263110637665,Q5_pred_5,5
153842,5,0.14185523986816406,Q5_pred_5,5
247060,5,0.03017568588256836,Q3_pred_3,3
374532,5,0.06854909658432007,Q4_pred_4,4
358608,4,0.0917530357837677,Q5_pred_5,5
153606,5,0.012052416801452637,Q2_pred_2,2
35932,5,0.0498037189245224,Q3_pred_3,3
80788,4,0.012399837374687195,Q2_pred_2,2
26561,5,0.025196760892868042,Q2_pred_2,2
33148,2,0.02001618593931198,Q2_pred_2,2
64551,3,0.025015443563461304,Q2_pred_2,2
354229,4,0.21770136058330536,Q5_pred_5,5
179337,3,0.013827621936798096,Q2_pred_2,2
8884,4,0.00460854172706604,Q1_pred_1,1
14222,2,0.002280157059431076,Q1_pred_1,1
16389,2,0.05007670819759369,Q4_pred_4,4
336891,2,0.021386325359344482,Q2_pred_2,2
15630,3,0.007174881175160408,Q1_pred_1,1
231452,3,0.024247445166110992,Q2_pred_2,2
12760,4,0.16650649905204773,Q5_pred_5,5
209772,4,0.13203436136245728,Q5_pred_5,5
211902,3,0.003603227436542511,Q1_pred_1,1
398705,4,0.010756656527519226,Q1_pred_1,1
221614,3,0.026842549443244934,Q2_pred_2,2
78862,4,0.01623864471912384,Q2_pred_2,2
192057,4,0.004914861172437668,Q1_pred_1,1
264144,4,0.044039785861968994,Q3_pred_3,3
105537,4,0.08682995289564133,Q5_pred_5,5
2767,2,0.018232904374599457,Q2_pred_2,2
64747,2,0.188175767660141,Q5_pred_5,5
136408,4,0.029308244585990906,Q3_pred_3,3
176282,4,0.0785268247127533,Q4_pred_4,4
26215,3,0.05459529161453247,Q4_pred_4,4
177139,4,0.004681821912527084,Q1_pred_1,1
76987,3,0.005777083337306976,Q1_pred_1,1
110123,3,0.0492166131734848,Q3_pred_3,3
140825,3,0.02016325294971466,Q2_pred_2,2
69096,2,0.015121161937713623,Q2_pred_2,2
80789,2,0.013627558946609497,Q2_pred_2,2
22691,3,0.19087085127830505,Q5_pred_5,5
64168,4,0.003369852900505066,Q1_pred_1,1
166427,4,0.002652198076248169,Q1_pred_1,1
165289,4,0.004874974489212036,Q1_pred_1,1
89552,3,0.02108507603406906,Q2_pred_2,2
242262,3,0.03438672423362732,Q3_pred_3,3
339645,2,0.0026686489582061768,Q1_pred_1,1
188822,3,0.02963469922542572,Q3_pred_3,3
4430,2,0.04058511555194855,Q3_pred_3,3
70983,4,0.08402220904827118,Q4_pred_4,4
89438,3,0.06852554529905319,Q4_pred_4,4
434603,4,0.00941571593284607,Q1_pred_1,1
47296,2,0.0030082762241363525,Q1_pred_1,1
355757,4,0.05050759017467499,Q4_pred_4,4
458030,4,0.05881534516811371,Q4_pred_4,4
9320,3,0.021961569786071777,Q2_pred_2,2
338258,5,0.10829544067382812,Q5_pred_5,5
428299,5,0.16477707028388977,Q5_pred_5,5
89441,5,0.05424385517835617,Q4_pred_4,4
37592,3,0.05763615667819977,Q4_pred_4,4
40882,5,0.0011127740144729614,Q1_pred_1,1
246067,2,0.05442352592945099,Q4_pred_4,4
424402,4,0.007729232311248779,Q1_pred_1,1
386921,5,0.01531202346086502,Q2_pred_2,2
245268,3,0.06701076775789261,Q4_pred_4,4
5649,4,0.12993958592414856,Q5_pred_5,5
113579,2,0.020082831382751465,Q2_pred_2,2
46697,5,0.10168026387691498,Q5_pred_5,5
259999,3,0.08523325622081757,Q4_pred_4,4
319700,3,0.08510416746139526,Q4_pred_4,4
198434,2,0.0019399821758270264,Q1_pred_1,1
155639,4,0.07929518818855286,Q4_pred_4,4
367819,4,0.004693962633609772,Q1_pred_1,1
263668,2,0.000514298677444458,Q1_pred_1,1
86478,5,0.017195582389831543,Q2_pred_2,2
23998,5,0.14906376600265503,Q5_pred_5,5
157770,4,0.06876681745052338,Q4_pred_4,4
370166,2,0.028194699436426163,Q3_pred_3,3
11603,3,0.1380339115858078,Q5_pred_5,5
164057,4,0.027408048510551453,Q3_pred_3,3
86346,2,0.10945308208465576,Q5_pred_5,5
85957,5,0.06724300980567932,Q4_pred_4,4
82784,5,0.04280997812747955,Q3_pred_3,3
178849,5,0.09622645378112793,Q5_pred_5,5
250383,3,0.026807323098182678,Q2_pred_2,2
323702,4,0.03327643871307373,Q3_pred_3,3
116793,4,0.17654824256896973,Q5_pred_5,5
99510,3,0.022899925708770752,Q2_pred_2,2
56513,5,0.0678061842918396,Q4_pred_4,4
146693,3,0.03453948348760605,Q3_pred_3,3
2532,4,0.05808985233306885,Q4_pred_4,4
188089,3,0.0038554370403289795,Q1_pred_1,1
402020,5,0.030193567276000977,Q3_pred_3,3
59962,4,0.01699325442314148,Q2_pred_2,2
119450,4,0.06397347152233124,Q4_pred_4,4
86429,5,0.001996248960494995,Q1_pred_1,1
63342,2,0.05175839364528656,Q4_pred_4,4
215935,3,0.030295327305793762,Q3_pred_3,3
86952,5,0.012321650981903076,Q2_pred_2,2
185529,4,0.022081434726715088,Q2_pred_2,2
111094,3,0.0068403929471969604,Q1_pred_1,1
96174,3,0.00014546513557434082,Q1_pred_1,1
148813,2,0.10772116482257843,Q5_pred_5,5
32550,4,0.06930418312549591,Q4_pred_4,4
175965,4,0.051753729581832886,Q4_pred_4,4
23741,4,0.021364331245422363,Q2_pred_2,2
190675,2,0.004083722829818726,Q1_pred_1,1
359827,5,0.02225564420223236,Q2_pred_2,2
108770,2,0.01400526612997055,Q2_pred_2,2
109897,5,0.0257701575756073,Q2_pred_2,2
175681,3,0.051247648894786835,Q4_pred_4,4
8437,3,0.04161262512207031,Q3_pred_3,3
330925,3,0.08814726769924164,Q5_pred_5,5
39325,4,0.024557963013648987,Q2_pred_2,2
427795,5,0.005440138280391693,Q1_pred_1,1
217543,5,0.20541012287139893,Q5_pred_5,5
167900,5,0.022080473601818085,Q2_pred_2,2
387467,4,0.05161476507782936,Q4_pred_4,4
120110,3,0.0868397206068039,Q5_pred_5,5
413684,5,0.003745853900909424,Q1_pred_1,1
40271,4,0.07154782861471176,Q4_pred_4,4
61856,4,0.012219920754432678,Q2_pred_2,2
46066,3,0.012985512614250183,Q2_pred_2,2
265677,3,0.02420637756586075,Q2_pred_2,2
169157,4,0.1226804256439209,Q5_pred_5,5
17057,4,0.09926894307136536,Q5_pred_5,5
146561,5,0.024104952812194824,Q2_pred_2,2
153096,2,0.12237436324357986,Q5_pred_5,5
198248,4,0.005030028522014618,Q1_pred_1,1
164192,3,0.08386625349521637,Q4_pred_4,4
136304,4,0.03531394898891449,Q3_pred_3,3
236455,5,0.29355984926223755,Q5_pred_5,5
94637,5,0.09831339120864868,Q5_pred_5,5
17737,4,0.05866745114326477,Q4_pred_4,4
112213,4,0.06778719276189804,Q4_pred_4,4
10546,3,0.007882356643676758,Q1_pred_1,1
116893,3,0.12459751963615417,Q5_pred_5,5
82001,2,0.10364586114883423,Q5_pred_5,5
182935,5,0.03850759565830231,Q3_pred_3,3
68409,4,0.04254293441772461,Q3_pred_3,3
55936,5,0.011877477169036865,Q2_pred_2,2
97644,5,0.08979395031929016,Q5_pred_5,5
239860,4,0.05777597427368164,Q4_pred_4,4
45583,4,0.025526344776153564,Q2_pred_2,2
33307,2,0.10308994352817535,Q5_pred_5,5
75228,4,0.004374232143163681,Q1_pred_1,1
146613,5,0.0029103755950927734,Q1_pred_1,1
316902,5,0.18036523461341858,Q5_pred_5,5
373613,5,0.09483541548252106,Q5_pred_5,5
72333,2,0.078765869140625,Q4_pred_4,4
146640,5,0.01433013379573822,Q2_pred_2,2
136957,5,0.10080838203430176,Q5_pred_5,5
67341,5,0.0061945319175720215,Q1_pred_1,1
156734,5,0.03753521665930748,Q3_pred_3,3
50322,1,0.01912836730480194,Q2_pred_2,2
21385,1,0.06788837909698486,Q4_pred_4,4
197450,4,0.07399529218673706,Q4_pred_4,4
132230,3,0.0315949022769928,Q3_pred_3,3
127121,3,0.11967706680297852,Q5_pred_5,5
220817,3,0.006449460983276367,Q1_pred_1,1
17902,2,0.030016377568244934,Q3_pred_3,3
15928,4,0.07329586148262024,Q4_pred_4,4
30026,5,0.010588914155960083,Q1_pred_1,1
391290,3,0.010543525218963623,Q1_pred_1,1
39932,3,0.14629337191581726,Q5_pred_5,5
232634,3,0.03505855053663254,Q3_pred_3,3
396464,3,0.003358125686645508,Q1_pred_1,1
188756,4,0.013412050902843475,Q2_pred_2,2
78877,4,0.010292910039424896,Q1_pred_1,1
327677,4,0.06929119676351547,Q4_pred_4,4
151718,3,0.0079537034034729,Q1_pred_1,1
16378,4,0.04946877062320709,Q3_pred_3,3
85731,4,0.03955094516277313,Q3_pred_3,3
151981,4,0.008941225707530975,Q1_pred_1,1
336586,4,0.003938391804695129,Q1_pred_1,1
359425,5,0.16401827335357666,Q5_pred_5,5
29414,5,0.039015427231788635,Q3_pred_3,3
60837,5,0.04779016971588135,Q3_pred_3,3
109530,3,0.11482460796833038,Q5_pred_5,5
233205,4,0.005522534251213074,Q1_pred_1,1
164658,4,0.04691631346940994,Q3_pred_3,3
84420,4,0.010384105145931244,Q1_pred_1,1
372390,2,0.05368569493293762,Q4_pred_4,4
174035,4,0.02125304937362671,Q2_pred_2,2
20021,5,0.04653908312320709,Q3_pred_3,3
148814,4,0.02125304937362671,Q2_pred_2,2
79089,3,0.07845762372016907,Q4_pred_4,4
76685,3,0.05526244640350342,Q4_pred_4,4
61515,3,0.0023655295372009277,Q1_pred_1,1
164085,3,0.05062103271484375,Q4_pred_4,4
189852,3,0.019638553261756897,Q2_pred_2,2
171608,4,0.0047501325607299805,Q1_pred_1,1
20697,3,0.006697177886962891,Q1_pred_1,1
91761,3,0.1259317845106125,Q5_pred_5,5
155094,3,0.035619258880615234,Q3_pred_3,3
42629,3,0.020502910017967224,Q2_pred_2,2
157491,4,0.0028657913208007812,Q1_pred_1,1
122605,4,0.13660277426242828,Q5_pred_5,5
194925,4,0.024316810071468353,Q2_pred_2,2
127192,3,0.04336182773113251,Q3_pred_3,3
161681,5,0.15392795205116272,Q5_pred_5,5
94636,4,0.04542964696884155,Q3_pred_3,3
87685,3,0.011751577258110046,Q1_pred_1,1
28165,4,0.0073223114013671875,Q1_pred_1,1
17698,2,0.14246708154678345,Q5_pred_5,5
355016,3,0.05301785469055176,Q4_pred_4,4
193344,3,0.07101823389530182,Q4_pred_4,4
95388,3,0.07899132370948792,Q4_pred_4,4
54123,4,0.053369179368019104,Q4_pred_4,4
92062,3,0.03590432554483414,Q3_pred_3,3
201127,3,0.010867994278669357,Q1_pred_1,1
22906,4,0.14146408438682556,Q5_pred_5,5
12672,2,0.059499382972717285,Q4_pred_4,4
170549,5,0.007498711347579956,Q1_pred_1,1
372842,3,0.004205256700515747,Q1_pred_1,1
149395,4,0.014420270919799805,Q2_pred_2,2
4268,4,0.00937284529209137,Q1_pred_1,1
270720,3,0.03996744751930237,Q3_pred_3,3
395407,4,0.009853333234786987,Q1_pred_1,1
116356,5,0.07105569541454315,Q4_pred_4,4
261420,5,0.057760536670684814,Q4_pred_4,4
26932,5,0.008223062381148338,Q1_pred_1,1
124025,3,0.104527547955513,Q5_pred_5,5
426907,5,0.029874905943870544,Q3_pred_3,3
263534,4,0.037542909383773804,Q3_pred_3,3
50182,4,0.018491744995117188,Q2_pred_2,2
61785,4,0.06659039855003357,Q4_pred_4,4
236370,5,0.09450691938400269,Q5_pred_5,5
433721,2,0.0230853408575058,Q2_pred_2,2
19188,3,0.032084882259368896,Q3_pred_3,3
61985,4,0.2133728563785553,Q5_pred_5,5
360462,4,0.10400186479091644,Q5_pred_5,5
132807,4,0.05282216519117355,Q4_pred_4,4
31527,3,0.03753232955932617,Q3_pred_3,3
147139,3,0.0837799683213234,Q4_pred_4,4
44655,3,0.019982144236564636,Q2_pred_2,2
93370,5,0.008362501859664917,Q1_pred_1,1
137909,4,0.14199289679527283,Q5_pred_5,5
148607,5,0.1311502754688263,Q5_pred_5,5
371913,5,0.005769789218902588,Q1_pred_1,1
325255,5,0.004129379987716675,Q1_pred_1,1
274853,5,0.05691593885421753,Q4_pred_4,4
125063,4,0.029231302440166473,Q3_pred_3,3
412528,5,0.010135829448699951,Q1_pred_1,1
328761,4,0.00015432387590408325,Q1_pred_1,1
187267,4,0.016851380467414856,Q2_pred_2,2
334683,5,0.013215765357017517,Q2_pred_2,2
97371,5,0.05675923824310303,Q4_pred_4,4
166950,4,0.014258429408073425,Q2_pred_2,2
160254,2,0.015121325850486755,Q2_pred_2,2
199492,4,0.00493699312210083,Q1_pred_1,1
374393,5,0.02461796998977661,Q2_pred_2,2
11016,2,0.06289505958557129,Q4_pred_4,4
249008,5,0.02050378918647766,Q2_pred_2,2
50946,4,0.024737946689128876,Q2_pred_2,2
358016,5,0.16073721647262573,Q5_pred_5,5
136047,5,0.04021422564983368,Q3_pred_3,3
247139,5,0.09696763753890991,Q5_pred_5,5
6517,3,0.13802176713943481,Q5_pred_5,5
355961,4,0.06725366413593292,Q4_pred_4,4
373820,5,0.04917749762535095,Q3_pred_3,3
25693,5,0.010496070608496666,Q1_pred_1,1
359435,5,0.16434577107429504,Q5_pred_5,5
247247,5,0.10580216348171234,Q5_pred_5,5
12782,2,0.12647244334220886,Q5_pred_5,5
3321,4,0.08525466918945312,Q4_pred_4,4
352386,5,0.06409722566604614,Q4_pred_4,4
191678,5,0.02765694260597229,Q3_pred_3,3
171270,4,0.012531392276287079,Q2_pred_2,2
239237,4,0.0391809344291687,Q3_pred_3,3
348830,3,0.0318351686000824,Q3_pred_3,3
412543,3,0.05349186807870865,Q4_pred_4,4
124429,5,0.019208014011383057,Q2_pred_2,2
96840,3,0.054131925106048584,Q4_pred_4,4
101331,5,0.03908663988113403,Q3_pred_3,3
326782,4,0.05328991264104843,Q4_pred_4,4
85362,2,0.03613641858100891,Q3_pred_3,3
145481,4,0.011170029640197754,Q1_pred_1,1
50810,4,0.02628156542778015,Q2_pred_2,2
51680,5,0.02302086353302002,Q2_pred_2,2
127314,2,0.038370728492736816,Q3_pred_3,3
102825,3,0.11158977448940277,Q5_pred_5,5
64185,3,0.0026168227195739746,Q1_pred_1,1
33447,5,0.06301641464233398,Q4_pred_4,4
160911,5,0.09788593649864197,Q5_pred_5,5
82024,2,0.12579113245010376,Q5_pred_5,5
39617,1,0.05385100841522217,Q4_pred_4,4
67828,3,0.0063114166259765625,Q1_pred_1,1
57670,4,0.02683195471763611,Q2_pred_2,2
146844,3,0.23506811261177063,Q5_pred_5,5
158982,3,0.15687598288059235,Q5_pred_5,5
16835,4,0.06210926175117493,Q4_pred_4,4
346504,4,0.0016852840781211853,Q1_pred_1,1
325657,4,0.0021762847900390625,Q1_pred_1,1
412542,3,0.026745997369289398,Q2_pred_2,2
404407,4,0.0042279064655303955,Q1_pred_1,1
5509,3,0.007730498909950256,Q1_pred_1,1
399740,4,0.0031468719244003296,Q1_pred_1,1
169282,1,0.01260550320148468,Q2_pred_2,2
108469,4,0.007763586938381195,Q1_pred_1,1
115496,5,0.009109057486057281,Q1_pred_1,1
152614,4,0.011002391576766968,Q1_pred_1,1
216388,3,0.008114278316497803,Q1_pred_1,1
109594,3,0.12388592213392258,Q5_pred_5,5
60475,4,0.001073196530342102,Q1_pred_1,1
184483,3,0.021061718463897705,Q2_pred_2,2
11647,5,0.06609293818473816,Q4_pred_4,4
100347,4,0.0656290054321289,Q4_pred_4,4
38250,4,0.21123868227005005,Q5_pred_5,5
358077,4,0.22116729617118835,Q5_pred_5,5
82177,4,0.05423286557197571,Q4_pred_4,4
354263,4,0.20557111501693726,Q5_pred_5,5
114105,3,0.03687599301338196,Q3_pred_3,3
420464,4,0.06970243155956268,Q4_pred_4,4
79480,4,0.12125664949417114,Q5_pred_5,5
374710,5,0.14988595247268677,Q5_pred_5,5
33927,4,0.03199055790901184,Q3_pred_3,3
116378,4,0.052720651030540466,Q4_pred_4,4
146487,5,0.009710460901260376,Q1_pred_1,1
358197,5,0.22095763683319092,Q5_pred_5,5
384069,3,0.22353675961494446,Q5_pred_5,5
22686,5,0.12816698849201202,Q5_pred_5,5
67865,4,0.033804476261138916,Q3_pred_3,3
61915,4,0.01973739266395569,Q2_pred_2,2
35956,3,0.004213519394397736,Q1_pred_1,1
116902,4,0.09409815073013306,Q5_pred_5,5
97832,3,0.0075788795948028564,Q1_pred_1,1
137898,4,0.16558268666267395,Q5_pred_5,5
104670,3,0.040927112102508545,Q3_pred_3,3
123040,4,0.0016219019889831543,Q1_pred_1,1
86470,5,0.015466809272766113,Q2_pred_2,2
72883,5,0.012846916913986206,Q2_pred_2,2
402711,5,0.06623826175928116,Q4_pred_4,4
102839,1,0.02219540625810623,Q2_pred_2,2
73,3,0.1018056720495224,Q5_pred_5,5
362503,4,0.01871388405561447,Q2_pred_2,2
83974,4,0.011668507009744644,Q1_pred_1,1
59609,1,0.10603970289230347,Q5_pred_5,5
102437,3,0.03291401267051697,Q3_pred_3,3
215674,4,0.030992567539215088,Q3_pred_3,3
86438,4,0.03396758437156677,Q3_pred_3,3
9748,2,0.01359453797340393,Q2_pred_2,2
75021,5,0.08255229890346527,Q4_pred_4,4
36494,4,0.08903184533119202,Q5_pred_5,5
247477,5,0.12517544627189636,Q5_pred_5,5
199867,4,0.0007721073925495148,Q1_pred_1,1
35944,4,0.026345208287239075,Q2_pred_2,2
270602,5,0.13270112872123718,Q5_pred_5,5
419027,2,0.005981907248497009,Q1_pred_1,1
426039,4,0.032580286264419556,Q3_pred_3,3
109574,3,0.02335313707590103,Q2_pred_2,2
423740,4,0.004825092852115631,Q1_pred_1,1
240096,4,0.03210548311471939,Q3_pred_3,3
432407,4,0.0003901654854416847,Q1_pred_1,1
302515,2,0.06566929817199707,Q4_pred_4,4
85335,3,0.15345099568367004,Q5_pred_5,5
1283,4,0.12847566604614258,Q5_pred_5,5
414203,4,0.07484112679958344,Q4_pred_4,4
153411,4,0.055416882038116455,Q4_pred_4,4
491279,4,0.0843360424041748,Q4_pred_4,4
477099,3,0.01893189549446106,Q2_pred_2,2
66598,4,0.10865931212902069,Q5_pred_5,5
164875,4,0.027655676007270813,Q3_pred_3,3
59043,4,0.0012799650430679321,Q1_pred_1,1
75978,3,0.0006114095449447632,Q1_pred_1,1
49084,4,0.022062376141548157,Q2_pred_2,2
69095,3,0.01938939094543457,Q2_pred_2,2
73517,3,0.047368016093969345,Q3_pred_3,3
65396,2,0.001869887113571167,Q1_pred_1,1
155282,3,0.10504613071680069,Q5_pred_5,5
144141,3,0.006620302796363831,Q1_pred_1,1
104392,3,0.03290344774723053,Q3_pred_3,3
65537,2,0.0031323283910751343,Q1_pred_1,1
104105,4,0.1118115782737732,Q5_pred_5,5
159435,3,0.006824716925621033,Q1_pred_1,1
146870,4,0.028948336839675903,Q3_pred_3,3
56171,3,0.024780020117759705,Q2_pred_2,2
104998,3,0.018868006765842438,Q2_pred_2,2
164387,4,0.0485154390335083,Q3_pred_3,3
86344,4,0.00636562705039978,Q1_pred_1,1
134055,4,0.08458954095840454,Q4_pred_4,4
373926,4,0.07264351844787598,Q4_pred_4,4
145409,5,0.0723554790019989,Q4_pred_4,4
147523,3,0.03079190105199814,Q3_pred_3,3
63682,4,0.04906482249498367,Q3_pred_3,3
214716,2,0.0014635920524597168,Q1_pred_1,1
38238,4,0.19605745375156403,Q5_pred_5,5
321741,4,0.00632360577583313,Q1_pred_1,1
170102,3,0.033129096031188965,Q3_pred_3,3
40462,4,0.05472618341445923,Q4_pred_4,4
352681,4,0.0011381059885025024,Q1_pred_1,1
157328,4,0.017237991094589233,Q2_pred_2,2
47303,3,0.013367563486099243,Q2_pred_2,2
171596,4,0.0300559401512146,Q3_pred_3,3
414085,2,0.024333424866199493,Q2_pred_2,2
354833,2,0.06288620829582214,Q4_pred_4,4
54486,3,0.03040538728237152,Q3_pred_3,3
104218,5,0.11610327661037445,Q5_pred_5,5
109620,2,0.04290526360273361,Q3_pred_3,3
239136,2,0.02115757018327713,Q2_pred_2,2
3345,3,0.13113439083099365,Q5_pred_5,5
11788,5,0.011010855436325073,Q1_pred_1,1
373207,5,0.0020291507244110107,Q1_pred_1,1
38457,4,0.12739035487174988,Q5_pred_5,5
219259,4,0.005257919430732727,Q1_pred_1,1
72341,4,0.06566713750362396,Q4_pred_4,4
148252,4,0.055259548127651215,Q4_pred_4,4
85804,5,0.07162320613861084,Q4_pred_4,4
153826,4,0.09562990069389343,Q5_pred_5,5
153595,5,0.025604218244552612,Q2_pred_2,2
10810,2,0.002203628420829773,Q1_pred_1,1
354373,5,0.04974278807640076,Q3_pred_3,3
338167,4,0.02571175992488861,Q2_pred_2,2
115929,4,0.1946108341217041,Q5_pred_5,5
27872,5,0.10211515426635742,Q5_pred_5,5
232635,5,0.027729742228984833,Q3_pred_3,3
376036,5,0.017238914966583252,Q2_pred_2,2
88915,5,0.027460098266601562,Q3_pred_3,3
89331,5,0.006202667951583862,Q1_pred_1,1
3891,3,0.1624220907688141,Q5_pred_5,5
153588,4,0.0419391393661499,Q3_pred_3,3
154003,4,0.14671939611434937,Q5_pred_5,5
156098,2,0.11090630292892456,Q5_pred_5,5
108928,3,0.042389318346977234,Q3_pred_3,3
86425,4,0.004216700792312622,Q1_pred_1,1
104003,4,0.03953069448471069,Q3_pred_3,3
117226,3,0.029692120850086212,Q3_pred_3,3
92391,4,0.06137186288833618,Q4_pred_4,4
91081,4,0.005204617977142334,Q1_pred_1,1
381275,4,0.05149398744106293,Q4_pred_4,4
340481,4,0.062362127006053925,Q4_pred_4,4
61759,4,0.017608363181352615,Q2_pred_2,2
156767,4,0.05120896175503731,Q4_pred_4,4
399536,3,0.020063042640686035,Q2_pred_2,2
408487,4,0.07133492827415466,Q4_pred_4,4
26937,5,0.013847434893250465,Q2_pred_2,2
54455,3,0.15327809751033783,Q5_pred_5,5
364654,4,0.10502072423696518,Q5_pred_5,5
2993,3,0.07865464687347412,Q4_pred_4,4
155573,3,0.03572745621204376,Q3_pred_3,3
28915,4,0.01803627610206604,Q2_pred_2,2
213453,3,0.014003805816173553,Q2_pred_2,2
389427,3,0.06565484404563904,Q4_pred_4,4
267486,4,0.013379693031311035,Q2_pred_2,2
213160,4,0.0013122260570526123,Q1_pred_1,1
62139,4,0.060893088579177856,Q4_pred_4,4
153039,4,0.0404764749109745,Q3_pred_3,3
75525,4,0.002629801630973816,Q1_pred_1,1
29722,4,0.062877357006073,Q4_pred_4,4
68654,4,0.043597977608442307,Q3_pred_3,3
395282,4,0.008885681629180908,Q1_pred_1,1
118723,5,0.007902160286903381,Q1_pred_1,1
5581,4,0.0018337517976760864,Q1_pred_1,1
22753,3,0.070927694439888,Q4_pred_4,4
80079,4,0.0022722668945789337,Q1_pred_1,1
130136,3,0.05684787034988403,Q4_pred_4,4
86767,2,0.056993529200553894,Q4_pred_4,4
47230,3,0.03208306431770325,Q3_pred_3,3
27694,3,0.0377369225025177,Q3_pred_3,3
180328,3,0.06709131598472595,Q4_pred_4,4
23771,2,0.03007356822490692,Q3_pred_3,3
163603,3,0.008252382278442383,Q1_pred_1,1
33196,3,0.01749233901500702,Q2_pred_2,2
86960,3,0.20554715394973755,Q5_pred_5,5
259978,3,0.01978228986263275,Q2_pred_2,2
117625,4,0.045403242111206055,Q3_pred_3,3
91765,3,0.020588472485542297,Q2_pred_2,2
63232,2,0.00776730477809906,Q1_pred_1,1
100843,3,0.28809306025505066,Q5_pred_5,5
123691,3,0.04727014899253845,Q3_pred_3,3
179339,3,0.022229738533496857,Q2_pred_2,2
53683,3,0.026169240474700928,Q2_pred_2,2
17556,2,0.02995428442955017,Q3_pred_3,3
3751,3,0.016499362885951996,Q2_pred_2,2
62509,4,0.010202199220657349,Q1_pred_1,1
142593,4,0.020268723368644714,Q2_pred_2,2
119560,4,0.03359542787075043,Q3_pred_3,3
47874,3,0.10252417623996735,Q5_pred_5,5
126123,4,0.04202604293823242,Q3_pred_3,3
23586,3,0.005642205476760864,Q1_pred_1,1
78623,3,0.02144557237625122,Q2_pred_2,2
411919,2,9.499490261077881e-05,Q1_pred_1,1
415445,3,0.0018664300441741943,Q1_pred_1,1
13640,3,0.15660494565963745,Q5_pred_5,5
170313,4,0.0010254979133605957,Q1_pred_1,1
347033,4,0.01997564733028412,Q2_pred_2,2
238394,4,0.017767518758773804,Q2_pred_2,2
252712,4,0.004954494535923004,Q1_pred_1,1
196071,4,0.005425646901130676,Q1_pred_1,1
50171,4,0.006116211414337158,Q1_pred_1,1
16665,2,0.030799660831689835,Q3_pred_3,3
68058,3,0.02278810739517212,Q2_pred_2,2
26219,3,0.04108995571732521,Q3_pred_3,3
106467,5,0.01901264488697052,Q2_pred_2,2
50422,4,0.05209408700466156,Q4_pred_4,4
102105,3,0.06569205224514008,Q4_pred_4,4
28056,4,0.10620376467704773,Q5_pred_5,5
43176,4,0.02866789698600769,Q3_pred_3,3
72555,4,0.03350280225276947,Q3_pred_3,3
411222,4,0.05030035972595215,Q4_pred_4,4
141826,4,0.026722699403762817,Q2_pred_2,2
109562,4,0.04024206101894379,Q3_pred_3,3
378698,4,0.008553396910429,Q1_pred_1,1
186394,2,0.013173818588256836,Q2_pred_2,2
50577,1,0.019145116209983826,Q2_pred_2,2
335518,4,0.01761583983898163,Q2_pred_2,2
15728,3,0.060863710939884186,Q4_pred_4,4
168028,4,0.012756571173667908,Q2_pred_2,2
87680,3,0.12322291731834412,Q5_pred_5,5
272387,4,0.07877963781356812,Q4_pred_4,4
8762,2,0.08732173591852188,Q5_pred_5,5
18107,3,0.012457258999347687,Q2_pred_2,2
205826,4,0.15266552567481995,Q5_pred_5,5
66284,3,0.021402612328529358,Q2_pred_2,2
434951,4,0.06906978785991669,Q4_pred_4,4
249476,3,0.009160622954368591,Q1_pred_1,1
90190,3,0.01255747675895691,Q2_pred_2,2
27353,4,0.07649928331375122,Q4_pred_4,4
250063,3,0.057905495166778564,Q4_pred_4,4
135846,3,0.046314164996147156,Q3_pred_3,3
162025,3,0.030392199754714966,Q3_pred_3,3
50197,2,0.014352500438690186,Q2_pred_2,2
209685,3,0.05719846114516258,Q4_pred_4,4
26550,4,0.05134883522987366,Q4_pred_4,4
26602,4,0.059057023376226425,Q4_pred_4,4
239856,4,0.060331523418426514,Q4_pred_4,4
360851,5,0.028199076652526855,Q3_pred_3,3
373276,4,0.004033833742141724,Q1_pred_1,1
372646,5,0.11223161965608597,Q5_pred_5,5
261038,3,0.04729868471622467,Q3_pred_3,3
373604,4,0.10808005928993225,Q5_pred_5,5
39206,5,0.0589640736579895,Q4_pred_4,4
414615,4,0.001218363642692566,Q1_pred_1,1
399045,3,0.1227533221244812,Q5_pred_5,5
105873,2,0.07096467167139053,Q4_pred_4,4
137562,5,0.013842619955539703,Q2_pred_2,2
19155,4,0.08155140280723572,Q4_pred_4,4
113090,4,0.017315179109573364,Q2_pred_2,2
193784,5,0.028161630034446716,Q3_pred_3,3
50269,2,0.007417142391204834,Q1_pred_1,1
319113,3,0.025225698947906494,Q2_pred_2,2
125596,2,0.0575028732419014,Q4_pred_4,4
354196,3,0.21196788549423218,Q5_pred_5,5
84052,5,0.0591663122177124,Q4_pred_4,4
353473,5,0.059317149221897125,Q4_pred_4,4
136966,5,0.12462079524993896,Q5_pred_5,5
4281,3,0.005955815315246582,Q1_pred_1,1
390700,4,0.015988454222679138,Q2_pred_2,2
368505,2,0.00910525768995285,Q1_pred_1,1
74544,1,0.12517911195755005,Q5_pred_5,5
46731,3,0.023033708333969116,Q2_pred_2,2
365007,3,0.05074961483478546,Q4_pred_4,4
16208,4,0.04383952170610428,Q3_pred_3,3
155569,4,0.02946409583091736,Q3_pred_3,3
103193,3,0.08168887346982956,Q4_pred_4,4
192790,2,0.012486189603805542,Q2_pred_2,2
28628,5,0.17644846439361572,Q5_pred_5,5
114065,3,0.0008002668619155884,Q1_pred_1,1
58052,4,0.024960041046142578,Q2_pred_2,2
116428,4,0.04688983038067818,Q3_pred_3,3
3652,3,0.016409635543823242,Q2_pred_2,2
19822,4,0.04541201889514923,Q3_pred_3,3
248444,5,0.10300865769386292,Q5_pred_5,5
327432,4,0.036505237221717834,Q3_pred_3,3
142848,4,0.0450710654258728,Q3_pred_3,3
390712,3,0.039531856775283813,Q3_pred_3,3
110162,2,0.014109328389167786,Q2_pred_2,2
80190,4,0.04301688075065613,Q3_pred_3,3
114347,2,0.017232824116945267,Q2_pred_2,2
132911,4,0.0708884596824646,Q4_pred_4,4
118956,3,0.10618767142295837,Q5_pred_5,5
81574,4,0.010906189680099487,Q1_pred_1,1
236492,4,0.27838513255119324,Q5_pred_5,5
63618,4,0.08437508344650269,Q4_pred_4,4
29321,4,0.04393652081489563,Q3_pred_3,3
151808,3,0.056587666273117065,Q4_pred_4,4
418632,3,0.0008878558874130249,Q1_pred_1,1
146858,2,0.021150648593902588,Q2_pred_2,2
365548,4,0.001249954104423523,Q1_pred_1,1
383671,5,0.08830347657203674,Q5_pred_5,5
68740,4,0.03090733289718628,Q3_pred_3,3
247258,5,0.11276882886886597,Q5_pred_5,5
50316,4,0.040646031498909,Q3_pred_3,3
361910,2,0.025583788752555847,Q2_pred_2,2
243570,4,0.031372636556625366,Q3_pred_3,3
22778,4,0.022308439016342163,Q2_pred_2,2
153602,5,0.020609498023986816,Q2_pred_2,2
158772,4,0.09143403172492981,Q5_pred_5,5
133856,3,0.053535208106040955,Q4_pred_4,4
130753,4,0.027652785181999207,Q3_pred_3,3
441157,4,0.003826320171356201,Q1_pred_1,1
69961,4,0.08074194192886353,Q4_pred_4,4
63466,3,0.007428448647260666,Q1_pred_1,1
246887,5,0.2013629674911499,Q5_pred_5,5
178825,4,0.01961684226989746,Q2_pred_2,2
240347,3,0.005552738904953003,Q1_pred_1,1
60155,3,0.036733776330947876,Q3_pred_3,3
161924,4,0.01271010935306549,Q2_pred_2,2
218418,4,0.03021964430809021,Q3_pred_3,3
239509,3,0.04784731939435005,Q3_pred_3,3
125243,2,0.05724439024925232,Q4_pred_4,4
35441,2,0.028988227248191833,Q3_pred_3,3
41784,2,0.10301588475704193,Q5_pred_5,5
72077,3,0.019312307238578796,Q2_pred_2,2
27312,3,0.009940892457962036,Q1_pred_1,1
151591,4,0.08789375424385071,Q5_pred_5,5
58907,4,0.05765408277511597,Q4_pred_4,4
109545,4,0.046426817774772644,Q3_pred_3,3
148495,4,0.11567533016204834,Q5_pred_5,5
214732,3,0.003990374505519867,Q1_pred_1,1
108877,4,0.015834003686904907,Q2_pred_2,2
44615,3,0.07458467781543732,Q4_pred_4,4
53493,3,0.022682994604110718,Q2_pred_2,2
374735,4,0.12394455075263977,Q5_pred_5,5
87315,3,0.05785110592842102,Q4_pred_4,4
75223,3,0.043146878480911255,Q3_pred_3,3
16435,3,0.013873279094696045,Q2_pred_2,2
64187,3,0.034434735774993896,Q3_pred_3,3
373612,4,0.07155592739582062,Q4_pred_4,4
207167,4,0.18088717758655548,Q5_pred_5,5
33793,2,0.07137452065944672,Q4_pred_4,4
114111,1,0.01316966861486435,Q2_pred_2,2
340926,4,0.05317176878452301,Q4_pred_4,4
13463,4,0.11585140228271484,Q5_pred_5,5
261193,4,0.04199680685997009,Q3_pred_3,3
200940,3,0.0005853231996297836,Q1_pred_1,1
142655,5,0.049322307109832764,Q3_pred_3,3
183062,5,0.022780507802963257,Q2_pred_2,2
120654,4,0.2939198315143585,Q5_pred_5,5
333403,4,0.0338410884141922,Q3_pred_3,3
24647,3,0.018136441707611084,Q2_pred_2,2
250380,3,0.03260958194732666,Q3_pred_3,3
324746,3,0.03456927835941315,Q3_pred_3,3
368431,4,0.01026490330696106,Q1_pred_1,1
146432,2,0.11824631690979004,Q5_pred_5,5
69811,3,0.021486550569534302,Q2_pred_2,2
97642,4,0.09515923261642456,Q5_pred_5,5
23910,4,0.052928924560546875,Q4_pred_4,4
219212,3,0.005857497453689575,Q1_pred_1,1
61231,4,0.005671534687280655,Q1_pred_1,1
235166,4,0.0005415976047515869,Q1_pred_1,1
105291,4,0.07707099616527557,Q4_pred_4,4
190028,4,0.06566491723060608,Q4_pred_4,4
136953,4,0.10626792907714844,Q5_pred_5,5
9548,4,0.0026022568345069885,Q1_pred_1,1
271416,4,0.008318907581269741,Q1_pred_1,1
114330,1,0.00942152738571167,Q1_pred_1,1
424706,4,0.0422055721282959,Q3_pred_3,3
245110,4,0.006793845444917679,Q1_pred_1,1
152594,4,0.020440079271793365,Q2_pred_2,2
121472,4,0.20938463509082794,Q5_pred_5,5
216009,4,0.09592330455780029,Q5_pred_5,5
199203,3,0.08934281766414642,Q5_pred_5,5
20620,3,0.07861366122961044,Q4_pred_4,4
88931,3,0.015156794339418411,Q2_pred_2,2
109126,4,0.009763158857822418,Q1_pred_1,1
15922,4,0.09603598713874817,Q5_pred_5,5
14007,3,0.07962508499622345,Q4_pred_4,4
20017,4,0.23362582921981812,Q5_pred_5,5
82816,2,0.03776577115058899,Q3_pred_3,3
13041,3,0.019841313362121582,Q2_pred_2,2
172863,4,0.0946340560913086,Q5_pred_5,5
222213,4,0.09017336368560791,Q5_pred_5,5
127671,3,0.050910256803035736,Q4_pred_4,4
357171,4,0.136231929063797,Q5_pred_5,5
344150,3,0.006668403744697571,Q1_pred_1,1
51035,4,0.0648881196975708,Q4_pred_4,4
89959,4,0.02962052822113037,Q3_pred_3,3
104528,4,0.04462343454360962,Q3_pred_3,3
184798,4,0.012824777513742447,Q2_pred_2,2
10133,2,0.06262711435556412,Q4_pred_4,4
61562,4,0.0013317419216036797,Q1_pred_1,1
161278,3,0.17024710774421692,Q5_pred_5,5
1263,3,0.06322547793388367,Q4_pred_4,4
71087,3,0.026229754090309143,Q2_pred_2,2
5514,4,0.03479151427745819,Q3_pred_3,3
69726,3,0.03202623128890991,Q3_pred_3,3
151045,4,0.017890438437461853,Q2_pred_2,2
354188,4,0.21174603700637817,Q5_pred_5,5
163496,4,0.008702792227268219,Q1_pred_1,1
125582,4,0.01800016313791275,Q2_pred_2,2
358657,4,0.05056792497634888,Q4_pred_4,4
162692,4,0.0388340950012207,Q3_pred_3,3
157195,4,0.04582910239696503,Q3_pred_3,3
89895,4,0.016232039779424667,Q2_pred_2,2
64607,4,0.03691372275352478,Q3_pred_3,3
406243,3,0.008767612278461456,Q1_pred_1,1
428989,4,0.12225610762834549,Q5_pred_5,5
127231,4,0.05974416434764862,Q4_pred_4,4
239659,4,0.0572907030582428,Q4_pred_4,4
240804,3,0.0502915196120739,Q4_pred_4,4
211903,4,0.01966921240091324,Q2_pred_2,2
343165,3,0.026785820722579956,Q2_pred_2,2
135698,4,0.10297852009534836,Q5_pred_5,5
246937,4,0.02758273482322693,Q3_pred_3,3
86836,4,0.0306064635515213,Q3_pred_3,3
93334,4,0.08080461621284485,Q4_pred_4,4
332914,3,0.05650024116039276,Q4_pred_4,4
58656,4,0.011996947228908539,Q2_pred_2,2
100904,4,0.009181559085845947,Q1_pred_1,1
222341,4,0.05077505111694336,Q4_pred_4,4
1375,3,0.05715194344520569,Q4_pred_4,4
157018,4,0.04267345368862152,Q3_pred_3,3
244452,3,0.008999772369861603,Q1_pred_1,1
33694,4,0.08969621360301971,Q5_pred_5,5
96727,4,0.017289698123931885,Q2_pred_2,2
23667,4,0.001584559679031372,Q1_pred_1,1
425440,5,0.0412495881319046,Q3_pred_3,3
27054,4,0.054306209087371826,Q4_pred_4,4
97512,3,0.0028129853308200836,Q1_pred_1,1
60052,3,0.08384785056114197,Q4_pred_4,4
137535,5,0.03261737525463104,Q3_pred_3,3
427113,4,0.025059998035430908,Q2_pred_2,2
101408,4,0.09626708924770355,Q5_pred_5,5
235724,4,0.005689799785614014,Q1_pred_1,1
79449,4,0.1606162041425705,Q5_pred_5,5
170563,3,0.010810106992721558,Q1_pred_1,1
261488,5,0.06468087434768677,Q4_pred_4,4
247203,4,0.02251526713371277,Q2_pred_2,2
233830,4,0.0009489655494689941,Q1_pred_1,1
136306,3,0.1490688920021057,Q5_pred_5,5
372322,4,0.07971900701522827,Q4_pred_4,4
47040,3,0.1877146065235138,Q5_pred_5,5
120973,3,0.07053250074386597,Q4_pred_4,4
98739,3,0.006560027599334717,Q1_pred_1,1
91078,4,0.002547711133956909,Q1_pred_1,1
366632,4,0.009894967079162598,Q1_pred_1,1
58034,4,0.016597330570220947,Q2_pred_2,2
412162,3,0.027468115091323853,Q3_pred_3,3
381483,4,0.11140596866607666,Q5_pred_5,5
5194,4,0.009996533393859863,Q1_pred_1,1
130042,4,0.00501263327896595,Q1_pred_1,1
25355,4,0.058797821402549744,Q4_pred_4,4
28776,4,0.04331003129482269,Q3_pred_3,3
158604,4,0.03308817744255066,Q3_pred_3,3
86680,4,0.036956191062927246,Q3_pred_3,3
343613,3,0.05120524764060974,Q4_pred_4,4
198251,4,0.005953066982328892,Q1_pred_1,1
105836,4,0.06885789334774017,Q4_pred_4,4
114188,4,0.008317157626152039,Q1_pred_1,1
195739,3,0.006289497017860413,Q1_pred_1,1
410678,4,0.07342785596847534,Q4_pred_4,4
160306,4,0.09264400601387024,Q5_pred_5,5
105924,4,0.08837950229644775,Q5_pred_5,5
5627,4,0.12428814172744751,Q5_pred_5,5
4269,3,0.011785745620727539,Q1_pred_1,1
374959,4,0.09025402367115021,Q5_pred_5,5
34180,3,0.0337333083152771,Q3_pred_3,3
33439,3,0.017222091555595398,Q2_pred_2,2
42845,3,0.016905829310417175,Q2_pred_2,2
29193,4,0.04597976803779602,Q3_pred_3,3
221532,4,0.005391955375671387,Q1_pred_1,1
10424,3,0.011577293276786804,Q1_pred_1,1
195300,4,0.020542696118354797,Q2_pred_2,2
83437,4,0.06729453802108765,Q4_pred_4,4
104766,3,0.008576542139053345,Q1_pred_1,1
137121,2,0.08254586160182953,Q4_pred_4,4
220582,4,0.048198141157627106,Q3_pred_3,3
340594,4,0.00746116042137146,Q1_pred_1,1
117223,2,0.02393506094813347,Q2_pred_2,2
93368,4,0.006580561399459839,Q1_pred_1,1
78795,3,0.049442291259765625,Q3_pred_3,3
62501,3,0.011466927826404572,Q1_pred_1,1
382023,4,0.06100787967443466,Q4_pred_4,4
57410,4,0.0029941201210021973,Q1_pred_1,1
118859,3,0.1415337473154068,Q5_pred_5,5
59726,3,0.06492353230714798,Q4_pred_4,4
30987,3,0.02862105518579483,Q3_pred_3,3
48315,4,0.13963887095451355,Q5_pred_5,5
331608,4,0.008452554233372211,Q1_pred_1,1
222344,4,0.048851221799850464,Q3_pred_3,3
330400,3,0.019871823489665985,Q2_pred_2,2
393818,3,0.0430452823638916,Q3_pred_3,3
58510,4,0.21304062008857727,Q5_pred_5,5
201990,4,0.09531401842832565,Q5_pred_5,5
87773,2,0.026285842061042786,Q2_pred_2,2
158610,4,0.005358189344406128,Q1_pred_1,1
18880,2,0.048319533467292786,Q3_pred_3,3
164173,2,0.06740552186965942,Q4_pred_4,4
1053,4,0.025636762380599976,Q2_pred_2,2
23913,4,0.07047969102859497,Q4_pred_4,4
236565,4,0.27677637338638306,Q5_pred_5,5
117219,1,0.016948901116847992,Q2_pred_2,2
379468,3,0.05919106304645538,Q4_pred_4,4
52833,3,0.1594003438949585,Q5_pred_5,5
357489,5,0.014965534210205078,Q2_pred_2,2
395241,3,0.06365683674812317,Q4_pred_4,4
72291,4,0.08999812602996826,Q5_pred_5,5
58507,4,0.2708996534347534,Q5_pred_5,5
354736,4,0.04589933156967163,Q3_pred_3,3
383494,4,0.044429779052734375,Q3_pred_3,3
5680,4,0.004768751561641693,Q1_pred_1,1
379750,4,0.05462057888507843,Q4_pred_4,4
18665,3,0.04484298825263977,Q3_pred_3,3
356479,4,0.003209352493286133,Q1_pred_1,1
377266,4,0.005567595362663269,Q1_pred_1,1
86401,3,0.021338343620300293,Q2_pred_2,2
84031,4,0.084360271692276,Q4_pred_4,4
116366,4,0.0663914829492569,Q4_pred_4,4
161948,4,0.010659366846084595,Q1_pred_1,1
373558,4,0.010405927896499634,Q1_pred_1,1
41588,4,0.06573033332824707,Q4_pred_4,4
359706,4,0.1009843647480011,Q5_pred_5,5
369285,4,0.0006173104047775269,Q1_pred_1,1
153552,3,0.005031675100326538,Q1_pred_1,1
212703,4,0.09035984426736832,Q5_pred_5,5
112779,3,0.013570509850978851,Q2_pred_2,2
64282,3,0.09461532533168793,Q5_pred_5,5
189508,3,0.11407290399074554,Q5_pred_5,5
40302,2,0.07368586957454681,Q4_pred_4,4
33257,4,0.03908379375934601,Q3_pred_3,3
48589,3,0.06915929913520813,Q4_pred_4,4
402141,4,0.07180678099393845,Q4_pred_4,4
156042,2,0.00861126184463501,Q1_pred_1,1
20022,3,0.004632622003555298,Q1_pred_1,1
241210,4,0.011487424373626709,Q1_pred_1,1
128309,3,0.1595432460308075,Q5_pred_5,5
386593,4,0.04824325069785118,Q3_pred_3,3
50257,2,0.007463335990905762,Q1_pred_1,1
5197,4,6.538629531860352e-05,Q1_pred_1,1
50274,2,0.05087551474571228,Q4_pred_4,4
69813,4,0.043920524418354034,Q3_pred_3,3
176226,4,0.02634871006011963,Q2_pred_2,2
165746,4,0.04802048206329346,Q3_pred_3,3
104888,4,0.03172922879457474,Q3_pred_3,3
15568,4,0.16531331837177277,Q5_pred_5,5
386111,4,0.002437904477119446,Q1_pred_1,1
14946,4,0.02662503719329834,Q2_pred_2,2
416364,4,0.006018304266035557,Q1_pred_1,1
344559,4,0.01188310980796814,Q2_pred_2,2
42904,4,0.010875314474105835,Q1_pred_1,1
163007,4,0.056786760687828064,Q4_pred_4,4
237948,3,0.016322486102581024,Q2_pred_2,2
248880,5,0.11383494734764099,Q5_pred_5,5
79390,3,0.04075610637664795,Q3_pred_3,3
119355,4,0.1981060653924942,Q5_pred_5,5
109616,4,0.04261205345392227,Q3_pred_3,3
423853,4,0.04106876254081726,Q3_pred_3,3
332000,4,0.03852789103984833,Q3_pred_3,3
62311,4,0.10161229968070984,Q5_pred_5,5
14956,4,0.02781006693840027,Q3_pred_3,3
179543,4,0.004028141498565674,Q1_pred_1,1
195272,4,0.1401025652885437,Q5_pred_5,5
11505,4,0.011747702956199646,Q1_pred_1,1
380043,3,0.045440495014190674,Q3_pred_3,3
71120,4,0.04377371072769165,Q3_pred_3,3
210684,4,0.012319810688495636,Q2_pred_2,2
246687,4,0.008924797177314758,Q1_pred_1,1
35836,4,0.035072244703769684,Q3_pred_3,3
168878,4,0.031658172607421875,Q3_pred_3,3
382490,5,0.01418304443359375,Q2_pred_2,2
241492,4,0.014053158462047577,Q2_pred_2,2
150161,3,0.038445621728897095,Q3_pred_3,3
242241,4,0.006299868226051331,Q1_pred_1,1
60781,3,0.019567370414733887,Q2_pred_2,2
263949,4,0.04928356409072876,Q3_pred_3,3
374357,4,0.08697348833084106,Q5_pred_5,5
355124,4,0.10950657725334167,Q5_pred_5,5
157248,2,0.10189282894134521,Q5_pred_5,5
251130,4,0.018956005573272705,Q2_pred_2,2
26600,3,0.05984107404947281,Q4_pred_4,4
104338,3,0.039854198694229126,Q3_pred_3,3
170332,3,0.00995231419801712,Q1_pred_1,1
57209,3,0.0011641830205917358,Q1_pred_1,1
160017,3,0.044152893126010895,Q3_pred_3,3
6986,3,0.007672891020774841,Q1_pred_1,1
372939,4,0.008575797080993652,Q1_pred_1,1
332318,4,0.004906177520751953,Q1_pred_1,1
10827,4,0.019557520747184753,Q2_pred_2,2
188886,4,0.06834748387336731,Q4_pred_4,4
363684,5,0.26215860247612,Q5_pred_5,5
428164,4,0.018322229385375977,Q2_pred_2,2
51261,3,0.10485563427209854,Q5_pred_5,5
236557,4,0.23218777775764465,Q5_pred_5,5
63892,3,0.09454990923404694,Q5_pred_5,5
38395,4,0.012695133686065674,Q2_pred_2,2
407754,4,0.053180769085884094,Q4_pred_4,4
73454,4,0.029009973630309105,Q3_pred_3,3
65340,2,0.0432983934879303,Q3_pred_3,3
102190,3,0.021261066198349,Q2_pred_2,2
435557,4,0.04650631546974182,Q3_pred_3,3
63391,3,0.06397572159767151,Q4_pred_4,4
62109,3,0.051806360483169556,Q4_pred_4,4
127375,3,0.0627027228474617,Q4_pred_4,4
22127,4,0.027681857347488403,Q3_pred_3,3
32284,3,0.004934958182275295,Q1_pred_1,1
193635,4,0.19062644243240356,Q5_pred_5,5
357903,4,0.18271005153656006,Q5_pred_5,5
106481,3,0.042061757296323776,Q3_pred_3,3
104029,4,0.09403981268405914,Q5_pred_5,5
59122,3,0.00515379011631012,Q1_pred_1,1
23859,4,0.0672825276851654,Q4_pred_4,4
200900,4,0.006487288512289524,Q1_pred_1,1
165070,3,0.04469718039035797,Q3_pred_3,3
136032,4,0.025737524032592773,Q2_pred_2,2
184237,4,0.03791956603527069,Q3_pred_3,3
374836,4,0.09571695327758789,Q5_pred_5,5
209965,4,0.019677624106407166,Q2_pred_2,2
31725,4,0.024026982486248016,Q2_pred_2,2
216763,3,0.0013067573308944702,Q1_pred_1,1
114163,2,0.01214161328971386,Q2_pred_2,2
61709,4,0.001141529530286789,Q1_pred_1,1
414752,4,0.0013789832592010498,Q1_pred_1,1
136302,4,0.10762465745210648,Q5_pred_5,5
20381,3,0.045963138341903687,Q3_pred_3,3
10521,4,0.15701881051063538,Q5_pred_5,5
39622,4,0.025940150022506714,Q2_pred_2,2
353207,3,0.03817395865917206,Q3_pred_3,3
398032,4,0.033757686614990234,Q3_pred_3,3
39531,4,0.032757923007011414,Q3_pred_3,3
393632,4,0.004193902015686035,Q1_pred_1,1
50857,4,0.034093715250492096,Q3_pred_3,3
148355,4,0.12063775956630707,Q5_pred_5,5
27503,3,0.011662647128105164,Q1_pred_1,1
349514,3,0.130147784948349,Q5_pred_5,5
102348,4,0.0019151866436004639,Q1_pred_1,1
356451,5,0.15414957702159882,Q5_pred_5,5
192413,3,0.010511219501495361,Q1_pred_1,1
136991,3,0.19396831095218658,Q5_pred_5,5
254644,3,0.021493762731552124,Q2_pred_2,2
28377,3,0.18864861130714417,Q5_pred_5,5
377137,4,0.006175100803375244,Q1_pred_1,1
154010,4,0.1760767102241516,Q5_pred_5,5
276948,4,0.05363030731678009,Q4_pred_4,4
257609,4,0.009768515825271606,Q1_pred_1,1
379748,4,0.021026000380516052,Q2_pred_2,2
203111,4,0.014381945133209229,Q2_pred_2,2
244012,4,0.17948412895202637,Q5_pred_5,5
111011,3,0.02196282148361206,Q2_pred_2,2
172314,2,0.0623527467250824,Q4_pred_4,4
24601,3,0.00021311640739440918,Q1_pred_1,1
397375,3,0.02129276841878891,Q2_pred_2,2
429057,4,0.10721096396446228,Q5_pred_5,5
50373,4,0.24855181574821472,Q5_pred_5,5
321200,4,0.0011396706104278564,Q1_pred_1,1
374736,4,0.1340944468975067,Q5_pred_5,5
414030,4,0.008049100637435913,Q1_pred_1,1
27558,4,0.1289556920528412,Q5_pred_5,5
423791,4,0.06339660286903381,Q4_pred_4,4
417116,4,0.011617809534072876,Q1_pred_1,1
156784,4,0.04399021714925766,Q3_pred_3,3
12002,4,0.09715808928012848,Q5_pred_5,5
386254,4,0.03850458189845085,Q3_pred_3,3
261199,4,0.03164234757423401,Q3_pred_3,3
426906,4,0.008059054613113403,Q1_pred_1,1
76322,4,0.07813960313796997,Q4_pred_4,4
161967,4,0.007509544491767883,Q1_pred_1,1
153670,4,0.06160217523574829,Q4_pred_4,4
79391,3,0.03705047816038132,Q3_pred_3,3
259170,4,0.04688829928636551,Q3_pred_3,3
10502,3,0.17139969766139984,Q5_pred_5,5
337000,4,0.015886306762695312,Q2_pred_2,2
187135,3,0.017558708786964417,Q2_pred_2,2
96158,4,0.017714321613311768,Q2_pred_2,2
120470,3,0.003745853900909424,Q1_pred_1,1
28831,4,0.09382930397987366,Q5_pred_5,5
372408,4,0.11038602888584137,Q5_pred_5,5
4528,3,0.07640822231769562,Q4_pred_4,4
10942,2,0.028835684061050415,Q3_pred_3,3
178605,4,0.0036157965660095215,Q1_pred_1,1
128833,4,0.014424175024032593,Q2_pred_2,2
386358,3,0.010646313428878784,Q1_pred_1,1
371157,4,0.07322992384433746,Q4_pred_4,4
69590,4,0.07174713164567947,Q4_pred_4,4
58273,4,0.009480312466621399,Q1_pred_1,1
26070,4,0.08075100183486938,Q4_pred_4,4
158973,4,0.031718045473098755,Q3_pred_3,3
171464,4,0.17477601766586304,Q5_pred_5,5
61719,4,0.012279115617275238,Q2_pred_2,2
179233,4,0.023639000952243805,Q2_pred_2,2
168058,3,0.008123339153826237,Q1_pred_1,1
64184,4,0.023350387811660767,Q2_pred_2,2
58293,4,0.01027381420135498,Q1_pred_1,1
113277,4,0.01753857359290123,Q2_pred_2,2
157436,4,0.015619724988937378,Q2_pred_2,2
40405,4,0.12397855520248413,Q5_pred_5,5
274877,4,0.014457255601882935,Q2_pred_2,2
237210,4,0.09975437819957733,Q5_pred_5,5
15923,2,0.05674513429403305,Q4_pred_4,4
407932,4,0.025452204048633575,Q2_pred_2,2
237958,4,0.018921393901109695,Q2_pred_2,2
83992,4,0.004605088382959366,Q1_pred_1,1
146095,4,0.1821858286857605,Q5_pred_5,5
239141,4,0.008841380476951599,Q1_pred_1,1
61778,4,0.041342101991176605,Q3_pred_3,3
77309,4,0.027312815189361572,Q2_pred_2,2
126853,3,0.05920472741127014,Q4_pred_4,4
166345,4,0.004899140447378159,Q1_pred_1,1
381467,4,0.11407360434532166,Q5_pred_5,5
164175,4,0.03365376591682434,Q3_pred_3,3
65517,4,0.06850394606590271,Q4_pred_4,4
152351,3,0.014922969043254852,Q2_pred_2,2
90278,4,0.04040062800049782,Q3_pred_3,3
51354,3,0.0358927845954895,Q3_pred_3,3
50301,2,0.007663026452064514,Q1_pred_1,1
102027,4,0.09310245513916016,Q5_pred_5,5
345133,4,0.06891806423664093,Q4_pred_4,4
109543,3,0.027193576097488403,Q2_pred_2,2
71862,3,0.004348278045654297,Q1_pred_1,1
1054,3,0.0541197806596756,Q4_pred_4,4
29825,4,0.0006605386734008789,Q1_pred_1,1
104388,3,0.03743387758731842,Q3_pred_3,3
38943,4,0.06360612064599991,Q4_pred_4,4
51479,4,0.06017082929611206,Q4_pred_4,4
55959,4,0.16317471861839294,Q5_pred_5,5
152980,3,0.05675438046455383,Q4_pred_4,4
29062,4,0.04784972220659256,Q3_pred_3,3
11926,4,0.06089779734611511,Q4_pred_4,4
86705,4,0.07161763310432434,Q4_pred_4,4
163012,3,0.09867927432060242,Q5_pred_5,5
11257,2,0.1387042999267578,Q5_pred_5,5
417835,4,0.023378826677799225,Q2_pred_2,2
6229,3,0.06665778160095215,Q4_pred_4,4
118275,4,0.0035848617553710938,Q1_pred_1,1
32605,4,0.029602408409118652,Q3_pred_3,3
158971,4,0.009007394313812256,Q1_pred_1,1
28591,4,0.1923348307609558,Q5_pred_5,5
127171,3,0.0646105408668518,Q4_pred_4,4
177845,3,0.04784148558974266,Q3_pred_3,3
160379,4,0.056783005595207214,Q4_pred_4,4
48057,4,0.04150371253490448,Q3_pred_3,3
41102,4,0.14274680614471436,Q5_pred_5,5
188477,3,0.056320786476135254,Q4_pred_4,4
242232,4,0.06826752424240112,Q4_pred_4,4
251172,4,0.027931511402130127,Q3_pred_3,3
336996,4,0.009666860103607178,Q1_pred_1,1
40903,4,0.0009461790323257446,Q1_pred_1,1
15641,4,0.0010033752769231796,Q1_pred_1,1
218988,4,0.038265787065029144,Q3_pred_3,3
184271,4,0.11027058959007263,Q5_pred_5,5
256414,4,0.04986034333705902,Q3_pred_3,3
184689,4,0.06293701380491257,Q4_pred_4,4
67744,4,0.05276027321815491,Q4_pred_4,4
54387,3,0.03118002414703369,Q3_pred_3,3
85694,4,0.07088257372379303,Q4_pred_4,4
127625,4,0.055726855993270874,Q4_pred_4,4
50196,2,0.017337173223495483,Q2_pred_2,2
123039,3,0.08343975245952606,Q4_pred_4,4
20536,4,0.042927950620651245,Q3_pred_3,3
114157,4,0.046854473650455475,Q3_pred_3,3
165034,3,0.006262257695198059,Q1_pred_1,1
189830,4,0.006847351789474487,Q1_pred_1,1
271514,5,0.04521852731704712,Q3_pred_3,3
154220,5,0.007230281829833984,Q1_pred_1,1
182992,5,0.03358234465122223,Q3_pred_3,3
34896,5,0.002135354559868574,Q1_pred_1,1
219772,5,0.07937359809875488,Q4_pred_4,4
204649,4,0.003014311194419861,Q1_pred_1,1
18593,4,0.0014595389366149902,Q1_pred_1,1
764,4,0.17291563749313354,Q5_pred_5,5
18563,3,0.15626612305641174,Q5_pred_5,5
114103,2,0.020904362201690674,Q2_pred_2,2
188940,4,0.08454573154449463,Q4_pred_4,4
69470,3,0.034406960010528564,Q3_pred_3,3
383688,4,0.07122614979743958,Q4_pred_4,4
105645,4,0.0828114002943039,Q4_pred_4,4
84000,5,0.1102144867181778,Q5_pred_5,5
10134,1,0.06380979716777802,Q4_pred_4,4
418949,4,0.04026348516345024,Q3_pred_3,3
24103,3,0.024119973182678223,Q2_pred_2,2
24728,4,0.06937379390001297,Q4_pred_4,4
6028,4,0.005959212779998779,Q1_pred_1,1
169810,4,0.015579670667648315,Q2_pred_2,2
376031,4,0.009746894240379333,Q1_pred_1,1
25068,4,0.030795514583587646,Q3_pred_3,3
382835,5,0.0631801187992096,Q4_pred_4,4
76497,4,0.07354620099067688,Q4_pred_4,4
64466,3,0.04870453476905823,Q3_pred_3,3
1945,3,0.03195995092391968,Q3_pred_3,3
387698,4,0.022974669933319092,Q2_pred_2,2
148534,4,0.04546588659286499,Q3_pred_3,3
54388,4,0.07319223880767822,Q4_pred_4,4
78493,3,0.016993526369333267,Q2_pred_2,2
73753,2,0.012925729155540466,Q2_pred_2,2
10497,4,0.17197716236114502,Q5_pred_5,5
417786,2,0.011345148086547852,Q1_pred_1,1
426389,4,0.10633805394172668,Q5_pred_5,5
137658,4,0.06464074552059174,Q4_pred_4,4
84563,4,0.035383209586143494,Q3_pred_3,3
415428,4,0.04764682054519653,Q3_pred_3,3
165356,3,0.006539739668369293,Q1_pred_1,1
109152,4,0.004124298691749573,Q1_pred_1,1
419738,3,0.012408927083015442,Q2_pred_2,2
29004,4,0.061200425028800964,Q4_pred_4,4
369070,4,0.026603281497955322,Q2_pred_2,2
104430,3,0.025426805019378662,Q2_pred_2,2
60793,4,0.018251240253448486,Q2_pred_2,2
119395,4,0.20037440955638885,Q5_pred_5,5
45063,5,0.0009731873869895935,Q1_pred_1,1
161250,2,0.04731038212776184,Q3_pred_3,3
315932,2,0.024914123117923737,Q2_pred_2,2
11849,4,0.2694329023361206,Q5_pred_5,5
5504,4,0.016326621174812317,Q2_pred_2,2
359816,5,0.08103823661804199,Q4_pred_4,4
216534,4,0.025729969143867493,Q2_pred_2,2
51105,4,0.005386814475059509,Q1_pred_1,1
107141,4,0.0038491636514663696,Q1_pred_1,1
483494,4,0.05589711666107178,Q4_pred_4,4
104783,3,0.009415537118911743,Q1_pred_1,1
190582,3,0.025327399373054504,Q2_pred_2,2
84099,4,0.08869992941617966,Q5_pred_5,5
31821,4,0.02765411138534546,Q3_pred_3,3
247166,4,0.11541832983493805,Q5_pred_5,5
348081,3,0.022546429187059402,Q2_pred_2,2
104650,3,0.024142161011695862,Q2_pred_2,2
33189,4,0.19876784086227417,Q5_pred_5,5
58928,4,0.010226279497146606,Q1_pred_1,1
76560,3,0.006100546568632126,Q1_pred_1,1
85901,2,0.07025104761123657,Q4_pred_4,4
33306,3,0.07028079777956009,Q4_pred_4,4
1127,4,0.022463113069534302,Q2_pred_2,2
236350,3,0.05368940532207489,Q4_pred_4,4
383615,4,0.08305296301841736,Q4_pred_4,4
199880,3,0.01111939549446106,Q1_pred_1,1
377814,3,0.02693137526512146,Q2_pred_2,2
121017,4,0.08932061493396759,Q5_pred_5,5
183408,3,0.004425227642059326,Q1_pred_1,1
373670,4,0.0015767663717269897,Q1_pred_1,1
109622,4,0.04344823211431503,Q3_pred_3,3
247511,4,0.11395743489265442,Q5_pred_5,5
50250,3,0.026302456855773926,Q2_pred_2,2
2689,4,0.17410969734191895,Q5_pred_5,5
14854,4,0.04210158810019493,Q3_pred_3,3
110317,4,0.014911860227584839,Q2_pred_2,2
263078,3,0.009428724646568298,Q1_pred_1,1
59509,4,0.037307798862457275,Q3_pred_3,3
132812,4,0.05839596316218376,Q4_pred_4,4
30877,3,0.08520171046257019,Q4_pred_4,4
117234,3,0.008481070399284363,Q1_pred_1,1
164164,3,0.0010825097560882568,Q1_pred_1,1
45001,3,0.011938005685806274,Q2_pred_2,2
143613,3,0.14428512752056122,Q5_pred_5,5
29028,4,0.05111505091190338,Q4_pred_4,4
408101,3,0.024795472621917725,Q2_pred_2,2
80119,3,0.056393712759017944,Q4_pred_4,4
233807,3,7.933750748634338e-05,Q1_pred_1,1
41503,4,0.002681225538253784,Q1_pred_1,1
262213,4,0.015353590250015259,Q2_pred_2,2
357922,4,0.1795153021812439,Q5_pred_5,5
29437,4,0.058404356241226196,Q4_pred_4,4
44881,4,0.06406240165233612,Q4_pred_4,4
52419,4,0.181207537651062,Q5_pred_5,5
184217,4,0.06382393836975098,Q4_pred_4,4
9350,4,0.022408053278923035,Q2_pred_2,2
153542,4,0.04057741165161133,Q3_pred_3,3
162091,3,0.07452522218227386,Q4_pred_4,4
374504,4,0.08194750547409058,Q4_pred_4,4
152105,5,0.007825970649719238,Q1_pred_1,1
50189,2,0.05785314738750458,Q4_pred_4,4
54535,5,0.0661950558423996,Q4_pred_4,4
24650,4,0.07407708466053009,Q4_pred_4,4
119281,5,0.18919187784194946,Q5_pred_5,5
34511,3,0.10302610695362091,Q5_pred_5,5
58415,3,0.014747455716133118,Q2_pred_2,2
55059,2,0.1287127137184143,Q5_pred_5,5
73757,4,0.04364514350891113,Q3_pred_3,3
176539,3,0.010891318321228027,Q1_pred_1,1
9656,4,0.0492502897977829,Q3_pred_3,3
414985,3,0.03491687774658203,Q3_pred_3,3
213698,4,0.06293979287147522,Q4_pred_4,4
109953,4,0.041778892278671265,Q3_pred_3,3
238581,3,0.09356117993593216,Q5_pred_5,5
92260,5,0.006002557463943958,Q1_pred_1,1
5754,3,0.08373111486434937,Q4_pred_4,4
32870,4,0.013104483485221863,Q2_pred_2,2
57519,3,0.03933492302894592,Q3_pred_3,3
115088,3,0.05131235718727112,Q4_pred_4,4
372392,4,0.06392580270767212,Q4_pred_4,4
373880,5,0.09017881751060486,Q5_pred_5,5
27071,3,0.11105191707611084,Q5_pred_5,5
64595,4,0.021007686853408813,Q2_pred_2,2
78737,3,0.017638832330703735,Q2_pred_2,2
65652,3,0.1315162628889084,Q5_pred_5,5
181232,3,0.0447549894452095,Q3_pred_3,3
45022,3,0.020152999088168144,Q2_pred_2,2
15607,4,0.0034109484404325485,Q1_pred_1,1
69338,2,0.008802056312561035,Q1_pred_1,1
214394,4,0.02379419282078743,Q2_pred_2,2
61321,4,0.08506003022193909,Q4_pred_4,4
427812,4,0.09390398859977722,Q5_pred_5,5
114136,1,0.039534151554107666,Q3_pred_3,3
86419,4,0.008578270673751831,Q1_pred_1,1
373361,4,0.005346566438674927,Q1_pred_1,1
24642,2,0.01641903817653656,Q2_pred_2,2
171248,4,0.037437766790390015,Q3_pred_3,3
270718,4,0.03740590810775757,Q3_pred_3,3
158594,3,0.019419275224208832,Q2_pred_2,2
239517,4,0.020885087549686432,Q2_pred_2,2
236657,4,0.10427767038345337,Q5_pred_5,5
171118,4,0.06197964400053024,Q4_pred_4,4
257375,4,0.03911682963371277,Q3_pred_3,3
79173,4,0.04857360199093819,Q3_pred_3,3
26661,5,0.0057131946086883545,Q1_pred_1,1
352194,4,0.03760533034801483,Q3_pred_3,3
276057,2,0.1151198148727417,Q5_pred_5,5
352958,4,0.03411064296960831,Q3_pred_3,3
35289,3,0.018722623586654663,Q2_pred_2,2
354273,4,0.1673477292060852,Q5_pred_5,5
424109,3,0.016645729541778564,Q2_pred_2,2
42368,3,0.04673902690410614,Q3_pred_3,3
356460,4,0.10764738917350769,Q5_pred_5,5
204179,4,0.051617443561553955,Q4_pred_4,4
320166,4,0.014893263578414917,Q2_pred_2,2
18073,3,0.02989550679922104,Q3_pred_3,3
273994,4,0.020249247550964355,Q2_pred_2,2
105901,4,0.08821063488721848,Q5_pred_5,5
274751,3,0.011514171957969666,Q1_pred_1,1
131114,3,0.02143573760986328,Q2_pred_2,2
414805,4,0.017787687480449677,Q2_pred_2,2
10867,3,9.462237358093262e-06,Q1_pred_1,1
79277,2,0.004049867391586304,Q1_pred_1,1
64199,3,0.005352377891540527,Q1_pred_1,1
373602,4,0.09536896646022797,Q5_pred_5,5
268011,4,0.07883262634277344,Q4_pred_4,4
25691,4,0.02446208894252777,Q2_pred_2,2
63378,3,0.15820777416229248,Q5_pred_5,5
161933,3,0.020631298422813416,Q2_pred_2,2
249847,2,0.008422046899795532,Q1_pred_1,1
325881,4,0.05708928406238556,Q4_pred_4,4
248475,4,0.006293758749961853,Q1_pred_1,1
235190,2,0.0046401917934417725,Q1_pred_1,1
131239,3,0.03822198510169983,Q3_pred_3,3
432115,4,0.05576071888208389,Q4_pred_4,4
28440,4,0.0826200544834137,Q4_pred_4,4
169933,4,0.08731738477945328,Q5_pred_5,5
374099,4,0.045181095600128174,Q3_pred_3,3
57503,4,0.05854542553424835,Q4_pred_4,4
133227,4,0.002644076943397522,Q1_pred_1,1
33909,4,0.01823917031288147,Q2_pred_2,2
11768,4,0.006116554141044617,Q1_pred_1,1
63583,4,0.260623574256897,Q5_pred_5,5
61762,5,0.022960685193538666,Q2_pred_2,2
377584,3,0.023458212614059448,Q2_pred_2,2
259590,4,0.09671451151371002,Q5_pred_5,5
62256,2,0.0215194970369339,Q2_pred_2,2
236449,4,0.26078227162361145,Q5_pred_5,5
114165,3,0.011559572070837021,Q1_pred_1,1
133792,2,0.04851636290550232,Q3_pred_3,3
266481,4,0.07703590393066406,Q4_pred_4,4
517,3,0.009799852967262268,Q1_pred_1,1
156641,4,0.045711249113082886,Q3_pred_3,3
28316,2,0.05166694521903992,Q4_pred_4,4
143583,3,0.012117058038711548,Q2_pred_2,2
45125,3,0.03840121626853943,Q3_pred_3,3
275891,2,0.03400334715843201,Q3_pred_3,3
10109,3,0.06371109932661057,Q4_pred_4,4
183082,4,0.01613795757293701,Q2_pred_2,2
54754,3,0.10620272159576416,Q5_pred_5,5
81992,4,0.0965493768453598,Q5_pred_5,5
157642,4,0.016447007656097412,Q2_pred_2,2
110359,4,0.010060817003250122,Q1_pred_1,1
155206,4,0.009978994727134705,Q1_pred_1,1
26269,3,0.006114453077316284,Q1_pred_1,1
51483,4,0.005553402006626129,Q1_pred_1,1
379033,3,0.0061003677546978,Q1_pred_1,1
343098,4,0.06333525478839874,Q4_pred_4,4
96462,2,0.14956635236740112,Q5_pred_5,5
2700,4,0.028678283095359802,Q3_pred_3,3
204003,3,0.08530846983194351,Q4_pred_4,4
32405,3,0.03440648317337036,Q3_pred_3,3
114430,3,0.029783159494400024,Q3_pred_3,3
29893,4,0.03141476958990097,Q3_pred_3,3
467337,4,0.10648581385612488,Q5_pred_5,5
4854,4,0.016328319907188416,Q2_pred_2,2
195544,4,0.11925163865089417,Q5_pred_5,5
75949,4,0.0355084091424942,Q3_pred_3,3
177605,4,0.0256003737449646,Q2_pred_2,2
186944,3,0.0029477179050445557,Q1_pred_1,1
217356,3,0.10668793320655823,Q5_pred_5,5
20418,3,0.00931406021118164,Q1_pred_1,1
38215,3,0.2198164314031601,Q5_pred_5,5
241517,3,0.03825417160987854,Q3_pred_3,3
383574,4,0.08637702465057373,Q4_pred_4,4
11700,4,0.0608987957239151,Q4_pred_4,4
137934,4,0.22458839416503906,Q5_pred_5,5
151723,2,0.08189642429351807,Q4_pred_4,4
235103,4,0.056000515818595886,Q4_pred_4,4
138125,2,0.08508263528347015,Q4_pred_4,4
427196,3,0.017789572477340698,Q2_pred_2,2
68382,4,0.03644970804452896,Q3_pred_3,3
114336,3,0.008210107684135437,Q1_pred_1,1
28756,4,0.007617920637130737,Q1_pred_1,1
2713,2,0.031159088015556335,Q3_pred_3,3
183750,4,0.059032782912254333,Q4_pred_4,4
108056,4,0.004345297813415527,Q1_pred_1,1
165285,4,0.0031709223985671997,Q1_pred_1,1
166238,4,0.008393362164497375,Q1_pred_1,1
358195,4,0.22657468914985657,Q5_pred_5,5
152331,4,0.12067639827728271,Q5_pred_5,5
371151,3,0.008930891752243042,Q1_pred_1,1
382589,1,0.025191962718963623,Q2_pred_2,2
76661,3,0.07494577765464783,Q4_pred_4,4
23756,4,0.16090336441993713,Q5_pred_5,5
142762,4,0.019831642508506775,Q2_pred_2,2
10086,2,0.07486940920352936,Q4_pred_4,4
192092,4,0.017501041293144226,Q2_pred_2,2
166106,3,0.07898378372192383,Q4_pred_4,4
427941,3,0.011489465832710266,Q1_pred_1,1
28011,4,0.05543284863233566,Q4_pred_4,4
40446,4,0.0679817795753479,Q4_pred_4,4
20630,3,0.07743857055902481,Q4_pred_4,4
64249,2,0.09994302690029144,Q5_pred_5,5
186340,4,0.03988906368613243,Q3_pred_3,3
77343,4,0.04784210026264191,Q3_pred_3,3
121222,4,0.03375467658042908,Q3_pred_3,3
3466,4,0.0010137557983398438,Q1_pred_1,1
368347,4,0.03786144778132439,Q3_pred_3,3
127373,3,0.007229059934616089,Q1_pred_1,1
84103,4,0.09370177984237671,Q5_pred_5,5
474796,3,0.0895722359418869,Q5_pred_5,5
327133,4,0.03771078586578369,Q3_pred_3,3
374920,4,0.11971299350261688,Q5_pred_5,5
45987,3,0.04750524461269379,Q3_pred_3,3
28006,3,0.056484535336494446,Q4_pred_4,4
31259,4,0.0486428365111351,Q3_pred_3,3
105833,4,0.0905880331993103,Q5_pred_5,5
19799,4,0.0726504772901535,Q4_pred_4,4
95323,3,0.13289104402065277,Q5_pred_5,5
358306,5,0.1634671688079834,Q5_pred_5,5
326959,4,0.0062796324491500854,Q1_pred_1,1
235418,4,0.03786257654428482,Q3_pred_3,3
19154,4,0.0005315244197845459,Q1_pred_1,1
191849,4,0.01872004196047783,Q2_pred_2,2
366335,4,0.09231830388307571,Q5_pred_5,5
50295,3,0.01703767478466034,Q2_pred_2,2
83986,3,0.03449064493179321,Q3_pred_3,3
40320,4,0.000922471284866333,Q1_pred_1,1
189381,4,0.03131093829870224,Q3_pred_3,3
142682,4,0.026890486478805542,Q2_pred_2,2
138768,5,0.029583096504211426,Q3_pred_3,3
148945,3,0.02763494849205017,Q3_pred_3,3
153738,4,0.07387939095497131,Q4_pred_4,4
423744,4,0.005796551704406738,Q1_pred_1,1
199173,4,0.06532897800207138,Q4_pred_4,4
64100,3,0.0004250630736351013,Q1_pred_1,1
59031,4,0.007471248507499695,Q1_pred_1,1
40396,3,0.013065099716186523,Q2_pred_2,2
135208,4,0.007934585213661194,Q1_pred_1,1
37940,3,0.026293791830539703,Q2_pred_2,2
254621,5,0.014501869678497314,Q2_pred_2,2
138571,5,0.002958163619041443,Q1_pred_1,1
151354,4,0.03568616509437561,Q3_pred_3,3
52758,3,0.1353374719619751,Q5_pred_5,5
76892,4,0.14048713445663452,Q5_pred_5,5
356449,4,0.08951656520366669,Q5_pred_5,5
111776,4,0.021206721663475037,Q2_pred_2,2
399351,4,0.0031069666147232056,Q1_pred_1,1
360063,4,0.14049336314201355,Q5_pred_5,5
53786,4,0.0030808672308921814,Q1_pred_1,1
27355,2,0.04000347852706909,Q3_pred_3,3
29214,4,0.04567115008831024,Q3_pred_3,3
193809,3,0.041534826159477234,Q3_pred_3,3
137602,4,0.04619000852108002,Q3_pred_3,3
10825,3,0.0030212104320526123,Q1_pred_1,1
11823,3,0.14111803472042084,Q5_pred_5,5
29503,4,0.052174896001815796,Q4_pred_4,4
76648,3,0.07291087508201599,Q4_pred_4,4
94010,4,0.019715070724487305,Q2_pred_2,2
231495,4,0.028177395462989807,Q3_pred_3,3
420264,4,0.045571714639663696,Q3_pred_3,3
101834,3,0.12726983428001404,Q5_pred_5,5
104609,3,0.10168717801570892,Q5_pred_5,5
60638,4,0.024609610438346863,Q2_pred_2,2
38293,3,0.06812217831611633,Q4_pred_4,4
177887,3,0.12623615562915802,Q5_pred_5,5
114145,4,0.015160784125328064,Q2_pred_2,2
379260,4,0.018686294555664062,Q2_pred_2,2
372853,3,0.0025191903114318848,Q1_pred_1,1
232929,3,0.07635283470153809,Q4_pred_4,4
414358,4,0.018218860030174255,Q2_pred_2,2
333610,4,0.0900178849697113,Q5_pred_5,5
163115,4,0.0990801453590393,Q5_pred_5,5
49235,4,0.061029791831970215,Q4_pred_4,4
210319,4,0.06200801581144333,Q4_pred_4,4
18456,4,0.004121959209442139,Q1_pred_1,1
29920,4,0.031216949224472046,Q3_pred_3,3
76418,4,0.0086074098944664,Q1_pred_1,1
19761,4,0.055091649293899536,Q4_pred_4,4
247234,3,0.03017568588256836,Q3_pred_3,3
105831,4,0.0861893892288208,Q4_pred_4,4
247735,5,0.020767763257026672,Q2_pred_2,2
427387,3,0.03386351466178894,Q3_pred_3,3
554,5,0.003998979926109314,Q1_pred_1,1
50569,3,0.027399688959121704,Q3_pred_3,3
67182,3,0.06067931652069092,Q4_pred_4,4
173096,4,0.0857592225074768,Q4_pred_4,4
127590,4,0.06626471877098083,Q4_pred_4,4
12956,3,0.043456584215164185,Q3_pred_3,3
193966,3,0.04296780005097389,Q3_pred_3,3
156728,3,0.06782689690589905,Q4_pred_4,4
144676,4,0.030453413724899292,Q3_pred_3,3
262426,4,0.014958545565605164,Q2_pred_2,2
214420,3,0.005189999938011169,Q1_pred_1,1
137429,4,0.0323353037238121,Q3_pred_3,3
354999,4,0.038999468088150024,Q3_pred_3,3
45819,4,0.014436312019824982,Q2_pred_2,2
160767,3,0.14994853734970093,Q5_pred_5,5
130650,3,0.032533198595047,Q3_pred_3,3
64290,4,0.0849258154630661,Q4_pred_4,4
343901,4,0.08375494182109833,Q4_pred_4,4
245200,4,0.012205194681882858,Q2_pred_2,2
171168,3,0.03942146897315979,Q3_pred_3,3
120823,4,0.0023556798696517944,Q1_pred_1,1
11923,4,0.0621500164270401,Q4_pred_4,4
185999,3,0.003922373056411743,Q1_pred_1,1
248775,4,0.008748456835746765,Q1_pred_1,1
268215,4,0.13027039170265198,Q5_pred_5,5
420324,4,0.004386052489280701,Q1_pred_1,1
189386,4,0.025573424994945526,Q2_pred_2,2
94687,3,0.09337207674980164,Q5_pred_5,5
120674,3,0.2762715220451355,Q5_pred_5,5
45405,2,0.02047981321811676,Q2_pred_2,2
372481,4,0.03663229942321777,Q3_pred_3,3
72340,4,0.07417696714401245,Q4_pred_4,4
56950,4,0.12299138307571411,Q5_pred_5,5
110160,2,0.0007724612951278687,Q1_pred_1,1
91584,3,0.02793361246585846,Q3_pred_3,3
210631,4,0.009667515754699707,Q1_pred_1,1
373333,4,0.0062393248081207275,Q1_pred_1,1
6305,4,8.545815944671631e-05,Q1_pred_1,1
153690,4,0.001981288194656372,Q1_pred_1,1
109483,4,0.03176037222146988,Q3_pred_3,3
156799,2,0.06406809389591217,Q4_pred_4,4
59457,4,0.05012020468711853,Q4_pred_4,4
464325,4,0.017071694135665894,Q2_pred_2,2
42814,4,0.043689072132110596,Q3_pred_3,3
423106,3,0.15134549140930176,Q5_pred_5,5
170857,3,0.052235186100006104,Q4_pred_4,4
139988,3,0.026096701622009277,Q2_pred_2,2
321643,3,0.009675516746938229,Q1_pred_1,1
86972,3,0.18620315194129944,Q5_pred_5,5
239333,3,0.044005393981933594,Q3_pred_3,3
59773,3,0.005638688802719116,Q1_pred_1,1
388826,3,0.01073428988456726,Q1_pred_1,1
10088,2,0.054758816957473755,Q4_pred_4,4
345264,4,9.819865226745605e-06,Q1_pred_1,1
431435,2,0.21283096075057983,Q5_pred_5,5
189626,3,0.017938420176506042,Q2_pred_2,2
77061,2,0.030214086174964905,Q3_pred_3,3
114070,2,0.04842263460159302,Q3_pred_3,3
171194,5,0.07132596522569656,Q4_pred_4,4
397588,3,0.015616059303283691,Q2_pred_2,2
10495,4,0.15474379062652588,Q5_pred_5,5
64716,4,0.2013595998287201,Q5_pred_5,5
211707,4,0.00819437950849533,Q1_pred_1,1
140151,3,0.03514012694358826,Q3_pred_3,3
96780,4,0.09497560560703278,Q5_pred_5,5
167538,3,0.009544312953948975,Q1_pred_1,1
139307,3,0.027798622846603394,Q3_pred_3,3
42722,4,0.039995819330215454,Q3_pred_3,3
76645,3,0.08180096745491028,Q4_pred_4,4
235114,4,0.009935081005096436,Q1_pred_1,1
30033,3,0.08396053314208984,Q4_pred_4,4
91077,4,0.001429438591003418,Q1_pred_1,1
343945,4,0.07352961599826813,Q4_pred_4,4
254294,4,0.028140394017100334,Q3_pred_3,3
11034,2,0.07771708071231842,Q4_pred_4,4
169102,4,0.013499259948730469,Q2_pred_2,2
54885,3,0.0318906232714653,Q3_pred_3,3
115413,4,0.003611922264099121,Q1_pred_1,1
337818,4,0.06383055448532104,Q4_pred_4,4
251034,3,0.010570615530014038,Q1_pred_1,1
183346,3,0.033526599407196045,Q3_pred_3,3
5662,4,0.004813194274902344,Q1_pred_1,1
146483,5,0.03581295907497406,Q3_pred_3,3
105834,3,0.07706797122955322,Q4_pred_4,4
89866,3,0.022964730858802795,Q2_pred_2,2
187359,4,0.021002233028411865,Q2_pred_2,2
2889,4,0.05417003482580185,Q4_pred_4,4
75299,3,0.010739147663116455,Q1_pred_1,1
276563,4,0.0007492899894714355,Q1_pred_1,1
33123,4,0.04738098382949829,Q3_pred_3,3
357412,4,0.02127687633037567,Q2_pred_2,2
41051,2,0.1526803821325302,Q5_pred_5,5
356875,4,0.14759311079978943,Q5_pred_5,5
32765,4,0.09151725471019745,Q5_pred_5,5
65995,3,0.08113911747932434,Q4_pred_4,4
356584,4,0.0886804610490799,Q5_pred_5,5
169693,4,0.05262434482574463,Q4_pred_4,4
6926,4,0.0877472460269928,Q5_pred_5,5
860,4,0.042270928621292114,Q3_pred_3,3
65398,4,0.06095368042588234,Q4_pred_4,4
386103,3,0.04807424545288086,Q3_pred_3,3
204641,4,0.08036351203918457,Q4_pred_4,4
211676,4,0.041273683309555054,Q3_pred_3,3
151717,3,0.02650587260723114,Q2_pred_2,2
341609,3,0.012463217601180077,Q2_pred_2,2
72270,4,0.08999443054199219,Q5_pred_5,5
184635,4,0.02675887942314148,Q2_pred_2,2
49799,4,0.014695659279823303,Q2_pred_2,2
198394,4,0.03074599802494049,Q3_pred_3,3
412806,4,0.02354184165596962,Q2_pred_2,2
358661,4,0.031766846776008606,Q3_pred_3,3
419005,4,0.08165347576141357,Q4_pred_4,4
113290,4,0.012764036655426025,Q2_pred_2,2
372734,4,0.02640274167060852,Q2_pred_2,2
236647,4,0.24803951382637024,Q5_pred_5,5
91557,4,0.027676552534103394,Q3_pred_3,3
424110,3,0.017663925886154175,Q2_pred_2,2
126334,4,0.0105457603931427,Q1_pred_1,1
357663,4,0.002740919589996338,Q1_pred_1,1
212735,3,0.010720163583755493,Q1_pred_1,1
343741,4,0.0724530816078186,Q4_pred_4,4
37890,4,0.03870550915598869,Q3_pred_3,3
222304,4,0.046334266662597656,Q3_pred_3,3
169093,4,0.011651471257209778,Q1_pred_1,1
86409,4,0.010712236166000366,Q1_pred_1,1
327127,4,0.08036749064922333,Q4_pred_4,4
145535,3,0.03504239022731781,Q3_pred_3,3
143956,4,0.05029243975877762,Q4_pred_4,4
341199,4,0.009219631552696228,Q1_pred_1,1
125370,3,0.013419851660728455,Q2_pred_2,2
71864,3,0.09873580932617188,Q5_pred_5,5
105933,3,0.08732199668884277,Q5_pred_5,5
91978,4,0.07083684206008911,Q4_pred_4,4
114106,4,0.006860900670289993,Q1_pred_1,1
120444,4,0.04632091522216797,Q3_pred_3,3
144743,4,0.0038710683584213257,Q1_pred_1,1
71662,3,0.07362037897109985,Q4_pred_4,4
153846,4,0.11299893260002136,Q5_pred_5,5
106438,4,0.026969298720359802,Q2_pred_2,2
166793,4,0.03492157161235809,Q3_pred_3,3
95765,4,0.04575654864311218,Q3_pred_3,3
22517,4,0.09427407383918762,Q5_pred_5,5
63966,4,0.047471970319747925,Q3_pred_3,3
63242,3,0.0020379871129989624,Q1_pred_1,1
167448,4,0.05246292054653168,Q4_pred_4,4
387162,4,0.047357335686683655,Q3_pred_3,3
185491,4,0.07497090101242065,Q4_pred_4,4
387766,4,0.006017670035362244,Q1_pred_1,1
74926,4,0.08329285681247711,Q4_pred_4,4
355922,4,0.12658989429473877,Q5_pred_5,5
36771,4,0.026422422379255295,Q2_pred_2,2
152912,4,0.08504591882228851,Q4_pred_4,4
128054,4,0.21309751272201538,Q5_pred_5,5
76318,3,0.047349750995635986,Q3_pred_3,3
29453,4,0.042773231863975525,Q3_pred_3,3
16636,4,0.006170801818370819,Q1_pred_1,1
67339,4,0.018930584192276,Q2_pred_2,2
105510,4,0.06999485194683075,Q4_pred_4,4
136401,4,0.04610711336135864,Q3_pred_3,3
373691,4,0.062314242124557495,Q4_pred_4,4
4057,3,0.037111103534698486,Q3_pred_3,3
113340,4,0.018261685967445374,Q2_pred_2,2
107823,3,0.04882408678531647,Q3_pred_3,3
22871,4,0.0022952258586883545,Q1_pred_1,1
424392,4,0.04135096073150635,Q3_pred_3,3
86449,4,0.004779219627380371,Q1_pred_1,1
55904,4,0.011314600706100464,Q1_pred_1,1
13779,3,0.01846812665462494,Q2_pred_2,2
44359,4,0.0568045973777771,Q4_pred_4,4
87071,4,0.20819035172462463,Q5_pred_5,5
52062,3,0.1440984010696411,Q5_pred_5,5
26948,4,0.026672210544347763,Q2_pred_2,2
185733,4,0.005355313420295715,Q1_pred_1,1
137919,4,0.1246490329504013,Q5_pred_5,5
154223,4,0.03179931640625,Q3_pred_3,3
200887,4,0.007000088691711426,Q1_pred_1,1
82788,4,0.010907739400863647,Q1_pred_1,1
355291,4,0.140987366437912,Q5_pred_5,5
158649,4,0.006810903549194336,Q1_pred_1,1
94607,4,0.06117721647024155,Q4_pred_4,4
77466,4,0.02890073135495186,Q3_pred_3,3
276574,4,0.018478184938430786,Q2_pred_2,2
162751,3,0.1360504925251007,Q5_pred_5,5
259173,3,0.11105866730213165,Q5_pred_5,5
153283,2,0.007210463285446167,Q1_pred_1,1
374975,4,0.09626440703868866,Q5_pred_5,5
12777,3,0.13247106969356537,Q5_pred_5,5
86452,4,0.021602600812911987,Q2_pred_2,2
13698,4,0.008704572916030884,Q1_pred_1,1
28856,4,0.09502372145652771,Q5_pred_5,5
26548,4,0.045880384743213654,Q3_pred_3,3
10749,3,0.010250508785247803,Q1_pred_1,1
455582,3,0.053455062210559845,Q4_pred_4,4
247907,4,0.1251939833164215,Q5_pred_5,5
248745,5,0.09128211438655853,Q5_pred_5,5
76575,3,0.019388064742088318,Q2_pred_2,2
371382,2,0.013681292533874512,Q2_pred_2,2
367078,4,0.010235518217086792,Q1_pred_1,1
383368,3,0.016756772994995117,Q2_pred_2,2
859,4,0.005114108324050903,Q1_pred_1,1
59604,3,0.058426231145858765,Q4_pred_4,4
156710,2,0.031470827758312225,Q3_pred_3,3
356130,4,0.005671143531799316,Q1_pred_1,1
253525,4,0.013646524399518967,Q2_pred_2,2
201814,3,0.07485876977443695,Q4_pred_4,4
391430,4,0.019323498010635376,Q2_pred_2,2
121132,4,0.14562425017356873,Q5_pred_5,5
57388,4,0.017761267721652985,Q2_pred_2,2
157462,3,0.018898874521255493,Q2_pred_2,2
8002,3,0.019562125205993652,Q2_pred_2,2
97033,3,0.09741000831127167,Q5_pred_5,5
356806,3,0.17073991894721985,Q5_pred_5,5
220585,3,0.07551152259111404,Q4_pred_4,4
411542,4,0.05882111191749573,Q4_pred_4,4
79761,4,0.058910951018333435,Q4_pred_4,4
73111,4,0.03735729306936264,Q3_pred_3,3
149180,4,0.010731751099228859,Q1_pred_1,1
156738,3,0.05402224510908127,Q4_pred_4,4
329760,4,0.12395644187927246,Q5_pred_5,5
42725,4,0.24778127670288086,Q5_pred_5,5
114135,2,0.05445818975567818,Q4_pred_4,4
82262,3,0.016048625111579895,Q2_pred_2,2
145803,3,0.04243046045303345,Q3_pred_3,3
155301,3,0.008236385881900787,Q1_pred_1,1
8006,3,0.056912437081336975,Q4_pred_4,4
145482,4,0.04297459125518799,Q3_pred_3,3
18172,3,0.004583694040775299,Q1_pred_1,1
66319,4,0.025977417826652527,Q2_pred_2,2
168875,4,0.02799510955810547,Q3_pred_3,3
354233,4,0.20080465078353882,Q5_pred_5,5
14486,3,0.002680376172065735,Q1_pred_1,1
120669,3,0.2708964943885803,Q5_pred_5,5
361443,4,0.047002390027046204,Q3_pred_3,3
204126,4,0.0005751848220825195,Q1_pred_1,1
243415,4,0.011927694082260132,Q2_pred_2,2
81652,4,0.023603376001119614,Q2_pred_2,2
1167,4,0.017927050590515137,Q2_pred_2,2
326851,4,0.06527236104011536,Q4_pred_4,4
260623,3,0.06868323683738708,Q4_pred_4,4
47683,3,0.08358252048492432,Q4_pred_4,4
121764,4,0.013035953044891357,Q2_pred_2,2
366102,3,0.056529730558395386,Q4_pred_4,4
147905,4,0.07426942139863968,Q4_pred_4,4
127562,3,0.04195982217788696,Q3_pred_3,3
247080,4,0.11574158072471619,Q5_pred_5,5
57382,4,0.03539285063743591,Q3_pred_3,3
78845,3,0.022358983755111694,Q2_pred_2,2
243799,3,0.025596678256988525,Q2_pred_2,2
38571,4,0.09488898515701294,Q5_pred_5,5
358260,4,0.20048421621322632,Q5_pred_5,5
236529,2,0.10416381806135178,Q5_pred_5,5
14314,4,0.02643890678882599,Q2_pred_2,2
19085,4,0.07191426306962967,Q4_pred_4,4
48409,3,0.011040672659873962,Q1_pred_1,1
183809,4,0.07217496633529663,Q4_pred_4,4
6833,3,0.006825871765613556,Q1_pred_1,1
182951,4,0.04367800056934357,Q3_pred_3,3
10735,3,0.05734883248806,Q4_pred_4,4
179200,4,0.10977250337600708,Q5_pred_5,5
368376,4,0.05383098125457764,Q4_pred_4,4
420226,3,0.0025914162397384644,Q1_pred_1,1
196084,4,0.006616353988647461,Q1_pred_1,1
454617,4,0.08168616890907288,Q4_pred_4,4
107717,5,0.03855907917022705,Q3_pred_3,3
144336,4,0.11180396378040314,Q5_pred_5,5
256422,4,0.09294617176055908,Q5_pred_5,5
418413,4,0.0326727032661438,Q3_pred_3,3
41050,4,0.15455996990203857,Q5_pred_5,5
402555,3,0.04245126247406006,Q3_pred_3,3
415395,4,0.00042763352394104004,Q1_pred_1,1
171046,3,0.07644471526145935,Q4_pred_4,4
374510,4,0.07078292965888977,Q4_pred_4,4
55962,4,0.17618325352668762,Q5_pred_5,5
199151,4,0.06325383484363556,Q4_pred_4,4
237083,3,0.08515295386314392,Q4_pred_4,4
28098,4,0.030114352703094482,Q3_pred_3,3
65716,3,0.0872880220413208,Q5_pred_5,5
428753,4,0.0014494359493255615,Q1_pred_1,1
257924,4,0.021437108516693115,Q2_pred_2,2
96802,4,0.08922992646694183,Q5_pred_5,5
86465,4,0.0442085862159729,Q3_pred_3,3
11546,4,0.10353291034698486,Q5_pred_5,5
167243,3,0.0420038104057312,Q3_pred_3,3
362817,3,0.025342002511024475,Q2_pred_2,2
250741,4,0.029655352234840393,Q3_pred_3,3
90290,3,0.05620202422142029,Q4_pred_4,4
146001,4,0.012141302227973938,Q2_pred_2,2
178434,4,0.04089129716157913,Q3_pred_3,3
343418,4,0.0006274878978729248,Q1_pred_1,1
3901,3,0.18292036652565002,Q5_pred_5,5
150364,3,0.062157005071640015,Q4_pred_4,4
156673,4,0.030012276023626328,Q3_pred_3,3
25522,3,0.10329723358154297,Q5_pred_5,5
335764,4,0.012880414724349976,Q2_pred_2,2
13235,4,0.01640540361404419,Q2_pred_2,2
95743,2,0.0049231648445129395,Q1_pred_1,1
111789,4,0.014206819236278534,Q2_pred_2,2
162089,4,0.12317797541618347,Q5_pred_5,5
60909,4,0.004346504807472229,Q1_pred_1,1
415379,3,0.0027946531772613525,Q1_pred_1,1
173907,4,0.06993553042411804,Q4_pred_4,4
334468,4,0.06520956754684448,Q4_pred_4,4
344024,4,0.01675945520401001,Q2_pred_2,2
73103,4,0.012498289346694946,Q2_pred_2,2
135844,4,0.027903467416763306,Q3_pred_3,3
54353,3,0.05537860095500946,Q4_pred_4,4
334088,4,0.018699467182159424,Q2_pred_2,2
131022,4,0.15073594450950623,Q5_pred_5,5
236544,4,0.17019535601139069,Q5_pred_5,5
275466,4,0.045253247022628784,Q3_pred_3,3
128830,4,0.009845256805419922,Q1_pred_1,1
4244,4,0.10819344222545624,Q5_pred_5,5
250715,4,0.0480777882039547,Q3_pred_3,3
94632,3,0.24845001101493835,Q5_pred_5,5
97624,4,0.03281064331531525,Q3_pred_3,3
32157,4,0.03222134709358215,Q3_pred_3,3
19821,4,0.010974820703268051,Q1_pred_1,1
58385,3,0.09850428253412247,Q5_pred_5,5
329116,4,0.020765095949172974,Q2_pred_2,2
48058,4,0.012165799736976624,Q2_pred_2,2
102100,4,0.06496217846870422,Q4_pred_4,4
84681,4,0.03255714476108551,Q3_pred_3,3
45526,4,0.00995144248008728,Q1_pred_1,1
337754,4,0.034649163484573364,Q3_pred_3,3
18807,4,0.064752496778965,Q4_pred_4,4
407028,4,0.0385282039642334,Q3_pred_3,3
105767,4,0.07742486149072647,Q4_pred_4,4
59615,3,0.06563833355903625,Q4_pred_4,4
61531,4,0.013559997081756592,Q2_pred_2,2
28586,5,0.19121399521827698,Q5_pred_5,5
171072,3,0.09941887855529785,Q5_pred_5,5
39519,5,0.03890863060951233,Q3_pred_3,3
216369,3,0.01645883172750473,Q2_pred_2,2
110920,3,0.048905663192272186,Q3_pred_3,3
71126,4,0.05763350427150726,Q4_pred_4,4
42187,4,0.03654150664806366,Q3_pred_3,3
38269,4,0.09626878798007965,Q5_pred_5,5
29713,4,0.007358899340033531,Q1_pred_1,1
40565,3,0.012976668775081635,Q2_pred_2,2
161367,3,0.0016804337501525879,Q1_pred_1,1
383651,4,0.10042235255241394,Q5_pred_5,5
145531,3,0.04256391525268555,Q3_pred_3,3
249715,4,0.015165328979492188,Q2_pred_2,2
84441,4,0.013804733753204346,Q2_pred_2,2
137596,4,0.03663676232099533,Q3_pred_3,3
360786,4,0.001317739486694336,Q1_pred_1,1
118946,4,0.06606137752532959,Q4_pred_4,4
56075,3,0.05467343330383301,Q4_pred_4,4
57995,4,0.052717424929142,Q4_pred_4,4
356505,4,0.04981577396392822,Q3_pred_3,3
10873,2,0.011242419481277466,Q1_pred_1,1
8239,4,0.0036106854677200317,Q1_pred_1,1
95051,3,0.02029956877231598,Q2_pred_2,2
254310,4,0.02910037152469158,Q3_pred_3,3
144342,4,0.06183798611164093,Q4_pred_4,4
249893,3,0.009302511811256409,Q1_pred_1,1
24242,4,0.09807717055082321,Q5_pred_5,5
159998,3,0.012190446257591248,Q2_pred_2,2
86423,4,0.05820268392562866,Q4_pred_4,4
63710,3,0.0201188325881958,Q2_pred_2,2
359507,4,0.14937922358512878,Q5_pred_5,5
239464,4,0.0852765291929245,Q4_pred_4,4
12788,3,0.11154152452945709,Q5_pred_5,5
87633,4,0.04334811866283417,Q3_pred_3,3
348654,4,0.053428392857313156,Q4_pred_4,4
108806,4,0.021030187606811523,Q2_pred_2,2
96974,4,0.02285151183605194,Q2_pred_2,2
81272,4,0.016929447650909424,Q2_pred_2,2
39983,4,0.029205337166786194,Q3_pred_3,3
169072,3,0.04144859313964844,Q3_pred_3,3
112175,4,0.005612045526504517,Q1_pred_1,1
95549,3,0.006708651781082153,Q1_pred_1,1
66134,3,0.09622903168201447,Q5_pred_5,5
212988,4,0.15095210075378418,Q5_pred_5,5
88850,3,0.005935296416282654,Q1_pred_1,1
54422,4,0.25112688541412354,Q5_pred_5,5
83815,5,0.010989785194396973,Q1_pred_1,1
99255,3,0.1145668551325798,Q5_pred_5,5
107737,4,0.029507547616958618,Q3_pred_3,3
175143,4,0.02172478288412094,Q2_pred_2,2
396530,4,0.06934383511543274,Q4_pred_4,4
169805,4,0.08395153284072876,Q4_pred_4,4
84074,4,0.10039118677377701,Q5_pred_5,5
95015,3,0.04792487621307373,Q3_pred_3,3
214589,4,0.010605763643980026,Q1_pred_1,1
235119,4,0.013869792222976685,Q2_pred_2,2
80646,4,0.04056049883365631,Q3_pred_3,3
223272,3,0.0068678706884384155,Q1_pred_1,1
15224,3,0.051058925688266754,Q4_pred_4,4
168744,3,0.2666271924972534,Q5_pred_5,5
382855,4,0.06887689232826233,Q4_pred_4,4
50955,4,0.028703972697257996,Q3_pred_3,3
63834,4,0.05051809549331665,Q4_pred_4,4
247179,4,0.04005882143974304,Q3_pred_3,3
406667,3,0.0151071697473526,Q2_pred_2,2
193670,4,0.04962158203125,Q3_pred_3,3
270753,4,0.02091461420059204,Q2_pred_2,2
191535,4,0.08903215080499649,Q5_pred_5,5
156730,2,0.06165380775928497,Q4_pred_4,4
359243,5,0.16801118850708008,Q5_pred_5,5
111076,4,0.018926650285720825,Q2_pred_2,2
27064,4,0.04231037199497223,Q3_pred_3,3
23078,4,0.12112481892108917,Q5_pred_5,5
331158,4,0.024677321314811707,Q2_pred_2,2
91991,3,0.08389139175415039,Q4_pred_4,4
316895,4,0.04733133316040039,Q3_pred_3,3
257430,4,0.01580420881509781,Q2_pred_2,2
27313,3,0.004320263862609863,Q1_pred_1,1
13644,3,0.10730388760566711,Q5_pred_5,5
323459,4,0.004939839243888855,Q1_pred_1,1
137913,4,0.1976872980594635,Q5_pred_5,5
146464,4,0.023149564862251282,Q2_pred_2,2
155265,3,0.009664535522460938,Q1_pred_1,1
11586,4,0.024430163204669952,Q2_pred_2,2
47285,4,0.12180085480213165,Q5_pred_5,5
359718,4,0.07964026927947998,Q4_pred_4,4
142806,4,0.04554544389247894,Q3_pred_3,3
28490,4,0.03408128023147583,Q3_pred_3,3
32613,4,0.01719816029071808,Q2_pred_2,2
114625,1,0.04769977927207947,Q3_pred_3,3
44649,4,0.005213946104049683,Q1_pred_1,1
186475,4,0.12473297119140625,Q5_pred_5,5
427615,4,0.06818322837352753,Q4_pred_4,4
420629,4,0.02660110592842102,Q2_pred_2,2
71963,4,0.021976858377456665,Q2_pred_2,2
205732,3,0.0015341639518737793,Q1_pred_1,1
37285,3,0.04851815104484558,Q3_pred_3,3
67824,4,0.07873120903968811,Q4_pred_4,4
29466,4,0.05275365710258484,Q4_pred_4,4
69546,3,0.011443964205682278,Q1_pred_1,1
423848,4,0.034153178334236145,Q3_pred_3,3
126758,3,0.044284820556640625,Q3_pred_3,3
251150,5,0.0009193718433380127,Q1_pred_1,1
126863,4,0.07294188439846039,Q4_pred_4,4
123720,4,0.005645381286740303,Q1_pred_1,1
199255,4,0.01991117000579834,Q2_pred_2,2
247019,4,0.01676468551158905,Q2_pred_2,2
40980,3,0.02697587013244629,Q2_pred_2,2
17697,4,0.14360475540161133,Q5_pred_5,5
31057,4,0.07467413693666458,Q4_pred_4,4
381152,3,0.02902853488922119,Q3_pred_3,3
355910,4,0.11657854914665222,Q5_pred_5,5
33481,4,0.07674361765384674,Q4_pred_4,4
19199,3,0.06723716855049133,Q4_pred_4,4
343942,4,0.07864117622375488,Q4_pred_4,4
53944,4,0.009190931916236877,Q1_pred_1,1
316084,5,0.10961112380027771,Q5_pred_5,5
199037,4,0.03963823243975639,Q3_pred_3,3
35037,3,0.07273164391517639,Q4_pred_4,4
373938,3,0.18721537292003632,Q5_pred_5,5
69947,4,0.03849220275878906,Q3_pred_3,3
340557,4,0.049070969223976135,Q3_pred_3,3
191517,4,0.04869154095649719,Q3_pred_3,3
17511,3,0.10545265674591064,Q5_pred_5,5
77912,4,0.06763271987438202,Q4_pred_4,4
26140,3,0.13579511642456055,Q5_pred_5,5
344553,3,0.04940733313560486,Q3_pred_3,3
62892,3,0.10294058918952942,Q5_pred_5,5
219778,4,0.07291481643915176,Q4_pred_4,4
31738,4,0.02579023316502571,Q2_pred_2,2
111357,4,0.06464691460132599,Q4_pred_4,4
125344,4,0.05729997158050537,Q4_pred_4,4
10491,4,0.15946123003959656,Q5_pred_5,5
252348,4,0.014076977968215942,Q2_pred_2,2
193867,3,0.012611538171768188,Q2_pred_2,2
320300,3,0.002363234758377075,Q1_pred_1,1
371554,4,0.0012526363134384155,Q1_pred_1,1
113999,3,0.007958263158798218,Q1_pred_1,1
64815,4,0.11582228541374207,Q5_pred_5,5
212787,4,0.01801404356956482,Q2_pred_2,2
93878,4,0.0011626183986663818,Q1_pred_1,1
137944,3,0.14338552951812744,Q5_pred_5,5
418570,4,0.0033131763339042664,Q1_pred_1,1
470704,3,0.003743797540664673,Q1_pred_1,1
382833,4,0.06444578617811203,Q4_pred_4,4
153661,4,0.00026786327362060547,Q1_pred_1,1
378012,4,0.14393576979637146,Q5_pred_5,5
13896,3,0.056072115898132324,Q4_pred_4,4
39160,5,0.05808773636817932,Q4_pred_4,4
331365,5,0.027980893850326538,Q3_pred_3,3
165229,4,0.07813817262649536,Q4_pred_4,4
386610,4,0.03065086156129837,Q3_pred_3,3
386215,4,0.06622371077537537,Q4_pred_4,4
15355,4,0.0982094258069992,Q5_pred_5,5
38271,4,0.03810968995094299,Q3_pred_3,3
182723,4,0.004656083881855011,Q1_pred_1,1
426596,4,0.05802087485790253,Q4_pred_4,4
111775,4,0.02066020667552948,Q2_pred_2,2
341736,3,0.13456186652183533,Q5_pred_5,5
86681,4,0.027053385972976685,Q2_pred_2,2
84835,4,0.07577284425497055,Q4_pred_4,4
66109,4,0.019575640559196472,Q2_pred_2,2
114168,3,0.0006154514849185944,Q1_pred_1,1
260933,4,0.010357558727264404,Q1_pred_1,1
245676,3,0.052520401775836945,Q4_pred_4,4
127563,4,0.06855827569961548,Q4_pred_4,4
154065,4,0.1499418020248413,Q5_pred_5,5
119667,4,0.20203548669815063,Q5_pred_5,5
93299,4,0.03672313690185547,Q3_pred_3,3
162127,3,0.15872767567634583,Q5_pred_5,5
13774,3,0.027082771062850952,Q2_pred_2,2
86472,4,0.010022014379501343,Q1_pred_1,1
274481,3,0.04795795679092407,Q3_pred_3,3
16218,4,0.06865735352039337,Q4_pred_4,4
154295,4,0.22806409001350403,Q5_pred_5,5
374351,4,0.056493014097213745,Q4_pred_4,4
343947,4,0.09077084064483643,Q5_pred_5,5
10570,4,0.10273659229278564,Q5_pred_5,5
21,4,0.0013363659381866455,Q1_pred_1,1
241498,4,0.0036827698349952698,Q1_pred_1,1
23077,4,0.11998040229082108,Q5_pred_5,5
393237,4,0.023980721831321716,Q2_pred_2,2
17508,4,0.04361243546009064,Q3_pred_3,3
76251,3,0.02903693914413452,Q3_pred_3,3
40210,4,0.08044469356536865,Q4_pred_4,4
6185,3,0.021743416786193848,Q2_pred_2,2
143246,3,0.000934213399887085,Q1_pred_1,1
378262,4,0.022365227341651917,Q2_pred_2,2
21119,3,0.011153101921081543,Q1_pred_1,1
55730,3,0.05958695709705353,Q4_pred_4,4
12982,4,0.03878273069858551,Q3_pred_3,3
415016,2,0.016857683658599854,Q2_pred_2,2
214512,4,0.02839978039264679,Q3_pred_3,3
22951,4,0.03301997482776642,Q3_pred_3,3
3112,4,0.08675266802310944,Q5_pred_5,5
67647,4,0.030484378337860107,Q3_pred_3,3
236641,4,0.16841363906860352,Q5_pred_5,5
256417,4,0.025036968290805817,Q2_pred_2,2
94920,4,0.08394525945186615,Q4_pred_4,4
35131,4,0.006674051284790039,Q1_pred_1,1
86396,4,0.015441730618476868,Q2_pred_2,2
109742,3,0.20924493670463562,Q5_pred_5,5
99227,4,0.005212336778640747,Q1_pred_1,1
393911,4,0.027735963463783264,Q3_pred_3,3
357589,4,0.0151299387216568,Q2_pred_2,2
164381,4,0.0037615299224853516,Q1_pred_1,1
121567,4,0.215200275182724,Q5_pred_5,5
156569,3,0.012922205030918121,Q2_pred_2,2
425792,4,0.0018535405397415161,Q1_pred_1,1
16026,2,0.050769150257110596,Q4_pred_4,4
114504,3,0.2515796422958374,Q5_pred_5,5
315940,4,0.03440585732460022,Q3_pred_3,3
15718,4,0.05433564633131027,Q4_pred_4,4
247603,4,0.03893226385116577,Q3_pred_3,3
420312,3,0.02938258647918701,Q3_pred_3,3
65810,4,0.04505586624145508,Q3_pred_3,3
415300,3,0.024937018752098083,Q2_pred_2,2
131700,4,0.010868310928344727,Q1_pred_1,1
68424,4,0.04580026865005493,Q3_pred_3,3
361870,4,0.0410233736038208,Q3_pred_3,3
484620,4,0.05244927108287811,Q4_pred_4,4
257002,3,0.10062772035598755,Q5_pred_5,5
241581,4,0.07602465152740479,Q4_pred_4,4
6850,3,0.009363912045955658,Q1_pred_1,1
95386,4,0.0235685333609581,Q2_pred_2,2
29263,4,0.04923839867115021,Q3_pred_3,3
94759,4,0.01873891055583954,Q2_pred_2,2
62148,4,0.24950240552425385,Q5_pred_5,5
439993,4,0.006463915109634399,Q1_pred_1,1
3817,4,0.022398605942726135,Q2_pred_2,2
61849,4,0.013322167098522186,Q2_pred_2,2
147095,2,0.031239226460456848,Q3_pred_3,3
374571,4,0.03848850727081299,Q3_pred_3,3
5644,3,0.013965994119644165,Q2_pred_2,2
181522,4,0.0009180307388305664,Q1_pred_1,1
131199,3,0.011491388082504272,Q1_pred_1,1
40531,2,0.14697229862213135,Q5_pred_5,5
89338,4,0.04660072922706604,Q3_pred_3,3
276317,4,0.04106353223323822,Q3_pred_3,3
347927,5,0.03904169797897339,Q3_pred_3,3
234994,4,0.0035518109798431396,Q1_pred_1,1
89676,3,0.04683417081832886,Q3_pred_3,3
191090,3,0.1026993915438652,Q5_pred_5,5
374709,4,0.13409891724586487,Q5_pred_5,5
329737,4,0.12085425853729248,Q5_pred_5,5
114492,4,0.050677597522735596,Q4_pred_4,4
105685,4,0.08476094901561737,Q4_pred_4,4
248563,3,0.017820119857788086,Q2_pred_2,2
167753,4,0.03153465688228607,Q3_pred_3,3
354643,4,0.054308146238327026,Q4_pred_4,4
50391,4,0.02329687774181366,Q2_pred_2,2
358073,4,0.21498292684555054,Q5_pred_5,5
22518,4,0.09382717311382294,Q5_pred_5,5
399577,4,0.01839962601661682,Q2_pred_2,2
196058,4,0.010483525693416595,Q1_pred_1,1
48936,4,0.05402113497257233,Q4_pred_4,4
379115,3,0.03525732457637787,Q3_pred_3,3
372052,4,0.026814430952072144,Q2_pred_2,2
76663,3,0.10981300473213196,Q5_pred_5,5
85172,3,0.017055314034223557,Q2_pred_2,2
104767,3,0.08191858232021332,Q4_pred_4,4
360229,4,0.1867203712463379,Q5_pred_5,5
74479,3,0.017018109560012817,Q2_pred_2,2
350334,4,0.022591248154640198,Q2_pred_2,2
118756,4,0.11532513797283173,Q5_pred_5,5
234577,4,0.04360257089138031,Q3_pred_3,3
45114,4,0.07532496750354767,Q4_pred_4,4
386574,4,0.04511149227619171,Q3_pred_3,3
50168,3,0.06797131896018982,Q4_pred_4,4
98548,3,0.025391489267349243,Q2_pred_2,2
10722,4,0.02525031566619873,Q2_pred_2,2
759,3,0.3390042185783386,Q5_pred_5,5
119309,4,0.21683071553707123,Q5_pred_5,5
84575,4,0.0025851503014564514,Q1_pred_1,1
70320,4,0.012670442461967468,Q2_pred_2,2
178565,3,0.02152085304260254,Q2_pred_2,2
40284,4,0.06795427203178406,Q4_pred_4,4
241924,3,0.06520846486091614,Q4_pred_4,4
99723,4,0.038953155279159546,Q3_pred_3,3
122997,4,0.006494395434856415,Q1_pred_1,1
120587,4,0.04417175054550171,Q3_pred_3,3
134006,3,0.024831905961036682,Q2_pred_2,2
173880,4,0.004594355821609497,Q1_pred_1,1
146207,4,0.10639730840921402,Q5_pred_5,5
24241,3,0.10632830858230591,Q5_pred_5,5
372707,5,0.015240579843521118,Q2_pred_2,2
3091,3,0.04647129774093628,Q3_pred_3,3
119310,5,0.21867702901363373,Q5_pred_5,5
28970,4,0.056456029415130615,Q4_pred_4,4
29493,4,0.05141177773475647,Q4_pred_4,4
18218,4,0.06308028101921082,Q4_pred_4,4
144069,4,0.025788266211748123,Q2_pred_2,2
111015,4,0.005387783050537109,Q1_pred_1,1
427195,4,0.0017669349908828735,Q1_pred_1,1
168899,4,0.04622381925582886,Q3_pred_3,3
61513,3,0.031486913561820984,Q3_pred_3,3
110327,3,0.03917762637138367,Q3_pred_3,3
102952,4,0.014851391315460205,Q2_pred_2,2
33648,4,0.11352662742137909,Q5_pred_5,5
61728,4,0.015029508620500565,Q2_pred_2,2
35623,3,0.04749178886413574,Q3_pred_3,3
142471,5,0.025485217571258545,Q2_pred_2,2
108660,3,0.19779494404792786,Q5_pred_5,5
86439,4,0.006615996360778809,Q1_pred_1,1
130088,4,0.07481130957603455,Q4_pred_4,4
156701,4,0.04412531852722168,Q3_pred_3,3
196382,2,0.007554829120635986,Q1_pred_1,1
108417,3,0.05189642310142517,Q4_pred_4,4
214632,3,0.08264897763729095,Q4_pred_4,4
38204,4,0.0068314820528030396,Q1_pred_1,1
3165,5,0.007329229265451431,Q1_pred_1,1
37336,4,0.10293713212013245,Q5_pred_5,5
195990,4,0.007234394550323486,Q1_pred_1,1
352612,3,0.071042001247406,Q4_pred_4,4
105581,4,0.09089977294206619,Q5_pred_5,5
78592,3,0.023487746715545654,Q2_pred_2,2
104815,4,0.01206575334072113,Q2_pred_2,2
359367,5,0.16655233502388,Q5_pred_5,5
154021,5,0.15669432282447815,Q5_pred_5,5
9559,4,0.030498705804347992,Q3_pred_3,3
88942,4,0.00792027823626995,Q1_pred_1,1
193814,3,0.05230657756328583,Q4_pred_4,4
140821,3,0.004050165414810181,Q1_pred_1,1
13402,3,0.11977365612983704,Q5_pred_5,5
356918,4,0.1280069351196289,Q5_pred_5,5
137151,3,0.02010330557823181,Q2_pred_2,2
189419,4,0.02648521214723587,Q2_pred_2,2
18581,3,0.06884391605854034,Q4_pred_4,4
373785,3,0.0707969069480896,Q4_pred_4,4
357471,4,0.013758957386016846,Q2_pred_2,2
387785,5,0.0010301023721694946,Q1_pred_1,1
324793,4,0.0029029175639152527,Q1_pred_1,1
277264,4,0.045546650886535645,Q3_pred_3,3
327550,4,0.048348188400268555,Q3_pred_3,3
226407,4,0.1258915364742279,Q5_pred_5,5
163059,3,0.03087139129638672,Q3_pred_3,3
331704,4,0.014010503888130188,Q2_pred_2,2
146517,4,0.03912697732448578,Q3_pred_3,3
203093,3,0.03359101712703705,Q3_pred_3,3
103353,4,0.0358046293258667,Q3_pred_3,3
173193,4,0.03776171803474426,Q3_pred_3,3
241245,3,0.018639400601387024,Q2_pred_2,2
29420,4,0.0620168000459671,Q4_pred_4,4
2611,4,0.06328028440475464,Q4_pred_4,4
329734,4,0.13409602642059326,Q5_pred_5,5
73137,3,0.053280338644981384,Q4_pred_4,4
57272,3,0.08077941834926605,Q4_pred_4,4
355760,5,0.13042336702346802,Q5_pred_5,5
84564,4,0.04658892750740051,Q3_pred_3,3
11081,3,0.020737186074256897,Q2_pred_2,2
109083,4,0.043155521154403687,Q3_pred_3,3
265312,3,0.07270665466785431,Q4_pred_4,4
160376,4,0.020820975303649902,Q2_pred_2,2
349286,3,0.04673413187265396,Q3_pred_3,3
18884,3,0.02717442810535431,Q2_pred_2,2
34662,5,0.08939436078071594,Q5_pred_5,5
11872,3,0.0067816972732543945,Q1_pred_1,1
270655,3,0.007685966789722443,Q1_pred_1,1
4573,3,0.019846111536026,Q2_pred_2,2
7601,3,0.20241117477416992,Q5_pred_5,5
34587,4,0.0757654532790184,Q4_pred_4,4
393459,4,0.020331211388111115,Q2_pred_2,2
393003,2,0.01477806270122528,Q2_pred_2,2
168307,4,0.016436293721199036,Q2_pred_2,2
257777,3,0.002616390585899353,Q1_pred_1,1
381358,4,0.0014500319957733154,Q1_pred_1,1
231485,4,0.006689645349979401,Q1_pred_1,1
254391,4,0.003103002905845642,Q1_pred_1,1
48056,3,0.09279206395149231,Q5_pred_5,5
337768,4,0.16567865014076233,Q5_pred_5,5
346328,3,0.00748799741268158,Q1_pred_1,1
185365,4,0.013657480478286743,Q2_pred_2,2
89901,3,0.016822073608636856,Q2_pred_2,2
24632,3,0.04647482931613922,Q3_pred_3,3
157596,4,0.017108410596847534,Q2_pred_2,2
128419,4,0.011590391397476196,Q1_pred_1,1
35129,3,0.01033031940460205,Q1_pred_1,1
160294,4,0.048499077558517456,Q3_pred_3,3
116223,4,0.035297080874443054,Q3_pred_3,3
109115,4,0.03626668453216553,Q3_pred_3,3
161457,4,0.02464345097541809,Q2_pred_2,2
86293,3,0.054670482873916626,Q4_pred_4,4
40985,3,0.05162842571735382,Q4_pred_4,4
109224,4,0.0639779269695282,Q4_pred_4,4
63275,4,0.11281222105026245,Q5_pred_5,5
120359,4,0.019671566784381866,Q2_pred_2,2
27928,4,0.05615735799074173,Q4_pred_4,4
48461,3,0.003234297037124634,Q1_pred_1,1
59461,4,0.06648263335227966,Q4_pred_4,4
249791,4,0.08458761870861053,Q4_pred_4,4
277554,4,0.03663799166679382,Q3_pred_3,3
100007,4,0.0008470714092254639,Q1_pred_1,1
335509,4,0.007665134966373444,Q1_pred_1,1
357725,4,0.011165469884872437,Q1_pred_1,1
127298,3,0.0075027793645858765,Q1_pred_1,1
258039,4,0.0034522712230682373,Q1_pred_1,1
68448,4,0.03240060806274414,Q3_pred_3,3
136947,4,0.10859537124633789,Q5_pred_5,5
115534,4,0.03349737823009491,Q3_pred_3,3
348872,3,0.07034856081008911,Q4_pred_4,4
179907,3,0.01899123191833496,Q2_pred_2,2
154449,4,0.052214205265045166,Q4_pred_4,4
214414,3,0.0014545395970344543,Q1_pred_1,1
101553,4,0.041170209646224976,Q3_pred_3,3
156719,4,0.0497303232550621,Q3_pred_3,3
364260,4,0.04788164794445038,Q3_pred_3,3
157432,4,0.12827566266059875,Q5_pred_5,5
153847,4,0.12014728784561157,Q5_pred_5,5
22955,4,0.1613415628671646,Q5_pred_5,5
30941,4,0.05792653560638428,Q4_pred_4,4
320298,4,0.00046938657760620117,Q1_pred_1,1
11566,3,0.006096780300140381,Q1_pred_1,1
78796,2,0.00427699089050293,Q1_pred_1,1
18929,3,0.02690749615430832,Q2_pred_2,2
156603,3,0.061011552810668945,Q4_pred_4,4
29031,4,0.05912420153617859,Q4_pred_4,4
121604,4,0.056074537336826324,Q4_pred_4,4
222433,4,0.05257733166217804,Q4_pred_4,4
223051,4,0.01654229313135147,Q2_pred_2,2
218831,3,0.013881295919418335,Q2_pred_2,2
18047,4,0.13561463356018066,Q5_pred_5,5
8541,4,0.021055608987808228,Q2_pred_2,2
418622,4,0.016833096742630005,Q2_pred_2,2
22099,4,0.020132729783654213,Q2_pred_2,2
132252,3,0.012310601770877838,Q2_pred_2,2
232723,4,0.04374295473098755,Q3_pred_3,3
137394,3,0.012609399855136871,Q2_pred_2,2
372586,3,0.004780411720275879,Q1_pred_1,1
4066,2,0.045319631695747375,Q3_pred_3,3
315728,3,0.04980000853538513,Q3_pred_3,3
110379,3,0.006014779210090637,Q1_pred_1,1
93850,4,0.003374708816409111,Q1_pred_1,1
157769,3,0.045735180377960205,Q3_pred_3,3
109558,2,0.08021105825901031,Q4_pred_4,4
166649,3,0.007616370916366577,Q1_pred_1,1
247510,4,0.10294884443283081,Q5_pred_5,5
323079,3,0.009816333651542664,Q1_pred_1,1
8532,3,0.009528830647468567,Q1_pred_1,1
28106,4,0.050870463252067566,Q4_pred_4,4
5819,2,0.0738554447889328,Q4_pred_4,4
145083,4,0.021213598549365997,Q2_pred_2,2
151009,4,0.039482682943344116,Q3_pred_3,3
336771,4,0.02949485182762146,Q3_pred_3,3
148272,4,0.11464989185333252,Q5_pred_5,5
2970,4,0.10202312469482422,Q5_pred_5,5
156945,3,0.008121520280838013,Q1_pred_1,1
86389,4,0.011295124888420105,Q1_pred_1,1
248856,4,0.08711802214384079,Q5_pred_5,5
238932,3,0.05736649036407471,Q4_pred_4,4
30192,4,0.09329572319984436,Q5_pred_5,5
373614,4,0.09720969200134277,Q5_pred_5,5
358074,4,0.220038503408432,Q5_pred_5,5
52180,4,0.015130221843719482,Q2_pred_2,2
411179,4,0.05079522728919983,Q4_pred_4,4
4405,3,0.04036812484264374,Q3_pred_3,3
26567,4,0.015731826424598694,Q2_pred_2,2
167196,4,0.09663026034832001,Q5_pred_5,5
183347,4,0.03340129554271698,Q3_pred_3,3
423493,4,0.053811684250831604,Q4_pred_4,4
148241,4,0.055232517421245575,Q4_pred_4,4
424057,4,0.032799288630485535,Q3_pred_3,3
118388,3,0.025962918996810913,Q2_pred_2,2
373636,4,0.08971233665943146,Q5_pred_5,5
92364,4,0.01942635327577591,Q2_pred_2,2
17353,4,0.027354449033737183,Q2_pred_2,2
105026,4,0.028564095497131348,Q3_pred_3,3
348864,4,0.07589878141880035,Q4_pred_4,4
254337,3,0.01818859577178955,Q2_pred_2,2
150345,4,0.02575729787349701,Q2_pred_2,2
29272,4,0.06035932898521423,Q4_pred_4,4
3808,4,0.12803474068641663,Q5_pred_5,5
113576,3,0.06821379065513611,Q4_pred_4,4
139097,3,0.10045123100280762,Q5_pred_5,5
31681,2,0.09130147099494934,Q5_pred_5,5
36777,5,0.007611589506268501,Q1_pred_1,1
369082,5,0.001631811261177063,Q1_pred_1,1
187127,4,0.006592303514480591,Q1_pred_1,1
251863,4,0.03709830343723297,Q3_pred_3,3
37345,4,0.10763224959373474,Q5_pred_5,5
10956,2,0.03920993208885193,Q3_pred_3,3
107137,4,5.4508447647094727e-05,Q1_pred_1,1
61756,4,0.04252104461193085,Q3_pred_3,3
163728,4,0.06528490781784058,Q4_pred_4,4
105659,4,0.08430299162864685,Q4_pred_4,4
89664,4,0.03570990264415741,Q3_pred_3,3
120590,4,0.12217207252979279,Q5_pred_5,5
12872,3,0.037098631262779236,Q3_pred_3,3
167675,4,0.1378357708454132,Q5_pred_5,5
466111,3,0.023578092455863953,Q2_pred_2,2
187832,4,0.03687441349029541,Q3_pred_3,3
411025,4,0.00048616528511047363,Q1_pred_1,1
77244,3,0.010669901967048645,Q1_pred_1,1
23673,3,0.008455395698547363,Q1_pred_1,1
188000,4,0.0037622004747390747,Q1_pred_1,1
81369,4,0.05617687106132507,Q4_pred_4,4
257496,4,0.02650846540927887,Q2_pred_2,2
110404,3,0.008135676383972168,Q1_pred_1,1
348372,4,0.000469207763671875,Q1_pred_1,1
150406,4,0.10567106306552887,Q5_pred_5,5
92916,4,0.030837252736091614,Q3_pred_3,3
86652,4,0.02129530906677246,Q2_pred_2,2
23498,3,0.11589715629816055,Q5_pred_5,5
156818,4,0.06924499571323395,Q4_pred_4,4
325155,4,0.03897102177143097,Q3_pred_3,3
42199,4,0.02171749621629715,Q2_pred_2,2
81325,4,0.0012489408254623413,Q1_pred_1,1
5624,4,0.10416538268327713,Q5_pred_5,5
1202,3,0.02953857183456421,Q3_pred_3,3
12856,3,0.002061951905488968,Q1_pred_1,1
248781,4,0.059336721897125244,Q4_pred_4,4
187129,2,0.00705023854970932,Q1_pred_1,1
131107,4,0.06747084856033325,Q4_pred_4,4
98411,3,0.006916619837284088,Q1_pred_1,1
272392,4,0.034494683146476746,Q3_pred_3,3
238870,4,0.01935422420501709,Q2_pred_2,2
146509,5,0.03527143597602844,Q3_pred_3,3
355891,3,0.055943191051483154,Q4_pred_4,4
157914,3,0.05761869251728058,Q4_pred_4,4
270762,4,0.03790241479873657,Q3_pred_3,3
40813,4,0.026118233799934387,Q2_pred_2,2
10974,2,0.061028242111206055,Q4_pred_4,4
106428,4,0.01803600788116455,Q2_pred_2,2
386521,4,0.04471652954816818,Q3_pred_3,3
156740,4,0.03571556508541107,Q3_pred_3,3
187266,4,0.04056302458047867,Q3_pred_3,3
188701,3,0.02688729763031006,Q2_pred_2,2
494956,4,0.04347585141658783,Q3_pred_3,3
33473,4,0.1158379390835762,Q5_pred_5,5
137892,4,0.010318547487258911,Q1_pred_1,1
49089,4,0.22709104418754578,Q5_pred_5,5
358924,4,0.13235530257225037,Q5_pred_5,5
274627,4,0.07824939489364624,Q4_pred_4,4
233296,3,0.025677591562271118,Q2_pred_2,2
142822,4,0.0008551925420761108,Q1_pred_1,1
127282,4,0.0374385267496109,Q3_pred_3,3
150035,4,0.3082467317581177,Q5_pred_5,5
38318,4,0.0009147673845291138,Q1_pred_1,1
21211,2,0.0006187856197357178,Q1_pred_1,1
70374,4,0.06595098227262497,Q4_pred_4,4
104707,4,0.032551348209381104,Q3_pred_3,3
114072,3,0.05479913949966431,Q4_pred_4,4
186391,4,0.007796645164489746,Q1_pred_1,1
386381,3,0.00757705420255661,Q1_pred_1,1
52270,4,0.025456257164478302,Q2_pred_2,2
203917,4,0.013512477278709412,Q2_pred_2,2
354421,4,0.034215301275253296,Q3_pred_3,3
25485,4,0.008667394518852234,Q1_pred_1,1
51415,3,0.00785459578037262,Q1_pred_1,1
349509,3,0.061078935861587524,Q4_pred_4,4
188488,3,0.07230110466480255,Q4_pred_4,4
260388,4,0.02553352154791355,Q2_pred_2,2
184147,4,0.011882811784744263,Q2_pred_2,2
5789,3,0.07056795060634613,Q4_pred_4,4
8745,4,0.0241890549659729,Q2_pred_2,2
366049,3,0.010983578860759735,Q1_pred_1,1
280220,3,0.027761250734329224,Q3_pred_3,3
257105,3,0.030626367777585983,Q3_pred_3,3
191913,4,0.027542710304260254,Q3_pred_3,3
387763,4,0.005956798791885376,Q1_pred_1,1
368601,3,0.026582276448607445,Q2_pred_2,2
161359,4,0.12996289134025574,Q5_pred_5,5
325027,3,0.0009438619017601013,Q1_pred_1,1
117576,2,0.026781082153320312,Q2_pred_2,2
32575,3,0.020638979971408844,Q2_pred_2,2
151150,3,0.11108613014221191,Q5_pred_5,5
373676,3,0.008840739727020264,Q1_pred_1,1
69422,4,0.006762832403182983,Q1_pred_1,1
359563,4,0.13633662462234497,Q5_pred_5,5
49474,4,0.029957201331853867,Q3_pred_3,3
237684,3,0.012352094054222107,Q2_pred_2,2
52191,4,0.05348576605319977,Q4_pred_4,4
95035,4,0.005684390664100647,Q1_pred_1,1
357790,4,0.0013850778341293335,Q1_pred_1,1
38622,3,0.0034017860889434814,Q1_pred_1,1
125271,3,0.039512068033218384,Q3_pred_3,3
345055,4,0.019940420985221863,Q2_pred_2,2
90339,3,0.03966681659221649,Q3_pred_3,3
13015,4,0.010897770524024963,Q1_pred_1,1
358567,5,0.14039193093776703,Q5_pred_5,5
16432,3,0.0014578253030776978,Q1_pred_1,1
148563,5,0.07763662934303284,Q4_pred_4,4
405139,4,0.05927830934524536,Q4_pred_4,4
146642,4,0.007726758718490601,Q1_pred_1,1
3857,3,0.18588653206825256,Q5_pred_5,5
466685,4,0.08345077931880951,Q4_pred_4,4
253100,3,0.05189378559589386,Q4_pred_4,4
17546,4,0.02137795090675354,Q2_pred_2,2
103557,4,0.045851171016693115,Q3_pred_3,3
63737,3,0.0010683536529541016,Q1_pred_1,1
69769,3,0.08503693342208862,Q4_pred_4,4
80803,2,0.011136338114738464,Q1_pred_1,1
42247,5,0.12685677409172058,Q5_pred_5,5
46686,4,0.09073951840400696,Q5_pred_5,5
386607,4,0.03201635926961899,Q3_pred_3,3
65422,4,0.028789162635803223,Q3_pred_3,3
215749,4,0.05229830741882324,Q4_pred_4,4
105436,4,0.08147504925727844,Q4_pred_4,4
115997,4,0.0011182427406311035,Q1_pred_1,1
58997,3,0.09544321894645691,Q5_pred_5,5
69006,4,0.017527669668197632,Q2_pred_2,2
15925,3,0.05286087840795517,Q4_pred_4,4
116923,3,0.0880906879901886,Q5_pred_5,5
211684,4,0.020433753728866577,Q2_pred_2,2
386306,3,0.03734361380338669,Q3_pred_3,3
44264,3,0.06465992331504822,Q4_pred_4,4
145043,3,0.005165415816009045,Q1_pred_1,1
10816,3,0.017300531268119812,Q2_pred_2,2
11938,4,0.08892780542373657,Q5_pred_5,5
415423,4,0.05102798342704773,Q4_pred_4,4
19161,4,0.08468152582645416,Q4_pred_4,4
386359,4,0.0170365609228611,Q2_pred_2,2
60770,4,0.06559814512729645,Q4_pred_4,4
29704,4,0.13325968384742737,Q5_pred_5,5
354902,4,0.050998300313949585,Q4_pred_4,4
356701,5,0.14112484455108643,Q5_pred_5,5
477072,4,0.08741119503974915,Q5_pred_5,5
176037,4,0.023629486560821533,Q2_pred_2,2
29181,4,0.041182130575180054,Q3_pred_3,3
333861,4,0.016318373382091522,Q2_pred_2,2
95389,4,0.05701588839292526,Q4_pred_4,4
44050,4,0.03137856721878052,Q3_pred_3,3
70028,4,0.0033973753452301025,Q1_pred_1,1
29244,4,0.04892423748970032,Q3_pred_3,3
90042,3,0.05858307331800461,Q4_pred_4,4
97654,4,0.06177768111228943,Q4_pred_4,4
63045,3,0.10136043280363083,Q5_pred_5,5
393004,3,0.08517614006996155,Q4_pred_4,4
86905,2,0.0033777952194213867,Q1_pred_1,1
140680,4,0.011977463960647583,Q2_pred_2,2
150166,3,0.036407843232154846,Q3_pred_3,3
107163,4,0.022154230624437332,Q2_pred_2,2
125071,4,0.1964031457901001,Q5_pred_5,5
266484,3,0.07790452241897583,Q4_pred_4,4
88837,4,0.00980958342552185,Q1_pred_1,1
514,3,0.009726002812385559,Q1_pred_1,1
40376,4,0.009637951850891113,Q1_pred_1,1
400113,4,0.040986523032188416,Q3_pred_3,3
383700,4,0.07834598422050476,Q4_pred_4,4
369051,4,0.0661877989768982,Q4_pred_4,4
107274,4,0.03007405996322632,Q3_pred_3,3
64965,4,0.03139019012451172,Q3_pred_3,3
110381,4,0.027557402849197388,Q3_pred_3,3
104607,4,0.0979793518781662,Q5_pred_5,5
126040,3,0.01165550947189331,Q1_pred_1,1
8687,4,0.06462201476097107,Q4_pred_4,4
423342,4,0.006867310032248497,Q1_pred_1,1
31529,4,0.01078765094280243,Q1_pred_1,1
3272,3,0.06230767071247101,Q4_pred_4,4
93874,3,0.015329137444496155,Q2_pred_2,2
359737,4,0.10442018508911133,Q5_pred_5,5
12959,4,0.039061591029167175,Q3_pred_3,3
50318,2,0.024497300386428833,Q2_pred_2,2
373644,4,0.0029775798320770264,Q1_pred_1,1
93879,4,0.01322319358587265,Q2_pred_2,2
10690,2,0.05817347764968872,Q4_pred_4,4
92931,4,0.00831131637096405,Q1_pred_1,1
24274,4,0.030720219016075134,Q3_pred_3,3
155361,3,0.008288919925689697,Q1_pred_1,1
61912,3,0.01634964346885681,Q2_pred_2,2
115505,4,0.06821399927139282,Q4_pred_4,4
76293,4,0.043072089552879333,Q3_pred_3,3
239674,3,0.051807910203933716,Q4_pred_4,4
87683,3,0.012383654713630676,Q2_pred_2,2
154780,3,0.05997586250305176,Q4_pred_4,4
112460,4,0.027146581560373306,Q2_pred_2,2
36780,4,0.028545089066028595,Q3_pred_3,3
249010,4,0.02140967547893524,Q2_pred_2,2
164923,4,0.09771746397018433,Q5_pred_5,5
477087,4,0.00958453118801117,Q1_pred_1,1
81997,4,0.08605445921421051,Q4_pred_4,4
137826,4,0.0890350192785263,Q5_pred_5,5
422873,4,0.011525765061378479,Q1_pred_1,1
247975,4,0.10026106238365173,Q5_pred_5,5
40098,4,0.10037750005722046,Q5_pred_5,5
340611,3,0.002083331346511841,Q1_pred_1,1
239717,3,0.06130412220954895,Q4_pred_4,4
69559,3,0.024818748235702515,Q2_pred_2,2
115526,4,0.0145278200507164,Q2_pred_2,2
50262,2,0.0040163397789001465,Q1_pred_1,1
16799,4,0.07343313097953796,Q4_pred_4,4
149326,4,0.016169607639312744,Q2_pred_2,2
93925,4,0.04204455018043518,Q3_pred_3,3
10774,3,0.011853933334350586,Q1_pred_1,1
239292,3,0.022212564945220947,Q2_pred_2,2
169729,4,0.07464812695980072,Q4_pred_4,4
147133,2,0.04255775362253189,Q3_pred_3,3
331143,4,0.07092100381851196,Q4_pred_4,4
104088,4,0.04244394600391388,Q3_pred_3,3
31581,4,0.022426217794418335,Q2_pred_2,2
253636,2,0.01607537269592285,Q2_pred_2,2
86976,2,0.020305201411247253,Q2_pred_2,2
365799,4,0.007220149040222168,Q1_pred_1,1
74480,3,0.01716524362564087,Q2_pred_2,2
6985,4,0.08560575544834137,Q4_pred_4,4
38647,4,0.0328974574804306,Q3_pred_3,3
36503,4,0.09519162029027939,Q5_pred_5,5
98195,4,0.015900254249572754,Q2_pred_2,2
133471,4,0.0914958119392395,Q5_pred_5,5
175507,3,0.061966538429260254,Q4_pred_4,4
433985,4,0.049209170043468475,Q3_pred_3,3
143703,4,0.014470696449279785,Q2_pred_2,2
54773,3,0.07798871397972107,Q4_pred_4,4
16203,4,0.06699325144290924,Q4_pred_4,4
30626,4,0.01767808198928833,Q2_pred_2,2
315922,2,0.022310476750135422,Q2_pred_2,2
22967,4,0.03977814316749573,Q3_pred_3,3
112741,4,0.01275777816772461,Q2_pred_2,2
105917,4,0.08744549751281738,Q5_pred_5,5
353923,4,0.002421170473098755,Q1_pred_1,1
323559,4,0.0031933337450027466,Q1_pred_1,1
2994,4,0.023923933506011963,Q2_pred_2,2
192245,4,0.10222899913787842,Q5_pred_5,5
332317,4,0.004818171262741089,Q1_pred_1,1
418751,4,0.0033206120133399963,Q1_pred_1,1
36852,4,0.05397436022758484,Q4_pred_4,4
58966,3,0.05883657932281494,Q4_pred_4,4
45078,5,0.04122695326805115,Q3_pred_3,3
219021,4,0.0674227774143219,Q4_pred_4,4
105277,4,0.02572236955165863,Q2_pred_2,2
28938,4,0.06453490257263184,Q4_pred_4,4
23496,4,0.0930224061012268,Q5_pred_5,5
68662,4,0.03581768274307251,Q3_pred_3,3
201025,4,0.001574574038386345,Q1_pred_1,1
179672,4,0.006270989775657654,Q1_pred_1,1
211872,4,0.025764212012290955,Q2_pred_2,2
102244,4,0.14263148605823517,Q5_pred_5,5
245064,3,0.018114551901817322,Q2_pred_2,2
95030,4,0.004137292504310608,Q1_pred_1,1
48076,4,0.024763211607933044,Q2_pred_2,2
230124,3,0.06603886187076569,Q4_pred_4,4
160533,4,0.0915442705154419,Q5_pred_5,5
336370,4,0.01415795087814331,Q2_pred_2,2
23651,4,0.010159716010093689,Q1_pred_1,1
431203,4,0.030494332313537598,Q3_pred_3,3
32396,3,0.09386952221393585,Q5_pred_5,5
4157,4,0.04403812438249588,Q3_pred_3,3
418989,4,0.16745762526988983,Q5_pred_5,5
247899,4,0.11302143335342407,Q5_pred_5,5
389987,4,0.011867403984069824,Q2_pred_2,2
91575,3,0.026140708476305008,Q2_pred_2,2
128740,3,0.05676940083503723,Q4_pred_4,4
156526,3,0.0608186274766922,Q4_pred_4,4
246674,4,0.01135493814945221,Q1_pred_1,1
447425,4,0.003558151423931122,Q1_pred_1,1
92993,2,0.15792495012283325,Q5_pred_5,5
20459,4,0.028626039624214172,Q3_pred_3,3
328718,2,0.013527005910873413,Q2_pred_2,2
77743,4,0.017361484467983246,Q2_pred_2,2
200407,4,0.04912519454956055,Q3_pred_3,3
209027,3,0.011856898665428162,Q2_pred_2,2
399494,4,0.13761663436889648,Q5_pred_5,5
388286,4,0.03191480040550232,Q3_pred_3,3
109911,4,0.009768038988113403,Q1_pred_1,1
409150,4,0.010636772960424423,Q1_pred_1,1
1475,4,0.13110344111919403,Q5_pred_5,5
98941,4,0.002746090292930603,Q1_pred_1,1
155214,3,0.004674836993217468,Q1_pred_1,1
272335,4,0.0958685576915741,Q5_pred_5,5
246932,4,0.2013629674911499,Q5_pred_5,5
242981,4,0.10576567053794861,Q5_pred_5,5
216376,3,0.03057481348514557,Q3_pred_3,3
92019,3,0.04479244351387024,Q3_pred_3,3
135639,4,0.1281549334526062,Q5_pred_5,5
137738,3,0.003656543791294098,Q1_pred_1,1
23461,3,0.0193040668964386,Q2_pred_2,2
165225,4,0.027091383934020996,Q2_pred_2,2
50288,4,0.052445992827415466,Q4_pred_4,4
17603,3,0.021787524223327637,Q2_pred_2,2
18710,4,0.07579341530799866,Q4_pred_4,4
144771,5,0.026315465569496155,Q2_pred_2,2
52190,3,0.032800495624542236,Q3_pred_3,3
121203,4,0.003611624240875244,Q1_pred_1,1
248915,3,0.054997190833091736,Q4_pred_4,4
333441,3,0.08016069233417511,Q4_pred_4,4
150968,4,0.021565347909927368,Q2_pred_2,2
148915,4,0.03645499423146248,Q3_pred_3,3
143467,4,0.005441933870315552,Q1_pred_1,1
51315,3,0.14319944381713867,Q5_pred_5,5
241552,4,0.03863948583602905,Q3_pred_3,3
259582,3,0.031982421875,Q3_pred_3,3
18368,2,0.16793951392173767,Q5_pred_5,5
332302,3,0.04251043498516083,Q3_pred_3,3
137683,4,0.07711085677146912,Q4_pred_4,4
142624,3,0.009518623352050781,Q1_pred_1,1
120695,4,0.013732559978961945,Q2_pred_2,2
94684,4,0.048385247588157654,Q3_pred_3,3
198463,4,0.004313677549362183,Q1_pred_1,1
391691,4,0.04653313755989075,Q3_pred_3,3
98317,4,0.03377125412225723,Q3_pred_3,3
166963,3,0.014038845896720886,Q2_pred_2,2
66592,4,0.03282609581947327,Q3_pred_3,3
155925,4,0.0036272257566452026,Q1_pred_1,1
178219,4,0.045895881950855255,Q3_pred_3,3
177240,4,0.07188908755779266,Q4_pred_4,4
210652,4,0.014938689768314362,Q2_pred_2,2
90621,4,0.003637835383415222,Q1_pred_1,1
58268,4,0.027031615376472473,Q2_pred_2,2
61763,4,0.049645282328128815,Q3_pred_3,3
127234,4,0.050507016479969025,Q4_pred_4,4
60806,4,0.017457515001296997,Q2_pred_2,2
374934,4,0.08992356061935425,Q5_pred_5,5
40387,4,0.003313004970550537,Q1_pred_1,1
111395,4,0.0021341145038604736,Q1_pred_1,1
113623,3,0.01478131115436554,Q2_pred_2,2
189402,4,0.02537238597869873,Q2_pred_2,2
148940,3,0.06063804030418396,Q4_pred_4,4
164929,3,0.023449093103408813,Q2_pred_2,2
357333,4,0.04456844925880432,Q3_pred_3,3
71808,4,0.01228456199169159,Q2_pred_2,2
367823,3,0.009122684597969055,Q1_pred_1,1
15226,4,0.03559291362762451,Q3_pred_3,3
15921,4,0.08705410361289978,Q5_pred_5,5
78924,4,0.004132404923439026,Q1_pred_1,1
324645,4,0.008554421365261078,Q1_pred_1,1
10894,3,0.11623433232307434,Q5_pred_5,5
85755,4,0.014653921127319336,Q2_pred_2,2
20192,4,0.002649754285812378,Q1_pred_1,1
351168,4,0.10522639751434326,Q5_pred_5,5
268143,4,0.019022762775421143,Q2_pred_2,2
174135,4,0.08274675905704498,Q4_pred_4,4
10568,3,0.10339385271072388,Q5_pred_5,5
90422,3,0.05988812446594238,Q4_pred_4,4
167180,4,0.03079897165298462,Q3_pred_3,3
247605,4,0.035612672567367554,Q3_pred_3,3
42363,3,0.07777997851371765,Q4_pred_4,4
195343,3,0.10465070605278015,Q5_pred_5,5
91073,4,0.0073861777782440186,Q1_pred_1,1
73006,3,0.03158074617385864,Q3_pred_3,3
256438,4,0.04894520342350006,Q3_pred_3,3
119876,4,0.053562700748443604,Q4_pred_4,4
46295,4,0.0010028630495071411,Q1_pred_1,1
22758,3,0.0032421350479125977,Q1_pred_1,1
20478,3,0.0013717561960220337,Q1_pred_1,1
22775,4,0.013948321342468262,Q2_pred_2,2
22181,4,0.0033383145928382874,Q1_pred_1,1
193817,3,0.03803281486034393,Q3_pred_3,3
137081,3,0.09384160488843918,Q5_pred_5,5
339643,3,0.0130099356174469,Q2_pred_2,2
25687,3,0.0034913159906864166,Q1_pred_1,1
416507,3,0.031786322593688965,Q3_pred_3,3
151550,3,0.055024921894073486,Q4_pred_4,4
424128,3,0.02928157150745392,Q3_pred_3,3
37347,4,0.10493427515029907,Q5_pred_5,5
42344,3,0.08469521999359131,Q4_pred_4,4
232626,4,0.028082236647605896,Q3_pred_3,3
373901,4,0.09083053469657898,Q5_pred_5,5
104231,4,0.0055145323276519775,Q1_pred_1,1
116390,4,0.03551621735095978,Q3_pred_3,3
61871,4,0.010007530450820923,Q1_pred_1,1
14029,4,0.055919669568538666,Q4_pred_4,4
105433,4,0.076856330037117,Q4_pred_4,4
13205,3,0.08358928561210632,Q4_pred_4,4
133747,4,0.07808732986450195,Q4_pred_4,4
137819,4,0.037578336894512177,Q3_pred_3,3
116358,3,0.0607304573059082,Q4_pred_4,4
268257,3,0.06250461935997009,Q4_pred_4,4
133497,2,0.1234227865934372,Q5_pred_5,5
235654,4,0.11501231789588928,Q5_pred_5,5
105626,4,0.08171294629573822,Q4_pred_4,4
278896,4,0.05107073485851288,Q4_pred_4,4
347816,4,0.2645035684108734,Q5_pred_5,5
168483,4,0.001377195119857788,Q1_pred_1,1
85821,4,0.08282056450843811,Q4_pred_4,4
137945,4,0.15786437690258026,Q5_pred_5,5
339613,4,0.04695955663919449,Q3_pred_3,3
29916,4,0.03477470949292183,Q3_pred_3,3
67331,4,0.02818286418914795,Q3_pred_3,3
199235,3,0.0787881389260292,Q4_pred_4,4
76554,3,0.0201718807220459,Q2_pred_2,2
345399,4,0.02047821134328842,Q2_pred_2,2
352609,2,0.02783617377281189,Q3_pred_3,3
397317,4,0.0026504993438720703,Q1_pred_1,1
355969,4,0.033653661608695984,Q3_pred_3,3
275071,3,0.116408571600914,Q5_pred_5,5
386271,4,0.06784273684024811,Q4_pred_4,4
10609,3,0.03343993425369263,Q3_pred_3,3
67650,4,0.0021716728806495667,Q1_pred_1,1
78590,3,0.02121397852897644,Q2_pred_2,2
78642,3,0.0050744712352752686,Q1_pred_1,1
11022,2,0.037310630083084106,Q3_pred_3,3
185561,4,0.0014316588640213013,Q1_pred_1,1
111403,3,0.14789073169231415,Q5_pred_5,5
239760,3,0.056274980306625366,Q4_pred_4,4
12873,4,0.03688054531812668,Q3_pred_3,3
36069,4,0.04833415150642395,Q3_pred_3,3
81278,4,0.1303619146347046,Q5_pred_5,5
117803,4,0.011807739734649658,Q1_pred_1,1
333247,4,0.1751609891653061,Q5_pred_5,5
395863,4,0.011924173682928085,Q2_pred_2,2
382836,4,0.06645537912845612,Q4_pred_4,4
2520,4,0.019062578678131104,Q2_pred_2,2
38104,4,0.026043497025966644,Q2_pred_2,2
368470,4,0.08212575316429138,Q4_pred_4,4
90358,3,0.0007138252258300781,Q1_pred_1,1
34688,3,0.0859043151140213,Q4_pred_4,4
4754,3,0.0019842758774757385,Q1_pred_1,1
419212,4,0.03938029706478119,Q3_pred_3,3
236525,4,0.13189564645290375,Q5_pred_5,5
102092,4,0.016629129648208618,Q2_pred_2,2
144510,3,0.028428778052330017,Q3_pred_3,3
148461,4,0.050269871950149536,Q4_pred_4,4
30043,4,0.07003192603588104,Q4_pred_4,4
24651,4,0.05087612569332123,Q4_pred_4,4
106784,3,0.03710669279098511,Q3_pred_3,3
375728,4,0.04719126224517822,Q3_pred_3,3
1925,4,0.02298116683959961,Q2_pred_2,2
382950,4,0.056965626776218414,Q4_pred_4,4
393359,4,0.01635885238647461,Q2_pred_2,2
174368,4,0.0047425776720047,Q1_pred_1,1
126167,3,0.022081464529037476,Q2_pred_2,2
29361,4,0.041922420263290405,Q3_pred_3,3
257862,3,0.035674139857292175,Q3_pred_3,3
138937,4,0.08282141387462616,Q4_pred_4,4
60695,4,0.011763840913772583,Q1_pred_1,1
69381,4,0.001249583438038826,Q1_pred_1,1
354371,4,0.030807703733444214,Q3_pred_3,3
173725,4,0.23645201325416565,Q5_pred_5,5
77345,4,0.010892704129219055,Q1_pred_1,1
28851,4,0.07157829403877258,Q4_pred_4,4
252376,4,0.009814545512199402,Q1_pred_1,1
418758,4,0.045747268944978714,Q3_pred_3,3
432875,4,0.04296007752418518,Q3_pred_3,3
49096,4,0.03391110897064209,Q3_pred_3,3
128938,1,0.02091076970100403,Q2_pred_2,2
107209,4,0.016353636980056763,Q2_pred_2,2
160012,4,0.002227470278739929,Q1_pred_1,1
379099,4,0.04374793916940689,Q3_pred_3,3
119907,4,0.06516003608703613,Q4_pred_4,4
81297,4,0.054288819432258606,Q4_pred_4,4
332498,4,0.047498516738414764,Q3_pred_3,3
137424,4,0.06762175261974335,Q4_pred_4,4
121037,4,0.043652623891830444,Q3_pred_3,3
127370,4,0.08479329943656921,Q4_pred_4,4
41425,4,0.015087014064192772,Q2_pred_2,2
259611,4,0.009006071835756302,Q1_pred_1,1
477022,4,0.010098084807395935,Q1_pred_1,1
81382,4,0.018838539719581604,Q2_pred_2,2
352716,4,0.025594979524612427,Q2_pred_2,2
56933,3,0.15224093198776245,Q5_pred_5,5
196060,4,0.010881401598453522,Q1_pred_1,1
147543,3,0.05688659846782684,Q4_pred_4,4
326243,4,0.00715942308306694,Q1_pred_1,1
328857,3,0.04171581566333771,Q3_pred_3,3
97069,4,0.045366570353507996,Q3_pred_3,3
44276,4,0.048981085419654846,Q3_pred_3,3
170448,4,0.05651114135980606,Q4_pred_4,4
216915,4,0.06551061570644379,Q4_pred_4,4
104110,4,0.0797787755727768,Q4_pred_4,4
169581,3,0.05723322182893753,Q4_pred_4,4
116892,3,0.11168848723173141,Q5_pred_5,5
169678,3,0.09669169783592224,Q5_pred_5,5
154692,4,0.01352805644273758,Q2_pred_2,2
357740,4,0.05143401026725769,Q4_pred_4,4
198056,4,0.007589787244796753,Q1_pred_1,1
237698,4,0.00764048844575882,Q1_pred_1,1
160532,4,0.13795197010040283,Q5_pred_5,5
167619,4,0.12042742967605591,Q5_pred_5,5
111086,4,0.02241581678390503,Q2_pred_2,2
173691,4,0.056289613246917725,Q4_pred_4,4
150268,4,0.04701158404350281,Q3_pred_3,3
381476,4,0.13154646754264832,Q5_pred_5,5
57910,3,0.04978048801422119,Q3_pred_3,3
74882,3,0.11398069560527802,Q5_pred_5,5
107735,4,0.0055179595947265625,Q1_pred_1,1
429052,3,0.10704940557479858,Q5_pred_5,5
36398,4,0.018190555274486542,Q2_pred_2,2
27386,4,0.02807757258415222,Q3_pred_3,3
277608,4,0.1058400571346283,Q5_pred_5,5
146277,4,0.1226588785648346,Q5_pred_5,5
125372,4,0.06713926792144775,Q4_pred_4,4
30136,4,0.10530084371566772,Q5_pred_5,5
373720,3,0.07156556844711304,Q4_pred_4,4
222303,3,0.04728159308433533,Q3_pred_3,3
142885,5,0.02098327875137329,Q2_pred_2,2
336784,4,0.07382842898368835,Q4_pred_4,4
118996,4,0.01025111973285675,Q1_pred_1,1
390166,3,0.09367263317108154,Q5_pred_5,5
182571,4,0.0588873028755188,Q4_pred_4,4
61181,3,0.016472965478897095,Q2_pred_2,2
86584,2,0.05312091112136841,Q4_pred_4,4
51247,2,0.10523776710033417,Q5_pred_5,5
17942,3,0.010301604866981506,Q1_pred_1,1
143960,4,0.09390033781528473,Q5_pred_5,5
352740,4,0.14552587270736694,Q5_pred_5,5
114068,3,0.05496731400489807,Q4_pred_4,4
1017,3,0.006130218505859375,Q1_pred_1,1
170545,2,0.013173818588256836,Q2_pred_2,2
44702,4,0.05635315179824829,Q4_pred_4,4
210671,4,0.015471875667572021,Q2_pred_2,2
28758,3,0.1191360354423523,Q5_pred_5,5
214006,4,0.024981319904327393,Q2_pred_2,2
46275,3,0.01317480206489563,Q2_pred_2,2
207935,3,4.5437365770339966e-05,Q1_pred_1,1
105966,4,0.08416955173015594,Q4_pred_4,4
122498,4,0.10210342705249786,Q5_pred_5,5
341404,4,0.09504738450050354,Q5_pred_5,5
64190,2,0.011071965098381042,Q1_pred_1,1
102936,4,0.017709314823150635,Q2_pred_2,2
146553,4,0.0264737606048584,Q2_pred_2,2
169094,3,0.024479448795318604,Q2_pred_2,2
114444,4,0.04992005228996277,Q3_pred_3,3
155132,4,0.047904372215270996,Q3_pred_3,3
355985,4,0.13726624846458435,Q5_pred_5,5
148557,4,0.08137822151184082,Q4_pred_4,4
354516,4,0.004380404949188232,Q1_pred_1,1
234092,4,0.02203044295310974,Q2_pred_2,2
188172,3,0.12828826904296875,Q5_pred_5,5
330884,3,0.007596656680107117,Q1_pred_1,1
10813,2,0.020018860697746277,Q2_pred_2,2
7203,4,0.036812782287597656,Q3_pred_3,3
413382,4,0.019197314977645874,Q2_pred_2,2
359859,3,0.06162711977958679,Q4_pred_4,4
136952,4,0.10670289397239685,Q5_pred_5,5
346869,4,0.006452322006225586,Q1_pred_1,1
78745,3,0.018894389271736145,Q2_pred_2,2
177468,3,0.06099674105644226,Q4_pred_4,4
126542,4,0.04053862392902374,Q3_pred_3,3
30133,3,0.022943124175071716,Q2_pred_2,2
15902,4,0.012245312333106995,Q2_pred_2,2
89925,3,0.0397004634141922,Q3_pred_3,3
91135,4,0.0854128897190094,Q4_pred_4,4
236464,2,0.14396125078201294,Q5_pred_5,5
35703,4,0.11889186501502991,Q5_pred_5,5
353036,3,0.02887040376663208,Q3_pred_3,3
26501,3,0.0034361276775598526,Q1_pred_1,1
351162,3,0.0037067830562591553,Q1_pred_1,1
327116,4,0.019166763871908188,Q2_pred_2,2
14983,4,0.008895903825759888,Q1_pred_1,1
254617,4,0.07138514518737793,Q4_pred_4,4
247634,4,0.039749741554260254,Q3_pred_3,3
411737,4,0.04172326624393463,Q3_pred_3,3
149254,2,0.007589280605316162,Q1_pred_1,1
61859,3,0.01306256651878357,Q2_pred_2,2
358690,4,0.05589427053928375,Q4_pred_4,4
186416,3,0.025029107928276062,Q2_pred_2,2
354187,4,0.2154598832130432,Q5_pred_5,5
413657,4,0.07079644501209259,Q4_pred_4,4
111248,3,0.07063274085521698,Q4_pred_4,4
72269,4,0.02052350342273712,Q2_pred_2,2
220601,4,0.02074967324733734,Q2_pred_2,2
237791,4,0.06567874550819397,Q4_pred_4,4
152997,4,0.03999341279268265,Q3_pred_3,3
343169,3,0.031107142567634583,Q3_pred_3,3
199113,4,0.013437122106552124,Q2_pred_2,2
58406,4,0.1450711190700531,Q5_pred_5,5
361167,4,0.026601240038871765,Q2_pred_2,2
236531,4,0.22799910604953766,Q5_pred_5,5
59586,3,0.047063231468200684,Q3_pred_3,3
381959,4,0.07986726611852646,Q4_pred_4,4
92955,4,0.037950143218040466,Q3_pred_3,3
149942,4,0.21790897846221924,Q5_pred_5,5
40143,3,0.007984459400177002,Q1_pred_1,1
29606,3,0.01635190099477768,Q2_pred_2,2
92952,4,0.020842641592025757,Q2_pred_2,2
343934,4,0.07413303107023239,Q4_pred_4,4
113128,4,0.0023579560220241547,Q1_pred_1,1
418905,4,0.04696263372898102,Q3_pred_3,3
44279,3,0.028332650661468506,Q3_pred_3,3
77684,4,0.012052733451128006,Q2_pred_2,2
335930,4,0.006127461791038513,Q1_pred_1,1
176589,4,0.3314715623855591,Q5_pred_5,5
79507,4,0.16679230332374573,Q5_pred_5,5
17732,3,0.04378686845302582,Q3_pred_3,3
5803,3,0.07598049938678741,Q4_pred_4,4
134989,3,0.005091279745101929,Q1_pred_1,1
276217,4,0.04310917854309082,Q3_pred_3,3
247069,4,0.09606392681598663,Q5_pred_5,5
31483,4,0.10915492475032806,Q5_pred_5,5
126571,4,0.04351380467414856,Q3_pred_3,3
120386,3,0.0281544029712677,Q3_pred_3,3
112337,3,0.03541320562362671,Q3_pred_3,3
146945,4,0.02009148895740509,Q2_pred_2,2
68153,4,0.14702565968036652,Q5_pred_5,5
144133,4,0.017475038766860962,Q2_pred_2,2
145657,2,0.09800565242767334,Q5_pred_5,5
40248,4,0.09695911407470703,Q5_pred_5,5
145215,4,0.014395922422409058,Q2_pred_2,2
19013,3,0.10484516620635986,Q5_pred_5,5
393456,4,0.02742796763777733,Q3_pred_3,3
382879,4,0.0520821176469326,Q4_pred_4,4
137908,4,0.13751208782196045,Q5_pred_5,5
184636,4,0.02448171377182007,Q2_pred_2,2
333360,4,0.004289954900741577,Q1_pred_1,1
33295,3,0.09999483823776245,Q5_pred_5,5
356970,3,0.12749530375003815,Q5_pred_5,5
422137,3,0.09079210460186005,Q5_pred_5,5
29385,4,0.05693596601486206,Q4_pred_4,4
236622,4,0.1141977459192276,Q5_pred_5,5
111078,4,0.005978018045425415,Q1_pred_1,1
107739,4,0.008534401655197144,Q1_pred_1,1
175664,4,0.00992920994758606,Q1_pred_1,1
92964,4,0.07026061415672302,Q4_pred_4,4
2528,4,0.0498729944229126,Q3_pred_3,3
386774,4,0.022517874836921692,Q2_pred_2,2
87939,4,0.019502028822898865,Q2_pred_2,2
340897,3,0.05200275778770447,Q4_pred_4,4
119344,4,0.21164216101169586,Q5_pred_5,5
36321,4,0.27958035469055176,Q5_pred_5,5
11468,3,0.062013477087020874,Q4_pred_4,4
160981,3,0.06013396382331848,Q4_pred_4,4
48073,3,0.020008698105812073,Q2_pred_2,2
239516,3,0.022449523210525513,Q2_pred_2,2
182878,3,0.07299700379371643,Q4_pred_4,4
2974,4,0.05189787968993187,Q4_pred_4,4
429064,4,0.11591789126396179,Q5_pred_5,5
61783,4,0.035838596522808075,Q3_pred_3,3
56938,4,0.04624345898628235,Q3_pred_3,3
47049,4,0.030779287219047546,Q3_pred_3,3
325416,4,0.034040339291095734,Q3_pred_3,3
374887,4,0.09622476994991302,Q5_pred_5,5
262974,4,0.0038540810346603394,Q1_pred_1,1
103253,3,0.0047095417976379395,Q1_pred_1,1
112632,4,0.052895061671733856,Q4_pred_4,4
37164,4,0.013655126094818115,Q2_pred_2,2
240856,4,0.006532818078994751,Q1_pred_1,1
31973,4,0.07067009806632996,Q4_pred_4,4
494131,4,0.006716907024383545,Q1_pred_1,1
102011,4,0.018115848302841187,Q2_pred_2,2
148933,4,0.05055510252714157,Q4_pred_4,4
133655,2,0.03979349136352539,Q3_pred_3,3
162935,3,0.027476325631141663,Q3_pred_3,3
96536,4,0.052163541316986084,Q4_pred_4,4
115826,4,0.005908593535423279,Q1_pred_1,1
128827,4,0.02496427297592163,Q2_pred_2,2
141188,4,0.042007237672805786,Q3_pred_3,3
59577,3,0.028306737542152405,Q3_pred_3,3
106450,4,0.1163160502910614,Q5_pred_5,5
102993,3,0.07825890183448792,Q4_pred_4,4
80782,3,0.04289361834526062,Q3_pred_3,3
366246,3,0.054454054683446884,Q4_pred_4,4
72465,4,0.11015620827674866,Q5_pred_5,5
137697,3,0.025792382657527924,Q2_pred_2,2
245550,4,0.07883813977241516,Q4_pred_4,4
79356,3,0.13466516137123108,Q5_pred_5,5
40258,3,0.07550588995218277,Q4_pred_4,4
138202,3,0.15585888922214508,Q5_pred_5,5
94210,3,0.013348162174224854,Q2_pred_2,2
78749,3,0.011621534824371338,Q1_pred_1,1
386283,3,0.04554782807826996,Q3_pred_3,3
67829,4,0.024417296051979065,Q2_pred_2,2
140031,3,0.02000473439693451,Q2_pred_2,2
58650,4,0.08557137846946716,Q4_pred_4,4
61741,4,0.019437797367572784,Q2_pred_2,2
247747,4,0.03893226385116577,Q3_pred_3,3
56416,4,0.12419481575489044,Q5_pred_5,5
44535,4,0.11072887480258942,Q5_pred_5,5
15562,3,0.012835592031478882,Q2_pred_2,2
354341,4,0.22947996854782104,Q5_pred_5,5
354512,4,0.012790888547897339,Q2_pred_2,2
28541,4,0.006982896476984024,Q1_pred_1,1
358003,4,0.15982669591903687,Q5_pred_5,5
20455,4,0.005220353603363037,Q1_pred_1,1
97632,4,0.04054650664329529,Q3_pred_3,3
153795,4,0.14443695545196533,Q5_pred_5,5
41666,4,0.08034083247184753,Q4_pred_4,4
145575,4,0.008744671940803528,Q1_pred_1,1
153725,4,0.10941767692565918,Q5_pred_5,5
170262,2,0.038825035095214844,Q3_pred_3,3
357086,4,0.13175612688064575,Q5_pred_5,5
268268,4,0.04510718584060669,Q3_pred_3,3
71173,3,0.007243290543556213,Q1_pred_1,1
324485,3,0.023974359035491943,Q2_pred_2,2
40467,4,0.020550817251205444,Q2_pred_2,2
377982,4,0.02959747612476349,Q3_pred_3,3
67833,4,0.023025155067443848,Q2_pred_2,2
19200,4,0.036406323313713074,Q3_pred_3,3
181188,4,0.04019397497177124,Q3_pred_3,3
105475,4,0.07515650242567062,Q4_pred_4,4
92889,4,0.08588838577270508,Q4_pred_4,4
4166,3,0.008710339665412903,Q1_pred_1,1
120671,3,0.2785458564758301,Q5_pred_5,5
111212,3,0.17548008263111115,Q5_pred_5,5
355218,4,0.08011104166507721,Q4_pred_4,4
84083,4,0.01215805858373642,Q2_pred_2,2
173808,3,0.12187005579471588,Q5_pred_5,5
424116,3,0.02429216355085373,Q2_pred_2,2
173601,4,0.005310537293553352,Q1_pred_1,1
179661,3,0.02546386420726776,Q2_pred_2,2
369220,4,0.013298705220222473,Q2_pred_2,2
3418,4,0.01767832040786743,Q2_pred_2,2
267937,4,0.004654183983802795,Q1_pred_1,1
278107,4,0.024356089532375336,Q2_pred_2,2
91981,4,0.04588065296411514,Q3_pred_3,3
56520,3,0.10029752552509308,Q5_pred_5,5
41515,4,0.0036145448684692383,Q1_pred_1,1
1370,4,0.10674020648002625,Q5_pred_5,5
367052,4,0.03743954002857208,Q3_pred_3,3
427559,4,0.06961046159267426,Q4_pred_4,4
355290,4,0.003352746367454529,Q1_pred_1,1
102849,4,0.025176003575325012,Q2_pred_2,2
137582,4,0.036758553236722946,Q3_pred_3,3
261512,4,0.005346134305000305,Q1_pred_1,1
270405,4,0.05220174789428711,Q4_pred_4,4
150380,4,0.0009100884199142456,Q1_pred_1,1
34667,4,0.0010900795459747314,Q1_pred_1,1
367533,3,0.049913227558135986,Q3_pred_3,3
86415,4,0.009685233235359192,Q1_pred_1,1
45950,4,0.04786818474531174,Q3_pred_3,3
153755,4,0.03745377063751221,Q3_pred_3,3
386033,4,0.04023712873458862,Q3_pred_3,3
86352,3,0.08350339531898499,Q4_pred_4,4
18450,3,0.008334547281265259,Q1_pred_1,1
407943,4,0.02912905439734459,Q3_pred_3,3
348887,3,0.05007375776767731,Q4_pred_4,4
164877,4,0.10127571225166321,Q5_pred_5,5
19059,4,0.006914649158716202,Q1_pred_1,1
74380,4,0.13844241201877594,Q5_pred_5,5
126055,4,5.8203935623168945e-05,Q1_pred_1,1
119809,3,0.07431143522262573,Q4_pred_4,4
386287,4,0.03390975296497345,Q3_pred_3,3
183934,3,0.045545101165771484,Q3_pred_3,3
177256,4,0.06265029311180115,Q4_pred_4,4
232837,4,0.00806361436843872,Q1_pred_1,1
199731,4,0.05520584434270859,Q4_pred_4,4
259681,4,0.03348580002784729,Q3_pred_3,3
101857,4,0.01939934492111206,Q2_pred_2,2
333277,4,0.04840075969696045,Q3_pred_3,3
232861,4,0.09381313621997833,Q5_pred_5,5
198965,4,0.021409034729003906,Q2_pred_2,2
24126,4,0.018813669681549072,Q2_pred_2,2
47372,4,0.012013431638479233,Q2_pred_2,2
127444,3,0.07092052698135376,Q4_pred_4,4
10099,2,0.06890854239463806,Q4_pred_4,4
362197,4,0.06849798560142517,Q4_pred_4,4
107213,3,0.11214327812194824,Q5_pred_5,5
29187,4,0.04203811287879944,Q3_pred_3,3
159695,3,0.013978943228721619,Q2_pred_2,2
82048,4,0.043050989508628845,Q3_pred_3,3
124697,3,0.16147446632385254,Q5_pred_5,5
364484,4,0.03202618658542633,Q3_pred_3,3
247268,4,0.044160738587379456,Q3_pred_3,3
143293,4,0.026502877473831177,Q2_pred_2,2
146625,4,0.024001523852348328,Q2_pred_2,2
22329,3,0.018217235803604126,Q2_pred_2,2
76285,4,0.07616859674453735,Q4_pred_4,4
154076,4,0.15432009100914001,Q5_pred_5,5
49850,4,0.01788458228111267,Q2_pred_2,2
97623,4,0.046869829297065735,Q3_pred_3,3
53871,4,0.09897038340568542,Q5_pred_5,5
190627,4,0.013854824006557465,Q2_pred_2,2
142876,4,0.0077858418226242065,Q1_pred_1,1
14047,4,0.0770077109336853,Q4_pred_4,4
113512,3,0.04112881422042847,Q3_pred_3,3
355233,4,0.1430855691432953,Q5_pred_5,5
353317,3,0.056012481451034546,Q4_pred_4,4
86394,4,0.029000774025917053,Q3_pred_3,3
27991,4,0.1898680031299591,Q5_pred_5,5
275154,4,0.004445821046829224,Q1_pred_1,1
5694,4,0.02008599042892456,Q2_pred_2,2
29275,4,0.04608304798603058,Q3_pred_3,3
375717,4,0.03190651535987854,Q3_pred_3,3
361551,3,0.055796071887016296,Q4_pred_4,4
255223,4,0.08983492851257324,Q5_pred_5,5
51445,4,0.029087521135807037,Q3_pred_3,3
82814,3,0.14461660385131836,Q5_pred_5,5
21336,4,0.07366520166397095,Q4_pred_4,4
352374,4,0.008933722972869873,Q1_pred_1,1
123293,4,0.07681232690811157,Q4_pred_4,4
270367,4,0.0017751306295394897,Q1_pred_1,1
417936,3,0.00041820108890533447,Q1_pred_1,1
267984,3,0.032836899161338806,Q3_pred_3,3
277721,4,0.07135968655347824,Q4_pred_4,4
194578,4,0.009916067123413086,Q1_pred_1,1
55113,3,0.028173647820949554,Q3_pred_3,3
189743,4,0.08652977645397186,Q5_pred_5,5
374907,4,0.10383324325084686,Q5_pred_5,5
93964,4,0.01676732301712036,Q2_pred_2,2
90179,4,0.18218758702278137,Q5_pred_5,5
246699,4,0.004784718155860901,Q1_pred_1,1
196066,4,0.0164467915892601,Q2_pred_2,2
12871,4,0.03823237121105194,Q3_pred_3,3
212392,3,0.024974275380373,Q2_pred_2,2
142875,4,0.0037915408611297607,Q1_pred_1,1
76904,4,0.08141794800758362,Q4_pred_4,4
69870,4,0.18890179693698883,Q5_pred_5,5
22953,4,0.050307437777519226,Q4_pred_4,4
203755,4,0.04018506407737732,Q3_pred_3,3
26657,4,0.010348264127969742,Q1_pred_1,1
142612,4,0.008177489042282104,Q1_pred_1,1
14067,3,0.037978820502758026,Q3_pred_3,3
11952,4,0.11328007280826569,Q5_pred_5,5
67425,4,0.012079522013664246,Q2_pred_2,2
35213,4,0.019858643412590027,Q2_pred_2,2
491273,4,0.014964461326599121,Q2_pred_2,2
17931,4,0.015740767121315002,Q2_pred_2,2
173607,4,0.007518550381064415,Q1_pred_1,1
108590,4,0.0038834810256958008,Q1_pred_1,1
98948,4,0.005661442875862122,Q1_pred_1,1
381494,4,0.1092175841331482,Q5_pred_5,5
99233,4,0.05941639840602875,Q4_pred_4,4
2453,4,0.10709992051124573,Q5_pred_5,5
444,4,0.04040762782096863,Q3_pred_3,3
73514,4,8.460134267807007e-05,Q1_pred_1,1
152728,4,0.06677548587322235,Q4_pred_4,4
80502,4,0.11108233034610748,Q5_pred_5,5
180661,4,0.10820789635181427,Q5_pred_5,5
154100,4,0.1424117088317871,Q5_pred_5,5
96769,4,0.09311506152153015,Q5_pred_5,5
71241,3,0.04021364450454712,Q3_pred_3,3
352638,4,0.012624770402908325,Q2_pred_2,2
148877,4,0.05881478637456894,Q4_pred_4,4
184673,4,0.0725172758102417,Q4_pred_4,4
29619,4,0.07628309726715088,Q4_pred_4,4
81246,4,0.013930410146713257,Q2_pred_2,2
5315,4,0.019243024289608,Q2_pred_2,2
28439,4,0.08171665668487549,Q4_pred_4,4
92135,4,0.034722283482551575,Q3_pred_3,3
41357,3,0.09062646329402924,Q5_pred_5,5
69426,2,0.002654045820236206,Q1_pred_1,1
45638,4,0.12475387752056122,Q5_pred_5,5
128840,4,0.0356164276599884,Q3_pred_3,3
331428,4,0.07211374491453171,Q4_pred_4,4
136656,4,0.05852601304650307,Q4_pred_4,4
35539,4,0.020592108368873596,Q2_pred_2,2
172519,3,0.06935864686965942,Q4_pred_4,4
192002,4,0.08067311346530914,Q4_pred_4,4
177882,4,0.04849221557378769,Q3_pred_3,3
178669,4,0.008878432214260101,Q1_pred_1,1
148243,4,0.03809485584497452,Q3_pred_3,3
388252,4,0.024056144058704376,Q2_pred_2,2
77,4,0.10544377565383911,Q5_pred_5,5
1148,2,0.013645201921463013,Q2_pred_2,2
155233,3,0.06298384070396423,Q4_pred_4,4
156811,2,0.0032550394535064697,Q1_pred_1,1
219766,4,0.055366382002830505,Q4_pred_4,4
373185,4,0.00018556416034698486,Q1_pred_1,1
347947,4,0.0013224482536315918,Q1_pred_1,1
33919,3,0.024981990456581116,Q2_pred_2,2
186049,4,0.026617437601089478,Q2_pred_2,2
53869,4,0.019397884607315063,Q2_pred_2,2
93300,2,0.184916689991951,Q5_pred_5,5
271336,4,0.029629379510879517,Q3_pred_3,3
48603,3,0.14245960116386414,Q5_pred_5,5
24762,4,0.018837615847587585,Q2_pred_2,2
26944,4,0.030005935579538345,Q3_pred_3,3
337225,4,0.04691336303949356,Q3_pred_3,3
208689,4,0.011861346662044525,Q2_pred_2,2
170097,4,0.030463218688964844,Q3_pred_3,3
2766,4,0.017135750502347946,Q2_pred_2,2
21623,4,0.2289399653673172,Q5_pred_5,5
127366,4,0.05629287660121918,Q4_pred_4,4
59455,4,0.05423176661133766,Q4_pred_4,4
371562,4,0.028704792261123657,Q3_pred_3,3
51713,4,0.06629210710525513,Q4_pred_4,4
153707,4,0.027185380458831787,Q2_pred_2,2
430821,4,0.062027767300605774,Q4_pred_4,4
118627,4,0.010449163615703583,Q1_pred_1,1
192788,4,0.04095194488763809,Q3_pred_3,3
57197,4,0.0045239925384521484,Q1_pred_1,1
145082,4,0.08284905552864075,Q4_pred_4,4
20466,4,0.017632588744163513,Q2_pred_2,2
184470,4,0.02321268618106842,Q2_pred_2,2
26499,4,0.006833748891949654,Q1_pred_1,1
400597,4,0.009656891226768494,Q1_pred_1,1
100426,4,0.03949694335460663,Q3_pred_3,3
3354,3,0.12708982825279236,Q5_pred_5,5
213852,4,0.16662558913230896,Q5_pred_5,5
73099,4,0.05696353316307068,Q4_pred_4,4
56165,4,0.019505314528942108,Q2_pred_2,2
33697,4,0.03023102879524231,Q3_pred_3,3
6023,4,0.011070705950260162,Q1_pred_1,1
432398,4,0.028759708628058434,Q3_pred_3,3
59460,4,0.024515721946954727,Q2_pred_2,2
63695,4,0.0027649104595184326,Q1_pred_1,1
54328,4,0.11848565936088562,Q5_pred_5,5
20049,4,0.0021432042121887207,Q1_pred_1,1
336592,4,0.0082426518201828,Q1_pred_1,1
50303,2,0.03451789915561676,Q3_pred_3,3
424389,4,0.039645254611968994,Q3_pred_3,3
14076,4,0.0007502585649490356,Q1_pred_1,1
64486,4,0.028129026293754578,Q3_pred_3,3
92122,4,0.04236619919538498,Q3_pred_3,3
223420,4,0.002463802695274353,Q1_pred_1,1
71865,4,0.11265823990106583,Q5_pred_5,5
75024,4,0.08291547000408173,Q4_pred_4,4
120454,3,0.11652201414108276,Q5_pred_5,5
474382,2,0.10470700263977051,Q5_pred_5,5
149109,4,0.05831587314605713,Q4_pred_4,4
39086,4,0.051677703857421875,Q4_pred_4,4
434339,4,0.015819068998098373,Q2_pred_2,2
150754,4,0.004154175519943237,Q1_pred_1,1
136943,4,0.10684962570667267,Q5_pred_5,5
413550,4,0.016464412212371826,Q2_pred_2,2
148422,3,0.09749779105186462,Q5_pred_5,5
146235,4,0.04172784090042114,Q3_pred_3,3
356490,4,0.14256712794303894,Q5_pred_5,5
426690,4,0.03772363066673279,Q3_pred_3,3
161642,3,0.05473867058753967,Q4_pred_4,4
86454,4,0.051642000675201416,Q4_pred_4,4
433545,4,0.006631882861256599,Q1_pred_1,1
153951,4,0.12818950414657593,Q5_pred_5,5
15604,3,0.004289399832487106,Q1_pred_1,1
184617,4,0.07297248393297195,Q4_pred_4,4
8534,3,0.023566022515296936,Q2_pred_2,2
74325,4,0.013039633631706238,Q2_pred_2,2
40073,4,0.09049546718597412,Q5_pred_5,5
268968,4,0.005727708339691162,Q1_pred_1,1
157453,4,0.07122164964675903,Q4_pred_4,4
137941,4,0.16479381918907166,Q5_pred_5,5
43983,4,0.018587367609143257,Q2_pred_2,2
401341,3,0.01248004287481308,Q2_pred_2,2
246731,4,0.18399792909622192,Q5_pred_5,5
235168,4,0.010994955897331238,Q1_pred_1,1
46352,4,0.1058809831738472,Q5_pred_5,5
45603,3,0.04670819640159607,Q3_pred_3,3
418011,4,0.07897975295782089,Q4_pred_4,4
127272,3,0.013752385973930359,Q2_pred_2,2
199670,3,0.0076221199706196785,Q1_pred_1,1
355909,4,0.09633061289787292,Q5_pred_5,5
410862,4,0.040531616657972336,Q3_pred_3,3
93880,4,0.0006451830267906189,Q1_pred_1,1
247492,4,0.09647542238235474,Q5_pred_5,5
61738,4,0.016766536980867386,Q2_pred_2,2
85704,4,0.00010282546281814575,Q1_pred_1,1
113129,4,0.0044364407658576965,Q1_pred_1,1
104597,4,0.05463540554046631,Q4_pred_4,4
103136,4,0.09616559743881226,Q5_pred_5,5
247117,4,0.021110236644744873,Q2_pred_2,2
351062,4,0.01104196161031723,Q1_pred_1,1
105591,4,0.07653744518756866,Q4_pred_4,4
133456,4,0.02478647232055664,Q2_pred_2,2
86457,4,0.003988593816757202,Q1_pred_1,1
210296,4,0.07390664517879486,Q4_pred_4,4
205734,4,0.00442194938659668,Q1_pred_1,1
75254,4,0.01292257010936737,Q2_pred_2,2
38205,3,0.04444921016693115,Q3_pred_3,3
237516,3,0.042123422026634216,Q3_pred_3,3
55116,3,0.06900562345981598,Q4_pred_4,4
15222,4,0.016885608434677124,Q2_pred_2,2
363114,3,0.04883326590061188,Q3_pred_3,3
34,4,0.02830904722213745,Q3_pred_3,3
141697,4,0.030538976192474365,Q3_pred_3,3
347648,4,0.07678660750389099,Q4_pred_4,4
98646,4,0.030621260404586792,Q3_pred_3,3
120655,3,0.29815754294395447,Q5_pred_5,5
250696,4,0.060660671442747116,Q4_pred_4,4
8008,3,0.007115215063095093,Q1_pred_1,1
20457,4,0.01855449378490448,Q2_pred_2,2
60804,4,0.016778945922851562,Q2_pred_2,2
39441,3,0.2149803340435028,Q5_pred_5,5
200026,4,0.04147462546825409,Q3_pred_3,3
10731,2,0.06932181119918823,Q4_pred_4,4
354270,4,0.18388637900352478,Q5_pred_5,5
56404,3,0.008165299892425537,Q1_pred_1,1
65436,4,0.020249396562576294,Q2_pred_2,2
380100,4,0.06958496570587158,Q4_pred_4,4
114437,4,0.025667518377304077,Q2_pred_2,2
95533,4,0.08092084527015686,Q4_pred_4,4
193334,4,0.11739939451217651,Q5_pred_5,5
27407,4,0.1467514932155609,Q5_pred_5,5
24282,4,0.10771110653877258,Q5_pred_5,5
239830,4,0.05517849326133728,Q4_pred_4,4
359681,4,0.12101663649082184,Q5_pred_5,5
147950,3,0.0655898004770279,Q4_pred_4,4
104389,2,0.09284120798110962,Q5_pred_5,5
13018,3,0.018547028303146362,Q2_pred_2,2
490557,4,0.011607050895690918,Q1_pred_1,1
276894,4,0.03767479211091995,Q3_pred_3,3
40032,4,0.07588422298431396,Q4_pred_4,4
171200,4,0.09267988801002502,Q5_pred_5,5
132803,3,0.06089670956134796,Q4_pred_4,4
379017,4,0.004025503993034363,Q1_pred_1,1
145749,4,0.033681005239486694,Q3_pred_3,3
247540,4,0.12517544627189636,Q5_pred_5,5
490712,4,0.03507339954376221,Q3_pred_3,3
431190,4,0.006448931992053986,Q1_pred_1,1
17860,4,0.0020361244678497314,Q1_pred_1,1
20079,3,0.001477271318435669,Q1_pred_1,1
42965,4,0.03455911576747894,Q3_pred_3,3
3805,5,0.12704725563526154,Q5_pred_5,5
219253,4,0.002571582794189453,Q1_pred_1,1
347658,4,0.013542816042900085,Q2_pred_2,2
204144,4,0.04158499091863632,Q3_pred_3,3
239164,3,0.03828951716423035,Q3_pred_3,3
2530,4,0.051799237728118896,Q4_pred_4,4
366760,3,0.05784139037132263,Q4_pred_4,4
92956,4,0.06292504072189331,Q4_pred_4,4
76438,2,0.06876400113105774,Q4_pred_4,4
424097,3,0.021550685167312622,Q2_pred_2,2
41695,3,0.02319224178791046,Q2_pred_2,2
14333,5,0.0032112151384353638,Q1_pred_1,1
132989,3,0.1053730845451355,Q5_pred_5,5
325858,4,0.036468811333179474,Q3_pred_3,3
373876,4,0.08291605114936829,Q4_pred_4,4
542,3,0.02489098533987999,Q2_pred_2,2
238567,4,0.1725076287984848,Q5_pred_5,5
245075,3,0.014239966869354248,Q2_pred_2,2
148247,4,0.07280202955007553,Q4_pred_4,4
40499,4,0.035024940967559814,Q3_pred_3,3
219112,3,0.0691860169172287,Q4_pred_4,4
109544,4,0.028451785445213318,Q3_pred_3,3
192348,4,0.03378541022539139,Q3_pred_3,3
402905,4,0.014780908823013306,Q2_pred_2,2
433921,4,0.08466888964176178,Q4_pred_4,4
23574,4,0.006970405578613281,Q1_pred_1,1
199149,4,0.013872191309928894,Q2_pred_2,2
154917,4,0.052253708243370056,Q4_pred_4,4
56025,5,0.15891370177268982,Q5_pred_5,5
3311,3,0.08009070158004761,Q4_pred_4,4
274451,4,0.08812308311462402,Q5_pred_5,5
142783,5,0.017414256930351257,Q2_pred_2,2
21892,3,0.04226087033748627,Q3_pred_3,3
398038,4,0.0349617600440979,Q3_pred_3,3
175415,3,0.022960416972637177,Q2_pred_2,2
177229,4,0.07381454110145569,Q4_pred_4,4
62361,4,0.06577453017234802,Q4_pred_4,4
111779,4,0.01612977683544159,Q2_pred_2,2
480889,2,0.046981893479824066,Q3_pred_3,3
35722,3,0.05207020789384842,Q4_pred_4,4
334991,4,0.004287869669497013,Q1_pred_1,1
241921,3,0.11921527981758118,Q5_pred_5,5
170466,4,0.16614699363708496,Q5_pred_5,5
81029,4,0.010458171367645264,Q1_pred_1,1
71054,4,0.10149548947811127,Q5_pred_5,5
20765,3,0.061689406633377075,Q4_pred_4,4
383547,4,0.06824994087219238,Q4_pred_4,4
146620,5,0.03637044131755829,Q3_pred_3,3
108776,4,0.024967342615127563,Q2_pred_2,2
30625,3,0.05473621189594269,Q4_pred_4,4
337090,4,0.05965644121170044,Q4_pred_4,4
372776,4,0.03517019748687744,Q3_pred_3,3
267004,4,0.014607291668653488,Q2_pred_2,2
357872,4,0.007525384426116943,Q1_pred_1,1
86414,4,0.023350298404693604,Q2_pred_2,2
77924,4,0.04275381565093994,Q3_pred_3,3
34014,2,0.05468475818634033,Q4_pred_4,4
417226,3,0.0010733045637607574,Q1_pred_1,1
115537,2,0.01685120165348053,Q2_pred_2,2
366595,4,0.02326175570487976,Q2_pred_2,2
406694,4,0.030165165662765503,Q3_pred_3,3
46722,4,0.025337234139442444,Q2_pred_2,2
74517,3,0.03917212039232254,Q3_pred_3,3
137564,5,0.014168329536914825,Q2_pred_2,2
220593,5,0.027516499161720276,Q3_pred_3,3
120456,4,0.13383446633815765,Q5_pred_5,5
30280,4,0.05948266386985779,Q4_pred_4,4
31251,4,0.048172175884246826,Q3_pred_3,3
254952,3,0.17895975708961487,Q5_pred_5,5
137760,3,0.0261668860912323,Q2_pred_2,2
316908,5,0.15501809120178223,Q5_pred_5,5
147921,4,0.007311731576919556,Q1_pred_1,1
15160,4,0.01616351306438446,Q2_pred_2,2
53502,4,0.00689015444368124,Q1_pred_1,1
187863,4,0.036631837487220764,Q3_pred_3,3
20762,2,0.060263097286224365,Q4_pred_4,4
11889,5,0.07247713208198547,Q4_pred_4,4
53581,3,0.14417463541030884,Q5_pred_5,5
151386,3,0.035590559244155884,Q3_pred_3,3
111796,3,0.016125164926052094,Q2_pred_2,2
377275,4,0.05131351947784424,Q4_pred_4,4
233810,4,0.0027807429432868958,Q1_pred_1,1
395410,4,0.016806602478027344,Q2_pred_2,2
41365,4,0.2446669340133667,Q5_pred_5,5
373655,4,0.023732244968414307,Q2_pred_2,2
33284,3,0.010500088334083557,Q1_pred_1,1
162733,4,0.023622974753379822,Q2_pred_2,2
45056,5,0.005853205919265747,Q1_pred_1,1
93921,4,0.07713919878005981,Q4_pred_4,4
36232,3,0.07384976744651794,Q4_pred_4,4
381274,4,0.037228912115097046,Q3_pred_3,3
247276,4,0.10580216348171234,Q5_pred_5,5
110958,3,0.03226777911186218,Q3_pred_3,3
27555,3,0.07024393230676651,Q4_pred_4,4
153740,4,0.06633162498474121,Q4_pred_4,4
163327,3,0.028503000736236572,Q3_pred_3,3
65518,4,0.043082207441329956,Q3_pred_3,3
180305,4,0.0028336942195892334,Q1_pred_1,1
477036,4,0.017021596431732178,Q2_pred_2,2
193347,3,0.13501156866550446,Q5_pred_5,5
122189,3,0.009882405400276184,Q1_pred_1,1
89675,4,0.0759735032916069,Q4_pred_4,4
94405,3,0.05999751016497612,Q4_pred_4,4
127279,3,0.07669444382190704,Q4_pred_4,4
173618,4,0.03333045169711113,Q3_pred_3,3
239862,4,0.059352874755859375,Q4_pred_4,4
134013,3,0.1805574595928192,Q5_pred_5,5
327919,4,0.05146542564034462,Q4_pred_4,4
319234,4,0.012239094823598862,Q2_pred_2,2
153737,4,0.05937165021896362,Q4_pred_4,4
57884,3,0.034307271242141724,Q3_pred_3,3
465781,4,0.08842174708843231,Q5_pred_5,5
101419,3,0.0008391439914703369,Q1_pred_1,1
83620,4,0.022512663155794144,Q2_pred_2,2
72836,4,0.02113059163093567,Q2_pred_2,2
68148,4,0.014042779803276062,Q2_pred_2,2
477107,3,0.006681039929389954,Q1_pred_1,1
114328,4,0.021780353039503098,Q2_pred_2,2
54948,4,0.005163818597793579,Q1_pred_1,1
183181,4,0.04568490386009216,Q3_pred_3,3
59260,4,0.031429510563611984,Q3_pred_3,3
148946,3,0.02027784287929535,Q2_pred_2,2
81922,4,0.0017100125551223755,Q1_pred_1,1
360174,4,0.17262056469917297,Q5_pred_5,5
1821,4,0.17350727319717407,Q5_pred_5,5
86957,1,0.0021944791078567505,Q1_pred_1,1
148540,4,0.06889641284942627,Q4_pred_4,4
38170,3,0.011945349164307117,Q2_pred_2,2
39444,3,0.2132803499698639,Q5_pred_5,5
239336,3,0.042736560106277466,Q3_pred_3,3
247992,3,0.1023152768611908,Q5_pred_5,5
405431,3,0.0674649029970169,Q4_pred_4,4
84413,4,0.18657326698303223,Q5_pred_5,5
93909,5,0.04060455784201622,Q3_pred_3,3
396887,4,0.017036674544215202,Q2_pred_2,2
164174,4,0.013469859957695007,Q2_pred_2,2
42118,3,0.0428754985332489,Q3_pred_3,3
161579,4,0.0014993548393249512,Q1_pred_1,1
121221,3,0.06756584346294403,Q4_pred_4,4
31659,4,0.028576456010341644,Q3_pred_3,3
145718,3,0.08964523673057556,Q5_pred_5,5
87,4,0.018644720315933228,Q2_pred_2,2
347908,4,0.026099786162376404,Q2_pred_2,2
189379,4,0.03227931261062622,Q3_pred_3,3
343867,4,0.014997951686382294,Q2_pred_2,2
246304,4,0.025980204343795776,Q2_pred_2,2
7542,3,0.0007618367671966553,Q1_pred_1,1
189493,4,0.13478775322437286,Q5_pred_5,5
139094,4,0.03555507957935333,Q3_pred_3,3
67628,3,0.0019169151782989502,Q1_pred_1,1
247383,4,0.10239657759666443,Q5_pred_5,5
55061,4,0.12553443014621735,Q5_pred_5,5
392497,3,0.04388552904129028,Q3_pred_3,3
320952,4,0.00028999149799346924,Q1_pred_1,1
155899,4,0.036819085478782654,Q3_pred_3,3
399085,3,0.051381275057792664,Q4_pred_4,4
137708,3,0.01081809401512146,Q1_pred_1,1
40829,4,0.02495706081390381,Q2_pred_2,2
159294,4,0.048994649201631546,Q3_pred_3,3
326986,3,0.15957579016685486,Q5_pred_5,5
273542,4,0.002411484718322754,Q1_pred_1,1
56977,3,0.0031763985753059387,Q1_pred_1,1
426205,2,0.01738482341170311,Q2_pred_2,2
116921,4,0.09176993370056152,Q5_pred_5,5
89684,4,0.0027296096086502075,Q1_pred_1,1
92933,3,0.03483113646507263,Q3_pred_3,3
48082,3,0.06390917301177979,Q4_pred_4,4
83483,4,0.044824376702308655,Q3_pred_3,3
25278,4,0.026205092668533325,Q2_pred_2,2
65171,4,0.01631195843219757,Q2_pred_2,2
357515,4,0.015197642147541046,Q2_pred_2,2
48567,4,0.2704486846923828,Q5_pred_5,5
104429,3,0.0496615394949913,Q3_pred_3,3
41083,4,0.08657554537057877,Q5_pred_5,5
328287,4,0.007302224636077881,Q1_pred_1,1
150409,3,0.09202718734741211,Q5_pred_5,5
88903,4,0.021602749824523926,Q2_pred_2,2
326384,4,0.009013757109642029,Q1_pred_1,1
59310,4,0.02253222092986107,Q2_pred_2,2
246987,4,0.0009978264570236206,Q1_pred_1,1
374169,4,0.07586652040481567,Q4_pred_4,4
246762,4,0.18748801946640015,Q5_pred_5,5
354686,3,0.05541551113128662,Q4_pred_4,4
119279,4,0.1898888647556305,Q5_pred_5,5
474934,4,0.042952802032232285,Q3_pred_3,3
135847,4,0.004489004611968994,Q1_pred_1,1
6388,4,0.08190163969993591,Q4_pred_4,4
96110,4,0.11283588409423828,Q5_pred_5,5
107711,4,0.005405157804489136,Q1_pred_1,1
120133,4,0.09645765274763107,Q5_pred_5,5
249094,4,0.02161732316017151,Q2_pred_2,2
111250,4,0.011652052402496338,Q1_pred_1,1
95774,4,0.009460225701332092,Q1_pred_1,1
7943,3,0.03219148516654968,Q3_pred_3,3
198256,4,0.0007607042789459229,Q1_pred_1,1
155423,4,0.02315741777420044,Q2_pred_2,2
380047,3,0.007589414715766907,Q1_pred_1,1
400356,4,0.02449190616607666,Q2_pred_2,2
23648,4,0.015439599752426147,Q2_pred_2,2
33686,4,0.01233091950416565,Q2_pred_2,2
90250,4,0.11437831819057465,Q5_pred_5,5
252490,4,0.04998460412025452,Q4_pred_4,4
132860,4,0.04986102133989334,Q3_pred_3,3
155770,3,0.08777466416358948,Q5_pred_5,5
150404,4,0.27358925342559814,Q5_pred_5,5
148524,4,0.1416938304901123,Q5_pred_5,5
58100,4,0.1730560064315796,Q5_pred_5,5
246374,3,0.01235315203666687,Q2_pred_2,2
52290,4,0.001624181866645813,Q1_pred_1,1
16992,3,0.01483011245727539,Q2_pred_2,2
75625,3,0.12083318829536438,Q5_pred_5,5
93645,3,0.08731147646903992,Q5_pred_5,5
31168,3,0.028077920898795128,Q3_pred_3,3
477304,4,0.014985576272010803,Q2_pred_2,2
28942,4,0.03468883037567139,Q3_pred_3,3
92822,4,0.002654939889907837,Q1_pred_1,1
157474,4,0.08473464846611023,Q4_pred_4,4
92221,5,0.007559997960925102,Q1_pred_1,1
61734,4,0.028075233101844788,Q3_pred_3,3
160125,3,0.031575024127960205,Q3_pred_3,3
107422,4,0.08470301330089569,Q4_pred_4,4
248777,4,0.009800538420677185,Q1_pred_1,1
415426,4,0.05156153440475464,Q4_pred_4,4
168059,4,0.0015380531549453735,Q1_pred_1,1
13713,4,0.046216756105422974,Q3_pred_3,3
360100,4,0.13621915876865387,Q5_pred_5,5
95531,4,0.06561309099197388,Q4_pred_4,4
326412,4,0.024612247943878174,Q2_pred_2,2
29119,4,0.05886809527873993,Q4_pred_4,4
211159,3,0.014265283942222595,Q2_pred_2,2
374069,4,0.02055490016937256,Q2_pred_2,2
104552,3,0.10877278447151184,Q5_pred_5,5
152606,4,0.04539337754249573,Q3_pred_3,3
187365,3,0.061924807727336884,Q4_pred_4,4
131318,3,0.1618397831916809,Q5_pred_5,5
6968,4,0.017355844378471375,Q2_pred_2,2
137936,3,0.15106335282325745,Q5_pred_5,5
358348,3,0.13464555144309998,Q5_pred_5,5
374856,4,0.11827151477336884,Q5_pred_5,5
49317,4,0.07161504030227661,Q4_pred_4,4
207406,4,0.02165532112121582,Q2_pred_2,2
221639,4,0.08187747001647949,Q4_pred_4,4
358041,4,0.2251673936843872,Q5_pred_5,5
60916,4,0.006851792335510254,Q1_pred_1,1
6490,3,0.07349583506584167,Q4_pred_4,4
77710,4,0.009794950485229492,Q1_pred_1,1
50786,4,0.027986466884613037,Q3_pred_3,3
343994,4,0.07190145552158356,Q4_pred_4,4
255659,4,0.024750307202339172,Q2_pred_2,2
156783,2,0.038818757981061935,Q3_pred_3,3
149944,3,0.19391657412052155,Q5_pred_5,5
182984,4,0.02856031060218811,Q3_pred_3,3
76568,3,0.010604456067085266,Q1_pred_1,1
66622,4,0.0271761491894722,Q2_pred_2,2
37349,4,0.10907423496246338,Q5_pred_5,5
419201,4,0.019882604479789734,Q2_pred_2,2
412332,4,0.045051366090774536,Q3_pred_3,3
258102,3,0.03195062279701233,Q3_pred_3,3
143339,5,0.018417388200759888,Q2_pred_2,2
84021,5,0.10510849207639694,Q5_pred_5,5
200386,4,0.07833503186702728,Q4_pred_4,4
55874,4,0.0018552541732788086,Q1_pred_1,1
119194,4,0.20975422859191895,Q5_pred_5,5
2215,3,0.09100141376256943,Q5_pred_5,5
146977,4,0.039972953498363495,Q3_pred_3,3
250378,4,0.0006676539778709412,Q1_pred_1,1
102422,4,0.015000888146460056,Q2_pred_2,2
395821,3,0.176412433385849,Q5_pred_5,5
53829,3,0.15151724219322205,Q5_pred_5,5
374509,4,0.07295915484428406,Q4_pred_4,4
11054,2,0.00719982385635376,Q1_pred_1,1
192679,4,0.10139596462249756,Q5_pred_5,5
14474,4,0.004360228776931763,Q1_pred_1,1
21386,3,0.07010021805763245,Q4_pred_4,4
157726,4,0.03636328876018524,Q3_pred_3,3
106859,4,0.008725032210350037,Q1_pred_1,1
5682,4,0.012362077832221985,Q2_pred_2,2
156765,3,0.018977489322423935,Q2_pred_2,2
51397,3,0.15509702265262604,Q5_pred_5,5
235031,4,0.006607517600059509,Q1_pred_1,1
390939,4,0.0044916486367583275,Q1_pred_1,1
40085,4,0.11497828364372253,Q5_pred_5,5
195522,4,0.19525131583213806,Q5_pred_5,5
343943,4,0.0031020045280456543,Q1_pred_1,1
32245,3,0.0915137231349945,Q5_pred_5,5
113324,3,0.003272905945777893,Q1_pred_1,1
236386,3,0.20741857588291168,Q5_pred_5,5
352186,4,0.04735203832387924,Q3_pred_3,3
32600,4,0.030899524688720703,Q3_pred_3,3
2146,4,0.02266000211238861,Q2_pred_2,2
30032,4,0.02116873860359192,Q2_pred_2,2
48353,4,0.13417676091194153,Q5_pred_5,5
239256,3,0.049373507499694824,Q3_pred_3,3
10773,3,0.009201198816299438,Q1_pred_1,1
58188,4,0.08434243500232697,Q4_pred_4,4
357433,4,0.03775307536125183,Q3_pred_3,3
142757,4,0.019170686602592468,Q2_pred_2,2
6506,4,0.009399056434631348,Q1_pred_1,1
40835,4,0.026277631521224976,Q2_pred_2,2
124829,3,0.02864740788936615,Q3_pred_3,3
3167,4,0.05764669179916382,Q4_pred_4,4
113322,3,0.05226927995681763,Q4_pred_4,4
358168,4,0.20409196615219116,Q5_pred_5,5
12974,3,0.04010246694087982,Q3_pred_3,3
2149,3,0.009366333484649658,Q1_pred_1,1
50310,2,0.014609932899475098,Q2_pred_2,2
415412,3,0.02742666006088257,Q3_pred_3,3
10888,2,0.13550716638565063,Q5_pred_5,5
382831,3,0.06470836699008942,Q4_pred_4,4
418111,3,0.011492282152175903,Q1_pred_1,1
62263,4,0.01869499683380127,Q2_pred_2,2
468009,3,0.04299720376729965,Q3_pred_3,3
207488,3,0.017705827951431274,Q2_pred_2,2
45261,3,0.01965467631816864,Q2_pred_2,2
417774,4,0.026546351611614227,Q2_pred_2,2
188781,3,0.0036707185208797455,Q1_pred_1,1
325376,3,0.13703064620494843,Q5_pred_5,5
197257,3,0.0007630586624145508,Q1_pred_1,1
106789,4,0.008269011974334717,Q1_pred_1,1
159255,3,0.0532815121114254,Q4_pred_4,4
374572,5,0.017668575048446655,Q2_pred_2,2
8729,3,0.022104736417531967,Q2_pred_2,2
172066,4,0.0602751187980175,Q4_pred_4,4
48716,3,0.004761412739753723,Q1_pred_1,1
249723,4,0.07234843075275421,Q4_pred_4,4
28285,4,0.03416949510574341,Q3_pred_3,3
262442,3,0.04442606866359711,Q3_pred_3,3
122175,4,0.05988408625125885,Q4_pred_4,4
363061,4,0.11711589992046356,Q5_pred_5,5
154783,4,0.002036258578300476,Q1_pred_1,1
153659,4,0.005362451076507568,Q1_pred_1,1
15742,3,0.028452426195144653,Q3_pred_3,3
84095,4,0.09605243802070618,Q5_pred_5,5
22865,3,0.05745190382003784,Q4_pred_4,4
398498,3,0.019443362951278687,Q2_pred_2,2
164803,4,0.08993074297904968,Q5_pred_5,5
120130,4,0.03496788442134857,Q3_pred_3,3
318647,4,0.07593313604593277,Q4_pred_4,4
372650,4,0.15596234798431396,Q5_pred_5,5
23025,4,0.020252332091331482,Q2_pred_2,2
110602,4,0.05943027138710022,Q4_pred_4,4
371971,4,0.014281406998634338,Q2_pred_2,2
133809,4,0.10585588961839676,Q5_pred_5,5
373882,4,0.0831645131111145,Q4_pred_4,4
357992,4,0.1601358950138092,Q5_pred_5,5
67954,3,0.26610785722732544,Q5_pred_5,5
116163,3,0.010269522666931152,Q1_pred_1,1
50180,4,0.044088736176490784,Q3_pred_3,3
117498,3,0.012092679738998413,Q2_pred_2,2
70301,3,0.08309116959571838,Q4_pred_4,4
48978,4,0.03600552678108215,Q3_pred_3,3
100360,4,0.008177623152732849,Q1_pred_1,1
68664,4,0.10277356207370758,Q5_pred_5,5
270918,4,0.005235791206359863,Q1_pred_1,1
64714,4,0.18865883350372314,Q5_pred_5,5
208695,4,0.0273226797580719,Q2_pred_2,2
371652,2,0.01866292953491211,Q2_pred_2,2
19212,4,0.047591954469680786,Q3_pred_3,3
64453,3,0.013988763093948364,Q2_pred_2,2
10852,2,0.019452810287475586,Q2_pred_2,2
360599,4,0.010928288102149963,Q1_pred_1,1
166966,4,0.011167258024215698,Q1_pred_1,1
395492,4,0.014981314539909363,Q2_pred_2,2
132811,4,0.05443873256444931,Q4_pred_4,4
28250,3,0.0041734278202056885,Q1_pred_1,1
171647,4,0.0895262211561203,Q5_pred_5,5
25067,4,0.11533088982105255,Q5_pred_5,5
76673,3,0.1457030475139618,Q5_pred_5,5
199277,3,0.05389279127120972,Q4_pred_4,4
81260,3,0.04861745238304138,Q3_pred_3,3
147231,3,0.24950911104679108,Q5_pred_5,5
57047,3,0.01015155017375946,Q1_pred_1,1
137897,3,0.15014520287513733,Q5_pred_5,5
124700,4,0.00400194525718689,Q1_pred_1,1
164366,3,5.894899368286133e-05,Q1_pred_1,1
334980,3,0.016616567969322205,Q2_pred_2,2
372661,4,0.141736701130867,Q5_pred_5,5
242873,3,0.0761876106262207,Q4_pred_4,4
350679,3,0.004569836892187595,Q1_pred_1,1
153729,2,0.060799628496170044,Q4_pred_4,4
388594,3,0.06613869965076447,Q4_pred_4,4
105800,4,0.08202707767486572,Q4_pred_4,4
47048,3,0.002253156155347824,Q1_pred_1,1
428321,4,0.04706701636314392,Q3_pred_3,3
233501,4,0.029227420687675476,Q3_pred_3,3
5827,3,0.08190883696079254,Q4_pred_4,4
28961,4,0.07311242818832397,Q4_pred_4,4
40016,3,0.10694815218448639,Q5_pred_5,5
6848,4,0.010556727647781372,Q1_pred_1,1
26285,4,0.22130994498729706,Q5_pred_5,5
168067,3,0.05720864236354828,Q4_pred_4,4
72810,3,0.036560773849487305,Q3_pred_3,3
23062,4,0.00563301146030426,Q1_pred_1,1
142799,4,0.030876174569129944,Q3_pred_3,3
38175,3,0.04608161747455597,Q3_pred_3,3
137478,4,0.03972645103931427,Q3_pred_3,3
269483,3,0.042976778000593185,Q3_pred_3,3
398508,3,0.013143718242645264,Q2_pred_2,2
329963,3,0.09560541808605194,Q5_pred_5,5
373685,4,0.009094834327697754,Q1_pred_1,1
39934,3,0.014469742774963379,Q2_pred_2,2
485390,3,0.08526897430419922,Q4_pred_4,4
156779,3,0.0507119856774807,Q4_pred_4,4
70308,4,0.020097360014915466,Q2_pred_2,2
4224,4,0.020088165998458862,Q2_pred_2,2
189428,4,0.027643613517284393,Q3_pred_3,3
125561,3,0.020142436027526855,Q2_pred_2,2
220605,4,0.011810515075922012,Q1_pred_1,1
138810,4,0.07473557442426682,Q4_pred_4,4
187006,4,0.014936640858650208,Q2_pred_2,2
175401,3,0.06250108778476715,Q4_pred_4,4
183729,3,0.07677242159843445,Q4_pred_4,4
247806,3,0.023232370615005493,Q2_pred_2,2
96093,3,0.08461359143257141,Q4_pred_4,4
40068,3,0.09644117951393127,Q5_pred_5,5
54256,3,0.038049668073654175,Q3_pred_3,3
386074,4,0.056721433997154236,Q4_pred_4,4
172245,4,0.013014793395996094,Q2_pred_2,2
71631,4,0.027182452380657196,Q2_pred_2,2
340038,3,0.006656177341938019,Q1_pred_1,1
148597,4,0.07222312688827515,Q4_pred_4,4
213582,4,0.05685499310493469,Q4_pred_4,4
135703,3,0.21708129346370697,Q5_pred_5,5
24160,4,0.0022839605808258057,Q1_pred_1,1
130709,4,0.21555842459201813,Q5_pred_5,5
247342,3,0.034010082483291626,Q3_pred_3,3
160314,4,0.21030594408512115,Q5_pred_5,5
189517,3,0.08196703344583511,Q4_pred_4,4
193480,4,0.03242933750152588,Q3_pred_3,3
356000,4,0.09243977069854736,Q5_pred_5,5
184879,3,0.01090654730796814,Q1_pred_1,1
78384,4,0.0007218718528747559,Q1_pred_1,1
359449,4,0.140340656042099,Q5_pred_5,5
208664,3,0.13376465439796448,Q5_pred_5,5
50152,4,0.025613248348236084,Q2_pred_2,2
46593,3,0.06638939678668976,Q4_pred_4,4
104736,4,0.009352833032608032,Q1_pred_1,1
386290,4,0.0011778920888900757,Q1_pred_1,1
16263,4,0.01677928864955902,Q2_pred_2,2
67756,4,0.05610528588294983,Q4_pred_4,4
374505,4,0.07391998171806335,Q4_pred_4,4
26941,4,0.030781516805291176,Q3_pred_3,3
76651,3,0.12410306930541992,Q5_pred_5,5
65433,3,0.021876275539398193,Q2_pred_2,2
171973,3,8.541345596313477e-05,Q1_pred_1,1
232176,4,0.010609984397888184,Q1_pred_1,1
125065,4,0.01709664613008499,Q2_pred_2,2
50418,3,0.10576070845127106,Q5_pred_5,5
130416,4,0.05158400535583496,Q4_pred_4,4
183058,4,0.0277441143989563,Q3_pred_3,3
373834,4,0.006029248237609863,Q1_pred_1,1
29088,4,0.052113428711891174,Q4_pred_4,4
196081,4,0.005770422518253326,Q1_pred_1,1
10499,3,0.16796258091926575,Q5_pred_5,5
50297,2,0.02674463391304016,Q2_pred_2,2
17901,3,0.024927377700805664,Q2_pred_2,2
52785,4,0.04348793625831604,Q3_pred_3,3
98192,4,0.10854543745517731,Q5_pred_5,5
41580,3,0.023590087890625,Q2_pred_2,2
332315,3,0.007383018732070923,Q1_pred_1,1
155008,4,0.012529447674751282,Q2_pred_2,2
10097,1,0.06865370273590088,Q4_pred_4,4
98737,3,0.006822168827056885,Q1_pred_1,1
102361,3,0.010735772550106049,Q1_pred_1,1
65672,4,0.0167272686958313,Q2_pred_2,2
302530,4,0.06146693229675293,Q4_pred_4,4
16204,4,0.08860190957784653,Q5_pred_5,5
13062,3,0.05331793427467346,Q4_pred_4,4
41704,3,0.08998720347881317,Q5_pred_5,5
55276,3,0.05948132276535034,Q4_pred_4,4
149776,4,0.020765885710716248,Q2_pred_2,2
159585,3,0.028149209916591644,Q3_pred_3,3
10542,3,0.014765799045562744,Q2_pred_2,2
361438,4,0.011625349521636963,Q1_pred_1,1
120597,4,0.06298332661390305,Q4_pred_4,4
14034,4,0.10834647715091705,Q5_pred_5,5
570,4,0.024149872362613678,Q2_pred_2,2
275178,3,0.005565091967582703,Q1_pred_1,1
209,4,0.018861770629882812,Q2_pred_2,2
120027,4,0.002938002347946167,Q1_pred_1,1
156821,3,0.052266716957092285,Q4_pred_4,4
405699,4,0.018504902720451355,Q2_pred_2,2
6960,3,0.024235405027866364,Q2_pred_2,2
133890,4,0.042427316308021545,Q3_pred_3,3
156666,3,0.045188188552856445,Q3_pred_3,3
68408,4,0.037567585706710815,Q3_pred_3,3
184696,4,0.004036620259284973,Q1_pred_1,1
76549,3,0.016214966773986816,Q2_pred_2,2
189337,4,0.024767741560935974,Q2_pred_2,2
21066,4,0.017445266246795654,Q2_pred_2,2
47029,2,0.1674986332654953,Q5_pred_5,5
58074,4,0.03728187084197998,Q3_pred_3,3
112152,3,0.00854453444480896,Q1_pred_1,1
372676,4,0.013212189078330994,Q2_pred_2,2
343981,4,0.13684473931789398,Q5_pred_5,5
80194,4,0.044912487268447876,Q3_pred_3,3
92138,4,0.05879609286785126,Q4_pred_4,4
76516,4,0.021699965000152588,Q2_pred_2,2
203377,4,0.03033757209777832,Q3_pred_3,3
149807,4,0.020035266876220703,Q2_pred_2,2
6973,3,0.008611023426055908,Q1_pred_1,1
17127,3,0.04394027590751648,Q3_pred_3,3
416303,4,0.07882575690746307,Q4_pred_4,4
425676,4,0.017297670245170593,Q2_pred_2,2
365771,4,0.018931224942207336,Q2_pred_2,2
3973,3,0.03418974578380585,Q3_pred_3,3
49777,3,0.004737630486488342,Q1_pred_1,1
13072,3,0.05311763286590576,Q4_pred_4,4
153837,4,0.15212678909301758,Q5_pred_5,5
160276,4,0.01864321529865265,Q2_pred_2,2
52630,1,0.005321711301803589,Q1_pred_1,1
24646,3,0.07343515753746033,Q4_pred_4,4
355248,4,0.062061503529548645,Q4_pred_4,4
465759,4,0.0014645755290985107,Q1_pred_1,1
42342,4,0.18926450610160828,Q5_pred_5,5
42348,4,0.1793961077928543,Q5_pred_5,5
57669,3,0.003238111734390259,Q1_pred_1,1
128705,4,0.07373744249343872,Q4_pred_4,4
38110,4,0.031010404229164124,Q3_pred_3,3
57475,4,0.04852473363280296,Q3_pred_3,3
114203,4,0.05455559119582176,Q4_pred_4,4
413620,4,0.008216500282287598,Q1_pred_1,1
21890,4,0.013957805931568146,Q2_pred_2,2
143299,3,0.04353776574134827,Q3_pred_3,3
118334,3,0.0439082533121109,Q3_pred_3,3
154781,4,0.018901728093624115,Q2_pred_2,2
109845,4,0.00010319054126739502,Q1_pred_1,1
447685,4,0.019129902124404907,Q2_pred_2,2
410237,4,0.010994315147399902,Q1_pred_1,1
20093,4,0.002271980047225952,Q1_pred_1,1
145815,4,0.016100406646728516,Q2_pred_2,2
153608,4,0.000860363245010376,Q1_pred_1,1
166481,3,0.019068807363510132,Q2_pred_2,2
426038,4,0.035014212131500244,Q3_pred_3,3
114170,2,0.03301333263516426,Q3_pred_3,3
91449,3,0.0527164489030838,Q4_pred_4,4
248952,4,0.059976011514663696,Q4_pred_4,4
28671,4,0.10144233703613281,Q5_pred_5,5
86662,3,0.01756313443183899,Q2_pred_2,2
108313,4,0.00266072154045105,Q1_pred_1,1
420263,4,0.010735392570495605,Q1_pred_1,1
79148,4,0.03439738601446152,Q3_pred_3,3
10935,2,0.03645920753479004,Q3_pred_3,3
123590,4,0.029363572597503662,Q3_pred_3,3
121008,4,0.009005844593048096,Q1_pred_1,1
371786,4,0.007299333810806274,Q1_pred_1,1
193673,4,0.05675041303038597,Q4_pred_4,4
160268,4,0.003163456916809082,Q1_pred_1,1
81936,4,0.011636048555374146,Q1_pred_1,1
204118,4,0.015089161694049835,Q2_pred_2,2
40823,4,0.022627845406532288,Q2_pred_2,2
325585,3,0.007500752806663513,Q1_pred_1,1
76429,4,0.018439769744873047,Q2_pred_2,2
359258,5,0.12655848264694214,Q5_pred_5,5
383635,4,0.09584957361221313,Q5_pred_5,5
8665,4,0.03400567173957825,Q3_pred_3,3
124486,4,0.047025248408317566,Q3_pred_3,3
110159,4,0.014621347188949585,Q2_pred_2,2
188367,4,0.23307618498802185,Q5_pred_5,5
56979,4,0.06940193474292755,Q4_pred_4,4
163419,4,0.01850941777229309,Q2_pred_2,2
66619,4,0.03121192753314972,Q3_pred_3,3
340504,3,0.0077698081731796265,Q1_pred_1,1
126007,3,0.08922609686851501,Q5_pred_5,5
113383,4,0.030099108815193176,Q3_pred_3,3
146714,3,0.001987561583518982,Q1_pred_1,1
65873,4,0.0019418299198150635,Q1_pred_1,1
120661,4,0.28046736121177673,Q5_pred_5,5
257483,3,0.03955201804637909,Q3_pred_3,3
42286,4,0.01886489987373352,Q2_pred_2,2
18515,4,0.161470428109169,Q5_pred_5,5
168123,4,0.01072537899017334,Q1_pred_1,1
424726,3,0.019816532731056213,Q2_pred_2,2
50307,3,0.02841085195541382,Q3_pred_3,3
233974,3,0.025090035051107407,Q2_pred_2,2
199144,4,0.06105324253439903,Q4_pred_4,4
360481,3,0.04690304398536682,Q3_pred_3,3
248598,3,0.017359517514705658,Q2_pred_2,2
104549,3,0.04430398344993591,Q3_pred_3,3
3802,4,0.05300538241863251,Q4_pred_4,4
156365,4,0.20437175035476685,Q5_pred_5,5
43161,4,0.02348286658525467,Q2_pred_2,2
156568,3,0.013852633535861969,Q2_pred_2,2
328699,5,0.005798891186714172,Q1_pred_1,1
34648,4,0.01944209635257721,Q2_pred_2,2
221599,4,0.07268249988555908,Q4_pred_4,4
360603,4,0.01456841453909874,Q2_pred_2,2
325461,4,0.08335927128791809,Q4_pred_4,4
49538,4,0.034840673208236694,Q3_pred_3,3
114013,4,0.1063264012336731,Q5_pred_5,5
185138,3,0.01040215790271759,Q1_pred_1,1
64781,4,0.15424779057502747,Q5_pred_5,5
193761,4,0.03257870674133301,Q3_pred_3,3
90423,3,0.05981731414794922,Q4_pred_4,4
16598,4,0.04201383516192436,Q3_pred_3,3
81996,4,0.12717583775520325,Q5_pred_5,5
30031,4,0.025738149881362915,Q2_pred_2,2
116896,4,0.08033125847578049,Q4_pred_4,4
108402,4,0.017989158630371094,Q2_pred_2,2
183065,4,0.03020232915878296,Q3_pred_3,3
231991,4,0.00035001710057258606,Q1_pred_1,1
13252,4,0.09165720641613007,Q5_pred_5,5
137052,4,0.008530259132385254,Q1_pred_1,1
77728,3,0.10123145580291748,Q5_pred_5,5
167525,3,0.012053608894348145,Q2_pred_2,2
174043,4,0.04300239682197571,Q3_pred_3,3
111786,4,0.004961036145687103,Q1_pred_1,1
86094,4,0.02558465301990509,Q2_pred_2,2
156816,2,0.045794762670993805,Q3_pred_3,3
169229,4,0.025220468640327454,Q2_pred_2,2
132010,4,0.003670215606689453,Q1_pred_1,1
62273,3,0.10334864258766174,Q5_pred_5,5
16667,3,0.043563663959503174,Q3_pred_3,3
358057,4,0.2254350781440735,Q5_pred_5,5
13032,4,0.021352648735046387,Q2_pred_2,2
105845,4,0.08492293953895569,Q4_pred_4,4
43555,4,0.1458117663860321,Q5_pred_5,5
381506,4,0.12878045439720154,Q5_pred_5,5
48397,3,0.010513409972190857,Q1_pred_1,1
172588,3,0.24486076831817627,Q5_pred_5,5
88895,4,0.004694916307926178,Q1_pred_1,1
23537,4,0.008127421140670776,Q1_pred_1,1
11932,4,0.11103455722332001,Q5_pred_5,5
29251,4,0.05804470181465149,Q4_pred_4,4
16375,4,0.046343863010406494,Q3_pred_3,3
102478,4,0.016066625714302063,Q2_pred_2,2
31490,4,0.00409090518951416,Q1_pred_1,1
124922,4,0.01834709942340851,Q2_pred_2,2
213985,4,0.041130274534225464,Q3_pred_3,3
356888,4,0.1461317241191864,Q5_pred_5,5
216814,4,0.0774940475821495,Q4_pred_4,4
69690,4,0.03442680835723877,Q3_pred_3,3
19159,4,0.08545003831386566,Q4_pred_4,4
406664,4,0.005201399326324463,Q1_pred_1,1
144224,4,0.059379786252975464,Q4_pred_4,4
180541,3,0.01606661081314087,Q2_pred_2,2
64711,4,0.19857031106948853,Q5_pred_5,5
183156,4,0.01468728482723236,Q2_pred_2,2
346521,3,0.011826545000076294,Q1_pred_1,1
354510,3,0.0051406919956207275,Q1_pred_1,1
370,3,0.05315551906824112,Q4_pred_4,4
404317,4,0.023932725191116333,Q2_pred_2,2
12712,4,0.0481114387512207,Q3_pred_3,3
179991,3,0.011743173003196716,Q1_pred_1,1
332314,3,0.0058613121509552,Q1_pred_1,1
39832,3,0.035941898822784424,Q3_pred_3,3
215682,4,0.032923221588134766,Q3_pred_3,3
254868,4,0.1387433260679245,Q5_pred_5,5
330044,3,0.03167910873889923,Q3_pred_3,3
20640,4,0.07866496592760086,Q4_pred_4,4
91672,4,0.016687970608472824,Q2_pred_2,2
382854,4,0.0683828592300415,Q4_pred_4,4
72150,4,0.0531899631023407,Q4_pred_4,4
54808,4,0.008018642663955688,Q1_pred_1,1
15856,4,0.07493573427200317,Q4_pred_4,4
20453,4,0.03517612814903259,Q3_pred_3,3
28859,4,0.0924244076013565,Q5_pred_5,5
153726,4,0.10849758982658386,Q5_pred_5,5
48565,4,0.008574999868869781,Q1_pred_1,1
373783,3,0.04166436195373535,Q3_pred_3,3
181634,4,0.08816367387771606,Q5_pred_5,5
184490,4,0.06796112656593323,Q4_pred_4,4
242963,4,0.016397833824157715,Q2_pred_2,2
13457,3,0.11875408887863159,Q5_pred_5,5
377525,4,0.005259066820144653,Q1_pred_1,1
156810,3,0.07061551511287689,Q4_pred_4,4
22952,4,0.02458871901035309,Q2_pred_2,2
432405,4,0.0756126269698143,Q4_pred_4,4
103355,3,0.04576003551483154,Q3_pred_3,3
36047,3,0.00853779911994934,Q1_pred_1,1
188955,3,0.07334953546524048,Q4_pred_4,4
247129,4,0.10239657759666443,Q5_pred_5,5
481101,4,0.024551451206207275,Q2_pred_2,2
96030,4,0.004226195625960827,Q1_pred_1,1
13469,2,0.11664694547653198,Q5_pred_5,5
18229,4,0.07576152682304382,Q4_pred_4,4
232840,4,0.033004701137542725,Q3_pred_3,3
87636,3,0.0189189612865448,Q2_pred_2,2
368456,3,0.02448791265487671,Q2_pred_2,2
128235,4,0.08336642384529114,Q4_pred_4,4
41148,4,0.004987461492419243,Q1_pred_1,1
99891,4,0.0037612617015838623,Q1_pred_1,1
57696,4,0.005940087139606476,Q1_pred_1,1
82931,3,0.028566211462020874,Q3_pred_3,3
119938,4,0.0013739019632339478,Q1_pred_1,1
94402,4,0.02875688672065735,Q3_pred_3,3
34074,4,0.014755785465240479,Q2_pred_2,2
150591,4,0.010781511664390564,Q1_pred_1,1
155243,3,0.15901511907577515,Q5_pred_5,5
162666,2,0.010526090860366821,Q1_pred_1,1
386734,3,0.014845289289951324,Q2_pred_2,2
247765,4,0.023868277668952942,Q2_pred_2,2
372701,4,0.015032798051834106,Q2_pred_2,2
336407,3,0.011412933468818665,Q1_pred_1,1
493223,4,0.04974237084388733,Q3_pred_3,3
87289,4,0.015697002410888672,Q2_pred_2,2
28934,4,0.06529858708381653,Q4_pred_4,4
72277,4,0.014226526021957397,Q2_pred_2,2
199757,4,0.0314452201128006,Q3_pred_3,3
373661,4,0.003695756196975708,Q1_pred_1,1
148274,4,0.11878356337547302,Q5_pred_5,5
155210,4,0.1214728057384491,Q5_pred_5,5
22109,4,0.0004567056894302368,Q1_pred_1,1
62516,4,0.010289818048477173,Q1_pred_1,1
41978,4,0.12383240461349487,Q5_pred_5,5
155262,4,0.020315855741500854,Q2_pred_2,2
71104,3,0.029303506016731262,Q3_pred_3,3
15239,3,0.005881518125534058,Q1_pred_1,1
247250,4,0.10604429244995117,Q5_pred_5,5
142826,4,0.02552644908428192,Q2_pred_2,2
354860,3,0.038999468088150024,Q3_pred_3,3
34277,4,0.01033058762550354,Q1_pred_1,1
105584,4,0.08240474760532379,Q4_pred_4,4
324205,3,0.11187854409217834,Q5_pred_5,5
79609,4,0.03262750059366226,Q3_pred_3,3
328660,4,0.008045375347137451,Q1_pred_1,1
274097,4,0.053482964634895325,Q4_pred_4,4
117415,3,0.022722430527210236,Q2_pred_2,2
246840,4,0.18768233060836792,Q5_pred_5,5
11017,4,0.055276572704315186,Q4_pred_4,4
355917,4,0.018725141882896423,Q2_pred_2,2
192269,4,0.002824723720550537,Q1_pred_1,1
26922,3,0.04347395896911621,Q3_pred_3,3
268126,4,0.016711808741092682,Q2_pred_2,2
168515,4,0.11832647025585175,Q5_pred_5,5
223006,3,0.05171525478363037,Q4_pred_4,4
31266,4,0.031710147857666016,Q3_pred_3,3
242498,4,0.011285409331321716,Q1_pred_1,1
69817,4,0.022621072828769684,Q2_pred_2,2
98150,4,0.019193604588508606,Q2_pred_2,2
50503,4,0.03723825514316559,Q3_pred_3,3
47371,4,0.004024539142847061,Q1_pred_1,1
12693,4,0.06751412153244019,Q4_pred_4,4
418582,4,0.005113426595926285,Q1_pred_1,1
139820,4,0.0210723876953125,Q2_pred_2,2
382336,4,0.15486687421798706,Q5_pred_5,5
31826,4,0.10451088845729828,Q5_pred_5,5
42137,3,0.08290375769138336,Q4_pred_4,4
395631,4,0.04748609662055969,Q3_pred_3,3
340564,3,0.022730931639671326,Q2_pred_2,2
48719,4,0.0739581435918808,Q4_pred_4,4
81689,4,0.039241522550582886,Q3_pred_3,3
156885,4,0.006330803036689758,Q1_pred_1,1
97236,4,0.016128629446029663,Q2_pred_2,2
55731,4,0.02890971302986145,Q3_pred_3,3
114108,3,0.04059665650129318,Q3_pred_3,3
256886,4,0.11311177164316177,Q5_pred_5,5
337824,4,0.02873191237449646,Q3_pred_3,3
182543,4,0.047433868050575256,Q3_pred_3,3
70032,3,0.01750204712152481,Q2_pred_2,2
135719,4,0.07596009969711304,Q4_pred_4,4
477028,4,0.0188654363155365,Q2_pred_2,2
363242,3,0.09792497009038925,Q5_pred_5,5
146519,4,0.019608542323112488,Q2_pred_2,2
134970,3,0.036914288997650146,Q3_pred_3,3
96167,4,0.0032315626740455627,Q1_pred_1,1
113265,3,0.002314586192369461,Q1_pred_1,1
104733,3,0.026879355311393738,Q2_pred_2,2
111948,4,0.003726780414581299,Q1_pred_1,1
391686,3,0.03167945146560669,Q3_pred_3,3
27417,3,0.14507627487182617,Q5_pred_5,5
20929,4,0.15569433569908142,Q5_pred_5,5
146578,4,0.016587495803833008,Q2_pred_2,2
5870,3,0.06959821283817291,Q4_pred_4,4
270689,4,0.03165850043296814,Q3_pred_3,3
208849,3,0.03457999229431152,Q3_pred_3,3
72891,4,0.007703453302383423,Q1_pred_1,1
344992,4,0.02314433641731739,Q2_pred_2,2
16629,3,0.027668863534927368,Q3_pred_3,3
180949,4,0.0074348896741867065,Q1_pred_1,1
132905,4,0.16917748749256134,Q5_pred_5,5
102516,4,0.03598715364933014,Q3_pred_3,3
386538,4,0.032206058502197266,Q3_pred_3,3
239390,2,0.04800134897232056,Q3_pred_3,3
137917,4,0.13447481393814087,Q5_pred_5,5
171016,4,0.02567678689956665,Q2_pred_2,2
142305,4,0.037305451929569244,Q3_pred_3,3
419894,3,0.006808817386627197,Q1_pred_1,1
418399,4,0.038864776492118835,Q3_pred_3,3
127508,4,0.026070386171340942,Q2_pred_2,2
76097,4,0.022795140743255615,Q2_pred_2,2
86388,4,0.033076852560043335,Q3_pred_3,3
65687,4,0.006889358162879944,Q1_pred_1,1
101572,4,0.041815757751464844,Q3_pred_3,3
76491,3,0.08488741517066956,Q4_pred_4,4
174879,3,0.08241744339466095,Q4_pred_4,4
389,4,0.06370798498392105,Q4_pred_4,4
182524,4,0.12091830372810364,Q5_pred_5,5
12776,4,0.13749557733535767,Q5_pred_5,5
86141,4,0.009798277169466019,Q1_pred_1,1
82267,4,0.07152178883552551,Q4_pred_4,4
188145,4,0.025525569915771484,Q2_pred_2,2
142688,4,0.04618844389915466,Q3_pred_3,3
420266,4,0.0429927259683609,Q3_pred_3,3
153944,4,0.1353837251663208,Q5_pred_5,5
257813,3,0.0144747793674469,Q2_pred_2,2
432102,4,0.08341485261917114,Q4_pred_4,4
95534,4,0.038555145263671875,Q3_pred_3,3
378683,4,0.019830819219350815,Q2_pred_2,2
14990,4,0.014177143573760986,Q2_pred_2,2
58625,4,0.02187434583902359,Q2_pred_2,2
19165,4,0.0004138052463531494,Q1_pred_1,1
11599,3,0.06256565451622009,Q4_pred_4,4
382940,4,0.002323085442185402,Q1_pred_1,1
257867,3,0.002901613712310791,Q1_pred_1,1
37907,4,0.05420878529548645,Q4_pred_4,4
148863,3,0.024579934775829315,Q2_pred_2,2
158597,3,0.03181714564561844,Q3_pred_3,3
17609,4,0.017331525683403015,Q2_pred_2,2
30627,4,0.07713466882705688,Q4_pred_4,4
28977,4,0.06212954968214035,Q4_pred_4,4
131131,4,0.003812342882156372,Q1_pred_1,1
119258,3,0.21757325530052185,Q5_pred_5,5
352715,3,0.020607858896255493,Q2_pred_2,2
10947,2,0.02889883518218994,Q3_pred_3,3
345134,4,0.046203985810279846,Q3_pred_3,3
263750,4,0.02732466161251068,Q2_pred_2,2
105463,4,0.08071118593215942,Q4_pred_4,4
29233,4,0.053928568959236145,Q4_pred_4,4
29192,4,0.048058584332466125,Q3_pred_3,3
26889,4,0.05596885830163956,Q4_pred_4,4
359005,3,0.20019839704036713,Q5_pred_5,5
65271,3,0.026103615760803223,Q2_pred_2,2
374074,4,0.039342865347862244,Q3_pred_3,3
83408,2,0.062070995569229126,Q4_pred_4,4
364485,3,0.08253878355026245,Q4_pred_4,4
69224,3,0.09708455204963684,Q5_pred_5,5
30950,3,0.023209139704704285,Q2_pred_2,2
33143,4,0.011877194046974182,Q2_pred_2,2
355216,4,0.08347116410732269,Q4_pred_4,4
40402,4,0.011812329292297363,Q1_pred_1,1
23086,3,0.011884957551956177,Q2_pred_2,2
33003,4,0.07522942870855331,Q4_pred_4,4
246968,4,0.01676468551158905,Q2_pred_2,2
382536,4,0.013880670070648193,Q2_pred_2,2
43779,4,0.0187605619430542,Q2_pred_2,2
193866,2,0.013197384774684906,Q2_pred_2,2
64252,3,0.09961728751659393,Q5_pred_5,5
93309,4,0.008340895175933838,Q1_pred_1,1
182969,4,0.03715267777442932,Q3_pred_3,3
271335,4,0.04597976803779602,Q3_pred_3,3
39731,3,0.05852402746677399,Q4_pred_4,4
121560,3,0.22409778833389282,Q5_pred_5,5
24044,4,0.007718130946159363,Q1_pred_1,1
58515,4,0.0597371980547905,Q4_pred_4,4
167167,4,0.03338732570409775,Q3_pred_3,3
383778,4,0.05563163757324219,Q4_pred_4,4
13466,2,0.11589610576629639,Q5_pred_5,5
78589,4,0.024657562375068665,Q2_pred_2,2
141816,3,0.014722287654876709,Q2_pred_2,2
220568,4,0.015984825789928436,Q2_pred_2,2
72838,4,0.0537378191947937,Q4_pred_4,4
81880,3,0.07299870252609253,Q4_pred_4,4
10539,3,0.018949031829833984,Q2_pred_2,2
38962,4,0.010764345526695251,Q1_pred_1,1
9660,4,0.023799367249011993,Q2_pred_2,2
21052,3,0.05580031871795654,Q4_pred_4,4
21678,4,0.04357561469078064,Q3_pred_3,3
416241,4,0.032865941524505615,Q3_pred_3,3
89921,4,0.03547076880931854,Q3_pred_3,3
168959,4,0.06578858196735382,Q4_pred_4,4
26946,4,0.03896822780370712,Q3_pred_3,3
152370,4,0.01665171980857849,Q2_pred_2,2
4080,4,0.015068158507347107,Q2_pred_2,2
75064,4,0.10007919371128082,Q5_pred_5,5
50306,4,0.05857054889202118,Q4_pred_4,4
77584,4,0.021666839718818665,Q2_pred_2,2
81987,3,0.12109094858169556,Q5_pred_5,5
239058,4,0.020391743630170822,Q2_pred_2,2
200930,4,0.03293493390083313,Q3_pred_3,3
160743,4,0.041156619787216187,Q3_pred_3,3
117978,4,0.09601126611232758,Q5_pred_5,5
14387,4,0.04656386375427246,Q3_pred_3,3
40431,4,0.04128122329711914,Q3_pred_3,3
79483,4,0.1648360639810562,Q5_pred_5,5
20155,4,0.035180386155843735,Q3_pred_3,3
27310,3,0.007080540060997009,Q1_pred_1,1
374105,4,0.049129605293273926,Q3_pred_3,3
171456,3,0.018780946731567383,Q2_pred_2,2
5100,4,3.55839729309082e-05,Q1_pred_1,1
241579,4,0.024347364902496338,Q2_pred_2,2
383695,4,0.09071487188339233,Q5_pred_5,5
96104,3,0.14402824640274048,Q5_pred_5,5
3924,3,0.14193086326122284,Q5_pred_5,5
64293,4,0.09665168821811676,Q5_pred_5,5
386380,4,0.049758389592170715,Q3_pred_3,3
367826,4,0.007146140560507774,Q1_pred_1,1
105644,3,0.0830162912607193,Q4_pred_4,4
263951,4,0.05729718506336212,Q4_pred_4,4
378173,3,0.29175445437431335,Q5_pred_5,5
388284,4,0.026032209396362305,Q2_pred_2,2
140829,4,0.047612667083740234,Q3_pred_3,3
156850,3,0.0027593374252319336,Q1_pred_1,1
153503,4,0.0007489770650863647,Q1_pred_1,1
65934,4,0.025179564952850342,Q2_pred_2,2
38610,3,0.08068197965621948,Q4_pred_4,4
27856,3,0.017826341092586517,Q2_pred_2,2
186423,3,0.09394080191850662,Q5_pred_5,5
357216,4,0.14251893758773804,Q5_pred_5,5
91610,4,0.03966011106967926,Q3_pred_3,3
10897,4,0.00865793228149414,Q1_pred_1,1
37182,4,0.08417752385139465,Q4_pred_4,4
69604,3,0.01894363760948181,Q2_pred_2,2
173939,4,0.030003786087036133,Q3_pred_3,3
59012,3,0.008862823247909546,Q1_pred_1,1
134957,3,0.0003891289234161377,Q1_pred_1,1
247757,4,0.012725651264190674,Q2_pred_2,2
68017,4,0.2591497302055359,Q5_pred_5,5
325379,3,0.03139543533325195,Q3_pred_3,3
274866,4,0.029544442892074585,Q3_pred_3,3
477016,3,0.002413913607597351,Q1_pred_1,1
31754,3,0.018824726343154907,Q2_pred_2,2
123994,4,0.07840891927480698,Q4_pred_4,4
72843,4,0.027850359678268433,Q3_pred_3,3
13868,3,0.049057647585868835,Q3_pred_3,3
9056,4,0.0038616061210632324,Q1_pred_1,1
126465,4,0.01912066340446472,Q2_pred_2,2
64471,4,0.0829932689666748,Q4_pred_4,4
371981,4,0.020279578864574432,Q2_pred_2,2
416379,3,0.015447437763214111,Q2_pred_2,2
337001,4,0.007390469312667847,Q1_pred_1,1
76814,4,0.007158100605010986,Q1_pred_1,1
50241,4,0.060711055994033813,Q4_pred_4,4
61707,4,0.04107154160737991,Q3_pred_3,3
268788,3,0.012803912162780762,Q2_pred_2,2
50192,3,0.016064628958702087,Q2_pred_2,2
402859,4,0.021962851285934448,Q2_pred_2,2
166368,2,0.09169459342956543,Q5_pred_5,5
208109,4,0.05023810267448425,Q4_pred_4,4
171511,3,0.06761331856250763,Q4_pred_4,4
424393,4,0.040931135416030884,Q3_pred_3,3
371908,3,0.006697505712509155,Q1_pred_1,1
107520,3,0.023939669132232666,Q2_pred_2,2
69097,3,0.033239513635635376,Q3_pred_3,3
238017,4,0.004532903432846069,Q1_pred_1,1
20840,4,0.0012576580047607422,Q1_pred_1,1
348405,3,0.06955769658088684,Q4_pred_4,4
180173,4,0.012241333723068237,Q2_pred_2,2
386249,4,0.07350035011768341,Q4_pred_4,4
232622,3,0.033285271376371384,Q3_pred_3,3
68658,4,0.0430135577917099,Q3_pred_3,3
89131,4,0.0360490083694458,Q3_pred_3,3
4629,3,0.03287971019744873,Q3_pred_3,3
127736,4,0.1288052350282669,Q5_pred_5,5
124396,4,0.0699949860572815,Q4_pred_4,4
32199,4,0.06878571957349777,Q4_pred_4,4
145274,4,0.046931855380535126,Q3_pred_3,3
29887,4,0.031769782304763794,Q3_pred_3,3
97023,3,0.10223327577114105,Q5_pred_5,5
26509,4,0.010711504146456718,Q1_pred_1,1
114337,3,0.012936029583215714,Q2_pred_2,2
339989,3,0.07367494702339172,Q4_pred_4,4
23965,4,0.04689383879303932,Q3_pred_3,3
163412,3,0.06819279491901398,Q4_pred_4,4
359953,4,0.09892046451568604,Q5_pred_5,5
114332,3,0.010648377239704132,Q1_pred_1,1
32589,3,0.030199140310287476,Q3_pred_3,3
13453,2,0.1182524561882019,Q5_pred_5,5
146542,4,0.021566808223724365,Q2_pred_2,2
240980,4,0.0005972832441329956,Q1_pred_1,1
183661,2,0.0181338619440794,Q2_pred_2,2
74464,4,0.021579205989837646,Q2_pred_2,2
125125,4,0.12498492002487183,Q5_pred_5,5
186316,4,0.03963783383369446,Q3_pred_3,3
150410,4,0.10602785646915436,Q5_pred_5,5
109913,4,0.020378217101097107,Q2_pred_2,2
14080,3,0.015681201592087746,Q2_pred_2,2
165471,4,0.014567214995622635,Q2_pred_2,2
125177,3,0.14504793286323547,Q5_pred_5,5
153905,4,0.10844165086746216,Q5_pred_5,5
55993,4,0.16766318678855896,Q5_pred_5,5
13872,4,0.05307478457689285,Q4_pred_4,4
115236,4,0.07579097151756287,Q4_pred_4,4
55009,3,0.07713139057159424,Q4_pred_4,4
182800,3,0.009072944521903992,Q1_pred_1,1
190951,3,0.057925283908843994,Q4_pred_4,4
169385,4,0.004737406969070435,Q1_pred_1,1
50088,4,0.15710648894309998,Q5_pred_5,5
143251,4,0.0035489127039909363,Q1_pred_1,1
79775,3,0.1031263917684555,Q5_pred_5,5
61716,4,0.007960595190525055,Q1_pred_1,1
26942,4,0.043194711208343506,Q3_pred_3,3
42815,4,0.014317899942398071,Q2_pred_2,2
135835,4,0.07698051631450653,Q4_pred_4,4
50242,4,0.06306251883506775,Q4_pred_4,4
87634,2,0.0005201250314712524,Q1_pred_1,1
96347,4,0.030867069959640503,Q3_pred_3,3
199297,4,0.07050654292106628,Q4_pred_4,4
50326,3,0.04398258030414581,Q3_pred_3,3
22084,4,0.002313464879989624,Q1_pred_1,1
199897,4,0.07855888456106186,Q4_pred_4,4
29142,4,0.05670370161533356,Q4_pred_4,4
394071,4,0.17210376262664795,Q5_pred_5,5
240324,4,0.021080568432807922,Q2_pred_2,2
325013,3,0.0053082481026649475,Q1_pred_1,1
4582,3,0.0072644054889678955,Q1_pred_1,1
52179,4,0.02940201759338379,Q3_pred_3,3
246356,3,0.01500345766544342,Q2_pred_2,2
247882,4,0.023984625935554504,Q2_pred_2,2
426204,3,0.001025184988975525,Q1_pred_1,1
63467,4,0.005968630313873291,Q1_pred_1,1
138473,4,0.001025855541229248,Q1_pred_1,1
373995,4,0.059811413288116455,Q4_pred_4,4
98231,4,0.04491543769836426,Q3_pred_3,3
141376,4,0.011633127927780151,Q1_pred_1,1
357004,4,0.1297534555196762,Q5_pred_5,5
19153,4,0.07975746691226959,Q4_pred_4,4
141179,4,0.012447018176317215,Q2_pred_2,2
8190,4,0.009908214211463928,Q1_pred_1,1
408763,4,0.03765588998794556,Q3_pred_3,3
348234,4,0.1767672598361969,Q5_pred_5,5
76299,4,0.11791291832923889,Q5_pred_5,5
98382,4,0.010866157710552216,Q1_pred_1,1
30039,4,0.07040490210056305,Q4_pred_4,4
142824,5,0.022701621055603027,Q2_pred_2,2
58873,4,0.02829168736934662,Q3_pred_3,3
17422,3,0.019249040633440018,Q2_pred_2,2
403646,3,0.016860615462064743,Q2_pred_2,2
161317,4,0.03203129768371582,Q3_pred_3,3
162975,4,0.0641716718673706,Q4_pred_4,4
258148,3,0.016459830105304718,Q2_pred_2,2
55311,4,0.05249787122011185,Q4_pred_4,4
369078,3,0.11476317793130875,Q5_pred_5,5
251110,4,0.004468470811843872,Q1_pred_1,1
317101,4,0.0010020118206739426,Q1_pred_1,1
38538,3,0.04963679611682892,Q3_pred_3,3
175489,3,0.061966538429260254,Q4_pred_4,4
76813,3,0.028044894337654114,Q3_pred_3,3
29096,4,0.05829915404319763,Q4_pred_4,4
98792,3,0.05354610085487366,Q4_pred_4,4
386609,4,0.03287476301193237,Q3_pred_3,3
236563,3,0.11299081146717072,Q5_pred_5,5
52880,4,0.03877454251050949,Q3_pred_3,3
173675,4,0.047508180141448975,Q3_pred_3,3
360091,4,0.1382187157869339,Q5_pred_5,5
170950,3,0.0287005752325058,Q3_pred_3,3
164390,4,0.06210713088512421,Q4_pred_4,4
12976,4,0.045400142669677734,Q3_pred_3,3
354892,4,0.06484547257423401,Q4_pred_4,4
61399,4,0.08324076235294342,Q4_pred_4,4
244339,4,0.018666774034500122,Q2_pred_2,2
181919,3,0.01894988864660263,Q2_pred_2,2
137540,4,0.057652782648801804,Q4_pred_4,4
166322,4,0.013163790106773376,Q2_pred_2,2
172453,3,0.005685880780220032,Q1_pred_1,1
340520,3,0.012410782277584076,Q2_pred_2,2
274066,4,0.026878654956817627,Q2_pred_2,2
136279,4,0.08460739254951477,Q4_pred_4,4
358645,3,0.08073116838932037,Q4_pred_4,4
374872,3,0.08989384770393372,Q5_pred_5,5
211096,4,0.011319950222969055,Q1_pred_1,1
131174,4,0.003263145685195923,Q1_pred_1,1
358158,4,0.22768759727478027,Q5_pred_5,5
38206,4,0.0216825008392334,Q2_pred_2,2
31823,4,0.15338799357414246,Q5_pred_5,5
316648,3,0.029428541660308838,Q3_pred_3,3
56909,4,0.15215614438056946,Q5_pred_5,5
39671,3,0.10599465668201447,Q5_pred_5,5
168303,3,0.002851322293281555,Q1_pred_1,1
396157,4,0.04665695130825043,Q3_pred_3,3
82471,3,0.009714275598526001,Q1_pred_1,1
119562,4,0.015179634094238281,Q2_pred_2,2
236680,3,0.14231237769126892,Q5_pred_5,5
105597,4,0.07828937470912933,Q4_pred_4,4
18562,4,0.17329685389995575,Q5_pred_5,5
197223,4,0.0581786185503006,Q4_pred_4,4
121004,3,0.034741759300231934,Q3_pred_3,3
236443,4,0.26326173543930054,Q5_pred_5,5
60164,4,0.05987127125263214,Q4_pred_4,4
111161,4,0.013873212039470673,Q2_pred_2,2
115557,2,0.11924327909946442,Q5_pred_5,5
33165,4,0.06517952680587769,Q4_pred_4,4
208848,2,0.0842025876045227,Q4_pred_4,4
18471,4,0.11113715171813965,Q5_pred_5,5
81166,3,0.07075977325439453,Q4_pred_4,4
409197,4,0.02416599541902542,Q2_pred_2,2
405662,4,0.04949507862329483,Q3_pred_3,3
402649,4,0.021719694137573242,Q2_pred_2,2
76989,3,0.018723025918006897,Q2_pred_2,2
222351,3,0.04962742328643799,Q3_pred_3,3
91762,4,0.12488645315170288,Q5_pred_5,5
134965,4,0.05111625790596008,Q4_pred_4,4
357164,4,0.14422518014907837,Q5_pred_5,5
3928,3,0.14655542373657227,Q5_pred_5,5
42195,4,0.08609528839588165,Q4_pred_4,4
65498,4,0.0003711581230163574,Q1_pred_1,1
96784,4,0.0959995687007904,Q5_pred_5,5
348905,3,0.04574622958898544,Q3_pred_3,3
147271,4,0.013851433992385864,Q2_pred_2,2
33692,4,0.09086835384368896,Q5_pred_5,5
71663,3,0.02186373621225357,Q2_pred_2,2
219260,3,0.007653653621673584,Q1_pred_1,1
54901,4,0.020416587591171265,Q2_pred_2,2
40444,4,0.043900325894355774,Q3_pred_3,3
432113,4,0.05447298288345337,Q4_pred_4,4
187809,4,0.10618194937705994,Q5_pred_5,5
81335,4,0.01461784541606903,Q2_pred_2,2
416703,3,0.02081894874572754,Q2_pred_2,2
98779,3,0.0030373036861419678,Q1_pred_1,1
130649,3,0.006500244140625,Q1_pred_1,1
90263,4,0.19761526584625244,Q5_pred_5,5
150706,4,0.021249353885650635,Q2_pred_2,2
3931,3,0.14617398381233215,Q5_pred_5,5
121573,4,0.2478521764278412,Q5_pred_5,5
73716,4,0.004437506198883057,Q1_pred_1,1
61042,3,0.016678113490343094,Q2_pred_2,2
11851,3,0.230673149228096,Q5_pred_5,5
151750,2,0.08818615972995758,Q5_pred_5,5
52896,4,0.07298928499221802,Q4_pred_4,4
247314,4,0.12040692567825317,Q5_pred_5,5
13858,2,0.05446918308734894,Q4_pred_4,4
92925,3,0.053415447473526,Q4_pred_4,4
340660,3,0.11786717176437378,Q5_pred_5,5
55107,3,0.03279999643564224,Q3_pred_3,3
375538,3,0.007368564605712891,Q1_pred_1,1
321972,3,0.07336931675672531,Q4_pred_4,4
5684,4,0.01322394609451294,Q2_pred_2,2
26546,4,0.045755527913570404,Q3_pred_3,3
232611,3,0.038794323801994324,Q3_pred_3,3
1888,2,0.19296446442604065,Q5_pred_5,5
164299,4,0.0019288063049316406,Q1_pred_1,1
152904,4,0.10212196409702301,Q5_pred_5,5
156742,2,0.02140631526708603,Q2_pred_2,2
8521,4,0.04698017239570618,Q3_pred_3,3
62156,3,0.006814584136009216,Q1_pred_1,1
53484,3,0.009993180632591248,Q1_pred_1,1
156820,2,0.0371064767241478,Q3_pred_3,3
327495,4,0.00599713996052742,Q1_pred_1,1
386592,4,0.06240181252360344,Q4_pred_4,4
41021,4,0.08127720654010773,Q4_pred_4,4
71705,4,0.0449753999710083,Q3_pred_3,3
137903,3,0.17706343531608582,Q5_pred_5,5
140660,4,0.017947599291801453,Q2_pred_2,2
58578,3,0.04527057707309723,Q3_pred_3,3
44650,4,0.005007624626159668,Q1_pred_1,1
162947,4,0.03419908881187439,Q3_pred_3,3
172448,2,0.054321348667144775,Q4_pred_4,4
65895,4,0.0010536126792430878,Q1_pred_1,1
360790,4,0.03810150921344757,Q3_pred_3,3
203944,3,0.013099998235702515,Q2_pred_2,2
91232,4,0.00980687141418457,Q1_pred_1,1
378289,4,0.005967453122138977,Q1_pred_1,1
374525,4,0.04350292682647705,Q3_pred_3,3
391214,3,0.010473459959030151,Q1_pred_1,1
114428,3,0.06253494322299957,Q4_pred_4,4
400697,4,0.026925653219223022,Q2_pred_2,2
12996,3,0.01785142719745636,Q2_pred_2,2
160350,3,0.046404413878917694,Q3_pred_3,3
50424,4,0.05078232288360596,Q4_pred_4,4
12728,3,0.004350557923316956,Q1_pred_1,1
26189,3,0.04903198778629303,Q3_pred_3,3
199146,4,0.08168855309486389,Q4_pred_4,4
415411,4,0.02537679672241211,Q2_pred_2,2
427718,4,0.023763976991176605,Q2_pred_2,2
12771,3,0.1612076312303543,Q5_pred_5,5
255648,4,0.020111754536628723,Q2_pred_2,2
145487,4,0.061406828463077545,Q4_pred_4,4
127612,4,0.030456706881523132,Q3_pred_3,3
141563,4,0.040616877377033234,Q3_pred_3,3
327002,3,0.006975680589675903,Q1_pred_1,1
99580,4,0.05326801538467407,Q4_pred_4,4
47276,2,0.07242831587791443,Q4_pred_4,4
107157,4,0.020071472972631454,Q2_pred_2,2
69626,3,0.0013392604887485504,Q1_pred_1,1
255677,3,0.03443232178688049,Q3_pred_3,3
19252,4,0.06286072731018066,Q4_pred_4,4
246327,4,0.0386601984500885,Q3_pred_3,3
358288,4,0.0990142822265625,Q5_pred_5,5
272237,4,0.015284374356269836,Q2_pred_2,2
30855,2,0.03331825137138367,Q3_pred_3,3
159401,4,0.1015881896018982,Q5_pred_5,5
47142,4,0.008645772933959961,Q1_pred_1,1
173888,4,0.1304468810558319,Q5_pred_5,5
377138,4,0.03610984981060028,Q3_pred_3,3
92137,4,0.0767238587141037,Q4_pred_4,4
90442,4,0.027990266680717468,Q3_pred_3,3
39919,4,0.01449429988861084,Q2_pred_2,2
131991,4,0.00904931128025055,Q1_pred_1,1
249522,4,0.023365315049886703,Q2_pred_2,2
26595,4,0.10652027279138565,Q5_pred_5,5
199230,4,0.028721913695335388,Q3_pred_3,3
41360,3,0.022500544786453247,Q2_pred_2,2
154277,4,0.20794329047203064,Q5_pred_5,5
123294,4,0.07205857336521149,Q4_pred_4,4
144480,3,0.027702882885932922,Q3_pred_3,3
356802,4,0.011237367987632751,Q1_pred_1,1
41134,4,0.02066206932067871,Q2_pred_2,2
202009,3,0.04132463037967682,Q3_pred_3,3
20753,4,0.03239124268293381,Q3_pred_3,3
354645,3,0.03759273886680603,Q3_pred_3,3
38381,4,0.01981421932578087,Q2_pred_2,2
369321,4,0.04531741142272949,Q3_pred_3,3
35074,4,0.028003424406051636,Q3_pred_3,3
2431,3,0.014070659875869751,Q2_pred_2,2
340254,3,0.015784919261932373,Q2_pred_2,2
239573,3,0.11761680245399475,Q5_pred_5,5
88935,3,0.02325696498155594,Q2_pred_2,2
57055,3,0.14441372454166412,Q5_pred_5,5
247517,4,0.10132694244384766,Q5_pred_5,5
38105,4,0.028668276965618134,Q3_pred_3,3
167729,5,0.00020480528473854065,Q1_pred_1,1
236575,3,0.1095607727766037,Q5_pred_5,5
153966,4,0.10512170195579529,Q5_pred_5,5
41602,4,0.011618956923484802,Q1_pred_1,1
355211,4,0.12837614119052887,Q5_pred_5,5
433887,3,0.0017133206129074097,Q1_pred_1,1
357390,4,0.02226288616657257,Q2_pred_2,2
362196,4,0.10782483220100403,Q5_pred_5,5
403574,4,0.025168990716338158,Q2_pred_2,2
11826,4,0.13830149173736572,Q5_pred_5,5
17913,3,0.2016279399394989,Q5_pred_5,5
50273,3,0.05466356873512268,Q4_pred_4,4
152345,4,0.15459705889225006,Q5_pred_5,5
41188,3,0.005098611116409302,Q1_pred_1,1
223745,3,0.0729278177022934,Q4_pred_4,4
169233,3,0.02987527847290039,Q3_pred_3,3
69477,4,0.002368200570344925,Q1_pred_1,1
140034,3,0.09923180937767029,Q5_pred_5,5
367836,3,0.003919094800949097,Q1_pred_1,1
334541,3,0.058797478675842285,Q4_pred_4,4
70025,4,0.03876033425331116,Q3_pred_3,3
149284,3,0.05056726932525635,Q4_pred_4,4
50658,3,0.006032422184944153,Q1_pred_1,1
157475,4,0.03404738008975983,Q3_pred_3,3
61737,3,0.014118991792201996,Q2_pred_2,2
114356,2,0.04362507164478302,Q3_pred_3,3
242650,3,0.00819472223520279,Q1_pred_1,1
93315,3,0.024344995617866516,Q2_pred_2,2
50160,3,0.010053873062133789,Q1_pred_1,1
167181,4,0.07313252985477448,Q4_pred_4,4
164392,4,0.05376160144805908,Q4_pred_4,4
429857,4,0.13091638684272766,Q5_pred_5,5
62833,4,0.12245258688926697,Q5_pred_5,5
193818,3,0.05297383666038513,Q4_pred_4,4
221842,3,0.051240794360637665,Q4_pred_4,4
38166,3,0.07195290923118591,Q4_pred_4,4
65802,4,0.02231203019618988,Q2_pred_2,2
248422,4,0.043115705251693726,Q3_pred_3,3
333711,3,0.18979105353355408,Q5_pred_5,5
241701,3,0.12544196844100952,Q5_pred_5,5
348882,3,0.051173388957977295,Q4_pred_4,4
39451,3,0.030704014003276825,Q3_pred_3,3
11964,4,0.08347396552562714,Q4_pred_4,4
68724,3,0.012878507375717163,Q2_pred_2,2
383742,3,0.011756889522075653,Q1_pred_1,1
138700,4,0.07783255726099014,Q4_pred_4,4
89326,4,0.005346089601516724,Q1_pred_1,1
11980,4,0.06327247619628906,Q4_pred_4,4
31585,3,0.004536032676696777,Q1_pred_1,1
8107,4,0.14293327927589417,Q5_pred_5,5
11608,3,0.05972956120967865,Q4_pred_4,4
366771,3,0.03629375249147415,Q3_pred_3,3
54329,4,0.1345784068107605,Q5_pred_5,5
86880,4,0.015590384602546692,Q2_pred_2,2
112064,3,0.14535322785377502,Q5_pred_5,5
427140,4,0.019490793347358704,Q2_pred_2,2
146670,5,0.009335294365882874,Q1_pred_1,1
64544,4,0.10645285248756409,Q5_pred_5,5
248436,4,0.03008650243282318,Q3_pred_3,3
42211,3,0.11406277120113373,Q5_pred_5,5
6984,4,0.09483546018600464,Q5_pred_5,5
167421,4,0.02126377820968628,Q2_pred_2,2
44704,4,0.07648330926895142,Q4_pred_4,4
56837,3,0.01665911078453064,Q2_pred_2,2
15802,3,0.09546871483325958,Q5_pred_5,5
154040,4,0.1315544843673706,Q5_pred_5,5
12754,3,0.15170085430145264,Q5_pred_5,5
46687,4,0.0882454514503479,Q5_pred_5,5
27693,3,0.037174075841903687,Q3_pred_3,3
101375,4,0.011968523263931274,Q2_pred_2,2
41049,3,0.12151366472244263,Q5_pred_5,5
5588,3,0.05224908888339996,Q4_pred_4,4
355101,4,0.0722312182188034,Q4_pred_4,4
396758,4,0.000827789306640625,Q1_pred_1,1
86580,3,0.058800190687179565,Q4_pred_4,4
130474,3,0.07652390003204346,Q4_pred_4,4
107353,2,0.08578494191169739,Q4_pred_4,4
45590,3,0.017862260341644287,Q2_pred_2,2
6637,3,0.05129624903202057,Q4_pred_4,4
72263,3,0.0037754178047180176,Q1_pred_1,1
156794,4,0.05182234197854996,Q4_pred_4,4
207129,4,0.04161284863948822,Q3_pred_3,3
326175,4,0.016979508101940155,Q2_pred_2,2
26578,3,0.10778104513883591,Q5_pred_5,5
114081,3,0.012337848544120789,Q2_pred_2,2
166252,2,0.027189016342163086,Q2_pred_2,2
99232,4,0.14313286542892456,Q5_pred_5,5
105755,4,0.08050631731748581,Q4_pred_4,4
377573,4,0.1136721521615982,Q5_pred_5,5
153760,4,0.05902549624443054,Q4_pred_4,4
153675,4,0.06438460946083069,Q4_pred_4,4
4581,3,0.020260334014892578,Q2_pred_2,2
420763,3,0.020962417125701904,Q2_pred_2,2
185989,3,0.01651448756456375,Q2_pred_2,2
28994,4,0.051346734166145325,Q4_pred_4,4
415004,4,0.03190590441226959,Q3_pred_3,3
110410,3,0.1373823583126068,Q5_pred_5,5
360694,4,0.05946582555770874,Q4_pred_4,4
192653,4,0.029330432415008545,Q3_pred_3,3
14083,3,0.035589031875133514,Q3_pred_3,3
30834,3,0.002913147211074829,Q1_pred_1,1
104386,3,0.054365456104278564,Q4_pred_4,4
188065,4,0.021041780710220337,Q2_pred_2,2
18449,3,0.06724211573600769,Q4_pred_4,4
45117,3,0.05172732472419739,Q4_pred_4,4
387781,4,0.003386065363883972,Q1_pred_1,1
273309,3,0.15320110321044922,Q5_pred_5,5
146681,4,0.010774821043014526,Q1_pred_1,1
21941,4,0.03650341182947159,Q3_pred_3,3
146619,4,0.003614559769630432,Q1_pred_1,1
59970,3,0.03600342571735382,Q3_pred_3,3
165596,3,0.04892681539058685,Q3_pred_3,3
50252,3,0.009007900953292847,Q1_pred_1,1
185061,2,0.038423895835876465,Q3_pred_3,3
125812,4,0.003048032522201538,Q1_pred_1,1
29407,4,0.038013339042663574,Q3_pred_3,3
376926,4,0.18859124183654785,Q5_pred_5,5
93656,4,0.04993211477994919,Q3_pred_3,3
6070,2,0.004130717366933823,Q1_pred_1,1
248614,4,0.01591077446937561,Q2_pred_2,2
43890,3,0.03510746359825134,Q3_pred_3,3
172451,4,0.008517831563949585,Q1_pred_1,1
18755,4,0.042738914489746094,Q3_pred_3,3
25042,4,0.020220264792442322,Q2_pred_2,2
336401,3,0.01726996898651123,Q2_pred_2,2
51475,4,0.14350640773773193,Q5_pred_5,5
165611,4,0.21270962059497833,Q5_pred_5,5
375552,4,0.011364251375198364,Q1_pred_1,1
332047,4,0.0024715662002563477,Q1_pred_1,1
186335,4,0.005708090960979462,Q1_pred_1,1
373984,4,0.05726814270019531,Q4_pred_4,4
459778,4,0.06564688682556152,Q4_pred_4,4
390250,2,0.1075868308544159,Q5_pred_5,5
156789,3,0.040479667484760284,Q3_pred_3,3
357215,3,0.13445919752120972,Q5_pred_5,5
386750,4,0.016033858060836792,Q2_pred_2,2
24589,3,0.00833788514137268,Q1_pred_1,1
416306,3,0.017125166952610016,Q2_pred_2,2
368265,3,0.021111007779836655,Q2_pred_2,2
121049,4,0.012736424803733826,Q2_pred_2,2
34056,3,0.0017731785774230957,Q1_pred_1,1
98879,3,0.05190640687942505,Q4_pred_4,4
399506,4,0.1362183392047882,Q5_pred_5,5
423344,4,0.005414046347141266,Q1_pred_1,1
387760,4,0.006066560745239258,Q1_pred_1,1
143588,3,0.05163629353046417,Q4_pred_4,4
29221,4,0.04836779832839966,Q3_pred_3,3
60589,3,0.011563345789909363,Q1_pred_1,1
42,4,0.00639285147190094,Q1_pred_1,1
91403,4,0.03465670347213745,Q3_pred_3,3
208919,4,0.027395829558372498,Q3_pred_3,3
107731,3,0.049378901720047,Q3_pred_3,3
111091,3,0.04525899887084961,Q3_pred_3,3
137905,4,0.13106627762317657,Q5_pred_5,5
73419,3,0.035613447427749634,Q3_pred_3,3
114152,3,0.007950123399496078,Q1_pred_1,1
373672,4,0.0062600672245025635,Q1_pred_1,1
33983,4,0.005842961370944977,Q1_pred_1,1
214723,3,0.0068075992166996,Q1_pred_1,1
93899,4,0.007348217070102692,Q1_pred_1,1
167455,4,0.08216235786676407,Q4_pred_4,4
16098,3,0.014299094676971436,Q2_pred_2,2
356444,4,0.14093443751335144,Q5_pred_5,5
62257,4,0.0070171058177948,Q1_pred_1,1
172622,4,0.0610693097114563,Q4_pred_4,4
35442,3,0.009164392948150635,Q1_pred_1,1
418366,4,0.08178160339593887,Q4_pred_4,4
28385,3,0.016538113355636597,Q2_pred_2,2
203164,3,0.16644760966300964,Q5_pred_5,5
1405,3,0.12009090185165405,Q5_pred_5,5
151089,3,0.026271045207977295,Q2_pred_2,2
355249,4,0.06372204422950745,Q4_pred_4,4
29278,4,0.05652809143066406,Q4_pred_4,4
124687,3,0.09020248055458069,Q5_pred_5,5
41328,4,0.17102551460266113,Q5_pred_5,5
101459,3,0.004418909549713135,Q1_pred_1,1
373356,4,0.004638940095901489,Q1_pred_1,1
366173,3,0.06112609803676605,Q4_pred_4,4
77014,2,0.020867235958576202,Q2_pred_2,2
153713,3,0.031004667282104492,Q3_pred_3,3
45917,4,0.12262392044067383,Q5_pred_5,5
147816,4,0.010643132030963898,Q1_pred_1,1
26928,4,0.0695093497633934,Q4_pred_4,4
42351,4,0.1494952291250229,Q5_pred_5,5
73723,4,0.046056002378463745,Q3_pred_3,3
349157,4,0.05488041788339615,Q4_pred_4,4
67739,4,0.05419576168060303,Q4_pred_4,4
26537,4,0.042735129594802856,Q3_pred_3,3
327139,4,0.061386093497276306,Q4_pred_4,4
358167,4,0.2212512195110321,Q5_pred_5,5
10884,3,0.026671528816223145,Q2_pred_2,2
244757,3,0.07146792858839035,Q4_pred_4,4
4431,3,0.039622411131858826,Q3_pred_3,3
150985,4,1.7814338207244873e-05,Q1_pred_1,1
156782,4,0.06027396395802498,Q4_pred_4,4
48313,4,0.018168151378631592,Q2_pred_2,2
141196,2,0.017547570168972015,Q2_pred_2,2
68427,4,0.04658614099025726,Q3_pred_3,3
127634,4,0.05474114418029785,Q4_pred_4,4
132045,4,0.03949399292469025,Q3_pred_3,3
28358,4,0.05961785465478897,Q4_pred_4,4
54113,4,0.0025020837783813477,Q1_pred_1,1
167179,4,0.03248554468154907,Q3_pred_3,3
4231,3,0.01498556137084961,Q2_pred_2,2
127307,4,0.1469687521457672,Q5_pred_5,5
40005,4,0.11712174117565155,Q5_pred_5,5
179239,4,0.02445397526025772,Q2_pred_2,2
13450,4,0.11801594495773315,Q5_pred_5,5
12986,4,0.017252743244171143,Q2_pred_2,2
72879,4,0.026739448308944702,Q2_pred_2,2
11935,4,0.06502929329872131,Q4_pred_4,4
27132,4,0.0495007187128067,Q3_pred_3,3
26213,4,0.04953710734844208,Q3_pred_3,3
12886,4,0.004831522703170776,Q1_pred_1,1
390297,3,0.00712817907333374,Q1_pred_1,1
100029,4,0.04713764786720276,Q3_pred_3,3
19525,3,0.047875046730041504,Q3_pred_3,3
153853,4,0.12718690931797028,Q5_pred_5,5
367095,3,0.011379241943359375,Q1_pred_1,1
17693,3,0.016314685344696045,Q2_pred_2,2
183638,2,0.027176499366760254,Q2_pred_2,2
107710,3,0.027137786149978638,Q2_pred_2,2
51216,3,0.16288776695728302,Q5_pred_5,5
372648,4,0.1290091574192047,Q5_pred_5,5
354435,4,0.022794127464294434,Q2_pred_2,2
61740,4,0.026236586272716522,Q2_pred_2,2
46691,3,0.07480952143669128,Q4_pred_4,4
10784,1,0.06981873512268066,Q4_pred_4,4
250260,3,0.014365524053573608,Q2_pred_2,2
86593,3,0.05510447919368744,Q4_pred_4,4
149216,4,0.0065876394510269165,Q1_pred_1,1
180544,2,0.006909631192684174,Q1_pred_1,1
109625,3,0.04085489362478256,Q3_pred_3,3
338426,3,0.012113034725189209,Q2_pred_2,2
349229,4,0.012576863169670105,Q2_pred_2,2
19069,3,0.044331956654787064,Q3_pred_3,3
374102,4,0.020023927092552185,Q2_pred_2,2
46045,3,0.04085792601108551,Q3_pred_3,3
136605,3,0.03500186651945114,Q3_pred_3,3
214863,2,0.1201217919588089,Q5_pred_5,5
402128,4,0.0013429522514343262,Q1_pred_1,1
78783,3,0.17001070082187653,Q5_pred_5,5
146942,4,0.08369402587413788,Q4_pred_4,4
263153,4,0.021702036261558533,Q2_pred_2,2
420320,4,0.046232402324676514,Q3_pred_3,3
105866,4,0.0836719274520874,Q4_pred_4,4
96071,4,0.01346912793815136,Q2_pred_2,2
9659,4,0.03843012452125549,Q3_pred_3,3
62280,4,0.11428830027580261,Q5_pred_5,5
14326,4,0.06915685534477234,Q4_pred_4,4
1077,2,0.08955668658018112,Q5_pred_5,5
71081,3,0.01664712280035019,Q2_pred_2,2
977,4,0.030854199081659317,Q3_pred_3,3
64387,3,0.061190634965896606,Q4_pred_4,4
20642,4,0.0747641995549202,Q4_pred_4,4
196033,4,0.17103973031044006,Q5_pred_5,5
160519,3,0.009352564811706543,Q1_pred_1,1
102868,3,0.01467057317495346,Q2_pred_2,2
235671,4,0.019904807209968567,Q2_pred_2,2
38186,4,0.043404653668403625,Q3_pred_3,3
434790,3,0.0026593953371047974,Q1_pred_1,1
105468,3,0.0862727016210556,Q4_pred_4,4
351970,3,0.08327442407608032,Q4_pred_4,4
181357,3,0.06169427931308746,Q4_pred_4,4
35624,3,0.042777806520462036,Q3_pred_3,3
127338,4,0.05165769159793854,Q4_pred_4,4
248407,4,0.017225831747055054,Q2_pred_2,2
6546,4,0.012145742774009705,Q2_pred_2,2
59607,3,0.09851649403572083,Q5_pred_5,5
34796,3,0.004414945840835571,Q1_pred_1,1
374538,4,0.03417256474494934,Q3_pred_3,3
89963,4,0.0762389600276947,Q4_pred_4,4
61776,4,0.05093831196427345,Q4_pred_4,4
117228,4,0.029674001038074493,Q3_pred_3,3
142821,4,0.0007222592830657959,Q1_pred_1,1
7985,3,0.004785627126693726,Q1_pred_1,1
198889,3,0.060495525598526,Q4_pred_4,4
160242,4,0.09384602308273315,Q5_pred_5,5
62031,4,0.008181765675544739,Q1_pred_1,1
148611,4,0.06928718090057373,Q4_pred_4,4
40900,4,7.252395153045654e-05,Q1_pred_1,1
81873,3,0.0688180923461914,Q4_pred_4,4
131264,3,0.004141718149185181,Q1_pred_1,1
168747,4,0.015388131141662598,Q2_pred_2,2
395062,4,0.012072820216417313,Q2_pred_2,2
5302,4,0.009045109152793884,Q1_pred_1,1
126528,2,0.0505925789475441,Q4_pred_4,4
51414,3,0.011163085699081421,Q1_pred_1,1
49478,3,0.010747820138931274,Q1_pred_1,1
249490,3,0.0563383586704731,Q4_pred_4,4
145101,4,0.15047137439250946,Q5_pred_5,5
35554,4,0.0011662989854812622,Q1_pred_1,1
343427,3,0.011407382786273956,Q1_pred_1,1
143644,3,0.04993368685245514,Q4_pred_4,4
23751,4,0.053351834416389465,Q4_pred_4,4
74912,2,0.037626802921295166,Q3_pred_3,3
10836,2,0.016586318612098694,Q2_pred_2,2
1986,4,0.045372456312179565,Q3_pred_3,3
53797,3,0.1034749299287796,Q5_pred_5,5
117233,3,0.04784148186445236,Q3_pred_3,3
381457,3,0.1180490255355835,Q5_pred_5,5
13504,3,0.03300216794013977,Q3_pred_3,3
48417,3,0.028573036193847656,Q3_pred_3,3
56970,4,0.032459765672683716,Q3_pred_3,3
38427,3,0.03721439838409424,Q3_pred_3,3
347925,4,0.02266065776348114,Q2_pred_2,2
151210,3,0.03581021726131439,Q3_pred_3,3
67170,3,0.033870309591293335,Q3_pred_3,3
275069,3,0.12363967299461365,Q5_pred_5,5
358468,4,0.11524122953414917,Q5_pred_5,5
362665,4,0.033692121505737305,Q3_pred_3,3
131350,3,0.09852316230535507,Q5_pred_5,5
345955,3,0.005318969488143921,Q1_pred_1,1
54448,3,0.16429200768470764,Q5_pred_5,5
220596,4,0.02110980823636055,Q2_pred_2,2
50174,3,0.01009833812713623,Q1_pred_1,1
36397,4,0.024501226842403412,Q2_pred_2,2
127632,4,0.060056209564208984,Q4_pred_4,4
315856,3,0.012854218482971191,Q2_pred_2,2
104498,4,0.07065676152706146,Q4_pred_4,4
172452,3,0.04540109634399414,Q3_pred_3,3
168081,3,0.01703701913356781,Q2_pred_2,2
47469,4,0.022590577602386475,Q2_pred_2,2
365519,4,0.05392569303512573,Q4_pred_4,4
173909,3,0.10731880366802216,Q5_pred_5,5
13444,3,0.1182863712310791,Q5_pred_5,5
17136,3,0.07039223611354828,Q4_pred_4,4
115558,2,0.042297929525375366,Q3_pred_3,3
3316,3,0.10321557521820068,Q5_pred_5,5
111621,4,0.028476491570472717,Q3_pred_3,3
14005,4,0.044417813420295715,Q3_pred_3,3
196063,4,0.009342223405838013,Q1_pred_1,1
146679,4,0.011569201946258545,Q1_pred_1,1
173538,4,0.0442795529961586,Q3_pred_3,3
422814,3,0.0325712114572525,Q3_pred_3,3
364707,4,0.05307988077402115,Q4_pred_4,4
146853,2,0.02027134597301483,Q2_pred_2,2
78631,3,0.01598590612411499,Q2_pred_2,2
85874,2,0.0034052878618240356,Q1_pred_1,1
64676,3,0.15588253736495972,Q5_pred_5,5
153641,4,0.11102348566055298,Q5_pred_5,5
93710,4,0.12788301706314087,Q5_pred_5,5
78624,3,0.0022089779376983643,Q1_pred_1,1
62478,3,0.2510165870189667,Q5_pred_5,5
25769,3,0.011756986379623413,Q1_pred_1,1
355771,4,0.09853798151016235,Q5_pred_5,5
122823,3,0.02014985680580139,Q2_pred_2,2
24834,3,0.048133790493011475,Q3_pred_3,3
402022,4,0.028857991099357605,Q3_pred_3,3
105495,3,0.0851895809173584,Q4_pred_4,4
168699,3,0.028028622269630432,Q3_pred_3,3
60795,4,0.01638484001159668,Q2_pred_2,2
408562,4,0.06044510751962662,Q4_pred_4,4
476456,3,0.041500478982925415,Q3_pred_3,3
3838,3,0.15912100672721863,Q5_pred_5,5
274891,3,0.02128511667251587,Q2_pred_2,2
416425,4,0.05101516842842102,Q4_pred_4,4
249469,4,0.00788453221321106,Q1_pred_1,1
16597,3,0.01576950028538704,Q2_pred_2,2
247217,3,0.09130406379699707,Q5_pred_5,5
54523,4,0.0781049132347107,Q4_pred_4,4
157311,4,0.013897240161895752,Q2_pred_2,2
20191,4,0.009122684597969055,Q1_pred_1,1
352331,3,0.0035853013396263123,Q1_pred_1,1
62459,4,0.0022116675972938538,Q1_pred_1,1
69,4,0.059544146060943604,Q4_pred_4,4
144076,3,0.05525752156972885,Q4_pred_4,4
359146,4,0.00042957067489624023,Q1_pred_1,1
19760,4,0.0021377503871917725,Q1_pred_1,1
96954,4,0.10260400176048279,Q5_pred_5,5
413209,4,0.05583712458610535,Q4_pred_4,4
145081,3,0.07545509934425354,Q4_pred_4,4
18356,3,0.11033624410629272,Q5_pred_5,5
61526,3,0.0033643245697021484,Q1_pred_1,1
382632,4,0.005301607772707939,Q1_pred_1,1
153906,4,0.11832807958126068,Q5_pred_5,5
93396,4,0.0070815980434417725,Q1_pred_1,1
349289,3,0.044154226779937744,Q3_pred_3,3
40884,4,0.0025439485907554626,Q1_pred_1,1
111778,3,0.01779010146856308,Q2_pred_2,2
213032,4,0.1989060789346695,Q5_pred_5,5
101840,3,0.008272022008895874,Q1_pred_1,1
56028,4,0.17139902710914612,Q5_pred_5,5
33629,4,0.0031025856733322144,Q1_pred_1,1
124181,3,0.044596731662750244,Q3_pred_3,3
90288,3,0.09255290776491165,Q5_pred_5,5
45920,3,0.1805340051651001,Q5_pred_5,5
32395,3,0.01056787371635437,Q1_pred_1,1
337762,4,0.16935887932777405,Q5_pred_5,5
73265,3,0.033324047923088074,Q3_pred_3,3
236558,4,0.21618850529193878,Q5_pred_5,5
358296,4,0.14592653512954712,Q5_pred_5,5
156797,3,0.05402832850813866,Q4_pred_4,4
196076,4,0.006131820380687714,Q1_pred_1,1
152240,4,0.0021728426218032837,Q1_pred_1,1
28867,4,0.09004955738782883,Q5_pred_5,5
11831,3,0.1437358260154724,Q5_pred_5,5
105633,3,0.07689349353313446,Q4_pred_4,4
69503,4,0.02747960388660431,Q3_pred_3,3
386120,3,0.049115508794784546,Q3_pred_3,3
28251,3,0.015311628580093384,Q2_pred_2,2
239746,3,0.06526768207550049,Q4_pred_4,4
17691,3,0.01578277349472046,Q2_pred_2,2
8863,4,0.016355663537979126,Q2_pred_2,2
26825,3,0.05954726040363312,Q4_pred_4,4
458041,4,0.09313991665840149,Q5_pred_5,5
73710,3,0.050698429346084595,Q4_pred_4,4
118331,2,0.008178949356079102,Q1_pred_1,1
233826,3,0.0017460696399211884,Q1_pred_1,1
42347,3,0.09981174767017365,Q5_pred_5,5
10881,3,0.04690976440906525,Q3_pred_3,3
242689,3,0.017974570393562317,Q2_pred_2,2
28862,4,0.05164533853530884,Q4_pred_4,4
205887,3,0.10372768342494965,Q5_pred_5,5
200922,4,9.974464774131775e-05,Q1_pred_1,1
26456,2,0.007889702916145325,Q1_pred_1,1
33161,3,0.01928478479385376,Q2_pred_2,2
343887,3,0.008747860789299011,Q1_pred_1,1
169131,4,0.09938919544219971,Q5_pred_5,5
57060,4,0.03242222219705582,Q3_pred_3,3
354376,4,0.010310590267181396,Q1_pred_1,1
144334,3,0.055867791175842285,Q4_pred_4,4
343984,4,0.056145668029785156,Q4_pred_4,4
146982,4,0.008989103138446808,Q1_pred_1,1
85682,3,0.028256982564926147,Q3_pred_3,3
143902,3,0.14281918108463287,Q5_pred_5,5
105434,3,0.08215271681547165,Q4_pred_4,4
200906,3,0.013033648952841759,Q2_pred_2,2
134008,3,0.15679660439491272,Q5_pred_5,5
33903,4,0.15250900387763977,Q5_pred_5,5
153501,3,0.11624208092689514,Q5_pred_5,5
320660,4,0.01574033498764038,Q2_pred_2,2
140648,3,0.00232502818107605,Q1_pred_1,1
213162,4,0.001027323305606842,Q1_pred_1,1
383557,4,0.07084426283836365,Q4_pred_4,4
402937,4,0.03437718749046326,Q3_pred_3,3
29029,4,0.04756516218185425,Q3_pred_3,3
126762,4,0.03229577839374542,Q3_pred_3,3
194364,4,0.1566501259803772,Q5_pred_5,5
110392,4,0.01596568152308464,Q2_pred_2,2
56001,4,0.13922664523124695,Q5_pred_5,5
67426,4,0.0004216879606246948,Q1_pred_1,1
121040,3,0.06610444188117981,Q4_pred_4,4
434446,4,0.017959244549274445,Q2_pred_2,2
100279,3,0.013915419578552246,Q2_pred_2,2
59445,3,0.008556723594665527,Q1_pred_1,1
151284,4,0.002235904335975647,Q1_pred_1,1
371302,4,0.0032364018261432648,Q1_pred_1,1
373364,4,0.07714743912220001,Q4_pred_4,4
188903,4,0.022249765694141388,Q2_pred_2,2
434108,4,0.0008645430207252502,Q1_pred_1,1
140398,4,0.018191397190093994,Q2_pred_2,2
198362,3,0.0009569525718688965,Q1_pred_1,1
38297,4,0.03469471633434296,Q3_pred_3,3
319148,2,0.052980028092861176,Q4_pred_4,4
186518,3,0.05786968767642975,Q4_pred_4,4
87689,2,0.0444294810295105,Q3_pred_3,3
55439,3,0.031432121992111206,Q3_pred_3,3
236553,4,0.22165444493293762,Q5_pred_5,5
33651,3,0.11076793074607849,Q5_pred_5,5
64181,3,0.09531345963478088,Q5_pred_5,5
104484,4,0.016614124178886414,Q2_pred_2,2
123990,4,0.05488163232803345,Q4_pred_4,4
79031,4,0.012228593230247498,Q2_pred_2,2
250705,4,0.05073899030685425,Q4_pred_4,4
157611,3,0.05944296717643738,Q4_pred_4,4
9823,4,0.03771921992301941,Q3_pred_3,3
156741,2,0.045726023614406586,Q3_pred_3,3
166177,4,0.018629787489771843,Q2_pred_2,2
151093,4,0.12443084269762039,Q5_pred_5,5
239791,4,0.05715528130531311,Q4_pred_4,4
167434,3,0.054426468908786774,Q4_pred_4,4
135185,4,0.0020376741886138916,Q1_pred_1,1
213911,3,0.05667063593864441,Q4_pred_4,4
114055,3,0.09285780787467957,Q5_pred_5,5
135859,4,0.00018486380577087402,Q1_pred_1,1
52863,4,0.10409560799598694,Q5_pred_5,5
29021,4,0.0662582591176033,Q4_pred_4,4
192153,3,0.04391030594706535,Q3_pred_3,3
356867,4,0.10645328462123871,Q5_pred_5,5
58323,4,0.13731373846530914,Q5_pred_5,5
357979,4,0.16529840230941772,Q5_pred_5,5
40901,4,0.00014690309762954712,Q1_pred_1,1
61997,3,0.0133141428232193,Q2_pred_2,2
356442,4,0.10816165804862976,Q5_pred_5,5
142697,4,0.008838951587677002,Q1_pred_1,1
103029,4,0.03655165433883667,Q3_pred_3,3
73581,3,0.11492112278938293,Q5_pred_5,5
146274,3,0.11062479019165039,Q5_pred_5,5
16601,3,0.052002184092998505,Q4_pred_4,4
36875,4,0.06818240880966187,Q4_pred_4,4
92345,4,0.0168769508600235,Q2_pred_2,2
78846,3,0.13916288316249847,Q5_pred_5,5
258017,3,0.00485021248459816,Q1_pred_1,1
2750,3,0.017457161098718643,Q2_pred_2,2
19946,3,0.006342649459838867,Q1_pred_1,1
239877,3,0.06398075819015503,Q4_pred_4,4
146584,5,0.025640368461608887,Q2_pred_2,2
348889,4,0.05056631565093994,Q4_pred_4,4
423986,4,0.0500703901052475,Q4_pred_4,4
108149,3,0.004544246010482311,Q1_pred_1,1
210674,4,0.02122923731803894,Q2_pred_2,2
363055,2,0.003168731927871704,Q1_pred_1,1
146212,4,0.030274488031864166,Q3_pred_3,3
236606,3,0.25987470149993896,Q5_pred_5,5
476986,4,0.012819796800613403,Q2_pred_2,2
86678,4,0.034711286425590515,Q3_pred_3,3
79388,4,0.025625839829444885,Q2_pred_2,2
213898,4,0.017055556178092957,Q2_pred_2,2
154028,4,0.14950710535049438,Q5_pred_5,5
13846,4,0.04590216279029846,Q3_pred_3,3
126186,3,0.011404663324356079,Q1_pred_1,1
86941,3,0.06890414655208588,Q4_pred_4,4
236324,3,0.05244080722332001,Q4_pred_4,4
61746,4,0.044322624802589417,Q3_pred_3,3
153136,4,0.01694362610578537,Q2_pred_2,2
62748,3,0.014928340911865234,Q2_pred_2,2
354036,3,0.06881141662597656,Q4_pred_4,4
3853,2,0.12789639830589294,Q5_pred_5,5
388288,4,0.03810399770736694,Q3_pred_3,3
382525,5,0.012679070234298706,Q2_pred_2,2
366171,3,0.050446897745132446,Q4_pred_4,4
116266,3,0.015484213829040527,Q2_pred_2,2
233582,4,0.09776949882507324,Q5_pred_5,5
165384,3,0.01582545042037964,Q2_pred_2,2
96998,4,0.1075478196144104,Q5_pred_5,5
18467,4,0.1226542592048645,Q5_pred_5,5
148606,5,0.058330655097961426,Q4_pred_4,4
73480,3,0.04587489366531372,Q3_pred_3,3
354541,4,0.05519890785217285,Q4_pred_4,4
319766,2,0.02970702201128006,Q3_pred_3,3
246693,4,0.004413992166519165,Q1_pred_1,1
22710,4,0.01756042242050171,Q2_pred_2,2
69160,3,0.027650460600852966,Q3_pred_3,3
146624,5,0.00868941843509674,Q1_pred_1,1
14081,4,0.04620300233364105,Q3_pred_3,3
58673,4,0.0050705671310424805,Q1_pred_1,1
190468,4,0.10795924067497253,Q5_pred_5,5
62628,3,0.04895547032356262,Q3_pred_3,3
79400,4,0.010535862296819687,Q1_pred_1,1
354204,4,0.20854857563972473,Q5_pred_5,5
109229,4,0.016870051622390747,Q2_pred_2,2
246924,4,0.2013629674911499,Q5_pred_5,5
192172,4,0.0049062371253967285,Q1_pred_1,1
85814,3,0.05506323277950287,Q4_pred_4,4
54194,4,0.2054619938135147,Q5_pred_5,5
56878,2,0.07183421403169632,Q4_pred_4,4
333751,3,0.04495936632156372,Q3_pred_3,3
33362,3,0.014642447233200073,Q2_pred_2,2
106862,3,0.02233031392097473,Q2_pred_2,2
243350,4,0.041672416031360626,Q3_pred_3,3
156501,4,0.10445359349250793,Q5_pred_5,5
203201,4,0.039106085896492004,Q3_pred_3,3
141167,4,0.02603093534708023,Q2_pred_2,2
50190,3,0.010210976004600525,Q1_pred_1,1
273593,3,0.03918188810348511,Q3_pred_3,3
26270,3,0.06392687559127808,Q4_pred_4,4
25636,3,0.018055405467748642,Q2_pred_2,2
373868,4,0.0918286144733429,Q5_pred_5,5
39520,4,0.03593719005584717,Q3_pred_3,3
12911,4,0.020989906042814255,Q2_pred_2,2
236555,4,0.20278555154800415,Q5_pred_5,5
144084,3,0.04636101424694061,Q3_pred_3,3
73387,4,0.06831944733858109,Q4_pred_4,4
157291,3,0.007331341505050659,Q1_pred_1,1
154410,4,0.09519410133361816,Q5_pred_5,5
85809,3,0.049033328890800476,Q3_pred_3,3
242558,4,0.006508946418762207,Q1_pred_1,1
29330,4,0.05807983875274658,Q4_pred_4,4
29471,4,0.04487396776676178,Q3_pred_3,3
275571,3,0.12426421046257019,Q5_pred_5,5
4409,3,0.03718142211437225,Q3_pred_3,3
67998,3,0.2621708810329437,Q5_pred_5,5
202019,4,0.01705262064933777,Q2_pred_2,2
52307,4,0.00047357380390167236,Q1_pred_1,1
113266,2,0.028562210500240326,Q3_pred_3,3
374010,4,0.03713424503803253,Q3_pred_3,3
402143,3,0.07417143881320953,Q4_pred_4,4
235614,4,0.05084457993507385,Q4_pred_4,4
349489,4,0.13072988390922546,Q5_pred_5,5
119437,4,0.01830732822418213,Q2_pred_2,2
60905,4,0.17316436767578125,Q5_pred_5,5
187294,4,0.03932121396064758,Q3_pred_3,3
262398,3,0.05730786174535751,Q4_pred_4,4
81381,4,0.0006957352161407471,Q1_pred_1,1
42841,3,0.09098097681999207,Q5_pred_5,5
40004,3,0.11671686172485352,Q5_pred_5,5
13002,3,0.04384271800518036,Q3_pred_3,3
126042,4,0.007724970579147339,Q1_pred_1,1
47667,3,0.006421297788619995,Q1_pred_1,1
154299,4,0.22442775964736938,Q5_pred_5,5
187938,3,0.030583322048187256,Q3_pred_3,3
153667,4,0.10813412070274353,Q5_pred_5,5
320688,3,0.03381149098277092,Q3_pred_3,3
256423,4,0.008607596158981323,Q1_pred_1,1
86683,4,0.011449500918388367,Q1_pred_1,1
675,3,0.14099453389644623,Q5_pred_5,5
44569,3,0.09060187637805939,Q5_pred_5,5
112463,3,0.014093279838562012,Q2_pred_2,2
171004,4,0.03909292817115784,Q3_pred_3,3
237202,4,0.041778549551963806,Q3_pred_3,3
128940,3,0.006867498159408569,Q1_pred_1,1
30550,3,0.012726068496704102,Q2_pred_2,2
200210,4,0.04027661681175232,Q3_pred_3,3
156722,2,0.05950842425227165,Q4_pred_4,4
247128,4,0.09208682179450989,Q5_pred_5,5
166073,3,0.03614872694015503,Q3_pred_3,3
117217,3,0.007442846894264221,Q1_pred_1,1
61395,3,0.13049668073654175,Q5_pred_5,5
256884,4,0.11225167661905289,Q5_pred_5,5
87655,2,0.053641557693481445,Q4_pred_4,4
28904,4,0.034175291657447815,Q3_pred_3,3
55927,4,0.01923432946205139,Q2_pred_2,2
155981,3,0.029338747262954712,Q3_pred_3,3
41053,4,0.14788472652435303,Q5_pred_5,5
29288,4,0.02582728862762451,Q2_pred_2,2
460197,3,0.0669688880443573,Q4_pred_4,4
150465,3,0.06400445103645325,Q4_pred_4,4
154057,4,0.13810181617736816,Q5_pred_5,5
268727,4,0.05713742971420288,Q4_pred_4,4
111646,4,0.009823635220527649,Q1_pred_1,1
92387,4,0.0028207823634147644,Q1_pred_1,1
166812,4,0.07189701497554779,Q4_pred_4,4
41742,3,0.0012339800596237183,Q1_pred_1,1
21874,4,0.031789734959602356,Q3_pred_3,3
253534,3,0.05268225073814392,Q4_pred_4,4
156752,2,0.06253296881914139,Q4_pred_4,4
133670,4,0.14920251071453094,Q5_pred_5,5
374200,4,0.07461008429527283,Q4_pred_4,4
167578,3,0.05684073269367218,Q4_pred_4,4
246703,4,0.008747875690460205,Q1_pred_1,1
36743,3,0.06667837500572205,Q4_pred_4,4
33640,3,0.0328531414270401,Q3_pred_3,3
29074,4,0.07501323521137238,Q4_pred_4,4
60284,3,0.03416680917143822,Q3_pred_3,3
322603,4,0.005898341536521912,Q1_pred_1,1
200974,3,0.01905611902475357,Q2_pred_2,2
122770,3,0.14506468176841736,Q5_pred_5,5
188973,4,0.003172561526298523,Q1_pred_1,1
369238,4,0.019194047898054123,Q2_pred_2,2
107130,4,0.0008512437343597412,Q1_pred_1,1
168904,3,0.23969416320323944,Q5_pred_5,5
408742,3,0.08333241194486618,Q4_pred_4,4
147150,3,0.003102734684944153,Q1_pred_1,1
17692,3,0.01611948013305664,Q2_pred_2,2
323709,3,0.12105224281549454,Q5_pred_5,5
414616,4,0.0008201748132705688,Q1_pred_1,1
120903,4,0.04420994967222214,Q3_pred_3,3
89561,4,0.02428445965051651,Q2_pred_2,2
359328,4,0.15162986516952515,Q5_pred_5,5
123889,4,0.03576800227165222,Q3_pred_3,3
26688,3,0.01064842939376831,Q1_pred_1,1
153095,3,0.10531538724899292,Q5_pred_5,5
78396,3,0.14185728132724762,Q5_pred_5,5
151997,3,0.027471713721752167,Q3_pred_3,3
45453,4,0.06521019339561462,Q4_pred_4,4
105361,3,0.013560354709625244,Q2_pred_2,2
254328,3,0.02910037152469158,Q3_pred_3,3
116876,3,0.09298528730869293,Q5_pred_5,5
236400,4,0.20824944972991943,Q5_pred_5,5
131918,4,0.010390006005764008,Q1_pred_1,1
130015,4,0.051971375942230225,Q4_pred_4,4
68330,4,0.03302070498466492,Q3_pred_3,3
5180,4,0.01229073852300644,Q2_pred_2,2
139096,3,0.03245595097541809,Q3_pred_3,3
64821,3,0.13358405232429504,Q5_pred_5,5
92951,3,0.0035806596279144287,Q1_pred_1,1
39986,4,0.0956621766090393,Q5_pred_5,5
350360,4,0.009601227939128876,Q1_pred_1,1
82004,4,0.15766394138336182,Q5_pred_5,5
1242,3,0.17058846354484558,Q5_pred_5,5
157919,3,0.0034507811069488525,Q1_pred_1,1
27860,3,0.10193303227424622,Q5_pred_5,5
173637,4,0.012284068390727043,Q2_pred_2,2
157284,3,0.04125499725341797,Q3_pred_3,3
30152,4,0.026104629039764404,Q2_pred_2,2
155217,3,0.0883992612361908,Q5_pred_5,5
324381,3,0.02007453143596649,Q2_pred_2,2
55239,4,0.1753675639629364,Q5_pred_5,5
246318,3,0.059301331639289856,Q4_pred_4,4
51227,4,0.12785737216472626,Q5_pred_5,5
142479,4,0.030335158109664917,Q3_pred_3,3
14056,4,0.0010341480374336243,Q1_pred_1,1
337097,3,0.06592271476984024,Q4_pred_4,4
137232,3,0.10335008054971695,Q5_pred_5,5
257349,4,0.02400532364845276,Q2_pred_2,2
163432,3,0.046929046511650085,Q3_pred_3,3
99586,4,0.004761327989399433,Q1_pred_1,1
27587,3,0.005631446838378906,Q1_pred_1,1
152919,3,0.005718499422073364,Q1_pred_1,1
39066,3,0.20539502799510956,Q5_pred_5,5
246839,4,0.18768233060836792,Q5_pred_5,5
111669,3,0.06533107161521912,Q4_pred_4,4
349306,3,0.03977260738611221,Q3_pred_3,3
105561,3,0.07107681035995483,Q4_pred_4,4
144232,3,0.035660505294799805,Q3_pred_3,3
256392,3,0.030619755387306213,Q3_pred_3,3
45904,4,0.06879691779613495,Q4_pred_4,4
354503,4,0.032472461462020874,Q3_pred_3,3
106393,3,0.07133904099464417,Q4_pred_4,4
128702,4,0.00013776123523712158,Q1_pred_1,1
58069,4,0.010315477848052979,Q1_pred_1,1
140525,4,0.024158820509910583,Q2_pred_2,2
39081,4,0.025494366884231567,Q2_pred_2,2
200935,3,0.015475677326321602,Q2_pred_2,2
183665,3,0.0011371076107025146,Q1_pred_1,1
20760,2,0.0022468864917755127,Q1_pred_1,1
105386,4,0.01880982518196106,Q2_pred_2,2
372585,4,0.00935344398021698,Q1_pred_1,1
336564,4,0.018117420375347137,Q2_pred_2,2
134854,4,0.01626664400100708,Q2_pred_2,2
160004,3,0.00945185124874115,Q1_pred_1,1
354192,4,0.1958872526884079,Q5_pred_5,5
10896,3,0.015340209007263184,Q2_pred_2,2
404854,4,0.0012768134474754333,Q1_pred_1,1
143963,2,0.013266250491142273,Q2_pred_2,2
368174,3,0.028513967990875244,Q3_pred_3,3
337723,4,0.0019302144646644592,Q1_pred_1,1
28495,2,0.04576036334037781,Q3_pred_3,3
189697,3,0.01857849955558777,Q2_pred_2,2
354452,4,0.022794127464294434,Q2_pred_2,2
248828,4,0.018669188022613525,Q2_pred_2,2
90441,4,0.03148368000984192,Q3_pred_3,3
24769,3,0.022936299443244934,Q2_pred_2,2
383576,4,0.0914413332939148,Q5_pred_5,5
69355,4,0.019935309886932373,Q2_pred_2,2
386541,3,0.012500941753387451,Q2_pred_2,2
124534,4,0.0043999552726745605,Q1_pred_1,1
383699,4,0.07090219855308533,Q4_pred_4,4
328813,4,0.01669144630432129,Q2_pred_2,2
420305,4,0.02939644455909729,Q3_pred_3,3
12765,3,0.09871806204319,Q5_pred_5,5
2982,3,0.05891183018684387,Q4_pred_4,4
142782,4,0.014075979590415955,Q2_pred_2,2
273222,4,0.019574463367462158,Q2_pred_2,2
41091,3,0.10379396378993988,Q5_pred_5,5
72255,4,0.03662675619125366,Q3_pred_3,3
73101,3,0.012988537549972534,Q2_pred_2,2
274892,3,0.034695178270339966,Q3_pred_3,3
164181,3,0.020854637026786804,Q2_pred_2,2
350448,3,0.023508667945861816,Q2_pred_2,2
29018,3,0.07720263302326202,Q4_pred_4,4
36504,3,0.09101540595293045,Q5_pred_5,5
47287,3,0.14373263716697693,Q5_pred_5,5
265180,4,0.121043860912323,Q5_pred_5,5
17092,3,0.04661521315574646,Q3_pred_3,3
377112,3,0.00964362919330597,Q1_pred_1,1
10990,2,0.05508154630661011,Q4_pred_4,4
386279,4,0.08138425648212433,Q4_pred_4,4
188058,3,0.007609516382217407,Q1_pred_1,1
114367,4,0.02653968706727028,Q2_pred_2,2
28261,2,0.009536191821098328,Q1_pred_1,1
212143,4,0.03436921536922455,Q3_pred_3,3
348390,3,0.01348404586315155,Q2_pred_2,2
104804,3,0.1180262565612793,Q5_pred_5,5
315934,3,0.03537885099649429,Q3_pred_3,3
415466,3,0.017990052700042725,Q2_pred_2,2
337450,3,0.007722184062004089,Q1_pred_1,1
153626,3,0.03443726897239685,Q3_pred_3,3
2601,3,0.027511805295944214,Q3_pred_3,3
102553,3,0.030621949583292007,Q3_pred_3,3
150113,4,0.00718475878238678,Q1_pred_1,1
55969,4,0.1681460738182068,Q5_pred_5,5
147134,4,0.014151275157928467,Q2_pred_2,2
182977,4,0.028835922479629517,Q3_pred_3,3
389238,3,0.0038787759840488434,Q1_pred_1,1
134780,3,0.15052731335163116,Q5_pred_5,5
16834,4,0.035552822053432465,Q3_pred_3,3
302524,4,0.0659881979227066,Q4_pred_4,4
30838,4,0.030111297965049744,Q3_pred_3,3
242433,3,0.04335281252861023,Q3_pred_3,3
10477,3,0.09626233577728271,Q5_pred_5,5
140212,4,0.054635778069496155,Q4_pred_4,4
36229,3,0.0029320865869522095,Q1_pred_1,1
31496,3,0.06156803295016289,Q4_pred_4,4
415446,3,0.005825430154800415,Q1_pred_1,1
173080,4,0.011307701468467712,Q1_pred_1,1
32406,3,0.14584562182426453,Q5_pred_5,5
270726,4,0.017955660820007324,Q2_pred_2,2
399089,3,0.09585550427436829,Q5_pred_5,5
60900,4,0.010391771793365479,Q1_pred_1,1
137442,4,0.02603442221879959,Q2_pred_2,2
12993,3,0.04861164093017578,Q3_pred_3,3
114151,4,0.0020668338984251022,Q1_pred_1,1
6183,3,0.022804856300354004,Q2_pred_2,2
48544,4,0.03141416609287262,Q3_pred_3,3
249750,3,0.018852971494197845,Q2_pred_2,2
146450,4,0.01321384310722351,Q2_pred_2,2
23059,4,0.10537190735340118,Q5_pred_5,5
146616,4,0.0003796219825744629,Q1_pred_1,1
35010,4,0.03710785508155823,Q3_pred_3,3
18645,3,0.032319311052560806,Q3_pred_3,3
39012,4,0.0017640143632888794,Q1_pred_1,1
159008,3,0.028400763869285583,Q3_pred_3,3
31528,4,0.01417820155620575,Q2_pred_2,2
37611,3,0.09096097946166992,Q5_pred_5,5
31909,4,0.0003691837191581726,Q1_pred_1,1
189973,3,0.02311517298221588,Q2_pred_2,2
14526,3,0.0168655663728714,Q2_pred_2,2
211604,3,0.056020259857177734,Q4_pred_4,4
10519,3,0.1556887924671173,Q5_pred_5,5
269003,4,0.008088678121566772,Q1_pred_1,1
78705,3,0.0008707493543624878,Q1_pred_1,1
119304,3,0.20727238059043884,Q5_pred_5,5
26949,4,0.024757981300354004,Q2_pred_2,2
358228,4,0.1795153021812439,Q5_pred_5,5
423148,4,0.03234778344631195,Q3_pred_3,3
155047,3,0.05248178541660309,Q4_pred_4,4
247553,4,0.1052025854587555,Q5_pred_5,5
52159,4,0.008949965238571167,Q1_pred_1,1
350979,3,0.01858510822057724,Q2_pred_2,2
58664,3,0.025078050792217255,Q2_pred_2,2
374895,4,0.10019782185554504,Q5_pred_5,5
96832,3,0.013885661959648132,Q2_pred_2,2
156510,3,0.05252726376056671,Q4_pred_4,4
90672,4,0.05912189185619354,Q4_pred_4,4
61720,4,0.02140941470861435,Q2_pred_2,2
383551,4,0.081703782081604,Q4_pred_4,4
97022,4,0.09940782189369202,Q5_pred_5,5
113176,3,0.038689300417900085,Q3_pred_3,3
167269,4,0.01889454759657383,Q2_pred_2,2
120458,3,0.12377084791660309,Q5_pred_5,5
199227,3,0.09970848262310028,Q5_pred_5,5
387406,4,0.07521700859069824,Q4_pred_4,4
234987,2,0.020281627774238586,Q2_pred_2,2
125429,2,0.0033346861600875854,Q1_pred_1,1
119197,4,0.1999593824148178,Q5_pred_5,5
365193,3,0.0757085531949997,Q4_pred_4,4
163591,3,0.07472799718379974,Q4_pred_4,4
328288,3,0.034402862191200256,Q3_pred_3,3
234118,3,0.030548829585313797,Q3_pred_3,3
74946,3,0.02720768004655838,Q2_pred_2,2
98208,3,0.05378110706806183,Q4_pred_4,4
248707,4,0.024872198700904846,Q2_pred_2,2
80621,4,0.049457624554634094,Q3_pred_3,3
417843,3,0.007848206907510757,Q1_pred_1,1
83464,3,0.00646016001701355,Q1_pred_1,1
256488,4,0.03950683772563934,Q3_pred_3,3
16663,3,0.00011821091175079346,Q1_pred_1,1
148488,4,0.12921744585037231,Q5_pred_5,5
148551,4,0.08087354898452759,Q4_pred_4,4
201914,4,0.014349058270454407,Q2_pred_2,2
6230,1,0.06530416011810303,Q4_pred_4,4
83058,4,0.024347960948944092,Q2_pred_2,2
138799,3,0.07034540176391602,Q4_pred_4,4
61736,3,0.030999761074781418,Q3_pred_3,3
214194,4,0.01242716796696186,Q2_pred_2,2
34942,4,0.001803673803806305,Q1_pred_1,1
50677,4,0.027663052082061768,Q3_pred_3,3
116388,4,0.09571465849876404,Q5_pred_5,5
179506,3,0.0037432238459587097,Q1_pred_1,1
334043,3,0.05396212637424469,Q4_pred_4,4
357446,4,0.02555862069129944,Q2_pred_2,2
222393,3,0.04389914125204086,Q3_pred_3,3
54121,4,0.01716207154095173,Q2_pred_2,2
168811,3,0.18523535132408142,Q5_pred_5,5
371570,4,0.05899209529161453,Q4_pred_4,4
356651,4,0.03898675739765167,Q3_pred_3,3
374548,4,0.034456342458724976,Q3_pred_3,3
58503,4,0.03934824466705322,Q3_pred_3,3
45138,3,0.003738000988960266,Q1_pred_1,1
69702,2,0.11511480808258057,Q5_pred_5,5
3859,2,0.16365306079387665,Q5_pred_5,5
19045,3,0.07333298772573471,Q4_pred_4,4
86459,4,0.013040661811828613,Q2_pred_2,2
113344,3,0.09761849045753479,Q5_pred_5,5
164182,3,0.019613370299339294,Q2_pred_2,2
15,4,0.012338995933532715,Q2_pred_2,2
105452,3,0.0795658677816391,Q4_pred_4,4
165785,3,0.06483171135187149,Q4_pred_4,4
31454,3,0.02845364809036255,Q3_pred_3,3
372686,4,0.03258168697357178,Q3_pred_3,3
389447,3,0.014348417520523071,Q2_pred_2,2
87526,3,0.1161552220582962,Q5_pred_5,5
44530,4,0.04919064790010452,Q3_pred_3,3
38195,3,0.13548363745212555,Q5_pred_5,5
354942,3,0.056103140115737915,Q4_pred_4,4
146851,3,0.023450449109077454,Q2_pred_2,2
124693,4,0.021336838603019714,Q2_pred_2,2
148944,3,0.010467015206813812,Q1_pred_1,1
146676,4,0.01530468463897705,Q2_pred_2,2
264103,3,0.049386970698833466,Q3_pred_3,3
163272,4,0.0656263530254364,Q4_pred_4,4
110694,3,0.020547792315483093,Q2_pred_2,2
401560,3,0.22425305843353271,Q5_pred_5,5
153884,3,0.16058093309402466,Q5_pred_5,5
241481,4,0.043296560645103455,Q3_pred_3,3
268847,3,0.0063646286725997925,Q1_pred_1,1
420315,4,0.040029510855674744,Q3_pred_3,3
107726,4,0.08166125416755676,Q4_pred_4,4
183040,4,0.02782994508743286,Q3_pred_3,3
114357,3,0.011678874492645264,Q1_pred_1,1
214714,3,0.004369691014289856,Q1_pred_1,1
45604,3,0.044134169816970825,Q3_pred_3,3
214689,4,0.039452001452445984,Q3_pred_3,3
167384,4,0.0613095760345459,Q4_pred_4,4
379144,4,0.007110752165317535,Q1_pred_1,1
132952,4,0.006206713616847992,Q1_pred_1,1
54094,4,0.03703306242823601,Q3_pred_3,3
214576,2,0.0166836678981781,Q2_pred_2,2
25333,4,0.034472934901714325,Q3_pred_3,3
34594,4,0.10944667458534241,Q5_pred_5,5
415164,3,0.1019589751958847,Q5_pred_5,5
394327,4,0.0157223641872406,Q2_pred_2,2
32836,4,0.052409231662750244,Q4_pred_4,4
200634,4,0.01812855899333954,Q2_pred_2,2
368450,3,0.048915863037109375,Q3_pred_3,3
44357,4,0.055845677852630615,Q4_pred_4,4
171119,4,0.05741199851036072,Q4_pred_4,4
30044,3,0.07306581735610962,Q4_pred_4,4
466684,3,0.0829172432422638,Q4_pred_4,4
107732,4,0.012779653072357178,Q2_pred_2,2
86436,4,0.00203704833984375,Q1_pred_1,1
39424,3,0.04485056549310684,Q3_pred_3,3
17093,3,0.030132025480270386,Q3_pred_3,3
21688,3,0.09276324510574341,Q5_pred_5,5
10126,1,0.06395073235034943,Q4_pred_4,4
10576,3,0.10264280438423157,Q5_pred_5,5
50709,4,0.03443819284439087,Q3_pred_3,3
360256,4,0.03387446701526642,Q3_pred_3,3
214500,3,0.02705495059490204,Q2_pred_2,2
250997,2,0.09295852482318878,Q5_pred_5,5
54979,4,0.14657151699066162,Q5_pred_5,5
63904,4,0.14893096685409546,Q5_pred_5,5
91086,4,0.010451987385749817,Q1_pred_1,1
328039,3,0.07394352555274963,Q4_pred_4,4
86354,3,0.09424833953380585,Q5_pred_5,5
40430,4,0.04990062117576599,Q3_pred_3,3
185150,4,0.07332128286361694,Q4_pred_4,4
341184,3,0.08937057852745056,Q5_pred_5,5
29530,4,0.06192392110824585,Q4_pred_4,4
146707,4,0.02142210304737091,Q2_pred_2,2
7059,3,0.008572757244110107,Q1_pred_1,1
60687,3,0.06500193476676941,Q4_pred_4,4
351598,3,0.030136004090309143,Q3_pred_3,3
373719,2,0.1085653305053711,Q5_pred_5,5
477017,4,0.017316311597824097,Q2_pred_2,2
104772,3,0.06118527054786682,Q4_pred_4,4
41708,3,0.07643881440162659,Q4_pred_4,4
173875,3,0.009576976299285889,Q1_pred_1,1
315933,2,0.025655921548604965,Q2_pred_2,2
43998,4,0.03255779668688774,Q3_pred_3,3
168769,4,0.026638813316822052,Q2_pred_2,2
326102,3,0.05000656098127365,Q4_pred_4,4
339651,4,0.0006595700979232788,Q1_pred_1,1
357300,3,0.13175612688064575,Q5_pred_5,5
238299,4,0.01564103364944458,Q2_pred_2,2
380391,4,0.29482555389404297,Q5_pred_5,5
68416,4,0.051207780838012695,Q4_pred_4,4
23558,4,0.10003192722797394,Q5_pred_5,5
9752,4,0.126499742269516,Q5_pred_5,5
5997,4,0.04625581204891205,Q3_pred_3,3
166108,2,0.0062021613121032715,Q1_pred_1,1
357746,3,0.0013850778341293335,Q1_pred_1,1
372336,3,0.15359938144683838,Q5_pred_5,5
89443,3,0.09012088179588318,Q5_pred_5,5
65519,4,0.04258847236633301,Q3_pred_3,3
343952,3,0.08708648383617401,Q5_pred_5,5
18707,3,0.11339947581291199,Q5_pred_5,5
357813,4,0.053477197885513306,Q4_pred_4,4
191916,3,0.019584447145462036,Q2_pred_2,2
175428,4,0.0013511031866073608,Q1_pred_1,1
236475,2,0.15704816579818726,Q5_pred_5,5
327914,3,0.08722571283578873,Q5_pred_5,5
68650,3,0.006708383560180664,Q1_pred_1,1
117176,3,0.02282765507698059,Q2_pred_2,2
20696,3,0.014187082648277283,Q2_pred_2,2
105525,3,0.07589654624462128,Q4_pred_4,4
93417,4,0.0046089887619018555,Q1_pred_1,1
145488,4,0.03171457350254059,Q3_pred_3,3
60167,3,0.0042485445737838745,Q1_pred_1,1
153830,4,0.1448337733745575,Q5_pred_5,5
127032,4,0.04637545347213745,Q3_pred_3,3
10939,3,0.05098801851272583,Q4_pred_4,4
81366,4,0.012184128165245056,Q2_pred_2,2
86267,3,0.029796306043863297,Q3_pred_3,3
15240,3,0.008950263261795044,Q1_pred_1,1
52053,3,0.04281581938266754,Q3_pred_3,3
200155,4,0.003948211669921875,Q1_pred_1,1
1028,4,0.04252137243747711,Q3_pred_3,3
117894,4,0.0026400238275527954,Q1_pred_1,1
348922,3,0.05110454559326172,Q4_pred_4,4
221705,4,0.029467910528182983,Q3_pred_3,3
141182,3,0.06438335031270981,Q4_pred_4,4
24809,4,0.16599132120609283,Q5_pred_5,5
223495,3,0.0020364634692668915,Q1_pred_1,1
3177,4,0.011847034096717834,Q1_pred_1,1
5813,3,0.07373082637786865,Q4_pred_4,4
156788,2,0.033449556678533554,Q3_pred_3,3
245072,4,0.0017734318971633911,Q1_pred_1,1
160005,3,0.015542298555374146,Q2_pred_2,2
103402,3,0.08918461203575134,Q5_pred_5,5
133789,4,0.011211827397346497,Q1_pred_1,1
18882,4,0.016480594873428345,Q2_pred_2,2
12967,3,0.0493454784154892,Q3_pred_3,3
137569,4,0.027198556810617447,Q2_pred_2,2
379013,4,0.017950139939785004,Q2_pred_2,2
86901,3,0.027707189321517944,Q3_pred_3,3
157240,4,0.026693925261497498,Q2_pred_2,2
359699,4,0.11307254433631897,Q5_pred_5,5
3202,4,0.08476108312606812,Q4_pred_4,4
10768,3,0.011407673358917236,Q1_pred_1,1
642,3,0.0006969869136810303,Q1_pred_1,1
77527,4,0.05804181843996048,Q4_pred_4,4
6375,3,0.061785221099853516,Q4_pred_4,4
167550,4,0.057964131236076355,Q4_pred_4,4
85135,4,0.017492003738880157,Q2_pred_2,2
353187,4,0.04741916060447693,Q3_pred_3,3
368917,3,0.01332344114780426,Q2_pred_2,2
353483,4,0.0497167706489563,Q3_pred_3,3
200948,3,0.010710767470300198,Q1_pred_1,1
50481,3,0.005055636167526245,Q1_pred_1,1
357745,3,0.0051297396421432495,Q1_pred_1,1
218839,4,0.008346498012542725,Q1_pred_1,1
22873,4,0.008324801921844482,Q1_pred_1,1
78483,3,0.0859377384185791,Q4_pred_4,4
90280,3,0.09983247518539429,Q5_pred_5,5
238039,3,0.07188160717487335,Q4_pred_4,4
364850,3,0.0914493203163147,Q5_pred_5,5
14020,3,0.06541529297828674,Q4_pred_4,4
166150,4,0.09888558089733124,Q5_pred_5,5
78762,3,0.015275135636329651,Q2_pred_2,2
342542,3,0.05124027281999588,Q4_pred_4,4
120483,3,0.010376572608947754,Q1_pred_1,1
76220,3,0.019871294498443604,Q2_pred_2,2
189470,3,0.015447825193405151,Q2_pred_2,2
392838,3,0.021091334521770477,Q2_pred_2,2
153861,4,0.15550096333026886,Q5_pred_5,5
359229,4,0.17933624982833862,Q5_pred_5,5
137628,4,0.014863938093185425,Q2_pred_2,2
82171,3,0.15119260549545288,Q5_pred_5,5
350993,3,0.0038056373596191406,Q1_pred_1,1
11630,4,0.07341587543487549,Q4_pred_4,4
174437,3,0.04337061196565628,Q3_pred_3,3
64126,4,0.005891263484954834,Q1_pred_1,1
183180,3,0.045996129512786865,Q3_pred_3,3
28649,4,0.05138164758682251,Q4_pred_4,4
92109,4,0.023283176124095917,Q2_pred_2,2
251046,3,0.028969407081604004,Q3_pred_3,3
60800,4,0.019794374704360962,Q2_pred_2,2
62360,3,0.12132427096366882,Q5_pred_5,5
417848,3,0.046257272362709045,Q3_pred_3,3
10781,3,0.06378370523452759,Q4_pred_4,4
168069,4,0.10481171309947968,Q5_pred_5,5
358320,4,0.13864219188690186,Q5_pred_5,5
3452,4,0.0019377954304218292,Q1_pred_1,1
81058,3,0.07676735520362854,Q4_pred_4,4
386601,3,0.014759987592697144,Q2_pred_2,2
82175,3,0.027386508882045746,Q3_pred_3,3
96080,4,0.22510439157485962,Q5_pred_5,5
105563,2,0.08639395236968994,Q4_pred_4,4
50205,3,0.002225726842880249,Q1_pred_1,1
66955,3,0.0026135146617889404,Q1_pred_1,1
10110,2,0.06411878764629364,Q4_pred_4,4
262237,3,0.012122854590415955,Q2_pred_2,2
40067,4,0.09902550280094147,Q5_pred_5,5
137576,4,0.07915320992469788,Q4_pred_4,4
58926,3,0.048481255769729614,Q3_pred_3,3
137926,3,0.18316242098808289,Q5_pred_5,5
105922,2,0.08640006929636002,Q4_pred_4,4
405435,4,0.043652892112731934,Q3_pred_3,3
248423,4,0.02161732316017151,Q2_pred_2,2
373972,4,0.019377291202545166,Q2_pred_2,2
207523,4,0.032017484307289124,Q3_pred_3,3
65662,3,0.12397371232509613,Q5_pred_5,5
142099,4,0.05468977987766266,Q4_pred_4,4
102953,4,0.0772809088230133,Q4_pred_4,4
420322,4,0.032405778765678406,Q3_pred_3,3
333756,3,0.04907190799713135,Q3_pred_3,3
188518,3,0.016674350947141647,Q2_pred_2,2
336391,3,0.0419699102640152,Q3_pred_3,3
41702,4,0.08688260614871979,Q5_pred_5,5
350451,3,0.03420083224773407,Q3_pred_3,3
354977,3,0.056270211935043335,Q4_pred_4,4
381279,3,0.018143057823181152,Q2_pred_2,2
77757,4,0.08325150609016418,Q4_pred_4,4
189361,3,0.027401141822338104,Q3_pred_3,3
71114,4,0.02475554496049881,Q2_pred_2,2
153790,4,0.14601576328277588,Q5_pred_5,5
19067,3,0.05197601020336151,Q4_pred_4,4
6505,3,0.09019546210765839,Q5_pred_5,5
336786,4,0.0719137042760849,Q4_pred_4,4
31605,4,0.03479482978582382,Q3_pred_3,3
101768,4,0.09205576777458191,Q5_pred_5,5
214543,3,0.018864531069993973,Q2_pred_2,2
33691,4,0.05499601364135742,Q4_pred_4,4
29921,4,0.03125730901956558,Q3_pred_3,3
187705,3,0.04948059469461441,Q3_pred_3,3
13638,3,0.06338769942522049,Q4_pred_4,4
40618,4,0.022372275590896606,Q2_pred_2,2
391752,3,0.00886467844247818,Q1_pred_1,1
242717,4,0.02403438091278076,Q2_pred_2,2
38879,3,0.07158716022968292,Q4_pred_4,4
72453,3,0.2356247901916504,Q5_pred_5,5
118738,3,0.013106226921081543,Q2_pred_2,2
28574,4,0.1859428584575653,Q5_pred_5,5
11949,4,0.08991818130016327,Q5_pred_5,5
348369,4,0.03986514359712601,Q3_pred_3,3
162417,3,0.0003159046173095703,Q1_pred_1,1
325887,3,0.006863713264465332,Q1_pred_1,1
132738,3,0.07358257472515106,Q4_pred_4,4
59891,4,0.07819390296936035,Q4_pred_4,4
11542,3,0.011490680277347565,Q1_pred_1,1
65267,3,0.0028451234102249146,Q1_pred_1,1
143391,4,0.04072730988264084,Q3_pred_3,3
28630,4,0.17225876450538635,Q5_pred_5,5
37346,4,0.10608503222465515,Q5_pred_5,5
59458,4,0.05528722703456879,Q4_pred_4,4
260919,3,0.02842111885547638,Q3_pred_3,3
40898,4,0.0003909766674041748,Q1_pred_1,1
358730,3,0.1797199696302414,Q5_pred_5,5
187658,3,0.009821534156799316,Q1_pred_1,1
95816,3,0.15422867238521576,Q5_pred_5,5
126849,3,0.11660975217819214,Q5_pred_5,5
152977,4,0.02242341637611389,Q2_pred_2,2
199873,4,0.0034088417887687683,Q1_pred_1,1
170482,3,0.050180912017822266,Q4_pred_4,4
45991,3,0.03662252426147461,Q3_pred_3,3
50258,3,0.015230059623718262,Q2_pred_2,2
25463,3,0.12713226675987244,Q5_pred_5,5
127285,3,0.09565092623233795,Q5_pred_5,5
61882,3,0.0038562119007110596,Q1_pred_1,1
389762,4,0.004223674535751343,Q1_pred_1,1
201159,3,0.04040120542049408,Q3_pred_3,3
156668,3,0.0008605718612670898,Q1_pred_1,1
32180,3,0.17779956758022308,Q5_pred_5,5
97349,3,0.0133095383644104,Q2_pred_2,2
173679,3,0.21929293870925903,Q5_pred_5,5
359274,4,0.09991657733917236,Q5_pred_5,5
69698,4,0.05799645185470581,Q4_pred_4,4
109534,4,0.03841938078403473,Q3_pred_3,3
61638,3,0.07593626528978348,Q4_pred_4,4
57395,3,0.0022709518671035767,Q1_pred_1,1
302517,3,0.07586786150932312,Q4_pred_4,4
121085,4,0.0615350604057312,Q4_pred_4,4
47677,4,0.0032505542039871216,Q1_pred_1,1
50788,4,0.013945043087005615,Q2_pred_2,2
209801,3,0.06933861970901489,Q4_pred_4,4
373626,4,0.09486083686351776,Q5_pred_5,5
99555,4,0.024778373539447784,Q2_pred_2,2
29371,4,0.04922688007354736,Q3_pred_3,3
368084,4,0.026712607592344284,Q2_pred_2,2
37175,4,0.009548157453536987,Q1_pred_1,1
92186,4,0.025743721053004265,Q2_pred_2,2
28821,4,0.005603477358818054,Q1_pred_1,1
10864,2,0.02943059802055359,Q3_pred_3,3
51094,3,0.053751140832901,Q4_pred_4,4
252424,4,0.07417577505111694,Q4_pred_4,4
103352,3,0.018447577953338623,Q2_pred_2,2
366368,3,0.029221639037132263,Q3_pred_3,3
11570,3,0.008961647748947144,Q1_pred_1,1
68,3,0.14973129332065582,Q5_pred_5,5
170585,4,0.0011062920093536377,Q1_pred_1,1
246103,3,0.038512833416461945,Q3_pred_3,3
247931,4,0.11495712399482727,Q5_pred_5,5
96607,4,0.09606518596410751,Q5_pred_5,5
29178,4,0.05603368580341339,Q4_pred_4,4
30045,4,0.06794407963752747,Q4_pred_4,4
271409,4,0.013578066602349281,Q2_pred_2,2
74318,3,0.021645426750183105,Q2_pred_2,2
146090,3,0.18502011895179749,Q5_pred_5,5
86655,3,0.05226734280586243,Q4_pred_4,4
222199,3,0.08011090755462646,Q4_pred_4,4
1042,4,0.049719542264938354,Q3_pred_3,3
236982,3,0.0026509463787078857,Q1_pred_1,1
237675,3,0.0029522329568862915,Q1_pred_1,1
105878,3,0.07544488459825516,Q4_pred_4,4
367493,4,0.014708831906318665,Q2_pred_2,2
8060,3,0.022834457457065582,Q2_pred_2,2
348886,3,0.05543935298919678,Q4_pred_4,4
80203,4,0.03258967399597168,Q3_pred_3,3
373222,4,0.0066544413566589355,Q1_pred_1,1
425403,3,0.06169671565294266,Q4_pred_4,4
156800,2,0.011448340490460396,Q1_pred_1,1
108908,3,0.05447458103299141,Q4_pred_4,4
118860,4,0.0020194649696350098,Q1_pred_1,1
235126,4,0.011860966682434082,Q2_pred_2,2
72011,3,0.15408176183700562,Q5_pred_5,5
117124,3,0.029721498489379883,Q3_pred_3,3
371972,4,0.0001576542854309082,Q1_pred_1,1
116750,3,0.024793170392513275,Q2_pred_2,2
369904,3,0.01793619990348816,Q2_pred_2,2
236677,3,0.1013670414686203,Q5_pred_5,5
67639,2,0.022339262068271637,Q2_pred_2,2
28825,4,0.06564794480800629,Q4_pred_4,4
55456,3,0.03157304227352142,Q3_pred_3,3
40909,3,0.003814004361629486,Q1_pred_1,1
57510,3,0.058906182646751404,Q4_pred_4,4
41711,3,0.06491871178150177,Q4_pred_4,4
97646,3,0.04707455635070801,Q3_pred_3,3
116955,3,0.13709044456481934,Q5_pred_5,5
82308,3,0.024091079831123352,Q2_pred_2,2
86466,4,0.010578840970993042,Q1_pred_1,1
357476,4,1.2680888175964355e-05,Q1_pred_1,1
418784,3,0.16213607788085938,Q5_pred_5,5
400867,3,0.07053053379058838,Q4_pred_4,4
266192,3,0.2714662551879883,Q5_pred_5,5
236429,4,0.2909218668937683,Q5_pred_5,5
136540,4,0.03275999426841736,Q3_pred_3,3
83530,3,0.06732207536697388,Q4_pred_4,4
362916,4,0.0014484822750091553,Q1_pred_1,1
167689,4,0.01798843964934349,Q2_pred_2,2
158746,4,0.0063545554876327515,Q1_pred_1,1
187130,3,0.002635262906551361,Q1_pred_1,1
35256,3,0.02042868733406067,Q2_pred_2,2
373366,3,0.0673922598361969,Q4_pred_4,4
27926,3,0.11184011399745941,Q5_pred_5,5
114254,3,0.020174503326416016,Q2_pred_2,2
261597,3,0.048707276582717896,Q3_pred_3,3
219473,3,0.01805012673139572,Q2_pred_2,2
348878,3,0.06575793027877808,Q4_pred_4,4
72860,3,0.04562830924987793,Q3_pred_3,3
199491,3,0.03131357580423355,Q3_pred_3,3
91404,3,0.02777913212776184,Q3_pred_3,3
494480,4,0.06959513574838638,Q4_pred_4,4
154326,3,0.18523213267326355,Q5_pred_5,5
35444,2,0.05173376202583313,Q4_pred_4,4
142703,4,0.012431368231773376,Q2_pred_2,2
91450,3,0.09847800433635712,Q5_pred_5,5
173192,4,0.046998292207717896,Q3_pred_3,3
127119,4,0.18528038263320923,Q5_pred_5,5
187090,4,0.08991184830665588,Q5_pred_5,5
104177,3,0.07650227844715118,Q4_pred_4,4
56945,3,0.16918295621871948,Q5_pred_5,5
217804,3,0.10711106657981873,Q5_pred_5,5
31824,3,0.0359438955783844,Q3_pred_3,3
200843,3,0.03261605650186539,Q3_pred_3,3
2717,3,0.028308004140853882,Q3_pred_3,3
3010,3,0.0826883465051651,Q4_pred_4,4
339638,3,0.003445267677307129,Q1_pred_1,1
262862,3,0.015391206368803978,Q2_pred_2,2
38279,3,0.054915376007556915,Q4_pred_4,4
110584,3,0.06019465625286102,Q4_pred_4,4
239594,3,0.02092006802558899,Q2_pred_2,2
201021,3,0.0003807283937931061,Q1_pred_1,1
198263,3,0.0009682178497314453,Q1_pred_1,1
76607,3,0.15733464062213898,Q5_pred_5,5
121065,3,0.052007317543029785,Q4_pred_4,4
166325,3,0.01309502124786377,Q2_pred_2,2
137419,4,0.07007055729627609,Q4_pred_4,4
154790,3,0.017618298530578613,Q2_pred_2,2
74323,3,0.1355660855770111,Q5_pred_5,5
153734,4,0.08329257369041443,Q4_pred_4,4
161252,2,0.09424090385437012,Q5_pred_5,5
13206,3,0.08736096322536469,Q5_pred_5,5
351324,5,0.03696310520172119,Q3_pred_3,3
165830,3,0.07403057813644409,Q4_pred_4,4
5560,4,0.16368356347084045,Q5_pred_5,5
418406,3,0.031198546290397644,Q3_pred_3,3
160567,3,0.17094933986663818,Q5_pred_5,5
165614,3,0.05119314789772034,Q4_pred_4,4
87656,2,0.04145442694425583,Q3_pred_3,3
374182,4,0.05659480392932892,Q4_pred_4,4
202304,3,0.04386751353740692,Q3_pred_3,3
24102,3,0.045477867126464844,Q3_pred_3,3
86748,4,0.03317922353744507,Q3_pred_3,3
10482,3,0.15798470377922058,Q5_pred_5,5
216810,4,0.07977079600095749,Q4_pred_4,4
91438,4,0.0792749673128128,Q4_pred_4,4
157260,3,0.17380349338054657,Q5_pred_5,5
62966,3,0.013153553009033203,Q2_pred_2,2
38614,3,0.00036469846963882446,Q1_pred_1,1
239391,3,0.03840261697769165,Q3_pred_3,3
32225,4,0.161329984664917,Q5_pred_5,5
44266,4,0.0605858713388443,Q4_pred_4,4
107437,3,0.008551955223083496,Q1_pred_1,1
41302,3,0.005132958292961121,Q1_pred_1,1
164770,4,0.023814141750335693,Q2_pred_2,2
50508,4,0.04474616050720215,Q3_pred_3,3
109404,3,0.04685842990875244,Q3_pred_3,3
88573,4,0.06567978858947754,Q4_pred_4,4
106460,4,0.00742676854133606,Q1_pred_1,1
188754,4,0.05537186190485954,Q4_pred_4,4
100457,3,0.014278426766395569,Q2_pred_2,2
302511,4,0.052706196904182434,Q4_pred_4,4
194685,4,0.0034608840942382812,Q1_pred_1,1
140653,3,0.0014122575521469116,Q1_pred_1,1
389601,3,0.006654232740402222,Q1_pred_1,1
166260,3,0.04773099720478058,Q3_pred_3,3
196069,4,0.018213480710983276,Q2_pred_2,2
357323,4,0.0019178986549377441,Q1_pred_1,1
247130,4,0.09130406379699707,Q5_pred_5,5
75060,4,0.00047844648361206055,Q1_pred_1,1
178423,3,0.04711662977933884,Q3_pred_3,3
270737,3,0.009539425373077393,Q1_pred_1,1
407010,4,0.021938472986221313,Q2_pred_2,2
186757,3,0.014340043067932129,Q2_pred_2,2
203473,3,0.08764466643333435,Q5_pred_5,5
255319,3,0.005405306816101074,Q1_pred_1,1
153871,3,0.1374635398387909,Q5_pred_5,5
127511,3,0.01883593201637268,Q2_pred_2,2
343935,4,0.07108107209205627,Q4_pred_4,4
84100,4,0.08915942162275314,Q5_pred_5,5
371619,4,0.18185868859291077,Q5_pred_5,5
165048,4,0.00459800660610199,Q1_pred_1,1
232257,4,0.0041949450969696045,Q1_pred_1,1
37224,4,0.025143936276435852,Q2_pred_2,2
152448,3,0.030493751168251038,Q3_pred_3,3
414469,4,0.033325567841529846,Q3_pred_3,3
64096,4,0.005049407482147217,Q1_pred_1,1
126392,3,0.014013409614562988,Q2_pred_2,2
185142,4,0.04317599534988403,Q3_pred_3,3
428995,3,0.079932302236557,Q4_pred_4,4
339935,5,0.04087662696838379,Q3_pred_3,3
420830,4,0.0037957429885864258,Q1_pred_1,1
345465,5,0.0015962198376655579,Q1_pred_1,1
272192,3,0.09897717833518982,Q5_pred_5,5
126535,4,0.001504167914390564,Q1_pred_1,1
168561,4,0.027029860764741898,Q2_pred_2,2
263076,4,0.018052376806735992,Q2_pred_2,2
139333,4,0.11651952564716339,Q5_pred_5,5
106437,4,0.028702378273010254,Q3_pred_3,3
33564,4,0.03206741809844971,Q3_pred_3,3
95776,4,0.01473931223154068,Q2_pred_2,2
350439,4,0.08098664879798889,Q4_pred_4,4
50246,3,0.019827455282211304,Q2_pred_2,2
179874,3,0.031035900115966797,Q3_pred_3,3
86406,4,0.012866586446762085,Q2_pred_2,2
343991,2,0.07829229533672333,Q4_pred_4,4
137904,4,0.1736939549446106,Q5_pred_5,5
156766,5,0.06027451157569885,Q4_pred_4,4
147163,4,0.01643158495426178,Q2_pred_2,2
236537,5,0.2057291865348816,Q5_pred_5,5
86435,4,0.023507118225097656,Q2_pred_2,2
86477,4,0.01381896436214447,Q2_pred_2,2
107716,4,0.058150798082351685,Q4_pred_4,4
241549,2,0.029914215207099915,Q3_pred_3,3
386608,4,0.031952157616615295,Q3_pred_3,3
382998,2,0.07588755339384079,Q4_pred_4,4
35964,3,0.02432088553905487,Q2_pred_2,2
19151,3,0.07908177375793457,Q4_pred_4,4
236576,5,0.19511349499225616,Q5_pred_5,5
236613,2,0.14875245094299316,Q5_pred_5,5
332846,4,0.07257375121116638,Q4_pred_4,4
351479,4,0.05191019922494888,Q4_pred_4,4
144339,4,0.003064572811126709,Q1_pred_1,1
93889,4,0.012578435242176056,Q2_pred_2,2
196092,2,0.04624463617801666,Q3_pred_3,3
179990,2,0.027611494064331055,Q3_pred_3,3
39517,4,0.02274240553379059,Q2_pred_2,2
362333,2,0.0020453184843063354,Q1_pred_1,1
196064,4,0.007386721670627594,Q1_pred_1,1
169803,4,0.08638214319944382,Q4_pred_4,4
4998,1,0.08377797901630402,Q4_pred_4,4
62333,4,0.0351775586605072,Q3_pred_3,3
200809,3,0.03543105721473694,Q3_pred_3,3
263079,3,0.02199345827102661,Q2_pred_2,2
48085,3,0.0376133918762207,Q3_pred_3,3
237351,2,0.029784947633743286,Q3_pred_3,3
156770,3,0.024626221507787704,Q2_pred_2,2
86445,4,0.04937145113945007,Q3_pred_3,3
86676,4,0.052870556712150574,Q4_pred_4,4
44123,3,0.09423811733722687,Q5_pred_5,5
151751,2,0.09421423077583313,Q5_pred_5,5
427573,3,0.050902724266052246,Q4_pred_4,4
95797,4,0.024573668837547302,Q2_pred_2,2
408162,3,0.13390898704528809,Q5_pred_5,5
50200,4,0.004395097494125366,Q1_pred_1,1
235053,4,0.028928011655807495,Q3_pred_3,3
341568,3,0.006141647696495056,Q1_pred_1,1
176132,4,0.06599360704421997,Q4_pred_4,4
218055,4,0.03200933337211609,Q3_pred_3,3
241550,2,0.03261330723762512,Q3_pred_3,3
28209,3,0.08665364980697632,Q5_pred_5,5
262978,3,0.0008892267942428589,Q1_pred_1,1
236562,4,0.20969507098197937,Q5_pred_5,5
144330,4,0.010045185685157776,Q1_pred_1,1
108885,4,0.011444091796875,Q1_pred_1,1
324894,4,0.07007166743278503,Q4_pred_4,4
57814,2,0.00936204195022583,Q1_pred_1,1
95799,4,0.04256400465965271,Q3_pred_3,3
156795,4,0.04969507083296776,Q3_pred_3,3
236579,4,0.20940417051315308,Q5_pred_5,5
137122,2,0.18134577572345734,Q5_pred_5,5
320234,3,0.0023477524518966675,Q1_pred_1,1
166134,3,0.07956681400537491,Q4_pred_4,4
29544,1,0.1271863430738449,Q5_pred_5,5
215937,3,0.00793534517288208,Q1_pred_1,1
16348,3,0.13641589879989624,Q5_pred_5,5
50656,3,0.14986467361450195,Q5_pred_5,5
236561,4,0.2024318277835846,Q5_pred_5,5
50280,3,0.03433579206466675,Q3_pred_3,3
244332,4,0.009929150342941284,Q1_pred_1,1
86405,4,0.05571568012237549,Q4_pred_4,4
156764,4,0.019011778756976128,Q2_pred_2,2
274980,4,0.04447971284389496,Q3_pred_3,3
117127,4,0.12441761791706085,Q5_pred_5,5
156825,4,0.037896476686000824,Q3_pred_3,3
61751,4,0.02401190623641014,Q2_pred_2,2
113648,3,0.05462278425693512,Q4_pred_4,4
243642,2,0.08692091703414917,Q5_pred_5,5
61058,4,0.003107348456978798,Q1_pred_1,1
179993,3,0.002872645854949951,Q1_pred_1,1
190033,3,0.011750191450119019,Q1_pred_1,1
118116,3,0.09875011444091797,Q5_pred_5,5
89337,4,0.04960887134075165,Q3_pred_3,3
124834,2,0.017282627522945404,Q2_pred_2,2
108922,2,0.06788204610347748,Q4_pred_4,4
152418,4,0.0009727627038955688,Q1_pred_1,1
277553,4,0.009817183017730713,Q1_pred_1,1
256880,4,0.10538432747125626,Q5_pred_5,5
114362,3,0.022142581641674042,Q2_pred_2,2
168698,3,0.0034199655055999756,Q1_pred_1,1
71560,3,0.056402623653411865,Q4_pred_4,4
222597,4,0.061320364475250244,Q4_pred_4,4
331907,4,0.08025616407394409,Q4_pred_4,4
240760,3,0.02571725845336914,Q2_pred_2,2
428784,4,2.1383166313171387e-05,Q1_pred_1,1
350714,3,0.013545721769332886,Q2_pred_2,2
132749,3,0.018249738961458206,Q2_pred_2,2
156700,4,0.07874217629432678,Q4_pred_4,4
92946,4,0.010855518281459808,Q1_pred_1,1
132817,3,0.014136120676994324,Q2_pred_2,2
114134,3,0.01595984399318695,Q2_pred_2,2
156735,3,0.06041982024908066,Q4_pred_4,4
61724,4,0.012892790138721466,Q2_pred_2,2
50165,3,0.0012474507093429565,Q1_pred_1,1
123813,4,0.17128995060920715,Q5_pred_5,5
44263,4,0.06391257047653198,Q4_pred_4,4
191392,3,0.01629750430583954,Q2_pred_2,2
145780,3,0.07223968207836151,Q4_pred_4,4
109907,4,0.010662347078323364,Q1_pred_1,1
197122,3,0.012744039297103882,Q2_pred_2,2
115073,4,0.06492060422897339,Q4_pred_4,4
191733,3,0.1756669282913208,Q5_pred_5,5
275798,4,0.026582755148410797,Q2_pred_2,2
343940,4,0.08279062807559967,Q4_pred_4,4
114128,3,0.027496837079524994,Q3_pred_3,3
92363,4,0.07617314159870148,Q4_pred_4,4
156724,3,0.01933392696082592,Q2_pred_2,2
369419,3,0.06406953930854797,Q4_pred_4,4
144329,3,0.04382486641407013,Q3_pred_3,3
47929,4,0.040287524461746216,Q3_pred_3,3
109745,4,0.2371687889099121,Q5_pred_5,5
62947,3,0.029700636863708496,Q3_pred_3,3
60163,3,0.011854514479637146,Q1_pred_1,1
115559,3,0.10976994037628174,Q5_pred_5,5
62378,3,0.03171291947364807,Q3_pred_3,3
99875,4,0.06525251269340515,Q4_pred_4,4
58511,4,0.023731514811515808,Q2_pred_2,2
80836,3,0.1711101084947586,Q5_pred_5,5
26938,4,0.0088275708258152,Q1_pred_1,1
92935,4,0.025396734476089478,Q2_pred_2,2
276469,3,0.03039061278104782,Q3_pred_3,3
3813,4,0.02226608246564865,Q2_pred_2,2
59612,4,0.008993387222290039,Q1_pred_1,1
99966,3,0.0029497146606445312,Q1_pred_1,1
114425,3,0.021445512771606445,Q2_pred_2,2
96937,3,0.3516444265842438,Q5_pred_5,5
10130,4,0.06319474428892136,Q4_pred_4,4
408642,4,0.033497974276542664,Q3_pred_3,3
124540,4,0.09310851246118546,Q5_pred_5,5
124812,3,0.011868879199028015,Q2_pred_2,2
156712,3,0.04271295666694641,Q3_pred_3,3
41714,3,0.09151247143745422,Q5_pred_5,5
353104,4,0.06890058517456055,Q4_pred_4,4
336787,3,0.09254220128059387,Q5_pred_5,5
61730,4,0.019261695444583893,Q2_pred_2,2
63805,3,0.06521765142679214,Q4_pred_4,4
45907,3,0.017963916063308716,Q2_pred_2,2
50265,3,0.0019769370555877686,Q1_pred_1,1
61504,3,0.025826409459114075,Q2_pred_2,2
343954,2,0.061729058623313904,Q4_pred_4,4
86430,3,0.03318402171134949,Q3_pred_3,3
4059,3,0.03108060359954834,Q3_pred_3,3
106885,4,0.030379533767700195,Q3_pred_3,3
107746,3,0.007114380598068237,Q1_pred_1,1
201706,3,0.042990751564502716,Q3_pred_3,3
236424,2,0.0679859071969986,Q4_pred_4,4
54485,3,0.012109532952308655,Q2_pred_2,2
250550,3,0.014137417078018188,Q2_pred_2,2
341756,4,0.04919647425413132,Q3_pred_3,3
45112,4,0.08525948226451874,Q4_pred_4,4
114102,3,0.017815452069044113,Q2_pred_2,2
16431,3,0.025177597999572754,Q2_pred_2,2
74794,4,0.007724642753601074,Q1_pred_1,1
316438,3,0.10013093054294586,Q5_pred_5,5
71600,4,0.09866081178188324,Q5_pred_5,5
242240,3,0.007567703723907471,Q1_pred_1,1
92968,4,0.020700812339782715,Q2_pred_2,2
348142,3,0.026620246469974518,Q2_pred_2,2
365704,3,0.10210661590099335,Q5_pred_5,5
168560,3,0.02662259340286255,Q2_pred_2,2
114352,3,0.009321441873908043,Q1_pred_1,1
388857,4,0.04648999869823456,Q3_pred_3,3
67740,4,0.053188472986221313,Q4_pred_4,4
91020,4,0.012024536728858948,Q2_pred_2,2
268795,3,0.04938170313835144,Q3_pred_3,3
109859,4,0.002944648265838623,Q1_pred_1,1
235101,3,0.05530811846256256,Q4_pred_4,4
404802,3,0.09424218535423279,Q5_pred_5,5
15449,3,0.033742114901542664,Q3_pred_3,3
86451,1,0.018368244171142578,Q2_pred_2,2
89286,3,0.031938642263412476,Q3_pred_3,3
147110,3,0.008119404315948486,Q1_pred_1,1
11356,3,0.0828719437122345,Q4_pred_4,4
125717,4,0.1463213860988617,Q5_pred_5,5
131265,3,0.0355001837015152,Q3_pred_3,3
107808,4,0.041726380586624146,Q3_pred_3,3
241539,3,0.02659033238887787,Q2_pred_2,2
236599,2,0.07184574007987976,Q4_pred_4,4
83484,3,0.00013691186904907227,Q1_pred_1,1
340049,3,0.19527947902679443,Q5_pred_5,5
336403,4,0.06474962085485458,Q4_pred_4,4
114162,3,0.03311067074537277,Q3_pred_3,3
398058,3,0.024066805839538574,Q2_pred_2,2
58826,3,0.04168063402175903,Q3_pred_3,3
36402,3,0.016597092151641846,Q2_pred_2,2
61773,4,0.03721947595477104,Q3_pred_3,3
236654,4,0.10628871619701385,Q5_pred_5,5
30025,4,0.006624281406402588,Q1_pred_1,1
16201,4,0.03961315378546715,Q3_pred_3,3
131266,3,0.05187338590621948,Q4_pred_4,4
31569,3,0.010200053453445435,Q1_pred_1,1
268870,4,0.015758156776428223,Q2_pred_2,2
236345,4,0.09447300434112549,Q5_pred_5,5
156774,4,0.02989804372191429,Q3_pred_3,3
236501,3,0.13062438368797302,Q5_pred_5,5
156798,3,0.03861618787050247,Q3_pred_3,3
106449,4,0.06123413145542145,Q4_pred_4,4
31532,3,0.009780794382095337,Q1_pred_1,1
117606,3,0.10742977261543274,Q5_pred_5,5
50173,3,0.025968849658966064,Q2_pred_2,2
76258,3,0.0026153624057769775,Q1_pred_1,1
113169,4,0.07050909101963043,Q4_pred_4,4
104038,3,0.09761138260364532,Q5_pred_5,5
169760,4,0.12928907573223114,Q5_pred_5,5
383237,4,0.07083401083946228,Q4_pred_4,4
92963,4,0.05508115887641907,Q4_pred_4,4
331024,3,0.03887516260147095,Q3_pred_3,3
333404,3,0.001771301031112671,Q1_pred_1,1
18448,4,0.09446510672569275,Q5_pred_5,5
236786,4,0.21976155042648315,Q5_pred_5,5
92377,4,0.03798837959766388,Q3_pred_3,3
50255,2,0.0520787239074707,Q4_pred_4,4
62602,3,0.14443862438201904,Q5_pred_5,5
93920,3,0.049526602029800415,Q3_pred_3,3
211022,3,0.013039819896221161,Q2_pred_2,2
114169,3,0.018200218677520752,Q2_pred_2,2
241526,4,0.017775505781173706,Q2_pred_2,2
120757,3,0.02805497497320175,Q3_pred_3,3
236428,3,0.23163306713104248,Q5_pred_5,5
66333,3,0.07671472430229187,Q4_pred_4,4
61723,4,0.008188456296920776,Q1_pred_1,1
146926,4,0.019805507734417915,Q2_pred_2,2
235042,4,0.02354082465171814,Q2_pred_2,2
103028,3,0.017312996089458466,Q2_pred_2,2
92368,4,0.07665945589542389,Q4_pred_4,4
82800,2,0.0238783061504364,Q2_pred_2,2
345836,4,0.09328627586364746,Q5_pred_5,5
162762,3,0.044646814465522766,Q3_pred_3,3
43362,3,0.20659199357032776,Q5_pred_5,5
343094,3,0.11895754933357239,Q5_pred_5,5
101319,3,0.06435689330101013,Q4_pred_4,4
328049,4,0.002368047833442688,Q1_pred_1,1
97829,4,0.007394894957542419,Q1_pred_1,1
213291,4,0.01958237588405609,Q2_pred_2,2
241512,4,0.008434846997261047,Q1_pred_1,1
92923,4,0.019509345293045044,Q2_pred_2,2
332303,3,0.044316887855529785,Q3_pred_3,3
340173,3,0.027831226587295532,Q3_pred_3,3
114086,3,0.09134824573993683,Q5_pred_5,5
275012,3,0.003318876028060913,Q1_pred_1,1
236489,4,0.18582820892333984,Q5_pred_5,5
62479,4,0.215731680393219,Q5_pred_5,5
69340,3,0.04524491727352142,Q3_pred_3,3
30040,3,0.07733690738677979,Q4_pred_4,4
147096,4,0.07378989458084106,Q4_pred_4,4
24969,4,0.024326622486114502,Q2_pred_2,2
156823,2,0.05498058348894119,Q4_pred_4,4
104714,4,0.03549203276634216,Q3_pred_3,3
92382,4,0.005733996629714966,Q1_pred_1,1
114088,3,0.037326280027627945,Q3_pred_3,3
82386,4,0.010834291577339172,Q1_pred_1,1
48083,3,0.061410948634147644,Q4_pred_4,4
156809,4,0.03000207617878914,Q3_pred_3,3
161340,4,0.031166046857833862,Q3_pred_3,3
253587,4,0.01862385869026184,Q2_pred_2,2
244500,4,0.013211101293563843,Q2_pred_2,2
214504,4,0.08719374239444733,Q5_pred_5,5
115566,3,0.14332619309425354,Q5_pred_5,5
115611,3,0.0161115825176239,Q2_pred_2,2
165492,3,0.01020023226737976,Q1_pred_1,1
234247,3,0.0031240135431289673,Q1_pred_1,1
114133,3,0.029492255300283432,Q3_pred_3,3
161611,3,0.1546957641839981,Q5_pred_5,5
191732,3,0.004760861396789551,Q1_pred_1,1
36400,4,0.01909639686346054,Q2_pred_2,2
93886,4,0.007729031145572662,Q1_pred_1,1
97344,4,0.015681609511375427,Q2_pred_2,2
277598,3,0.11313514411449432,Q5_pred_5,5
276869,3,0.01973062753677368,Q2_pred_2,2
86424,4,0.014956116676330566,Q2_pred_2,2
89318,4,0.014272451400756836,Q2_pred_2,2
41741,3,0.19192196428775787,Q5_pred_5,5
61745,4,0.03833099082112312,Q3_pred_3,3
120675,4,0.27587610483169556,Q5_pred_5,5
118707,4,0.009098589420318604,Q1_pred_1,1
254386,3,0.07666181027889252,Q4_pred_4,4
16672,4,0.024848461151123047,Q2_pred_2,2
59512,3,0.05829000473022461,Q4_pred_4,4
389518,3,0.0034295320510864258,Q1_pred_1,1
114457,3,0.19012115895748138,Q5_pred_5,5
93865,3,0.011358574032783508,Q1_pred_1,1
72884,4,0.023505419492721558,Q2_pred_2,2
242904,4,0.0056640952825546265,Q1_pred_1,1
62781,3,0.0943981409072876,Q5_pred_5,5
344025,4,0.0017554014921188354,Q1_pred_1,1
236481,4,0.20237214863300323,Q5_pred_5,5
107727,1,0.08080717921257019,Q4_pred_4,4
182017,4,0.02003878355026245,Q2_pred_2,2
432874,2,0.012115836143493652,Q2_pred_2,2
92405,4,0.0032169148325920105,Q1_pred_1,1
66147,4,0.07603076100349426,Q4_pred_4,4
416545,3,0.10573038458824158,Q5_pred_5,5
242687,4,0.006785452365875244,Q1_pred_1,1
402642,3,0.011090457439422607,Q1_pred_1,1
110424,2,0.07164958119392395,Q4_pred_4,4
17944,2,0.011815935373306274,Q1_pred_1,1
385854,4,0.010531619191169739,Q1_pred_1,1
120663,3,0.28036558628082275,Q5_pred_5,5
33654,4,0.1485433131456375,Q5_pred_5,5
80638,4,0.04254710674285889,Q3_pred_3,3
241571,4,0.007674872875213623,Q1_pred_1,1
43865,4,0.11485293507575989,Q5_pred_5,5
241583,4,0.0084361732006073,Q1_pred_1,1
115234,3,0.003978163003921509,Q1_pred_1,1
377264,4,0.019444584846496582,Q2_pred_2,2
349387,3,0.06801840662956238,Q4_pred_4,4
82361,3,0.002454996109008789,Q1_pred_1,1
102102,3,0.06784233450889587,Q4_pred_4,4
18451,1,0.01275220513343811,Q2_pred_2,2
124886,4,0.013917535543441772,Q2_pred_2,2
114132,3,0.050505705177783966,Q4_pred_4,4
408447,3,0.015780605375766754,Q2_pred_2,2
343964,2,0.021397143602371216,Q2_pred_2,2
344076,2,0.01114991307258606,Q1_pred_1,1
39862,4,0.028544262051582336,Q3_pred_3,3
89320,4,0.012703120708465576,Q2_pred_2,2
114359,3,0.036803483963012695,Q3_pred_3,3
147138,3,0.03754429519176483,Q3_pred_3,3
414063,4,0.054433226585388184,Q4_pred_4,4
7557,2,0.02465733140707016,Q2_pred_2,2
125578,3,0.007422696799039841,Q1_pred_1,1
58998,2,0.09252259135246277,Q5_pred_5,5
67644,4,0.024898961186408997,Q2_pred_2,2
371385,4,0.03957519680261612,Q3_pred_3,3
189413,4,0.022684678435325623,Q2_pred_2,2
325460,3,0.04927505552768707,Q3_pred_3,3
26926,4,0.019270561635494232,Q2_pred_2,2
114075,4,0.022011958062648773,Q2_pred_2,2
236355,4,0.2004120647907257,Q5_pred_5,5
79627,3,0.043310195207595825,Q3_pred_3,3
24311,3,0.008777409791946411,Q1_pred_1,1
236511,4,0.2787039875984192,Q5_pred_5,5
196072,3,0.018676720559597015,Q2_pred_2,2
41980,3,0.08675713837146759,Q5_pred_5,5
23725,3,0.10627108812332153,Q5_pred_5,5
187762,4,0.10469946265220642,Q5_pred_5,5
433701,4,0.07185563445091248,Q4_pred_4,4
43818,3,0.06676897406578064,Q4_pred_4,4
69877,4,0.1671110987663269,Q5_pred_5,5
41601,3,0.022650346159934998,Q2_pred_2,2
397299,3,0.02645374834537506,Q2_pred_2,2
236580,3,0.06188388168811798,Q4_pred_4,4
137946,3,0.1461659073829651,Q5_pred_5,5
147114,4,0.008186250925064087,Q1_pred_1,1
400742,3,0.05079013854265213,Q4_pred_4,4
70,2,0.10610172152519226,Q5_pred_5,5
137910,4,0.16915298998355865,Q5_pred_5,5
50277,3,0.11017751693725586,Q5_pred_5,5
318828,4,0.07032153010368347,Q4_pred_4,4
114419,4,0.001672506332397461,Q1_pred_1,1
114368,3,0.03531308099627495,Q3_pred_3,3
328046,4,0.041179995983839035,Q3_pred_3,3
393469,3,0.0011637955904006958,Q1_pred_1,1
381944,4,0.02463085949420929,Q2_pred_2,2
10102,3,0.06978607177734375,Q4_pred_4,4
107712,3,0.00840228796005249,Q1_pred_1,1
120754,2,0.03490128368139267,Q3_pred_3,3
179870,3,0.01546284556388855,Q2_pred_2,2
236648,3,0.20680561661720276,Q5_pred_5,5
416537,3,0.10485771298408508,Q5_pred_5,5
60778,3,0.016778945922851562,Q2_pred_2,2
36939,3,0.15895673632621765,Q5_pred_5,5
94750,3,0.0015366673469543457,Q1_pred_1,1
112984,3,0.07264960557222366,Q4_pred_4,4
222672,3,0.05444970726966858,Q4_pred_4,4
17486,3,0.11794686317443848,Q5_pred_5,5
80210,4,0.053432777523994446,Q4_pred_4,4
10121,4,0.06308743357658386,Q4_pred_4,4
109618,4,0.04276581481099129,Q3_pred_3,3
79598,4,0.0228668674826622,Q2_pred_2,2
86431,1,0.04813697934150696,Q3_pred_3,3
319347,4,0.035299092531204224,Q3_pred_3,3
333268,3,0.016200855374336243,Q2_pred_2,2
9661,3,0.059830814599990845,Q4_pred_4,4
407459,3,0.02080303058028221,Q2_pred_2,2
156709,2,0.059087254106998444,Q4_pred_4,4
84718,2,0.07658302783966064,Q4_pred_4,4
398001,3,0.013612091541290283,Q2_pred_2,2
83100,4,0.04823461174964905,Q3_pred_3,3
112342,3,0.03983522951602936,Q3_pred_3,3
109856,4,0.015064805746078491,Q2_pred_2,2
101851,3,0.11874806880950928,Q5_pred_5,5
95775,4,0.0025929808616638184,Q1_pred_1,1
81942,4,0.02669045329093933,Q2_pred_2,2
10108,1,0.06424804031848907,Q4_pred_4,4
239586,4,0.013567566871643066,Q2_pred_2,2
236578,2,0.09696675837039948,Q5_pred_5,5
266431,1,0.21303947269916534,Q5_pred_5,5
147097,3,0.06486134231090546,Q4_pred_4,4
182874,3,0.00711919367313385,Q1_pred_1,1
241574,4,0.010485149919986725,Q1_pred_1,1
93363,4,0.012939631938934326,Q2_pred_2,2
156758,3,0.043929070234298706,Q3_pred_3,3
241476,4,0.012002497911453247,Q2_pred_2,2
236337,1,0.08143556118011475,Q4_pred_4,4
236423,4,0.28641581535339355,Q5_pred_5,5
371153,4,0.029592707753181458,Q3_pred_3,3
95800,4,0.04522015154361725,Q3_pred_3,3
277597,4,0.04248742759227753,Q3_pred_3,3
89300,4,0.0035083889961242676,Q1_pred_1,1
72881,4,0.016429930925369263,Q2_pred_2,2
343965,3,0.02289128303527832,Q2_pred_2,2
31347,3,0.03857678174972534,Q3_pred_3,3
24310,3,0.002807214856147766,Q1_pred_1,1
379969,2,0.1063186526298523,Q5_pred_5,5
362739,2,0.003518052399158478,Q1_pred_1,1
236626,4,0.13047312200069427,Q5_pred_5,5
114095,4,0.00394168496131897,Q1_pred_1,1
72842,4,0.03372815251350403,Q3_pred_3,3
80663,4,0.0013242661952972412,Q1_pred_1,1
245522,3,0.040337398648262024,Q3_pred_3,3
316869,2,0.04041033983230591,Q3_pred_3,3
167087,2,0.07329422235488892,Q4_pred_4,4
261588,2,0.052377309650182724,Q4_pred_4,4
10135,1,0.06319988518953323,Q4_pred_4,4
49520,4,0.0027890056371688843,Q1_pred_1,1
60780,4,0.017457515001296997,Q2_pred_2,2
337102,1,0.03484353423118591,Q3_pred_3,3
93894,3,0.029892869293689728,Q3_pred_3,3
31649,2,0.06790563464164734,Q4_pred_4,4
153056,2,0.05557936429977417,Q4_pred_4,4
234034,4,0.05118840932846069,Q4_pred_4,4
241551,3,0.0372280552983284,Q3_pred_3,3
34382,3,0.008440867066383362,Q1_pred_1,1
86953,3,0.0025480687618255615,Q1_pred_1,1
107718,1,0.006835728883743286,Q1_pred_1,1
115562,3,0.05699843168258667,Q4_pred_4,4
50328,2,0.014684617519378662,Q2_pred_2,2
32863,4,0.007986992597579956,Q1_pred_1,1
351424,3,0.009595625102519989,Q1_pred_1,1
194460,4,0.009280741214752197,Q1_pred_1,1
95281,4,0.07535561919212341,Q4_pred_4,4
344051,3,0.004569977521896362,Q1_pred_1,1
9669,2,0.0069146305322647095,Q1_pred_1,1
89296,4,0.0027611255645751953,Q1_pred_1,1
106845,4,0.06247613951563835,Q4_pred_4,4
83190,2,0.08236198127269745,Q4_pred_4,4
50175,3,0.017667561769485474,Q2_pred_2,2
367824,3,0.05939797684550285,Q4_pred_4,4
361225,4,0.0611114501953125,Q4_pred_4,4
130703,3,0.22382307052612305,Q5_pred_5,5
50161,3,0.010055139660835266,Q1_pred_1,1
168133,2,0.1279137283563614,Q5_pred_5,5
237984,3,0.045837365090847015,Q3_pred_3,3
156713,4,0.038587987422943115,Q3_pred_3,3
217736,4,0.03763151168823242,Q3_pred_3,3
87772,3,0.015706926584243774,Q2_pred_2,2
48087,2,0.025149062275886536,Q2_pred_2,2
223273,3,0.05168101191520691,Q4_pred_4,4
23497,3,0.11611039191484451,Q5_pred_5,5
234035,4,0.020203471183776855,Q2_pred_2,2
102106,4,0.07295334339141846,Q4_pred_4,4
196075,4,0.007818363606929779,Q1_pred_1,1
164689,3,0.09144480526447296,Q5_pred_5,5
61752,4,0.025075413286685944,Q2_pred_2,2
56384,3,0.02578309178352356,Q2_pred_2,2
99633,3,0.0666707456111908,Q4_pred_4,4
141990,3,0.05829143524169922,Q4_pred_4,4
333400,3,0.024602606892585754,Q2_pred_2,2
39058,3,0.18270087242126465,Q5_pred_5,5
152707,3,0.02979119122028351,Q3_pred_3,3
39894,3,0.2724003791809082,Q5_pred_5,5
140845,3,0.17975914478302002,Q5_pred_5,5
157223,3,0.22653010487556458,Q5_pred_5,5
115523,3,0.20094051957130432,Q5_pred_5,5
131689,3,0.013043105602264404,Q2_pred_2,2
424866,3,0.1825147271156311,Q5_pred_5,5
196117,2,0.04922497272491455,Q3_pred_3,3
156040,3,0.058906376361846924,Q4_pred_4,4
91753,3,0.1445087045431137,Q5_pred_5,5
66599,3,0.04996843636035919,Q4_pred_4,4
143298,3,0.052745819091796875,Q4_pred_4,4
133095,3,0.3392888307571411,Q5_pred_5,5
62166,3,0.19855153560638428,Q5_pred_5,5
158435,4,0.28582102060317993,Q5_pred_5,5
45915,4,0.056970179080963135,Q4_pred_4,4
84391,4,0.19959047436714172,Q5_pred_5,5
193064,3,0.015950500965118408,Q2_pred_2,2
127248,4,0.024469703435897827,Q2_pred_2,2
78491,4,0.2452152818441391,Q5_pred_5,5
257864,4,0.01779612898826599,Q2_pred_2,2
75057,4,0.00031697750091552734,Q1_pred_1,1
191201,3,0.12152960896492004,Q5_pred_5,5
33699,4,0.04558920860290527,Q3_pred_3,3
32867,4,0.010011553764343262,Q1_pred_1,1
171117,4,0.04922446608543396,Q3_pred_3,3
59444,4,0.0010223388671875,Q1_pred_1,1
65993,3,0.09783345460891724,Q5_pred_5,5
170599,4,0.22584602236747742,Q5_pred_5,5
329331,2,0.041839271783828735,Q3_pred_3,3
59765,4,0.03206215798854828,Q3_pred_3,3
78417,2,0.021836072206497192,Q2_pred_2,2
149946,3,0.28613853454589844,Q5_pred_5,5
158627,3,0.07751573622226715,Q4_pred_4,4
190699,3,0.0016065537929534912,Q1_pred_1,1
131980,3,0.03128249943256378,Q3_pred_3,3
60773,3,0.012931585311889648,Q2_pred_2,2
44476,2,0.04341341555118561,Q3_pred_3,3
243801,4,0.02474111318588257,Q2_pred_2,2
86642,2,0.18317796289920807,Q5_pred_5,5
33700,3,0.041894301772117615,Q3_pred_3,3
109743,3,0.19898882508277893,Q5_pred_5,5
25261,2,0.26328492164611816,Q5_pred_5,5
61660,2,0.0021496713161468506,Q1_pred_1,1
124686,3,0.16241519153118134,Q5_pred_5,5
98655,3,0.050154924392700195,Q4_pred_4,4
242231,4,0.03897792100906372,Q3_pred_3,3
161996,3,0.018552139401435852,Q2_pred_2,2
108285,3,0.12138569355010986,Q5_pred_5,5
59963,3,0.07155561447143555,Q4_pred_4,4
75056,4,0.0044458359479904175,Q1_pred_1,1
20693,3,0.023650310933589935,Q2_pred_2,2
35548,3,0.061994969844818115,Q4_pred_4,4
144333,3,0.009960174560546875,Q1_pred_1,1
144328,3,0.02110537886619568,Q2_pred_2,2
78003,4,0.178492471575737,Q5_pred_5,5
172593,3,0.005182385444641113,Q1_pred_1,1
262977,3,0.005493462085723877,Q1_pred_1,1
191917,3,0.12079170346260071,Q5_pred_5,5
35552,3,0.0611257404088974,Q4_pred_4,4
25288,3,0.2985328733921051,Q5_pred_5,5
184416,4,0.08865544199943542,Q5_pred_5,5
162578,3,0.14092722535133362,Q5_pred_5,5
72839,4,0.05395244061946869,Q4_pred_4,4
179601,3,0.17886875569820404,Q5_pred_5,5
26098,3,0.02623581886291504,Q2_pred_2,2
32868,4,0.054807111620903015,Q4_pred_4,4
429422,4,0.01532447338104248,Q2_pred_2,2
35556,3,0.049859195947647095,Q3_pred_3,3
144326,3,0.05456697940826416,Q4_pred_4,4
191918,4,0.032329559326171875,Q3_pred_3,3
94631,3,0.05898752808570862,Q4_pred_4,4
190697,4,0.0016745328903198242,Q1_pred_1,1
371602,4,0.004378259181976318,Q1_pred_1,1
397434,4,0.0074777305126190186,Q1_pred_1,1
196645,4,0.07759784162044525,Q4_pred_4,4
165491,4,0.010781794786453247,Q1_pred_1,1
180089,3,0.07879932224750519,Q4_pred_4,4
333418,4,0.005253612995147705,Q1_pred_1,1
171317,4,0.0868731141090393,Q5_pred_5,5
189518,3,0.031395137310028076,Q3_pred_3,3
60792,4,0.035098448395729065,Q3_pred_3,3
170584,4,0.22423246502876282,Q5_pred_5,5
372608,4,0.07545232772827148,Q4_pred_4,4
148150,4,0.035417839884757996,Q3_pred_3,3
75054,4,0.007867306470870972,Q1_pred_1,1
340048,2,0.023179829120635986,Q2_pred_2,2
119030,4,0.011971458792686462,Q2_pred_2,2
118636,3,0.062375977635383606,Q4_pred_4,4
262957,4,0.014276981353759766,Q2_pred_2,2
32493,4,0.09887832403182983,Q5_pred_5,5
71462,4,0.029709860682487488,Q3_pred_3,3
169944,4,0.0003689229488372803,Q1_pred_1,1
191924,3,0.04392334818840027,Q3_pred_3,3
44681,2,0.15894272923469543,Q5_pred_5,5
170587,4,0.2484320104122162,Q5_pred_5,5
25314,3,0.17775245010852814,Q5_pred_5,5
189583,3,0.02596546709537506,Q2_pred_2,2
42797,3,0.09078957140445709,Q5_pred_5,5
154735,3,0.08290357887744904,Q4_pred_4,4
58647,3,0.23895563185214996,Q5_pred_5,5
239496,2,0.012883514165878296,Q2_pred_2,2
60776,4,0.015065997838973999,Q2_pred_2,2
44225,3,0.06297597289085388,Q4_pred_4,4
24945,2,0.01875702291727066,Q2_pred_2,2
221567,4,0.002226606011390686,Q1_pred_1,1
237352,4,0.043097883462905884,Q3_pred_3,3
133088,3,0.2711978554725647,Q5_pred_5,5
138016,3,0.02385467290878296,Q2_pred_2,2
127288,3,0.04517278075218201,Q3_pred_3,3
108355,2,0.13988900184631348,Q5_pred_5,5
346684,4,0.009256571531295776,Q1_pred_1,1
189831,4,0.006586313247680664,Q1_pred_1,1
45910,3,0.002007707953453064,Q1_pred_1,1
127309,2,0.023106232285499573,Q2_pred_2,2
45906,3,0.052656084299087524,Q4_pred_4,4
102097,4,0.29757043719291687,Q5_pred_5,5
191911,4,0.028283074498176575,Q3_pred_3,3
33314,3,0.06201562285423279,Q4_pred_4,4
147692,2,0.24927952885627747,Q5_pred_5,5
32499,3,0.004098355770111084,Q1_pred_1,1
144325,3,0.00897274911403656,Q1_pred_1,1
74810,3,0.019067704677581787,Q2_pred_2,2
33313,4,0.011172682046890259,Q1_pred_1,1
151373,3,0.10820123553276062,Q5_pred_5,5
127340,2,0.037163302302360535,Q3_pred_3,3
141992,3,0.06009526550769806,Q4_pred_4,4
209989,3,0.02336515486240387,Q2_pred_2,2
127303,4,0.1532716453075409,Q5_pred_5,5
333405,4,0.07143883407115936,Q4_pred_4,4
84524,4,0.06730911135673523,Q4_pred_4,4
32498,4,0.012880057096481323,Q2_pred_2,2
102099,4,0.2829773724079132,Q5_pred_5,5
156196,3,0.189482644200325,Q5_pred_5,5
144324,3,0.039256855845451355,Q3_pred_3,3
191912,4,0.028463095426559448,Q3_pred_3,3
132111,3,0.05593280494213104,Q4_pred_4,4
171462,3,0.12723881006240845,Q5_pred_5,5
144338,3,0.05500754714012146,Q4_pred_4,4
83521,4,0.191691055893898,Q5_pred_5,5
84525,3,0.023440957069396973,Q2_pred_2,2
30414,4,0.2829413115978241,Q5_pred_5,5
346682,4,0.058413341641426086,Q4_pred_4,4
144341,3,0.08496060967445374,Q4_pred_4,4
191920,4,0.06437370181083679,Q4_pred_4,4
257812,3,0.041297197341918945,Q3_pred_3,3
157739,3,0.02932053804397583,Q3_pred_3,3
149928,2,0.05633598566055298,Q4_pred_4,4
132031,3,0.016838014125823975,Q2_pred_2,2
150403,3,0.10714748501777649,Q5_pred_5,5
102095,4,0.27625393867492676,Q5_pred_5,5
159407,3,0.30705833435058594,Q5_pred_5,5
354056,3,0.04531574249267578,Q3_pred_3,3
89067,3,0.0001742243766784668,Q1_pred_1,1
430046,4,0.016885697841644287,Q2_pred_2,2
171966,3,0.11581918597221375,Q5_pred_5,5
151384,4,0.039404481649398804,Q3_pred_3,3
63806,3,0.19082757830619812,Q5_pred_5,5
100842,3,0.2847065031528473,Q5_pred_5,5
333420,4,0.013563275337219238,Q2_pred_2,2
72846,4,0.0261860191822052,Q2_pred_2,2
69307,4,0.2599336504936218,Q5_pred_5,5
128050,4,0.07410389184951782,Q4_pred_4,4
102103,4,0.06554625928401947,Q4_pred_4,4
151385,4,0.13814665377140045,Q5_pred_5,5
59447,3,0.035681456327438354,Q3_pred_3,3
47701,3,0.1951713263988495,Q5_pred_5,5
119028,4,0.014845311641693115,Q2_pred_2,2
26282,4,0.268401563167572,Q5_pred_5,5
393402,4,0.03061997890472412,Q3_pred_3,3
32496,4,0.09724412858486176,Q5_pred_5,5
340361,4,0.044618070125579834,Q3_pred_3,3
168440,4,0.08731448650360107,Q5_pred_5,5
119025,4,0.017720237374305725,Q2_pred_2,2
25298,2,0.011006385087966919,Q1_pred_1,1
122204,4,0.052746862173080444,Q4_pred_4,4
137977,2,0.03533673286437988,Q3_pred_3,3
170342,3,0.24780461192131042,Q5_pred_5,5
46068,3,0.05726632475852966,Q4_pred_4,4
142293,2,0.09481996297836304,Q5_pred_5,5
397435,4,0.008127808570861816,Q1_pred_1,1
333411,4,0.007067501544952393,Q1_pred_1,1
60808,4,0.018493488430976868,Q2_pred_2,2
113323,3,0.05392917990684509,Q4_pred_4,4
102104,4,0.06622830033302307,Q4_pred_4,4
80398,4,0.11560037732124329,Q5_pred_5,5
20384,3,0.03152608871459961,Q3_pred_3,3
333410,4,0.006159603595733643,Q1_pred_1,1
72837,4,0.006772905588150024,Q1_pred_1,1
59449,3,0.006219685077667236,Q1_pred_1,1
32864,4,0.01860538125038147,Q2_pred_2,2
149049,2,0.049183934926986694,Q3_pred_3,3
191925,3,0.01554003357887268,Q2_pred_2,2
395123,2,0.005369707942008972,Q1_pred_1,1
37803,4,0.005923658609390259,Q1_pred_1,1
144323,3,0.06797157227993011,Q4_pred_4,4
99636,4,0.02727353572845459,Q2_pred_2,2
60785,4,0.0018086433410644531,Q1_pred_1,1
115725,3,0.0722213089466095,Q4_pred_4,4
264377,3,0.04445528984069824,Q3_pred_3,3
74353,2,0.03417837619781494,Q3_pred_3,3
62854,2,0.18108618259429932,Q5_pred_5,5
72578,4,0.033394306898117065,Q3_pred_3,3
45914,4,0.03593650460243225,Q3_pred_3,3
324103,4,0.004723995923995972,Q1_pred_1,1
60775,4,0.014685973525047302,Q2_pred_2,2
324323,4,0.0021511614322662354,Q1_pred_1,1
243800,4,0.017268523573875427,Q2_pred_2,2
91750,4,0.08166486024856567,Q4_pred_4,4
245523,4,0.037632644176483154,Q3_pred_3,3
160041,3,0.19428172707557678,Q5_pred_5,5
262976,4,0.005453675985336304,Q1_pred_1,1
59304,4,0.05905190110206604,Q4_pred_4,4
137013,3,0.00920860469341278,Q1_pred_1,1
19345,2,0.09731930494308472,Q5_pred_5,5
143305,4,0.14047107100486755,Q5_pred_5,5
167676,3,0.2559469938278198,Q5_pred_5,5
120829,4,0.18201273679733276,Q5_pred_5,5
233473,4,0.046281471848487854,Q3_pred_3,3
93023,4,0.0800204873085022,Q4_pred_4,4
63276,3,0.009540870785713196,Q1_pred_1,1
166203,3,0.11712914705276489,Q5_pred_5,5
340165,4,0.17657075822353363,Q5_pred_5,5
37799,4,0.10626323521137238,Q5_pred_5,5
60807,4,0.019567370414733887,Q2_pred_2,2
339990,4,0.19729243218898773,Q5_pred_5,5
354038,4,0.002641648054122925,Q1_pred_1,1
170589,2,0.24298538267612457,Q5_pred_5,5
15466,3,0.08086758852005005,Q4_pred_4,4
418831,4,0.02415257692337036,Q2_pred_2,2
329649,3,0.05739720165729523,Q4_pred_4,4
262975,4,0.004545986652374268,Q1_pred_1,1
36161,2,0.15737707912921906,Q5_pred_5,5
59448,3,0.029297739267349243,Q3_pred_3,3
41321,2,0.028944388031959534,Q3_pred_3,3
60033,3,0.039707645773887634,Q3_pred_3,3
74543,4,0.13425201177597046,Q5_pred_5,5
382543,4,0.01660206913948059,Q2_pred_2,2
9743,4,0.14564856886863708,Q5_pred_5,5
44356,3,0.034148961305618286,Q3_pred_3,3
7265,3,0.014807969331741333,Q2_pred_2,2
29705,3,0.14884883165359497,Q5_pred_5,5
46046,3,0.05122901499271393,Q4_pred_4,4
122492,2,0.11223135888576508,Q5_pred_5,5
448220,4,0.1194276213645935,Q5_pred_5,5
92148,2,0.0873369574546814,Q5_pred_5,5
148491,5,0.1834617257118225,Q5_pred_5,5
148509,5,0.17141342163085938,Q5_pred_5,5
196004,4,0.15817740559577942,Q5_pred_5,5
39168,5,0.06505176424980164,Q4_pred_4,4
148496,5,0.13478076457977295,Q5_pred_5,5
148435,5,0.11928415298461914,Q5_pred_5,5
245068,3,0.008228600025177002,Q1_pred_1,1
46044,2,0.04448556900024414,Q3_pred_3,3
347724,4,0.0995466411113739,Q5_pred_5,5
16499,2,0.017717480659484863,Q2_pred_2,2
252556,4,0.015520602464675903,Q2_pred_2,2
373683,3,0.05840292572975159,Q4_pred_4,4
28631,5,0.1730777770280838,Q5_pred_5,5
266095,4,0.012246310710906982,Q2_pred_2,2
26978,4,0.015840336680412292,Q2_pred_2,2
148599,5,0.05994683504104614,Q4_pred_4,4
92159,2,0.07172198593616486,Q4_pred_4,4
44354,4,0.035149455070495605,Q3_pred_3,3
92154,1,0.0636889785528183,Q4_pred_4,4
252351,4,0.06420865654945374,Q4_pred_4,4
394133,3,0.05867175757884979,Q4_pred_4,4
148531,5,0.07351422309875488,Q4_pred_4,4
445369,3,0.07713538408279419,Q4_pred_4,4
251844,2,0.023530304431915283,Q2_pred_2,2
28604,4,0.19213110208511353,Q5_pred_5,5
431907,4,0.011364370584487915,Q1_pred_1,1
172322,4,0.03468546271324158,Q3_pred_3,3
268593,4,0.004918992519378662,Q1_pred_1,1
65721,3,0.08183738589286804,Q4_pred_4,4
39188,5,0.07176327705383301,Q4_pred_4,4
18335,3,0.007370114326477051,Q1_pred_1,1
70860,4,0.023759156465530396,Q2_pred_2,2
173756,5,0.04618749022483826,Q3_pred_3,3
65651,3,0.12642338871955872,Q5_pred_5,5
127163,4,0.07804319262504578,Q4_pred_4,4
382348,2,0.08597815036773682,Q4_pred_4,4
64828,4,0.09288433194160461,Q5_pred_5,5
236309,3,0.037848979234695435,Q3_pred_3,3
474399,4,0.0004813969135284424,Q1_pred_1,1
351318,4,0.12189096212387085,Q5_pred_5,5
319738,4,0.07643662393093109,Q4_pred_4,4
351935,3,0.05230864882469177,Q4_pred_4,4
471038,3,0.04102809727191925,Q3_pred_3,3
148441,4,0.10141554474830627,Q5_pred_5,5
252377,4,0.05391193926334381,Q4_pred_4,4
236976,3,0.06775617599487305,Q4_pred_4,4
39162,4,0.05484631657600403,Q4_pred_4,4
148478,4,0.19749897718429565,Q5_pred_5,5
266747,4,0.029205143451690674,Q3_pred_3,3
382511,4,0.02658894658088684,Q2_pred_2,2
44829,4,0.11796316504478455,Q5_pred_5,5
15153,3,0.1024290919303894,Q5_pred_5,5
489483,4,0.03414870798587799,Q3_pred_3,3
13361,5,0.019903704524040222,Q2_pred_2,2
15141,3,0.10207083821296692,Q5_pred_5,5
333764,3,0.030644387006759644,Q3_pred_3,3
148439,5,0.18488702178001404,Q5_pred_5,5
402953,4,0.04667219519615173,Q3_pred_3,3
62147,2,0.1840130090713501,Q5_pred_5,5
91422,3,0.050149962306022644,Q4_pred_4,4
83129,5,0.010451585054397583,Q1_pred_1,1
11637,5,0.06991219520568848,Q4_pred_4,4
28599,4,0.1941264569759369,Q5_pred_5,5
173692,5,0.04535633325576782,Q3_pred_3,3
32017,4,0.004435330629348755,Q1_pred_1,1
329842,4,0.04218870401382446,Q3_pred_3,3
64819,4,0.12089458107948303,Q5_pred_5,5
482689,3,0.025669574737548828,Q2_pred_2,2
252322,4,0.04115070402622223,Q3_pred_3,3
78436,4,0.10441580414772034,Q5_pred_5,5
396225,4,0.01531180739402771,Q2_pred_2,2
91406,4,0.01808902621269226,Q2_pred_2,2
148558,5,0.09391820430755615,Q5_pred_5,5
28605,5,0.18796661496162415,Q5_pred_5,5
382505,5,0.0016548335552215576,Q1_pred_1,1
186773,3,0.09333661198616028,Q5_pred_5,5
28587,4,0.19827960431575775,Q5_pred_5,5
259524,3,0.0028433799743652344,Q1_pred_1,1
39176,5,0.06361138820648193,Q4_pred_4,4
252498,4,0.02496151626110077,Q2_pred_2,2
64818,4,0.11384880542755127,Q5_pred_5,5
28621,4,0.1838306486606598,Q5_pred_5,5
382495,5,0.005393803119659424,Q1_pred_1,1
252469,4,0.009463191032409668,Q1_pred_1,1
65758,3,0.08482591807842255,Q4_pred_4,4
373699,3,0.013194888830184937,Q2_pred_2,2
373707,3,0.12598544359207153,Q5_pred_5,5
327762,3,0.08126452565193176,Q4_pred_4,4
40109,2,0.12250277400016785,Q5_pred_5,5
269557,4,0.0022713840007781982,Q1_pred_1,1
252486,4,0.02133682370185852,Q2_pred_2,2
16498,3,0.0692722350358963,Q4_pred_4,4
112564,4,0.0029539167881011963,Q1_pred_1,1
91427,2,0.0507337749004364,Q4_pred_4,4
148535,4,0.06414365768432617,Q4_pred_4,4
252631,3,0.001996949315071106,Q1_pred_1,1
373677,3,0.023022621870040894,Q2_pred_2,2
465780,4,0.09550848603248596,Q5_pred_5,5
251835,4,0.0015947818756103516,Q1_pred_1,1
148401,4,0.10482233762741089,Q5_pred_5,5
328545,3,0.05483749508857727,Q4_pred_4,4
62271,2,0.08858412504196167,Q5_pred_5,5
333765,3,0.024149596691131592,Q2_pred_2,2
479410,4,0.00354669988155365,Q1_pred_1,1
89660,2,0.044904813170433044,Q3_pred_3,3
382451,2,0.062388330698013306,Q4_pred_4,4
28577,4,0.18536928296089172,Q5_pred_5,5
333753,2,0.044471800327301025,Q3_pred_3,3
23417,3,0.19326651096343994,Q5_pred_5,5
239953,4,0.017339438199996948,Q2_pred_2,2
148425,4,0.0965597927570343,Q5_pred_5,5
196923,4,0.06683486700057983,Q4_pred_4,4
252374,4,0.02957884967327118,Q3_pred_3,3
373690,4,0.003624334931373596,Q1_pred_1,1
148757,4,0.047557294368743896,Q3_pred_3,3
202243,4,0.08039918541908264,Q4_pred_4,4
65727,3,0.08283501118421555,Q4_pred_4,4
416434,5,0.06809037923812866,Q4_pred_4,4
148480,5,0.1209406852722168,Q5_pred_5,5
373689,3,0.01790785789489746,Q2_pred_2,2
148553,5,0.1002572774887085,Q5_pred_5,5
373702,2,0.03081834316253662,Q3_pred_3,3
164841,3,0.04989472031593323,Q3_pred_3,3
89657,2,0.034912109375,Q3_pred_3,3
148440,5,0.0814482569694519,Q4_pred_4,4
148603,5,0.0846356749534607,Q4_pred_4,4
148589,5,0.08991339802742004,Q5_pred_5,5
270830,2,0.06578212976455688,Q4_pred_4,4
382435,2,0.14067137241363525,Q5_pred_5,5
239045,3,0.020490020513534546,Q2_pred_2,2
382339,3,0.15789106488227844,Q5_pred_5,5
148477,4,0.1115770936012268,Q5_pred_5,5
188691,4,0.11696048080921173,Q5_pred_5,5
252346,4,0.010774463415145874,Q1_pred_1,1
92160,2,0.05668368935585022,Q4_pred_4,4
23028,3,0.014879584312438965,Q2_pred_2,2
251886,2,0.011631876230239868,Q1_pred_1,1
28608,3,0.1862482726573944,Q5_pred_5,5
382485,3,0.004257142543792725,Q1_pred_1,1
23865,3,0.07907801866531372,Q4_pred_4,4
65725,3,0.040630042552948,Q3_pred_3,3
431355,4,0.07834434509277344,Q4_pred_4,4
148476,5,0.10672706365585327,Q5_pred_5,5
368365,4,0.05935537815093994,Q4_pred_4,4
69580,3,0.03687119483947754,Q3_pred_3,3
252548,4,0.050750866532325745,Q4_pred_4,4
277083,4,0.027669399976730347,Q3_pred_3,3
61829,3,0.05461747944355011,Q4_pred_4,4
71411,1,0.11223572492599487,Q5_pred_5,5
316016,5,0.09029644727706909,Q5_pred_5,5
148556,5,0.07298809289932251,Q4_pred_4,4
1413,5,0.009029507637023926,Q1_pred_1,1
269547,4,0.021266043186187744,Q2_pred_2,2
148548,5,0.08123424649238586,Q4_pred_4,4
77140,4,0.02700701355934143,Q2_pred_2,2
59063,4,0.11519569158554077,Q5_pred_5,5
474400,4,0.009146377444267273,Q1_pred_1,1
33987,2,0.050989747047424316,Q4_pred_4,4
13296,3,0.028375744819641113,Q3_pred_3,3
321157,3,0.14843988418579102,Q5_pred_5,5
382455,2,0.07001101970672607,Q4_pred_4,4
148523,5,0.16097205877304077,Q5_pred_5,5
352654,4,0.04800039529800415,Q3_pred_3,3
373733,3,0.08059000968933105,Q4_pred_4,4
335971,4,0.11646641790866852,Q5_pred_5,5
90426,2,0.037443578243255615,Q3_pred_3,3
191960,4,0.1910376250743866,Q5_pred_5,5
3431,2,0.022598952054977417,Q2_pred_2,2
74994,4,0.0005263090133666992,Q1_pred_1,1
252502,4,0.03272858262062073,Q3_pred_3,3
29831,3,0.2197391390800476,Q5_pred_5,5
321160,2,0.0716070830821991,Q4_pred_4,4
373736,2,0.10002630949020386,Q5_pred_5,5
23867,3,0.06277662515640259,Q4_pred_4,4
148539,4,0.07668182253837585,Q4_pred_4,4
478939,3,0.11675742268562317,Q5_pred_5,5
412909,3,0.11285325884819031,Q5_pred_5,5
333770,3,0.02096635103225708,Q2_pred_2,2
196011,4,0.20200960338115692,Q5_pred_5,5
148479,4,0.14255598187446594,Q5_pred_5,5
382547,5,0.0026758015155792236,Q1_pred_1,1
106754,3,0.02067658305168152,Q2_pred_2,2
37845,4,0.0067238956689834595,Q1_pred_1,1
148273,5,0.0899147093296051,Q5_pred_5,5
148573,5,0.05789834260940552,Q4_pred_4,4
269552,4,0.028848275542259216,Q3_pred_3,3
276934,4,0.1739426851272583,Q5_pred_5,5
103031,4,0.010619580745697021,Q1_pred_1,1
112565,4,0.008082747459411621,Q1_pred_1,1
91410,2,0.0369444340467453,Q3_pred_3,3
382524,4,0.014708518981933594,Q2_pred_2,2
277082,4,0.013622850179672241,Q2_pred_2,2
373701,4,0.007747352123260498,Q1_pred_1,1
83124,4,0.015674322843551636,Q2_pred_2,2
90444,2,0.03534986078739166,Q3_pred_3,3
382545,4,0.02365240454673767,Q2_pred_2,2
148565,4,0.06004834175109863,Q4_pred_4,4
65650,3,0.101508229970932,Q5_pred_5,5
28606,3,0.210378035902977,Q5_pred_5,5
28622,4,0.18460439145565033,Q5_pred_5,5
15150,3,0.08781576156616211,Q5_pred_5,5
148543,4,0.10782605409622192,Q5_pred_5,5
39194,5,0.06479400396347046,Q4_pred_4,4
89118,2,0.02382098138332367,Q2_pred_2,2
89132,2,0.014081880450248718,Q2_pred_2,2
28602,4,0.19975078105926514,Q5_pred_5,5
148533,5,0.05502000451087952,Q4_pred_4,4
346956,2,0.04387274384498596,Q3_pred_3,3
373728,3,0.1131480485200882,Q5_pred_5,5
89669,2,0.039858341217041016,Q3_pred_3,3
28610,4,0.15245361626148224,Q5_pred_5,5
148575,4,0.10536304116249084,Q5_pred_5,5
28613,4,0.19403639435768127,Q5_pred_5,5
148502,4,0.10390275716781616,Q5_pred_5,5
28568,4,0.18784408271312714,Q5_pred_5,5
91429,2,0.06556814908981323,Q4_pred_4,4
28562,4,0.20123788714408875,Q5_pred_5,5
148598,4,0.06589743494987488,Q4_pred_4,4
373692,3,0.005239605903625488,Q1_pred_1,1
382388,3,0.15141263604164124,Q5_pred_5,5
148562,5,0.1153055727481842,Q5_pred_5,5
382534,5,0.022562146186828613,Q2_pred_2,2
89665,2,0.03494739532470703,Q3_pred_3,3
148577,5,0.1144213080406189,Q5_pred_5,5
173718,4,0.051361024379730225,Q4_pred_4,4
253237,3,0.09375295042991638,Q5_pred_5,5
15148,2,0.0998060405254364,Q5_pred_5,5
89127,2,0.034217000007629395,Q3_pred_3,3
416435,5,0.11037233471870422,Q5_pred_5,5
70827,4,0.02480652928352356,Q2_pred_2,2
333747,3,0.014691531658172607,Q2_pred_2,2
373734,3,0.08698731660842896,Q5_pred_5,5
148475,4,0.11503618955612183,Q5_pred_5,5
277125,5,0.038361966609954834,Q3_pred_3,3
148541,5,0.08697974681854248,Q5_pred_5,5
90428,2,0.036266982555389404,Q3_pred_3,3
91439,2,0.060733869671821594,Q4_pred_4,4
122485,3,0.10607545077800751,Q5_pred_5,5
148426,5,0.19638407230377197,Q5_pred_5,5
373704,3,0.03513741493225098,Q3_pred_3,3
148406,5,0.1134442389011383,Q5_pred_5,5
148432,5,0.1435573399066925,Q5_pred_5,5
65656,3,0.10821814835071564,Q5_pred_5,5
92140,2,0.08202746510505676,Q4_pred_4,4
91430,2,0.06007152795791626,Q4_pred_4,4
91409,2,0.032161399722099304,Q3_pred_3,3
382487,5,0.016932129859924316,Q2_pred_2,2
61822,2,0.031077206134796143,Q3_pred_3,3
316041,4,0.09075385332107544,Q5_pred_5,5
316010,4,0.09244918823242188,Q5_pred_5,5
95332,5,0.060085415840148926,Q4_pred_4,4
28572,5,0.17703109979629517,Q5_pred_5,5
89662,2,0.047201260924339294,Q3_pred_3,3
148427,4,0.11729007959365845,Q5_pred_5,5
89121,2,0.028432995080947876,Q3_pred_3,3
148499,5,0.10616135597229004,Q5_pred_5,5
148579,5,0.10163852572441101,Q5_pred_5,5
28616,4,0.19123904407024384,Q5_pred_5,5
373735,3,0.07041746377944946,Q4_pred_4,4
68446,4,0.0592133104801178,Q4_pred_4,4
122672,3,0.0610772967338562,Q4_pred_4,4
89128,3,0.037267401814460754,Q3_pred_3,3
148507,5,0.18843957781791687,Q5_pred_5,5
373722,3,0.05335456132888794,Q4_pred_4,4
28611,4,0.1882757842540741,Q5_pred_5,5
245536,3,0.0793035626411438,Q4_pred_4,4
373716,3,0.07942052185535431,Q4_pred_4,4
382335,5,0.16147497296333313,Q5_pred_5,5
373687,3,0.08056595921516418,Q4_pred_4,4
91413,2,0.04895642399787903,Q3_pred_3,3
334540,4,0.05699390172958374,Q4_pred_4,4
382501,4,0.020023852586746216,Q2_pred_2,2
70823,4,0.00066414475440979,Q1_pred_1,1
28595,3,0.20309817790985107,Q5_pred_5,5
28561,4,0.2037205696105957,Q5_pred_5,5
148748,4,0.0009661018848419189,Q1_pred_1,1
148593,4,0.07078501582145691,Q4_pred_4,4
148486,4,0.16948822140693665,Q5_pred_5,5
28584,4,0.18822115659713745,Q5_pred_5,5
28565,4,0.2019875943660736,Q5_pred_5,5
382537,5,0.007223248481750488,Q1_pred_1,1
89125,3,0.02608776092529297,Q2_pred_2,2
148521,4,0.18513953685760498,Q5_pred_5,5
148530,5,0.17860066890716553,Q5_pred_5,5
253246,5,0.08636724948883057,Q4_pred_4,4
28618,5,0.2078191637992859,Q5_pred_5,5
148561,5,0.10340702533721924,Q5_pred_5,5
382541,5,0.014549076557159424,Q2_pred_2,2
148429,5,0.12772610783576965,Q5_pred_5,5
401707,4,0.11254152655601501,Q5_pred_5,5
92162,2,0.019525259733200073,Q2_pred_2,2
148550,5,0.11204493045806885,Q5_pred_5,5
61831,3,0.0033130943775177,Q1_pred_1,1
89668,2,0.04318699240684509,Q3_pred_3,3
83116,5,0.040901511907577515,Q3_pred_3,3
148512,4,0.11063864827156067,Q5_pred_5,5
373717,3,0.09331180155277252,Q5_pred_5,5
315691,3,0.04167830944061279,Q3_pred_3,3
382483,5,0.0014743208885192871,Q1_pred_1,1
28555,5,0.2056501805782318,Q5_pred_5,5
13364,4,0.015062257647514343,Q2_pred_2,2
91419,2,0.07334880530834198,Q4_pred_4,4
173775,4,0.04801639914512634,Q3_pred_3,3
91407,2,0.03683328628540039,Q3_pred_3,3
89129,2,0.04328407347202301,Q3_pred_3,3
148544,5,0.07268047332763672,Q4_pred_4,4
89126,2,0.030949056148529053,Q3_pred_3,3
65714,3,0.08565819263458252,Q4_pred_4,4
148594,5,0.06339862942695618,Q4_pred_4,4
4781,3,0.05244514346122742,Q4_pred_4,4
11629,5,0.07475364208221436,Q4_pred_4,4
65663,3,0.10431160032749176,Q5_pred_5,5
29626,3,0.05510571599006653,Q4_pred_4,4
91415,2,0.06660281121730804,Q4_pred_4,4
148506,5,0.13440963625907898,Q5_pred_5,5
92136,2,0.04804679751396179,Q3_pred_3,3
148405,5,0.09592938423156738,Q5_pred_5,5
148517,5,0.1504489779472351,Q5_pred_5,5
28593,4,0.20921754837036133,Q5_pred_5,5
148437,4,0.14234891533851624,Q5_pred_5,5
92149,2,0.08996671438217163,Q5_pred_5,5
173763,5,0.050413817167282104,Q4_pred_4,4
148527,5,0.10778987407684326,Q5_pred_5,5
382457,4,0.06107306480407715,Q4_pred_4,4
15149,3,0.09042111039161682,Q5_pred_5,5
28627,5,0.19683142006397247,Q5_pred_5,5
38331,3,0.03922748565673828,Q3_pred_3,3
11850,3,0.2473994940519333,Q5_pred_5,5
89115,2,0.01626110076904297,Q2_pred_2,2
205822,2,0.011199355125427246,Q1_pred_1,1
28557,5,0.1560916304588318,Q5_pred_5,5
28566,5,0.2252393364906311,Q5_pred_5,5
39151,5,0.050213903188705444,Q4_pred_4,4
13277,4,0.030874162912368774,Q3_pred_3,3
61824,3,0.043936580419540405,Q3_pred_3,3
13297,3,0.03857314586639404,Q3_pred_3,3
89670,2,0.034396663308143616,Q3_pred_3,3
122509,2,0.11136609315872192,Q5_pred_5,5
92156,2,0.03449779748916626,Q3_pred_3,3
245074,3,0.04996684193611145,Q4_pred_4,4
23868,4,0.07021549344062805,Q4_pred_4,4
28601,5,0.19914577901363373,Q5_pred_5,5
89654,2,0.039553046226501465,Q3_pred_3,3
50069,2,0.03927713632583618,Q3_pred_3,3
106876,3,0.03305399417877197,Q3_pred_3,3
39191,5,0.062620609998703,Q4_pred_4,4
316009,5,0.11149775981903076,Q5_pred_5,5
148566,5,0.0695723295211792,Q4_pred_4,4
148487,5,0.15296727418899536,Q5_pred_5,5
65660,4,0.13828958570957184,Q5_pred_5,5
148602,5,0.09655633568763733,Q5_pred_5,5
89123,2,0.03771786391735077,Q3_pred_3,3
143947,3,0.08889216184616089,Q5_pred_5,5
92142,2,0.05895364284515381,Q4_pred_4,4
39189,5,0.0722053050994873,Q4_pred_4,4
148526,5,0.11468827724456787,Q5_pred_5,5
83131,5,0.023256689310073853,Q2_pred_2,2
126468,3,0.03227017819881439,Q3_pred_3,3
91426,2,0.05089379847049713,Q4_pred_4,4
382544,5,0.013596892356872559,Q2_pred_2,2
91416,2,0.05078606307506561,Q4_pred_4,4
39181,5,0.07755956053733826,Q4_pred_4,4
28582,5,0.18334563076496124,Q5_pred_5,5
15146,4,0.10947403311729431,Q5_pred_5,5
253250,4,0.09447130560874939,Q5_pred_5,5
50068,2,0.0068604350090026855,Q1_pred_1,1
277124,4,0.06335940957069397,Q4_pred_4,4
90436,2,0.033820196986198425,Q3_pred_3,3
148545,5,0.06743678450584412,Q4_pred_4,4
89117,2,0.021202266216278076,Q2_pred_2,2
61828,2,0.05016745626926422,Q4_pred_4,4
148538,5,0.08579674363136292,Q4_pred_4,4
83122,5,0.037239789962768555,Q3_pred_3,3
373680,3,0.01595047116279602,Q2_pred_2,2
148520,5,0.18009674549102783,Q5_pred_5,5
29627,3,0.05753222107887268,Q4_pred_4,4
29628,3,0.06500855088233948,Q4_pred_4,4
65726,3,0.058241769671440125,Q4_pred_4,4
148270,5,0.10084834694862366,Q5_pred_5,5
11854,2,0.21457725763320923,Q5_pred_5,5
95331,5,0.011331051588058472,Q1_pred_1,1
39207,5,0.06588214635848999,Q4_pred_4,4
148522,5,0.1719053089618683,Q5_pred_5,5
65724,3,0.07861622422933578,Q4_pred_4,4
173740,5,0.04592764377593994,Q3_pred_3,3
382529,4,0.0052606165409088135,Q1_pred_1,1
11665,5,0.0648391842842102,Q4_pred_4,4
92151,2,0.0791528970003128,Q4_pred_4,4
148408,5,0.08914142847061157,Q5_pred_5,5
50067,2,0.0003719329833984375,Q1_pred_1,1
382527,5,0.010260164737701416,Q1_pred_1,1
