index,split
812888,train
814852,train
813439,train
826611,train
829235,train
811463,train
804467,train
827280,train
801651,train
808661,train
802778,train
839447,train
816705,train
820152,train
838182,train
818716,train
813663,train
799407,train
825410,train
813926,train
797901,train
834632,train
826474,train
801115,train
842683,train
803619,train
816769,train
833122,train
807600,train
800863,train
815320,train
838103,train
836429,train
822311,train
808137,train
841637,train
818710,train
814373,train
825582,train
803711,train
805111,train
820228,train
822873,train
831254,train
815022,train
831421,train
819753,train
810391,train
817482,train
803166,train
818811,train
820114,train
797696,train
806987,train
841564,train
802582,train
812439,train
801509,train
822563,train
805141,train
806880,train
825613,train
839250,train
810182,train
806272,train
841416,train
809511,train
816092,train
828096,train
842000,train
803549,train
840754,train
822698,train
812555,train
816593,train
837995,train
806169,train
798464,train
808102,train
814366,train
831336,train
798702,train
814763,train
825435,train
810942,train
836581,train
807824,train
804685,train
831073,train
838517,train
834758,train
828606,train
809340,train
818366,train
828485,train
834917,train
840252,train
832843,train
827249,train
830861,train
838001,train
812296,train
801246,train
827747,train
838486,train
839434,train
824059,train
822870,train
825719,train
836341,train
813010,train
828636,train
811700,train
813699,train
805539,train
839335,train
805157,train
813422,train
800101,train
819656,train
814404,train
843079,train
810270,train
806405,train
827488,train
838825,train
817837,train
819490,train
822618,train
814594,train
825966,train
802304,train
828855,train
805114,train
836511,train
801070,train
813693,train
800435,train
831327,train
810045,train
823732,train
803431,train
801459,train
799396,train
836268,train
809293,train
836367,train
831409,train
824581,train
828851,train
810358,train
805336,train
800517,train
799030,train
831216,train
842689,train
842733,train
819010,train
842413,train
813286,train
798898,train
836259,train
835851,train
837346,train
823068,train
823588,train
839864,train
815246,train
832231,train
818124,train
822454,train
839104,train
824638,train
810207,train
815843,train
799670,train
842402,train
839311,train
812126,train
813094,train
834797,train
807021,train
828013,train
811593,train
830711,train
808085,train
802381,train
828214,train
833899,train
843238,train
809899,train
813196,train
842964,train
825871,train
836967,train
810475,train
823739,train
838820,train
806747,train
809572,train
823425,train
819685,train
811698,train
840498,train
828495,train
839716,train
815481,train
832991,train
804472,train
836478,train
816623,train
814689,train
813406,train
843271,train
801571,train
829714,train
837578,train
801847,train
824044,train
811741,train
803407,train
813089,train
814614,train
822979,train
823760,train
840575,train
827825,train
799906,train
831333,train
810454,train
812853,train
843177,train
828626,train
806558,train
838803,train
842549,train
801518,train
817678,train
827146,train
801670,train
810562,train
811844,train
841675,train
816717,train
842108,train
808558,train
812352,train
807027,train
825818,train
828882,train
834705,train
799555,train
810908,train
807811,train
827066,train
801610,train
803761,train
799416,train
817493,train
831040,train
823591,train
820188,train
824431,train
824333,train
830876,train
829163,train
808013,train
807626,train
811861,train
838999,train
820178,train
816394,train
823009,train
815926,train
833862,train
799450,train
839444,train
815256,train
808512,train
801478,train
817245,train
801498,train
817573,train
810483,train
803231,train
838125,train
830471,train
812017,train
801621,train
819172,train
809584,train
810203,train
800338,train
805398,train
842732,train
815474,train
816125,train
813796,train
799651,train
835860,train
798538,train
828115,train
798503,train
803172,train
834769,train
829476,train
837210,train
811088,train
807484,train
830295,train
839941,train
810402,train
801237,train
828385,train
836999,train
841479,train
808009,train
831542,train
815664,train
832266,train
830179,train
832999,train
834300,train
815696,train
818188,train
841935,train
824041,train
805878,train
814398,train
822810,train
826402,train
833989,train
820059,train
806942,train
804497,train
826500,train
834532,train
812573,train
822352,train
828832,train
838542,train
822561,train
798890,train
802166,train
814712,train
810345,train
806784,train
825892,train
802678,train
809831,train
825648,train
833180,train
805375,train
815206,train
798649,train
842621,train
842254,train
828394,train
829445,train
809858,train
814711,train
838037,train
818772,train
832247,train
801837,train
810971,train
807158,train
799917,train
825039,train
807291,train
800186,train
831953,train
802890,train
809735,train
830021,train
807368,train
826635,train
837006,train
810321,train
815202,train
814567,train
812598,train
798522,train
805791,train
817232,train
837191,train
809400,train
825761,train
820075,train
808109,train
800397,train
817024,train
841317,train
829206,train
800343,train
825982,train
833393,train
831623,train
806618,train
839441,train
838787,train
838718,train
839754,train
808666,train
818334,train
809284,train
828205,train
839167,train
843306,train
818727,train
816579,train
819739,train
816318,train
827357,train
809807,train
798685,train
820150,train
820197,train
838576,train
815956,train
835935,train
799046,train
839437,train
842452,train
813559,train
841553,train
800314,train
824410,train
841897,train
811866,train
807115,train
839273,train
817926,train
816866,train
813959,train
808340,train
831032,train
834919,train
836990,train
834529,train
803207,train
831469,train
822896,train
824590,train
816576,train
801127,train
813793,train
836707,train
803156,train
807049,train
835260,train
840292,train
813921,train
801993,train
823287,train
802714,train
839838,train
812382,train
826308,train
802004,train
803043,train
807547,train
841786,train
843032,train
801520,train
830946,train
823928,train
807817,train
832944,train
819416,train
824844,train
839544,train
829264,train
826322,train
830965,train
806847,train
815885,train
823116,train
831247,train
822714,train
838064,train
815676,train
841741,train
800870,train
809237,train
835564,train
829259,train
802841,train
800727,train
819117,train
809360,train
799231,train
806913,train
824310,train
827478,train
841231,train
800371,train
837064,train
831899,train
835224,train
818756,train
841834,train
799831,train
837015,train
825686,train
802719,train
806611,train
840762,train
799977,train
823412,train
809668,train
841662,train
818619,train
809948,train
799718,train
807712,train
828508,train
807058,train
839709,train
802847,train
817446,train
828736,train
840013,train
819339,train
808458,train
809838,train
800062,train
810792,train
837306,train
830199,train
842365,train
814001,train
816402,train
810991,train
828886,train
834882,train
802842,train
828783,train
832953,train
806656,train
813395,train
829074,train
837588,train
828615,train
815211,train
835850,train
800073,train
807793,train
832590,train
840893,train
814662,train
841977,train
800339,train
823005,train
823881,train
836071,train
818152,train
811370,train
808644,train
811997,train
799930,train
839450,train
840081,train
835285,train
804500,train
803913,train
818651,train
823422,train
824308,train
842030,train
831046,train
798626,train
811771,train
838727,train
840940,train
802773,train
835377,train
835273,train
800612,train
836729,train
832997,train
815257,train
822297,train
803408,train
814429,train
822641,train
826442,train
828984,train
839622,train
836483,train
836258,train
825766,train
803892,train
839698,train
827769,train
819667,train
817677,train
819542,train
839078,train
825237,train
808720,train
833639,train
808490,train
823691,train
798317,train
801056,train
839657,train
811483,train
841407,train
833749,train
820107,train
805701,train
807589,train
824253,train
838468,train
806146,train
827658,train
835546,train
806230,train
841417,train
800906,train
800432,train
838789,train
805702,train
809123,train
813144,train
813800,train
834134,train
839760,train
832701,train
807030,train
814148,train
834566,train
804767,train
811032,train
825985,train
834530,train
819064,train
809751,train
825794,train
842955,train
810276,train
805743,train
808769,train
840772,train
800675,train
802990,train
840385,train
819609,train
813837,train
807142,train
828059,train
805176,train
825981,train
803972,train
828103,train
841142,train
814688,train
829908,train
828191,train
824392,train
836955,train
808919,train
813538,train
838196,train
818355,train
837460,train
819622,train
806109,train
830507,train
813281,train
805000,train
840142,train
827861,train
820195,train
830867,train
818464,train
806471,train
828517,train
827732,train
801832,train
838953,train
812529,train
835116,train
824920,train
818554,train
811482,train
822928,train
802812,train
830937,train
839260,train
800835,train
843016,train
826266,train
807214,train
819438,train
809456,train
813814,train
832161,train
806798,train
818836,train
839385,train
800420,train
842158,train
803291,train
831229,train
803059,train
826433,train
839010,train
806677,train
820154,train
827042,train
822308,train
803702,train
824442,train
808955,train
829828,train
803372,train
811868,train
807187,train
801118,train
804888,train
831889,train
803375,train
836950,train
832180,train
800882,train
823551,train
834934,train
823845,train
820148,train
839853,train
841273,train
799728,train
815465,train
802331,train
801349,train
806849,train
808097,train
801708,train
810001,train
828698,train
831104,train
831230,train
827629,train
820298,train
834191,train
833283,train
840697,train
827379,train
826847,train
800653,train
813931,train
811348,train
814577,train
819545,train
817652,train
819723,train
817168,train
838886,train
801733,train
809904,train
808398,train
826368,train
806974,train
802496,train
813309,train
814972,train
812521,train
837969,train
803444,train
801511,train
831381,train
812298,train
819009,train
829915,train
799705,train
827505,train
837739,train
810416,train
823501,train
810218,train
814759,train
798781,train
835107,train
808857,train
809967,train
842726,train
799443,train
813437,train
824523,train
830747,train
811984,train
832223,train
839172,train
823839,train
840665,train
798106,train
810662,train
813070,train
798520,train
825220,train
828122,train
800232,train
823222,train
798937,train
829019,train
817633,train
831446,train
823636,train
798390,train
805862,train
818699,train
839208,train
801046,train
803119,train
828817,train
806861,train
832317,train
817915,train
828794,train
833718,train
799376,train
828558,train
824380,train
830262,train
799347,train
814697,train
834360,train
808150,train
825616,train
803880,train
828440,train
826470,train
826784,train
800150,train
806890,train
798201,train
834945,train
806264,train
839634,train
829353,train
815595,train
825822,train
822866,train
833754,train
823662,train
804848,train
837884,train
799832,train
842136,train
833083,train
798612,train
820057,train
799656,train
833876,train
838559,train
808789,train
841773,train
814379,train
834791,train
837689,train
842682,train
823547,train
799012,train
801369,train
810502,train
802270,train
828618,train
823157,train
818832,train
831223,train
801906,train
835403,train
818000,train
831210,train
836575,train
810516,train
835506,train
808807,train
815614,train
810635,train
824312,train
817553,train
841932,train
838211,train
802430,train
801590,train
813615,train
813315,train
819276,train
832214,train
830834,train
816996,train
826909,train
840682,train
805419,train
805892,train
802294,train
827082,train
813028,train
835552,train
831733,train
800977,train
809458,train
828220,train
798091,train
840139,train
810519,train
800280,train
833879,train
808820,train
830762,train
817486,train
810076,train
823966,train
823891,train
837608,train
837898,train
842268,train
840561,train
812873,train
830477,train
800656,train
814011,train
804752,train
839583,train
830136,train
810113,train
833291,train
815596,train
830123,train
801048,train
805473,train
804618,train
825690,train
823860,train
823066,train
826436,train
815884,train
838204,train
839605,train
812542,train
805172,train
827316,train
816491,train
826365,train
808073,train
798615,train
833368,train
842009,train
819915,train
810527,train
839043,train
812794,train
829814,train
832567,train
801944,train
825720,train
835800,train
823601,train
810936,train
840481,train
832854,train
824132,train
841942,train
839751,train
800037,train
798085,train
803783,train
842991,train
803192,train
807888,train
808879,train
807941,train
842250,train
798120,train
831150,train
799885,train
804775,train
819744,train
808623,train
832196,train
811591,train
829993,train
816887,train
802394,train
802223,train
827614,train
831599,train
827631,train
820092,train
811614,train
816856,train
806997,train
826693,train
827397,train
829243,train
833332,train
809882,train
830682,train
831695,train
805435,train
805520,train
805975,train
829354,train
838512,train
814754,train
830410,train
815670,train
827619,train
831350,train
816657,train
809345,train
835382,train
843002,train
801321,train
803911,train
842368,train
841980,train
800993,train
833320,train
819427,train
817476,train
811941,train
811998,train
837532,train
803773,train
834615,train
826154,train
841304,train
830421,train
809866,train
801150,train
839788,train
831992,train
798323,train
827221,train
817343,train
814559,train
833210,train
824829,train
800931,train
820002,train
835649,train
837861,train
812203,train
814136,train
824046,train
836979,train
824708,train
819166,train
802981,train
825779,train
820187,train
841799,train
837485,train
806257,train
816172,train
827919,train
819520,train
811595,train
811184,train
802341,train
798302,train
815816,train
823614,train
836433,train
801030,train
830972,train
839649,train
801705,train
811500,train
801620,train
835616,train
827689,train
818315,train
836450,train
798666,train
818631,train
831735,train
824849,train
807404,train
825569,train
815519,train
815803,train
826708,train
842422,train
837096,train
806334,train
822371,train
816078,train
807599,train
810101,train
802202,train
824786,train
817989,train
814775,train
832511,train
834937,train
827083,train
840532,train
810878,train
840364,train
808893,train
798416,train
799198,train
839569,train
819121,train
802995,train
813918,train
801359,train
806155,train
815681,train
803426,train
801816,train
824609,train
832758,train
825868,train
807711,train
825111,train
839732,train
827428,train
798548,train
818687,train
800938,train
798968,train
828542,train
826872,train
835629,train
822487,train
824210,train
799083,train
828185,train
818525,train
811944,train
838124,train
836846,train
818020,train
803533,train
806556,train
812546,train
824063,train
804923,train
823792,train
835480,train
836327,train
837344,train
809582,train
836167,train
841747,train
837212,train
825810,train
814668,train
823723,train
812004,train
842209,train
833807,train
818664,train
799916,train
802824,train
812187,train
823585,train
830381,train
827641,train
815458,train
831797,train
826758,train
808108,train
802997,train
804788,train
816835,train
809223,train
823322,train
839897,train
806336,train
830958,train
842894,train
801396,train
809177,train
813809,train
816984,train
841451,train
827666,train
824447,train
832936,train
834435,train
812317,train
841085,train
830800,train
804576,train
822457,train
798856,train
798183,train
838217,train
833902,train
839008,train
808075,train
838650,train
805991,train
813716,train
815957,train
832729,train
827634,train
834009,train
816388,train
800088,train
840863,train
808599,train
839061,train
832789,train
830311,train
798512,train
829467,train
834604,train
831145,train
836414,train
840637,train
841082,train
822913,train
833773,train
813851,train
799571,train
817997,train
822578,train
799502,train
819700,train
807005,train
803559,train
835888,train
816228,train
816404,train
802621,train
810130,train
841802,train
841753,train
843250,train
819668,train
809353,train
813757,train
798689,train
813802,train
808198,train
837981,train
834964,train
812833,train
798651,train
820128,train
799250,train
818462,train
803499,train
835802,train
832305,train
837116,train
798645,train
804459,train
830203,train
799431,train
800120,train
826139,train
812169,train
823351,train
829088,train
825005,train
827131,train
842126,train
811162,train
818828,train
798553,train
810380,train
798744,train
802959,train
802971,train
826578,train
826624,train
800799,train
827795,train
836920,train
802142,train
828227,train
808810,train
813838,train
834969,train
812316,train
827844,train
811430,train
813567,train
817089,train
799192,train
827094,train
798318,train
803232,train
800875,train
809125,train
800296,train
812230,train
828499,train
832297,train
799620,train
825478,train
824125,train
801619,train
812376,train
807539,train
841731,train
829440,train
808988,train
819635,train
836806,train
824495,train
818586,train
819760,train
805940,train
806246,train
814078,train
842222,train
806814,train
825314,train
829617,train
832240,train
831426,train
819705,train
803298,train
828238,train
800124,train
839313,train
813786,train
807119,train
805521,train
802695,train
810419,train
807338,train
811485,train
823183,train
835257,train
814582,train
825520,train
842841,train
812903,train
816263,train
799690,train
818368,train
825508,train
841890,train
800412,train
809292,train
824137,train
807928,train
810777,train
805295,train
832625,train
803198,train
826739,train
824928,train
817483,train
838066,train
811518,train
823863,train
809957,train
812839,train
814214,train
838074,train
837309,train
817558,train
798571,train
840058,train
809137,train
825579,train
842941,train
838426,train
822555,train
818200,train
834084,train
820182,train
810086,train
800578,train
812419,train
824221,train
813308,train
801769,train
807216,train
838602,train
803035,train
837842,train
811095,train
830079,train
808170,train
835319,train
811506,train
837390,train
841406,train
813944,train
840032,train
834637,train
805914,train
800842,train
836917,train
831323,train
803802,train
802368,train
812254,train
810375,train
837664,train
816505,train
820345,train
838501,train
815194,train
800180,train
814242,train
819731,train
826437,train
800772,train
819613,train
805343,train
826671,train
812420,train
841415,train
812054,train
825621,train
807598,train
810740,train
817067,train
812944,train
834727,train
805063,train
815045,train
817028,train
799590,train
806135,train
831340,train
818891,train
815233,train
813620,train
808210,train
832698,train
796224,train
838990,train
837835,train
839609,train
799566,train
800272,train
804910,train
827331,train
816267,train
830859,train
826024,train
837412,train
827246,train
802339,train
800048,train
829465,train
809129,train
814130,train
804850,train
836213,train
826644,train
815367,train
836161,train
817423,train
813507,train
831507,train
802928,train
815425,train
827043,train
830620,train
833957,train
807148,train
823079,train
818030,train
839512,train
842959,train
814104,train
835608,train
842129,train
809486,train
815879,train
829726,train
842398,train
827892,train
823370,train
825417,train
822435,train
837572,train
823013,train
801820,train
816998,train
800503,train
829626,train
823967,train
840487,train
825573,train
802638,train
809842,train
798258,train
816079,train
831005,train
812250,train
815410,train
824116,train
812319,train
828690,train
798785,train
807750,train
839722,train
802170,train
812803,train
831642,train
802373,train
802527,train
827934,train
801480,train
819582,train
841395,train
810100,train
800261,train
808986,train
808664,train
819384,train
806762,train
819279,train
803706,train
815928,train
833631,train
832574,train
814569,train
802203,train
827935,train
798639,train
827559,train
814727,train
818129,train
798203,train
820304,train
825093,train
834147,train
817715,train
817123,train
828865,train
832780,train
812442,train
835925,train
816523,train
839802,train
817005,train
802351,train
827367,train
801316,train
807868,train
831248,train
842015,train
829435,train
827128,train
824102,train
830140,train
814653,train
800717,train
842156,train
817105,train
807201,train
824156,train
798966,train
837756,train
816400,train
842778,train
814847,train
826152,train
799517,train
841587,train
842700,train
831304,train
807602,train
818421,train
830536,train
829006,train
824635,train
833297,train
818459,train
807876,train
802544,train
808125,train
810615,train
820189,train
841419,train
819808,train
801228,train
801497,train
841492,train
829506,train
820340,train
827902,train
828777,train
809632,train
801968,train
811220,train
805837,train
806991,train
833212,train
810872,train
809799,train
828840,train
799836,train
822850,train
842186,train
814538,train
833889,train
814607,train
826965,train
839323,train
798232,train
840125,train
837613,train
837451,train
820318,train
837811,train
832325,train
824748,train
834591,train
818111,train
838311,train
832386,train
800135,train
827313,train
823640,train
834458,train
823249,train
839433,train
832799,train
842281,train
803590,train
799850,train
814350,train
820301,train
837934,train
837930,train
806399,train
825156,train
839572,train
802280,train
798467,train
828309,train
820210,train
825540,train
839650,train
840047,train
834909,train
832121,train
828836,train
836897,train
818995,train
813741,train
800694,train
800315,train
837459,train
831373,train
830795,train
837548,train
803376,train
839443,train
816771,train
815192,train
838790,train
800589,train
802655,train
810716,train
837687,train
839289,train
827118,train
801419,train
840329,train
808914,train
799227,train
813902,train
840339,train
825809,train
834080,train
807966,train
834629,train
827949,train
827226,train
802511,train
810856,train
808887,train
824964,train
811350,train
803159,train
814725,train
835252,train
837547,train
809800,train
829998,train
803628,train
817128,train
841989,train
839846,train
806892,train
843203,train
830149,train
806949,train
803716,train
818552,train
828726,train
814220,train
811054,train
834796,train
801936,train
833494,train
835919,train
827999,train
812375,train
841240,train
813441,train
835332,train
805403,train
803272,train
838437,train
834660,train
801323,train
808471,train
838661,train
799674,train
819348,train
827521,train
826408,train
826175,train
815064,train
800203,train
811042,train
833278,train
831972,train
836265,train
815482,train
823565,train
801416,train
803017,train
803213,train
818218,train
834704,train
840064,train
803501,train
841367,train
815457,train
823829,train
809051,train
839084,train
842890,train
830592,train
832541,train
838555,train
822906,train
805008,train
801543,train
805287,train
811246,train
830350,train
829584,train
803430,train
811417,train
814085,train
814613,train
807370,train
824397,train
834305,train
819837,train
826823,train
806778,train
799400,train
811744,train
807897,train
842260,train
816077,train
811121,train
813859,train
801596,train
837347,train
798090,train
811182,train
823724,train
816463,train
815339,train
828891,train
807128,train
819734,train
831914,train
831117,train
818584,train
805938,train
832939,train
798887,train
818551,train
829762,train
826324,train
811821,train
834541,train
832633,train
812561,train
817003,train
801603,train
808904,train
835246,train
842157,train
806214,train
828523,train
802665,train
808172,train
816442,train
805941,train
811261,train
800584,train
810232,train
801656,train
837603,train
809304,train
834700,train
831160,train
835879,train
825133,train
800575,train
829498,train
835466,train
837745,train
837129,train
841487,train
842133,train
814485,train
831342,train
799681,train
841565,train
818921,train
800304,train
815119,train
837940,train
835606,train
832604,train
824818,train
814323,train
828872,train
806207,train
839407,train
834143,train
825418,train
816287,train
817327,train
808444,train
829602,train
807155,train
837847,train
799176,train
819947,train
819071,train
823970,train
812111,train
841583,train
839344,train
800138,train
837899,train
800661,train
837944,train
818521,train
805099,train
799785,train
812214,train
834743,train
839197,train
800543,train
809556,train
826628,train
831578,train
825994,train
828213,train
798499,train
834614,train
823641,train
808406,train
800750,train
804672,train
811825,train
816020,train
807430,train
823540,train
816958,train
841478,train
829893,train
834002,train
809755,train
806219,train
806112,train
818960,train
802026,train
841595,train
801380,train
816514,train
817614,train
802838,train
802076,train
828158,train
808369,train
805164,train
814320,train
833366,train
798584,train
811155,train
807799,train
813199,train
818086,train
811228,train
801983,train
815808,train
804740,train
838733,train
836251,train
818885,train
832921,train
816130,train
831947,train
822699,train
813052,train
824599,train
808275,train
839967,train
816812,train
804602,train
818224,train
831171,train
828617,train
836285,train
810858,train
807339,train
799969,train
823996,train
829335,train
831482,train
835455,train
838194,train
831130,train
809097,train
829101,train
828414,train
837117,train
813371,train
808884,train
839356,train
842159,train
803445,train
829570,train
819431,train
799853,train
800430,train
814658,train
819596,train
837496,train
826447,train
841154,train
842005,train
819830,train
813976,train
799319,train
841801,train
834347,train
799217,train
837656,train
842883,train
803289,train
803447,train
843119,train
815249,train
836107,train
801300,train
841856,train
803630,train
810301,train
838896,train
836344,train
833287,train
827403,train
841944,train
835199,train
830109,train
831037,train
843069,train
799759,train
811274,train
813485,train
832507,train
808526,train
807863,train
842463,train
816650,train
817883,train
817722,train
801094,train
815362,train
816123,train
830750,train
806085,train
823097,train
798384,train
833734,train
834201,train
805525,train
828418,train
813093,train
827863,train
841212,train
817480,train
824671,train
809471,train
818371,train
801368,train
802817,train
841717,train
803615,train
831093,train
817879,train
811310,train
807976,train
809963,train
829125,train
829583,train
811263,train
833599,train
822807,train
835532,train
842489,train
842723,train
839001,train
800569,train
806385,train
841489,train
810026,train
825909,train
827321,train
837634,train
834533,train
824098,train
823102,train
805927,train
812044,train
842899,train
798259,train
828016,train
838694,train
808860,train
825642,train
827746,train
838334,train
803909,train
798868,train
825492,train
833482,train
809495,train
842016,train
811361,train
801424,train
840259,train
839332,train
841411,train
814667,train
817010,train
827454,train
814357,train
834280,train
825023,train
839056,train
827187,train
825711,train
815695,train
822813,train
832787,train
807516,train
832900,train
800478,train
840619,train
809022,train
815790,train
798954,train
838734,train
826239,train
831456,train
799325,train
822540,train
803886,train
801216,train
834997,train
825900,train
823254,train
803764,train
839954,train
804748,train
809484,train
828772,train
839975,train
828445,train
831123,train
799165,train
839548,train
836594,train
832978,train
803737,train
816405,train
800557,train
840174,train
834170,train
809518,train
834546,train
837190,train
829079,train
842340,train
801278,train
798260,train
818528,train
809474,train
816949,train
829663,train
800174,train
818019,train
837810,train
822735,train
814645,train
826124,train
840914,train
819283,train
817055,train
840620,train
841934,train
840343,train
809119,train
812007,train
812574,train
828771,train
800437,train
817668,train
826242,train
807637,train
823960,train
806252,train
798957,train
816901,train
801461,train
839506,train
800845,train
801609,train
823476,train
830936,train
825655,train
814198,train
819118,train
825053,train
800545,train
802964,train
811140,train
819004,train
818049,train
814750,train
818512,train
830529,train
814174,train
818045,train
798546,train
839675,train
838551,train
802272,train
829415,train
812355,train
835186,train
810260,train
816964,train
799219,train
824074,train
840760,train
834808,train
834275,train
810509,train
803884,train
805765,train
830259,train
809343,train
823080,train
801688,train
823031,train
809705,train
806115,train
835611,train
827635,train
841449,train
842190,train
803347,train
833630,train
798602,train
829392,train
802218,train
812141,train
839604,train
817631,train
842950,train
827873,train
842331,train
830319,train
823665,train
806173,train
811219,train
805731,train
808091,train
836439,train
804971,train
834390,train
800313,train
800754,train
810620,train
814088,train
833381,train
798767,train
819073,train
839185,train
802747,train
807714,train
841458,train
831033,train
840536,train
841305,train
834050,train
806964,train
801171,train
842559,train
841152,train
835416,train
806894,train
836293,train
830263,train
839594,train
834650,train
841174,train
807773,train
838230,train
835827,train
838435,train
810009,train
831041,train
833555,train
800838,train
841947,train
807224,train
801634,train
834623,train
801088,train
819776,train
800563,train
837192,train
841887,train
810577,train
822470,train
822861,train
803528,train
838497,train
799022,train
828579,train
808425,train
842848,train
823956,train
814155,train
812057,train
808823,train
818123,train
839557,train
800794,train
824220,train
833445,train
808171,train
805885,train
809925,train
828044,train
827596,train
822394,train
833529,train
832791,train
825421,train
827933,train
800657,train
834062,train
825875,train
841517,train
807333,train
841363,train
828018,train
842836,train
839488,train
800568,train
837216,train
809760,train
834006,train
822482,train
825486,train
798811,train
843122,train
809646,train
827343,train
824384,train
831406,train
833085,train
833277,train
828799,train
810525,train
799859,train
824223,train
831094,train
826218,train
832772,train
808096,train
825482,train
811189,train
798933,train
827039,train
822803,train
829068,train
810486,train
808450,train
832230,train
814129,train
815417,train
828797,train
824579,train
838466,train
833153,train
806842,train
826810,train
807161,train
839623,train
808579,train
830531,train
818054,train
813949,train
803187,train
829307,train
802742,train
831063,train
805784,train
822350,train
814312,train
832808,train
810407,train
842447,train
803823,train
823606,train
809671,train
835471,train
805965,train
833386,train
805418,train
811434,train
811017,train
799098,train
801635,train
804967,train
806614,train
817584,train
833493,train
809933,train
833179,train
835890,train
818276,train
815260,train
836074,train
828472,train
801121,train
820193,train
810241,train
810998,train
805591,train
824357,train
825608,train
826289,train
831638,train
830523,train
813446,train
814505,train
798952,train
809330,train
828503,train
807530,train
838901,train
802398,train
825662,train
799055,train
811847,train
827922,train
827300,train
816455,train
840332,train
809044,train
843085,train
814628,train
798477,train
839261,train
816014,train
808976,train
813257,train
800665,train
804760,train
839411,train
831016,train
810452,train
843149,train
839560,train
798121,train
803832,train
822301,train
825143,train
813491,train
805330,train
839019,train
825910,train
824248,train
811457,train
838698,train
803596,train
811687,train
836377,train
838591,train
808834,train
817293,train
826224,train
838047,train
808901,train
799827,train
832044,train
824666,train
843242,train
842891,train
820254,train
828878,train
826126,train
807256,train
816270,train
815321,train
841277,train
834357,train
811566,train
802013,train
801597,train
802978,train
838116,train
838192,train
838925,train
817184,train
832751,train
826773,train
834365,train
801503,train
811003,train
807391,train
836460,train
825365,train
810114,train
810051,train
803906,train
809478,train
814772,train
798192,train
839258,train
801833,train
805158,train
807931,train
808854,train
811511,train
807345,train
838510,train
803949,train
842448,train
841678,train
842139,train
833152,train
838199,train
806255,train
814422,train
826975,train
818913,train
842872,train
803591,train
814328,train
826305,train
842565,train
809714,train
824065,train
836326,train
810384,train
832986,train
802232,train
817628,train
838629,train
842311,train
828652,train
799356,train
838226,train
827222,train
823333,train
834900,train
834833,train
829164,train
831455,train
842072,train
800721,train
814982,train
803197,train
800473,train
802525,train
831211,train
814937,train
842389,train
809744,train
808819,train
840727,train
815042,train
813794,train
816723,train
831433,train
817829,train
838150,train
834088,train
801398,train
830430,train
835488,train
823311,train
829340,train
805937,train
828599,train
826351,train
842886,train
816758,train
801740,train
831259,train
801022,train
830749,train
819299,train
806874,train
835317,train
812135,train
800804,train
841149,train
814728,train
808228,train
838022,train
813271,train
838598,train
818735,train
842992,train
819745,train
815802,train
803627,train
838197,train
806535,train
803741,train
839206,train
802570,train
829833,train
809150,train
815688,train
803610,train
822964,train
799383,train
822764,train
839188,train
833547,train
841386,train
819857,train
826373,train
840573,train
829148,train
834860,train
837787,train
817988,train
800025,train
798277,train
818319,train
817876,train
809902,train
810656,train
811544,train
839343,train
819385,train
838200,train
816521,train
798104,train
809328,train
839088,train
823472,train
839022,train
826481,train
812151,train
813828,train
830737,train
803370,train
809365,train
817036,train
833859,train
810556,train
808181,train
835058,train
840071,train
812062,train
811918,train
806341,train
824930,train
807485,train
834695,train
828036,train
809861,train
840446,train
836185,train
798179,train
842490,train
801579,train
803870,train
842677,train
841083,train
835323,train
830613,train
810597,train
813579,train
836116,train
810102,train
841885,train
801943,train
803051,train
815527,train
832902,train
808804,train
832468,train
829351,train
824840,train
802542,train
819948,train
842727,train
810098,train
837061,train
808295,train
828661,train
840033,train
839556,train
804875,train
814240,train
825633,train
809499,train
810200,train
838594,train
836158,train
801999,train
809880,train
806530,train
836307,train
809710,train
837315,train
835542,train
836570,train
798901,train
814561,train
825001,train
832950,train
804466,train
800288,train
805117,train
809830,train
831752,train
806101,train
837633,train
817888,train
830489,train
806829,train
819249,train
800070,train
825680,train
798307,train
831767,train
834136,train
810286,train
839861,train
809888,train
832295,train
809315,train
824176,train
826607,train
809747,train
809756,train
814571,train
809076,train
826415,train
838814,train
805959,train
829001,train
828649,train
820108,train
833521,train
809599,train
834342,train
807060,train
804783,train
837440,train
832731,train
809804,train
799342,train
831901,train
823455,train
816340,train
833843,train
842155,train
830277,train
815633,train
802031,train
822614,train
823260,train
816249,train
813219,train
798817,train
833382,train
834482,train
830426,train
801076,train
812041,train
822991,train
829027,train
827430,train
813432,train
834268,train
839917,train
840167,train
840691,train
801660,train
814853,train
813608,train
810196,train
802768,train
823645,train
823531,train
814071,train
808584,train
834993,train
799864,train
813374,train
835909,train
810466,train
840340,train
839071,train
825724,train
819576,train
829551,train
812228,train
830960,train
828683,train
810535,train
824093,train
812623,train
805638,train
839526,train
813407,train
799521,train
807944,train
824350,train
801266,train
836037,train
829852,train
813090,train
829356,train
809151,train
804891,train
815923,train
835130,train
825475,train
820251,train
830074,train
814390,train
826606,train
814195,train
840496,train
841192,train
818845,train
822686,train
805293,train
814765,train
803538,train
833237,train
808621,train
812881,train
838928,train
806152,train
841252,train
801550,train
807399,train
811487,train
830649,train
802278,train
800711,train
830995,train
800254,train
838118,train
838518,train
833163,train
834438,train
833290,train
841173,train
807376,train
840896,train
843161,train
842989,train
817567,train
842858,train
810456,train
824484,train
802968,train
817141,train
823702,train
834376,train
834988,train
837248,train
842404,train
831024,train
824965,train
801117,train
813294,train
803307,train
823261,train
826410,train
816217,train
806663,train
827171,train
837059,train
812050,train
816966,train
830110,train
831243,train
833674,train
800283,train
811978,train
810036,train
808078,train
816259,train
806943,train
832359,train
797948,train
802753,train
825420,train
798225,train
817199,train
822451,train
834619,train
798808,train
800251,train
835149,train
841763,train
823224,train
829871,train
834066,train
799807,train
805448,train
800113,train
816381,train
809557,train
801996,train
802298,train
800738,train
832642,train
838055,train
842568,train
810834,train
840643,train
815404,train
826288,train
819708,train
801491,train
817763,train
805331,train
799907,train
838208,train
813484,train
834524,train
832290,train
836548,train
820126,train
812305,train
815837,train
834831,train
801130,train
810927,train
813222,train
799999,train
818426,train
833244,train
831081,train
814495,train
834706,train
836360,train
843048,train
838220,train
840777,train
801515,train
813116,train
804963,train
813409,train
833020,train
824013,train
813703,train
834746,train
812199,train
801026,train
818728,train
838083,train
834270,train
823938,train
822429,train
829748,train
822742,train
822355,train
812287,train
817841,train
813235,train
799582,train
828936,train
842977,train
818876,train
833305,train
808476,train
801972,train
811103,train
832208,train
832652,train
834481,train
816188,train
815013,train
830789,train
799934,train
801193,train
801236,train
834519,train
823248,train
798969,train
824595,train
810330,train
800095,train
814365,train
816390,train
807177,train
831306,train
814638,train
812113,train
806137,train
833549,train
839225,train
825174,train
835581,train
799717,train
840464,train
839271,train
823686,train
810185,train
803433,train
836330,train
815051,train
819736,train
800005,train
826225,train
814139,train
800462,train
823541,train
820261,train
834029,train
829179,train
834370,train
835092,train
840336,train
836986,train
818387,train
816244,train
803092,train
802502,train
798667,train
803122,train
834538,train
826832,train
834553,train
806561,train
802317,train
822496,train
799102,train
829840,train
818980,train
838584,train
835456,train
825396,train
824872,train
799348,train
837482,train
831025,train
798687,train
825412,train
817820,train
838959,train
801679,train
826871,train
835601,train
832183,train
835642,train
807836,train
835132,train
822894,train
839238,train
842388,train
827141,train
800056,train
812286,train
824247,train
801638,train
813366,train
808087,train
807828,train
814875,train
807487,train
799557,train
823726,train
820105,train
827833,train
815745,train
803068,train
818344,train
826267,train
828816,train
824806,train
837044,train
824205,train
817681,train
833444,train
802717,train
829812,train
811181,train
809236,train
814049,train
834442,train
830706,train
834759,train
801644,train
836208,train
798117,train
824790,train
838480,train
813077,train
814524,train
810857,train
805768,train
813111,train
837311,train
803683,train
832512,train
833855,train
806931,train
815324,train
839496,train
809593,train
832287,train
832649,train
814600,train
831959,train
802874,train
835135,train
831349,train
803297,train
830924,train
830666,train
824428,train
819223,train
812609,train
808778,train
813654,train
826171,train
801054,train
833429,train
811202,train
803750,train
833953,train
819487,train
828656,train
824722,train
826885,train
834283,train
836860,train
800259,train
833822,train
818199,train
835663,train
798586,train
805540,train
817999,train
813810,train
802420,train
799936,train
811394,train
803046,train
825408,train
823581,train
824190,train
801155,train
810617,train
813086,train
806609,train
809613,train
832825,train
799997,train
842546,train
807525,train
801490,train
822839,train
819304,train
805260,train
828242,train
822443,train
835018,train
839223,train
807610,train
835458,train
801809,train
838178,train
813842,train
798063,train
828106,train
800533,train
833948,train
802293,train
834018,train
817748,train
801024,train
809298,train
833506,train
809189,train
831702,train
805614,train
831478,train
808885,train
801671,train
814179,train
809828,train
826931,train
834967,train
832901,train
839046,train
805402,train
810992,train
798691,train
823513,train
802493,train
827432,train
809395,train
813816,train
811507,train
809881,train
808491,train
820308,train
830024,train
828668,train
819333,train
817158,train
837167,train
814560,train
805519,train
824578,train
839275,train
806703,train
823132,train
809158,train
798634,train
801806,train
838903,train
816773,train
802411,train
814125,train
826068,train
828397,train
841321,train
808716,train
826395,train
837770,train
805335,train
806823,train
808547,train
836164,train
798295,train
825383,train
813453,train
815384,train
833228,train
814192,train
835001,train
810648,train
807656,train
799340,train
806889,train
832801,train
825641,train
811885,train
798296,train
822565,train
828956,train
842036,train
814698,train
834031,train
807777,train
816647,train
811265,train
805897,train
839025,train
811929,train
838657,train
824445,train
825160,train
802007,train
808006,train
842956,train
813940,train
817258,train
836721,train
806197,train
827288,train
827737,train
803183,train
838350,train
835402,train
823392,train
813130,train
832588,train
811139,train
799329,train
811258,train
822848,train
810869,train
831437,train
817685,train
825715,train
831424,train
799861,train
834805,train
842543,train
823952,train
813518,train
800231,train
819971,train
814014,train
805803,train
837537,train
834825,train
834840,train
798819,train
809969,train
835027,train
827085,train
836895,train
832777,train
828045,train
823471,train
822956,train
810746,train
802559,train
820219,train
816754,train
818731,train
823772,train
835479,train
813974,train
803353,train
840311,train
842185,train
824975,train
826323,train
832105,train
812405,train
802213,train
835136,train
837220,train
819015,train
808186,train
813463,train
825707,train
823091,train
830376,train
835799,train
800559,train
800497,train
839233,train
823749,train
837087,train
837976,train
804682,train
829872,train
813397,train
807723,train
843255,train
803328,train
831320,train
798587,train
802935,train
810490,train
833878,train
804573,train
798925,train
806099,train
812795,train
842357,train
828097,train
825082,train
804503,train
831268,train
808372,train
806162,train
837584,train
829785,train
801447,train
822903,train
800211,train
823477,train
802878,train
802135,train
835512,train
802802,train
837735,train
813638,train
833129,train
839686,train
820186,train
839824,train
815353,train
825463,train
814076,train
808890,train
810389,train
799277,train
823954,train
813489,train
801885,train
805319,train
811225,train
809111,train
825027,train
801719,train
839562,train
815101,train
818028,train
842874,train
823944,train
813990,train
839242,train
806852,train
839639,train
799349,train
800107,train
805450,train
803636,train
811134,train
838544,train
832599,train
834509,train
806322,train
832037,train
830888,train
800273,train
816587,train
809981,train
828861,train
827788,train
813578,train
830962,train
841848,train
833817,train
813457,train
818398,train
799438,train
829457,train
809041,train
833875,train
812275,train
842639,train
808707,train
837407,train
812404,train
808776,train
816981,train
830508,train
813674,train
842440,train
835595,train
806477,train
810826,train
839076,train
829986,train
809141,train
825195,train
830368,train
830365,train
833336,train
815536,train
838514,train
802069,train
805006,train
831102,train
825064,train
806828,train
803021,train
829992,train
835029,train
817041,train
819813,train
819062,train
811600,train
805534,train
816688,train
841919,train
803452,train
836035,train
812815,train
840376,train
799686,train
814134,train
836290,train
822501,train
809122,train
840140,train
817287,train
835090,train
834616,train
804890,train
807217,train
832732,train
837661,train
800278,train
800864,train
835473,train
806221,train
806989,train
799995,train
835871,train
801043,train
801242,train
837074,train
803218,train
822695,train
811492,train
834023,train
825696,train
814544,train
833802,train
839803,train
833103,train
832265,train
829009,train
816854,train
806241,train
797596,train
801040,train
802225,train
813057,train
809029,train
834037,train
835984,train
812578,train
802755,train
832744,train
803663,train
835818,train
803210,train
805361,train
815181,train
829374,train
826709,train
806273,train
810591,train
823589,train
836533,train
828032,train
815224,train
830998,train
836921,train
802030,train
808872,train
802568,train
828152,train
823272,train
823778,train
798365,train
815340,train
805081,train
800378,train
799445,train
804464,train
841888,train
814325,train
804659,train
832925,train
840476,train
801141,train
820070,train
811244,train
823323,train
824121,train
826783,train
815521,train
810015,train
807101,train
803903,train
811584,train
798514,train
833687,train
817965,train
818352,train
799615,train
817310,train
802726,train
805677,train
830341,train
833539,train
799892,train
813759,train
825476,train
802951,train
817867,train
807297,train
828138,train
809195,train
832200,train
832763,train
828167,train
840861,train
838114,train
811308,train
834785,train
810110,train
839184,train
816327,train
825895,train
832109,train
801727,train
816676,train
823190,train
835108,train
840083,train
823442,train
822532,train
825000,train
818959,train
829500,train
807341,train
822722,train
823294,train
802338,train
798928,train
828104,train
810186,train
839626,train
801377,train
818333,train
815635,train
816959,train
823332,train
803557,train
838540,train
831126,train
812535,train
814570,train
804590,train
819974,train
806182,train
806560,train
802442,train
826341,train
842494,train
806760,train
835033,train
818194,train
823984,train
816488,train
841294,train
829842,train
800014,train
807257,train
828509,train
832659,train
841421,train
837921,train
837824,train
810678,train
825795,train
825386,train
842936,train
825147,train
825750,train
820129,train
805344,train
806527,train
820166,train
837098,train
802557,train
812133,train
817575,train
818997,train
799252,train
806816,train
810546,train
813575,train
806773,train
823842,train
840627,train
814402,train
805668,train
833924,train
835270,train
810382,train
808384,train
813018,train
807813,train
839807,train
837437,train
829515,train
833401,train
833084,train
833251,train
815009,train
806922,train
826767,train
818808,train
798266,train
807848,train
811416,train
827165,train
799818,train
799302,train
809308,train
818273,train
806188,train
807531,train
800319,train
800935,train
800323,train
831913,train
842690,train
833562,train
809109,train
800513,train
825091,train
811266,train
802447,train
839599,train
800939,train
799103,train
813695,train
825777,train
809368,train
834026,train
824990,train
816021,train
839509,train
831734,train
827375,train
800446,train
822732,train
817238,train
835061,train
834543,train
815418,train
804614,train
802962,train
836957,train
799448,train
801066,train
799761,train
831587,train
842837,train
801077,train
815078,train
811627,train
810388,train
798964,train
823067,train
839537,train
816799,train
840811,train
835692,train
806577,train
838024,train
809778,train
809329,train
833891,train
828622,train
800441,train
804907,train
837124,train
800051,train
827882,train
839851,train
811968,train
823942,train
831843,train
833174,train
800687,train
801039,train
803416,train
805407,train
813769,train
834417,train
810976,train
811991,train
818042,train
804447,train
808891,train
843115,train
837100,train
804765,train
840237,train
835113,train
829023,train
816502,train
816584,train
805554,train
811582,train
823748,train
805816,train
837973,train
823680,train
823105,train
808464,train
837657,train
838725,train
807694,train
801265,train
841196,train
833282,train
835380,train
839287,train
801600,train
840785,train
813163,train
815644,train
816168,train
822629,train
818998,train
828612,train
815077,train
814483,train
842345,train
808145,train
819515,train
840408,train
802866,train
807985,train
817243,train
831407,train
825404,train
830339,train
815616,train
831020,train
812448,train
815121,train
836170,train
809783,train
828423,train
802980,train
835178,train
802900,train
836835,train
823886,train
806776,train
832003,train
828416,train
839432,train
817588,train
834544,train
827757,train
838580,train
839175,train
841194,train
807782,train
836022,train
813547,train
810290,train
798431,train
801007,train
823023,train
801664,train
811475,train
802273,train
798588,train
803262,train
815955,train
839348,train
827166,train
810503,train
800658,train
834586,train
819902,train
836064,train
823300,train
828376,train
818776,train
824780,train
831471,train
806414,train
820112,train
839624,train
804707,train
828334,train
799500,train
828745,train
816048,train
842979,train
810564,train
829333,train
806519,train
839169,train
816427,train
806215,train
827421,train
843084,train
805207,train
812377,train
838750,train
836882,train
805433,train
801355,train
825251,train
820258,train
842575,train
804629,train
843038,train
833224,train
805736,train
835525,train
806900,train
798413,train
800421,train
799605,train
807708,train
806113,train
812849,train
823317,train
827347,train
827352,train
805810,train
806884,train
826833,train
829813,train
815336,train
818380,train
815480,train
815017,train
835378,train
825309,train
817176,train
834896,train
833514,train
820217,train
840039,train
807106,train
800554,train
817160,train
823180,train
842987,train
829178,train
818865,train
803164,train
842612,train
814878,train
803777,train
840078,train
802569,train
825514,train
830653,train
798448,train
814914,train
841434,train
829756,train
819767,train
831976,train
814201,train
802245,train
838034,train
810007,train
815393,train
815942,train
818875,train
829018,train
803529,train
831445,train
809190,train
804460,train
809016,train
836981,train
837959,train
825789,train
817489,train
817277,train
840820,train
815542,train
827745,train
803435,train
808878,train
826696,train
805861,train
830727,train
806132,train
799847,train
835517,train
809797,train
822491,train
825250,train
839706,train
812505,train
828019,train
812330,train
837822,train
813451,train
799172,train
800958,train
802090,train
812154,train
834627,train
827851,train
800852,train
801780,train
817852,train
813351,train
833333,train
815213,train
829328,train
833271,train
834499,train
802168,train
807519,train
813742,train
806236,train
827843,train
818855,train
810285,train
812299,train
829228,train
839682,train
827646,train
832237,train
838844,train
816685,train
831808,train
826411,train
823721,train
838561,train
837540,train
806595,train
798641,train
835097,train
812961,train
815611,train
840320,train
809162,train
799701,train
814277,train
818479,train
816445,train
818978,train
811327,train
827415,train
817048,train
832380,train
834287,train
804987,train
831436,train
818114,train
829204,train
833932,train
808610,train
828313,train
811936,train
840249,train
811647,train
829616,train
842939,train
829172,train
841787,train
799283,train
798251,train
833453,train
806879,train
807847,train
811407,train
835767,train
819899,train
807132,train
819083,train
820147,train
812487,train
801887,train
804905,train
840440,train
838172,train
837697,train
807046,train
838960,train
839042,train
816412,train
833533,train
809314,train
837026,train
829971,train
817394,train
812523,train
829407,train
830100,train
835105,train
836199,train
838129,train
811036,train
825243,train
837807,train
832827,train
816839,train
836738,train
813727,train
831718,train
830033,train
813774,train
836157,train
831821,train
811174,train
814625,train
825753,train
811838,train
838996,train
807790,train
808773,train
803602,train
823303,train
824866,train
814393,train
803153,train
841761,train
815267,train
829894,train
807767,train
798451,train
813932,train
798436,train
820253,train
816714,train
824587,train
830744,train
809577,train
835605,train
823377,train
799660,train
842189,train
805268,train
807141,train
823266,train
802682,train
810670,train
811163,train
834001,train
809946,train
838352,train
839744,train
819727,train
833893,train
825124,train
811542,train
834049,train
831137,train
813423,train
806177,train
814942,train
826670,train
841503,train
837575,train
809334,train
822792,train
840143,train
807051,train
842057,train
832552,train
838479,train
818014,train
832306,train
822520,train
803424,train
814098,train
818655,train
842788,train
835047,train
831942,train
802108,train
823654,train
814057,train
836571,train
836007,train
813934,train
808613,train
817727,train
828506,train
802393,train
837927,train
829697,train
835759,train
837068,train
834904,train
806605,train
807200,train
829696,train
804966,train
826469,train
817516,train
833026,train
802952,train
834710,train
799889,train
823017,train
834822,train
816507,train
830360,train
800065,train
824314,train
829292,train
837304,train
830764,train
833250,train
802585,train
836748,train
808112,train
817145,train
805174,train
819746,train
799816,train
842183,train
838121,train
835449,train
802743,train
837742,train
842354,train
819156,train
824290,train
803193,train
823767,train
818401,train
819420,train
826386,train
827491,train
799919,train
807873,train
841526,train
829669,train
823087,train
834628,train
807963,train
837544,train
828015,train
817724,train
834243,train
825588,train
804504,train
814411,train
838637,train
837284,train
802440,train
799704,train
837438,train
818545,train
809720,train
838507,train
813420,train
814165,train
814563,train
822461,train
838365,train
799034,train
825017,train
819057,train
813571,train
841783,train
834446,train
820006,train
825457,train
829327,train
818723,train
825369,train
817565,train
832708,train
823161,train
834175,train
823888,train
822464,train
817870,train
815983,train
842584,train
832653,train
798904,train
823976,train
799715,train
805294,train
824637,train
834995,train
809542,train
803898,train
835084,train
805545,train
801194,train
798678,train
831763,train
799288,train
812784,train
836838,train
832697,train
835453,train
814375,train
814612,train
819032,train
805611,train
837781,train
840686,train
828576,train
828196,train
840171,train
826448,train
801132,train
823734,train
842696,train
837441,train
841309,train
835511,train
839679,train
801353,train
809978,train
834580,train
816899,train
807914,train
838988,train
813805,train
802871,train
798840,train
805286,train
828813,train
839892,train
841528,train
804486,train
823706,train
816817,train
809434,train
837132,train
809132,train
800806,train
832221,train
825056,train
835632,train
826958,train
809126,train
799614,train
836376,train
803203,train
816206,train
801697,train
842231,train
798344,train
816250,train
839875,train
822424,train
837091,train
814720,train
807640,train
838389,train
838068,train
810511,train
841508,train
827690,train
819353,train
812047,train
803296,train
823411,train
831729,train
833229,train
839054,train
830054,train
830375,train
829252,train
838704,train
842709,train
836082,train
838703,train
803673,train
828033,train
826740,train
835448,train
822541,train
832790,train
813247,train
813637,train
817075,train
805896,train
809295,train
801573,train
817034,train
813622,train
836932,train
803668,train
803807,train
832862,train
831928,train
802739,train
810608,train
811211,train
818177,train
841443,train
820211,train
804778,train
825526,train
832933,train
816179,train
804468,train
804957,train
802027,train
801443,train
834092,train
801889,train
842567,train
835039,train
829490,train
802478,train
802994,train
807286,train
801225,train
837188,train
813385,train
802147,train
818287,train
832157,train
840371,train
838478,train
830037,train
816624,train
832048,train
826548,train
825615,train
798280,train
805670,train
827067,train
818693,train
814045,train
810039,train
815094,train
799848,train
803667,train
842564,train
829906,train
815179,train
824417,train
798308,train
813879,train
834766,train
822442,train
829884,train
835412,train
824024,train
823530,train
805190,train
824349,train
805834,train
826508,train
805930,train
831215,train
823707,train
841414,train
831413,train
834890,train
808131,train
811057,train
831214,train
819550,train
800744,train
800372,train
839375,train
814700,train
817035,train
812068,train
809706,train
828473,train
832598,train
840213,train
827796,train
814182,train
828848,train
815416,train
813400,train
825260,train
836452,train
827665,train
830677,train
806678,train
820326,train
808956,train
820312,train
825423,train
807099,train
824992,train
835591,train
810776,train
800305,train
829230,train
836749,train
824670,train
815329,train
839613,train
808330,train
803505,train
802300,train
798654,train
824360,train
809574,train
832353,train
828852,train
834688,train
809521,train
802798,train
811415,train
839328,train
839813,train
841193,train
835752,train
800902,train
803534,train
823440,train
803852,train
832650,train
834173,train
803223,train
810694,train
814152,train
834802,train
829494,train
833809,train
834412,train
840753,train
836333,train
820224,train
830276,train
823635,train
802153,train
799865,train
824087,train
812163,train
836422,train
818050,train
799680,train
825754,train
818579,train
831657,train
820319,train
843221,train
825653,train
808503,train
834093,train
824040,train
834393,train
830094,train
826349,train
799699,train
838610,train
842705,train
815741,train
805090,train
802151,train
830272,train
801672,train
800332,train
838728,train
827538,train
810999,train
818958,train
802836,train
824624,train
817181,train
818661,train
804709,train
810626,train
817547,train
812525,train
822802,train
800950,train
804715,train
810069,train
822869,train
798565,train
802325,train
812854,train
832443,train
805126,train
808031,train
805110,train
823186,train
807606,train
838052,train
799466,train
843025,train
807725,train
832096,train
799148,train
803351,train
831801,train
826796,train
805724,train
837793,train
837577,train
824378,train
827661,train
830204,train
835747,train
810515,train
806105,train
837445,train
815911,train
811635,train
812785,train
818227,train
831297,train
815914,train
818408,train
811273,train
822608,train
834007,train
810199,train
808154,train
801191,train
829481,train
799305,train
801967,train
817496,train
798427,train
802332,train
801008,train
806902,train
826385,train
828108,train
822583,train
842975,train
824507,train
815637,train
839713,train
800324,train
831527,train
832949,train
825637,train
801897,train
828482,train
840919,train
817755,train
808836,train
842900,train
837030,train
798195,train
817167,train
819699,train
813345,train
835782,train
801042,train
839391,train
805430,train
823152,train
832472,train
814055,train
818985,train
815247,train
811064,train
842138,train
836852,train
813875,train
808777,train
800535,train
817961,train
817986,train
808675,train
824184,train
827500,train
816301,train
816564,train
819247,train
835654,train
801385,train
834780,train
806372,train
808086,train
803102,train
825877,train
810996,train
833961,train
799379,train
837337,train
800949,train
838775,train
842429,train
834778,train
829080,train
803700,train
842242,train
801598,train
814680,train
838608,train
810421,train
838164,train
843113,train
815962,train
824747,train
812493,train
843101,train
839662,train
830036,train
805409,train
817315,train
826263,train
807683,train
837862,train
837481,train
815665,train
829194,train
810676,train
830664,train
838682,train
836298,train
816230,train
811908,train
810898,train
805438,train
836234,train
823350,train
842990,train
842316,train
841113,train
828695,train
799986,train
800810,train
833456,train
817305,train
825544,train
802229,train
818888,train
830221,train
824760,train
838780,train
809620,train
808184,train
810423,train
841293,train
831495,train
839373,train
809415,train
822898,train
825370,train
799398,train
834111,train
810125,train
820120,train
802515,train
798498,train
809077,train
813290,train
800816,train
831133,train
804827,train
813017,train
800119,train
836983,train
813179,train
803456,train
812872,train
832929,train
810989,train
807506,train
822616,train
813033,train
799959,train
801308,train
817204,train
838797,train
809324,train
842160,train
809915,train
811727,train
836462,train
818373,train
825035,train
828856,train
798716,train
839969,train
827395,train
837274,train
819007,train
837127,train
809793,train
810222,train
813700,train
825136,train
817143,train
799199,train
830495,train
826499,train
824006,train
823288,train
825996,train
829285,train
806248,train
802630,train
838234,train
806110,train
842348,train
825011,train
816253,train
834572,train
824228,train
813382,train
823070,train
805327,train
807374,train
810583,train
818226,train
837008,train
835618,train
804927,train
812817,train
829680,train
842861,train
805811,train
812288,train
819702,train
809155,train
838958,train
822505,train
808368,train
798855,train
825244,train
825974,train
815552,train
813970,train
800408,train
802433,train
802712,train
812024,train
831975,train
838812,train
817936,train
807889,train
817122,train
827842,train
811363,train
830694,train
800223,train
823821,train
808786,train
824439,train
811172,train
827423,train
817149,train
838649,train
818896,train
842107,train
804530,train
842293,train
817074,train
841596,train
802073,train
810689,train
838188,train
798633,train
826005,train
827905,train
839746,train
823131,train
842685,train
809352,train
823353,train
818147,train
818936,train
829049,train
798858,train
808946,train
812576,train
817534,train
813856,train
811377,train
823759,train
818860,train
813554,train
812174,train
843141,train
818504,train
834411,train
831161,train
842635,train
813450,train
807437,train
805024,train
801245,train
838618,train
842527,train
804887,train
828452,train
824042,train
816884,train
839690,train
838367,train
832868,train
800302,train
839044,train
818851,train
798400,train
810283,train
818976,train
800856,train
838187,train
841232,train
802886,train
808316,train
801523,train
824944,train
818778,train
832352,train
841630,train
836375,train
824986,train
841203,train
818595,train
835489,train
838231,train
835395,train
823518,train
802855,train
830563,train
803112,train
823624,train
818428,train
805351,train
826727,train
811822,train
841712,train
826414,train
824394,train
823189,train
838915,train
836368,train
799688,train
827947,train
831101,train
836100,train
825712,train
808861,train
840104,train
834214,train
828758,train
837381,train
831476,train
807983,train
808248,train
831741,train
815947,train
830051,train
806318,train
838997,train
809876,train
824923,train
810642,train
801506,train
819607,train
801538,train
826041,train
822397,train
837416,train
811012,train
815969,train
817331,train
834865,train
829622,train
839331,train
819472,train
813704,train
825378,train
822758,train
838908,train
831315,train
823722,train
815460,train
807838,train
811832,train
839971,train
817334,train
823378,train
836898,train
827513,train
838054,train
811294,train
837462,train
799143,train
800188,train
808631,train
808560,train
817959,train
829847,train
805046,train
828888,train
802274,train
813621,train
814879,train
839611,train
820167,train
824267,train
834184,train
800860,train
830994,train
815865,train
836715,train
808787,train
826552,train
829980,train
807968,train
835217,train
818341,train
824612,train
814536,train
838671,train
818732,train
838910,train
836204,train
830573,train
808877,train
831332,train
800469,train
814503,train
839876,train
817511,train
815440,train
807444,train
822838,train
825803,train
806393,train
841470,train
827436,train
839192,train
833742,train
798534,train
798610,train
802262,train
840907,train
826347,train
838965,train
800443,train
816054,train
801825,train
816148,train
825983,train
837662,train
830896,train
806172,train
805759,train
814541,train
823237,train
827414,train
802988,train
839795,train
823257,train
840389,train
818047,train
809753,train
837931,train
806917,train
838869,train
815897,train
822773,train
805551,train
811374,train
831625,train
834222,train
840181,train
829021,train
830611,train
830312,train
798115,train
824194,train
807675,train
842441,train
834102,train
805323,train
841473,train
829166,train
822708,train
837302,train
803235,train
840330,train
835568,train
828539,train
800831,train
841647,train
803811,train
813524,train
816365,train
843278,train
823818,train
818867,train
806546,train
834038,train
802848,train
803170,train
840399,train
803290,train
818345,train
830996,train
798485,train
813462,train
834188,train
820266,train
807929,train
800668,train
835911,train
832156,train
836971,train
835624,train
809333,train
838588,train
827016,train
834788,train
818933,train
842438,train
835974,train
806374,train
808555,train
840254,train
838643,train
828331,train
811129,train
799025,train
830869,train
839380,train
832620,train
802443,train
826112,train
814618,train
823349,train
808215,train
840079,train
802616,train
807138,train
830231,train
810514,train
839226,train
837886,train
840521,train
820119,train
840891,train
807477,train
813073,train
801199,train
841509,train
833347,train
823318,train
802958,train
813783,train
801989,train
830497,train
807004,train
806923,train
807241,train
803288,train
802321,train
817759,train
836038,train
815103,train
814804,train
799344,train
799353,train
808629,train
819972,train
840004,train
832505,train
815190,train
808698,train
829096,train
841096,train
800279,train
820038,train
806057,train
835255,train
831092,train
832015,train
837530,train
812500,train
804505,train
805461,train
824994,train
823466,train
813206,train
831789,train
807999,train
805905,train
839608,train
838313,train
808414,train
828801,train
834478,train
801958,train
828511,train
818465,train
841456,train
829200,train
840159,train
826269,train
817179,train
827273,train
805189,train
799764,train
815091,train
814324,train
829224,train
823715,train
840331,train
801269,train
811183,train
823127,train
823904,train
819882,train
799769,train
833442,train
835824,train
807915,train
823643,train
809350,train
813295,train
802035,train
826046,train
834547,train
816568,train
837658,train
799843,train
835884,train
802694,train
842622,train
827987,train
838523,train
817812,train
800236,train
812567,train
840040,train
805556,train
834742,train
819701,train
825273,train
817203,train
813532,train
814602,train
818755,train
833342,train
806344,train
823986,train
814127,train
807835,train
800367,train
801782,train
830654,train
806539,train
813487,train
807458,train
833161,train
837094,train
836362,train
817671,train
806481,train
835583,train
834737,train
807395,train
812282,train
813092,train
840795,train
820040,train
838709,train
814368,train
836127,train
824614,train
822767,train
837243,train
829128,train
837273,train
824887,train
807842,train
842203,train
841229,train
817597,train
838464,train
826420,train
812482,train
805289,train
833148,train
810628,train
800561,train
806837,train
806262,train
798644,train
800975,train
828996,train
809327,train
806149,train
801074,train
823918,train
800152,train
808703,train
827591,train
830703,train
801128,train
808638,train
832298,train
818317,train
816801,train
824822,train
828401,train
799975,train
833115,train
841442,train
831135,train
803687,train
817664,train
833374,train
808053,train
823364,train
829653,train
832912,train
832846,train
810482,train
836948,train
840560,train
802622,train
824037,train
825532,train
831290,train
834654,train
827192,train
814100,train
840100,train
818270,train
811910,train
826613,train
808239,train
823275,train
832023,train
830735,train
808148,train
807375,train
800848,train
802414,train
835547,train
829121,train
802282,train
805870,train
825859,train
810262,train
808095,train
826751,train
823808,train
834449,train
799770,train
828556,train
813899,train
834918,train
811038,train
813586,train
797582,train
811484,train
801197,train
827827,train
823684,train
811368,train
807427,train
801607,train
819979,train
834874,train
842654,train
810311,train
837956,train
801826,train
812253,train
815667,train
829643,train
833248,train
809686,train
805362,train
814417,train
819180,train
803806,train
835791,train
831410,train
798459,train
828768,train
825560,train
808725,train
800548,train
837272,train
818694,train
841285,train
826930,train
805746,train
839826,train
826010,train
799045,train
830774,train
809718,train
811444,train
798879,train
806833,train
811233,train
840315,train
823432,train
817861,train
818158,train
805687,train
818169,train
839896,train
809342,train
806559,train
813515,train
827814,train
827218,train
807254,train
805865,train
818481,train
802112,train
834595,train
842693,train
838586,train
831167,train
819820,train
803116,train
811950,train
815906,train
826673,train
836316,train
827509,train
798391,train
800900,train
840368,train
827557,train
831118,train
826012,train
804930,train
815389,train
827002,train
801465,train
833739,train
825723,train
804501,train
823451,train
799683,train
836242,train
817890,train
830751,train
801616,train
808207,train
829934,train
838373,train
798519,train
836228,train
818737,train
805578,train
832651,train
839769,train
838080,train
818176,train
831348,train
824143,train
802961,train
804632,train
817889,train
798235,train
822632,train
836563,train
814224,train
823520,train
814111,train
823977,train
842424,train
830020,train
835275,train
814278,train
842475,train
839248,train
830854,train
831001,train
828422,train
830878,train
801575,train
807462,train
841641,train
828870,train
811645,train
837095,train
802389,train
837720,train
814519,train
839345,train
817281,train
824255,train
814340,train
836025,train
812484,train
799430,train
817541,train
819161,train
808233,train
815356,train
835866,train
841814,train
828135,train
805883,train
836491,train
824917,train
842382,train
807829,train
805470,train
824947,train
837207,train
838134,train
802344,train
826422,train
837514,train
814468,train
815234,train
811718,train
834269,train
800171,train
803120,train
808182,train
822893,train
837408,train
800012,train
802001,train
810211,train
833728,train
823033,train
835287,train
823090,train
808054,train
822995,train
826077,train
820234,train
825274,train
835026,train
798099,train
842418,train
801296,train
835861,train
800648,train
840552,train
798582,train
833942,train
841498,train
841215,train
799063,train
840052,train
839631,train
840126,train
815020,train
831299,train
825598,train
817721,train
828785,train
813930,train
840179,train
803084,train
823993,train
808898,train
803415,train
840124,train
825161,train
842253,train
841235,train
799032,train
828676,train
819414,train
822696,train
801362,train
799904,train
810604,train
834501,train
817418,train
801871,train
807758,train
838843,train
818800,train
829550,train
825899,train
805781,train
813482,train
813688,train
832937,train
822831,train
832262,train
805178,train
818162,train
803800,train
809508,train
818548,train
818175,train
801807,train
809768,train
836567,train
839915,train
838626,train
834987,train
832099,train
800260,train
824842,train
812400,train
840144,train
808551,train
813767,train
820289,train
805389,train
799272,train
806127,train
813887,train
836949,train
837700,train
814414,train
829242,train
801852,train
800111,train
822720,train
810499,train
824244,train
836524,train
808325,train
823758,train
829344,train
814761,train
811947,train
833146,train
827362,train
829310,train
812049,train
823405,train
797904,train
839554,train
812837,train
799558,train
825908,train
829624,train
807926,train
838641,train
840545,train
836144,train
826441,train
800086,train
829072,train
842597,train
841324,train
802722,train
809505,train
800755,train
811817,train
799057,train
813910,train
829303,train
839423,train
839840,train
815355,train
829567,train
842934,train
834859,train
831675,train
838429,train
830105,train
809762,train
809875,train
814497,train
842590,train
829866,train
814707,train
816289,train
828100,train
818140,train
823387,train
814109,train
818415,train
839270,train
828188,train
842901,train
798373,train
798226,train
801472,train
802912,train
825308,train
803230,train
803859,train
801641,train
838895,train
842648,train
834576,train
807532,train
816943,train
823583,train
835265,train
807526,train
831251,train
834190,train
842736,train
828566,train
801709,train
832146,train
836494,train
822715,train
802216,train
819810,train
830417,train
798779,train
828639,train
815358,train
810538,train
829918,train
824515,train
809707,train
818174,train
842962,train
801151,train
843208,train
832858,train
832390,train
827449,train
812934,train
796225,train
830124,train
811903,train
823337,train
815847,train
819728,train
801162,train
816152,train
806310,train
841346,train
805716,train
818205,train
810075,train
801921,train
809709,train
806846,train
836410,train
836996,train
798301,train
840692,train
839603,train
825214,train
802754,train
799805,train
840158,train
809348,train
811106,train
817194,train
832662,train
830303,train
837120,train
801315,train
813753,train
832614,train
805468,train
807728,train
819581,train
805282,train
825228,train
809588,train
830579,train
820240,train
806951,train
813795,train
843072,train
829468,train
813647,train
799251,train
805209,train
836952,train
814317,train
803727,train
818139,train
823983,train
799922,train
800586,train
839325,train
807288,train
819981,train
813418,train
805352,train
802750,train
830714,train
827467,train
818588,train
813718,train
830955,train
827731,train
831944,train
805753,train
833391,train
831136,train
827980,train
822639,train
827879,train
802615,train
816620,train
807596,train
810709,train
830811,train
816608,train
798207,train
807822,train
827773,train
836411,train
822922,train
815472,train
837833,train
805887,train
819569,train
807068,train
811703,train
799515,train
809553,train
841446,train
807137,train
825170,train
811973,train
838920,train
825462,train
835249,train
815526,train
806885,train
804929,train
800444,train
805113,train
834053,train
810108,train
808323,train
842212,train
816295,train
829754,train
840788,train
803343,train
818375,train
818393,train
836062,train
801363,train
822750,train
833542,train
802654,train
829446,train
817955,train
799828,train
817851,train
814225,train
843195,train
826621,train
835814,train
834144,train
839600,train
800858,train
835330,train
805307,train
837439,train
822851,train
834114,train
831014,train
806905,train
818881,train
832034,train
841053,train
808076,train
810975,train
816261,train
801460,train
829603,train
832788,train
835674,train
818695,train
842244,train
835245,train
832001,train
829051,train
813155,train
803216,train
825138,train
819499,train
838190,train
809181,train
806161,train
804817,train
805829,train
817815,train
833984,train
824974,train
833141,train
803234,train
836332,train
813472,train
822724,train
826546,train
801919,train
800165,train
822887,train
824754,train
809623,train
802772,train
832476,train
816572,train
832962,train
805789,train
816980,train
799845,train
810906,train
838986,train
811933,train
800802,train
825061,train
843295,train
799391,train
833001,train
827377,train
814140,train
840793,train
810459,train
808933,train
832584,train
818692,train
799985,train
841767,train
818442,train
801739,train
829988,train
830912,train
833873,train
809541,train
832111,train
822915,train
839909,train
827286,train
806888,train
838716,train
842951,train
817979,train
802399,train
806370,train
802346,train
807788,train
825100,train
836506,train
801684,train
841949,train
809278,train
833459,train
834539,train
842694,train
818853,train
833929,train
809118,train
816474,train
812857,train
822734,train
801628,train
809354,train
834922,train
841551,train
815899,train
798915,train
835885,train
819303,train
840214,train
808129,train
811530,train
826057,train
817106,train
843143,train
836701,train
828764,train
810639,train
828020,train
822489,train
805510,train
828591,train
838847,train
800028,train
824980,train
826243,train
837282,train
836194,train
814355,train
823620,train
798507,train
818541,train
813117,train
809658,train
841953,train
828572,train
809958,train
818163,train
834596,train
803651,train
802488,train
822662,train
808588,train
805880,train
815770,train
832154,train
810020,train
801742,train
822533,train
813340,train
799866,train
805615,train
814213,train
826718,train
810921,train
816612,train
826241,train
811598,train
808286,train
805775,train
832663,train
827450,train
803775,train
799168,train
800819,train
832555,train
807554,train
807029,train
828459,train
808966,train
832644,train
803340,train
834829,train
822736,train
835983,train
829642,train
816053,train
802752,train
823971,train
807272,train
842712,train
810267,train
834558,train
837711,train
842284,train
803460,train
837586,train
817756,train
835679,train
832795,train
840226,train
799246,train
842511,train
828076,train
812966,train
837694,train
807730,train
799938,train
823892,train
802939,train
829217,train
813565,train
809767,train
833414,train
805699,train
841671,train
833985,train
820283,train
811053,train
833236,train
810034,train
840240,train
813447,train
813941,train
811921,train
799358,train
799322,train
806369,train
826960,train
829639,train
839429,train
802861,train
803022,train
834630,train
798824,train
840805,train
802607,train
840751,train
803277,train
806518,train
809573,train
837972,train
814647,train
816110,train
835758,train
808981,train
812580,train
826331,train
830467,train
841418,train
832692,train
803339,train
818186,train
818769,train
835042,train
826868,train
810477,train
829713,train
800221,train
814506,train
814251,train
830813,train
802601,train
835971,train
804637,train
817966,train
805143,train
834097,train
822413,train
801213,train
828189,train
828653,train
828892,train
823146,train
814059,train
802715,train
837647,train
823281,train
813194,train
828519,train
834014,train
802102,train
811961,train
827803,train
805102,train
819151,train
832693,train
828960,train
826582,train
802533,train
817674,train
837237,train
800674,train
838537,train
834419,train
830818,train
810000,train
832974,train
820039,train
841765,train
807178,train
825889,train
826181,train
799766,train
808217,train
823103,train
822295,train
829109,train
805895,train
824850,train
810295,train
823415,train
802647,train
812038,train
823185,train
843023,train
828468,train
841941,train
836247,train
816118,train
840017,train
839588,train
823994,train
833523,train
798539,train
833475,train
830635,train
822738,train
799270,train
826265,train
815183,train
809834,train
809144,train
842742,train
812280,train
817038,train
831262,train
831188,train
842295,train
799381,train
823910,train
837147,train
832550,train
827044,train
817080,train
803794,train
838494,train
833659,train
825692,train
815934,train
806060,train
829167,train
817585,train
836723,train
842229,train
804744,train
801489,train
841963,train
843211,train
834421,train
800100,train
827778,train
832880,train
813230,train
825963,train
840546,train
803269,train
804631,train
830088,train
798285,train
799696,train
799511,train
842443,train
820353,train
802697,train
801343,train
826985,train
841515,train
810281,train
839456,train
809321,train
811462,train
813228,train
818185,train
832836,train
841467,train
803830,train
818003,train
836924,train
808374,train
810397,train
819433,train
833460,train
841748,train
814128,train
814141,train
837328,train
831244,train
813304,train
841990,train
820232,train
799958,train
834459,train
840723,train
833740,train
838935,train
805745,train
802592,train
838978,train
817937,train
828039,train
824797,train
798424,train
827242,train
808105,train
820101,train
808541,train
842008,train
836973,train
809112,train
815132,train
802136,train
805876,train
804749,train
823434,train
830294,train
799772,train
818868,train
813954,train
822313,train
815054,train
836417,train
804463,train
836578,train
813717,train
834521,train
817947,train
812855,train
808058,train
809921,train
802140,train
816827,train
807415,train
818209,train
815114,train
817045,train
836472,train
824820,train
807136,train
832589,train
806672,train
830755,train
824060,train
814509,train
816144,train
843059,train
808852,train
805994,train
825246,train
813288,train
834984,train
813664,train
842945,train
842506,train
832367,train
810900,train
840114,train
833433,train
805340,train
827137,train
805019,train
836101,train
813443,train
806821,train
832707,train
828597,train
820246,train
828788,train
836482,train
815850,train
806562,train
798444,train
807998,train
829609,train
824713,train
836004,train
837424,train
810406,train
832159,train
822579,train
810152,train
830997,train
817134,train
804489,train
825465,train
837125,train
810595,train
829808,train
843178,train
827784,train
825031,train
798870,train
807729,train
831894,train
839018,train
815941,train
833188,train
839351,train
814622,train
804684,train
832719,train
827053,train
828807,train
841266,train
811604,train
808821,train
816480,train
818701,train
804633,train
814573,train
812843,train
825177,train
841798,train
806999,train
801152,train
827655,train
811424,train
818399,train
805645,train
811094,train
809323,train
837525,train
809900,train
826819,train
833823,train
840885,train
814854,train
836354,train
808934,train
800043,train
832008,train
818085,train
818068,train
810046,train
825224,train
804842,train
800098,train
833679,train
816471,train
816732,train
814272,train
836689,train
841815,train
805303,train
836252,train
826085,train
810118,train
831694,train
803135,train
839415,train
819167,train
836705,train
806869,train
834961,train
815041,train
806637,train
824311,train
817499,train
803614,train
828819,train
816969,train
838968,train
812418,train
802308,train
807023,train
826791,train
808734,train
828862,train
826507,train
798271,train
814599,train
834335,train
818409,train
838634,train
813083,train
808422,train
799893,train
836230,train
798889,train
832464,train
827440,train
798454,train
811453,train
831924,train
805195,train
799212,train
809531,train
798820,train
814632,train
815037,train
802532,train
841155,train
817849,train
842504,train
800162,train
830205,train
833173,train
807669,train
831187,train
802400,train
838668,train
840112,train
839922,train
823486,train
813984,train
804600,train
806174,train
804990,train
841511,train
830792,train
823385,train
799622,train
805390,train
832065,train
830622,train
819345,train
829640,train
828181,train
842323,train
835867,train
835159,train
809403,train
817135,train
839612,train
805205,train
818930,train
836361,train
835337,train
800881,train
834491,train
814643,train
812848,train
825184,train
834295,train
840350,train
827092,train
827385,train
825281,train
810217,train
802681,train
835825,train
841405,train
801923,train
799271,train
807744,train
817811,train
833609,train
809976,train
825509,train
827159,train
807352,train
836908,train
797579,train
819895,train
843111,train
819577,train
832734,train
834728,train
841633,train
801839,train
823101,train
827431,train
841692,train
838048,train
798283,train
815823,train
808935,train
802805,train
804570,train
828200,train
829745,train
815704,train
830864,train
835922,train
823617,train
837761,train
830372,train
825992,train
840860,train
813545,train
840898,train
813820,train
841497,train
809309,train
808227,train
835425,train
834931,train
834474,train
826455,train
798569,train
839354,train
839067,train
843093,train
831152,train
833395,train
822704,train
834167,train
807081,train
838921,train
838567,train
839957,train
838841,train
828025,train
805032,train
819060,train
815653,train
819505,train
799926,train
815253,train
842272,train
817474,train
813401,train
801479,train
804776,train
809311,train
824056,train
833355,train
824027,train
806538,train
819888,train
832895,train
810364,train
805455,train
803789,train
832324,train
839796,train
810922,train
837277,train
841764,train
834858,train
823177,train
841218,train
806571,train
799335,train
838475,train
832244,train
817930,train
840279,train
827519,train
825732,train
839555,train
827376,train
813468,train
813903,train
836963,train
828520,train
801731,train
808388,train
841734,train
802014,train
799858,train
816454,train
809627,train
832603,train
800103,train
808565,train
810886,train
830151,train
804830,train
818904,train
833476,train
823088,train
798102,train
826984,train
838015,train
812884,train
829591,train
813216,train
802801,train
828101,train
817066,train
830679,train
824864,train
831157,train
823336,train
818996,train
800041,train
842838,train
819514,train
801317,train
807469,train
805527,train
813966,train
818799,train
817654,train
827182,train
801281,train
801652,train
836351,train
829329,train
806229,train
822401,train
824224,train
802330,train
808880,train
840313,train
834810,train
805669,train
809489,train
813737,train
831696,train
838683,train
831144,train
819079,train
837850,train
835886,train
810210,train
832998,train
809442,train
824874,train
809493,train
802059,train
811900,train
842656,train
839214,train
831960,train
828545,train
817891,train
798097,train
820097,train
815261,train
832036,train
806994,train
802799,train
809460,train
813490,train
827526,train
832197,train
799908,train
842867,train
832081,train
826622,train
822553,train
815612,train
801475,train
803335,train
822438,train
814151,train
814400,train
823344,train
806633,train
818496,train
819510,train
837307,train
812932,train
799581,train
798692,train
810264,train
840369,train
820196,train
831156,train
818349,train
816755,train
811022,train
814916,train
832311,train
840314,train
809228,train
835162,train
839202,train
830903,train
802003,train
823148,train
808378,train
833108,train
843109,train
829688,train
799898,train
815971,train
826228,train
842551,train
806624,train
802087,train
835798,train
806643,train
817612,train
816243,train
800179,train
832355,train
802427,train
829223,train
801835,train
823756,train
818522,train
835272,train
805899,train
813317,train
840231,train
840400,train
835933,train
829226,train
802984,train
819426,train
838219,train
799248,train
818684,train
805942,train
815217,train
838084,train
822502,train
843196,train
798218,train
808168,train
807789,train
830651,train
803901,train
831108,train
809871,train
798918,train
810249,train
819549,train
810704,train
807289,train
815177,train
803671,train
830632,train
799684,train
811285,train
823895,train
807779,train
823973,train
814721,train
838483,train
836714,train
833738,train
836339,train
837082,train
802173,train
800592,train
801881,train
835596,train
831369,train
834608,train
813691,train
827279,train
810584,train
840813,train
831120,train
832645,train
824767,train
822880,train
837882,train
830633,train
809139,train
830945,train
839929,train
841300,train
840539,train
796616,train
840018,train
827990,train
806761,train
829308,train
817274,train
819771,train
805425,train
831154,train
809927,train
838179,train
799991,train
800169,train
816816,train
814110,train
810897,train
836523,train
804502,train
826261,train
800743,train
815205,train
809607,train
835005,train
826737,train
823435,train
833306,train
807678,train
800356,train
801370,train
798518,train
827014,train
816378,train
802429,train
816937,train
816983,train
817161,train
802437,train
798944,train
801028,train
834060,train
829795,train
842974,train
830516,train
837419,train
825808,train
801677,train
802645,train
813110,train
828131,train
806401,train
835587,train
843107,train
837229,train
799092,train
801710,train
825541,train
824600,train
822456,train
819389,train
808136,train
836256,train
822746,train
827122,train
838954,train
831819,train
811448,train
823599,train
819046,train
799331,train
841749,train
822342,train
812137,train
833655,train
835746,train
834353,train
808782,train
805894,train
807916,train
825562,train
823361,train
823861,train
802829,train
838117,train
810506,train
841258,train
838767,train
798098,train
835161,train
832068,train
806966,train
834657,train
800763,train
841766,train
823312,train
835821,train
808949,train
806184,train
831158,train
798632,train
824993,train
812472,train
834327,train
822411,train
799802,train
801399,train
828881,train
798878,train
839785,train
827215,train
813239,train
838385,train
824182,train
812396,train
841997,train
799989,train
805901,train
817768,train
837933,train
811516,train
807819,train
803282,train
816655,train
829183,train
837223,train
836464,train
805700,train
827413,train
805245,train
834096,train
829126,train
798245,train
805715,train
842327,train
810092,train
809455,train
825595,train
806627,train
825083,train
819811,train
812531,train
828057,train
802872,train
815965,train
814392,train
834279,train
798948,train
823785,train
807987,train
830266,train
801439,train
831534,train
837920,train
799084,train
831106,train
831568,train
843091,train
841851,train
803600,train
816150,train
824676,train
833827,train
799182,train
837194,train
818306,train
840946,train
830879,train
802926,train
806983,train
829129,train
834910,train
819973,train
839249,train
829199,train
825793,train
823838,train
804733,train
812303,train
827924,train
805828,train
837458,train
808359,train
830785,train
830506,train
807055,train
825780,train
799203,train
807855,train
816609,train
807781,train
832832,train
813610,train
803940,train
802104,train
801510,train
799602,train
834525,train
817397,train
800930,train
838791,train
828434,train
825038,train
802876,train
827870,train
811498,train
826254,train
840413,train
824787,train
803190,train
830826,train
816954,train
823407,train
802392,train
801980,train
807943,train
828563,train
799925,train
833479,train
811554,train
825942,train
799944,train
817911,train
802700,train
815757,train
810043,train
809512,train
825727,train
835897,train
820282,train
804608,train
813798,train
802047,train
808911,train
836166,train
808722,train
829085,train
809777,train
798110,train
827995,train
798621,train
827540,train
843128,train
818970,train
807054,train
811589,train
811199,train
818565,train
799792,train
839738,train
819918,train
801137,train
800145,train
801953,train
828483,train
834344,train
841204,train
809932,train
818183,train
811015,train
833470,train
804903,train
834228,train
823682,train
840338,train
824079,train
805993,train
801093,train
801198,train
842355,train
838975,train
825688,train
839641,train
802206,train
837149,train
816798,train
826551,train
841244,train
833853,train
809578,train
842168,train
802946,train
803181,train
806511,train
811026,train
802171,train
799774,train
805125,train
797586,train
799009,train
835334,train
811401,train
813650,train
803701,train
839717,train
819498,train
826538,train
813644,train
840927,train
827356,train
810895,train
805982,train
833648,train
809514,train
833112,train
826880,train
829060,train
809477,train
828974,train
803108,train
832639,train
800790,train
823276,train
813986,train
806628,train
834457,train
835786,train
831458,train
801372,train
836412,train
800362,train
815227,train
802761,train
802716,train
799316,train
831989,train
807643,train
836302,train
814267,train
806308,train
830787,train
806668,train
832356,train
801394,train
834278,train
834340,train
810868,train
826943,train
829355,train
802540,train
820051,train
798951,train
837569,train
835467,train
814590,train
802760,train
838359,train
811946,train
820320,train
842684,train
812503,train
800827,train
812302,train
800823,train
823264,train
825814,train
826637,train
805387,train
832940,train
841353,train
801680,train
822781,train
801327,train
833227,train
827329,train
825142,train
812082,train
816668,train
802456,train
807432,train
825599,train
842749,train
836927,train
838786,train
803601,train
799815,train
832210,train
819793,train
836842,train
813561,train
810943,train
800422,train
808788,train
819993,train
822747,train
808456,train
827380,train
823832,train
799276,train
833400,train
823083,train
800775,train
833092,train
800994,train
830975,train
818407,train
809798,train
816962,train
824148,train
842524,train
811580,train
812866,train
834675,train
806306,train
812428,train
842913,train
842324,train
833284,train
819450,train
833753,train
813390,train
810298,train
812556,train
823058,train
824262,train
815193,train
814180,train
830778,train
806967,train
824720,train
806986,train
824936,train
809563,train
808845,train
835100,train
829514,train
800737,train
829075,train
801109,train
840945,train
824028,train
808431,train
827817,train
817548,train
840659,train
825452,train
838171,train
807920,train
802696,train
809954,train
831146,train
816456,train
834817,train
811495,train
828128,train
831600,train
837421,train
836997,train
815128,train
834645,train
812354,train
823449,train
816847,train
831511,train
826097,train
808923,train
828498,train
825009,train
798803,train
826257,train
804870,train
809638,train
824537,train
837310,train
827458,train
839090,train
799010,train
838221,train
829254,train
818400,train
809579,train
825030,train
824073,train
832508,train
808236,train
813957,train
830342,train
810095,train
827645,train
835340,train
835324,train
805384,train
808941,train
832268,train
816108,train
808710,train
810721,train
840247,train
814673,train
837012,train
842265,train
842312,train
799403,train
840872,train
822819,train
805904,train
806111,train
823788,train
814476,train
817470,train
842488,train
801703,train
838680,train
812870,train
833649,train
820212,train
818180,train
833338,train
822549,train
827506,train
816770,train
815250,train
809975,train
800834,train
830056,train
802539,train
815824,train
798662,train
836510,train
798415,train
800220,train
805317,train
808731,train
818004,train
800195,train
825525,train
806468,train
830444,train
827080,train
830956,train
798299,train
830966,train
841402,train
825556,train
837541,train
803097,train
803952,train
802910,train
831183,train
825897,train
825426,train
808662,train
802996,train
818113,train
824575,train
822967,train
824777,train
809440,train
825664,train
811711,train
827327,train
822372,train
823517,train
805296,train
833719,train
812412,train
838203,train
802383,train
823181,train
813747,train
827574,train
800681,train
826230,train
801255,train
835722,train
842773,train
818378,train
829321,train
813876,train
811569,train
824773,train
834763,train
831552,train
830615,train
805893,train
825052,train
814722,train
807885,train
806523,train
820315,train
839789,train
839442,train
830208,train
819216,train
800184,train
834130,train
809782,train
835734,train
807266,train
842537,train
837719,train
824768,train
800200,train
824513,train
839725,train
807022,train
812962,train
798325,train
811705,train
824172,train
833510,train
799310,train
835109,train
832712,train
809018,train
806621,train
835913,train
833546,train
828989,train
809459,train
817655,train
802361,train
824351,train
806532,train
819091,train
803258,train
799860,train
820134,train
825493,train
803432,train
827682,train
810220,train
803316,train
802889,train
818283,train
805804,train
802350,train
802371,train
809080,train
826398,train
838773,train
818869,train
816616,train
800160,train
817775,train
799230,train
838039,train
817256,train
840173,train
805824,train
808625,train
802839,train
825366,train
819711,train
842601,train
819329,train
835992,train
812862,train
825406,train
834698,train
808990,train
808447,train
826487,train
800163,train
811624,train
830427,train
834653,train
831393,train
833225,train
834388,train
806867,train
802178,train
829315,train
840558,train
823671,train
824798,train
808361,train
805593,train
799702,train
814305,train
836386,train
834795,train
841868,train
833301,train
827677,train
813592,train
818303,train
828875,train
810523,train
838676,train
803507,train
839640,train
831291,train
831263,train
813882,train
808984,train
829222,train
809701,train
826503,train
836304,train
818805,train
832561,train
825920,train
839319,train
816255,train
833863,train
836455,train
804582,train
811231,train
835589,train
829279,train
808671,train
832510,train
830058,train
837211,train
808000,train
800659,train
833399,train
831078,train
806857,train
809364,train
835048,train
835620,train
843194,train
829221,train
823012,train
828713,train
824763,train
823989,train
800874,train
843022,train
803828,train
841725,train
816708,train
818603,train
835727,train
830739,train
824674,train
811301,train
817387,train
826903,train
809938,train
840225,train
831050,train
830882,train
824911,train
811030,train
827673,train
832666,train
834970,train
815677,train
837860,train
830784,train
830053,train
801763,train
813555,train
809424,train
829345,train
806324,train
827664,train
830043,train
800350,train
802904,train
807131,train
834739,train
841329,train
825189,train
804506,train
825127,train
803359,train
838487,train
820064,train
815758,train
810169,train
841383,train
836471,train
806158,train
805437,train
802973,train
840043,train
834935,train
814149,train
814656,train
807039,train
811586,train
812268,train
824544,train
818665,train
838113,train
813871,train
817225,train
810607,train
842366,train
808156,train
806381,train
815062,train
836338,train
823445,train
828629,train
828241,train
825114,train
838967,train
835614,train
842514,train
816083,train
832440,train
838736,train
829554,train
840307,train
834127,train
832638,train
815223,train
841308,train
817512,train
828311,train
808166,train
825704,train
807902,train
816994,train
825932,train
823265,train
829525,train
814019,train
839440,train
837112,train
833473,train
828375,train
824160,train
840334,train
831292,train
834157,train
819488,train
838458,train
832227,train
808255,train
833693,train
837209,train
830514,train
823822,train
813852,train
813402,train
818338,train
828917,train
822990,train
807040,train
822542,train
837133,train
819033,train
843024,train
820155,train
806909,train
840875,train
824593,train
828203,train
837433,train
801257,train
836225,train
807465,train
839503,train
806865,train
803599,train
838106,train
798764,train
816814,train
817165,train
803666,train
815303,train
831038,train
815680,train
842346,train
829610,train
798523,train
840219,train
841146,train
815046,train
827734,train
804495,train
811029,train
799846,train
823667,train
833794,train
840060,train
812304,train
807719,train
839081,train
839857,train
817131,train
842954,train
805458,train
813834,train
810990,train
832434,train
839860,train
829750,train
807236,train
806752,train
834774,train
833087,train
829538,train
809909,train
826549,train
820346,train
803163,train
834852,train
834181,train
822517,train
801922,train
838644,train
813178,train
824264,train
830098,train
830186,train
824669,train
842589,train
838945,train
799513,train
824050,train
814996,train
832399,train
818143,train
798219,train
822763,train
835401,train
840049,train
808627,train
800416,train
837293,train
839759,train
809533,train
842525,train
819158,train
811214,train
812153,train
831892,train
802865,train
803323,train
800423,train
806906,train
816498,train
837236,train
828544,train
822567,train
841667,train
802058,train
823548,train
801294,train
830452,train
830028,train
815751,train
831680,train
839080,train
839742,train
825291,train
831274,train
813387,train
800576,train
802060,train
798465,train
823549,train
839230,train
817555,train
841491,train
815426,train
839007,train
824617,train
837618,train
803606,train
828117,train
838451,train
812359,train
813723,train
834430,train
810173,train
814418,train
818117,train
806142,train
836805,train
818172,train
839546,train
820343,train
834466,train
805592,train
836009,train
801304,train
819846,train
835483,train
799751,train
837782,train
830743,train
826393,train
842276,train
816433,train
810284,train
808792,train
816140,train
832724,train
833202,train
832098,train
837784,train
810339,train
825881,train
833270,train
825276,train
837025,train
836694,train
830603,train
798857,train
842282,train
840431,train
820158,train
813232,train
814356,train
829097,train
838239,train
798478,train
839693,train
822575,train
826759,train
833880,train
825067,train
811241,train
836457,train
826592,train
809716,train
835110,train
814609,train
840879,train
825593,train
799415,train
801949,train
808572,train
814258,train
831267,train
798881,train
808906,train
806353,train
829562,train
802685,train
818248,train
837887,train
813438,train
835062,train
838681,train
823382,train
802405,train
814070,train
805860,train
829295,train
836885,train
838155,train
812201,train
802594,train
803093,train
812852,train
811359,train
843236,train
814345,train
830881,train
799287,train
839798,train
838207,train
814369,train
817521,train
800809,train
831186,train
829390,train
805900,train
802134,train
825119,train
832956,train
827681,train
797913,train
825876,train
822905,train
831098,train
813358,train
820322,train
836985,train
805167,train
802993,train
802207,train
816649,train
824652,train
834443,train
803744,train
828164,train
817725,train
798562,train
804493,train
800566,train
823615,train
828450,train
831054,train
803779,train
829115,train
814177,train
833894,train
809213,train
826021,train
811488,train
825484,train
805342,train
814620,train
802422,train
814605,train
834083,train
814682,train
837017,train
831591,train
837214,train
832853,train
837883,train
810601,train
830114,train
808663,train
834032,train
830070,train
825784,train
809358,train
830014,train
825931,train
798846,train
832725,train
815528,train
837245,train
804624,train
816119,train
802081,train
832347,train
815061,train
825666,train
813943,train
802818,train
827217,train
802668,train
808680,train
841824,train
823174,train
840548,train
827071,train
843207,train
826976,train
837292,train
840050,train
828308,train
816792,train
808711,train
800992,train
842608,train
837055,train
806895,train
816064,train
808363,train
800909,train
808143,train
822509,train
814672,train
814892,train
819262,train
800792,train
809906,train
815932,train
839677,train
818515,train
800354,train
839267,train
808553,train
801386,train
819305,train
805368,train
811113,train
813013,train
838685,train
818971,train
835381,train
834052,train
800092,train
815511,train
820256,train
810139,train
817998,train
816629,train
809601,train
840671,train
815877,train
834834,train
833612,train
824845,train
825705,train
822882,train
824645,train
818157,train
822917,train
810791,train
805574,train
806671,train
842063,train
836355,train
817220,train
808928,train
806984,train
799372,train
826044,train
811364,train
825638,train
840008,train
817452,train
815056,train
813626,train
838735,train
812558,train
804993,train
824973,train
823268,train
835426,train
809827,train
805101,train
813149,train
831641,train
836719,train
814880,train
832844,train
831030,train
834151,train
819148,train
825774,train
832610,train
826172,train
813935,train
807389,train
803947,train
808213,train
838645,train
814248,train
839412,train
822965,train
816051,train
843276,train
807585,train
838356,train
811383,train
826362,train
803110,train
806512,train
822407,train
810695,train
814196,train
830432,train
836043,train
825519,train
808365,train
841582,train
813211,train
828889,train
836851,train
803355,train
822721,train
803461,train
831425,train
828027,train
827835,train
811912,train
825427,train
803018,train
830113,train
816213,train
812579,train
798992,train
841428,train
803763,train
815811,train
800707,train
811309,train
819860,train
801100,train
830704,train
813623,train
829219,train
841688,train
836283,train
838396,train
822373,train
806990,train
838919,train
813752,train
831509,train
837841,train
823306,train
807403,train
833367,train
828377,train
836180,train
801072,train
825534,train
811631,train
826808,train
836454,train
834620,train
817229,train
814430,train
840478,train
817177,train
805568,train
814351,train
835713,train
817393,train
809645,train
832718,train
828609,train
831097,train
836190,train
842322,train
838184,train
832570,train
811618,train
835054,train
841382,train
840884,train
840657,train
827475,train
805986,train
826296,train
806247,train
806154,train
804860,train
799038,train
798269,train
842252,train
833109,train
835812,train
808794,train
825570,train
815171,train
807018,train
813872,train
814891,train
819608,train
806645,train
801260,train
824843,train
830970,train
837651,train
837352,train
832083,train
810712,train
819968,train
803331,train
839308,train
825787,train
818505,train
800645,train
809433,train
822317,train
809690,train
831809,train
831956,train
833139,train
834905,train
828573,train
811386,train
810235,train
817909,train
810363,train
799296,train
818119,train
833720,train
814050,train
816942,train
817453,train
842758,train
823480,train
800789,train
840229,train
805549,train
801774,train
834070,train
822391,train
830570,train
842358,train
819108,train
825151,train
820294,train
827064,train
837499,train
817935,train
840917,train
803871,train
818986,train
832635,train
840227,train
802220,train
818822,train
812210,train
824269,train
839695,train
838070,train
811432,train
803060,train
801553,train
807776,train
832819,train
799551,train
828310,train
835927,train
818650,train
834537,train
805464,train
835486,train
810248,train
838158,train
806412,train
810522,train
822694,train
813692,train
839784,train
800368,train
801357,train
810997,train
818484,train
810498,train
814694,train
815348,train
833714,train
830520,train
809244,train
839224,train
830928,train
830605,train
809369,train
809986,train
798241,train
802741,train
830638,train
804646,train
830889,train
839563,train
831516,train
833826,train
834301,train
799113,train
809411,train
813428,train
819492,train
834606,train
809860,train
829244,train
828811,train
840305,train
810037,train
828507,train
808704,train
815184,train
813066,train
800128,train
810616,train
832028,train
831969,train
827779,train
825212,train
814405,train
818120,train
824202,train
826009,train
801544,train
841680,train
801474,train
804736,train
799644,train
829917,train
805707,train
818295,train
831172,train
838566,train
832179,train
824995,train
811230,train
814593,train
817092,train
806903,train
823286,train
809824,train
800405,train
825255,train
826772,train
829841,train
836241,train
817944,train
818322,train
827962,train
824801,train
809407,train
837013,train
827345,train
827512,train
816874,train
810668,train
800134,train
833481,train
825552,train
810555,train
809652,train
834957,train
838502,train
827527,train
807594,train
815130,train
809049,train
842520,train
833266,train
825167,train
827672,train
807853,train
824162,train
831459,train
808287,train
810558,train
800178,train
809431,train
827532,train
817450,train
819229,train
809375,train
814133,train
820036,train
827868,train
811332,train
841457,train
817620,train
802849,train
801787,train
838351,train
823720,train
809453,train
840771,train
842367,train
806114,train
836094,train
827391,train
810476,train
809156,train
808304,train
827791,train
831089,train
828031,train
841448,train
812358,train
835343,train
815951,train
839645,train
828215,train
823853,train
813760,train
842433,train
800187,train
841195,train
816074,train
805449,train
837823,train
814629,train
800291,train
836998,train
816876,train
805194,train
840502,train
801310,train
814093,train
802790,train
810448,train
810745,train
827549,train
835388,train
803815,train
805918,train
819719,train
840103,train
829225,train
833517,train
809218,train
799394,train
830715,train
832577,train
833513,train
805560,train
807074,train
800719,train
824456,train
837114,train
814122,train
799947,train
832393,train
827967,train
831450,train
812236,train
830229,train
801985,train
804975,train
828236,train
831277,train
810105,train
838063,train
811740,train
824557,train
813195,train
837163,train
801802,train
807436,train
814205,train
818223,train
837506,train
810064,train
799520,train
805888,train
841586,train
836706,train
798489,train
828691,train
801654,train
826495,train
837551,train
820020,train
830106,train
799691,train
797695,train
819666,train
811152,train
834605,train
830589,train
816101,train
798795,train
804826,train
806147,train
841896,train
831581,train
837468,train
814527,train
833098,train
825726,train
822863,train
823811,train
816621,train
830885,train
831314,train
814381,train
809884,train
822318,train
806859,train
842594,train
839294,train
840942,train
813754,train
805957,train
817578,train
817791,train
830022,train
801073,train
805071,train
825188,train
813758,train
831804,train
816570,train
800442,train
840282,train
838884,train
808014,train
831374,train
811044,train
823210,train
808772,train
832137,train
827433,train
822836,train
802803,train
810589,train
823453,train
817520,train
826580,train
822989,train
802091,train
830301,train
836509,train
811428,train
804666,train
813945,train
810334,train
818618,train
804965,train
817514,train
834928,train
808403,train
800952,train
837624,train
830883,train
813803,train
808046,train
837692,train
812085,train
840557,train
830989,train
811391,train
842898,train
824536,train
798547,train
837058,train
809061,train
823191,train
813417,train
829052,train
822364,train
807906,train
805649,train
835393,train
826336,train
829633,train
817583,train
825886,train
805530,train
822834,train
826690,train
805714,train
841974,train
811369,train
808273,train
801593,train
826900,train
841208,train
833959,train
839358,train
834799,train
823544,train
802882,train
832793,train
807445,train
825845,train
811371,train
837986,train
828002,train
829782,train
830748,train
835175,train
826831,train
839315,train
815832,train
837042,train
809770,train
817014,train
800807,train
824948,train
838930,train
835594,train
842434,train
840216,train
811972,train
811501,train
817946,train
800741,train
801173,train
813673,train
824307,train
832535,train
805708,train
809374,train
823073,train
827660,train
817113,train
801539,train
825021,train
839302,train
840934,train
826957,train
816863,train
837184,train
830044,train
829187,train
799657,train
808208,train
836394,train
807692,train
810121,train
816426,train
807618,train
838434,train
829742,train
835954,train
811747,train
828744,train
808209,train
813025,train
826063,train
817255,train
824396,train
799897,train
824984,train
810408,train
831198,train
798698,train
826460,train
838115,train
839466,train
802324,train
811128,train
813475,train
831302,train
807713,train
813079,train
803518,train
816997,train
813226,train
841833,train
839912,train
806528,train
826605,train
814326,train
822615,train
828611,train
805432,train
826253,train
798886,train
842973,train
838235,train
822892,train
805772,train
801169,train
829942,train
813353,train
836441,train
817576,train
823396,train
832658,train
827378,train
801180,train
812127,train
825432,train
825014,train
843175,train
800057,train
811328,train
813153,train
825013,train
808212,train
805801,train
829470,train
831730,train
836079,train
828023,train
802763,train
807911,train
804577,train
800749,train
834587,train
831069,train
808220,train
817623,train
809737,train
839894,train
837909,train
833765,train
832810,train
816477,train
811690,train
811590,train
800879,train
830934,train
813383,train
831265,train
841853,train
833635,train
799854,train
836352,train
806141,train
824432,train
819516,train
831155,train
833231,train
809795,train
830314,train
823226,train
817192,train
805654,train
813867,train
812410,train
834597,train
800808,train
801365,train
803858,train
832129,train
824090,train
842707,train
823454,train
800268,train
800527,train
828029,train
833923,train
832621,train
827444,train
804610,train
824256,train
837474,train
843191,train
826074,train
830184,train
808214,train
822465,train
816439,train
819215,train
819254,train
828670,train
806382,train
816149,train
801963,train
827977,train
835172,train
835432,train
817698,train
819998,train
838059,train
833261,train
810468,train
836260,train
830164,train
820213,train
810244,train
801992,train
828336,train
813403,train
808077,train
802418,train
805106,train
816497,train
803887,train
841584,train
842302,train
803604,train
827589,train
823627,train
808856,train
841493,train
806972,train
832762,train
830893,train
806516,train
796088,train
803589,train
838346,train
818017,train
838783,train
823898,train
839200,train
804976,train
807647,train
799410,train
813041,train
836176,train
830669,train
814568,train
811234,train
813535,train
837111,train
827476,train
833881,train
803121,train
818708,train
832478,train
823032,train
802970,train
803443,train
798865,train
836105,train
805833,train
815640,train
810478,train
825149,train
817197,train
814657,train
828229,train
798422,train
827412,train
809802,train
813049,train
803325,train
812374,train
809515,train
808367,train
809810,train
819466,train
801954,train
801637,train
809046,train
830077,train
807763,train
829770,train
806832,train
823755,train
814529,train
801549,train
811330,train
800151,train
833981,train
824903,train
826294,train
803174,train
825555,train
808915,train
828464,train
809083,train
808296,train
835627,train
833222,train
808162,train
809101,train
826229,train
798613,train
838151,train
836334,train
818916,train
826827,train
834380,train
824795,train
817875,train
829277,train
841843,train
833121,train
826153,train
799436,train
827533,train
811611,train
813822,train
833378,train
813152,train
824646,train
813075,train
800555,train
833412,train
817222,train
808596,train
824680,train
827809,train
810428,train
807962,train
809929,train
828061,train
820348,train
836054,train
839591,train
838360,train
806014,train
814487,train
799355,train
839654,train
805612,train
830696,train
818870,train
805270,train
832514,train
803276,train
836130,train
817002,train
832277,train
834471,train
804477,train
836466,train
803300,train
842519,train
838842,train
824261,train
824833,train
811726,train
819680,train
837919,train
823308,train
831062,train
837558,train
832860,train
818837,train
802573,train
835834,train
808827,train
806680,train
807903,train
810307,train
811271,train
837731,train
812318,train
818247,train
804904,train
814086,train
809142,train
837369,train
835147,train
814394,train
829246,train
827278,train
803106,train
809738,train
835772,train
803709,train
837539,train
817602,train
834198,train
834902,train
798748,train
840523,train
813370,train
806139,train
824104,train
839397,train
798268,train
822657,train
824404,train
813278,train
817603,train
828696,train
826492,train
808465,train
842646,train
836811,train
822626,train
819601,train
829123,train
806785,train
824365,train
831175,train
812497,train
803349,train
824003,train
818912,train
813197,train
828681,train
802541,train
806944,train
826043,train
818329,train
842401,train
818418,train
828751,train
809116,train
819435,train
837929,train
824251,train
809496,train
816221,train
814235,train
839346,train
798484,train
801840,train
823896,train
800591,train
834432,train
833730,train
830668,train
829142,train
811930,train
823594,train
816219,train
816096,train
818570,train
820303,train
836568,train
826162,train
825586,train
830659,train
836479,train
805773,train
800147,train
843263,train
820060,train
828148,train
841068,train
830332,train
801721,train
807996,train
830446,train
834593,train
838779,train
812107,train
809664,train
838859,train
829239,train
832282,train
827901,train
840794,train
818323,train
808376,train
823866,train
808132,train
843036,train
834551,train
807930,train
814917,train
836959,train
831955,train
814424,train
805741,train
799927,train
829475,train
837436,train
813256,train
830676,train
801716,train
800197,train
801272,train
828330,train
807961,train
836477,train
810489,train
839767,train
830001,train
807062,train
819716,train
835787,train
823946,train
832611,train
825735,train
799665,train
824934,train
804529,train
818979,train
806592,train
825387,train
824048,train
827762,train
840468,train
817162,train
807078,train
824574,train
837299,train
828774,train
798919,train
808775,train
823948,train
804700,train
833477,train
807180,train
816908,train
839000,train
825702,train
807047,train
835221,train
830991,train
826051,train
829870,train
836041,train
801551,train
840618,train
815927,train
826299,train
815055,train
816665,train
809994,train
837751,train
837426,train
838076,train
806749,train
839856,train
810793,train
799303,train
832684,train
809657,train
823121,train
811478,train
824449,train
829208,train
820239,train
842868,train
811082,train
839462,train
801631,train
824512,train
827529,train
815201,train
825006,train
830815,train
817497,train
840459,train
826177,train
799091,train
818389,train
798552,train
829659,train
804734,train
800979,train
831463,train
809173,train
809740,train
802966,train
833259,train
837491,train
798209,train
828179,train
810736,train
802093,train
826835,train
825108,train
837998,train
831651,train
803745,train
839697,train
842472,train
815346,train
805324,train
806514,train
809598,train
830728,train
820065,train
822748,train
808708,train
818275,train
837867,train
805858,train
808554,train
837247,train
813797,train
802516,train
830009,train
842349,train
802867,train
819841,train
837005,train
813978,train
810571,train
802519,train
813193,train
807560,train
802634,train
831355,train
808423,train
803733,train
824200,train
816451,train
809168,train
831301,train
837957,train
801669,train
831712,train
811379,train
811939,train
815473,train
826158,train
817047,train
836497,train
831031,train
828005,train
819501,train
840501,train
806021,train
831074,train
828767,train
838745,train
808163,train
837878,train
801481,train
816128,train
815520,train
819410,train
816272,train
799597,train
835730,train
837130,train
801050,train
830326,train
806151,train
836284,train
798597,train
819677,train
840867,train
835009,train
799065,train
806104,train
822398,train
809438,train
831354,train
800252,train
839685,train
817031,train
822493,train
799528,train
799887,train
816415,train
819454,train
799952,train
806995,train
808796,train
839606,train
812541,train
816762,train
804866,train
840306,train
809806,train
829368,train
808972,train
835653,train
829635,train
805812,train
833676,train
815655,train
835032,train
833846,train
810785,train
841243,train
834577,train
810677,train
811297,train
807360,train
806844,train
836033,train
832771,train
828613,train
801920,train
842414,train
825295,train
807292,train
798199,train
833295,train
800850,train
812835,train
824796,train
839352,train
828081,train
813329,train
808674,train
814760,train
823869,train
827344,train
810735,train
825812,train
804735,train
816960,train
809581,train
815943,train
801789,train
843082,train
841494,train
806134,train
802846,train
809771,train
833123,train
808034,train
798961,train
805140,train
842339,train
825262,train
841794,train
811171,train
828486,train
810741,train
834374,train
818763,train
834980,train
830361,train
840438,train
839297,train
809564,train
825162,train
815953,train
823921,train
827752,train
819024,train
799812,train
817615,train
826707,train
798385,train
840003,train
832627,train
813405,train
825652,train
825855,train
798306,train
829301,train
816269,train
824953,train
798775,train
830999,train
827768,train
830804,train
830692,train
812177,train
835040,train
825117,train
838937,train
828391,train
807644,train
798783,train
799673,train
828894,train
830710,train
840120,train
811427,train
832076,train
804874,train
814604,train
800239,train
825077,train
836566,train
837983,train
814586,train
807419,train
837815,train
798347,train
835660,train
831978,train
831984,train
839070,train
826234,train
819252,train
803454,train
809734,train
835121,train
836431,train
810496,train
825103,train
817917,train
829623,train
833760,train
819691,train
828526,train
811763,train
830268,train
809612,train
806891,train
811412,train
808939,train
810299,train
828119,train
830006,train
841733,train
815490,train
836931,train
826511,train
826328,train
805149,train
825379,train
819564,train
799909,train
842730,train
839268,train
802459,train
803118,train
823519,train
838489,train
824999,train
823979,train
839446,train
824301,train
801430,train
831472,train
811732,train
807670,train
831279,train
805997,train
838699,train
800447,train
814690,train
824970,train
838852,train
842451,train
802827,train
812919,train
808791,train
832804,train
830971,train
836800,train
839471,train
817692,train
809776,train
810923,train
799089,train
840333,train
805970,train
823446,train
802307,train
836202,train
834952,train
826072,train
824603,train
825097,train
810227,train
807844,train
819483,train
833534,train
798234,train
810111,train
815093,train
810190,train
815330,train
837417,train
809234,train
805867,train
829341,train
839849,train
842626,train
813246,train
842161,train
816047,train
843066,train
799596,train
827158,train
837345,train
801496,train
801642,train
818764,train
803229,train
817342,train
809931,train
823360,train
842615,train
838603,train
834252,train
824856,train
813255,train
834013,train
831540,train
813263,train
840303,train
817813,train
830858,train
829474,train
832054,train
829534,train
810228,train
798567,train
838611,train
814528,train
836910,train
823550,train
830532,train
822901,train
809754,train
842938,train
804899,train
827780,train
824985,train
833664,train
833540,train
840923,train
804780,train
805776,train
828137,train
823957,train
808257,train
829280,train
830034,train
805136,train
818009,train
838569,train
822446,train
827314,train
803184,train
802152,train
813154,train
830323,train
802155,train
810994,train
817804,train
803731,train
823187,train
811982,train
804471,train
808571,train
803638,train
842771,train
835104,train
825073,train
837585,train
807860,train
811262,train
837300,train
826110,train
798227,train
800587,train
809020,train
830316,train
801192,train
843045,train
801452,train
814118,train
840799,train
813473,train
834625,train
820171,train
843241,train
814595,train
816138,train
830039,train
822526,train
798624,train
803556,train
838696,train
811512,train
806748,train
830120,train
811070,train
836325,train
827667,train
800175,train
826381,train
810548,train
838577,train
823022,train
840192,train
816345,train
816715,train
819146,train
824424,train
801290,train
823849,train
825085,train
822970,train
841429,train
832798,train
830957,train
835749,train
813860,train
835073,train
822574,train
817017,train
836493,train
798371,train
813465,train
839396,train
813120,train
833629,train
829985,train
802017,train
812890,train
823479,train
798529,train
837778,train
824893,train
799720,train
810008,train
808511,train
802531,train
811926,train
805613,train
811865,train
815782,train
803810,train
834174,train
828568,train
813893,train
806348,train
798420,train
835816,train
806573,train
816654,train
832875,train
830075,train
835320,train
837164,train
814493,train
827351,train
810532,train
801883,train
825902,train
811919,train
816499,train
798405,train
813582,train
825362,train
841736,train
814466,train
831508,train
817421,train
828957,train
833743,train
800828,train
830029,train
828637,train
834515,train
809482,train
806331,train
841313,train
836724,train
815343,train
807255,train
798864,train
820265,train
835651,train
801288,train
825294,train
817757,train
806860,train
829504,train
805175,train
841534,train
803500,train
808355,train
831442,train
832904,train
803306,train
833915,train
806673,train
825169,train
801557,train
839956,train
800552,train
824095,train
842534,train
831026,train
802086,train
817563,train
823793,train
801911,train
810059,train
833193,train
838660,train
808825,train
838984,train
822664,train
841404,train
813259,train
812383,train
806587,train
803008,train
839904,train
829042,train
799842,train
808062,train
824183,train
805061,train
827554,train
834414,train
809154,train
828513,train
829563,train
806803,train
837630,train
809414,train
819571,train
836080,train
823733,train
798707,train
809847,train
806478,train
839845,train
810191,train
819762,train
800209,train
836072,train
839096,train
809667,train
815204,train
833027,train
842102,train
833181,train
818757,train
815111,train
800027,train
816131,train
806812,train
831317,train
840109,train
805851,train
811573,train
829590,train
802877,train
839529,train
803791,train
816367,train
812096,train
799789,train
813569,train
803938,train
801175,train
805596,train
816918,train
800052,train
814162,train
798981,train
836843,train
806758,train
802676,train
818302,train
800805,train
830225,train
832955,train
814504,train
834683,train
835797,train
807994,train
839780,train
809818,train
833675,train
811886,train
829336,train
830102,train
825474,train
810855,train
834908,train
831585,train
803616,train
806179,train
800867,train
822955,train
810022,train
842147,train
798387,train
825863,train
831645,train
814676,train
839524,train
826722,train
837888,train
841046,train
807208,train
839729,train
800459,train
808319,train
806295,train
839761,train
837507,train
826048,train
840232,train
817887,train
843056,train
806342,train
825252,train
817596,train
841464,train
834071,train
801770,train
836141,train
808968,train
830985,train
838543,train
836905,train
805305,train
833293,train
842051,train
835562,train
813653,train
816164,train
826821,train
834699,train
824115,train
835754,train
807535,train
806261,train
813605,train
803363,train
807468,train
822876,train
838112,train
843116,train
835187,train
820123,train
811280,train
823908,train
814247,train
832886,train
798261,train
825131,train
831318,train
827588,train
819056,train
841381,train
806993,train
799940,train
803730,train
826554,train
825819,train
830724,train
842335,train
805869,train
823007,train
818439,train
833023,train
816231,train
838495,train
822448,train
838964,train
826797,train
819429,train
806186,train
809606,train
805155,train
837447,train
807301,train
811547,train
827336,train
816710,train
825716,train
811773,train
824996,train
823001,train
799033,train
815414,train
812953,train
819913,train
814681,train
827188,train
808469,train
826600,train
810165,train
808727,train
840328,train
824313,train
826372,train
814469,train
823962,train
812527,train
809210,train
806291,train
802085,train
819364,train
808643,train
814374,train
832174,train
832307,train
834158,train
839521,train
825771,train
811537,train
838508,train
799787,train
840689,train
812474,train
828543,train
838815,train
831562,train
818613,train
815829,train
807340,train
837010,train
829757,train
801003,train
799388,train
806103,train
831289,train
801900,train
801101,train
838511,train
803128,train
841961,train
830161,train
818001,train
816369,train
829864,train
806921,train
823810,train
829710,train
815898,train
829613,train
803333,train
830559,train
799264,train
840169,train
798910,train
807069,train
822485,train
839847,train
840412,train
835000,train
808888,train
805907,train
814203,train
831626,train
833748,train
843110,train
819026,train
829493,train
822832,train
823735,train
807258,train
822782,train
835329,train
835406,train
824369,train
811612,train
798616,train
807393,train
811613,train
828156,train
798833,train
837749,train
812124,train
823631,train
841638,train
827174,train
799722,train
809655,train
827361,train
814756,train
814848,train
809503,train
807006,train
811249,train
803679,train
836187,train
815889,train
829712,train
828680,train
828130,train
817574,train
835522,train
831131,train
833803,train
803094,train
806854,train
799824,train
824570,train
817954,train
824429,train
832668,train
842106,train
800728,train
825180,train
815072,train
835534,train
809167,train
818060,train
837019,train
814592,train
806077,train
808954,train
813991,train
799040,train
815186,train
800072,train
800812,train
831430,train
799186,train
830907,train
808577,train
807428,train
818361,train
817033,train
843009,train
804579,train
840653,train
798537,train
809544,train
802057,train
815174,train
835857,train
837079,train
801350,train
813649,train
798450,train
807435,train
818490,train
812167,train
801032,train
827399,train
808183,train
806840,train
838425,train
812209,train
831954,train
815431,train
822858,train
817253,train
829419,train
829582,train
834913,train
841500,train
804920,train
837712,train
822665,train
842753,train
839985,train
799813,train
802146,train
812581,train
842123,train
822830,train
807009,train
837435,train
819646,train
819804,train
834266,train
833688,train
799825,train
832491,train
818852,train
803664,train
804524,train
831711,train
833286,train
809225,train
808508,train
800066,train
798483,train
828417,train
805762,train
802953,train
836348,train
816501,train
809053,train
835218,train
833421,train
823931,train
838341,train
837165,train
803503,train
834734,train
835815,train
798774,train
834166,train
816742,train
840164,train
818424,train
840099,train
822951,train
834200,train
831501,train
832689,train
837457,train
811019,train
814163,train
825335,train
798457,train
837495,train
832032,train
836577,train
806333,train
800599,train
838870,train
810215,train
822671,train
830723,train
816961,train
811286,train
837866,train
834895,train
799664,train
829258,train
809689,train
838327,train
841933,train
830814,train
807746,train
824359,train
800582,train
802378,train
811442,train
819037,train
815172,train
840428,train
811610,train
809170,train
816913,train
800890,train
837550,train
836956,train
837240,train
809288,train
810737,train
837325,train
825088,train
817085,train
839360,train
811045,train
839413,train
823746,train
823858,train
802284,train
822768,train
826380,train
837582,train
823800,train
820130,train
809968,train
808113,train
799888,train
798630,train
836036,train
842296,train
843049,train
813888,train
812964,train
837180,train
843251,train
824149,train
832761,train
813250,train
831129,train
814191,train
824589,train
800550,train
804519,train
800284,train
829793,train
831891,train
831002,train
834291,train
818467,train
814718,train
818773,train
816379,train
830362,train
824370,train
800449,train
802895,train
827304,train
836537,train
800183,train
833736,train
836498,train
827396,train
809146,train
841760,train
833255,train
827510,train
836725,train
810312,train
824411,train
839628,train
808123,train
819477,train
837108,train
800826,train
834163,train
802314,train
834045,train
801240,train
830163,train
802471,train
799346,train
812467,train
801960,train
806929,train
799777,train
824232,train
842420,train
802313,train
827751,train
816283,train
833815,train
838128,train
839674,train
831593,train
842669,train
802141,train
823489,train
803371,train
841160,train
826426,train
802804,train
815264,train
817924,train
817518,train
824196,train
808411,train
805103,train
813780,train
842403,train
807053,train
837545,train
818830,train
799608,train
807336,train
825748,train
826598,train
834711,train
801899,train
801546,train
817124,train
835678,train
798434,train
816610,train
832446,train
815240,train
807222,train
837837,train
837830,train
817561,train
834422,train
829783,train
822785,train
827899,train
823398,train
799405,train
837534,train
811252,train
835961,train
827401,train
802367,train
819250,train
827100,train
842342,train
832128,train
799178,train
809711,train
824775,train
838627,train
802396,train
835261,train
809052,train
833690,train
831015,train
829182,train
803869,train
810505,train
825272,train
814472,train
809370,train
825906,train
808868,train
839573,train
813210,train
832362,train
808288,train
836002,train
841911,train
810383,train
800914,train
799775,train
841703,train
818530,train
828173,train
808628,train
805898,train
808226,train
819228,train
835091,train
810657,train
808175,train
804747,train
801564,train
837181,train
801599,train
831721,train
834646,train
837205,train
829276,train
805308,train
823527,train
828143,train
800751,train
812395,train
835457,train
805660,train
810641,train
824827,train
827992,train
838851,train
797905,train
839465,train
823414,train
829413,train
834461,train
836207,train
811264,train
807032,train
823925,train
823909,train
834395,train
807742,train
825089,train
814769,train
801351,train
801058,train
841654,train
831377,train
799823,train
839083,train
827917,train
829802,train
825609,train
807111,train
810234,train
809781,train
811135,train
825722,train
834772,train
813311,train
813550,train
816759,train
837503,train
814975,train
817485,train
828621,train
805955,train
801775,train
837283,train
830583,train
841571,train
825242,train
802204,train
818802,train
817491,train
809868,train
802612,train
831370,train
817683,train
805945,train
819136,train
839118,train
836496,train
800781,train
836205,train
816921,train
815678,train
832360,train
830913,train
838596,train
840445,train
812326,train
836489,train
814064,train
839745,train
814774,train
818892,train
816208,train
802295,train
838619,train
827749,train
801955,train
829043,train
799361,train
811596,train
800453,train
832414,train
834366,train
811915,train
837765,train
807082,train
803677,train
802737,train
820021,train
817691,train
835928,train
806973,train
839699,train
802783,train
825007,train
823368,train
814256,train
833151,train
828793,train
807460,train
814096,train
822582,train
810081,train
828199,train
833921,train
834762,train
826694,train
824203,train
820032,train
837875,train
817244,train
817732,train
828750,train
802619,train
830433,train
798492,train
835445,train
805588,train
842227,train
836942,train
810941,train
840346,train
813032,train
837494,train
828178,train
806548,train
835070,train
831750,train
832052,train
832971,train
816843,train
826956,train
799093,train
834764,train
804617,train
823223,train
818272,train
819025,train
825601,train
831964,train
823004,train
814846,train
807736,train
806327,train
840759,train
805667,train
826468,train
816376,train
803883,train
818182,train
825578,train
834149,train
806980,train
834373,train
840255,train
802933,train
803242,train
838894,train
800723,train
808272,train
828004,train
842286,train
822754,train
805843,train
834406,train
812265,train
802580,train
819451,train
803012,train
796149,train
815071,train
831319,train
823474,train
810138,train
837176,train
798508,train
817803,train
811948,train
808218,train
815436,train
830443,train
829214,train
825159,train
802358,train
841660,train
815881,train
819752,train
822319,train
822521,train
802936,train
801023,train
812608,train
838520,train
812942,train
841594,train
826363,train
807995,train
841156,train
818712,train
837612,train
824034,train
819807,train
799292,train
830726,train
825397,train
833132,train
825054,train
818433,train
839507,train
833447,train
826061,train
799018,train
809633,train
812606,train
811185,train
798810,train
819315,train
826812,train
817765,train
829990,train
815455,train
811829,train
803597,train
823041,train
812935,train
824243,train
838500,train
825592,train
808619,train
829781,train
817864,train
832204,train
814416,train
804706,train
798447,train
830300,train
836353,train
800079,train
798469,train
834336,train
832960,train
823805,train
814119,train
839648,train
819495,train
817025,train
798366,train
809704,train
837271,train
813378,train
823315,train
834790,train
810533,train
837759,train
818526,train
798960,train
837755,train
836139,train
817273,train
810783,train
805796,train
807472,train
803774,train
805105,train
814187,train
798559,train
839636,train
825258,train
824419,train
831283,train
802686,train
824867,train
801602,train
812518,train
843063,train
811460,train
826883,train
814660,train
828476,train
834868,train
843137,train
842630,train
803868,train
838189,train
814778,train
800732,train
807571,train
837743,train
820001,train
822633,train
827429,train
825901,train
837156,train
834568,train
811842,train
829593,train
834415,train
840186,train
801970,train
842776,train
838532,train
841754,train
835830,train
798762,train
813874,train
813751,train
813821,train
807515,train
826641,train
826384,train
810579,train
830652,train
804769,train
831717,train
814802,train
798293,train
826692,train
818667,train
816105,train
823804,train
802911,train
808758,train
798353,train
811905,train
813061,train
831330,train
811734,train
825614,train
830564,train
830648,train
819761,train
832768,train
814576,train
801092,train
819802,train
827001,train
817967,train
798939,train
814773,train
829425,train
827281,train
801391,train
798867,train
841164,train
806093,train
805171,train
801706,train
837110,train
804908,train
809568,train
833774,train
809939,train
839830,train
818213,train
801157,train
806168,train
834813,train
804729,train
832004,train
831724,train
800995,train
805557,train
829041,train
817051,train
814474,train
816613,train
838633,train
835670,train
840230,train
808634,train
834354,train
835733,train
836508,train
804872,train
811772,train
811499,train
806613,train
819742,train
841542,train
798103,train
799522,train
833124,train
799900,train
806144,train
830862,train
827929,train
809209,train
815839,train
823289,train
826896,train
833260,train
833265,train
810904,train
833507,train
826716,train
801314,train
800765,train
798574,train
832888,train
817621,train
818278,train
805788,train
813568,train
838878,train
808042,train
832094,train
835015,train
805249,train
813168,train
842343,train
824906,train
814171,train
837693,train
801581,train
825029,train
813651,train
841315,train
811503,train
836444,train
830320,train
835610,train
838943,train
817299,train
799206,train
812591,train
814918,train
831974,train
816945,train
836716,train
807417,train
843199,train
830650,train
824122,train
815451,train
811164,train
831222,train
830621,train
825938,train
832103,train
842223,train
833886,train
816116,train
803814,train
835630,train
839543,train
815081,train
819583,train
831861,train
824853,train
830349,train
818924,train
842748,train
799942,train
820177,train
798388,train
832747,train
826815,train
839768,train
824356,train
824367,train
806329,train
819963,train
803182,train
828176,train
837628,train
835170,train
813868,train
823149,train
810545,train
807102,train
813878,train
800866,train
801143,train
832470,train
798428,train
839791,train
814080,train
806202,train
817271,train
840375,train
836266,train
836743,train
830325,train
809916,train
840348,train
823935,train
841635,train
815351,train
830683,train
798909,train
831444,train
811131,train
827125,train
809441,train
799549,train
816080,train
839948,train
816052,train
818779,train
809772,train
803050,train
816840,train
837224,train
822854,train
803856,train
824064,train
840868,train
840410,train
822412,train
812470,train
826170,train
799029,train
799599,train
842681,train
838565,train
834398,train
833874,train
838213,train
825658,train
829668,train
807442,train
828225,train
823940,train
816226,train
841785,train
830874,train
842491,train
839229,train
831668,train
827447,train
824069,train
824045,train
809571,train
803056,train
800292,train
800905,train
825424,train
835968,train
807118,train
801793,train
825683,train
803344,train
802131,train
839064,train
824198,train
813296,train
842889,train
811272,train
812037,train
809032,train
838798,train
812432,train
827183,train
836850,train
835262,train
800275,train
801436,train
820250,train
801991,train
814112,train
834803,train
839182,train
826860,train
799996,train
801145,train
839911,train
808486,train
805212,train
834747,train
817666,train
824564,train
825554,train
798578,train
840455,train
811349,train
800271,train
823273,train
824191,train
800289,train
819890,train
838940,train
811993,train
831048,train
840632,train
815403,train
812332,train
799797,train
819001,train
827093,train
824791,train
835656,train
835294,train
818356,train
815658,train
812091,train
815325,train
801676,train
806461,train
824400,train
823475,train
832802,train
822739,train
802195,train
841191,train
842188,train
800862,train
831208,train
834403,train
811104,train
818382,train
839902,train
818518,train
802822,train
819155,train
827477,train
836123,train
818372,train
829119,train
841903,train
801433,train
817157,train
802464,train
799360,train
798963,train
834855,train
805506,train
816265,train
808234,train
829144,train
808395,train
814387,train
833731,train
809862,train
836287,train
838400,train
802095,train
800583,train
838946,train
819847,train
801057,train
811814,train
839326,train
836295,train
799544,train
823328,train
805068,train
812025,train
829039,train
813911,train
829202,train
799669,train
799877,train
833096,train
838521,train
827804,train
815627,train
841350,train
826726,train
799542,train
808421,train
803944,train
824781,train
805201,train
805729,train
830660,train
837278,train
811010,train
800957,train
834197,train
809639,train
819453,train
801000,train
843028,train
832245,train
813188,train
823342,train
800003,train
805057,train
804810,train
798198,train
810291,train
826795,train
829330,train
837405,train
833383,train
817814,train
815791,train
803362,train
806082,train
804915,train
798101,train
808318,train
823616,train
825207,train
802357,train
839577,train
809148,train
823633,train
838470,train
830500,train
824368,train
825429,train
798352,train
839329,train
799100,train
800089,train
840790,train
798608,train
822444,train
805269,train
834089,train
827733,train
841147,train
823816,train
811331,train
819648,train
836539,train
837521,train
818193,train
801926,train
802208,train
841202,train
801732,train
816346,train
800285,train
827594,train
799550,train
833276,train
801164,train
841531,train
828682,train
808393,train
801608,train
830925,train
808519,train
835687,train
826597,train
815323,train
842436,train
817240,train
803104,train
805648,train
832738,train
841380,train
807733,train
836089,train
834571,train
831550,train
815903,train
799444,train
816299,train
835133,train
829250,train
825728,train
824625,train
830521,train
819982,train
816575,train
803030,train
829730,train
825144,train
837152,train
815912,train
837580,train
830540,train
829266,train
818751,train
806856,train
814507,train
829634,train
826102,train
811780,train
842164,train
834343,train
840295,train
829533,train
813948,train
808292,train
798620,train
830590,train
828678,train
840542,train
840622,train
798673,train
816161,train
809592,train
837997,train
800431,train
819139,train
798439,train
816628,train
838325,train
823693,train
833564,train
819541,train
829569,train
823299,train
812123,train
811007,train
810164,train
799456,train
842194,train
807007,train
834979,train
829480,train
823238,train
836233,train
809855,train
799972,train
801248,train
840724,train
815065,train
819687,train
838484,train
826203,train
798284,train
808506,train
810739,train
813456,train
814518,train
831180,train
802163,train
839284,train
829460,train
829492,train
811849,train
811513,train
811992,train
800006,train
798254,train
820309,train
831528,train
837161,train
831439,train
801668,train
834996,train
830505,train
832546,train
809841,train
814584,train
812200,train
831629,train
822404,train
826787,train
842375,train
803801,train
836122,train
832444,train
819301,train
813634,train
842197,train
824606,train
837090,train
838913,train
816260,train
816922,train
842637,train
834169,train
824668,train
823716,train
802491,train
801004,train
802982,train
805808,train
835912,train
811207,train
798458,train
811980,train
808193,train
842775,train
805684,train
813221,train
801565,train
809128,train
816979,train
828183,train
799457,train
838684,train
820033,train
818683,train
840880,train
837686,train
800696,train
833565,train
829105,train
830528,train
824511,train
824082,train
842176,train
813470,train
837773,train
828620,train
825115,train
834451,train
798182,train
814550,train
808484,train
836819,train
814226,train
800455,train
834510,train
827078,train
824960,train
814190,train
806896,train
800695,train
830165,train
828398,train
817061,train
816254,train
802565,train
810077,train
813027,train
812023,train
808342,train
826352,train
817991,train
832547,train
810112,train
800189,train
839522,train
813843,train
819334,train
801494,train
842003,train
828428,train
801352,train
833024,train
822654,train
822684,train
833861,train
838473,train
802387,train
814428,train
822885,train
818597,train
810946,train
811253,train
810044,train
836474,train
811685,train
832329,train
828812,train
800017,train
822919,train
832987,train
834731,train
835192,train
804886,train
805734,train
820063,train
810531,train
811357,train
836021,train
838421,train
814020,train
833666,train
818676,train
838335,train
815419,train
823182,train
812035,train
839099,train
815442,train
830306,train
830206,train
799138,train
807632,train
826293,train
811409,train
807904,train
803023,train
838927,train
803263,train
801659,train
810420,train
809616,train
803732,train
808446,train
839696,train
802402,train
828407,train
828778,train
813640,train
804731,train
803882,train
803539,train
807538,train
833350,train
842392,train
812621,train
836579,train
841714,train
799077,train
840166,train
804567,train
815263,train
837675,train
839183,train
827392,train
814479,train
818071,train
806981,train
828854,train
811622,train
819768,train
834621,train
840869,train
828796,train
816382,train
834956,train
837326,train
798558,train
803496,train
822488,train
801366,train
801301,train
841679,train
810071,train
808026,train
822290,train
839833,train
813359,train
831071,train
837427,train
832313,train
837818,train
810055,train
828525,train
805694,train
822292,train
809322,train
829411,train
842907,train
809163,train
812584,train
817538,train
835714,train
809366,train
824152,train
840508,train
820131,train
800440,train
818990,train
805581,train
811239,train
841774,train
805990,train
806335,train
835411,train
828480,train
818494,train
828489,train
830935,train
832219,train
807284,train
798827,train
814458,train
813147,train
824036,train
825650,train
828125,train
800173,train
829364,train
800646,train
807964,train
807269,train
801942,train
815105,train
827446,train
841819,train
799734,train
827065,train
837107,train
827453,train
822346,train
837614,train
842256,train
826056,train
816574,train
826634,train
806674,train
834804,train
829289,train
818703,train
815799,train
812423,train
815187,train
835707,train
810310,train
812496,train
802296,train
811935,train
807085,train
826399,train
798851,train
800172,train
819342,train
842602,train
838490,train
826703,train
815049,train
798745,train
833117,train
827735,train
832828,train
811914,train
803766,train
835156,train
826513,train
804997,train
809243,train
836162,train
838838,train
802738,train
803662,train
831943,train
838616,train
836527,train
838062,train
810720,train
834563,train
799833,train
834405,train
827341,train
832143,train
830364,train
833330,train
823283,train
808780,train
822762,train
812914,train
813785,train
817928,train
811938,train
813973,train
832383,train
832984,train
799548,train
816156,train
802379,train
827338,train
812117,train
818445,train
824062,train
813513,train
824559,train
813414,train
808838,train
797611,train
824219,train
830472,train
824433,train
825538,train
831313,train
810012,train
837650,train
805366,train
802941,train
803020,train
825181,train
825430,train
840251,train
800951,train
810354,train
827772,train
829556,train
835898,train
811668,train
824390,train
834942,train
798109,train
818051,train
809394,train
807130,train
807834,train
803771,train
828959,train
817592,train
816681,train
814545,train
832431,train
802468,train
809600,train
810643,train
830492,train
807528,train
800745,train
809973,train
825575,train
814652,train
842394,train
806011,train
834122,train
831639,train
806143,train
817201,train
839186,train
837410,train
827104,train
837331,train
834730,train
808802,train
802450,train
808407,train
839828,train
802439,train
837418,train
839393,train
798374,train
832946,train
825561,train
805546,train
806102,train
825400,train
830099,train
811960,train
813662,train
823924,train
811006,train
835736,train
800330,train
818884,train
826884,train
822874,train
807956,train
827847,train
830414,train
838808,train
802167,train
833552,train
839062,train
828562,train
814840,train
831691,train
830820,train
820066,train
838995,train
831241,train
802618,train
827059,train
837518,train
808161,train
828008,train
806681,train
840162,train
817831,train
818671,train
826115,train
836795,train
826820,train
814335,train
814659,train
815938,train
839984,train
830030,train
818572,train
810536,train
825094,train
820046,train
826651,train
811441,train
800148,train
834986,train
800956,train
830643,train
798892,train
841188,train
801891,train
823071,train
832421,train
799299,train
812192,train
816560,train
807523,train
838564,train
835450,train
819163,train
818013,train
826609,train
838801,train
815188,train
798263,train
834836,train
819578,train
800381,train
818546,train
824237,train
832429,train
832435,train
801284,train
828009,train
803629,train
841465,train
817043,train
824212,train
842454,train
806319,train
842638,train
827807,train
822993,train
832636,train
828541,train
802115,train
798956,train
828112,train
840197,train
813848,train
808334,train
828339,train
801658,train
815310,train
801569,train
808020,train
838087,train
818536,train
834094,train
817920,train
823119,train
801434,train
815650,train
839366,train
832539,train
802063,train
840217,train
834161,train
822508,train
819539,train
828441,train
831166,train
808473,train
802132,train
838541,train
839079,train
811458,train
809258,train
826584,train
840631,train
820299,train
818720,train
842994,train
827068,train
838655,train
838556,train
807008,train
834325,train
818012,train
806347,train
816898,train
840696,train
808544,train
816520,train
839371,train
841656,train
841797,train
807438,train
827394,train
840668,train
807511,train
803294,train
833312,train
826770,train
838418,train
824049,train
800046,train
799341,train
828791,train
799449,train
809229,train
811115,train
808540,train
800740,train
827406,train
803660,train
799402,train
839943,train
814147,train
820194,train
811789,train
805595,train
838131,train
826174,train
830107,train
839678,train
813380,train
802269,train
801831,train
798623,train
823809,train
834362,train
839321,train
835003,train
799312,train
812954,train
828463,train
813736,train
839194,train
802255,train
818492,train
842599,train
831174,train
831372,train
825594,train
835592,train
802807,train
829429,train
816086,train
801764,train
826371,train
801803,train
815314,train
839913,train
835327,train
812362,train
842870,train
817669,train
810316,train
834015,train
832585,train
841732,train
840289,train
825282,train
834256,train
839461,train
813854,train
836250,train
813648,train
839410,train
808299,train
837204,train
810551,train
831908,train
835075,train
818132,train
837464,train
832095,train
806764,train
842202,train
819221,train
824966,train
823890,train
840895,train
840681,train
797988,train
810192,train
816347,train
829919,train
810404,train
826961,train
815073,train
842692,train
830484,train
809396,train
807066,train
838774,train
829437,train
813540,train
839617,train
813652,train
800774,train
834648,train
801119,train
803338,train
830866,train
822430,train
836787,train
831457,train
830188,train
823936,train
838108,train
807587,train
840524,train
818925,train
841645,train
835715,train
835930,train
832502,train
836480,train
828535,train
812061,train
807957,train
827712,train
842896,train
806098,train
829191,train
838443,train
830880,train
807612,train
808721,train
811061,train
834490,train
822385,train
824101,train
800869,train
825815,train
813669,train
832241,train
832969,train
801529,train
835739,train
814723,train
826138,train
813166,train
819799,train
839714,train
827981,train
832091,train
814138,train
828738,train
819988,train
808427,train
822775,train
809911,train
804873,train
810575,train
823906,train
799613,train
805950,train
815401,train
799080,train
831996,train
818549,train
833685,train
832890,train
837335,train
814290,train
836179,train
823388,train
833799,train
811694,train
816637,train
807390,train
816548,train
841453,train
815437,train
818414,train
827111,train
842274,train
802956,train
800159,train
824772,train
834751,train
810940,train
806388,train
824764,train
807000,train
828559,train
843269,train
807607,train
834413,train
807282,train
825141,train
822998,train
813426,train
811739,train
830084,train
811738,train
813160,train
814423,train
826087,train
806625,train
808808,train
825581,train
817580,train
808892,train
829810,train
828332,train
810178,train
798572,train
822969,train
809172,train
810647,train
824120,train
837988,train
823894,train
801786,train
837099,train
826424,train
823195,train
832628,train
839673,train
819313,train
798581,train
814810,train
830278,train
801691,train
798490,train
837126,train
840154,train
802275,train
798237,train
801994,train
837554,train
833116,train
809426,train
831383,train
811236,train
802567,train
830617,train
820054,train
839627,train
837342,train
825975,train
839515,train
839643,train
803293,train
800133,train
825946,train
818332,train
823717,train
806915,train
838832,train
818192,train
838442,train
832672,train
837654,train
818410,train
817762,train
807553,train
803626,train
829332,train
800920,train
809640,train
839181,train
809769,train
825416,train
807743,train
803704,train
816746,train
818917,train
830872,train
818614,train
807833,train
823985,train
829625,train
836129,train
824667,train
833182,train
804605,train
823814,train
841159,train
808160,train
834867,train
809216,train
818159,train
814915,train
825929,train
836058,train
817455,train
818759,train
805107,train
815372,train
798337,train
806460,train
813807,train
816257,train
835171,train
819474,train
833209,train
839887,train
809050,train
801702,train
829615,train
811296,train
802117,train
811387,train
842655,train
811124,train
807649,train
830793,train
809790,train
798395,train
837772,train
840808,train
800829,train
799574,train
798797,train
799282,train
804851,train
824209,train
809540,train
841505,train
817352,train
815191,train
806542,train
828753,train
827753,train
839389,train
824568,train
800311,train
818746,train
814742,train
838162,train
830258,train
818617,train
815905,train
803055,train
838800,train
815069,train
825763,train
829801,train
836954,train
834154,train
816836,train
809889,train
841685,train
811550,train
834991,train
827637,train
840735,train
814193,train
841384,train
834850,train
798873,train
805744,train
836958,train
813074,train
804717,train
822976,train
800777,train
811583,train
822576,train
819726,train
838181,train
814074,train
801299,train
806795,train
808274,train
833766,train
809387,train
832922,train
812620,train
842668,train
798471,train
834536,train
810415,train
810349,train
812461,train
799073,train
799598,train
834782,train
814204,train
815402,train
842531,train
836565,train
813249,train
798682,train
837652,train
816725,train
837965,train
814512,train
808245,train
814565,train
834112,train
807091,train
807129,train
834971,train
832608,train
813448,train
832835,train
809466,train
842142,train
824752,train
835485,train
813804,train
827219,train
819072,train
812519,train
839976,train
818994,train
809870,train
798242,train
809961,train
834798,train
838390,train
798899,train
814637,train
833844,train
822452,train
813763,train
818987,train
813556,train
810187,train
799738,train
842996,train
836709,train
829629,train
798274,train
824626,train
839821,train
838557,train
803115,train
823243,train
832813,train
817401,train
800767,train
832745,train
838016,train
833162,train
828536,train
815522,train
816010,train
807754,train
799595,train
817307,train
811572,train
809589,train
823410,train
810123,train
832968,train
805406,train
831303,train
802397,train
799796,train
800121,train
830587,train
798554,train
842175,train
824504,train
811761,train
807579,train
807681,train
834284,train
837444,train
804768,train
798305,train
836839,train
832845,train
842199,train
812090,train
825645,train
804521,train
802045,train
800991,train
842908,train
836818,train
830548,train
831669,train
798591,train
837941,train
799377,train
826862,train
799817,train
816408,train
838599,train
806083,train
811855,train
824463,train
820334,train
833089,train
798294,train
834397,train
799048,train
838402,train
837669,train
840291,train
818906,train
818018,train
808468,train
805960,train
840941,train
803319,train
815471,train
831193,train
801360,train
797950,train
805872,train
800434,train
840425,train
799201,train
805511,train
806970,train
812842,train
825878,train
810758,train
825904,train
798883,train
829040,train
809752,train
832641,train
816490,train
801675,train
832164,train
801626,train
831499,train
827119,train
802701,train
827964,train
805873,train
807429,train
816401,train
825802,train
802679,train
829044,train
840525,train
806433,train
825867,train
809715,train
825231,train
840510,train
840755,train
826477,train
831728,train
803689,train
807016,train
825898,train
804947,train
802687,train
837484,train
799232,train
822676,train
837422,train
808266,train
800033,train
813495,train
832784,train
809302,train
810206,train
832260,train
812926,train
798863,train
834231,train
815512,train
813995,train
814532,train
802098,train
841533,train
800369,train
802918,train
798380,train
826944,train
813939,train
805569,train
815453,train
799953,train
813900,train
800193,train
830328,train
812271,train
818918,train
808190,train
823672,train
806413,train
826814,train
802116,train
831205,train
825999,train
816088,train
843081,train
839168,train
817892,train
809003,train
818219,train
832670,train
819682,train
828405,train
807034,train
813384,train
809130,train
817012,train
805054,train
824949,train
834391,train
805131,train
830631,train
835008,train
808863,train
839618,train
834881,train
804889,train
810587,train
823208,train
832592,train
800257,train
836728,train
801027,train
798888,train
840016,train
837581,train
839934,train
842053,train
836418,train
837967,train
808582,train
810233,train
825278,train
826719,train
807251,train
838381,train
823718,train
832061,train
805041,train
831968,train
801801,train
833311,train
799800,train
836968,train
835725,train
836108,train
814209,train
831250,train
802019,train
814063,train
818900,train
834870,train
806583,train
819031,train
835641,train
842518,train
805891,train
810403,train
817646,train
833710,train
817311,train
843244,train
828522,train
809386,train
822972,train
800290,train
840122,train
802038,train
798083,train
842032,train
823634,train
840325,train
827295,train
833274,train
823147,train
813745,train
808849,train
832220,train
803052,train
809222,train
813909,train
834364,train
834641,train
833611,train
803308,train
815057,train
813044,train
826111,train
832529,train
835920,train
802529,train
805109,train
805567,train
812384,train
809419,train
824181,train
813480,train
827539,train
814606,train
817022,train
832084,train
800833,train
806097,train
831963,train
801112,train
833898,train
816915,train
825004,train
833752,train
805710,train
841513,train
840870,train
817130,train
841466,train
819522,train
806416,train
837056,train
826887,train
831240,train
841481,train
816736,train
807952,train
819162,train
843100,train
819933,train
805570,train
807048,train
840688,train
833214,train
839816,train
815085,train
804919,train
820300,train
808290,train
839567,train
798488,train
809555,train
809674,train
839859,train
837637,train
832418,train
836944,train
829711,train
831294,train
814101,train
799245,train
809227,train
827744,train
815435,train
804599,train
838398,train
831812,train
840766,train
814554,train
842526,train
812145,train
831794,train
832993,train
819045,train
813280,train
829853,train
838042,train
808308,train
817927,train
817400,train
801700,train
808237,train
802977,train
836420,train
807759,train
826764,train
807621,train
813233,train
799072,train
817127,train
836995,train
801095,train
810257,train
838632,train
822939,train
834352,train
830429,train
805582,train
802114,train
831192,train
834176,train
801562,train
806956,train
824377,train
814425,train
817566,train
834371,train
811783,train
832934,train
809497,train
829848,train
836017,train
807689,train
814410,train
826058,train
827260,train
829858,train
812237,train
809952,train
830746,train
837323,train
842611,train
808985,train
816689,train
819712,train
824494,train
813971,train
834036,train
813469,train
814475,train
816018,train
831961,train
831245,train
836519,train
826300,train
827224,train
829098,train
805311,train
805839,train
811035,train
803032,train
832545,train
838159,train
809587,train
833199,train
831140,train
841705,train
827419,train
835215,train
805505,train
842408,train
833525,train
806886,train
840509,train
800450,train
827460,train
812956,train
800379,train
830097,train
830207,train
812172,train
823494,train
832172,train
810016,train
798894,train
811279,train
811527,train
809175,train
841987,train
833100,train
817540,train
813071,train
799185,train
828802,train
808881,train
800118,train
831470,train
842184,train
839647,train
828501,train
841398,train
831766,train
802545,train
828465,train
808718,train
818252,train
815039,train
805112,train
834669,train
838170,train
814145,train
799726,train
828224,train
805800,train
827555,train
817648,train
819331,train
816586,train
809341,train
840115,train
815535,train
807887,train
814046,train
801888,train
826701,train
802238,train
826717,train
832952,train
814103,train
800217,train
833454,train
800688,train
802764,train
810013,train
799163,train
815814,train
839704,train
831293,train
802777,train
827097,train
816795,train
838732,train
842579,train
833253,train
837486,train
824399,train
823992,train
817556,train
823062,train
830781,train
804979,train
809851,train
841816,train
824225,train
801867,train
826479,train
806418,train
818635,train
840118,train
798713,train
824178,train
819987,train
823685,train
804763,train
818309,train
800110,train
823262,train
810398,train
838202,train
807358,train
807223,train
803508,train
837775,train
813141,train
839607,train
811603,train
801715,train
810972,train
825915,train
842310,train
805154,train
837937,train
812887,train
822805,train
798942,train
817746,train
805051,train
842877,train
806076,train
798665,train
837294,train
808719,train
804679,train
818981,train
800531,train
835431,train
802786,train
800574,train
802121,train
836543,train
819076,train
825515,train
800141,train
836315,train
808106,train
837480,train
823794,train
810599,train
839753,train
819819,train
814232,train
817065,train
824014,train
817006,train
831084,train
815638,train
816948,train
830788,train
826303,train
814683,train
829766,train
812536,train
827457,train
808028,train
829865,train
813625,train
805182,train
831760,train
822494,train
830458,train
814095,train
802538,train
831555,train
836984,train
807293,train
819298,train
807798,train
831551,train
802513,train
808037,train
839927,train
833388,train
843006,train
818189,train
801982,train
842879,train
805678,train
814644,train
842219,train
834241,train
803358,train
834944,train
834272,train
812109,train
816015,train
816622,train
801884,train
838358,train
829234,train
806766,train
804777,train
810569,train
839658,train
809560,train
833758,train
816821,train
824099,train
810907,train
818191,train
801795,train
802335,train
843075,train
836146,train
826818,train
818539,train
832766,train
800000,train
837690,train
817154,train
811058,train
824075,train
825145,train
810370,train
829997,train
816646,train
824231,train
824259,train
822977,train
840395,train
808989,train
805688,train
798806,train
835222,train
813410,train
832558,train
814874,train
809384,train
830984,train
841433,train
828887,train
819713,train
842181,train
801666,train
798505,train
808971,train
818483,train
823708,train
841472,train
811715,train
814146,train
827434,train
826577,train
817971,train
806606,train
813148,train
798831,train
806522,train
813855,train
830025,train
822619,train
839379,train
828232,train
805555,train
803896,train
831549,train
842892,train
837601,train
799112,train
841908,train
823719,train
801633,train
822367,train
801249,train
806958,train
805920,train
811110,train
824452,train
828723,train
840624,train
819619,train
837072,train
810461,train
804977,train
806059,train
818841,train
802103,train
840467,train
837432,train
799044,train
822908,train
807459,train
829298,train
805254,train
825441,train
828204,train
842060,train
838931,train
813806,train
825563,train
835628,train
828897,train
842864,train
807624,train
836019,train
806585,train
817624,train
799810,train
833371,train
833890,train
834468,train
807124,train
804912,train
840319,train
836534,train
830809,train
809928,train
801714,train
837250,train
804584,train
839568,train
809989,train
836432,train
830542,train
837725,train
809765,train
840244,train
839702,train
830466,train
817605,train
825057,train
799162,train
823545,train
807064,train
823395,train
829597,train
803605,train
823608,train
835593,train
833561,train
809517,train
800544,train
841962,train
809215,train
808876,train
830604,train
817152,train
815513,train
822961,train
826533,train
816321,train
820135,train
803639,train
805727,train
811626,train
837536,train
806610,train
798598,train
808157,train
830491,train
810090,train
836392,train
825504,train
835832,train
833105,train
814535,train
824108,train
837653,train
806339,train
800854,train
811192,train
811557,train
809192,train
813282,train
840633,train
812295,train
802311,train
799891,train
818648,train
841580,train
838446,train
819725,train
815115,train
818527,train
835571,train
816104,train
810160,train
819036,train
798372,train
829994,train
806408,train
826472,train
824420,train
818280,train
802479,train
798792,train
830940,train
800361,train
835204,train
826529,train
825479,train
805431,train
828231,train
819584,train
835796,train
825078,train
841634,train
830112,train
814210,train
802309,train
805070,train
830297,train
832395,train
824836,train
834846,train
826987,train
837398,train
807636,train
807537,train
800832,train
799863,train
829763,train
836451,train
800981,train
807041,train
837524,train
803587,train
834475,train
835989,train
807088,train
813361,train
826859,train
817993,train
828595,train
828124,train
830709,train
841782,train
833145,train
801882,train
805814,train
809406,train
832488,train
811958,train
799974,train
805733,train
824016,train
820302,train
833624,train
826142,train
829323,train
819551,train
823978,train
808302,train
808925,train
802138,train
813771,train
803519,train
806238,train
835893,train
825510,train
805820,train
829463,train
810356,train
831791,train
839006,train
819903,train
824705,train
830662,train
825775,train
831467,train
818274,train
839239,train
801817,train
829949,train
836267,train
837766,train
801728,train
840806,train
812088,train
823488,train
801729,train
831839,train
830656,train
835563,train
814132,train
825440,train
832746,train
820237,train
843030,train
838397,train
813367,train
802328,train
798847,train
835588,train
806953,train
828714,train
803652,train
800282,train
822428,train
833499,train
841636,train
837528,train
806300,train
799315,train
827823,train
835518,train
838120,train
816290,train
809344,train
836163,train
813503,train
815304,train
834659,train
800698,train
840286,train
803434,train
809643,train
809418,train
807240,train
828724,train
827988,train
832913,train
807521,train
800458,train
814650,train
802932,train
832764,train
817728,train
816673,train
832753,train
831270,train
838664,train
823352,train
835007,train
803512,train
829641,train
813040,train
813164,train
813773,train
820165,train
809291,train
837329,train
819565,train
826093,train
802611,train
814753,train
827593,train
809356,train
822414,train
804586,train
809727,train
811190,train
802620,train
825502,train
800265,train
811934,train
817479,train
831940,train
806223,train
826775,train
841708,train
841924,train
810467,train
809060,train
815485,train
805911,train
833171,train
826285,train
840943,train
839855,train
800407,train
823118,train
825739,train
836117,train
823950,train
815344,train
837762,train
840720,train
837070,train
807849,train
830593,train
822415,train
816862,train
839057,train
839930,train
801291,train
839387,train
833691,train
826949,train
827181,train
817016,train
813314,train
806582,train
833377,train
800974,train
818478,train
812501,train
837389,train
839073,train
831452,train
812878,train
830987,train
802808,train
819621,train
831537,train
833418,train
816209,train
813915,train
831027,train
807300,train
807513,train
811712,train
819892,train
842458,train
812490,train
825081,train
824026,train
831147,train
825392,train
816095,train
798300,train
840616,train
799118,train
811637,train
823334,train
838149,train
825445,train
840730,train
834078,train
805752,train
806841,train
832381,train
798348,train
835904,train
797587,train
829716,train
832714,train
831012,train
824233,train
800865,train
837143,train
826000,train
831128,train
831312,train
811565,train
829996,train
811130,train
830485,train
814639,train
824737,train
828970,train
835908,train
822948,train
805339,train
825854,train
816207,train
802329,train
799338,train
802241,train
809739,train
803006,train
815892,train
830640,train
839616,train
838175,train
810070,train
802253,train
842643,train
824604,train
839417,train
800771,train
823834,train
820113,train
830310,train
818730,train
826055,train
843135,train
808222,train
833528,train
808812,train
819175,train
841943,train
837479,train
800759,train
805641,train
803897,train
817249,train
815212,train
827968,train
807969,train
827247,train
834901,train
830857,train
839087,train
831946,train
831643,train
810021,train
830190,train
816931,train
837990,train
826255,train
837891,train
805447,train
802481,train
830708,train
818897,train
815700,train
808040,train
801873,train
814578,train
818350,train
811743,train
816325,train
843105,train
810342,train
822349,train
800725,train
841557,train
811455,train
808419,train
840739,train
809220,train
828099,train
841524,train
816019,train
837855,train
799374,train
804952,train
830865,train
824030,train
835328,train
814974,train
798681,train
820016,train
801492,train
842474,train
813404,train
837428,train
826128,train
836720,train
834946,train
809679,train
827880,train
820313,train
810314,train
801438,train
831800,train
802224,train
818674,train
807881,train
803675,train
842196,train
807893,train
811850,train
805423,train
839602,train
806957,train
802265,train
805841,train
802312,train
816085,train
813171,train
814511,train
804469,train
827587,train
842140,train
823502,train
799895,train
818585,train
799901,train
813460,train
806783,train
806830,train
817865,train
819905,train
819078,train
816495,train
816430,train
838654,train
838210,train
803283,train
802401,train
825756,train
818771,train
810757,train
835783,train
841199,train
837785,train
813435,train
798914,train
814090,train
834427,train
800689,train
807653,train
804906,train
813088,train
824753,train
825731,train
825279,train
840302,train
809245,train
832211,train
816453,train
827448,train
798576,train
803776,train
804480,train
808328,train
805949,train
810977,train
806351,train
807615,train
804725,train
800085,train
799788,train
832928,train
811496,train
824344,train
817237,train
837852,train
826950,train
814233,train
841837,train
816262,train
835446,train
833334,train
814058,train
834879,train
818993,train
833892,train
822877,train
805098,train
801537,train
832616,train
801133,train
840646,train
818736,train
798838,train
808158,train
812781,train
802460,train
798784,train
834581,train
840887,train
831284,train
828190,train
830783,train
836320,train
841427,train
839893,train
839126,train
825869,train
811346,train
829428,train
818178,train
842127,train
813466,train
815364,train
842468,train
841504,train
801838,train
817708,train
813217,train
832396,train
808405,train
804978,train
809372,train
812402,train
810079,train
830267,train
837660,train
840238,train
832148,train
803951,train
800115,train
836024,train
816224,train
818116,train
801725,train
826817,train
832551,train
802487,train
800064,train
842393,train
799950,train
825025,train
804921,train
834358,train
800024,train
816459,train
827950,train
814633,train
805838,train
830172,train
808130,train
823604,train
834757,train
818447,train
833353,train
810493,train
822822,train
828006,train
841482,train
827095,train
806407,train
811270,train
817454,train
832291,train
826964,train
818705,train
809867,train
836845,train
825636,train
815819,train
803715,train
842802,train
809037,train
802593,train
815867,train
838792,train
801830,train
839822,train
838138,train
815106,train
838776,train
832526,train
840234,train
817133,train
827369,train
822889,train
830949,train
842960,train
819112,train
801517,train
827810,train
801747,train
802376,train
826173,train
806541,train
811295,train
808055,train
809351,train
800760,train
818396,train
834429,train
810096,train
839074,train
842985,train
823201,train
829654,train
841796,train
823539,train
823167,train
835012,train
818607,train
801283,train
839265,train
816766,train
825240,train
816022,train
801306,train
811260,train
811312,train
808695,train
832730,train
826614,train
815613,train
838173,train
831035,train
796226,train
836717,train
814686,train
798545,train
835762,train
831611,train
798376,train
798504,train
813933,train
811410,train
823902,train
809337,train
824907,train
816222,train
826734,train
798287,train
808070,train
829555,train
840390,train
829784,train
797946,train
808467,train
816728,train
807238,train
832527,train
838748,train
842713,train
814271,train
810619,train
809059,train
833128,train
837322,train
839403,train
819494,train
836449,train
803264,train
800891,train
810266,train
834592,train
807900,train
800040,train
828381,train
810679,train
836174,train
811267,train
824389,train
839852,train
823274,train
833907,train
824584,train
842006,train
834274,train
823369,train
831952,train
815220,train
812533,train
818383,train
825503,train
817564,train
798435,train
837446,train
799668,train
832970,train
817001,train
807278,train
832419,train
807275,train
808083,train
804687,train
825405,train
827346,train
825271,train
841463,train
810729,train
807100,train
835251,train
830416,train
835896,train
834141,train
806203,train
837225,train
804836,train
833746,train
796133,train
805740,train
835219,train
818005,train
834716,train
843042,train
835060,train
808404,train
833314,train
818529,train
812560,train
801723,train
801812,train
842177,train
801153,train
802589,train
828839,train
835969,train
835326,train
813808,train
835876,train
805187,train
827271,train
837312,train
798866,train
833339,train
822427,train
805730,train
827107,train
824598,train
825347,train
802299,train
818767,train
827514,train
824336,train
808169,train
804636,train
814523,train
826333,train
801903,train
806160,train
841401,train
822700,train
801129,train
804845,train
814407,train
819318,train
800784,train
828553,train
813897,train
832182,train
798511,train
812098,train
835157,train
840089,train
803931,train
806165,train
834212,train
841519,train
818752,train
829632,train
837472,train
806862,train
838441,train
837040,train
800985,train
834951,train
804572,train
836573,train
828080,train
819413,train
835572,train
800752,train
834843,train
802083,train
801485,train
803217,train
806140,train
823651,train
827435,train
800466,train
816076,train
818682,train
817713,train
823176,train
801215,train
843029,train
811385,train
810484,train
826788,train
839898,train
814494,train
808048,train
806804,train
838014,train
840485,train
832885,train
817980,train
825755,train
815750,train
822434,train
840490,train
802023,train
800357,train
802018,train
827243,train
830264,train
832879,train
835046,train
840341,train
800670,train
839691,train
827465,train
837729,train
826338,train
823826,train
828021,train
809526,train
824455,train
833402,train
806094,train
810318,train
837605,train
810194,train
838145,train
802337,train
825907,train
835603,train
835958,train
830758,train
840550,train
803762,train
823626,train
808600,train
831324,train
833088,train
809490,train
810048,train
807864,train
813291,train
810614,train
824466,train
810147,train
819159,train
823060,train
837089,train
801209,train
816258,train
809047,train
809001,train
832696,train
801821,train
838027,train
833302,train
831795,train
798491,train
824835,train
805252,train
818328,train
812065,train
809944,train
831275,train
806128,train
827896,train
828601,train
832422,train
839536,train
823870,train
806775,train
830610,train
806770,train
834207,train
818485,train
817694,train
807265,train
839245,train
813994,train
825494,train
818762,train
823873,train
827040,train
823803,train
841860,train
818697,train
809031,train
832914,train
831447,train
823669,train
828410,train
831919,train
837048,train
829367,train
824656,train
813399,train
802514,train
807905,train
827650,train
804534,train
810609,train
833661,train
823457,train
818629,train
798398,train
842249,train
801541,train
832930,train
822402,train
835375,train
815366,train
818638,train
801558,train
808699,train
801402,train
823172,train
830442,train
799652,train
817827,train
831461,train
817202,train
800928,train
808314,train
842740,train
827184,train
806466,train
807557,train
843052,train
818975,train
829093,train
799427,train
817571,train
812488,train
822871,train
811435,train
810629,train
800069,train
836745,train
800534,train
813835,train
828953,train
822358,train
830768,train
800718,train
811151,train
816050,train
842187,train
806362,train
810867,train
839445,train
804656,train
805856,train
835404,train
839495,train
839077,train
831273,train
801457,train
805250,train
839013,train
801707,train
827598,train
803034,train
826069,train
832873,train
824235,train
839756,train
814534,train
812144,train
804491,train
819720,train
842391,train
807045,train
804885,train
839874,train
799750,train
801978,train
832704,train
809813,train
815409,train
833970,train
827049,train
810640,train
805318,train
839475,train
806664,train
798252,train
813544,train
811292,train
827537,train
834500,train
838454,train
828114,train
837228,train
812103,train
826763,train
807213,train
829339,train
801335,train
843060,train
822645,train
836820,train
810725,train
827276,train
833208,train
813301,train
827256,train
826645,train
827455,train
804738,train
799839,train
824510,train
832212,train
829352,train
807562,train
835101,train
810884,train
799267,train
819486,train
843067,train
840309,train
803650,train
802467,train
826403,train
802640,train
822291,train
799384,train
842988,train
823699,train
837695,train
832538,train
818889,train
808815,train
798433,train
832646,train
836589,train
831805,train
826059,train
839318,train
808790,train
813392,train
827534,train
841175,train
813777,train
843118,train
808104,train
830716,train
802832,train
834440,train
832279,train
839469,train
809279,train
834517,train
806090,train
842435,train
811122,train
812182,train
833160,train
810057,train
840519,train
825302,train
816212,train
816464,train
841400,train
810137,train
800077,train
829662,train
803873,train
826684,train
842461,train
816648,train
813096,train
835661,train
806666,train
833884,train
829854,train
810830,train
801735,train
823078,train
832041,train
824479,train
804854,train
826771,train
803819,train
817923,train
841323,train
818321,train
831498,train
825708,train
842515,train
830927,train
815144,train
816735,train
830435,train
809730,train
831143,train
806878,train
803865,train
840544,train
803287,train
824736,train
828962,train
808714,train
826100,train
807918,train
831991,train
797583,train
835811,train
829999,train
799439,train
832735,train
834369,train
830061,train
822737,train
826790,train
810462,train
823126,train
804698,train
818293,train
806509,train
817026,train
839472,train
835493,train
819053,train
823346,train
835635,train
839492,train
807097,train
835131,train
840538,train
823941,train
833404,train
827471,train
811916,train
825849,train
836731,train
809849,train
828616,train
824201,train
808918,train
838769,train
837935,train
818564,train
830330,train
834109,train
811375,train
823473,train
815872,train
827483,train
798657,train
838723,train
808672,train
839735,train
799503,train
812819,train
807851,train
836815,train
805790,train
831743,train
837332,train
833012,train
825473,train
818926,train
805821,train
828505,train
839005,train
836792,train
819335,train
803632,train
805610,train
803788,train
831486,train
813928,train
805029,train
812585,train
801279,train
840220,train
841205,train
828129,train
815198,train
813881,train
801259,train
802463,train
825226,train
839301,train
806979,train
801451,train
838897,train
824636,train
832222,train
839728,train
836929,train
833434,train
816518,train
826062,train
838587,train
826210,train
818217,train
837487,train
807676,train
828154,train
833432,train
832943,train
802210,train
827063,train
812834,train
840456,train
814051,train
798902,train
834639,train
837493,train
807344,train
825681,train
823130,train
798543,train
833010,train
834564,train
834195,train
825649,train
834663,train
812415,train
832235,train
837607,train
830657,train
826989,train
826973,train
827201,train
807001,train
813433,train
831206,train
822744,train
836385,train
832448,train
817695,train
834752,train
835239,train
835283,train
843144,train
829797,train
815495,train
831151,train
841683,train
826608,train
831736,train
819627,train
838031,train
831502,train
839474,train
811089,train
809362,train
834857,train
809423,train
800946,train
812444,train
830868,train
829546,train
805100,train
826735,train
813373,train
805836,train
799115,train
833973,train
810024,train
837978,train
804951,train
825048,train
825008,train
804485,train
803147,train
838347,train
837364,train
806882,train
803642,train
817802,train
830048,train
840281,train
827599,train
798221,train
818336,train
810873,train
830152,train
832909,train
810769,train
799982,train
831536,train
814389,train
801757,train
803551,train
803252,train
802434,train
803177,train
822757,train
809038,train
835634,train
806617,train
830731,train
797848,train
824145,train
813059,train
826445,train
831556,train
819059,train
837466,train
828814,train
810197,train
823313,train
809965,train
838516,train
831480,train
834674,train
801646,train
826075,train
827515,train
812276,train
812617,train
815920,train
810864,train
841697,train
841581,train
805413,train
811187,train
825952,train
802110,train
800821,train
798217,train
826502,train
836381,train
836824,train
820004,train
813087,train
824215,train
800706,train
841866,train
814646,train
798480,train
809956,train
829331,train
828658,train
819631,train
835021,train
842545,train
809349,train
813198,train
831385,train
811533,train
825028,train
841322,train
799875,train
836419,train
827160,train
798361,train
818016,train
842486,train
818643,train
839059,train
818709,train
827463,train
809996,train
813031,train
805992,train
818330,train
841403,train
842162,train
836726,train
830655,train
817260,train
798920,train
809780,train
829371,train
810711,train
818294,train
832945,train
799369,train
835166,train
839668,train
814724,train
838651,train
839075,train
831011,train
833654,train
830496,train
837734,train
818059,train
808090,train
825550,train
804916,train
806928,train
838713,train
825668,train
835721,train
819861,train
814714,train
831962,train
803872,train
809114,train
814580,train
827805,train
815701,train
824942,train
804639,train
842263,train
827292,train
831341,train
820179,train
808069,train
842279,train
833677,train
832703,train
819593,train
817844,train
842598,train
823481,train
807861,train
799215,train
830424,train
811605,train
801848,train
798599,train
812093,train
827799,train
826888,train
833551,train
839359,train
841959,train
813570,train
807677,train
824119,train
839804,train
824151,train
809637,train
822828,train
810651,train
826725,train
801464,train
808153,train
830963,train
826105,train
837287,train
800132,train
810580,train
833520,train
837788,train
824602,train
831125,train
817395,train
810161,train
834520,train
798730,train
804750,train
802453,train
830993,train
840770,train
839381,train
835281,train
811259,train
804991,train
816936,train
804691,train
835102,train
827418,train
813038,train
839663,train
823761,train
819489,train
797868,train
843064,train
834453,train
834005,train
838770,train
798556,train
823503,train
816103,train
806612,train
819693,train
842499,train
813341,train
809516,train
829231,train
828534,train
813464,train
809662,train
825697,train
801174,train
813505,train
799803,train
803916,train
842897,train
803772,train
823817,train
811750,train
800312,train
832723,train
837151,train
797891,train
832104,train
830607,train
816682,train
811109,train
840669,train
809703,train
827617,train
823490,train
818250,train
825121,train
823025,train
806163,train
835720,train
800880,train
808607,train
811843,train
818487,train
813072,train
799291,train
807840,train
839949,train
805320,train
834082,train
831045,train
823687,train
804917,train
827808,train
805984,train
839508,train
822627,train
799205,train
822460,train
810205,train
814124,train
837508,train
833006,train
799229,train
828022,train
796810,train
834709,train
801256,train
802406,train
839383,train
828155,train
831061,train
831096,train
802758,train
840358,train
799200,train
833325,train
823780,train
842449,train
811433,train
827740,train
823027,train
827062,train
809817,train
835390,train
808940,train
838715,train
815207,train
810492,train
810097,train
832131,train
835881,train
819850,train
799994,train
843054,train
814617,train
809465,train
825997,train
813275,train
811287,train
827185,train
796223,train
841929,train
799890,train
816137,train
816774,train
824070,train
811048,train
839945,train
810634,train
803185,train
825844,train
818955,train
828077,train
805256,train
837461,train
809157,train
839235,train
813813,train
809628,train
837632,train
798998,train
808678,train
834941,train
807919,train
824354,train
798487,train
832706,train
809312,train
838691,train
809964,train
829069,train
818024,train
806982,train
817992,train
822806,train
838361,train
825042,train
838573,train
809634,train
798455,train
828904,train
813062,train
824066,train
839584,train
834828,train
834707,train
828688,train
823463,train
819034,train
837843,train
842182,train
835914,train
814170,train
825778,train
798516,train
829628,train
841574,train
802591,train
805535,train
830459,train
813866,train
840044,train
800215,train
841776,train
826432,train
819524,train
809559,train
828333,train
810212,train
800018,train
842909,train
838177,train
804867,train
828157,train
830732,train
802534,train
829029,train
818550,train
840506,train
812463,train
800714,train
841670,train
811238,train
816809,train
807745,train
833483,train
837305,train
812812,train
826119,train
814514,train
842645,train
839241,train
819352,train
824620,train
836752,train
817587,train
836507,train
828920,train
831197,train
801243,train
816180,train
827411,train
801418,train
830535,train
803423,train
804606,train
817962,train
820281,train
817606,train
839740,train
828876,train
801576,train
838127,train
835923,train
834974,train
802795,train
818335,train
808633,train
842747,train
839782,train
819563,train
816407,train
801648,train
839841,train
822833,train
839207,train
799280,train
841644,train
798717,train
842430,train
842800,train
808481,train
809363,train
824179,train
832796,train
835093,train
812413,train
831260,train
825781,train
839295,train
831610,train
825792,train
807693,train
827862,train
829700,train
829856,train
806971,train
839582,train
807559,train
818429,train
814004,train
813338,train
806000,train
805062,train
819390,train
835235,train
839872,train
808983,train
802892,train
799798,train
830828,train
834282,train
843008,train
838781,train
840106,train
841805,train
823975,train
829317,train
809247,train
833184,train
831326,train
811250,train
825248,train
831526,train
807707,train
810778,train
802666,train
798535,train
810119,train
805108,train
834215,train
806779,train
818448,train
842362,train
835728,train
830933,train
823468,train
820069,train
818587,train
830023,train
817231,train
834777,train
838740,train
817389,train
831058,train
801483,train
815656,train
841711,train
802509,train
818136,train
835533,train
818645,train
815216,train
833836,train
833548,train
802954,train
842904,train
842533,train
800709,train
820323,train
800564,train
824361,train
802660,train
832074,train
803690,train
810449,train
839097,train
803908,train
808324,train
801185,train
830670,train
814480,train
810573,train
813416,train
817077,train
808263,train
836943,train
817248,train
824869,train
806935,train
826897,train
803541,train
808585,train
810250,train
827578,train
816578,train
834115,train
826514,train
826591,train
798267,train
841778,train
812588,train
833292,train
831400,train
828197,train
816256,train
834916,train
811353,train
812140,train
840796,train
833706,train
828132,train
813187,train
808635,train
842760,train
804954,train
802040,train
833566,train
799677,train
818513,train
815937,train
841521,train
809306,train
824661,train
801618,train
835197,train
825890,train
828679,train
800019,train
816236,train
835859,train
831723,train
842154,train
801813,train
805083,train
831138,train
822888,train
826047,train
835321,train
813318,train
801606,train
836331,train
822941,train
840444,train
825485,train
799712,train
807410,train
805681,train
824841,train
803654,train
837747,train
833439,train
819764,train
825762,train
834963,train
800820,train
834668,train
816797,train
801346,train
814354,train
830722,train
801975,train
827888,train
829078,train
823783,train
807710,train
808474,train
842881,train
799693,train
835386,train
807896,train
836708,train
832941,train
838157,train
825380,train
811942,train
799307,train
834679,train
833692,train
801622,train
820061,train
803247,train
805550,train
843134,train
825186,train
798418,train
801295,train
824738,train
815652,train
829131,train
833448,train
823293,train
819710,train
817737,train
835258,train
817286,train
836547,train
831474,train
816927,train
840818,train
799309,train
813883,train
817032,train
825413,train
829091,train
817572,train
804648,train
814574,train
839187,train
840497,train
833914,train
811477,train
819436,train
820170,train
814307,train
823771,train
837845,train
815027,train
809697,train
801274,train
831605,train
835454,train
804785,train
800222,train
807992,train
828312,train
837275,train
837738,train
801627,train
818155,train
825113,train
800321,train
833733,train
832140,train
834609,train
798550,train
798592,train
807866,train
801082,train
801768,train
799220,train
824055,train
839213,train
808563,train
804837,train
817539,train
838904,train
815761,train
823765,train
837594,train
813452,train
822706,train
809437,train
813770,train
802698,train
801973,train
812314,train
800736,train
830969,train
811085,train
813213,train
811943,train
800044,train
798462,train
815794,train
801842,train
801586,train
830584,train
809822,train
805806,train
807923,train
807424,train
803854,train
834748,train
827339,train
829198,train
835854,train
814426,train
802796,train
811352,train
832923,train
825120,train
812931,train
831497,train
829829,train
812372,train
822847,train
817792,train
842328,train
800468,train
800797,train
833363,train
815405,train
839288,train
811695,train
817754,train
826733,train
818451,train
816528,train
805931,train
806244,train
803726,train
814229,train
839559,train
831838,train
816740,train
832415,train
832192,train
838364,train
840543,train
823153,train
839918,train
839921,train
802342,train
828896,train
800973,train
825928,train
803472,train
816121,train
833820,train
806552,train
802079,train
812491,train
832607,train
820169,train
835680,train
812486,train
839467,train
831710,train
810296,train
835530,train
824682,train
824605,train
826446,train
842378,train
826483,train
814964,train
842878,train
843114,train
813712,train
801224,train
834277,train
819594,train
823228,train
799826,train
827136,train
839473,train
816314,train
835044,train
826232,train
813461,train
805377,train
823326,train
801526,train
815075,train
840019,train
833102,train
800953,train
830578,train
807614,train
801857,train
823526,train
840080,train
823961,train
841471,train
827989,train
830688,train
806189,train
808461,train
838802,train
812787,train
803795,train
825036,train
834844,train
798631,train
830370,train
824144,train
808975,train
833613,train
829022,train
841991,train
831191,train
840776,train
811020,train
806996,train
835428,train
836936,train
826451,train
806947,train
824539,train
841791,train
841716,train
818435,train
828603,train
836894,train
830574,train
814842,train
839891,train
806557,train
839806,train
807879,train
839765,train
798096,train
826378,train
823376,train
799920,train
804568,train
810827,train
827250,train
840015,train
842933,train
800684,train
823843,train
823098,train
814666,train
808826,train
807645,train
838030,train
825539,train
822687,train
814048,train
827652,train
814543,train
799378,train
802987,train
801089,train
805561,train
808307,train
832499,train
841207,train
830721,train
823239,train
825717,train
832162,train
802370,train
837803,train
810723,train
802940,train
800986,train
810602,train
800700,train
842618,train
809852,train
811204,train
810859,train
798321,train
834723,train
837625,train
807347,train
818251,train
817696,train
805597,train
826952,train
837564,train
823397,train
816102,train
838366,train
827770,train
839211,train
814621,train
832276,train
842540,train
828994,train
808064,train
813200,train
842644,train
816873,train
817058,train
809821,train
833455,train
818121,train
842647,train
803265,train
835387,train
798452,train
828987,train
833531,train
809683,train
836847,train
834924,train
811144,train
801078,train
802782,train
834958,train
837505,train
830059,train
839774,train
835631,train
800712,train
835509,train
833361,train
800733,train
834495,train
823670,train
830474,train
826306,train
832973,train
841590,train
838392,train
842562,train
841832,train
797719,train
804918,train
831938,train
805079,train
807633,train
805963,train
828393,train
824443,train
823740,train
799508,train
805067,train
801604,train
801035,train
828184,train
833095,train
841968,train
813988,train
800108,train
799538,train
814319,train
838582,train
810140,train
838806,train
810274,train
832814,train
836914,train
799368,train
834452,train
830550,train
813063,train
806831,train
798494,train
814378,train
840541,train
803520,train
824043,train
822855,train
810239,train
833170,train
805040,train
813429,train
838354,train
818135,train
843018,train
810876,train
830213,train
825882,train
813836,train
813306,train
841020,train
834708,train
832536,train
809539,train
806545,train
842600,train
838706,train
833223,train
812959,train
809117,train
799752,train
834555,train
838755,train
816693,train
827932,train
837078,train
813596,train
835447,train
806924,train
807954,train
840803,train
818952,train
835817,train
807821,train
800144,train
837856,train
824227,train
837175,train
840000,train
798697,train
811710,train
835553,train
811362,train
825833,train
833114,train
841412,train
841097,train
829099,train
832872,train
835771,train
816892,train
799037,train
809106,train
816298,train
815422,train
817078,train
812930,train
832759,train
816075,train
841327,train
839551,train
810645,train
838764,train
833178,train
813832,train
818300,train
810697,train
799333,train
803620,train
808793,train
831388,train
811776,train
831021,train
814153,train
828169,train
808844,train
808065,train
814167,train
823160,train
819456,train
834063,train
823914,train
834159,train
837073,train
823465,train
824926,train
803002,train
843183,train
805185,train
799375,train
834456,train
801572,train
817236,train
814627,train
818947,train
820091,train
825086,train
831715,train
801167,train
805566,train
827501,train
836371,train
798934,train
822607,train
843298,train
834689,train
813552,train
818733,train
822514,train
816595,train
798617,train
814206,train
841303,train
826343,train
815486,train
835006,train
808816,train
831473,train
822765,train
815518,train
819517,train
809034,train
830860,train
828993,train
807253,train
804630,train
815874,train
811005,train
816157,train
819258,train
829081,train
840801,train
812792,train
837138,train
808107,train
812274,train
830702,train
830891,train
823403,train
799123,train
829667,train
810673,train
823379,train
814615,train
811480,train
808535,train
806910,train
807757,train
834680,train
839487,train
802949,train
814768,train
809320,train
799114,train
808578,train
840931,train
842193,train
803152,train
819428,train
813977,train
799539,train
830032,train
825062,train
831654,train
838890,train
830629,train
837715,train
841543,train
810663,train
801788,train
817941,train
834923,train
830227,train
831190,train
837467,train
823278,train
810763,train
800778,train
819052,train
831981,train
838461,train
798399,train
803317,train
802008,train
825107,train
809035,train
816782,train
841166,train
826652,train
798850,train
828161,train
820262,train
814596,train
819294,train
834148,train
828709,train
811161,train
804569,train
832778,train
839928,train
828594,train
806547,train
807413,train
824778,train
809435,train
805921,train
806848,train
830959,train
828121,train
818928,train
824979,train
822495,train
839863,train
829552,train
842859,train
839750,train
813434,train
808289,train
818698,train
810970,train
812097,train
837877,train
817716,train
823905,train
824858,train
842397,train
817303,train
837894,train
800042,train
818774,train
810171,train
842431,train
838848,train
806698,train
840769,train
833983,train
815427,train
810488,train
832139,train
825587,train
831701,train
811490,train
798993,train
820209,train
804476,train
809602,train
813279,train
802124,train
831322,train
799414,train
840554,train
826515,train
833340,train
841480,train
832740,train
828935,train
826407,train
822689,train
818713,train
819049,train
811191,train
802428,train
810524,train
835041,train
843201,train
827370,train
808397,train
809332,train
831849,train
834051,train
809246,train
829604,train
802913,train
842596,train
806206,train
840177,train
812492,train
808298,train
840865,train
812149,train
831311,train
811018,train
834556,train
825970,train
823725,train
830979,train
839392,train
831850,train
836813,train
837018,train
814640,train
802923,train
822383,train
809923,train
798984,train
817304,train
829203,train
842150,train
834436,train
807924,train
825381,train
814396,train
806384,train
830675,train
800697,train
808867,train
836947,train
808864,train
838856,train
828133,train
829209,train
841629,train
837597,train
813779,train
800307,train
824542,train
800825,train
801084,train
823728,train
836132,train
818179,train
820316,train
820106,train
812386,train
813189,train
833505,train
824071,train
818939,train
840693,train
817693,train
833097,train
828885,train
805846,train
815904,train
798804,train
828504,train
811278,train
814583,train
798929,train
843239,train
825585,train
824941,train
830671,train
837115,train
835915,train
831868,train
815900,train
826633,train
803820,train
809230,train
839832,train
839378,train
824855,train
839854,train
812613,train
812290,train
810865,train
823774,train
805291,train
814548,train
813375,train
840337,train
839525,train
816348,train
817215,train
824916,train
808944,train
808050,train
800248,train
841410,train
832629,train
834717,train
814530,train
799729,train
838498,train
841540,train
838909,train
835820,train
809865,train
831815,train
839571,train
834470,train
833452,train
813270,train
800428,train
838332,train
809285,train
804831,train
829764,train
800872,train
830299,train
838345,train
813776,train
835784,train
823742,train
830701,train
828685,train
809796,train
814238,train
834485,train
816680,train
823204,train
831344,train
806066,train
809766,train
798006,train
819115,train
825768,train
836970,train
817560,train
823324,train
811096,train
838762,train
813121,train
814631,train
840421,train
833256,train
798926,train
815137,train
811446,train
805524,train
833543,train
805059,train
810072,train
813215,train
802254,train
817027,train
826370,train
804946,train
827965,train
836407,train
808238,train
809619,train
818088,train
800106,train
835443,train
838977,train
835585,train
837251,train
838686,train
815347,train
843076,train
824558,train
834090,train
814940,train
798835,train
837170,train
829664,train
806815,train
825433,train
808882,train
819171,train
821355,train
800205,train
802139,train
829095,train
802723,train
798509,train
798412,train
840738,train
798349,train
807721,train
818285,train
822841,train
826892,train
832596,train
820226,train
837105,train
818608,train
812478,train
814157,train
819048,train
799830,train
834508,train
812563,train
801065,train
834684,train
836923,train
808232,train
813924,train
836833,train
838485,train
815218,train
832586,train
824890,train
800496,train
805514,train
827849,train
810271,train
801711,train
837600,train
831524,train
807433,train
822899,train
842863,train
802903,train
811197,train
817284,train
808449,train
843073,train
806750,train
831266,train
815891,train
833986,train
805639,train
800038,train
842784,train
822791,train
831588,train
839460,train
825312,train
813825,train
843280,train
839017,train
824100,train
798815,train
815385,train
836301,train
808016,train
815913,train
812051,train
840570,train
810322,train
814741,train
834801,train
827738,train
827140,train
799601,train
803510,train
818064,train
837736,train
839672,train
832783,train
809347,train
801021,train
810851,train
830499,train
829311,train
825912,train
818346,train
823844,train
830269,train
801522,train
831286,train
814757,train
809480,train
818825,train
811065,train
828938,train
809773,train
841739,train
798084,train
835788,train
832040,train
815848,train
805033,train
808362,train
839939,train
843027,train
833866,train
814624,train
825460,train
799565,train
834636,train
832050,train
805427,train
842069,train
804743,train
805364,train
808760,train
811418,train
830577,train
812324,train
807942,train
808950,train
799716,train
825402,train
808616,train
801297,train
818240,train
800214,train
835924,train
829709,train
831909,train
841397,train
824860,train
809159,train
810759,train
829290,train
842409,train
815807,train
833956,train
811954,train
798683,train
833916,train
830745,train
835507,train
807520,train
800212,train
824266,train
799371,train
840514,train
810158,train
826517,train
800941,train
818413,train
838926,train
806866,train
817081,train
810840,train
817484,train
812554,train
804705,train
828060,train
805766,train
830245,train
818807,train
836165,train
816364,train
807603,train
807077,train
808428,train
812927,train
836152,train
829031,train
841674,train
802858,train
832358,train
826361,train
838871,train
842857,train
828893,train
839179,train
834975,train
831207,train
830228,train
842502,train
824330,train
813191,train
834875,train
807232,train
802735,train
815968,train
800425,train
800522,train
834384,train
818965,train
837455,train
815104,train
822455,train
809833,train
823229,train
837523,train
799899,train
807921,train
812806,train
826588,train
841585,train
801234,train
823981,train
811043,train
810028,train
835975,train
841682,train
837895,train
812173,train
813772,train
807517,train
840269,train
802972,train
836264,train
802372,train
834297,train
834590,train
813444,train
827993,train
810487,train
836299,train
833636,train
800652,train
798796,train
834372,train
805378,train
814771,train
833281,train
808842,train
823868,train
810672,train
830953,train
842201,train
838693,train
809552,train
817595,train
832209,train
832388,train
829523,train
812067,train
815634,train
808517,train
841706,train
810430,train
803186,train
828632,train
813865,train
802099,train
826497,train
825918,train
802363,train
815675,train
822875,train
826617,train
817873,train
813719,train
806010,train
842560,train
841865,train
838547,train
822801,train
810412,train
830533,train
799583,train
834022,train
803098,train
822911,train
801647,train
826706,train
828431,train
818269,train
810065,train
838119,train
806062,train
842957,train
823753,train
799209,train
822987,train
802706,train
805138,train
835789,train
825125,train
820352,train
825487,train
809088,train
825644,train
798470,train
802306,train
819411,train
807687,train
805035,train
818015,train
816068,train
826023,train
800316,train
830941,train
815322,train
823169,train
806469,train
809580,train
823830,train
820328,train
800125,train
811138,train
823247,train
837196,train
826596,train
811649,train
841652,train
801425,train
835520,train
798189,train
819227,train
801501,train
839777,train
818562,train
833656,train
813895,train
811083,train
837777,train
818974,train
811536,train
839504,train
801148,train
819558,train
807503,train
805532,train
799552,train
816508,train
803373,train
839590,train
831199,train
835413,train
801020,train
832726,train
839428,train
811173,train
800427,train
818533,train
824032,train
809786,train
833877,train
817834,train
823145,train
827643,train
808103,train
810521,train
825164,train
808899,train
834601,train
801805,train
839485,train
815822,train
808800,train
841461,train
799273,train
815883,train
833331,train
837186,train
827781,train
809436,train
808142,train
829774,train
836257,train
825261,train
839547,train
834119,train
811608,train
839721,train
833021,train
832447,train
818706,train
825558,train
808690,train
799971,train
837629,train
816970,train
838142,train
810332,train
808618,train
817860,train
829302,train
825677,train
814978,train
827782,train
816141,train
812516,train
840752,train
809072,train
803684,train
798705,train
836453,train
822770,train
838941,train
836077,train
834068,train
809729,train
841547,train
814619,train
814284,train
828521,train
819051,train
809708,train
803406,train
831685,train
828600,train
841569,train
835280,train
813389,train
803536,train
811071,train
825684,train
801962,train
818901,train
805996,train
840461,train
828642,train
810018,train
811300,train
835639,train
807933,train
817519,train
807576,train
810715,train
824534,train
833871,train
837943,train
810730,train
838419,train
833808,train
805401,train
798230,train
825079,train
838538,train
833272,train
830415,train
829806,train
832587,train
826216,train
814539,train
819044,train
811116,train
838753,train
799941,train
800976,train
841143,train
823448,train
827301,train
831632,train
803586,train
810561,train
827881,train
833931,train
837235,train
813886,train
832046,train
818062,train
810828,train
837872,train
839933,train
841966,train
839220,train
800996,train
815026,train
842754,train
838312,train
828107,train
833004,train
813284,train
805416,train
833175,train
811367,train
834818,train
824935,train
799872,train
809764,train
798292,train
843099,train
834356,train
808329,train
816581,train
827037,train
837509,train
828515,train
816171,train
799781,train
806802,train
807543,train
836379,train
800919,train
824005,train
828487,train
825629,train
824406,train
823775,train
837730,train
843040,train
808545,train
833689,train
816709,train
818133,train
824011,train
829620,train
810003,train
824642,train
824675,train
828056,train
838422,train
811902,train
829989,train
801554,train
834099,train
805559,train
817798,train
839964,train
838326,train
809457,train
831009,train
832864,train
808930,train
806364,train
827923,train
798871,train
841216,train
801235,train
803623,train
825626,train
840037,train
832351,train
829398,train
811461,train
817622,train
810688,train
830627,train
808005,train
818010,train
842851,train
808948,train
831076,train
837838,train
842444,train
832958,train
822953,train
825529,train
834011,train
822379,train
810201,train
809182,train
827381,train
812599,train
817703,train
835017,train
801432,train
834976,train
807846,train
834105,train
815804,train
815228,train
834168,train
802707,train
823497,train
799011,train
831163,train
813884,train
805655,train
819546,train
809385,train
800201,train
838670,train
824103,train
835625,train
830976,train
843094,train
826001,train
835753,train
836261,train
819502,train
823099,train
824058,train
836145,train
802814,train
823394,train
806175,train
832275,train
812828,train
802916,train
839621,train
823500,train
832445,train
803292,train
841153,train
809187,train
837386,train
826366,train
824517,train
811531,train
807705,train
798604,train
814384,train
831194,train
810150,train
811336,train
843071,train
811568,train
840915,train
823263,train
827874,train
807609,train
814537,train
804663,train
817049,train
829892,train
804609,train
801591,train
806367,train
823580,train
825016,train
809873,train
830803,train
808913,train
816644,train
810120,train
833806,train
830189,train
828012,train
843139,train
824141,train
839324,train
818466,train
813137,train
805964,train
820236,train
814889,train
834943,train
800429,train
825375,train
804846,train
816810,train
835995,train
820310,train
818228,train
840819,train
810180,train
826400,train
822789,train
817246,train
825682,train
818777,train
811473,train
824819,train
817857,train
799266,train
801238,train
808513,train
809960,train
812164,train
803936,train
815178,train
834770,train
839221,train
831392,train
802756,train
803917,train
823990,train
825624,train
806626,train
805848,train
840123,train
809812,train
801262,train
834775,train
819769,train
836893,train
820296,train
808205,train
804865,train
833735,train
842734,train
805703,train
801168,train
833326,train
815840,train
836380,train
826953,train
809685,train
839947,train
806190,train
837103,train
815625,train
807825,train
802374,train
810142,train
838372,train
837313,train
807648,train
824679,train
817919,train
833328,train
832067,train
802111,train
830438,train
809446,train
802663,train
843158,train
799834,train
834054,train
835049,train
808385,train
802548,train
840458,train
827502,train
829594,train
805594,train
820168,train
834733,train
814408,train
818348,train
832101,train
817223,train
812152,train
832988,train
831640,train
832916,train
841757,train
827452,train
817227,train
824402,train
841468,train
827405,train
809036,train
829106,train
809226,train
799786,train
810768,train
801536,train
839862,train
814176,train
830486,train
833651,train
811525,train
819809,train
814692,train
824914,train
825456,train
802776,train
802359,train
838673,train
810133,train
830351,train
835476,train
811132,train
819587,train
810240,train
816220,train
835200,train
823678,train
816377,train
824197,train
830637,train
830829,train
812421,train
822753,train
838846,train
841572,train
835926,train
817188,train
838232,train
823279,train
805026,train
814047,train
835028,train
808133,train
810988,train
798303,train
816476,train
815074,train
828975,train
802523,train
816527,train
832688,train
799880,train
831423,train
817186,train
799671,train
836136,train
841742,train
826631,train
825903,train
834401,train
830027,train
806072,train
802382,train
824566,train
824959,train
829553,train
824309,train
811247,train
809794,train
833262,train
811009,train
798236,train
810168,train
839938,train
831379,train
818402,train
801190,train
828144,train
800084,train
837502,train
831224,train
808736,train
805181,train
826106,train
842195,train
816493,train
801997,train
833919,train
802724,train
818363,train
825972,train
812619,train
822416,train
826429,train
834448,train
818814,train
808509,train
817559,train
818558,train
807794,train
831603,train
841886,train
807967,train
837832,train
843150,train
801662,train
838720,train
812917,train
841214,train
797293,train
816823,train
833081,train
806377,train
801139,train
832432,train
803537,train
808998,train
800565,train
837792,train
830052,train
823362,train
828924,train
805332,train
805060,train
822842,train
831966,train
798932,train
837571,train
840571,train
823184,train
843104,train
840729,train
805735,train
807274,train
831793,train
830462,train
822809,train
810879,train
814838,train
809586,train
826109,train
824758,train
815626,train
804973,train
799896,train
827678,train
839866,train
820185,train
835644,train
808609,train
825631,train
834960,train
811014,train
806877,train
813923,train
829560,train
833135,train
830897,train
809728,train
833324,train
823916,train
810393,train
802037,train
835883,train
814065,train
823093,train
839305,train
841784,train
800998,train
798358,train
809019,train
828803,train
802494,train
839256,train
828705,train
830875,train
802998,train
825914,train
838558,train
809134,train
842381,train
814575,train
824450,train
840453,train
832133,train
798860,train
813258,train
812016,train
799703,train
829895,train
812909,train
803025,train
841168,train
814843,train
809699,train
811519,train
799794,train
834087,train
824187,train
823458,train
826016,train
805723,train
805453,train
809099,train
834847,train
802252,train
811034,train
807548,train
816957,train
825657,train
838530,train
826612,train
804496,train
812197,train
802897,train
800580,train
834878,train
814306,train
837977,train
805253,train
819737,train
825987,train
803613,train
805774,train
806323,train
810974,train
810949,train
830901,train
822940,train
836363,train
820336,train
812108,train
825239,train
811856,train
830504,train
833462,train
805288,train
811669,train
843302,train
817739,train
822666,train
826013,train
831396,train
832878,train
815918,train
805658,train
823710,train
836347,train
839811,train
834367,train
828174,train
835813,train
832145,train
836057,train
839455,train
832613,train
824153,train
833909,train
825002,train
828858,train
810771,train
814067,train
832293,train
822982,train
833091,train
809507,train
815381,train
814253,train
810835,train
831184,train
812424,train
799337,train
812481,train
811940,train
820142,train
809597,train
820248,train
838923,train
837153,train
805265,train
807778,train
842652,train
808084,train
823418,train
816323,train
838294,train
805722,train
842739,train
799873,train
838488,train
831575,train
816094,train
802844,train
798941,train
828808,train
827800,train
816692,train
802369,train
799222,train
807270,train
839946,train
801334,train
835025,train
818725,train
838513,train
805310,train
824592,train
830591,train
813424,train
818563,train
837964,train
835809,train
836321,train
813824,train
810781,train
812036,train
807544,train
841874,train
801231,train
817619,train
833313,train
826704,train
823887,train
811145,train
815631,train
812832,train
828720,train
802781,train
837677,train
800753,train
805552,train
823461,train
820327,train
807139,train
823648,train
807690,train
829827,train
809476,train
819722,train
825634,train
820141,train
824109,train
842906,train
816073,train
801777,train
814851,train
825718,train
814675,train
823000,train
800811,train
816772,train
818816,train
818312,train
837510,train
802793,train
817326,train
836060,train
834447,train
824086,train
815438,train
803765,train
838139,train
810631,train
832207,train
820260,train
832686,train
810288,train
809843,train
807273,train
836739,train
810087,train
812479,train
805600,train
830004,train
809176,train
810560,train
808639,train
830273,train
808139,train
800097,train
806314,train
801810,train
809013,train
823030,train
819910,train
835278,train
837171,train
805661,train
811640,train
834359,train
816925,train
816790,train
838423,train
801559,train
838241,train
810984,train
819418,train
832382,train
808429,train
833567,train
801914,train
818581,train
817059,train
798726,train
823250,train
835384,train
806463,train
808895,train
801431,train
834016,train
842850,train
823460,train
822997,train
830582,train
834118,train
839737,train
819470,train
800553,train
837007,train
834309,train
818305,train
805312,train
842314,train
801232,train
827688,train
813819,train
813690,train
817280,train
817753,train
811167,train
832234,train
834441,train
834877,train
836829,train
815866,train
828186,train
834839,train
824919,train
807061,train
840245,train
824192,train
840327,train
812838,train
799111,train
818006,train
837317,train
804982,train
842228,train
824126,train
837638,train
805050,train
841648,train
822897,train
833110,train
842779,train
828964,train
818214,train
837213,train
810292,train
836322,train
828514,train
839416,train
834162,train
834897,train
816914,train
820204,train
801588,train
805642,train
829443,train
817970,train
803103,train
819372,train
801214,train
826639,train
803678,train
822556,train
802992,train
829873,train
834854,train
836192,train
824664,train
832690,train
830581,train
839494,train
827408,train
798749,train
804838,train
831325,train
818609,train
805603,train
826350,train
807190,train
831107,train
805755,train
799998,train
799976,train
838605,train
842856,train
811126,train
823321,train
804732,train
836828,train
810618,train
815203,train
808679,train
841566,train
814850,train
804623,train
830196,train
836808,train
840874,train
811436,train
811329,train
803016,train
816679,train
810457,train
823607,train
835987,train
801176,train
824958,train
820229,train
823657,train
819842,train
817492,train
825182,train
830697,train
833195,train
806593,train
841476,train
837077,train
838858,train
817738,train
843310,train
807771,train
842946,train
836102,train
802885,train
837932,train
830445,train
810935,train
805128,train
813476,train
807019,train
840105,train
812099,train
799213,train
809290,train
831159,train
830534,train
813755,train
823729,train
813467,train
802356,train
801869,train
833958,train
828749,train
827485,train
798710,train
806250,train
840901,train
812258,train
799666,train
823492,train
825960,train
831235,train
811004,train
833015,train
805348,train
839171,train
826921,train
831765,train
802915,train
827479,train
837200,train
816712,train
833358,train
828392,train
833568,train
801720,train
809966,train
841253,train
822681,train
841850,train
831307,train
812811,train
807696,train
810722,train
818313,train
837804,train
799013,train
817817,train
832812,train
800947,train
808135,train
837912,train
838639,train
808846,train
802126,train
809801,train
840215,train
806806,train
834602,train
811680,train
810273,train
832119,train
824518,train
841937,train
840082,train
818441,train
829077,train
836131,train
842566,train
802609,train
835057,train
829410,train
802360,train
803345,train
812844,train
806396,train
811084,train
834408,train
834947,train
799526,train
831246,train
812813,train
813628,train
818141,train
836030,train
806315,train
819068,train
798780,train
833910,train
799956,train
818474,train
806743,train
827871,train
834160,train
826532,train
806962,train
835703,train
806817,train
801592,train
809886,train
808927,train
832043,train
811157,train
808626,train
822691,train
799082,train
825714,train
837067,train
832911,train
833406,train
798684,train
830380,train
808916,train
805179,train
817661,train
799695,train
798636,train
835937,train
802950,train
806572,train
834338,train
827075,train
815122,train
801649,train
802070,train
818644,train
837053,train
827308,train
805347,train
812292,train
803747,train
826899,train
808433,train
809603,train
814208,train
843205,train
825507,train
820161,train
820085,train
835313,train
813681,train
819506,train
810574,train
835567,train
839906,train
798257,train
807112,train
806071,train
835757,train
808457,train
829025,train
838459,train
841894,train
830198,train
841209,train
827654,train
835887,train
842299,train
814333,train
823840,train
806088,train
805039,train
805850,train
838028,train
833908,train
808615,train
818658,train
829561,train
823478,train
823389,train
809971,train
802572,train
842937,train
819575,train
808337,train
816483,train
832178,train
837512,train
831936,train
836933,train
807120,train
814158,train
840658,train
813826,train
824877,train
810566,train
811102,train
830658,train
817635,train
839098,train
840187,train
832522,train
811508,train
819670,train
824170,train
817207,train
828095,train
809878,train
812204,train
825804,train
839482,train
809859,train
801977,train
830992,train
818826,train
829377,train
814215,train
829253,train
832518,train
811846,train
801915,train
815499,train
812084,train
829800,train
805751,train
802302,train
838476,train
809065,train
811425,train
834363,train
836143,train
838515,train
838622,train
818632,train
804787,train
833936,train
836311,train
801159,train
804662,train
834894,train
830797,train
833409,train
807982,train
837610,train
829855,train
806363,train
840423,train
820242,train
801210,train
803326,train
813483,train
831132,train
831647,train
812170,train
800701,train
842523,train
810611,train
810833,train
801463,train
839910,train
809561,train
799753,train
825310,train
842266,train
826417,train
807287,train
833484,train
827360,train
840877,train
830740,train
829459,train
810136,train
842905,train
842542,train
826452,train
840308,train
825213,train
822484,train
808256,train
802118,train
838218,train
801560,train
833407,train
834437,train
830440,train
826309,train
811725,train
811337,train
808364,train
825132,train
805434,train
835921,train
839227,train
826972,train
825361,train
813436,train
829444,train
804988,train
803286,train
798614,train
823006,train
808581,train
830192,train
817643,train
828995,train
797867,train
833920,train
799204,train
814412,train
808068,train
810911,train
804690,train
826120,train
832112,train
823365,train
809678,train
811376,train
830608,train
823206,train
836427,train
798275,train
818964,train
813008,train
823524,train
800348,train
819511,train
814780,train
806864,train
810167,train
839463,train
825945,train
825583,train
833322,train
829916,train
800083,train
804883,train
802480,train
822786,train
826264,train
803425,train
826981,train
814587,train
837150,train
807770,train
831142,train
820109,train
816399,train
816953,train
840156,train
823319,train
806375,train
837338,train
805935,train
798497,train
832071,train
808683,train
837635,train
839252,train
837727,train
826836,train
813885,train
834966,train
817276,train
842729,train
834713,train
815493,train
842466,train
818034,train
839842,train
816596,train
805192,train
822354,train
811180,train
818160,train
842411,train
830580,train
842772,train
836540,train
808242,train
812876,train
830911,train
810409,train
834179,train
822825,train
823766,train
808953,train
838445,train
833387,train
809962,train
801880,train
810773,train
830170,train
841973,train
832964,train
809127,train
823314,train
825394,train
804683,train
805405,train
812583,train
835263,train
806825,train
806275,train
836236,train
841365,train
812191,train
830040,train
822483,train
813355,train
839747,train
828453,train
833321,train
816215,train
828151,train
800068,train
839727,train
810683,train
816804,train
824615,train
822966,train
811636,train
803004,train
837004,train
800322,train
825843,train
828153,train
837182,train
813916,train
823611,train
807209,train
826002,train
800518,train
813287,train
837501,train
824021,train
835293,train
807569,train
830175,train
836288,train
801901,train
827875,train
800593,train
832924,train
836078,train
812026,train
818861,train
815797,train
831951,train
802492,train
800756,train
843190,train
808728,train
840463,train
831390,train
801126,train
830760,train
827323,train
827324,train
801784,train
806389,train
839068,train
832385,train
832271,train
835451,train
823917,train
806002,train
813124,train
812373,train
798191,train
830418,train
831200,train
824017,train
815158,train
814164,train
803612,train
832014,train
836193,train
824113,train
828843,train
841651,train
819407,train
836904,train
827676,train
801033,train
839436,train
801726,train
801693,train
800249,train
801755,train
806354,train
828686,train
841661,train
828873,train
826986,train
822304,train
801890,train
809416,train
836106,train
827859,train
825360,train
825968,train
839364,train
798453,train
803374,train
825800,train
816781,train
817062,train
826471,train
834925,train
835751,train
810082,train
800377,train
825884,train
832181,train
841265,train
830718,train
806395,train
837062,train
830894,train
799993,train
824623,train
835638,train
822642,train
806253,train
836121,train
805522,train
810027,train
839173,train
811373,train
808697,train
813942,train
805184,train
834912,train
803686,train
807378,train
830270,train
811355,train
799244,train
815805,train
808843,train
839748,train
798923,train
842415,train
840690,train
832961,train
813791,train
805200,train
805299,train
816934,train
815141,train
836592,train
832354,train
810041,train
839369,train
806402,train
836859,train
826882,train
810983,train
822812,train
828001,train
826752,train
835744,train
814370,train
811535,train
805163,train
837655,train
805412,train
802470,train
814551,train
834192,train
811863,train
801067,train
826096,train
829473,train
806952,train
828867,train
831739,train
823485,train
824783,train
811920,train
829489,train
839783,train
808774,train
805360,train
831494,train
830060,train
800597,train
818498,train
838432,train
840351,train
823958,train
839464,train
808022,train
803037,train
817720,train
814068,train
815642,train
842576,train
840922,train
822952,train
842179,train
830645,train
811539,train
814938,train
833165,train
819093,train
807354,train
834574,train
805199,train
810080,train
815209,train
804686,train
802123,train
839094,train
805047,train
828939,train
814641,train
802794,train
828708,train
836735,train
839831,train
820144,train
836938,train
832086,train
840301,train
824441,train
799117,train
802355,train
802644,train
831431,train
799924,train
833640,train
825821,train
814367,train
800937,train
834954,train
804483,train
813175,train
837806,train
805651,train
811056,train
837448,train
804681,train
804711,train
807250,train
817809,train
815326,train
806240,train
831500,train
826439,train
811169,train
799754,train
834735,train
834152,train
839419,train
834793,train
824009,train
803718,train
809666,train
801594,train
836218,train
818681,train
828399,train
838132,train
812277,train
827671,train
842446,train
826760,train
804922,train
834692,train
809853,train
831990,train
820184,train
805798,train
842104,train
808706,train
806777,train
823363,train
805472,train
823764,train
835982,train
816419,train
838979,train
818662,train
816558,train
807752,train
811277,train
812905,train
820206,train
830900,train
834035,train
841450,train
815954,train
840651,train
841880,train
816912,train
839619,train
823383,train
833196,train
811289,train
800013,train
838606,train
807558,train
824651,train
812526,train
818298,train
809430,train
819880,train
814732,train
803369,train
799399,train
838353,train
817656,train
816920,train
805763,train
803927,train
816785,train
835487,train
800030,train
803904,train
802462,train
838026,train
802169,train
823882,train
828202,train
829497,train
824421,train
802520,train
804528,train
814066,train
811170,train
824954,train
838214,train
836810,train
811965,train
808681,train
806325,train
806067,train
806398,train
830686,train
832760,train
831085,train
805373,train
803553,train
804079,train
809774,train
823505,train
817667,train
813118,train
807726,train
832296,train
842437,train
838025,train
842840,train
835675,train
835410,train
817228,train
823727,train
808501,train
804688,train
833883,train
817964,train
825403,train
824135,train
819412,train
824628,train
841646,train
801422,train
838949,train
838166,train
839885,train
825725,train
811995,train
834030,train
802631,train
834826,train
829656,train
813890,train
828849,train
812363,train
808057,train
819458,train
801486,train
823823,train
810172,train
832319,train
805349,train
828314,train
836994,train
838951,train
830932,train
817872,train
839965,train
814533,train
836853,train
799339,train
802159,train
832557,train
809635,train
838340,train
799507,train
839490,train
818364,train
840655,train
818279,train
811735,train
809066,train
839322,train
825676,train
813627,train
817662,train
810116,train
837463,train
832073,train
801527,train
829627,train
827328,train
800798,train
809680,train
817004,train
838574,train
828448,train
800247,train
820305,train
814143,train
835636,train
801446,train
832092,train
801104,train
836314,train
827973,train
823920,train
798355,train
823622,train
838548,train
833273,train
825284,train
830821,train
841920,train
805647,train
841821,train
804828,train
823447,train
801309,train
807067,train
801791,train
834992,train
805151,train
814521,train
833918,train
825411,train
816849,train
815817,train
833443,train
816599,train
805665,train
802189,train
816684,train
825551,train
840973,train
801403,train
832560,train
805573,train
809481,train
819535,train
826092,train
806415,train
837590,train
835985,train
801154,train
833678,train
814403,train
829232,train
830101,train
837285,train
822348,train
831203,train
802088,train
831503,train
820174,train
838782,train
833857,train
820156,train
826923,train
816420,train
813989,train
840102,train
823338,train
841710,train
830366,train
823963,train
809910,train
829431,train
797912,train
827577,train
822646,train
829965,train
801342,train
824068,train
819181,train
815925,train
811408,train
823498,train
828471,train
841889,train
808597,train
816210,train
837009,train
807572,train
806774,train
838912,train
831705,train
822862,train
811841,train
800456,train
813917,train
834129,train
805329,train
819977,train
840387,train
841163,train
840042,train
834933,train
809283,train
836834,train
801808,train
818780,train
824453,train
841835,train
811788,train
808366,train
835688,train
822335,train
817357,train
814531,train
807249,train
841960,train
829013,train
810141,train
824204,train
829293,train
805356,train
815302,train
826421,train
841332,train
801767,train
818754,train
816704,train
827855,train
842294,train
831802,train
815345,train
831422,train
835478,train
830895,train
802150,train
809317,train
833869,train
799171,train
812063,train
812441,train
805577,train
839486,train
818542,train
826298,train
823664,train
838527,train
799458,train
835652,train
818859,train
816820,train
834550,train
800841,train
817657,train
808580,train
809000,train
825313,train
825605,train
841669,train
840170,train
815445,train
817943,train
830371,train
825257,train
800989,train
838572,train
831896,train
841435,train
810329,train
831296,train
824338,train
798239,train
816475,train
818146,train
813591,train
840210,train
834473,train
835659,train
834861,train
823532,train
805756,train
832218,train
826550,train
840737,train
826873,train
801773,train
802092,train
806376,train
827015,train
829753,train
801114,train
828180,train
813365,train
827191,train
801665,train
803341,train
818310,train
840317,train
827389,train
819297,train
810585,train
800433,train
806391,train
818431,train
809100,train
818589,train
826430,train
839491,train
817932,train
831382,train
798782,train
814156,train
841909,train
805954,train
799281,train
834779,train
842131,train
836421,train
818115,train
822622,train
810578,train
812147,train
828707,train
800219,train
799447,train
826780,train
842492,train
808451,train
801413,train
836953,train
799682,train
801270,train
826816,train
813019,train
808660,train
813756,train
828466,train
832006,train
799175,train
827407,train
830700,train
827398,train
800060,train
822560,train
832024,train
801140,train
835078,train
842702,train
829579,train
809920,train
800208,train
805944,train
814181,train
807997,train
814496,train
827087,train
802410,train
807769,train
831269,train
809091,train
838045,train
829384,train
826391,train
808779,train
810565,train
800679,train
800243,train
799709,train
813595,train
834835,train
808071,train
800105,train
811051,train
828602,train
799672,train
839620,train
807867,train
805183,train
841914,train
832866,train
824610,train
798116,train
802174,train
813913,train
816601,train
839259,train
841518,train
812582,train
807787,train
825512,train
817488,train
801201,train
836816,train
803271,train
827186,train
817562,train
809700,train
799808,train
805300,train
827306,train
841269,train
825694,train
811592,train
817448,train
817498,train
830756,train
817132,train
832898,train
829559,train
817185,train
808715,train
823704,train
822771,train
828435,train
815441,train
810750,train
834540,train
833885,train
818292,train
798680,train
815428,train
830614,train
831095,train
818304,train
802837,train
841793,train
807123,train
800117,train
839694,train
842728,train
798896,train
827876,train
837295,train
811642,train
807971,train
803158,train
830871,train
828043,train
815050,train
822962,train
814661,train
835808,train
803167,train
814427,train
817478,train
811087,train
808260,train
822709,train
806185,train
798243,train
824217,train
809166,train
808673,train
813170,train
810485,train
810593,train
825924,train
819295,train
809692,train
801682,train
834722,train
802856,train
815856,train
822837,train
828389,train
839409,train
839279,train
830420,train
827957,train
839731,train
807650,train
807441,train
818008,train
801886,train
838404,train
798585,train
841234,train
837579,train
801200,train
840528,train
839254,train
842439,train
839292,train
815598,train
799334,train
839190,train
829383,train
805502,train
812810,train
818385,train
842818,train
806787,train
831264,train
804868,train
818048,train
811398,train
820230,train
810633,train
814361,train
816245,train
839478,train
815654,train
810153,train
833398,train
811060,train
806167,train
807590,train
803778,train
835312,train
812364,train
833671,train
801379,train
813869,train
823408,train
836271,train
798849,train
834745,train
806871,train
827856,train
806746,train
832737,train
800982,train
818215,train
833795,train
825940,train
818582,train
827663,train
814197,train
807044,train
805383,train
842180,train
832384,train
830148,train
800677,train
841788,train
840300,train
826536,train
805376,train
831153,train
817187,train
807910,train
819540,train
831483,train
813697,train
842541,train
827108,train
828741,train
823884,train
803211,train
800258,train
825729,train
808488,train
831652,train
825749,train
822499,train
801435,train
801319,train
804482,train
799572,train
839676,train
801453,train
829030,train
837118,train
817009,train
810038,train
833672,train
808008,train
817869,train
812868,train
827101,train
841984,train
835578,train
807972,train
809331,train
813183,train
815783,train
826518,train
825158,train
837434,train
831929,train
800562,train
841488,train
839212,train
840087,train
804589,train
838784,train
838406,train
834027,train
799829,train
822946,train
816580,train
804956,train
800370,train
813998,train
811248,train
823782,train
828233,train
809202,train
798177,train
839793,train
832500,train
802731,train
835891,train
833535,train
832990,train
838314,train
819932,train
801815,train
839484,train
840721,train
811400,train
825015,train
840098,train
830974,train
829145,train
840663,train
828608,train
842220,train
811016,train
804645,train
827963,train
806569,train
811629,train
823867,train
833812,train
806753,train
807830,train
804881,train
801292,train
810632,train
822743,train
837456,train
813241,train
802065,train
820139,train
812042,train
823255,train
825698,train
837591,train
836696,train
811210,train
808973,train
810317,train
832750,train
809970,train
805018,train
837452,train
824596,train
814669,train
802025,train
842232,train
813029,train
812438,train
800306,train
836465,train
806464,train
818207,train
819084,train
823590,train
823770,train
822529,train
842020,train
834644,train
836340,train
834496,train
842215,train
831028,train
813549,train
832660,train
798794,train
831080,train
812836,train
803013,train
837900,train
825604,train
822867,train
814107,train
819618,train
833732,train
801686,train
828866,train
830931,train
817878,train
803874,train
802945,train
832258,train
812791,train
817090,train
800660,train
824508,train
836303,train
800059,train
822683,train
800857,train
813346,train
837938,train
836001,train
809010,train
842695,train
828759,train
812856,train
800080,train
803748,train
833925,train
839262,train
833221,train
836097,train
825825,train
832994,train
839762,train
838562,train
818547,train
826484,train
823695,train
838156,train
822685,train
841852,train
823089,train
800308,train
802506,train
807063,train
832059,train
842419,train
806524,train
836203,train
830944,train
825577,train
816286,train
837767,train
811046,train
813598,train
830547,train
827443,train
837555,train
827887,train
798421,train
815289,train
833625,train
841520,train
841161,train
809429,train
798525,train
842670,train
827409,train
804644,train
819669,train
826401,train
830076,train
802316,train
807925,train
822463,train
800045,train
799429,train
829572,train
823632,train
810246,train
808320,train
834020,train
829477,train
817069,train
835198,train
798206,train
824987,train
818914,train
799422,train
839800,train
802015,train
811186,train
806570,train
827656,train
810703,train
812863,train
819347,train
805267,train
834399,train
832492,train
830378,train
806366,train
826822,train
801206,train
811860,train
815301,train
809529,train
829154,train
798770,train
830329,train
803943,train
803455,train
813209,train
809698,train
810934,train
834640,train
816065,train
830321,train
815363,train
836357,train
807416,train
842522,train
834903,train
807715,train
802010,train
802287,train
804959,train
839558,train
816424,train
814796,train
819568,train
842631,train
798350,train
825488,train
817957,train
828145,train
807566,train
827320,train
823582,train
814451,train
805962,train
811107,train
839671,train
815365,train
829706,train
822447,train
815491,train
800198,train
822498,train
828093,train
833605,train
831039,train
818007,train
822829,train
842076,train
836409,train
839330,train
817328,train
839895,train
800454,train
833713,train
827774,train
806853,train
833657,train
828780,train
822324,train
833819,train
838424,train
798818,train
834225,train
833365,train
825654,train
816907,train
828711,train
840432,train
827580,train
800190,train
830926,train
799931,train
809630,train
799249,train
841165,train
839681,train
834892,train
839705,train
814184,train
801358,train
829439,train
820207,train
825090,train
837141,train
801778,train
837753,train
802888,train
836374,train
832425,train
831238,train
799049,train
814588,train
820183,train
825070,train
825995,train
816802,train
798095,train
838857,train
799954,train
812540,train
834589,train
808620,train
830373,train
805565,train
810093,train
805933,train
801959,train
808377,train
837922,train
801643,train
822740,train
809621,train
799297,train
834618,train
805196,train
836028,train
827503,train
834820,train
800156,train
817279,train
806266,train
803787,train
825075,train
827084,train
810326,train
799392,train
836930,train
799820,train
816917,train
806305,train
807948,train
842135,train
837014,train
810926,train
809296,train
838640,train
820243,train
801205,train
823423,train
822399,train
801623,train
817200,train
842479,train
839966,train
840920,train
815777,train
801222,train
825431,train
809467,train
840248,train
808309,train
829047,train
799727,train
806417,train
798772,train
841249,train
831036,train
815487,train
828623,train
831650,train
812933,train
833307,train
817821,train
838590,train
842064,train
838805,train
803324,train
823929,train
806599,train
802489,train
818052,train
809877,train
801563,train
810588,train
827662,train
823512,train
836797,train
831590,train
807823,train
824521,train
811025,train
800898,train
822910,train
815268,train
841642,train
840503,train
840111,train
806378,train
814542,train
832982,train
798768,train
801828,train
832779,train
841391,train
816986,train
840342,train
803348,train
815509,train
810877,train
834898,train
818524,train
805637,train
799036,train
802887,train
822783,train
811195,train
802365,train
825944,train
835899,train
815420,train
836149,train
832190,train
803273,train
813167,train
802740,train
802821,train
824788,train
823019,train
841663,train
819092,train
816429,train
800907,train
839069,train
841268,train
805952,train
823945,train
829666,train
838228,train
813580,train
815118,train
840660,train
832299,train
831051,train
824123,train
810666,train
818556,train
810126,train
815259,train
824339,train
831195,train
803506,train
800241,train
799946,train
803825,train
825194,train
809301,train
825894,train
801555,train
838971,train
842752,train
811594,train
825713,train
798743,train
811563,train
822827,train
805258,train
811867,train
816311,train
842902,train
800245,train
812893,train
804832,train
808116,train
835580,train
809836,train
833416,train
830905,train
841790,train
834665,train
829973,train
809537,train
798690,train
805180,train
842457,train
836294,train
819934,train
813997,train
806343,train
815126,train
833408,train
811188,train
838700,train
809524,train
825152,train
811136,train
800049,train
824978,train
805742,train
818316,train
834232,train
837989,train
815478,train
838405,train
827195,train
817974,train
827691,train
812366,train
820286,train
831169,train
817744,train
822375,train
825041,train
839817,train
809693,train
835615,train
831432,train
837469,train
837874,train
836690,train
832236,train
831018,train
808593,train
814094,train
828864,train
815107,train
819718,train
810472,train
814144,train
802713,train
828411,train
819704,train
839002,train
833155,train
817968,train
842352,train
828123,train
824147,train
803540,train
838357,train
824139,train
807831,train
805359,train
819965,train
812301,train
829237,train
822980,train
805048,train
811491,train
799110,train
811341,train
826107,train
839844,train
834994,train
822468,train
799225,train
814585,train
840278,train
810074,train
803280,train
832135,train
832114,train
837617,train
836989,train
800983,train
824381,train
822859,train
801324,train
805929,train
842224,train
839251,train
808518,train
799937,train
825104,train
801969,train
823010,train
798265,train
838944,train
796221,train
841841,train
819330,train
824317,train
825297,train
831239,train
830844,train
832025,train
823129,train
834444,train
800246,train
825268,train
829860,train
826136,train
827978,train
822799,train
839818,train
801055,train
808002,train
806475,train
822918,train
801470,train
841530,train
832126,train
800067,train
798414,train
813316,train
811852,train
825957,train
841780,train
830457,train
813477,train
839459,train
833811,train
828578,train
832979,train
837443,train
840347,train
831553,train
829888,train
831232,train
839281,train
837154,train
813993,train
810400,train
797930,train
843138,train
820143,train
838778,train
822564,train
802100,train
801701,train
820181,train
809422,train
801681,train
806851,train
806087,train
826064,train
835903,train
829869,train
811564,train
808982,train
816911,train
810534,train
825045,train
805777,train
833937,train
833614,train
829880,train
813952,train
832184,train
819096,train
807628,train
839217,train
806194,train
836830,train
823711,train
839792,train
822973,train
801311,train
842619,train
811365,train
822387,train
836188,train
801060,train
831634,train
811041,train
837140,train
803855,train
837758,train
804766,train
823955,train
816902,train
838987,train
841512,train
817495,train
834076,train
809074,train
822755,train
817542,train
809941,train
840932,train
820017,train
813562,train
804535,train
812229,train
813368,train
815182,train
814077,train
829393,train
810073,train
808134,train
822912,train
813581,train
826251,train
800244,train
823372,train
818206,train
803648,train
800061,train
801348,train
818534,train
843297,train
811055,train
833847,train
823625,train
832308,train
828246,train
816974,train
834484,train
798566,train
815836,train
832350,train
803196,train
815448,train
842383,train
817532,train
814693,train
812361,train
833335,train
811340,train
826461,train
816165,train
810289,train
807955,train
836704,train
813975,train
838193,train
838019,train
800131,train
830071,train
807295,train
819706,train
800730,train
807387,train
837701,train
801746,train
824117,train
798240,train
816316,train
811358,train
830291,train
836212,train
813840,train
810982,train
820099,train
831217,train
798637,train
819430,train
838885,train
816268,train
806361,train
798931,train
836884,train
837718,train
837308,train
805939,train
799678,train
803274,train
834718,train
806670,train
802002,train
831479,train
806204,train
835676,train
817794,train
826443,train
830636,train
813847,train
842606,train
839689,train
826901,train
798524,train
831693,train
831182,train
801448,train
834800,train
798676,train
836292,train
835590,train
806196,train
824951,train
801303,train
799016,train
825879,train
828988,train
804689,train
830428,train
810623,train
809203,train
832120,train
816204,train
834999,train
831112,train
807586,train
802233,train
842972,train
830545,train
806108,train
831008,train
827783,train
825068,train
809113,train
827633,train
835415,train
839420,train
823193,train
813862,train
809316,train
829596,train
801981,train
811156,train
812281,train
830776,train
829469,train
819949,train
820290,train
802094,train
811567,train
824838,train
814341,train
832807,train
840065,train
842795,train
825665,train
828555,train
819377,train
816731,train
823705,train
826691,train
840007,train
834104,train
818669,train
798807,train
841769,train
802005,train
815342,train
834131,train
824895,train
834271,train
799719,train
835076,train
802482,train
823416,train
809326,train
837971,train
817053,train
811882,train
808268,train
832079,train
813576,train
839430,train
823709,train
820062,train
815849,train
810887,train
829608,train
833022,train
823522,train
798383,train
812809,train
810474,train
825287,train
838519,train
818944,train
820249,train
802680,train
841331,train
818829,train
830741,train
818403,train
799918,train
837768,train
836812,train
833556,train
809307,train
839310,train
839272,train
802860,train
812943,train
817874,train
805304,train
840345,train
803194,train
840685,train
834656,train
836526,train
810494,train
816185,train
823413,train
804935,train
809102,train
823592,train
800452,train
808637,train
813720,train
823514,train
836372,train
802606,train
826927,train
830786,train
816930,train
839439,train
814492,train
830000,train
828007,train
838233,train
801737,train
812095,train
839470,train
841775,train
836138,train
810504,train
826086,train
815873,train
841387,train
820100,train
814626,train
828754,train
834531,train
823151,train
802965,train
799755,train
806192,train
839454,train
805415,train
838477,train
815697,train
814385,train
826214,train
830340,train
834938,train
810202,train
822784,train
834972,train
805728,train
799085,train
812924,train
827969,train
816177,train
813336,train
816436,train
827132,train
798440,train
805548,train
837717,train
829792,train
828540,train
838667,train
822986,train
828853,train
801645,train
830725,train
809201,train
800235,train
840474,train
836495,train
826423,train
835609,train
817112,train
802217,train
811840,train
816017,train
800846,train
841893,train
819132,train
808007,train
829014,train
829746,train
810831,train
799779,train
815361,train
803464,train
817784,train
825098,train
825788,train
822426,train
830085,train
799149,train
806210,train
800287,train
837705,train
832058,train
818871,train
820145,train
801535,train
802165,train
830644,train
832781,train
806191,train
822920,train
812378,train
834058,train
841522,train
819481,train
835155,train
808241,train
829850,train
824871,train
815305,train
826066,train
838811,train
800521,train
814415,train
802498,train
828700,train
801261,train
829807,train
826687,train
808380,train
798788,train
835194,train
806340,train
806623,train
832831,train
812053,train
830585,train
803607,train
807504,train
827091,train
823359,train
829382,train
808383,train
836042,train
806180,train
816935,train
804680,train
832837,train
837963,train
830230,train
816739,train
822333,train
824163,train
840670,train
819966,train
802042,train
813987,train
824804,train
839734,train
838227,train
830947,train
809656,train
822569,train
811812,train
805589,train
799965,train
814092,train
813412,train
803861,train
802305,train
812353,train
802769,train
811574,train
818950,train
823656,train
809934,train
804994,train
838677,train
811864,train
801578,train
819774,train
833818,train
819225,train
838201,train
818680,train
806876,train
822530,train
811120,train
830920,train
798304,train
826326,train
819070,train
819645,train
811117,train
841516,train
840477,train
819280,train
806005,train
825939,train
840623,train
826615,train
824535,train
823681,train
815852,train
802336,train
811454,train
816526,train
799708,train
838711,train
811701,train
830763,train
835254,train
827644,train
800216,train
832733,train
832859,train
824997,train
824435,train
800438,train
802578,train
800705,train
841484,train
805857,train
836306,train
823543,train
813289,train
810664,train
803862,train
804834,train
799357,train
809501,train
808472,train
811221,train
815870,train
812522,train
831532,train
811226,train
807425,train
835966,train
831462,train
817104,train
806299,train
832150,train
804517,train
826586,train
832047,train
801160,train
828380,train
823646,train
838665,train
801015,train
811114,train
802590,train
829874,train
811953,train
817797,train
818575,train
834573,train
806771,train
834765,train
826101,train
805456,train
837198,train
836324,train
826997,train
842516,train
824766,train
803950,train
835848,train
818164,train
835994,train
808784,train
838337,train
800253,train
798647,train
828574,train
816503,train
818184,train
816658,train
822305,train
801776,train
823752,train
840470,train
841696,train
802226,train
807379,train
827439,train
836173,train
798677,train
826325,train
824076,train
827055,train
819864,train
817494,train
802656,train
824922,train
806510,train
836201,train
837851,train
802770,train
832899,train
813961,train
806234,train
814199,train
822303,train
835906,train
838348,train
827984,train
823660,train
837430,train
811451,train
830942,train
817886,train
833323,train
799413,train
839353,train
813411,train
841825,train
827763,train
835202,train
833870,train
840034,train
841311,train
799871,train
838888,train
817818,train
802725,train
802475,train
838550,train
817211,train
809856,train
811212,train
799060,train
833435,train
814331,train
800954,train
816900,train
813440,train
818416,train
828404,train
833536,train
830647,train
806213,train
824952,train
803545,train
843117,train
840012,train
807014,train
811497,train
803270,train
802395,train
822959,train
829071,train
829176,train
839586,train
829305,train
841882,train
837906,train
823797,train
831414,train
801186,train
838607,train
806270,train
833497,train
830546,train
811770,train
814002,train
837825,train
833810,train
837363,train
825311,train
814352,train
798456,train
814477,train
819362,train
800692,train
812284,train
818943,train
832606,train
841316,train
831912,train
824741,train
836513,train
802884,train
819906,train
834304,train
799177,train
817610,train
807839,train
798609,train
837298,train
836070,train
809191,train
803954,train
811215,train
840239,train
842377,train
826374,train
815210,train
817500,train
815760,train
827410,train
836837,train
810605,train
827819,train
799821,train
838793,train
830382,train
841546,train
801405,train
810713,train
830185,train
823659,train
798696,train
826073,train
824933,train
805056,train
801188,train
803550,train
818436,train
835137,train
806470,train
817261,train
829693,train
817921,train
816062,train
815439,train
838430,train
808543,train
830713,train
836227,train
823280,train
818340,train
830002,train
827310,train
822390,train
840574,train
837227,train
800514,train
815756,train
816225,train
806268,train
834559,train
800167,train
835894,train
825439,train
800724,train
799732,train
829195,train
843013,train
811023,train
805365,train
813128,train
840699,train
800004,train
818021,train
817854,train
800309,train
818726,train
805251,train
802097,train
827755,train
822338,train
815744,train
819012,train
800234,train
826889,train
813054,train
809854,train
799915,train
799949,train
822431,train
812055,train
811764,train
799026,train
827517,train
810224,train
812879,train
819135,train
811290,train
841958,train
822437,train
803474,train
834888,train
817761,train
803019,train
816549,train
811090,train
810968,train
837241,train
831454,train
801611,train
828818,train
801241,train
824316,train
841770,train
834091,train
828470,train
808701,train
813927,train
799692,train
800663,train
807563,train
824678,train
834955,train
838137,train
823714,train
822900,train
831346,train
800577,train
816319,train
836892,train
801548,train
815812,train
839296,train
817060,train
828958,train
836697,train
823649,train
809420,train
808246,train
829692,train
803368,train
841312,train
809992,train
815315,train
836964,train
805675,train
807299,train
833682,train
828134,train
835138,train
807620,train
807816,train
803173,train
829107,train
811907,train
834489,train
824648,train
817675,train
814671,train
817531,train
804840,train
811826,train
827846,train
837923,train
798540,train
836134,train
822752,train
801814,train
802705,train
840462,train
817513,train
843011,train
804829,train
827382,train
825535,train
813356,train
830982,train
837144,train
829978,train
828113,train
832673,train
840511,train
819153,train
828342,train
817170,train
835662,train
820264,train
842353,train
807912,train
828655,train
806007,train
798638,train
824771,train
805353,train
805283,train
802419,train
802071,train
829316,train
814188,train
841047,train
803304,train
798233,train
806271,train
838416,train
842616,train
806476,train
832151,train
824385,train
835835,train
805972,train
802524,train
830541,train
835602,train
810687,train
811381,train
819394,train
832676,train
811166,train
828547,train
816706,train
811906,train
814007,train
836906,train
808282,train
840326,train
817862,train
805137,train
824136,train
800076,train
810661,train
836832,train
822628,train
809901,train
809281,train
830493,train
811716,train
833570,train
810660,train
804516,train
837599,train
833360,train
818734,train
810764,train
823399,train
817117,train
799095,train
804525,train
842416,train
843186,train
826208,train
823883,train
817233,train
811529,train
798711,train
843068,train
807421,train
815113,train
814948,train
833965,train
809297,train
805956,train
836349,train
798474,train
817822,train
825533,train
806360,train
827942,train
829909,train
825764,train
829557,train
799809,train
813906,train
817451,train
830618,train
801307,train
808729,train
837925,train
801179,train
832165,train
802388,train
798874,train
818877,train
829003,train
827172,train
798675,train
827190,train
807841,train
828805,train
803581,train
807449,train
816437,train
807858,train
837215,train
839880,train
809788,train
827930,train
801158,train
836209,train
828187,train
810219,train
802021,train
824483,train
823776,train
827350,train
822450,train
805842,train
809731,train
817190,train
816838,train
838107,train
807090,train
838522,train
838082,train
802864,train
840310,train
808294,train
807361,train
797900,train
829263,train
841872,train
800747,train
802113,train
818089,train
817554,train
823736,train
817910,train
808909,train
815639,train
829110,train
840897,train
833013,train
840059,train
799223,train
837538,train
841756,train
804720,train
801410,train
810724,train
814052,train
807202,train
822907,train
807146,train
807248,train
836556,train
823637,train
832141,train
803809,train
839881,train
818630,train
824265,train
841561,train
814540,train
820215,train
818386,train
839644,train
836150,train
811486,train
810625,train
801502,train
808381,train
840662,train
808865,train
836821,train
801450,train
818909,train
841899,train
814877,train
805443,train
817247,train
807775,train
828986,train
832116,train
812331,train
798502,train
833495,train
814212,train
837890,train
828538,train
827797,train
804518,train
839228,train
809506,train
818646,train
809719,train
832011,train
828922,train
808862,train
807122,train
800266,train
826599,train
815828,train
822985,train
836711,train
802477,train
837817,train
813670,train
801437,train
817208,train
842953,train
807865,train
833157,train
820055,train
839201,train
810127,train
812264,train
825371,train
807695,train
799079,train
799214,train
800704,train
817723,train
810067,train
817745,train
838471,train
810149,train
812089,train
800226,train
834792,train
809615,train
799269,train
807194,train
830358,train
816683,train
837174,train
829375,train
835826,train
812802,train
832012,train
842697,train
800815,train
801444,train
803003,train
816878,train
827425,train
810903,train
825065,train
805580,train
818406,train
830173,train
816703,train
826367,train
816813,train
806187,train
830873,train
806368,train
834753,train
803531,train
834911,train
827105,train
809816,train
839103,train
840285,train
826212,train
824883,train
824039,train
825033,train
803295,train
822886,train
832494,train
805334,train
838007,train
822334,train
840184,train
835957,train
833524,train
819935,train
801102,train
839091,train
822562,train
808735,train
810870,train
806125,train
833309,train
834821,train
800010,train
798345,train
827507,train
817990,train
833310,train
830609,train
828017,train
839758,train
816672,train
801508,train
800477,train
808322,train
812807,train
825063,train
822692,train
837783,train
827289,train
812215,train
840402,train
813863,train
823747,train
835325,train
831745,train
834423,train
815288,train
824896,train
814745,train
807076,train
816990,train
831185,train
832020,train
817978,train
817549,train
813541,train
836098,train
807422,train
836580,train
839312,train
815882,train
842557,train
836926,train
816687,train
817301,train
841643,train
827090,train
827659,train
801458,train
802969,train
842853,train
830705,train
805142,train
809825,train
806525,train
801947,train
807575,train
805043,train
831233,train
831298,train
802721,train
839191,train
838749,train
816312,train
825467,train
840388,train
800091,train
802788,train
800294,train
835682,train
809918,train
805542,train
800560,train
824873,train
803161,train
813095,train
823903,train
807959,train
810396,train
823267,train
833741,train
820003,train
836826,train
841970,train
838491,train
830964,train
808797,train
831538,train
838563,train
841328,train
800739,train
839203,train
805444,train
800787,train
818956,train
838553,train
802546,train
807815,train
799567,train
842636,train
832966,train
802385,train
830549,train
828635,train
804841,train
834741,train
828837,train
815098,train
809955,train
842855,train
816472,train
832033,train
808066,train
808240,train
803953,train
823402,train
810328,train
842912,train
834962,train
841693,train
802658,train
803437,train
801762,train
825455,train
828239,train
804728,train
834848,train
800830,train
811079,train
835051,train
824002,train
837246,train
802757,train
830454,train
839468,train
827613,train
816619,train
840362,train
800409,train
803942,train
802180,train
839066,train
805015,train
806123,train
816383,train
806521,train
836557,train
817863,train
802505,train
820255,train
808520,train
816882,train
813729,train
825536,train
801044,train
824821,train
827816,train
839772,train
798281,train
823629,train
827878,train
811419,train
801412,train
802765,train
826268,train
810748,train
801525,train
839255,train
828628,train
804473,train
824541,train
807337,train
825773,train
809417,train
825428,train
832035,train
810394,train
807434,train
799327,train
815052,train
802853,train
803710,train
823354,train
820056,train
799104,train
799184,train
835214,train
816317,train
800320,train
805374,train
819676,train
840057,train
810473,train
806899,train
799568,train
797581,train
802537,train
835164,train
814380,train
840046,train
824803,train
810050,train
840530,train
837902,train
829881,train
810145,train
801081,train
812328,train
815754,train
841270,train
831525,train
802120,train
800039,train
841836,train
803656,train
834612,train
835398,train
819358,train
798709,train
801196,train
813782,train
830698,train
834714,train
829319,train
812920,train
810749,train
802639,train
824644,train
810337,train
823428,train
841496,train
800516,train
814636,train
823781,train
816678,train
824501,train
842839,train
830137,train
800143,train
822860,train
824640,train
832300,train
834661,train
811851,train
818367,train
814346,train
826618,train
826543,train
841759,train
815127,train
836941,train
824739,train
826630,train
812936,train
836803,train
811925,train
825990,train
828869,train
806533,train
799776,train
824168,train
806791,train
809149,train
826387,train
825171,train
807226,train
799745,train
816087,train
815300,train
843156,train
815251,train
811762,train
826765,train
824977,train
822815,train
833700,train
840038,train
813728,train
806768,train
815810,train
837296,train
828776,train
831168,train
816406,train
801987,train
842261,train
837340,train
818707,train
837999,train
822425,train
815102,train
808691,train
813134,train
816670,train
825444,train
815821,train
833288,train
822937,train
831564,train
815788,train
839797,train
822320,train
842563,train
813815,train
836159,train
805802,train
804704,train
837531,train
803330,train
805049,train
824216,train
798342,train
834599,train
819369,train
799043,train
841972,train
832417,train
824884,train
832965,train
829982,train
833834,train
816895,train
823605,train
808173,train
807638,train
824532,train
817833,train
804613,train
812886,train
817568,train
833501,train
797894,train
820233,train
801312,train
808120,train
824800,train
801624,train
798646,train
815244,train
839637,train
798561,train
799525,train
811037,train
817390,train
806130,train
799318,train
837716,train
831522,train
826297,train
842400,train
809313,train
835806,train
798438,train
799743,train
813743,train
836238,train
837620,train
802490,train
809829,train
841420,train
813376,train
805306,train
807514,train
801493,train
840373,train
819852,train
801505,train
801069,train
842410,train
803251,train
803427,train
807895,train
824945,train
828863,train
827123,train
836863,train
811801,train
828243,train
798527,train
840787,train
808122,train
803199,train
809990,train
816139,train
802566,train
826425,train
801976,train
809926,train
816434,train
830898,train
822445,train
824597,train
806834,train
825046,train
809523,train
811334,train
799364,train
842462,train
814391,train
798664,train
812380,train
806222,train
818670,train
824174,train
836514,train
825129,train
826729,train
808917,train
799757,train
825796,train
807195,train
808524,train
823852,train
819047,train
831920,train
834565,train
836901,train
797945,train
813574,train
814501,train
799547,train
834074,train
838674,train
831725,train
833900,train
828850,train
802239,train
798955,train
837543,train
832815,train
804925,train
816841,train
813421,train
824700,train
812808,train
823499,train
832479,train
801426,train
827928,train
798086,train
799367,train
831328,train
836383,train
809995,train
806292,train
829008,train
830049,train
833159,train
830423,train
799202,train
826545,train
825034,train
837779,train
800551,train
824140,train
826542,train
833960,train
839489,train
804849,train
817836,train
817824,train
825742,train
800669,train
833411,train
808575,train
818685,train
818599,train
815063,train
805739,train
842750,train
826219,train
816413,train
817191,train
807003,train
838675,train
843301,train
819140,train
803334,train
832700,train
834812,train
828677,train
835829,train
840430,train
801415,train
828307,train
806312,train
810029,train
813619,train
838436,train
810909,train
798193,train
804727,train
836031,train
807740,train
809171,train
804882,train
834258,train
802483,train
798111,val
824569,val
814953,val
811076,val
798750,val
799855,val
799081,val
805424,val
828965,val
843188,val
816444,val
807466,val
841954,val
832634,val
798672,val
839246,val
803603,val
799801,val
810480,val
804790,val
802693,val
839176,val
807239,val
807890,val
799689,val
800539,val
831403,val
819883,val
832883,val
806858,val
830765,val
842336,val
811963,val
817598,val
806220,val
838589,val
824502,val
819150,val
815238,val
805526,val
808850,val
800237,val
842789,val
819835,val
816482,val
836231,val
836825,val
812530,val
840153,val
799221,val
842561,val
832136,val
798107,val
841979,val
824352,val
819253,val
806225,val
822409,val
823653,val
801736,val
816023,val
818641,val
811955,val
811548,val
816793,val
806751,val
816988,val
835191,val
818289,val
833090,val
817848,val
809951,val
800537,val
805564,val
809145,val
800464,val
838075,val
834000,val
806629,val
835619,val
837993,val
841366,val
805058,val
809743,val
837527,val
814597,val
832251,val
799519,val
808379,val
835087,val
799406,val
826743,val
828619,val
806069,val
816864,val
842218,val
837160,val
811000,val
841514,val
834386,val
812325,val
832021,val
825836,val
842264,val
813363,val
800206,val
830819,val
819310,val
798114,val
802006,val
829058,val
819174,val
807837,val
830599,val
819485,val
833509,val
828955,val
823380,val
839438,val
829665,val
830335,val
805562,val
800414,val
838180,val
806887,val
799736,val
818911,val
801692,val
804537,val
803941,val
800093,val
833308,val
823035,val
817306,val
801341,val
830482,val
801783,val
827156,val
803918,val
822637,val
822647,val
801908,val
822795,val
805884,val
823542,val
825471,val
812220,val
829580,val
835729,val
824770,val
831448,val
824078,val
840212,val
816775,val
823661,val
800050,val
837128,val
799935,val
814327,val
837185,val
819269,val
836475,val
806529,val
819936,val
826881,val
813861,val
799748,val
830159,val
807342,val
841659,val
809405,val
806392,val
811543,val
834085,val
836718,val
822395,val
820073,val
842200,val
828168,val
835311,val
836470,val
834824,val
837816,val
834982,val
803799,val
834480,val
839575,val
807657,val
828454,val
826710,val
810294,val
812157,val
809025,val
840145,val
826076,val
802883,val
819039,val
824372,val
802257,val
815059,val
811235,val
823192,val
800542,val
810148,val
809897,val
833204,val
810033,val
808099,val
840563,val
823824,val
818848,val
808592,val
823297,val
801325,val
808894,val
800766,val
837478,val
809713,val
824891,val
831831,val
836446,val
843309,val
823593,val
802277,val
800181,val
798880,val
807071,val
816850,val
799028,val
813689,val
810155,val
812142,val
827390,val
808192,val
827133,val
836688,val
835686,val
833465,val
839285,val
825215,val
832226,val
822904,val
829631,val
838043,val
817084,val
828546,val
817996,val
807818,val
818663,val
800380,val
825969,val
801488,val
811760,val
827760,val
806838,val
836693,val
839570,val
806106,val
816691,val
809950,val
842297,val
823674,val
826478,val
802840,val
819787,val
810993,val
825958,val
813880,val
809069,val
838506,val
831706,val
818495,val
819018,val
839243,val
810719,val
801724,val
811100,val
811254,val
799067,val
805460,val
829799,val
816519,val
807192,val
809988,val
831707,val
824238,val
811509,val
817823,val
831070,val
829073,val
806157,val
826653,val
824525,val
823057,val
841239,val
807211,val
810985,val
830317,val
804789,val
842711,val
824388,val
803449,val
832093,val
805754,val
834069,val
808462,val
837321,val
799386,val
811713,val
834906,val
800349,val
826419,val
837075,val
835621,val
808781,val
834832,val
839638,val
824477,val
834814,val
815917,val
806679,val
810340,val
836702,val
824967,val
807518,val
818602,val
808924,val
806799,val
830807,val
827000,val
825745,val
835128,val
822963,val
833216,val
811791,val
801374,val
818838,val
814488,val
824035,val
818929,val
830791,val
804737,val
829588,val
803087,val
830453,val
801406,val
813220,val
802576,val
817544,val
798555,val
834787,val
830554,val
842480,val
829912,val
838883,val
836734,val
837102,val
828737,val
829309,val
823487,val
815853,val
819572,val
842512,val
829658,val
831531,val
832915,val
832166,val
843123,val
817634,val
829299,val
824391,val
831438,val
842105,val
807668,val
806224,val
805285,val
837513,val
803547,val
840009,val
824072,val
810590,val
818357,val
806164,val
812577,val
813665,val
801344,val
818765,val
805369,val
806356,val
801925,val
803448,val
812427,val
841811,val
814608,val
812898,val
805410,val
831086,val
843198,val
841532,val
825146,val
823507,val
839414,val
827322,val
809108,val
839219,val
802214,val
830908,val
810603,val
807369,val
814739,val
833797,val
816989,val
831586,val
832977,val
831282,val
831316,val
802127,val
809837,val
838636,val
841475,val
824015,val
820149,val
808357,val
814549,val
799619,val
810216,val
835748,val
817385,val
805104,val
815813,val
832678,val
839723,val
841871,val
806256,val
830899,val
818325,val
832320,val
829185,val
842505,val
809178,val
817859,val
833508,val
819016,val
842762,val
813566,val
811597,val
813265,val
815147,val
799210,val
807070,val
817353,val
804445,val
837522,val
806897,val
819715,val
817973,val
836373,val
819639,val
830736,val
805467,val
842578,val
840175,val
829501,val
826742,val
839724,val
837839,val
811097,val
800758,val
835828,val
803889,val
827255,val
841988,val
833669,val
811175,val
817205,val
839542,val
837904,val
805391,val
801758,val
840810,val
803657,val
838678,val
822309,val
804621,val
813508,val
832811,val
810905,val
834100,val
823943,val
800817,val
825059,val
837500,val
840493,val
800686,val
806004,val
805301,val
808847,val
814467,val
825607,val
809935,val
823094,val
833298,val
841695,val
802034,val
837423,val
833526,val
838504,val
843147,val
817682,val
815878,val
804980,val
827765,val
806003,val
816995,val
826745,val
814160,val
839196,val
801011,val
836467,val
836345,val
824022,val
828126,val
831751,val
839656,val
838053,val
831614,val
805206,val
826130,val
816223,val
805503,val
838401,val
807443,val
829936,val
807797,val
809972,val
828734,val
836039,val
837975,val
841261,val
835180,val
799524,val
824448,val
806893,val
812528,val
808965,val
813512,val
812005,val
835282,val
832792,val
815826,val
831397,val
815225,val
812216,val
837093,val
799435,val
813858,val
803086,val
831672,val
808176,val
802301,val
806249,val
838860,val
804764,val
843034,val
828058,val
822374,val
817137,val
799546,val
807267,val
810832,val
809147,val
801941,val
842731,val
818962,val
800256,val
833537,val
802380,val
810881,val
818654,val
826354,val
808165,val
807761,val
817285,val
839480,val
811609,val
822796,val
814719,val
802930,val
801876,val
798573,val
811313,val
839425,val
823316,val
836560,val
841562,val
835513,val
842166,val
834845,val
834493,val
824586,val
811707,val
807294,val
833200,val
816060,val
803191,val
831506,val
839072,val
834579,val
804601,val
839398,val
829348,val
809725,val
818668,val
806064,val
838370,val
831049,val
800596,val
830594,val
828687,val
818677,val
807917,val
825095,val
801580,val
838344,val
815180,val
817083,val
815008,val
801519,val
839367,val
813332,val
802784,val
805761,val
809009,val
798346,val
801893,val
834504,val
818343,val
805264,val
839763,val
803661,val
817052,val
842210,val
799174,val
840909,val
806756,val
834977,val
808144,val
812431,val
799962,val
817850,val
814185,val
807298,val
799311,val
838813,val
841567,val
810405,val
835106,val
818046,val
833934,val
817701,val
810455,val
833149,val
833974,val
818809,val
817300,val
823675,val
805337,val
819855,val
817933,val
806008,val
818195,val
839597,val
803329,val
803419,val
808945,val
830796,val
824171,val
832617,val
840110,val
810987,val
801071,val
830354,val
813972,val
808391,val
798442,val
830287,val
843096,val
834226,val
805072,val
828762,val
817760,val
811494,val
822808,val
803410,val
831747,val
799301,val
805737,val
830884,val
840298,val
824909,val
806126,val
807604,val
805298,val
803719,val
799862,val
839390,val
819343,val
799510,val
800861,val
805866,val
810701,val
809030,val
804527,val
818719,val
838950,val
815463,val
823613,val
839388,val
806313,val
827086,val
829863,val
814510,val
823872,val
819251,val
811719,val
798108,val
800140,val
818696,val
836003,val
840789,val
809641,val
840108,val
812011,val
803833,val
806075,val
841438,val
811578,val
830220,val
832954,val
806741,val
809611,val
809887,val
835240,val
836461,val
810179,val
838595,val
802999,val
818704,val
833761,val
829728,val
838804,val
841292,val
832482,val
830209,val
842769,val
836175,val
818758,val
804716,val
825790,val
817037,val
842211,val
830948,val
834302,val
800913,val
835864,val
800762,val
799600,val
813150,val
811305,val
818766,val
841206,val
801340,val
828782,val
810159,val
802137,val
827761,val
830122,val
831034,val
805712,val
839320,val
806235,val
818509,val
809575,val
828763,val
829911,val
836727,val
799685,val
818221,val
806961,val
800157,val
810341,val
812102,val
831375,val
816716,val
833441,val
841895,val
835339,val
815974,val
839205,val
812569,val
841755,val
840821,val
808305,val
835122,val
831343,val
836026,val
837853,val
832077,val
817866,val
829401,val
803066,val
799188,val
800581,val
797967,val
819721,val
812266,val
841931,val
801275,val
834626,val
834101,val
824254,val
807907,val
842291,val
800011,val
838496,val
836423,val
805411,val
838687,val
839549,val
820117,val
808798,val
832543,val
807396,val
840409,val
809184,val
808730,val
823386,val
832739,val
828697,val
817630,val
805451,val
830612,val
816734,val
819513,val
816435,val
814260,val
807595,val
816134,val
834624,val
832087,val
830509,val
809945,val
798596,val
812294,val
810390,val
830915,val
818065,val
841139,val
829117,val
816343,val
801790,val
807709,val
808682,val
812840,val
818212,val
806536,val
840107,val
798854,val
839234,val
841359,val
801218,val
826540,val
824918,val
835647,val
810237,val
838816,val
828159,val
819178,val
826713,val
815237,val
818883,val
824427,val
836244,val
808249,val
838889,val
803670,val
811884,val
834754,val
807573,val
824629,val
838329,val
812289,val
824486,val
802960,val
807584,val
840185,val
805644,val
817140,val
802508,val
798392,val
825414,val
813519,val
837714,val
837809,val
832867,val
838583,val
802906,val
827077,val
843240,val
805119,val
836505,val
807634,val
813176,val
806608,val
810146,val
842395,val
838635,val
823796,val
842334,val
841408,val
836254,val
818864,val
819063,val
798446,val
811964,val
816852,val
811723,val
831122,val
822587,val
835072,val
826685,val
800693,val
808700,val
810002,val
814516,val
803633,val
817234,val
799844,val
842832,val
831799,val
841298,val
805016,val
812181,val
814166,val
840055,val
808514,val
807646,val
819213,val
841898,val
815349,val
839786,val
797897,val
815479,val
806459,val
798622,val
823188,val
842688,val
834454,val
809576,val
806156,val
837088,val
829265,val
824538,val
801017,val
837028,val
830292,val
801524,val
837288,val
814558,val
802526,val
830260,val
842847,val
840722,val
799000,val
817579,val
814777,val
805659,val
827244,val
813936,val
815501,val
810091,val
840392,val
830503,val
812793,val
830742,val
832387,val
825497,val
798799,val
806118,val
813078,val
837905,val
829778,val
818166,val
822921,val
834853,val
830177,val
823612,val
799724,val
808223,val
813067,val
825202,val
823889,val
827358,val
808601,val
813360,val
819020,val
827176,val
840733,val
817839,val
841151,val
825663,val
801227,val
817527,val
814616,val
834682,val
811472,val
831351,val
833963,val
813362,val
815408,val
832528,val
815798,val
815411,val
811201,val
834729,val
799506,val
816987,val
840779,val
822968,val
833294,val
801282,val
805864,val
837611,val
803241,val
806379,val
823059,val
829464,val
834033,val
830634,val
834472,val
834003,val
828162,val
818434,val
822826,val
833571,val
841065,val
819885,val
826776,val
834426,val
812471,val
836744,val
824133,val
840683,val
811676,val
832544,val
823913,val
825190,val
838386,val
800277,val
822701,val
796181,val
800007,val
809784,val
830906,val
837840,val
815931,val
825496,val
839085,val
830598,val
806898,val
810214,val
817884,val
802352,val
817308,val
833560,val
810156,val
836733,val
836584,val
828610,val
832318,val
838534,val
822823,val
836090,val
800026,val
819692,val
839193,val
808813,val
840201,val
839820,val
826824,val
824038,val
809982,val
800199,val
810335,val
798693,val
833466,val
806938,val
805764,val
839973,val
802276,val
839405,val
838018,val
807965,val
834989,val
829297,val
800227,val
825887,val
814329,val
834019,val
830922,val
805263,val
815608,val
803647,val
802924,val
815015,val
817629,val
802000,val
806365,val
814249,val
801382,val
843192,val
809371,val
831796,val
814946,val
835020,val
822669,val
834221,val
806304,val
807814,val
815880,val
831231,val
839839,val
810463,val
799984,val
808874,val
802931,val
825168,val
819579,val
818919,val
838176,val
826011,val
829660,val
832398,val
811338,val
832869,val
826453,val
817958,val
798822,val
811311,val
823232,val
829744,val
842387,val
826045,val
830451,val
842786,val
815574,val
834308,val
798694,val
820176,val
840565,val
822733,val
808185,val
798542,val
820269,val
801036,val
815549,val
818621,val
804770,val
838592,val
803543,val
832975,val
819281,val
801990,val
798278,val
807671,val
804708,val
841364,val
835645,val
825619,val
835037,val
825640,val
805609,val
834658,val
806330,val
837951,val
809937,val
814717,val
837987,val
807766,val
818093,val
836120,val
841490,val
833449,val
839283,val
822471,val
803189,val
813425,val
802791,val
837897,val
799071,val
831441,val
822524,val
838647,val
838600,val
829000,val
837573,val
807542,val
828804,val
822522,val
833403,val
834600,val
842842,val
825905,val
817057,val
808230,val
802105,val
837708,val
841034,val
819697,val
839977,val
799744,val
819995,val
824506,val
806380,val
824921,val
811737,val
822300,val
804858,val
842380,val
837470,val
836262,val
825874,val
800742,val
807724,val
832624,val
817977,val
811917,val
816496,val
814234,val
836156,val
808817,val
825419,val
825280,val
842255,val
828315,val
808951,val
812429,val
805886,val
819595,val
800218,val
818820,val
809361,val
808830,val
810885,val
831648,val
808409,val
841510,val
822408,val
817749,val
842570,val
801974,val
801695,val
839565,val
810006,val
809427,val
798315,val
839907,val
836992,val
808869,val
812544,val
819138,val
803923,val
820332,val
822975,val
811251,val
830681,val
833410,val
816726,val
824012,val
817175,val
806195,val
809085,val
841432,val
815651,val
840149,val
826334,val
806581,val
822393,val
816894,val
799990,val
823330,val
805292,val
806932,val
841452,val
841084,val
841230,val
831803,val
813901,val
808594,val
832005,val
824746,val
805517,val
818711,val
831201,val
800673,val
838854,val
816794,val
828972,val
835735,val
809494,val
829707,val
829400,val
807186,val
800783,val
807583,val
824124,val
832989,val
804771,val
806216,val
810795,val
816985,val
807986,val
816389,val
823789,val
802907,val
839269,val
797756,val
815970,val
815484,val
836982,val
825785,val
798674,val
805650,val
816479,val
810094,val
814175,val
816562,val
808737,val
798643,val
836831,val
839306,val
842301,val
803558,val
818491,val
815674,val
822534,val
799124,val
834611,val
832246,val
801632,val
835462,val
815645,val
831116,val
818920,val
824415,val
834273,val
822584,val
807597,val
812008,val
810135,val
801400,val
823401,val
842984,val
817153,val
842132,val
800943,val
812307,val
800460,val
803804,val
801233,val
824226,val
841264,val
801636,val
810470,val
815752,val
805558,val
806813,val
826993,val
801678,val
827518,val
814211,val
815936,val
814679,val
811731,val
819747,val
823932,val
807052,val
829798,val
842674,val
829970,val
840555,val
798786,val
799382,val
832217,val
842432,val
836794,val
799428,val
811360,val
815341,val
803516,val
799564,val
840672,val
816176,val
808023,val
808566,val
801125,val
813672,val
818027,val
824983,val
827824,val
830217,val
807806,val
798544,val
830064,val
813478,val
830255,val
810109,val
828193,val
804822,val
812850,val
803593,val
840127,val
827860,val
839743,val
835472,val
827445,val
818898,val
810979,val
838571,val
832549,val
828457,val
805783,val
824114,val
819340,val
798906,val
811028,val
841854,val
812046,val
803588,val
801251,val
804746,val
838355,val
807807,val
809791,val
835127,val
806089,val
819780,val
825565,val
830853,val
813231,val
819940,val
822617,val
802986,val
831124,val
825850,val
815129,val
823284,val
818673,val
803157,val
802830,val
828500,val
819698,val
834103,val
814397,val
808839,val
824677,val
836151,val
842911,val
840025,val
829318,val
801041,val
840196,val
825537,val
817778,val
807686,val
800690,val
824650,val
840366,val
805135,val
810392,val
802728,val
808617,val
800022,val
835098,val
802205,val
822378,val
806988,val
840436,val
805823,val
827266,val
805478,val
835232,val
838845,val
814359,val
823034,val
837574,val
831663,val
820245,val
824138,val
839877,val
842417,val
824882,val
825842,val
830055,val
814678,val
803621,val
838378,val
818748,val
825076,val
802636,val
823225,val
833140,val
820270,val
801904,val
840944,val
835795,val
805321,val
806796,val
824193,val
818768,val
840414,val
805676,val
803584,val
802922,val
843021,val
837139,val
817507,val
818721,val
841167,val
809121,val
803180,val
838431,val
815643,val
827982,val
823743,val
805961,val
824488,val
815318,val
826697,val
804961,val
834465,val
811794,val
806875,val
808100,val
841916,val
819754,val
805388,val
843053,val
810054,val
800944,val
823856,val
843210,val
801781,val
811372,val
798635,val
803200,val
836239,val
807127,val
841426,val
808412,val
827955,val
798496,val
830918,val
827786,val
825393,val
831468,val
813585,val
801585,val
839170,val
838985,val
834883,val
840146,val
817324,val
831515,val
807440,val
829803,val
804909,val
818540,val
841502,val
835013,val
805943,val
801075,val
807945,val
806883,val
811411,val
813386,val
829964,val
798460,val
810230,val
812195,val
817663,val
816707,val
813372,val
831226,val
812587,val
829433,val
838795,val
823630,val
834445,val
815290,val
808059,val
827441,val
830242,val
832894,val
806406,val
806650,val
826118,val
809558,val
826428,val
836273,val
828105,val
817577,val
833126,val
830691,val
832515,val
831775,val
830850,val
822630,val
805338,val
839979,val
816218,val
830572,val
826413,val
799840,val
803894,val
817537,val
816360,val
833003,val
798959,val
834557,val
834667,val
843020,val
833737,val
835123,val
837403,val
810637,val
812468,val
823777,val
820350,val
824665,val
825837,val
805363,val
837744,val
831910,val
837596,val
802386,val
805770,val
819614,val
829882,val
808612,val
832294,val
801163,val
813165,val
803729,val
829082,val
803000,val
824263,val
806978,val
817445,val
817551,val
811813,val
822613,val
825776,val
832465,val
823697,val
798224,val
802909,val
806765,val
834873,val
804465,val
802082,val
823980,val
807570,val
829462,val
815108,val
813677,val
818656,val
809217,val
815200,val
835503,val
831334,val
830047,val
805855,val
837876,val
831218,val
832741,val
817290,val
830363,val
830253,val
824565,val
823751,val
831451,val
810253,val
823211,val
831177,val
836935,val
836032,val
840150,val
806467,val
841254,val
830501,val
804612,val
828436,val
799852,val
798600,val
832115,val
818660,val
822726,val
816743,val
842287,val
828991,val
809823,val
801045,val
799514,val
836308,val
828779,val
798580,val
803162,val
800451,val
837623,val
809534,val
842885,val
803278,val
835604,val
832062,val
814564,val
835045,val
808021,val
835551,val
798930,val
805909,val
818594,val
840218,val
822983,val
814677,val
802048,val
809979,val
809208,val
799966,val
825288,val
805685,val
817570,val
822741,val
833120,val
829987,val
835190,val
799992,val
808507,val
814123,val
831280,val
820227,val
805718,val
811052,val
798897,val
806052,val
829835,val
837488,val
801698,val
823982,val
825685,val
818717,val
838110,val
826377,val
825622,val
800262,val
799874,val
838717,val
835693,val
827170,val
822459,val
808937,val
835623,val
815070,val
816938,val
808445,val
835056,val
834837,val
809631,val
810518,val
827499,val
841867,val
838375,val
828879,val
839431,val
830695,val
831099,val
810774,val
817858,val
811540,val
798715,val
825084,val
808101,val
834985,val
799835,val
836712,val
833420,val
801376,val
813223,val
818817,val
818023,val
809943,val
816777,val
798884,val
840928,val
828810,val
826427,val
822682,val
841913,val
813775,val
798557,val
823855,val
820088,val
824118,val
801495,val
815354,val
812480,val
815214,val
833345,val
814581,val
802797,val
807617,val
807882,val
842134,val
831753,val
823462,val
815815,val
802677,val
827522,val
803905,val
819370,val
801123,val
838377,val
808922,val
814172,val
834893,val
825971,val
823113,val
830890,val
815624,val
819838,val
815230,val
815308,val
830849,val
833011,val
801146,val
802495,val
832206,val
813969,val
810104,val
805711,val
805428,val
837865,val
839712,val
809874,val
834948,val
837568,val
800788,val
824242,val
836382,val
807593,val
836700,val
823144,val
840066,val
818988,val
841657,val
799741,val
828248,val
816146,val
842888,val
805404,val
803542,val
812937,val
828581,val
816978,val
827070,val
834145,val
835216,val
799459,val
841702,val
801595,val
842651,val
812538,val
826721,val
839533,val
826768,val
839871,val
833364,val
813788,val
837593,val
803168,val
817530,val
809688,val
823437,val
828249,val
811555,val
833512,val
803724,val
810684,val
824422,val
839015,val
827106,val
827815,val
809917,val
823339,val
803583,val
829877,val
828415,val
802458,val
834345,val
800764,val
803672,val
832654,val
842405,val
837092,val
841422,val
824991,val
828493,val
801230,val
830673,val
807260,val
826968,val
802967,val
840636,val
810710,val
826757,val
842603,val
798859,val
838041,val
805845,val
842844,val
810753,val
815117,val
809724,val
839374,val
816487,val
838371,val
809618,val
838719,val
829879,val
830641,val
834542,val
803404,val
807894,val
802789,val
822566,val
802879,val
829369,val
828235,val
801811,val
810453,val
813138,val
823836,val
809325,val
832163,val
813947,val
818208,val
814546,val
815222,val
835833,val
799363,val
804926,val
809115,val
832509,val
815462,val
811464,val
806602,val
818437,val
824531,val
835521,val
807611,val
814358,val
816748,val
819218,val
819591,val
817129,val
834494,val
808061,val
824461,val
804478,val
827647,val
802510,val
806233,val
810613,val
828066,val
807688,val
808485,val
806537,val
812259,val
842326,val
799791,val
829935,val
818390,val
802107,val
830182,val
826290,val
817193,val
816776,val
806119,val
842777,val
837476,val
823703,val
836980,val
803720,val
800031,val
829796,val
825385,val
824560,val
841845,val
839805,val
811679,val
802780,val
824817,val
803226,val
826160,val
813261,val
816834,val
816803,val
831869,val
830307,val
799070,val
842061,val
837343,val
807043,val
815629,val
815010,val
817843,val
813069,val
837069,val
833299,val
813260,val
811093,val
829708,val
835322,val
818150,val
814021,val
823880,val
805815,val
830143,val
813449,val
841241,val
805947,val
814555,val
825916,val
822971,val
815498,val
830524,val
826623,val
823701,val
840572,val
798229,val
814553,val
824740,val
808033,val
806293,val
836481,val
817653,val
814269,val
825128,val
831666,val
798279,val
824230,val
799362,val
799562,val
841307,val
813292,val
810693,val
830602,val
817282,val
818249,val
829359,val
829794,val
805853,val
818126,val
828341,val
834418,val
823609,val
832118,val
833825,val
826464,val
804862,val
804884,val
842819,val
835929,val
829338,val
835086,val
823602,val
838980,val
797951,val
820132,val
801006,val
811438,val
828575,val
827952,val
808705,val
830478,val
835292,val
832516,val
805259,val
816151,val
828590,val
805635,val
816625,val
800768,val
816452,val
839700,val
841291,val
804871,val
826321,val
801771,val
816458,val
813393,val
841863,val
815412,val
834784,val
809338,val
811422,val
823864,val
806767,val
837732,val
836172,val
833804,val
811986,val
825130,val
837333,val
809905,val
842248,val
808851,val
805284,val
818486,val
805325,val
807784,val
829517,val
830921,val
838579,val
811423,val
825374,val
814890,val
797947,val
822994,val
807977,val
832782,val
832132,val
822356,val
836309,val
820295,val
813850,val
823790,val
822552,val
838414,val
839834,val
837721,val
839595,val
805946,val
807552,val
822585,val
836359,val
818761,val
806307,val
798816,val
817166,val
813912,val
811749,val
822528,val
801690,val
827516,val
831958,val
840344,val
817764,val
832667,val
800365,val
817543,val
819066,val
826382,val
819735,val
818729,val
837281,val
836934,val
802901,val
824749,val
806927,val
822672,val
805679,val
841792,val
800847,val
824189,val
839878,val
817659,val
829684,val
815079,val
834681,val
833683,val
832702,val
829804,val
817626,val
835763,val
833647,val
800467,val
840397,val
808332,val
836753,val
798773,val
798331,val
810134,val
837892,val
833177,val
813965,val
825767,val
800055,val
825591,val
831662,val
840094,val
812586,val
839102,val
800375,val
835650,val
811588,val
827832,val
829920,val
799323,val
831376,val
831814,val
808312,val
807450,val
826864,val
813190,val
816889,val
800071,val
833634,val
833158,val
810213,val
810245,val
833172,val
800708,val
801172,val
837723,val
801898,val
813889,val
799747,val
822949,val
807439,val
813192,val
806410,val
812206,val
822655,val
841559,val
800844,val
811962,val
812106,val
830553,val
822884,val
842351,val
841536,val
813560,val
809811,val
800654,val
798370,val
800851,val
832503,val
803649,val
833485,val
803866,val
803532,val
836961,val
818937,val
804869,val
813310,val
809673,val
822902,val
816124,val
836255,val
798564,val
835314,val
823901,val
829805,val
834773,val
825710,val
800202,val
806850,val
800461,val
836512,val
834177,val
826117,val
842571,val
835185,val
807720,val
812906,val
798272,val
813486,val
810622,val
835099,val
806136,val
838955,val
826249,val
826501,val
812476,val
817332,val
811889,val
805854,val
812534,val
827442,val
800837,val
825835,val
812086,val
819984,val
841198,val
801397,val
836861,val
830072,val
808801,val
833867,val
837583,val
799105,val
843145,val
842453,val
828111,val
806616,val
810539,val
800924,val
831310,val
834578,val
841348,val
803659,val
809649,val
837122,val
811869,val
802364,val
842787,val
840165,val
834209,val
826642,val
829108,val
809809,val
815475,val
802322,val
831019,val
800572,val
823638,val
840549,val
829054,val
830195,val
809098,val
804664,val
817825,val
810399,val
825572,val
831219,val
811928,val
812249,val
813313,val
829197,val
834469,val
830141,val
809204,val
838922,val
843304,val
819019,val
837907,val
825740,val
840824,val
815952,val
805819,val
830331,val
839794,val
833354,val
830091,val
809093,val
809999,val
806400,val
817094,val
818455,val
825040,val
841541,val
809389,val
841200,val
801948,val
831100,val
834172,val
840263,val
825139,val
812043,val
827102,val
840451,val
812495,val
839837,val
803364,val
805794,val
806873,val
813584,val
834761,val
807094,val
807619,val
799799,val
835582,val
837238,val
834133,val
804492,val
831816,val
803429,val
840198,val
816924,val
804696,val
807036,val
836750,val
812821,val
802016,val
834292,val
834815,val
823737,val
807271,val
831703,val
799746,val
832826,val
841861,val
799939,val
836099,val
809084,val
810042,val
804571,val
805028,val
806013,val
828455,val
828456,val
841719,val
832286,val
801895,val
799933,val
808146,val
824969,val
835902,val
840426,val
806107,val
802800,val
818044,val
832274,val
811987,val
804781,val
801285,val
801034,val
807541,val
830147,val
819374,val
798688,val
831748,val
837992,val
810300,val
809974,val
798618,val
809609,val
836305,val
834651,val
831055,val
813127,val
814183,val
807795,val
811269,val
837814,val
803405,val
840480,val
836015,val
816779,val
805091,val
818775,val
837533,val
824621,val
815787,val
820058,val
840095,val
814117,val
809554,val
824782,val
810061,val
837526,val
829420,val
799921,val
836125,val
802465,val
809520,val
822523,val
829788,val
840758,val
802642,val
806881,val
829910,val
809300,val
838744,val
802610,val
800945,val
810652,val
816611,val
835120,val
813908,val
805889,val
806969,val
837813,val
800726,val
825617,val
814386,val
800618,val
799090,val
816175,val
822780,val
823128,val
834128,val
807420,val
830338,val
827145,val
822344,val
824823,val
811467,val
813214,val
802809,val
817593,val
839843,val
801499,val
839362,val
830513,val
801187,val
827162,val
837552,val
818938,val
834213,val
819432,val
803609,val
837598,val
823862,val
832123,val
817616,val
830623,val
829769,val
828042,val
832127,val
805023,val
802646,val
838929,val
807026,val
826122,val
841846,val
813792,val
809819,val
815258,val
800980,val
842497,val
819879,val
806574,val
808818,val
843248,val
826496,val
834703,val
798936,val
804864,val
811067,val
823596,val
809092,val
798595,val
841447,val
834303,val
818626,val
808611,val
799137,val
836169,val
840374,val
830687,val
819169,val
823923,val
838721,val
825891,val
815040,val
827248,val
803888,val
825721,val
834921,val
826736,val
836063,val
834585,val
809741,val
807581,val
809107,val
808338,val
832721,val
832475,val
831220,val
835999,val
838111,val
801513,val
829674,val
840264,val
807371,val
815082,val
840873,val
828570,val
832917,val
820153,val
832177,val
839899,val
841862,val
800546,val
840236,val
798924,val
836232,val
805148,val
812211,val
809712,val
807764,val
842476,val
802650,val
830092,val
809815,val
842337,val
818688,val
826337,val
840090,val
810115,val
810790,val
838109,val
808587,val
815646,val
841869,val
802297,val
842764,val
824250,val
840092,val
798787,val
824180,val
828725,val
835417,val
822551,val
814526,val
832022,val
799343,val
813962,val
801772,val
805958,val
804499,val
835201,val
812018,val
827036,val
807107,val
813050,val
823482,val
828715,val
835536,val
835174,val
811623,val
835607,val
826509,val
811820,val
812780,val
824258,val
799983,val
823170,val
823692,val
815871,val
799421,val
814173,val
807605,val
826103,val
819145,val
838123,val
840452,val
810063,val
810425,val
828969,val
825080,val
839708,val
807978,val
798829,val
836059,val
825199,val
801507,val
803302,val
834375,val
830174,val
823786,val
822417,val
816791,val
801966,val
810530,val
822325,val
822497,val
819232,val
799957,val
837155,val
822516,val
824236,val
836899,val
830707,val
840157,val
805322,val
808149,val
820291,val
832985,val
798396,val
826583,val
839903,val
823988,val
801388,val
812252,val
823875,val
824029,val
807862,val
824492,val
830090,val
800090,val
840433,val
801629,val
811616,val
833821,val
818821,val
831864,val
802012,val
837979,val
801161,val
833267,val
801375,val
811256,val
822546,val
806337,val
819547,val
808926,val
824094,val
830450,val
813431,val
831000,val
817717,val
802688,val
803268,val
809942,val
798247,val
808452,val
816992,val
835637,val
805691,val
823934,val
823484,val
798238,val
798656,val
807384,val
801178,val
832996,val
830455,val
799001,val
803631,val
835805,val
841358,val
825018,val
831655,val
813227,val
805257,val
815887,val
827484,val
825157,val
835196,val
823095,val
806145,val
823021,val
808595,val
806600,val
798812,val
838330,val
813904,val
812592,val
805454,val
837750,val
840871,val
834293,val
838343,val
824897,val
813761,val
805948,val
828580,val
798194,val
824520,val
807627,val
801250,val
825733,val
819141,val
836249,val
840352,val
812860,val
810549,val
814770,val
816837,val
810787,val
815400,val
809940,val
820271,val
824106,val
815661,val
833362,val
838692,val
838086,val
816719,val
799351,val
829436,val
824491,val
811974,val
808932,val
811784,val
835461,val
820175,val
826466,val
824583,val
823618,val
813408,val
839363,val
809319,val
818202,val
808291,val
812845,val
802921,val
813960,val
802423,val
810014,val
838893,val
818616,val
827979,val
827943,val
804514,val
828605,val
826730,val
833427,val
816485,val
810088,val
830825,val
840437,val
829876,val
833415,val
823256,val
806309,val
807639,val
802256,val
814169,val
824607,val
824206,val
833275,val
818067,val
815796,val
833762,val
819790,val
822981,val
841187,val
826215,val
830494,val
800773,val
836722,val
808301,val
817769,val
832506,val
827223,val
811198,val
822389,val
814857,val
826610,val
822730,val
798742,val
831541,val
812916,val
828194,val
802473,val
818804,val
827058,val
813415,val
830665,val
824470,val
827157,val
803041,val
820221,val
817853,val
810422,val
798340,val
799610,val
820205,val
808712,val
811617,val
810931,val
824789,val
812186,val
826680,val
823037,val
828650,val
828985,val
837104,val
800230,val
830479,val
823142,val
835035,val
829274,val
827200,val
825204,val
811996,val
800595,val
803101,val
825691,val
824657,val
801165,val
800127,val
828692,val
809450,val
816109,val
836844,val
817063,val
808669,val
824111,val
798309,val
799024,val
814715,val
842406,val
824910,val
810862,val
804724,val
823329,val
804863,val
837233,val
805357,val
840687,val
800540,val
807348,val
809472,val
800662,val
808067,val
802227,val
811517,val
811890,val
806763,val
823348,val
818314,val
822343,val
810414,val
834140,val
823124,val
841454,val
835014,val
842948,val
832655,val
837666,val
833431,val
836468,val
826489,val
802500,val
831127,val
818968,val
807199,val
812368,val
825123,val
835234,val
800585,val
808550,val
812039,val
813768,val
814178,val
839630,val
825241,val
805974,val
804470,val
817466,val
833665,val
819733,val
824946,val
835414,val
819321,val
818819,val
800081,val
830816,val
824127,val
811288,val
831121,val
799742,val
825965,val
840312,val
815963,val
839004,val
827767,val
805504,val
840617,val
798590,val
824047,val
813853,val
826995,val
824785,val
815236,val
833478,val
798476,val
842012,val
827305,val
805123,val
836562,val
803111,val
815875,val
832027,val
833106,val
799373,val
805066,val
833854,val
825066,val
813656,val
817392,val
840221,val
822316,val
799501,val
825862,val
798357,val
842995,val
825092,val
806945,val
832090,val
832175,val
841758,val
837208,val
828172,val
809608,val
810978,val
825961,val
805653,val
831744,val
835071,val
808889,val
833744,val
802485,val
807302,val
808466,val
829241,val
799008,val
802064,val
840500,val
830480,val
818953,val
838942,val
832249,val
830216,val
837706,val
842849,val
800922,val
841409,val
839394,val
817918,val
837556,val
829414,val
842961,val
826714,val
841267,val
843270,val
826231,val
825782,val
800299,val
798973,val
810653,val
830902,val
809193,val
828030,val
837764,val
841495,val
838440,val
811275,val
799002,val
805705,val
805313,val
805118,val
805809,val
800990,val
823679,val
828127,val
810755,val
801264,val
841392,val
811505,val
809591,val
833217,val
842633,val
816869,val
823587,val
806788,val
834744,val
825689,val
820288,val
806936,val
834507,val
811704,val
815242,val
813030,val
816266,val
800465,val
803054,val
808164,val
804461,val
824489,val
834382,val
831149,val
799424,val
835768,val
817350,val
839771,val
819476,val
834755,val
830490,val
817639,val
825542,val
812871,val
839585,val
813521,val
827683,val
822857,val
837051,val
812938,val
800426,val
813857,val
807343,val
825988,val
799573,val
832840,val
836272,val
805169,val
824663,val
840823,val
817952,val
831007,val
831762,val
836564,val
806116,val
800075,val
833681,val
811753,val
824383,val
825003,val
802633,val
803511,val
804710,val
800487,val
831579,val
822881,val
833235,val
817871,val
840652,val
800594,val
826829,val
838205,val
830576,val
808032,val
827393,val
802353,val
825816,val
809488,val
803417,val
819849,val
814708,val
831570,val
826922,val
798583,val
819094,val
815047,val
802974,val
810128,val
839886,val
837710,val
806619,val
835823,val
838788,val
825625,val
813218,val
811013,val
817787,val
809015,val
824815,val
810084,val
814562,val
833938,val
827456,val
841186,val
832489,val
800731,val
800748,val
809792,val
799762,val
812572,val
827069,val
818510,val
837303,val
803346,val
808138,val
831204,val
824001,val
803680,val
808126,val
803219,val
826519,val
830967,val
811257,val
841640,val
803236,val
800908,val
832045,val
816099,val
813980,val
807717,val
818454,val
812233,val
810343,val
816229,val
828871,val
826636,val
823987,val
801364,val
822667,val
801534,val
830606,val
811526,val
805309,val
814502,val
803552,val
809763,val
831714,val
832250,val
818590,val
803497,val
840728,val
832905,val
824061,val
838130,val
803863,val
800927,val
841437,val
837366,val
805818,val
840774,val
834503,val
803714,val
833233,val
819408,val
831134,val
831389,val
824601,val
842882,val
826902,val
820329,val
813844,val
819409,val
825919,val
806759,val
808044,val
831321,val
802219,val
813938,val
829278,val
839850,val
814701,val
812392,val
829193,val
824576,val
805877,val
831088,val
827618,val
811883,val
813205,val
818412,val
827883,val
828689,val
831496,val
824955,val
814552,val
824750,val
812105,val
798671,val
827138,val
803930,val
816235,val
837953,val
829146,val
831720,val
824857,val
810417,val
831682,val
812462,val
798531,val
814649,val
830988,val
832809,val
812227,val
829186,val
835066,val
838932,val
819975,val
838850,val
825477,val
838223,val
805825,val
840035,val
824379,val
840494,val
814453,val
809143,val
839291,val
806531,val
824516,val
823827,val
828977,val
836796,val
834183,val
838455,val
803834,val
818482,val
810756,val
804774,val
809039,val
818942,val
842047,val
824863,val
827054,val
831481,val
840284,val
823673,val
814887,val
807246,val
800972,val
835011,val
818112,val
807087,val
823270,val
802449,val
800340,val
840363,val
828967,val
826038,val
813963,val
808859,val
799320,val
809078,val
807038,val
800682,val
811119,val
805132,val
825962,val
803459,val
817013,val
800988,val
802613,val
817477,val
825301,val
836390,val
811970,val
807151,val
817766,val
809789,val
831115,val
798842,val
816744,val
813379,val
838342,val
828739,val
802891,val
814015,val
805297,val
799556,val
824744,val
819938,val
829245,val
828710,val
838705,val
807524,val
834554,val
834296,val
813790,val
799056,val
827852,val
840250,val
816091,val
800713,val
809596,val
827764,val
834203,val
802595,val
828694,val
810572,val
798359,val
820338,val
835419,val
834560,val
810243,val
838122,val
811661,val
824848,val
807408,val
810333,val
820116,val
841424,val
830667,val
810175,val
814293,val
834513,val
807792,val
803026,val
830699,val
827124,val
833949,val
837226,val
825841,val
805414,val
805216,val
842496,val
818846,val
811165,val
822849,val
809759,val
805116,val
839253,val
839736,val
814648,val
810880,val
829053,val
802651,val
796564,val
810969,val
836434,val
836883,val
832786,val
822872,val
832838,val
826629,val
827818,val
810874,val
841140,val
839299,val
842706,val
835673,val
817458,val
842845,val
825087,val
812904,val
825846,val
805903,val
823355,val
806634,val
798733,val
841272,val
835002,val
807854,val
839566,val
842333,val
814115,val
817269,val
804498,val
806908,val
822852,val
822670,val
831665,val
807028,val
840475,val
808648,val
833279,val
823738,val
824988,val
816478,val
837910,val
823335,val
803301,val
816842,val
822361,val
838143,val
803058,val
839670,val
831170,val
824611,val
807454,val
840266,val
837631,val
841789,val
828990,val
836503,val
804953,val
807134,val
830096,val
819176,val
816273,val
830525,val
834545,val
843247,val
828460,val
818142,val
825438,val
811474,val
843140,val
840675,val
824208,val
836147,val
799076,val
801754,val
825259,val
836112,val
831749,val
802517,val
815476,val
827535,val
836081,val
823419,val
813413,val
818444,val
835315,val
817913,val
798393,val
837024,val
808837,val
823773,val
841393,val
806801,val
815648,val
830678,val
814758,val
810592,val
809198,val
842149,val
826444,val
809383,val
826180,val
834927,val
822716,val
810327,val
812939,val
812256,val
838384,val
800002,val
822403,val
832829,val
824929,val
806808,val
801734,val
806863,val
816513,val
825639,val
814069,val
822718,val
800182,val
818511,val
799180,val
835988,val
812957,val
803919,val
798625,val
836040,val
839983,val
831453,val
822878,val
804615,val
833343,val
814200,val
827822,val
805968,val
816695,val
827954,val
799806,val
843061,val
822380,val
824898,val
810939,val
835770,val
839581,val
798382,val
833426,val
842751,val
800112,val
806209,val
803699,val
798708,val
804945,val
810362,val
842592,val
798990,val
808056,val
840096,val
808829,val
833131,val
839707,val
809186,val
800932,val
819616,val
832007,val
811255,val
808426,val
837985,val
838630,val
812867,val
800331,val
807281,val
807508,val
831866,val
824158,val
813764,val
812416,val
824957,val
831075,val
829296,val
842469,val
843300,val
802710,val
814744,val
809303,val
841413,val
802938,val
798603,val
802730,val
839402,val
830483,val
833888,val
805354,val
812883,val
800579,val
812369,val
824619,val
805863,val
828182,val
843127,val
802963,val
803948,val
820238,val
822868,val
828395,val
819085,val
826493,val
836804,val
816910,val
817000,val
825679,val
823340,val
807207,val
814841,val
842192,val
817115,val
813557,val
840547,val
818327,val
829010,val
802600,val
832850,val
840223,val
840656,val
823464,val
833176,val
816767,val
825826,val
801407,val
807760,val
811777,val
807015,val
815313,val
802711,val
808140,val
842632,val
817209,val
842442,val
815357,val
824591,val
830930,val
799365,val
837197,val
818239,val
823939,val
812967,val
834165,val
838646,val
818535,val
824641,val
798211,val
842609,val
836235,val
815806,val
798313,val
826036,val
827175,val
831840,val
798869,val
815397,val
837351,val
842738,val
818499,val
807431,val
843151,val
838376,val
834349,val
805248,val
827056,val
824083,val
824837,val
841276,val
829761,val
803357,val
823431,val
808574,val
805671,val
812545,val
834073,val
820274,val
824165,val
834199,val
810078,val
818747,val
818847,val
807042,val
805064,val
817419,val
808244,val
802862,val
827991,val
803835,val
816342,val
806648,val
842944,val
804745,val
842704,val
816923,val
806411,val
802452,val
827961,val
819603,val
819021,val
810567,val
806632,val
817972,val
803793,val
836741,val
840045,val
825847,val
814383,val
837703,val
843142,val
837054,val
817700,val
817994,val
806576,val
806811,val
817396,val
828024,val
811949,val
819679,val
826657,val
830719,val
835394,val
800710,val
814056,val
843290,val
824407,val
810742,val
818500,val
824157,val
840148,val
798397,val
810117,val
808284,val
806346,val
799912,val
799838,val
834584,val
831493,val
807739,val
825896,val
806237,val
822697,val
824252,val
839493,val
825885,val
803237,val
817320,val
837549,val
836155,val
841687,val
811141,val
811146,val
799061,val
807242,val
828228,val
829505,val
814310,val
831704,val
825137,val
820034,val
813892,val
833987,val
819724,val
800873,val
822577,val
837314,val
808306,val
798605,val
809179,val
823974,val
814702,val
802292,val
808413,val
838383,val
819801,val
823915,val
816828,val
841822,val
801091,val
840678,val
808251,val
800264,val
800786,val
798362,val
818742,val
801818,val
822486,val
801184,val
800948,val
809665,val
815096,val
802128,val
829320,val
823331,val
800136,val
838905,val
838067,val
816066,val
823683,val
802221,val
838505,val
836263,val
801305,val
807057,val
818420,val
805528,val
835050,val
811952,val
839589,val
811528,val
830808,val
809382,val
832097,val
810685,val
835573,val
841263,val
806228,val
832229,val
801414,val
833641,val
812520,val
834886,val
805328,val
831255,val
837996,val
799042,val
805055,val
806359,val
815175,val
835429,val
807386,val
839916,val
836424,val
843253,val
843209,val
840427,val
841275,val
812391,val
807346,val
825851,val
805386,val
833446,val
818715,val
829349,val
807154,val
798112,val
813655,val
816492,val
827099,val
809636,val
825140,val
805826,val
822761,val
831305,val
800373,val
819544,val
843092,val
822942,val
802264,val
834044,val
816659,val
814419,val
840235,val
822611,val
838947,val
816142,val
840667,val
812928,val
823381,val
812260,val
826459,val
816371,val
826948,val
838374,val
799731,val
833197,val
836499,val
808360,val
813459,val
828719,val
825498,val
803935,val
808997,val
799879,val
828396,val
830917,val
829270,val
828000,val
835917,val
817529,val
831708,val
819029,val
826789,val
800685,val
798506,val
801098,val
812948,val
842407,val
829767,val
809805,val
832736,val
817699,val
832000,val
830904,val
819011,val
814955,val
832842,val
832554,val
820235,val
833660,val
837970,val
836229,val
842952,val
838531,val
830008,val
808897,val
814601,val
837799,val
813325,val
816098,val
810836,val
820125,val
834990,val
826825,val
812033,val
818422,val
840086,val
819865,val
803062,val
838714,val
807555,val
823757,val
824454,val
834622,val
834643,val
824386,val
836541,val
797902,val
803011,val
809947,val
824268,val
807970,val
830038,val
823907,val
812032,val
812015,val
828860,val
838712,val
822929,val
833467,val
841544,val
799035,val
831394,val
836595,val
830468,val
814106,val
816955,val
809004,val
802522,val
807993,val
811227,val
810863,val
842846,val
801612,val
826389,val
811021,val
833166,val
815088,val
802319,val
804581,val
829765,val
802011,val
815525,val
827898,val
808920,val
813236,val
809742,val
838612,val
803767,val
842471,val
799913,val
807351,val
818461,val
827318,val
819996,val
800104,val
812022,val
827225,val
835617,val
830502,val
801730,val
817982,val
832889,val
836076,val
802899,val
834185,val
805805,val
811078,val
808677,val
809750,val
827416,val
833246,val
824721,val
808477,val
813661,val
812593,val
823452,val
810717,val
834633,val
806549,val
809660,val
837385,val
805121,val
810727,val
823357,val
838452,val
823713,val
806316,val
807718,val
813283,val
806480,val
798222,val
805760,val
803099,val
818216,val
813080,val
831798,val
825050,val
839180,val
809235,val
822924,val
815048,val
812312,val
839978,val
806217,val
819373,val
838648,val
814956,val
802156,val
826677,val
826244,val
809626,val
822302,val
819041,val
825304,val
831949,val
820030,val
837429,val
805926,val
802816,val
822844,val
808382,val
832520,val
835244,val
819491,val
810279,val
833757,val
836907,val
798449,val
832948,val
812087,val
840010,val
806620,val
816162,val
806084,val
798250,val
833829,val
829682,val
805840,val
801384,val
829715,val
827840,val
825922,val
833966,val
812058,val
837401,val
833824,val
825646,val
838411,val
810424,val
803356,val
839174,val
841772,val
842710,val
841823,val
802852,val
807017,val
823438,val
842686,val
816013,val
817638,val
805748,val
811080,val
823712,val
808331,val
809885,val
840155,val
840203,val
809675,val
822932,val
837994,val
831287,val
802820,val
811105,val
816641,val
826974,val
816603,val
800785,val
843311,val
818702,val
817885,val
826258,val
839540,val
822824,val
805779,val
809522,val
836915,val
833192,val
835732,val
819714,val
827775,val
814508,val
810925,val
841694,val
827202,val
818823,val
808483,val
816178,val
822879,val
832483,val
839564,val
804532,val
819655,val
817650,val
799630,val
825991,val
818204,val
829376,val
839953,val
817736,val
813955,val
800016,val
838209,val
835376,val
839952,val
831056,val
813946,val
828028,val
832669,val
800839,val
803224,val
828403,val
819090,val
839652,val
839629,val
802518,val
818750,val
831982,val
806170,val
815703,val
799286,val
817180,val
826979,val
815748,val
830832,val
812069,val
831228,val
825926,val
837097,val
803914,val
800664,val
837819,val
802240,val
802022,val
817688,val
809318,val
815632,val
799617,val
801998,val
801870,val
800078,val
817109,val
817984,val
803514,val
839931,val
805908,val
828643,val
798801,val
829112,val
817594,val
800757,val
832144,val
833964,val
836521,val
807206,val
840732,val
824627,val
828722,val
836103,val
843212,val
840460,val
801542,val
800074,val
818934,val
839021,val
816944,val
838621,val
825390,val
810049,val
817338,val
798205,val
837368,val
803222,val
801663,val
825116,val
802084,val
835274,val
836849,val
834156,val
800376,val
800102,val
830661,val
819703,val
816504,val
823061,val
801615,val
832485,val
813253,val
838631,val
838615,val
812059,val
830488,val
806824,val
806601,val
815922,val
823096,val
800702,val
831196,val
834806,val
816046,val
838570,val
802446,val
825391,val
842887,val
840763,val
807826,val
839232,val
802704,val
809152,val
819626,val
802279,val
808258,val
800337,val
813391,val
835738,val
815067,val
800139,val
830952,val
818744,val
809045,val
815973,val
810986,val
809120,val
808583,val
817714,val
841150,val
830909,val
806835,val
812270,val
835336,val
833856,val
829143,val
820157,val
817676,val
809056,val
814598,val
817473,val
804651,val
818857,val
839274,val
840207,val
798528,val
835468,val
840535,val
831514,val
812267,val
817830,val
834783,val
831615,val
836310,val
801971,val
803450,val
804958,val
824000,val
803617,val
836178,val
834522,val
823441,val
818438,val
842425,val
826579,val
841704,val
841394,val
841211,val
839776,val
810762,val
825192,val
813632,val
827743,val
836195,val
836092,val
802894,val
824659,val
831103,val
798479,val
814913,val
826750,val
824885,val
834389,val
819926,val
814663,val
810184,val
833327,val
819554,val
819707,val
803063,val
833694,val
825437,val
826970,val
817689,val
824166,val
841870,val
830318,val
839400,val
817257,val
813300,val
818153,val
804511,val
802905,val
822423,val
805998,val
823356,val
812371,val
805420,val
829817,val
836366,val
826857,val
802942,val
802927,val
830914,val
811298,val
811553,val
806243,val
826527,val
832903,val
805925,val
807467,val
801345,val
836574,val
829536,val
812851,val
810023,val
813593,val
811125,val
820072,val
813812,val
806676,val
826679,val
825289,val
813021,val
807946,val
817776,val
831164,val
805130,val
816133,val
838752,val
807011,val
839011,val
833187,val
834725,val
831918,val
815388,val
834691,val
808235,val
833775,val
801630,val
801694,val
834666,val
824057,val
839576,val
818187,val
799265,val
822927,val
799446,val
831308,val
820267,val
825010,val
834186,val
803212,val
841251,val
804642,val
817183,val
817665,val
799659,val
799014,val
842379,val
837733,val
812958,val
827920,val
801062,val
823623,val
820115,val
817467,val
807185,val
842267,val
814839,val
842151,val
832932,val
831060,val
802375,val
806800,val
806001,val
810507,val
806697,val
814687,val
825480,val
810747,val
837565,val
813458,val
811632,val
808418,val
808853,val
825205,val
814491,val
840160,val
822392,val
834575,val
809473,val
805255,val
825913,val
814121,val
839552,val
833530,val
802425,val
809717,val
813922,val
823668,val
823209,val
813011,val
815747,val
824457,val
815946,val
802671,val
817082,val
825518,val
831987,val
824393,val
813617,val
834849,val
818574,val
802412,val
805923,val
838165,val
834936,val
837137,val
838834,val
832963,val
816778,val
818379,val
822790,val
840316,val
808875,val
837616,val
816645,val
808225,val
799278,val
819566,val
800782,val
822996,val
819133,val
823429,val
824573,val
803915,val
831653,val
836736,val
839633,val
807446,val
831077,val
809605,val
830041,val
818894,val
816674,val
839688,val
812485,val
835374,val
830588,val
801532,val
823964,val
824774,val
809565,val
826301,val
802106,val
818053,val
802061,val
809011,val
815197,val
799537,val
807392,val
833896,val
803036,val
822634,val
819002,val
824490,val
815415,val
843291,val
800746,val
812116,val
798513,val
842517,val
824616,val
824956,val
807507,val
803860,val
838817,val
830419,val
805704,val
799773,val
804625,val
816585,val
834223,val
820102,val
807409,val
828518,val
830910,val
834786,val
814075,val
805246,val
835318,val
801202,val
805720,val
806809,val
812875,val
826307,val
805426,val
811431,val
833319,val
840448,val
840621,val
804675,val
822846,val
802149,val
824846,val
811209,val
831786,val
826240,val
815669,val
826416,val
802617,val
828761,val
799389,val
829012,val
827579,val
833268,val
842978,val
809289,val
816832,val
830680,val
828966,val
816302,val
843074,val
816361,val
837805,val
810861,val
816410,val
831533,val
806159,val
839236,val
798481,val
806251,val
809984,val
812891,val
827756,val
810796,val
802574,val
840063,val
815986,val
827754,val
799540,val
800087,val
805697,val
833952,val
842412,val
828699,val
804575,val
819497,val
815967,val
813036,val
833670,val
828420,val
803608,val
825154,val
833503,val
816132,val
842675,val
839476,val
818686,val
814547,val
831985,val
840628,val
834416,val
824880,val
839342,val
807574,val
802222,val
815076,val
825183,val
829661,val
824505,val
808063,val
813307,val
801577,val
836703,val
837169,val
833604,val
826601,val
817333,val
833113,val
813419,val
822707,val
838005,val
814186,val
805436,val
807157,val
841361,val
825923,val
826698,val
841983,val
832824,val
835508,val
806465,val
824968,val
811395,val
813020,val
819309,val
810882,val
833417,val
824459,val
839406,val
836960,val
811816,val
799128,val
817459,val
822525,val
823831,val
832537,val
803555,val
800054,val
818569,val
827776,val
811159,val
798905,val
809206,val
798826,val
809185,val
805985,val
798216,val
801864,val
804628,val
810411,val
801367,val
799988,val
825612,val
813996,val
835038,val
839561,val
838899,val
813234,val
825453,val
805543,val
832908,val
806992,val
819519,val
808694,val
838069,val
830018,val
814207,val
838765,val
814489,val
824561,val
827837,val
803126,val
834552,val
818475,val
824852,val
800644,val
819527,val
838482,val
825941,val
805266,val
824913,val
808952,val
839511,val
819452,val
807899,val
835288,val
826342,val
799814,val
817838,val
829070,val
840537,val
831067,val
831111,val
827197,val
829306,val
838731,val
826007,val
830799,val
836369,val
811176,val
837984,val
818982,val
809063,val
833028,val
807079,val
810083,val
810129,val
824567,val
809180,val
841781,val
805380,val
841441,val
834702,val
810850,val
818419,val
797983,val
843097,val
834617,val
799778,val
805995,val
819081,val
842259,val
839527,val
828665,val
810570,val
835683,val
825930,val
820163,val
836142,val
811532,val
804773,val
832871,val
802983,val
836196,val
828011,val
799760,val
803890,val
816363,val
826412,val
810353,val
824425,val
801476,val
806373,val
808717,val
824363,val
801674,val
807990,val
823277,val
811709,val
831722,val
806193,val
823024,val
834387,val
801002,val
835077,val
837349,val
806696,val
803409,val
800549,val
827848,val
840935,val
806793,val
819234,val
819475,val
809377,val
828784,val
822314,val
831572,val
834409,val
842642,val
830672,val
817422,val
808151,val
810151,val
820103,val
829438,val
817987,val
830733,val
813711,val
802377,val
806807,val
811787,val
827931,val
827777,val
830961,val
820314,val
800274,val
809017,val
824155,val
800567,val
801393,val
812814,val
816234,val
806700,val
817263,val
806386,val
806472,val
815185,val
838666,val
802835,val
816652,val
822312,val
811541,val
837916,val
825466,val
838215,val
838388,val
818902,val
834153,val
807464,val
798825,val
805544,val
833164,val
836798,val
832770,val
827420,val
831356,val
802583,val
832976,val
828026,val
813347,val
803462,val
833373,val
799961,val
841666,val
840180,val
814670,val
837517,val
802154,val
842521,val
807780,val
841320,val
838924,val
801326,val
828593,val
832242,val
825567,val
833134,val
802466,val
833189,val
832861,val
832877,val
810280,val
825254,val
819521,val
828918,val
840172,val
825153,val
806839,val
836827,val
830108,val
834841,val
805936,val
814053,val
807476,val
827636,val
803418,val
817618,val
824839,val
837535,val
801208,val
833138,val
841423,val
800032,val
837546,val
805466,val
834736,val
826834,val
819887,val
803044,val
832615,val
835188,val
838880,val
831148,val
820349,val
805875,val
823953,val
835160,val
838433,val
808724,val
833009,val
808025,val
841157,val
808938,val
834642,val
819014,val
801785,val
803749,val
815370,val
815833,val
827820,val
840419,val
838690,val
814949,val
827144,val
802792,val
814363,val
803155,val
830322,val
809310,val
800129,val
829636,val
831003,val
826980,val
810937,val
806079,val
836817,val
835862,val
841831,val
828240,val
842426,val
825490,val
835291,val
804531,val
799697,val
829334,val
806117,val
801068,val
839660,val
839052,val
824175,val
831948,val
835790,val
817929,val
830806,val
798766,val
822797,val
827864,val
822811,val
812562,val
824467,val
826627,val
811039,val
808806,val
829220,val
803929,val
800524,val
823343,val
840918,val
814338,val
839370,val
799714,val
817819,val
833667,val
801286,val
828510,val
826932,val
800099,val
823371,val
826480,val
809745,val
840892,val
812119,val
842347,val
810658,val
833093,val
838240,val
833258,val
835554,val
817139,val
813394,val
809654,val
806138,val
839955,val
831842,val
823787,val
842833,val
831288,val
825464,val
810962,val
810638,val
837279,val
825187,val
799730,val
817444,val
839539,val
807973,val
811208,val
837063,val
814073,val
834570,val
808261,val
836282,val
833668,val
810004,val
803305,val
819831,val
811514,val
817042,val
831242,val
834502,val
807765,val
805906,val
801229,val
804974,val
823965,val
808709,val
806631,val
798363,val
840499,val
831300,val
813024,val
810471,val
823911,val
817110,val
84090,test
145544,test
156796,test
153941,test
216811,test
70306,test
55511,test
136745,test
15171,test
16437,test
137538,test
347038,test
265056,test
124677,test
356886,test
213724,test
68671,test
55273,test
120670,test
166433,test
26630,test
258055,test
420269,test
407012,test
1076,test
145656,test
80816,test
343955,test
347315,test
417996,test
369932,test
354483,test
61637,test
110651,test
423473,test
1977,test
99776,test
410241,test
151445,test
74200,test
168774,test
247913,test
107123,test
14998,test
236679,test
12834,test
65439,test
83782,test
3270,test
464388,test
34329,test
236528,test
196688,test
343896,test
164925,test
349847,test
54944,test
83905,test
16671,test
148350,test
61733,test
183735,test
67337,test
12866,test
247915,test
120653,test
58026,test
372703,test
23923,test
374935,test
10803,test
41600,test
374737,test
138200,test
192178,test
144645,test
40966,test
151744,test
274009,test
133105,test
48161,test
152711,test
17696,test
101247,test
74679,test
240008,test
357024,test
251161,test
328905,test
75643,test
195579,test
408708,test
374057,test
18486,test
186489,test
225092,test
57509,test
255856,test
241925,test
13852,test
23475,test
209044,test
11653,test
236395,test
228752,test
156756,test
3467,test
53691,test
157735,test
246947,test
412191,test
388688,test
132802,test
155123,test
97189,test
258038,test
358165,test
26931,test
150854,test
86262,test
101621,test
91605,test
360794,test
154334,test
21412,test
380806,test
69478,test
81137,test
68705,test
147164,test
195219,test
123688,test
64777,test
248009,test
25639,test
66618,test
93895,test
409093,test
41725,test
190101,test
86606,test
107736,test
109122,test
76531,test
142294,test
43542,test
86447,test
398461,test
267569,test
46237,test
42917,test
212108,test
177811,test
302492,test
57770,test
48359,test
102864,test
371997,test
415397,test
11066,test
275522,test
232618,test
354985,test
150163,test
92000,test
157658,test
236352,test
401605,test
348244,test
375541,test
172440,test
50951,test
93453,test
345263,test
57147,test
64664,test
246958,test
37361,test
387957,test
334100,test
83996,test
277103,test
147944,test
27927,test
37178,test
151285,test
152939,test
35140,test
157280,test
183645,test
239671,test
347719,test
320394,test
65339,test
188629,test
159543,test
132987,test
394909,test
31346,test
358392,test
86837,test
95814,test
236505,test
96458,test
349403,test
29157,test
24598,test
358276,test
24984,test
397673,test
4530,test
341189,test
214849,test
410868,test
10981,test
83494,test
22717,test
113263,test
168305,test
72008,test
197947,test
375068,test
15541,test
9364,test
59158,test
193675,test
60802,test
39202,test
121301,test
57496,test
153939,test
91989,test
15257,test
348879,test
2615,test
56292,test
21123,test
11666,test
236643,test
40899,test
90258,test
101903,test
261585,test
69027,test
77668,test
274153,test
34278,test
163120,test
407945,test
2438,test
154059,test
325032,test
41979,test
44051,test
11369,test
253598,test
2714,test
61771,test
180920,test
38465,test
358066,test
94033,test
161678,test
2531,test
187340,test
158526,test
412556,test
149877,test
146257,test
477251,test
4527,test
413244,test
348873,test
63063,test
349263,test
4285,test
6849,test
485473,test
18756,test
127162,test
2693,test
65604,test
222648,test
102308,test
56154,test
109244,test
147599,test
316440,test
347314,test
219110,test
419855,test
116367,test
40426,test
237063,test
68722,test
63719,test
241485,test
40619,test
48703,test
72302,test
24184,test
3253,test
378684,test
67999,test
216001,test
359788,test
108358,test
127276,test
41361,test
169544,test
116899,test
92942,test
379757,test
25609,test
62556,test
388407,test
34369,test
373193,test
189490,test
51265,test
146254,test
248945,test
160018,test
222375,test
70375,test
400586,test
178022,test
187934,test
6851,test
147018,test
178560,test
106352,test
382888,test
14951,test
179352,test
208741,test
355220,test
233805,test
46986,test
30624,test
39301,test
164656,test
38368,test
41964,test
68438,test
18966,test
246368,test
388056,test
119320,test
106883,test
130715,test
40011,test
69157,test
61214,test
354103,test
373004,test
15746,test
259977,test
55721,test
236522,test
387360,test
70383,test
128005,test
53882,test
390313,test
373675,test
86579,test
55896,test
4576,test
34663,test
73735,test
9224,test
254583,test
355832,test
345,test
361045,test
107053,test
98994,test
28933,test
113288,test
274997,test
68904,test
43187,test
10861,test
202498,test
115567,test
358471,test
18660,test
88300,test
29841,test
89261,test
66494,test
211503,test
15246,test
87682,test
137573,test
96096,test
184606,test
474943,test
247272,test
140519,test
321133,test
21665,test
155637,test
36534,test
176126,test
71608,test
36394,test
271947,test
239751,test
251091,test
76469,test
143393,test
130872,test
416438,test
377084,test
427375,test
344017,test
78630,test
5810,test
31376,test
137418,test
196068,test
84693,test
173690,test
231468,test
371224,test
395197,test
108880,test
133100,test
58948,test
189407,test
245410,test
10936,test
79936,test
124488,test
128060,test
67280,test
248117,test
15566,test
427338,test
161923,test
96814,test
362919,test
79618,test
28735,test
39318,test
32105,test
150534,test
29186,test
241742,test
22706,test
431439,test
134747,test
373204,test
195597,test
34978,test
237520,test
33565,test
177227,test
484628,test
163653,test
116909,test
154339,test
39651,test
65440,test
192238,test
105578,test
173905,test
151596,test
10131,test
155120,test
222671,test
78321,test
128104,test
373569,test
373708,test
373844,test
247491,test
365772,test
63586,test
406632,test
415430,test
104805,test
119726,test
324060,test
84067,test
239466,test
191898,test
340711,test
173674,test
142698,test
373288,test
109872,test
106435,test
93345,test
183710,test
234857,test
166133,test
356605,test
373643,test
153822,test
151598,test
97559,test
445125,test
99228,test
50062,test
104843,test
97607,test
369961,test
411018,test
72877,test
42318,test
61505,test
1399,test
169283,test
76566,test
102495,test
141689,test
221725,test
31421,test
273060,test
154067,test
355147,test
220586,test
193596,test
50299,test
4540,test
11563,test
378687,test
37956,test
422863,test
38646,test
88898,test
400734,test
70950,test
92846,test
62329,test
355162,test
83501,test
33000,test
114119,test
42360,test
149369,test
44170,test
75092,test
341329,test
150845,test
147586,test
48154,test
79206,test
28680,test
26370,test
372819,test
337126,test
361222,test
41678,test
208314,test
76983,test
62001,test
272020,test
247513,test
270769,test
354249,test
32201,test
360034,test
114360,test
379507,test
33655,test
341432,test
53564,test
112647,test
170623,test
71796,test
64958,test
26665,test
395832,test
337164,test
21432,test
248480,test
336589,test
164179,test
58059,test
133797,test
46748,test
166049,test
419042,test
50764,test
413874,test
153719,test
3266,test
387927,test
19528,test
59974,test
344353,test
334915,test
86755,test
387829,test
236598,test
26019,test
105274,test
413833,test
25588,test
174627,test
81990,test
257094,test
179263,test
274000,test
408419,test
168075,test
58604,test
327129,test
82003,test
78526,test
199202,test
74821,test
63585,test
126543,test
390459,test
390715,test
115417,test
11689,test
132579,test
416869,test
477031,test
119354,test
26693,test
142862,test
238638,test
49774,test
59617,test
238873,test
117890,test
43743,test
54253,test
107223,test
83118,test
251765,test
26585,test
477025,test
13085,test
236478,test
241497,test
439996,test
28748,test
24820,test
130099,test
142011,test
372687,test
458036,test
113349,test
270440,test
34530,test
191731,test
149808,test
444012,test
162753,test
417608,test
118898,test
10594,test
9333,test
188038,test
358876,test
241578,test
32545,test
397010,test
18663,test
54902,test
31747,test
491747,test
133360,test
494701,test
424847,test
413688,test
130514,test
135762,test
165142,test
371915,test
164592,test
115440,test
94987,test
28861,test
126862,test
154730,test
220594,test
102397,test
44627,test
9386,test
86578,test
267954,test
427699,test
187314,test
106955,test
200908,test
93406,test
50186,test
18054,test
64778,test
109192,test
425768,test
184818,test
16768,test
159777,test
164828,test
3334,test
41664,test
48995,test
153246,test
28924,test
160263,test
249073,test
382250,test
33895,test
370941,test
420942,test
104390,test
209045,test
38970,test
109087,test
58231,test
34195,test
29961,test
166109,test
72882,test
19217,test
124022,test
163565,test
222317,test
105637,test
354318,test
54279,test
66432,test
28983,test
132951,test
207487,test
401817,test
122299,test
214369,test
112270,test
48160,test
150958,test
50183,test
438928,test
50785,test
145653,test
53296,test
44910,test
124276,test
102360,test
132805,test
64277,test
328643,test
382848,test
109140,test
75099,test
92969,test
93876,test
144065,test
9657,test
71,test
36395,test
352856,test
20658,test
116669,test
366957,test
174439,test
95694,test
34067,test
62591,test
88836,test
344597,test
251305,test
222458,test
190579,test
26464,test
50486,test
45993,test
36093,test
344666,test
316572,test
33303,test
60753,test
340716,test
366576,test
194743,test
102858,test
237683,test
86422,test
92371,test
80714,test
246661,test
247182,test
80818,test
84746,test
3815,test
362330,test
48078,test
201203,test
136275,test
121605,test
109593,test
231628,test
523,test
341200,test
175402,test
90920,test
33970,test
234301,test
201013,test
82283,test
118944,test
91629,test
11990,test
105904,test
25642,test
10504,test
3867,test
419274,test
65655,test
247551,test
10730,test
107728,test
360620,test
15918,test
424295,test
26557,test
92944,test
74952,test
91925,test
16102,test
14945,test
13925,test
78842,test
18557,test
354930,test
252808,test
17521,test
172592,test
58174,test
115563,test
253231,test
359381,test
153606,test
14222,test
211902,test
221614,test
177139,test
434603,test
40882,test
155639,test
11603,test
323702,test
2532,test
86429,test
63342,test
215935,test
359827,test
108770,test
217543,test
120110,test
61856,test
198248,test
94637,test
55936,test
97644,test
33307,test
75228,test
136957,test
50322,test
21385,test
396464,test
336586,test
109530,test
233205,test
84420,test
171608,test
194925,test
149395,test
116356,test
263534,test
236370,test
137909,test
148607,test
371913,test
274853,test
166950,test
199492,test
358016,test
355961,test
352386,test
145481,test
33447,test
5509,test
114105,test
384069,test
102839,test
362503,test
75021,test
199867,test
109574,test
302515,test
66598,test
73517,test
65537,test
146870,test
63682,test
352681,test
109620,test
239136,test
219259,test
340481,test
54455,test
2993,test
213453,test
153039,test
5581,test
130136,test
23771,test
91765,test
17556,test
62509,test
23586,test
102105,test
43176,test
411222,test
109562,test
50577,test
8762,test
135846,test
19155,test
354196,test
155569,test
103193,test
114065,test
248444,test
110162,test
114347,test
81574,test
63618,test
383671,test
361910,test
133856,test
63466,test
161924,test
218418,test
125243,test
35441,test
207167,test
261193,test
200940,test
368431,test
146432,test
97642,test
121472,test
20620,test
222213,test
344150,test
89959,test
184798,test
69726,test
162692,test
86836,test
332914,test
222341,test
23667,test
247203,test
86680,test
198251,test
374959,test
33439,test
221532,test
137121,test
78795,test
30987,test
330400,test
87773,test
18880,test
1053,test
354736,test
153552,test
112779,test
189508,test
40302,test
20022,test
50257,test
5197,test
50274,test
416364,test
79390,test
423853,test
35836,test
242241,test
60781,test
374357,test
104338,test
363684,test
428164,test
38395,test
59122,test
165070,test
374836,test
31725,test
353207,test
27503,test
276948,test
244012,test
24601,test
397375,test
321200,test
374736,test
423791,test
417116,test
156784,test
161967,test
79391,test
337000,test
178605,test
386358,test
58273,test
51354,test
109543,test
29825,test
152980,test
163012,test
41102,test
242232,test
256414,test
184689,test
67744,test
764,test
114103,test
69470,test
84000,test
6028,test
54388,test
417786,test
29004,test
315932,test
5504,test
107141,test
104650,test
85901,test
33306,test
183408,test
109622,test
2689,test
80119,test
153542,test
162091,test
73757,test
9656,test
69338,test
214394,test
427812,test
373361,test
239517,test
257375,test
414805,test
373602,test
63378,test
161933,test
325881,test
374099,test
57503,test
61762,test
157642,test
343098,test
96462,test
38215,test
137934,test
183750,test
371151,test
192092,test
427941,test
327133,test
374920,test
31259,test
105833,test
95323,test
153738,test
423744,test
199173,test
40396,test
37940,test
29503,test
76648,test
231495,test
420264,test
104609,test
232929,test
76418,test
247234,test
50569,test
130650,test
185999,test
248775,test
120674,test
72340,test
56950,test
110160,test
91584,test
6305,test
153690,test
42814,test
139988,test
239333,test
388826,test
211707,test
42722,test
337818,test
75299,test
65995,test
169693,test
341609,test
72270,test
49799,test
358661,test
91557,test
212735,test
169093,test
125370,test
105933,test
114106,test
95765,test
63966,test
63242,test
185491,test
355922,test
36771,test
76318,test
105510,test
136401,test
4057,test
113340,test
22871,test
55904,test
185733,test
137919,test
154223,test
82788,test
259173,test
76575,test
371382,test
383368,test
59604,test
411542,test
79761,test
82262,test
155301,test
168875,test
243415,test
121764,test
14314,test
107717,test
144336,test
256422,test
96802,test
250741,test
95743,test
60909,test
173907,test
334468,test
54353,test
334088,test
128830,test
329116,test
337754,test
18807,test
59615,test
39519,test
84441,test
360786,test
86423,test
108806,test
96974,test
95549,test
83815,test
107737,test
169805,test
214589,test
235119,test
15224,test
257430,test
13644,test
155265,test
359718,test
316084,test
199037,test
26140,test
111357,test
320300,test
371554,test
113999,test
470704,test
382833,test
182723,test
111775,test
84835,test
66109,test
93299,test
162127,test
16218,test
154295,test
415016,test
3112,test
236641,test
156569,test
65810,test
484620,test
241581,test
439993,test
374571,test
5644,test
347927,test
105685,test
167753,test
379115,test
104767,test
360229,test
45114,test
119309,test
70320,test
241924,test
29493,test
427195,test
168899,test
102952,test
86439,test
196382,test
38204,test
78592,test
104815,test
359367,test
29420,test
84564,test
11081,test
109083,test
265312,test
393003,test
168307,test
381358,test
231485,test
346328,test
157596,test
115534,test
157432,test
30941,test
218831,test
8541,test
418622,test
137394,test
4066,test
315728,test
110379,test
93850,test
157769,test
8532,test
30192,test
373636,test
37345,test
12872,test
167675,test
188000,test
110404,test
348372,test
156818,test
187129,test
131107,test
187266,test
203917,test
51415,test
5789,test
387763,test
117576,test
52191,test
16432,test
3857,test
17546,test
42247,test
105436,test
145043,test
10816,test
333861,test
97654,test
107163,test
266484,test
88837,test
400113,test
8687,test
3272,test
92931,test
115505,test
87683,test
477087,test
115526,test
149326,test
169729,test
253636,test
175507,test
16203,test
22967,test
353923,test
219021,test
179672,test
160533,test
247899,test
91575,test
156526,test
272335,test
92019,test
135639,test
18710,test
332302,test
90621,test
111395,test
10568,test
195343,test
22758,test
20478,test
137081,test
373901,test
61871,test
137819,test
278896,test
67331,test
199235,test
78590,test
111403,test
12873,test
117803,test
382836,test
236525,test
30043,test
1925,test
174368,test
173725,test
77345,test
81297,test
127370,test
477022,test
196060,test
147543,test
328857,test
381476,test
30136,test
373720,test
352740,test
114068,test
28758,test
155132,test
413382,test
346869,test
91135,test
236464,test
149254,test
358690,test
220601,test
343169,test
361167,test
29606,test
335930,test
79507,test
145657,test
19013,test
382879,test
422137,test
87939,test
340897,test
61783,test
56938,test
374887,test
262974,test
103253,test
112632,test
240856,test
31973,test
494131,test
137697,test
94210,test
140031,test
58650,test
61741,test
358003,test
153795,test
67833,test
19200,test
181188,test
105475,test
173601,test
261512,test
18450,test
407943,test
386287,test
198965,test
362197,test
76285,test
49850,test
190627,test
353317,test
5694,test
361551,test
374907,test
93964,test
246699,test
12871,test
142875,test
69870,test
203755,test
491273,test
17931,test
99233,test
128840,test
177882,test
77,test
1148,test
219766,test
93300,test
48603,test
26944,test
21623,test
430821,test
26499,test
400597,test
100426,test
3354,test
6023,test
432398,test
20049,test
64486,test
71865,test
148422,test
426690,test
161642,test
153951,test
246731,test
46352,test
199670,test
247117,test
55116,test
8008,test
20457,test
200026,test
239830,test
2530,test
366760,test
325858,test
373876,test
40499,test
192348,test
402905,test
23574,test
56025,test
3311,test
274451,test
398038,test
480889,test
35722,test
334991,test
71054,test
108776,test
337090,test
267004,test
77924,test
34014,test
46722,test
74517,test
137564,test
111796,test
36232,test
65518,test
94405,test
239862,test
83620,test
183181,test
360174,test
148540,test
38170,test
164174,test
161579,test
7542,test
189493,test
155899,test
399085,test
56977,test
357515,test
354686,test
249094,test
95774,test
7943,test
150404,test
16992,test
75625,test
13713,test
326412,test
207406,test
358041,test
6490,test
343994,test
76568,test
412332,test
258102,test
55874,test
102422,test
395821,test
53829,test
374509,test
343943,test
352186,test
10773,test
6506,test
415412,test
382831,test
468009,test
374572,test
249723,test
363061,test
15742,test
164803,test
120130,test
270918,test
64714,test
208695,test
19212,test
76673,test
242873,test
153729,test
105800,test
47048,test
28961,test
187006,test
183729,test
247806,test
40068,test
386074,test
135703,test
130709,test
247342,test
67756,test
26941,test
76651,test
171973,test
232176,test
183058,test
332315,test
570,test
156821,test
203377,test
49777,test
13072,test
160276,test
24646,test
42342,test
413620,test
410237,test
145815,test
248952,test
420263,test
10935,test
371786,test
40823,test
76429,test
110159,test
66619,test
120661,test
168123,test
424726,test
156365,test
183065,test
180541,test
346521,test
39832,test
20640,test
91672,test
72150,test
54808,test
15856,test
184490,test
242963,test
432405,test
481101,test
232840,test
155243,test
41978,test
155262,test
247250,test
328660,test
117415,test
246840,test
268126,test
98150,test
12693,test
97236,test
256886,test
135719,test
146519,test
96167,test
20929,test
146578,test
72891,test
16629,test
180949,test
419894,test
174879,test
142688,test
257867,test
148863,test
158597,test
17609,test
105463,test
29192,test
65271,test
83408,test
69224,test
355216,test
40402,test
246968,test
43779,test
141816,test
81880,test
21052,test
21678,test
416241,test
152370,test
77584,test
40431,test
20155,test
27310,test
105644,test
186423,test
91610,test
69604,test
274866,test
171511,test
107520,test
69097,test
238017,test
20840,test
4629,test
127736,test
145274,test
26509,test
146542,test
14080,test
143251,test
79775,test
135835,test
199297,test
29142,test
394071,test
247882,test
426204,test
63467,test
408763,test
162975,test
55311,test
251110,test
317101,test
38538,test
76813,test
354892,test
61399,test
374872,test
131174,test
38206,test
39671,test
119562,test
105597,test
115557,test
33165,test
18471,test
65498,test
71663,test
219260,test
3931,test
164299,test
152904,test
386592,test
26189,test
427718,test
327002,test
92137,test
57055,test
236575,test
153966,test
403574,test
11826,test
17913,test
152345,test
69477,test
140034,test
367836,test
114356,test
93315,test
167181,test
65802,test
39451,test
89326,test
42211,test
167421,test
6637,test
156794,test
114081,test
153675,test
415004,test
21941,test
50252,test
29407,test
24589,test
98879,test
423344,test
387760,test
29221,test
91403,test
33983,test
172622,test
1405,test
373356,test
77014,test
153713,test
26928,test
67739,test
26537,test
13450,test
183638,test
354435,test
46691,test
180544,test
96071,test
14326,test
196033,test
105468,test
351970,test
127338,test
6546,test
374538,test
198889,test
168747,test
5302,test
49478,test
249490,test
35554,test
74912,test
13504,test
48417,test
56970,test
38427,test
347925,test
127632,test
315856,test
172452,test
47469,test
14005,test
24834,test
408562,test
3838,test
249469,test
16597,test
247217,test
54523,test
157311,test
96954,test
145081,test
56028,test
45920,test
32395,test
458041,test
28862,test
33161,test
169131,test
343984,test
200906,test
320660,test
402937,test
319148,test
33651,test
151093,test
135185,test
192153,test
58323,test
61997,test
356442,test
142697,test
348889,test
108149,test
146212,test
476986,test
79388,test
126186,test
165384,test
246693,test
146624,test
246924,test
56878,test
33362,test
203201,test
141167,test
4409,test
202019,test
113266,test
187294,test
81381,test
42841,test
256423,test
237202,test
61395,test
29288,test
150465,test
111646,test
156752,test
29074,test
408742,test
323709,test
153095,test
64821,test
350360,test
1242,test
27860,test
30152,test
155217,test
137232,test
257349,test
111669,test
58069,test
140525,test
354192,test
368174,test
28495,test
189697,test
354452,test
69355,test
265180,test
188058,test
147134,test
242433,test
10477,test
140212,test
36229,test
32406,test
60900,test
39012,test
10519,test
269003,test
119304,test
350979,test
58664,test
156510,test
120458,test
199227,test
119197,test
16663,test
61736,test
50677,test
179506,test
45138,test
19045,test
15,test
124693,test
107726,test
214714,test
415164,test
44357,test
171119,test
214500,test
54979,test
91086,test
185150,test
60687,test
104772,test
41708,test
173875,test
43998,test
326102,test
372336,test
175428,test
327914,test
68650,test
117176,test
10939,test
86267,test
15240,test
3177,test
86901,test
157240,test
85135,test
50481,test
218839,test
22873,test
90280,test
238039,test
364850,test
153861,test
350993,test
81058,test
386601,test
82175,test
96080,test
66955,test
207523,test
333756,test
188518,test
336391,test
6505,test
336786,test
13638,test
40618,test
391752,test
38879,test
72453,test
59891,test
65267,test
187658,test
152977,test
389762,test
69698,test
99555,test
368084,test
103352,test
366368,test
68,test
146090,test
222199,test
105878,test
367493,test
80203,test
373222,test
371972,test
236677,test
41711,test
116955,test
236429,test
362916,test
158746,test
35256,test
373366,test
31824,test
239594,test
121065,test
13206,test
5560,test
160567,test
374182,test
62966,test
38614,test
32225,test
44266,test
194685,test
186757,test
343935,test
165048,test
232257,test
152448,test
414469,test
64096,test
185142,test
428995,test
168561,test
139333,test
95776,test
156766,test
107716,test
196092,test
39517,test
4998,test
237351,test
44123,test
408162,test
218055,test
108885,test
137122,test
320234,test
166134,test
236561,test
50280,test
274980,test
117127,test
190033,test
277553,test
132817,test
145780,test
144329,test
47929,test
109745,test
61504,test
316438,test
71600,test
92968,test
348142,test
168560,test
114352,test
268795,test
89286,test
131265,test
241539,test
236599,test
340049,test
16201,test
268870,test
156774,test
236501,test
50173,test
104038,test
92377,test
62602,test
66333,test
235042,test
43362,test
24969,test
104714,test
114088,test
82386,test
161340,test
253587,test
191732,test
276869,test
86424,test
118707,test
114457,test
80638,test
349387,test
124886,test
344076,test
196072,test
433701,test
43818,test
328046,test
393469,test
107712,test
109618,test
86431,test
333268,test
407459,test
84718,test
398001,test
112342,test
239586,test
371153,test
343965,test
31347,test
379969,test
245522,test
261588,test
10135,test
337102,test
153056,test
234034,test
95281,test
344051,test
106845,test
83190,test
50175,test
39058,test
152707,test
424866,test
158435,test
45915,test
193064,test
257864,test
170599,test
59765,test
190699,test
44476,test
109743,test
124686,test
108285,test
75056,test
191917,test
179601,test
196645,test
165491,test
180089,test
262957,test
191924,test
44681,test
154735,test
44225,test
346684,test
189831,test
127309,test
33314,test
32499,test
144325,test
74810,test
151373,test
127340,test
144324,test
132111,test
30414,test
132031,test
354056,test
171966,test
69307,test
128050,test
47701,test
122204,test
397435,test
20384,test
144323,test
72578,test
243800,test
262976,test
143305,test
167676,test
233473,test
166203,test
60807,test
354038,test
418831,test
262975,test
36161,test
29705,test
122492,test
448220,test
148509,test
148435,test
245068,test
46044,test
347724,test
394133,test
148531,test
236309,test
471038,test
91422,test
83129,test
32017,test
396225,test
382505,test
91427,test
148535,test
373677,test
251835,test
328545,test
382451,test
196923,test
373690,test
148757,test
148589,test
252346,test
251886,test
148476,test
148548,test
77140,test
13296,test
382455,test
335971,test
191960,test
321160,test
478939,test
37845,test
103031,test
65650,test
28622,test
39194,test
89118,test
89669,test
148575,test
148541,test
148432,test
92140,test
28572,test
89128,test
148507,test
373722,test
373687,test
148486,test
382537,test
148550,test
315691,test
382483,test
91419,test
89129,test
89126,test
65714,test
91415,test
92136,test
148437,test
148527,test
39151,test
61824,test
89670,test
245074,test
148487,test
65660,test
126468,test
39181,test
15146,test
50068,test
373680,test
29627,test
148270,test
11854,test
65724,test
11665,test
