index,split
811456,train
807119,train
799725,train
807543,train
805179,train
815115,train
805913,train
827106,train
814369,train
808416,train
802797,train
832069,train
817107,train
820207,train
831479,train
818743,train
813647,train
799408,train
805174,train
829636,train
797906,train
834664,train
826710,train
801143,train
842681,train
806008,train
806102,train
832023,train
815821,train
800861,train
830776,train
825104,train
842572,train
833423,train
839574,train
843107,train
812891,train
826349,train
803806,train
823757,train
812800,train
820179,train
828629,train
799250,train
798315,train
831696,train
815819,train
832797,train
828110,train
836522,train
818940,train
826706,train
803012,train
837277,train
841692,train
802495,train
811572,train
834273,train
822940,train
805127,train
802599,train
813652,train
837197,train
840069,train
810152,train
817169,train
809501,train
810922,train
812840,train
831680,train
841909,train
835937,train
822920,train
819311,train
841769,train
815362,train
834146,train
798465,train
831248,train
814256,train
837920,train
827927,train
816086,train
811351,train
837570,train
834093,train
807426,train
803587,train
808941,train
839922,train
834781,train
812568,train
809340,train
818247,train
829481,train
834948,train
817236,train
832447,train
827425,train
806133,train
837967,train
812815,train
816920,train
827158,train
831976,train
802858,train
828395,train
839645,train
830752,train
842656,train
813478,train
828850,train
811159,train
812577,train
804891,train
807338,train
823959,train
807191,train
811386,train
839796,train
824254,train
842843,train
810290,train
828396,train
803122,train
826427,train
831463,train
817392,train
822766,train
817606,train
807289,train
802321,train
835419,train
822977,train
836506,train
801071,train
822325,train
800449,train
830674,train
827060,train
806670,train
803276,train
839646,train
799396,train
836283,train
809138,train
811375,train
831442,train
837784,train
829144,train
834365,train
816253,train
800679,train
799030,train
814161,train
838680,train
828482,train
819006,train
838555,train
830739,train
799599,train
827578,train
800543,train
833112,train
819374,train
825128,train
806137,train
806092,train
832117,train
818138,train
822499,train
827668,train
815676,train
815646,train
815843,train
814913,train
830165,train
837724,train
819593,train
810101,train
834823,train
840433,train
837958,train
819691,train
830580,train
808055,train
802396,train
837059,train
833929,train
798389,train
833568,train
839896,train
812035,train
823369,train
820343,train
804836,train
811812,train
840047,train
826690,train
809564,train
833744,train
842311,train
811152,train
840576,train
828197,train
815929,train
799959,train
806475,train
804746,train
801847,train
799816,train
806847,train
813415,train
816237,train
831684,train
839757,train
837488,train
805956,train
811145,train
812542,train
838886,train
839942,train
799812,train
831236,train
842460,train
798841,train
842671,train
799901,train
806619,train
835851,train
825044,train
815359,train
834210,train
798998,train
817784,train
828009,train
801712,train
813956,train
826643,train
824107,train
818412,train
806106,train
810680,train
817918,train
842229,train
803811,train
813235,train
832151,train
825797,train
806603,train
834729,train
799545,train
831336,train
831789,train
826979,train
838547,train
827450,train
824147,train
802478,train
805806,train
799687,train
820146,train
815407,train
826343,train
838490,train
829288,train
819533,train
800037,train
837752,train
801695,train
820240,train
816404,train
812284,train
807054,train
835825,train
801621,train
839432,train
814701,train
808244,train
801479,train
819453,train
801504,train
840024,train
810483,train
802431,train
838001,train
800763,train
812369,train
830995,train
830652,train
809578,train
830425,train
830853,train
805385,train
828381,train
823520,train
817633,train
813027,train
841916,train
837434,train
798541,train
819698,train
798503,train
803116,train
834791,train
815480,train
839535,train
832086,train
808246,train
805773,train
832737,train
810318,train
831200,train
808019,train
836986,train
837701,train
808535,train
831551,train
815751,train
832266,train
806003,train
832785,train
806848,train
801959,train
818187,train
841937,train
798232,train
841805,train
840809,train
811093,train
831761,train
810745,train
820061,train
808105,train
803652,train
826500,train
834546,train
811669,train
812837,train
813211,train
839664,train
822736,train
799198,train
802843,train
833479,train
809196,train
806766,train
825887,train
814506,train
809830,train
826698,train
833164,train
839042,train
815215,train
798649,train
842836,train
842286,train
828594,train
802060,train
809279,train
833497,train
823298,train
818760,train
832245,train
801777,train
835817,train
819668,train
830341,train
830415,train
827638,train
808919,train
831924,train
802916,train
809720,train
822899,train
806537,train
813752,train
836989,train
799997,train
815210,train
839370,train
830741,train
798525,train
805792,train
816876,train
823331,train
809401,train
811373,train
820149,train
801667,train
834215,train
806350,train
822564,train
829176,train
834027,train
839832,train
799272,train
830782,train
835064,train
806140,train
797695,train
815140,train
839751,train
826784,train
829096,train
809114,train
826057,train
803037,train
806068,train
814260,train
836583,train
798895,train
816717,train
830590,train
809803,train
806858,train
820101,train
820253,train
798730,train
822344,train
807903,train
799048,train
810142,train
828494,train
825061,train
841573,train
800291,train
823675,train
808781,train
802745,train
838953,train
800839,train
818420,train
817879,train
828996,train
808181,train
827446,train
834950,train
829341,train
834538,train
803051,train
831376,train
824231,train
826038,train
817161,train
800958,train
801900,train
836706,train
822379,train
827218,train
799291,train
808844,train
801754,train
802014,train
823276,train
828190,train
817861,train
829120,train
831718,train
802027,train
802417,train
829523,train
841798,train
843031,train
840309,train
804679,train
803307,train
807408,train
838760,train
836330,train
824678,train
831711,train
828839,train
833222,train
810503,train
799897,train
815891,train
823268,train
823473,train
820204,train
840777,train
815441,train
827131,train
800871,train
808986,train
835563,train
829206,train
807189,train
803206,train
819452,train
809363,train
798968,train
806517,train
814744,train
823395,train
841699,train
800319,train
828873,train
824211,train
836307,train
818817,train
801645,train
833012,train
819555,train
813232,train
799710,train
806198,train
808289,train
830329,train
810548,train
809660,train
840237,train
818616,train
827343,train
839228,train
807522,train
828459,train
819712,train
808136,train
832730,train
825157,train
828500,train
805027,train
824887,train
808357,train
806763,train
837983,train
800717,train
807193,train
803349,train
809235,train
815915,train
817863,train
824741,train
825769,train
834906,train
811032,train
828917,train
823413,train
823324,train
841903,train
828960,train
837569,train
820016,train
815219,train
826822,train
823380,train
808331,train
842688,train
814187,train
823727,train
824369,train
831437,train
833334,train
823059,train
825713,train
818155,train
810576,train
833959,train
816102,train
825057,train
815865,train
833108,train
835273,train
815408,train
810553,train
800051,train
843072,train
842592,train
819346,train
832969,train
798634,train
812785,train
838765,train
840495,train
802793,train
831189,train
835631,train
832800,train
836732,train
813332,train
815261,train
825916,train
803256,train
801907,train
828818,train
842598,train
825364,train
801642,train
806229,train
836253,train
815431,train
808318,train
841383,train
827765,train
833261,train
817835,train
814638,train
826336,train
803348,train
808702,train
811935,train
834202,train
813763,train
806828,train
838357,train
803305,train
834352,train
806179,train
834309,train
819566,train
807544,train
808334,train
824378,train
810792,train
823753,train
803803,train
835532,train
806656,train
813073,train
800886,train
800446,train
838841,train
805701,train
809430,train
813111,train
817552,train
818337,train
809852,train
810980,train
839302,train
807460,train
834584,train
841895,train
838083,train
825931,train
834541,train
818980,train
809738,train
807557,train
807915,train
810297,train
805742,train
808284,train
824225,train
825601,train
813063,train
826424,train
799325,train
805822,train
811847,train
835641,train
825777,train
806607,train
805267,train
815121,train
813364,train
836526,train
818982,train
828177,train
825212,train
798839,train
816581,train
808126,train
813744,train
819081,train
837325,train
819742,train
823278,train
841315,train
805950,train
805000,train
822755,train
827969,train
820151,train
834138,train
818323,train
801904,train
829047,train
827642,train
801579,train
825112,train
842335,train
838723,train
824780,train
818447,train
801807,train
822926,train
803114,train
835730,train
801725,train
813120,train
843077,train
813283,train
813434,train
819802,train
809455,train
836125,train
817073,train
806584,train
811383,train
801102,train
800433,train
842199,train
803690,train
830734,train
826634,train
827469,train
839387,train
805688,train
820211,train
828711,train
822334,train
804887,train
817304,train
808705,train
806340,train
822949,train
842435,train
808191,train
798418,train
803773,train
831707,train
809857,train
819764,train
832628,train
800883,train
824078,train
834962,train
800201,train
820194,train
799952,train
817578,train
799727,train
815595,train
802347,train
801037,train
831072,train
831013,train
819306,train
810004,train
831640,train
806365,train
814205,train
807807,train
820256,train
816428,train
833284,train
840623,train
827454,train
828891,train
829752,train
835890,train
811795,train
815874,train
798400,train
802723,train
807063,train
827583,train
830874,train
833612,train
809906,train
808374,train
815920,train
832592,train
803371,train
814228,train
814982,train
817685,train
811491,train
836973,train
838607,train
814014,train
812816,train
825367,train
836305,train
799709,train
819483,train
837737,train
807100,train
823284,train
803302,train
814953,train
798764,train
838361,train
813387,train
817010,train
832325,train
800183,train
813612,train
829241,train
812146,train
817600,train
831042,train
816110,train
830829,train
800182,train
810613,train
800750,train
824191,train
798523,train
825407,train
839437,train
806260,train
816107,train
813751,train
839762,train
818269,train
801708,train
806006,train
838984,train
805413,train
818727,train
806178,train
800910,train
803504,train
831964,train
805705,train
807555,train
818306,train
799465,train
833858,train
799373,train
828392,train
824664,train
830295,train
799590,train
830242,train
830858,train
814519,train
837801,train
808251,train
839578,train
798220,train
819433,train
830122,train
806877,train
798201,train
834975,train
799756,train
806119,train
800082,train
815650,train
815082,train
798085,train
810657,train
832352,train
838360,train
838363,train
837172,train
826301,train
833091,train
798617,train
812555,train
799656,train
839272,train
807911,train
826215,train
813724,train
805949,train
834818,train
818991,train
842568,train
824077,train
835680,train
801382,train
835870,train
823438,train
802756,train
833324,train
827067,train
823417,train
827830,train
835387,train
817987,train
819552,train
836272,train
799943,train
835884,train
839103,train
816146,train
841509,train
808460,train
841322,train
814079,train
807849,train
802180,train
801439,train
814327,train
802159,train
833693,train
819234,train
830558,train
822496,train
827079,train
800718,train
826727,train
809854,train
802308,train
827250,train
806764,train
835542,train
825214,train
800978,train
809458,train
829010,train
830965,train
803351,train
826326,train
799564,train
836418,train
800231,train
799137,train
817936,train
816665,train
831702,train
833925,train
799538,train
838999,train
842303,train
840618,train
833144,train
808508,train
800699,train
814939,train
814126,train
799310,train
841202,train
809890,train
813281,train
815404,train
830133,train
800922,train
817116,train
806934,train
839460,train
841320,train
813955,train
814523,train
815889,train
823819,train
836968,train
813465,train
835128,train
830364,train
823335,train
805314,train
807948,train
798620,train
803052,train
842255,train
823773,train
810520,train
832174,train
837303,train
829553,train
832519,train
802910,train
832190,train
802610,train
812796,train
800788,train
840475,train
811215,train
822621,train
841940,train
798116,train
800035,train
808405,train
831814,train
822800,train
829292,train
803814,train
833624,train
829729,train
842302,train
831436,train
814409,train
799880,train
842279,train
835804,train
836990,train
800207,train
835426,train
830787,train
807977,train
802773,train
816888,train
818274,train
831598,train
814105,train
831110,train
811505,train
816976,train
836567,train
811629,train
812618,train
829368,train
809943,train
809902,train
801532,train
811407,train
832742,train
799102,train
818474,train
842488,train
806535,train
815878,train
830428,train
833396,train
833390,train
830849,train
800948,train
809347,train
831464,train
837199,train
801358,train
803036,train
842362,train
829379,train
800998,train
819967,train
829297,train
838458,train
811255,train
837135,train
815110,train
803273,train
834638,train
835116,train
841549,train
830452,train
829143,train
801053,train
839976,train
834335,train
798880,train
835659,train
830596,train
803766,train
839293,train
814753,train
801447,train
817979,train
838418,train
815365,train
798748,train
810076,train
822630,train
811926,train
824884,train
810656,train
815395,train
803787,train
806772,train
811686,train
819004,train
811434,train
816168,train
805182,train
820035,train
840146,train
811183,train
802357,train
798294,train
804850,train
823844,train
824525,train
801986,train
799519,train
822587,train
801688,train
805651,train
801609,train
813295,train
840470,train
827512,train
833415,train
798715,train
819857,train
816570,train
831723,train
806678,train
826451,train
817240,train
815397,train
827431,train
802626,train
811934,train
807808,train
843023,train
816554,train
838491,train
813330,train
802982,train
798107,train
817872,train
815056,train
828113,train
834965,train
827276,train
842373,train
810971,train
814889,train
808887,train
835758,train
799664,train
811430,train
818994,train
811342,train
831393,train
801373,train
798683,train
816613,train
841272,train
811002,train
801870,train
824354,train
800041,train
807379,train
825683,train
805907,train
827377,train
798555,train
818723,train
814857,train
798925,train
829056,train
827015,train
835608,train
822567,train
824196,train
799081,train
828172,train
819708,train
837689,train
838000,train
828658,train
818007,train
829472,train
827414,train
811521,train
824157,train
804871,train
831868,train
835478,train
837580,train
808135,train
809577,train
842207,train
841711,train
819414,train
826327,train
805332,train
837015,train
826393,train
803215,train
833806,train
814642,train
808294,train
803448,train
813247,train
824086,train
835377,train
800246,train
814556,train
838335,train
826300,train
807973,train
839955,train
804672,train
806553,train
805310,train
836482,train
810454,train
836252,train
832429,train
842893,train
801410,train
809159,train
817290,train
838367,train
800358,train
806143,train
810939,train
836828,train
834446,train
825313,train
814067,train
831895,train
803601,train
827166,train
798814,train
798190,train
838193,train
833931,train
839929,train
837843,train
802543,train
836455,train
814235,train
830115,train
832544,train
843001,train
833690,train
840684,train
800085,train
840770,train
808480,train
837693,train
823375,train
816064,train
798516,train
829433,train
834629,train
832491,train
811418,train
826330,train
799109,train
830694,train
816288,train
827688,train
810464,train
817892,train
822744,train
840875,train
802213,train
830025,train
803106,train
814074,train
816228,train
816432,train
830990,train
816487,train
826820,train
806845,train
818576,train
828995,train
809355,train
842462,train
803288,train
833109,train
829376,train
813090,train
834994,train
824512,train
839333,train
820172,train
824789,train
818319,train
825408,train
837442,train
832289,train
836707,train
798704,train
823677,train
801570,train
828129,train
823405,train
826068,train
812461,train
830055,train
832183,train
825017,train
837048,train
803931,train
810195,train
837287,train
798560,train
833550,train
838377,train
805165,train
830923,train
818396,train
816850,train
805932,train
827795,train
814146,train
801796,train
806168,train
837006,train
840807,train
834998,train
814647,train
827843,train
801884,train
813219,train
800669,train
798962,train
827448,train
798457,train
803127,train
800879,train
809544,train
800263,train
835179,train
828199,train
832276,train
810306,train
828816,train
810515,train
841758,train
812153,train
825961,train
841708,train
829431,train
842390,train
834084,train
836309,train
817623,train
818551,train
823235,train
825698,train
798236,train
806840,train
842300,train
806799,train
807630,train
829696,train
810533,train
831820,train
806226,train
802728,train
814565,train
800127,train
825478,train
824495,train
836578,train
799103,train
828100,train
813287,train
831028,train
830372,train
820328,train
842246,train
823410,train
825515,train
817569,train
824213,train
805965,train
799696,train
819367,train
825505,train
841323,train
833965,train
809135,train
806991,train
842102,train
833407,train
832488,train
810104,train
806874,train
814364,train
830445,train
800942,train
838204,train
806978,train
836803,train
837095,train
812841,train
832243,train
837669,train
840431,train
831396,train
798578,train
841376,train
810337,train
831181,train
842954,train
838843,train
839060,train
818199,train
834016,train
820241,train
809889,train
800586,train
823593,train
824406,train
813860,train
801727,train
835822,train
813552,train
799330,train
833821,train
813619,train
829877,train
823464,train
840388,train
799908,train
832084,train
841532,train
841483,train
840032,train
834668,train
807589,train
839483,train
836850,train
813194,train
829580,train
802378,train
822582,train
813532,train
813926,train
838199,train
816518,train
830316,train
815200,train
800178,train
825080,train
833412,train
828868,train
811299,train
819678,train
838899,train
830643,train
806275,train
830206,train
815083,train
842450,train
836824,train
829285,train
830092,train
813518,train
834747,train
825609,train
815062,train
829499,train
837193,train
832557,train
801555,train
818887,train
815307,train
814015,train
840015,train
832661,train
797611,train
839674,train
813019,train
839608,train
799555,train
800253,train
841367,train
830094,train
805031,train
831529,train
826002,train
817081,train
801543,train
802355,train
827367,train
829482,train
810211,train
811029,train
840251,train
835770,train
810653,train
815450,train
800762,train
817615,train
813218,train
831498,train
805062,train
825585,train
806859,train
800171,train
834190,train
812579,train
824063,train
818539,train
811716,train
824739,train
823865,train
835287,train
841887,train
809480,train
800938,train
829396,train
836434,train
827978,train
832119,train
812502,train
820292,train
840125,train
829329,train
801774,train
831202,train
833727,train
816956,train
842510,train
840455,train
806966,train
813286,train
818744,train
798254,train
798827,train
828938,train
823085,train
814355,train
814667,train
808785,train
832616,train
798771,train
807675,train
839745,train
801844,train
814774,train
806199,train
802383,train
803404,train
818993,train
828078,train
800014,train
835100,train
838958,train
799426,train
808513,train
811442,train
837956,train
813114,train
819043,train
838065,train
823494,train
828832,train
842776,train
826043,train
830903,train
827878,train
798867,train
835614,train
806560,train
818139,train
833953,train
820263,train
829700,train
810740,train
802476,train
817122,train
828144,train
839072,train
812365,train
839949,train
818496,train
802574,train
817095,train
802363,train
823195,train
801355,train
799726,train
833811,train
808672,train
829411,train
826971,train
825925,train
830789,train
831182,train
838188,train
822806,train
817921,train
833889,train
799815,train
798922,train
808296,train
814119,train
825837,train
810593,train
805163,train
799510,train
841584,train
833625,train
811091,train
805068,train
804989,train
812833,train
831457,train
824749,train
808275,train
818310,train
805042,train
802484,train
810270,train
800208,train
820246,train
810583,train
808816,train
839369,train
811548,train
841498,train
813577,train
816517,train
833389,train
825134,train
809626,train
801746,train
825125,train
834504,train
838550,train
833113,train
810055,train
809795,train
829106,train
818298,train
837430,train
805157,train
830645,train
816714,train
808732,train
811690,train
802931,train
830535,train
809247,train
837591,train
809411,train
820281,train
805131,train
803547,train
824988,train
834611,train
824584,train
822302,train
818725,train
830446,train
824485,train
837820,train
834469,train
826423,train
839415,train
836136,train
823425,train
832893,train
827221,train
803658,train
822423,train
825535,train
817149,train
841285,train
811010,train
816494,train
799540,train
798468,train
801451,train
820162,train
826450,train
817190,train
840445,train
834939,train
831993,train
828762,train
825792,train
819229,train
819739,train
800909,train
800294,train
822514,train
831353,train
831691,train
835906,train
803275,train
839202,train
816317,train
815198,train
837934,train
800687,train
802638,train
811266,train
813768,train
832847,train
810072,train
829250,train
798225,train
816238,train
800431,train
813088,train
840339,train
813928,train
815945,train
807676,train
834662,train
805694,train
825465,train
802526,train
814387,train
808880,train
825957,train
799518,train
802426,train
822309,train
835245,train
817519,train
809796,train
829964,train
805916,train
838471,train
841942,train
808077,train
805920,train
830692,train
836179,train
819539,train
812034,train
818705,train
839367,train
827966,train
811133,train
834822,train
837966,train
811714,train
806998,train
827930,train
812143,train
806107,train
834501,train
840547,train
805389,train
802444,train
840358,train
834696,train
801359,train
823622,train
819987,train
814524,train
815345,train
836804,train
831424,train
826172,train
815513,train
835768,train
811123,train
835623,train
833871,train
836265,train
832038,train
810874,train
801922,train
833265,train
838518,train
818219,train
834728,train
828229,train
836830,train
825754,train
813169,train
824187,train
809126,train
838515,train
842888,train
822709,train
832966,train
831538,train
832142,train
804567,train
810764,train
807454,train
811909,train
799826,train
828011,train
802761,train
808143,train
829825,train
814274,train
806539,train
824677,train
806185,train
811344,train
836116,train
839078,train
799399,train
811163,train
828690,train
842277,train
835232,train
831445,train
841933,train
806849,train
811331,train
824040,train
811181,train
839496,train
803494,train
815316,train
829993,train
807134,train
806901,train
808379,train
808972,train
837513,train
825281,train
800470,train
815931,train
824020,train
827201,train
818531,train
815114,train
834554,train
806527,train
838239,train
817943,train
801150,train
827835,train
813094,train
838917,train
814706,train
814699,train
802787,train
808139,train
814348,train
817947,train
810347,train
800594,train
836512,train
810765,train
810560,train
809297,train
834724,train
803539,train
823790,train
837422,train
800581,train
807572,train
835403,train
824926,train
842580,train
841491,train
828336,train
814480,train
830638,train
802639,train
841693,train
818921,train
800268,train
808031,train
802682,train
819415,train
840817,train
805156,train
835992,train
800359,train
823493,train
825424,train
828679,train
823265,train
816680,train
827902,train
817307,train
829572,train
807538,train
838310,train
799176,train
827584,train
819781,train
831285,train
819819,train
841316,train
840020,train
807656,train
825964,train
800662,train
798097,train
818851,train
813794,train
808243,train
807627,train
834766,train
830510,train
803727,train
809548,train
832072,train
831578,train
817391,train
831237,train
798499,train
834637,train
814378,train
834000,train
803333,train
804511,train
840887,train
815419,train
807202,train
823933,train
800062,train
841484,train
829888,train
829265,train
809745,train
800216,train
803031,train
818957,train
802048,train
841290,train
801397,train
832902,train
805369,train
802851,train
820187,train
799673,train
808224,train
837993,train
839687,train
826298,train
798592,train
811139,train
812264,train
838885,train
816409,train
819036,train
802005,train
837972,train
812354,train
833021,train
802959,train
818881,train
832898,train
805985,train
806582,train
822694,train
810561,train
824594,train
824045,train
840173,train
811329,train
803745,train
818346,train
810828,train
813840,train
840026,train
809203,train
813887,train
815416,train
829840,train
819280,train
819692,train
835281,train
838172,train
803189,train
809079,train
802158,train
828386,train
808566,train
825967,train
811349,train
842203,train
836289,train
803258,train
829547,train
825851,train
838056,train
800443,train
817132,train
820220,train
839385,train
827576,train
841714,train
836152,train
819227,train
808193,train
840362,train
841833,train
832676,train
799218,train
837241,train
842882,train
810341,train
803259,train
838064,train
815253,train
836035,train
801311,train
798678,train
806266,train
813217,train
801639,train
842230,train
801880,train
827364,train
842213,train
815969,train
832707,train
814191,train
814631,train
831079,train
832563,train
814810,train
832494,train
803711,train
839285,train
829320,train
824853,train
836230,train
832854,train
801113,train
814571,train
815613,train
813837,train
805022,train
822335,train
835132,train
834035,train
811401,train
805516,train
836231,train
835676,train
839314,train
841159,train
831069,train
831316,train
809465,train
831291,train
801060,train
803203,train
832891,train
798365,train
802544,train
818633,train
835522,train
834213,train
816138,train
836098,train
829570,train
806946,train
823836,train
824838,train
835481,train
842495,train
811589,train
837571,train
800576,train
815176,train
798422,train
830077,train
825910,train
827280,train
835375,train
834547,train
824224,train
823256,train
805929,train
812054,train
842899,train
798255,train
833279,train
838677,train
833955,train
824981,train
827157,train
840065,train
811535,train
800429,train
811308,train
828034,train
809487,train
814919,train
805900,train
802088,train
838508,train
814053,train
837046,train
798744,train
830374,train
808823,train
815422,train
828076,train
837687,train
840881,train
811311,train
839604,train
815695,train
831294,train
832751,train
822843,train
833193,train
800527,train
841334,train
809016,train
797596,train
814614,train
814596,train
827488,train
835926,train
841488,train
834297,train
829706,train
839474,train
835028,train
825896,train
803173,train
837982,train
810982,train
805655,train
809478,train
801662,train
839970,train
828200,train
798388,train
832936,train
826345,train
836593,train
838043,train
842742,train
826978,train
800563,train
840361,train
834175,train
809511,train
834563,train
837187,train
804686,train
842348,train
817238,train
798212,train
826596,train
809468,train
827442,train
829730,train
800174,train
818006,train
813717,train
828405,train
814333,train
842610,train
835806,train
817476,train
813854,train
803496,train
841936,train
840341,train
809106,train
828715,train
811699,train
802592,train
800451,train
817827,train
826303,train
818547,train
836419,train
839055,train
798916,train
816915,train
801469,train
839505,train
838971,train
815258,train
831403,train
824126,train
826601,train
806129,train
819477,train
829076,train
800549,train
826293,train
810063,train
837787,train
818022,train
814766,train
831721,train
830448,train
823909,train
818017,train
798551,train
818668,train
839434,train
807101,train
802929,train
800132,train
835124,train
836037,train
811240,train
799219,train
812081,train
825704,train
834837,train
810524,train
833519,train
807826,train
813691,train
830278,train
809345,train
805835,train
823348,train
801891,train
809688,train
833728,train
808894,train
835257,train
841456,train
842215,train
807689,train
833984,train
798608,train
829657,train
802132,train
811986,train
838200,train
818111,train
842979,train
805759,train
837856,train
803812,train
798984,train
830974,train
833963,train
815808,train
807966,train
830763,train
804481,train
834391,train
800290,train
810311,train
810614,train
833632,train
833013,train
798822,train
826030,train
823075,train
799674,train
825634,train
811284,train
840795,train
805194,train
841550,train
834050,train
818375,train
796149,train
842518,train
841259,train
839777,train
810012,train
807049,train
843238,train
813402,train
834683,train
837726,train
827932,train
838207,train
835823,train
840058,train
831730,train
814641,train
833555,train
798325,train
842177,train
806889,train
801625,train
834653,train
832708,train
804776,train
800569,train
812812,train
838451,train
800815,train
798324,train
831642,train
800218,train
811539,train
798932,train
833122,train
808168,train
842850,train
832081,train
837898,train
812063,train
805903,train
818137,train
827345,train
800746,train
822634,train
833199,train
808138,train
803219,train
809915,train
842465,train
829815,train
824769,train
812873,train
811232,train
825400,train
827538,train
813610,train
838507,train
819952,train
841519,train
839422,train
841787,train
828035,train
842844,train
839484,train
800575,train
836474,train
809750,train
841977,train
822560,train
805812,train
798798,train
843146,train
809640,train
814385,train
835162,train
841973,train
833093,train
823088,train
829990,train
822834,train
825010,train
842527,train
807838,train
839085,train
816045,train
832239,train
837063,train
812197,train
798914,train
830027,train
817715,train
828866,train
810482,train
810315,train
814140,train
843160,train
828704,train
838731,train
835398,train
815175,train
832985,train
836003,train
826975,train
824137,train
839624,train
808378,train
816840,train
834372,train
835685,train
833156,train
832933,train
802411,train
827953,train
807863,train
801787,train
820053,train
822549,train
839755,train
825075,train
814747,train
802698,train
809661,train
835447,train
799925,train
826508,train
811292,train
811519,train
806160,train
799095,train
835123,train
804939,train
805212,train
807584,train
803532,train
809925,train
823244,train
830719,train
818902,train
825379,train
824442,train
828471,train
833026,train
820147,train
828933,train
832555,train
805589,train
815482,train
833378,train
839231,train
831600,train
830748,train
811055,train
814425,train
807562,train
809330,train
828241,train
832152,train
819370,train
802782,train
822639,train
799056,train
813044,train
818126,train
798876,train
816731,train
806353,train
809069,train
809227,train
814533,train
798476,train
818325,train
818086,train
813935,train
814011,train
825043,train
804733,train
839394,train
806472,train
815330,train
843067,train
808117,train
826231,train
803329,train
822462,train
835454,train
814069,train
835214,train
839349,train
825911,train
822667,train
815925,train
824837,train
803446,train
830229,train
836226,train
822356,train
808803,train
836469,train
816586,train
832298,train
800169,train
840891,train
832046,train
837858,train
839357,train
842889,train
822301,train
828956,train
826540,train
806529,train
838478,train
842779,train
802867,train
800411,train
810863,train
802035,train
827840,train
838206,train
803465,train
838137,train
838488,train
831259,train
832693,train
826747,train
801690,train
800684,train
806625,train
814080,train
800927,train
826289,train
808319,train
831708,train
807110,train
809474,train
823652,train
798193,train
823521,train
835904,train
799346,train
802589,train
801716,train
818084,train
815364,train
840044,train
815754,train
823541,train
841646,train
842258,train
813022,train
813966,train
824097,train
833323,train
827085,train
818912,train
842871,train
841960,train
813161,train
826641,train
841890,train
809701,train
836121,train
838500,train
810469,train
825715,train
803152,train
817634,train
838603,train
816677,train
828498,train
806546,train
805857,train
829352,train
803345,train
834927,train
834858,train
829052,train
810898,train
811237,train
841836,train
815009,train
833146,train
805725,train
802538,train
816886,train
837223,train
842388,train
809733,train
808819,train
840304,train
815061,train
816165,train
816994,train
801274,train
815525,train
810078,train
833915,train
801414,train
830476,train
835827,train
806568,train
823824,train
814650,train
836558,train
838562,train
842884,train
841501,train
802838,train
839763,train
802256,train
824860,train
819385,train
822610,train
824117,train
811281,train
828082,train
840821,train
837144,train
807996,train
823351,train
813368,train
822763,train
816827,train
842995,train
829345,train
815802,train
803263,train
824391,train
837700,train
801704,train
801235,train
811770,train
799825,train
811230,train
817162,train
800071,train
823006,train
799383,train
831177,train
839170,train
835129,train
815698,train
824233,train
826371,train
841161,train
831744,train
834891,train
803747,train
817870,train
839303,train
807528,train
818107,train
817511,train
809905,train
816585,train
813784,train
823376,train
819545,train
812567,train
832586,train
822794,train
809328,train
808488,train
823876,train
835503,train
826490,train
837940,train
837806,train
823995,train
807153,train
809371,train
833449,train
833826,train
813982,train
808085,train
838408,train
811346,train
814078,train
839360,train
823759,train
822530,train
822891,train
834721,train
798646,train
809853,train
840414,train
800241,train
827135,train
815815,train
801134,train
807714,train
840192,train
831343,train
811452,train
806343,train
817042,train
813250,train
803104,train
817867,train
837666,train
802909,train
808773,train
807621,train
833534,train
799289,train
817665,train
832101,train
824945,train
801630,train
806164,train
811041,train
831969,train
837233,train
808008,train
833956,train
840033,train
815130,train
818541,train
815460,train
804777,train
809490,train
809900,train
835969,train
837791,train
802020,train
809884,train
805526,train
839534,train
809697,train
837295,train
835509,train
832549,train
798818,train
813587,train
838074,train
813307,train
805460,train
800257,train
807240,train
809828,train
833870,train
805885,train
830949,train
817530,train
828605,train
806810,train
807065,train
840792,train
839704,train
825369,train
831894,train
834089,train
810378,train
824027,train
809424,train
825279,train
809310,train
823852,train
826810,train
809736,train
809747,train
839363,train
809019,train
842381,train
802613,train
825422,train
806071,train
808148,train
820155,train
840810,train
809593,train
834188,train
817819,train
804768,train
806615,train
833086,train
809800,train
828817,train
837840,train
823283,train
838537,train
808874,train
841591,train
829977,train
815882,train
802292,train
810093,train
810773,train
825630,train
813193,train
798803,train
823313,train
834521,train
830457,train
801095,train
812049,train
813076,train
842802,train
827220,train
813556,train
806239,train
806937,train
828667,train
816997,train
818552,train
818085,train
814150,train
809185,train
802789,train
830958,train
823837,train
829027,train
799285,train
835022,train
807610,train
801489,train
813748,train
831298,train
840340,train
839699,train
829792,train
824096,train
802542,train
807417,train
818513,train
832970,train
839171,train
824221,train
803028,train
817244,train
802685,train
813416,train
801089,train
807926,train
825293,train
800760,train
836185,train
800795,train
833419,train
813297,train
811309,train
803808,train
799528,train
835169,train
825363,train
820203,train
842270,train
807094,train
824604,train
841988,train
840476,train
805860,train
843119,train
822684,train
805251,train
816096,train
805283,train
803818,train
808501,train
817812,train
838852,train
801605,train
841068,train
817309,train
807728,train
827397,train
817778,train
819578,train
837310,train
827520,train
799192,train
822810,train
803665,train
831057,train
834450,train
814711,train
840889,train
806672,train
815758,train
843182,train
842992,train
829195,train
842861,train
810768,train
819395,train
812961,train
817451,train
823262,train
805258,train
835017,train
799293,train
842411,train
814185,train
826000,train
816650,train
835858,train
839696,train
836861,train
807087,train
815788,train
805551,train
829692,train
825677,train
812058,train
824036,train
837765,train
811395,train
833676,train
799566,train
800213,train
833540,train
831289,train
814456,train
815812,train
817199,train
828752,train
842123,train
825589,train
807692,train
817560,train
817838,train
834646,train
798796,train
799183,train
835108,train
840790,train
829154,train
829561,train
835400,train
806396,train
801034,train
825604,train
815836,train
809549,train
802016,train
802315,train
840688,train
832283,train
837432,train
842565,train
831893,train
806616,train
836364,train
810879,train
824143,train
799866,train
818525,train
805321,train
799902,train
828755,train
814765,train
834535,train
830201,train
806943,train
819570,train
813456,train
836118,train
834856,train
801047,train
811854,train
813514,train
822705,train
802688,train
804721,train
823942,train
830597,train
834730,train
828108,train
843036,train
839294,train
800683,train
806899,train
824065,train
837793,train
829142,train
833971,train
807773,train
813137,train
834772,train
838022,train
798117,train
818751,train
839001,train
843060,train
819335,train
822304,train
808943,train
823116,train
832977,train
836093,train
818293,train
801955,train
824510,train
840283,train
832611,train
818875,train
820004,train
808448,train
833537,train
829681,train
802233,train
832648,train
834520,train
815780,train
816218,train
831509,train
815139,train
842152,train
804729,train
834519,train
823514,train
807099,train
836127,train
811882,train
800094,train
814708,train
806209,train
818299,train
837912,train
828640,train
811849,train
835883,train
834400,train
839193,train
811838,train
835574,train
807792,train
799312,train
836057,train
814848,train
824262,train
802979,train
799868,train
815072,train
823592,train
835766,train
825817,train
832526,train
802667,train
838186,train
822389,train
831604,train
829416,train
829380,train
806994,train
840336,train
833452,train
830202,train
817417,train
803094,train
802518,train
798445,train
841636,train
834550,train
842164,train
834571,train
808930,train
802336,train
819532,train
799099,train
842794,train
818773,train
812062,train
824352,train
825374,train
824958,train
826598,train
831686,train
813772,train
798687,train
835633,train
803120,train
839584,train
801665,train
826773,train
835594,train
805728,train
835088,train
806577,train
837894,train
806471,train
831240,train
842368,train
824987,train
800060,train
813167,train
824353,train
829617,train
813356,train
840317,train
807433,train
836300,train
805080,train
799547,train
819005,train
813591,train
838145,train
815458,train
822878,train
819003,train
826487,train
806977,train
825220,train
832033,train
824402,train
817842,train
833198,train
805069,train
829538,train
811180,train
816882,train
799715,train
834454,train
835725,train
834782,train
801936,train
828720,train
829173,train
830541,train
832564,train
813079,train
819067,train
811829,train
812383,train
812491,train
831093,train
813640,train
812185,train
837980,train
817813,train
805847,train
831290,train
809587,train
832251,train
832644,train
805137,train
831955,train
802883,train
839773,train
832075,train
833343,train
834360,train
837533,train
807720,train
801824,train
840244,train
810393,train
812476,train
826132,train
800943,train
835899,train
811156,train
799889,train
837896,train
805715,train
819048,train
824893,train
842245,train
819926,train
837024,train
799231,train
832206,train
818196,train
820055,train
798594,train
805525,train
817985,train
823723,train
802155,train
820017,train
810760,train
802652,train
840525,train
802058,train
813802,train
801174,train
827433,train
819670,train
811583,train
809606,train
832815,train
823855,train
799617,train
824582,train
808214,train
836094,train
819480,train
837930,train
828185,train
822716,train
835051,train
810568,train
801335,train
835284,train
807337,train
838126,train
827964,train
838343,train
802852,train
836479,train
834029,train
802305,train
833746,train
827500,train
831633,train
809289,train
833502,train
808625,train
810594,train
805614,train
831448,train
801223,train
808419,train
822856,train
809826,train
827081,train
834997,train
800175,train
815319,train
829594,train
838810,train
798692,train
831279,train
831272,train
827462,train
809395,train
842789,train
811538,train
809901,train
837431,train
822441,train
827100,train
831318,train
830919,train
802069,train
838005,train
822905,train
804855,train
824748,train
841312,train
805281,train
823288,train
808947,train
798858,train
805968,train
816826,train
806761,train
802147,train
805818,train
826008,train
804944,train
831766,train
808425,train
825881,train
800796,train
832760,train
831133,train
830290,train
813961,train
798289,train
799438,train
815029,train
825181,train
805400,train
800513,train
835031,train
831433,train
810620,train
799351,train
806516,train
832395,train
806395,train
814775,train
798291,train
833208,train
809152,train
811597,train
810096,train
815449,train
808062,train
799745,train
823453,train
832136,train
828993,train
801531,train
813491,train
805364,train
813160,train
802030,train
807829,train
803518,train
827934,train
816934,train
836723,train
829275,train
827108,train
827645,train
803046,train
834363,train
835381,train
832178,train
823062,train
826821,train
811104,train
825129,train
812165,train
839269,train
809406,train
831454,train
805733,train
811534,train
822651,train
799861,train
834835,train
811468,train
838686,train
814234,train
812857,train
827456,train
813841,train
805802,train
822871,train
834850,train
834868,train
798806,train
815406,train
835188,train
827312,train
815974,train
832746,train
839681,train
830435,train
834494,train
814451,train
802177,train
820266,train
816961,train
818754,train
831212,train
835476,train
814200,train
814100,train
842939,train
838543,train
824973,train
826218,train
816955,train
813458,train
814547,train
812916,train
802064,train
833570,train
807992,train
813936,train
801717,train
828519,train
829348,train
831338,train
800564,train
800497,train
799900,train
842385,train
837023,train
837604,train
803338,train
829670,train
813407,train
838526,train
843082,train
802731,train
807762,train
798595,train
829920,train
836316,train
826696,train
803584,train
798903,train
819740,train
799864,train
842353,train
800836,train
825090,train
831435,train
825847,train
800739,train
823713,train
837566,train
803319,train
801452,train
831159,train
833520,train
835137,train
802886,train
801745,train
838957,train
802828,train
837734,train
812439,train
810383,train
830684,train
820141,train
831450,train
825025,train
825106,train
831056,train
808883,train
810694,train
799277,train
807353,train
831231,train
801823,train
813653,train
811238,train
809096,train
839602,train
805935,train
839561,train
815189,train
818014,train
842872,train
837919,train
823411,train
838900,train
806839,train
801791,train
819736,train
800109,train
804571,train
840749,train
811113,train
839855,train
832067,train
834342,train
800793,train
826856,train
838538,train
800254,train
813834,train
837011,train
828445,train
827791,train
813224,train
823715,train
812889,train
800721,train
813628,train
818477,train
832123,train
829466,train
809068,train
834409,train
813345,train
800066,train
808683,train
806021,train
811569,train
808911,train
835799,train
837885,train
812573,train
842454,train
835592,train
805455,train
810878,train
840286,train
837076,train
810703,train
839829,train
817188,train
805569,train
833330,train
832106,train
826077,train
831012,train
804566,train
816472,train
800203,train
805878,train
803861,train
829992,train
835190,train
814610,train
820112,train
818943,train
798942,train
805524,train
817760,train
828761,train
803881,train
835739,train
813272,train
840204,train
818467,train
831025,train
842309,train
838648,train
809427,train
840122,train
824931,train
829319,train
834641,train
803776,train
831187,train
833087,train
827514,train
837675,train
800865,train
835468,train
802272,train
811518,train
814854,train
835830,train
800046,train
834268,train
817166,train
834286,train
822690,train
816264,train
807181,train
823074,train
811610,train
833799,train
814666,train
833103,train
832259,train
814611,train
832108,train
814066,train
827899,train
800728,train
826592,train
813438,train
809046,train
833636,train
839467,train
811702,train
833194,train
832422,train
808141,train
824826,train
817208,train
839324,train
813634,train
816863,train
822461,train
836360,train
811510,train
810523,train
836102,train
824862,train
815232,train
805660,train
798113,train
802182,train
808932,train
806123,train
808884,train
825596,train
839799,train
802220,train
809153,train
804956,train
800330,train
799278,train
823426,train
838818,train
814464,train
833547,train
830729,train
840457,train
801158,train
820142,train
817576,train
811605,train
829767,train
829088,train
817245,train
808854,train
829223,train
828686,train
837210,train
798518,train
833564,train
829328,train
800173,train
799611,train
817000,train
819475,train
807527,train
800822,train
807537,train
816782,train
804590,train
807943,train
806633,train
838923,train
816402,train
835791,train
808717,train
832118,train
832733,train
833333,train
837138,train
837745,train
802945,train
834808,train
810121,train
833006,train
804602,train
825889,train
832097,train
842996,train
830458,train
822570,train
835072,train
817531,train
819035,train
837839,train
839587,train
818956,train
829439,train
816408,train
822946,train
819780,train
802354,train
798904,train
829140,train
827498,train
836221,train
801392,train
832292,train
816400,train
832362,train
814635,train
828166,train
827599,train
815936,train
808266,train
830664,train
817355,train
813962,train
833311,train
825752,train
802222,train
828416,train
819283,train
830429,train
835192,train
818194,train
831292,train
814618,train
813130,train
798698,train
812199,train
835849,train
828479,train
832654,train
841432,train
829019,train
800658,train
833879,train
831234,train
835966,train
843017,train
830495,train
816658,train
819572,train
811985,train
811088,train
820121,train
837457,train
802156,train
812302,train
818985,train
818977,train
839076,train
837285,train
835763,train
804846,train
811685,train
807608,train
840522,train
801864,train
805656,train
801509,train
807239,train
810713,train
808086,train
805710,train
806829,train
833918,train
841397,train
829446,train
803636,train
833092,train
802844,train
815017,train
840169,train
826717,train
836814,train
798259,train
807790,train
839331,train
830029,train
799814,train
831963,train
809301,train
818047,train
840897,train
829864,train
800297,train
800935,train
800304,train
819701,train
838466,train
833560,train
809092,train
801734,train
800036,train
812167,train
802123,train
805081,train
802629,train
799100,train
814263,train
842713,train
809374,train
834338,train
824830,train
816686,train
805306,train
825426,train
827314,train
800460,train
823101,train
831203,train
824108,train
834557,train
826958,train
804516,train
825790,train
811974,train
799441,train
800957,train
837755,train
837074,train
842941,train
816474,train
842350,train
834282,train
810597,train
798921,train
802546,train
808534,train
830263,train
809224,train
836446,train
843153,train
834034,train
809773,train
809329,train
803686,train
799929,train
800455,train
803831,train
839391,train
817466,train
827845,train
813722,train
835815,train
812614,train
818060,train
803647,train
800703,train
810549,train
838038,train
836106,train
823427,train
834431,train
810984,train
813051,train
819073,train
842053,train
801687,train
843136,train
810407,train
804657,train
811867,train
835084,train
810231,train
816881,train
816766,train
805557,train
832016,train
841218,train
802855,train
809222,train
813396,train
823267,train
837532,train
826999,train
804869,train
836021,train
815481,train
841193,train
804663,train
818716,train
839557,train
835814,train
833155,train
811739,train
800672,train
816166,train
825853,train
827090,train
829704,train
816221,train
830754,train
836349,train
800599,train
823624,train
830311,train
841640,train
807711,train
819438,train
842292,train
824823,train
837525,train
815184,train
814723,train
830922,train
805197,train
836163,train
809778,train
804842,train
803622,train
835647,train
803874,train
836746,train
839613,train
828342,train
830276,train
837845,train
839414,train
817252,train
834561,train
827750,train
817792,train
839058,train
841169,train
827655,train
801465,train
808997,train
812088,train
813231,train
801009,train
831323,train
809971,train
835810,train
808095,train
798596,train
831936,train
805504,train
839598,train
815363,train
810644,train
802760,train
834607,train
833468,train
824616,train
823604,train
816076,train
818766,train
823184,train
819087,train
811122,train
820156,train
839625,train
807551,train
798953,train
839785,train
828511,train
826630,train
842989,train
836899,train
813648,train
805311,train
813852,train
816124,train
802463,train
841428,train
808575,train
825024,train
811568,train
841309,train
833422,train
805428,train
801366,train
825427,train
820210,train
798693,train
805763,train
843035,train
831503,train
811125,train
836005,train
839366,train
801244,train
800434,train
799606,train
807488,train
823460,train
806954,train
808232,train
827298,train
832912,train
805809,train
813617,train
808895,train
829548,train
836393,train
818409,train
800682,train
815018,train
835187,train
825307,train
833924,train
834918,train
802171,train
820264,train
807970,train
838596,train
800559,train
817303,train
810589,train
803095,train
829165,train
818863,train
803628,train
843002,train
816209,train
841650,train
829091,train
802240,train
830259,train
810006,train
834030,train
825999,train
825795,train
829811,train
812938,train
840935,train
808588,train
802126,train
839308,train
811056,train
800364,train
798877,train
818873,train
836751,train
830973,train
831504,train
808626,train
826093,train
808651,train
836962,train
838347,train
835065,train
817209,train
817110,train
840616,train
807780,train
830946,train
803073,train
805411,train
800234,train
805850,train
817061,train
823923,train
799849,train
828006,train
809793,train
824775,train
838557,train
839701,train
800206,train
819040,train
815047,train
824505,train
820063,train
799116,train
800409,train
802105,train
806126,train
834659,train
830297,train
822889,train
801763,train
814116,train
839605,train
800187,train
815221,train
839486,train
802849,train
817206,train
838203,train
806157,train
815352,train
841511,train
827128,train
819117,train
810375,train
812940,train
806462,train
839679,train
827391,train
833875,train
828861,train
816921,train
831274,train
827467,train
822793,train
823430,train
826623,train
842636,train
810570,train
841668,train
838107,train
815180,train
805038,train
808525,train
841696,train
828028,train
818366,train
816572,train
818976,train
830631,train
832134,train
802191,train
831675,train
801253,train
801538,train
831446,train
818332,train
813282,train
833942,train
832073,train
836144,train
839722,train
802541,train
828991,train
829695,train
798707,train
829121,train
841839,train
830536,train
798206,train
839092,train
838978,train
803032,train
808120,train
837595,train
826032,train
807138,train
819298,train
820100,train
812442,train
811004,train
803829,train
840497,train
798230,train
839956,train
806974,train
814553,train
822972,train
816093,train
807030,train
809309,train
838459,train
835679,train
842597,train
815609,train
829464,train
830018,train
805270,train
819594,train
823170,train
811115,train
838641,train
838194,train
832768,train
837412,train
836739,train
838339,train
835646,train
801901,train
819997,train
836042,train
836110,train
811174,train
829298,train
803593,train
811883,train
839010,train
799863,train
808313,train
805252,train
823607,train
824670,train
814371,train
803111,train
836934,train
832871,train
829889,train
832514,train
800612,train
811712,train
830703,train
820327,train
816211,train
815906,train
823606,train
809569,train
836039,train
804536,train
820115,train
832995,train
830702,train
811831,train
823832,train
835276,train
807177,train
805992,train
831908,train
818333,train
825002,train
831266,train
828999,train
833900,train
831095,train
826162,train
834049,train
830678,train
829293,train
805758,train
810177,train
826864,train
836970,train
837486,train
809337,train
801198,train
829185,train
828097,train
798349,train
810525,train
843054,train
818001,train
832779,train
822730,train
802750,train
811246,train
802924,train
842837,train
835861,train
831995,train
802513,train
816726,train
802239,train
801456,train
822532,train
815136,train
808483,train
831736,train
828456,train
802772,train
825205,train
833960,train
819426,train
837012,train
834933,train
822320,train
806884,train
829750,train
816406,train
837283,train
817496,train
823449,train
838159,train
834735,train
843203,train
841365,train
834847,train
823704,train
830421,train
826531,train
817683,train
833972,train
807007,train
831605,train
822917,train
838084,train
836745,train
808073,train
827172,train
801477,train
802934,train
799811,train
838684,train
838577,train
835445,train
802414,train
813384,train
836413,train
836137,train
808286,train
806012,train
813776,train
818270,train
828189,train
836802,train
827672,train
799915,train
823342,train
812960,train
829279,train
838861,train
834661,train
807080,train
838221,train
801218,train
800827,train
834115,train
816626,train
803670,train
822609,train
838612,train
837275,train
802219,train
834140,train
840314,train
805801,train
809709,train
798342,train
827617,train
823497,train
802211,train
801533,train
829655,train
799034,train
819669,train
818856,train
805047,train
808875,train
834458,train
820006,train
825796,train
825171,train
806895,train
803718,train
812836,train
808130,train
825109,train
834181,train
830943,train
804533,train
817331,train
816132,train
808178,train
832649,train
798847,train
813942,train
818569,train
806176,train
813392,train
835026,train
809539,train
827111,train
835071,train
805537,train
827856,train
798679,train
831654,train
800396,train
805358,train
807394,train
806830,train
800985,train
837702,train
833524,train
819026,train
805611,train
811306,train
812060,train
828606,train
828179,train
840263,train
827738,train
801048,train
816366,train
801958,train
838614,train
841555,train
831080,train
839677,train
801365,train
813857,train
834600,train
816398,train
836334,train
839002,train
816732,train
802881,train
841815,train
807453,train
816121,train
798082,train
841568,train
803609,train
825371,train
816376,train
818034,train
837125,train
809111,train
820021,train
831268,train
832388,train
839219,train
811524,train
810022,train
799610,train
841438,train
803630,train
839068,train
803341,train
833176,train
836001,train
816716,train
824641,train
798713,train
810989,train
842706,train
802973,train
840139,train
799665,train
803930,train
805880,train
841641,train
831866,train
827136,train
803058,train
824701,train
831837,train
833954,train
838939,train
829876,train
813538,train
828560,train
828487,train
842749,train
830507,train
838683,train
832623,train
831946,train
824869,train
835434,train
843040,train
843246,train
813537,train
813595,train
824921,train
797579,train
809284,train
815641,train
838119,train
834492,train
824135,train
804618,train
832189,train
839365,train
814693,train
802405,train
829236,train
810205,train
818175,train
841450,train
820261,train
804780,train
824998,train
839208,train
804459,train
807212,train
805393,train
802122,train
801989,train
800802,train
820078,train
842129,train
835198,train
801728,train
814845,train
840311,train
806618,train
801288,train
837185,train
830918,train
801798,train
818049,train
807295,train
803171,train
840632,train
801418,train
810199,train
832057,train
802602,train
829229,train
814687,train
805658,train
828489,train
802847,train
834367,train
841459,train
830875,train
836126,train
804615,train
839412,train
839963,train
813564,train
824466,train
798301,train
832883,train
834788,train
840681,train
823977,train
815948,train
828119,train
823503,train
831562,train
824384,train
805828,train
814103,train
831068,train
826249,train
814220,train
837296,train
836971,train
834912,train
801564,train
811199,train
801848,train
839403,train
810663,train
800320,train
833237,train
839863,train
817168,train
811563,train
809689,train
828472,train
838529,train
840308,train
827796,train
798104,train
834062,train
807731,train
839221,train
810147,train
798090,train
802863,train
816456,train
805697,train
822449,train
841396,train
820271,train
842201,train
801742,train
835182,train
835588,train
815425,train
800269,train
829187,train
837364,train
806574,train
800715,train
812235,train
798211,train
803099,train
802318,train
826496,train
824361,train
809566,train
834129,train
840548,train
834716,train
809515,train
802820,train
812535,train
825385,train
828137,train
841168,train
818814,train
802898,train
804613,train
824827,train
804458,train
832646,train
834177,train
832446,train
808667,train
807025,train
834830,train
800232,train
833808,train
834426,train
832873,train
832937,train
820269,train
842067,train
840879,train
801831,train
810246,train
814398,train
823011,train
837661,train
818023,train
803741,train
799252,train
819828,train
831811,train
820283,train
813609,train
826597,train
808472,train
829306,train
816265,train
834393,train
819585,train
802976,train
799703,train
838387,train
842907,train
839444,train
814542,train
801802,train
830359,train
801659,train
800312,train
838766,train
826600,train
811023,train
818953,train
838718,train
832948,train
834106,train
835185,train
813749,train
829373,train
833856,train
842419,train
823632,train
808270,train
810701,train
809183,train
799998,train
798573,train
802341,train
832546,train
807160,train
842402,train
808014,train
829639,train
822494,train
814008,train
815487,train
814490,train
805175,train
812051,train
807769,train
837308,train
810837,train
800134,train
826767,train
805723,train
838072,train
837487,train
827589,train
833405,train
830982,train
830023,train
833328,train
829469,train
803700,train
825780,train
812278,train
813470,train
842243,train
833295,train
804987,train
818630,train
810397,train
822754,train
829799,train
830689,train
814937,train
813884,train
830554,train
835091,train
801597,train
803372,train
798094,train
802348,train
801010,train
808808,train
799996,train
814549,train
822751,train
843018,train
823657,train
807204,train
804709,train
800305,train
838848,train
828312,train
824979,train
801991,train
820056,train
831153,train
818385,train
808804,train
842900,train
833891,train
798200,train
802267,train
811106,train
813623,train
842613,train
837299,train
826209,train
822851,train
810203,train
832472,train
799798,train
823778,train
814328,train
811642,train
841888,train
837145,train
826734,train
842296,train
800250,train
833342,train
817798,train
808563,train
829303,train
807836,train
816321,train
808799,train
819062,train
838424,train
801400,train
834803,train
811531,train
807965,train
802420,train
826075,train
833151,train
834200,train
799378,train
824067,train
810771,train
838777,train
808733,train
834801,train
829552,train
837114,train
836173,train
802834,train
802712,train
818619,train
811087,train
839344,train
843114,train
815491,train
835106,train
803033,train
842251,train
799892,train
823949,train
839707,train
818314,train
831284,train
807388,train
836509,train
833653,train
815187,train
798102,train
829833,train
828845,train
830727,train
820205,train
816230,train
808612,train
836589,train
805432,train
831474,train
831155,train
811602,train
842693,train
823148,train
798322,train
838795,train
798088,train
833325,train
842378,train
817418,train
841475,train
817154,train
806009,train
839542,train
832299,train
809612,train
808098,train
839297,train
816557,train
831486,train
839213,train
807507,train
836797,train
842545,train
799397,train
802498,train
833755,train
819568,train
802529,train
798498,train
809022,train
822907,train
802988,train
823989,train
827197,train
813481,train
832223,train
801686,train
813156,train
826408,train
815475,train
814175,train
811007,train
806782,train
842437,train
800949,train
833527,train
801319,train
823952,train
828893,train
809324,train
841943,train
838482,train
811251,train
839453,train
841929,train
825046,train
828713,train
798742,train
840003,train
827659,train
807581,train
815962,train
800193,train
809789,train
810200,train
812578,train
833439,train
825946,train
798963,train
823336,train
826497,train
822783,train
823595,train
808795,train
800645,train
829659,train
803100,train
831065,train
819429,train
842352,train
825023,train
841235,train
834590,train
807504,train
803554,train
806351,train
838553,train
806648,train
810489,train
818226,train
836992,train
837345,train
804477,train
813061,train
842306,train
842863,train
802269,train
817023,train
824882,train
806745,train
832986,train
798745,train
808223,train
798813,train
825419,train
824128,train
823992,train
807061,train
800366,train
802216,train
835808,train
823204,train
832399,train
807791,train
818123,train
807796,train
836852,train
827096,train
837196,train
836033,train
799311,train
830578,train
810053,train
824722,train
811171,train
808666,train
830044,train
800675,train
818892,train
813723,train
828446,train
834354,train
816453,train
814500,train
804654,train
838752,train
822957,train
798639,train
825940,train
824503,train
824992,train
823281,train
842683,train
809354,train
805766,train
818152,train
839678,train
828841,train
798868,train
828152,train
811700,train
818355,train
837439,train
813420,train
835957,train
818860,train
801954,train
828134,train
831031,train
842727,train
834425,train
832666,train
816775,train
813742,train
807267,train
818671,train
823802,train
814368,train
803721,train
807273,train
828415,train
841979,train
838334,train
809920,train
812844,train
799764,train
800266,train
837247,train
819096,train
817388,train
810303,train
818975,train
832144,train
840061,train
837789,train
799911,train
817537,train
801527,train
838370,train
818769,train
831018,train
805738,train
819971,train
825366,train
841148,train
800900,train
835479,train
838210,train
837021,train
843098,train
829077,train
830799,train
803624,train
836394,train
816055,train
801258,train
816019,train
812039,train
803610,train
830076,train
816962,train
822554,train
833355,train
807414,train
799693,train
807585,train
810896,train
836092,train
829332,train
808841,train
840109,train
833646,train
803359,train
837864,train
831404,train
823583,train
808000,train
832382,train
803689,train
831748,train
808865,train
838931,train
809879,train
822769,train
800338,train
801510,train
809420,train
828553,train
826102,train
823774,train
819583,train
822498,train
814157,train
817193,train
834895,train
802208,train
807862,train
833494,train
830981,train
823161,train
841842,train
840198,train
810895,train
807206,train
816468,train
801651,train
812581,train
839964,train
817197,train
818676,train
816995,train
810662,train
827328,train
833523,train
837327,train
814726,train
800186,train
837878,train
808475,train
837218,train
812220,train
801546,train
829194,train
802278,train
805840,train
802963,train
839609,train
820222,train
803862,train
835556,train
800522,train
836030,train
811339,train
824308,train
808263,train
833719,train
839102,train
810683,train
816017,train
840082,train
824608,train
810081,train
838634,train
810974,train
803682,train
833888,train
830550,train
808851,train
840637,train
811444,train
810020,train
807487,train
817224,train
836132,train
807371,train
835645,train
832859,train
813821,train
819329,train
807485,train
814514,train
808290,train
798536,train
798615,train
830454,train
803552,train
803129,train
817695,train
800457,train
816655,train
822673,train
816148,train
827242,train
828340,train
832014,train
805347,train
805760,train
840220,train
822397,train
840179,train
818483,train
839759,train
840927,train
840207,train
818020,train
809742,train
839229,train
828314,train
814134,train
816513,train
823144,train
804907,train
827256,train
831611,train
813944,train
841663,train
824176,train
814656,train
828115,train
839438,train
828213,train
807387,train
840572,train
834110,train
842673,train
841481,train
829060,train
820318,train
835963,train
802433,train
800841,train
835566,train
829534,train
820348,train
818719,train
839539,train
829017,train
824161,train
824445,train
827839,train
818866,train
813793,train
833775,train
805509,train
802566,train
840398,train
806261,train
819052,train
839728,train
798485,train
813934,train
834100,train
822398,train
838583,train
842145,train
815866,train
813873,train
842642,train
813807,train
809334,train
836025,train
832890,train
834814,train
803066,train
804981,train
806857,train
831992,train
808366,train
837578,train
837857,train
828121,train
840168,train
799026,train
830120,train
833425,train
838035,train
833750,train
826016,train
831136,train
837014,train
807925,train
835699,train
798432,train
807151,train
830539,train
842773,train
839194,train
830992,train
813904,train
820164,train
835721,train
807392,train
829295,train
838902,train
801232,train
822524,train
806465,train
829336,train
798100,train
802009,train
811247,train
837592,train
812149,train
833435,train
812528,train
802338,train
818461,train
810973,train
815096,train
814804,train
804910,train
823700,train
808503,train
817343,train
840000,train
815877,train
815195,train
808638,train
839470,train
815457,train
799562,train
824102,train
805768,train
835249,train
814129,train
832441,train
836345,train
800735,train
804933,train
828458,train
838593,train
800030,train
813185,train
829474,train
807823,train
805890,train
806347,train
823613,train
837051,train
805991,train
834484,train
828224,train
828495,train
818846,train
807045,train
825994,train
817402,train
824914,train
831230,train
838026,train
804974,train
799763,train
807290,train
815526,train
808609,train
798425,train
827580,train
832829,train
811182,train
823280,train
822861,train
800167,train
799765,train
833190,train
822890,train
832541,train
823883,train
809351,train
824002,train
802295,train
814692,train
834564,train
831176,train
808342,train
817860,train
836863,train
824631,train
831830,train
807098,train
842492,train
817732,train
823636,train
805751,train
840087,train
804915,train
834764,train
841478,train
840892,train
817313,train
815054,train
825968,train
842521,train
838800,train
823670,train
829919,train
835534,train
807785,train
800314,train
815324,train
842950,train
805543,train
814878,train
806924,train
832992,train
817390,train
806549,train
818227,train
805515,train
835578,train
834760,train
831209,train
831005,train
807213,train
824564,train
824942,train
812123,train
832734,train
811498,train
824796,train
835887,train
832214,train
826066,train
828478,train
842267,train
836225,train
805205,train
841201,train
823734,train
800155,train
837944,train
812378,train
813308,train
832979,train
820105,train
800566,train
805388,train
824609,train
798657,train
800976,train
822740,train
809327,train
839631,train
801091,train
822965,train
801916,train
808678,train
830939,train
833195,train
801017,train
808549,train
829776,train
818398,train
815622,train
824870,train
828599,train
831762,train
842154,train
823152,train
799974,train
810191,train
834014,train
833957,train
810269,train
801339,train
799885,train
835798,train
832843,train
810449,train
810089,train
832626,train
802582,train
836290,train
815657,train
813994,train
834686,train
805565,train
831179,train
828681,train
818046,train
836827,train
842674,train
806309,train
823551,train
811410,train
817176,train
807990,train
806663,train
830690,train
802150,train
835538,train
829049,train
837623,train
805858,train
826116,train
809194,train
810251,train
814576,train
818338,train
834462,train
836176,train
828391,train
837508,train
834949,train
811119,train
811579,train
797581,train
817458,train
840223,train
827961,train
826084,train
811441,train
806938,train
808758,train
813869,train
834900,train
811560,train
830614,train
817517,train
801775,train
830925,train
816612,train
823039,train
826391,train
809673,train
803498,train
813570,train
823076,train
822883,train
828228,train
801577,train
798462,train
829097,train
838606,train
811301,train
800551,train
837136,train
810579,train
841393,train
819723,train
805748,train
805837,train
824351,train
799046,train
830800,train
809706,train
811530,train
816368,train
831222,train
837918,train
825031,train
813718,train
817859,train
818159,train
806094,train
818169,train
800724,train
809344,train
839079,train
802462,train
827652,train
817261,train
806481,train
825148,train
814670,train
802515,train
834618,train
842762,train
806547,train
810937,train
819982,train
803085,train
838573,train
800153,train
826869,train
800210,train
818108,train
822893,train
814472,train
819716,train
805263,train
836513,train
837326,train
806088,train
832619,train
837056,train
833360,train
830667,train
799712,train
809450,train
822808,train
829658,train
819494,train
817535,train
826294,train
827311,train
813903,train
829892,train
798356,train
798522,train
841767,train
810688,train
805580,train
832647,train
818416,train
839015,train
818174,train
830513,train
825546,train
802711,train
811723,train
817532,train
798697,train
822840,train
828920,train
815388,train
824350,train
829635,train
816568,train
838352,train
803262,train
837450,train
839939,train
836893,train
830759,train
831411,train
837612,train
837147,train
830572,train
818606,train
807361,train
827344,train
831349,train
812479,train
805647,train
802770,train
841990,train
813210,train
825087,train
835416,train
837209,train
815782,train
831142,train
811662,train
800432,train
804838,train
819159,train
825172,train
815881,train
833760,train
806522,train
828344,train
816285,train
825429,train
837761,train
837469,train
807434,train
839671,train
836154,train
831655,train
807200,train
802359,train
837154,train
831263,train
830349,train
815382,train
811545,train
811207,train
822788,train
814380,train
807988,train
822523,train
834334,train
830504,train
802024,train
811741,train
843064,train
823799,train
841273,train
830312,train
807710,train
798233,train
824925,train
820184,train
825252,train
835056,train
828099,train
832249,train
801307,train
838427,train
800648,train
840517,train
798589,train
834045,train
830718,train
841199,train
799062,train
806115,train
814584,train
840149,train
824379,train
813767,train
813816,train
839792,train
842557,train
816900,train
812609,train
802559,train
818240,train
808892,train
803886,train
817982,train
816364,train
842285,train
828716,train
799032,train
814875,train
836792,train
822772,train
801375,train
826365,train
803937,train
807158,train
839461,train
798243,train
832919,train
841310,train
822394,train
826230,train
825895,train
841046,train
814762,train
812574,train
803356,train
813430,train
801771,train
813779,train
818162,train
830521,train
809499,train
812839,train
818173,train
828223,train
809759,train
817022,train
839977,train
833115,train
835016,train
811821,train
799423,train
828756,train
817131,train
819737,train
842051,train
825860,train
822405,train
839327,train
811906,train
837829,train
827001,train
813988,train
805925,train
810450,train
837436,train
801633,train
831030,train
822777,train
813909,train
824415,train
802839,train
806002,train
801594,train
829230,train
816022,train
815816,train
814058,train
830576,train
803461,train
816495,train
827266,train
797902,train
839552,train
818966,train
799550,train
825908,train
803802,train
807910,train
806258,train
833148,train
828796,train
827322,train
840115,train
834150,train
841175,train
834380,train
842570,train
809494,train
802255,train
830932,train
799058,train
812792,train
829588,train
831803,train
810135,train
836166,train
824314,train
842936,train
834889,train
830819,train
838980,train
830090,train
809751,train
809876,train
837607,train
842744,train
831937,train
822550,train
837026,train
828143,train
818145,train
823345,train
811871,train
818684,train
802167,train
828175,train
842901,train
797904,train
801343,train
814160,train
807892,train
825301,train
817826,train
813055,train
837822,train
811293,train
809416,train
834595,train
834091,train
817036,train
826534,train
828892,train
837631,train
826420,train
835490,train
835638,train
829835,train
828724,train
800826,train
833731,train
820319,train
802129,train
824359,train
830438,train
798686,train
822984,train
839828,train
833753,train
830040,train
837542,train
809691,train
818172,train
842961,train
801054,train
843197,train
807288,train
817396,train
807072,train
816088,train
798319,train
830099,train
809976,train
832882,train
815847,train
824788,train
801181,train
815682,train
825393,train
806827,train
814581,train
818202,train
830183,train
841480,train
809696,train
824204,train
812359,train
839428,train
798300,train
840524,train
832095,train
806166,train
802287,train
801219,train
838948,train
809349,train
814310,train
816781,train
814210,train
831752,train
800204,train
801354,train
804919,train
823854,train
835215,train
826065,train
801723,train
814266,train
840561,train
809581,train
839350,train
820290,train
814512,train
829349,train
827255,train
829436,train
813596,train
810826,train
805209,train
836941,train
814330,train
803591,train
818144,train
799828,train
829680,train
800596,train
823586,train
800531,train
819986,train
824260,train
810335,train
802415,train
823867,train
829115,train
818459,train
835872,train
842712,train
827931,train
838927,train
837396,train
802955,train
808980,train
837016,train
832744,train
838926,train
836371,train
803708,train
813826,train
806370,train
808735,train
817917,train
812367,train
807424,train
827770,train
833834,train
822714,train
816078,train
823756,train
805871,train
819138,train
808945,train
811162,train
799509,train
809541,train
803326,train
807148,train
841321,train
823361,train
826725,train
813449,train
835988,train
816610,train
838312,train
804478,train
800459,train
800913,train
834060,train
810118,train
833397,train
824226,train
837756,train
837298,train
828787,train
803641,train
807851,train
819478,train
829842,train
801376,train
823124,train
816777,train
802622,train
829432,train
837437,train
842397,train
823066,train
815828,train
843195,train
826417,train
806210,train
809958,train
839593,train
841537,train
807668,train
829593,train
806297,train
836846,train
827980,train
801188,train
806065,train
818876,train
827559,train
828890,train
802713,train
819769,train
817720,train
839169,train
819428,train
841871,train
835788,train
818694,train
816787,train
806860,train
814430,train
829190,train
813716,train
837786,train
808772,train
814473,train
801267,train
808592,train
806349,train
808506,train
828387,train
830523,train
834382,train
824972,train
839452,train
832379,train
811625,train
814345,train
822951,train
813428,train
816345,train
812601,train
826151,train
812924,train
809615,train
802792,train
804976,train
816893,train
833884,train
805790,train
816271,train
799845,train
831141,train
800847,train
831471,train
804468,train
825000,train
810833,train
799393,train
832787,train
827321,train
810545,train
817041,train
809856,train
816018,train
833191,train
812004,train
799984,train
836002,train
810686,train
807857,train
841403,train
823601,train
834406,train
809537,train
832098,train
806062,train
837656,train
803236,train
808205,train
813948,train
843016,train
840575,train
802783,train
806629,train
802361,train
799789,train
838311,train
814320,train
801670,train
841896,train
803192,train
800031,train
834551,train
842707,train
818853,train
833937,train
809105,train
837986,train
838504,train
823105,train
840549,train
809356,train
834952,train
841570,train
805295,train
798891,train
839013,train
836070,train
819165,train
836882,train
811817,train
814572,train
817933,train
824047,train
836702,train
830540,train
818700,train
828063,train
811372,train
839640,train
810511,train
837251,train
822289,train
824977,train
826305,train
823782,train
836192,train
804645,train
825498,train
798508,train
837977,train
812606,train
809651,train
834272,train
828250,train
799442,train
818163,train
834619,train
842374,train
839429,train
832424,train
800145,train
815756,train
805963,train
842104,train
840901,train
801721,train
836295,train
823707,train
824467,train
807120,train
823928,train
837466,train
828420,train
817755,train
840035,train
836694,train
800832,train
835098,train
800744,train
813789,train
803283,train
835235,train
823874,train
824023,train
807469,train
806067,train
828195,train
809045,train
832312,train
800233,train
834854,train
823112,train
823646,train
836384,train
841974,train
841523,train
832385,train
808951,train
798824,train
810289,train
834577,train
832054,train
842626,train
831970,train
837568,train
818389,train
836023,train
811236,train
830562,train
841264,train
837655,train
827919,train
824960,train
824268,train
807194,train
836258,train
835831,train
834256,train
838185,train
812404,train
809758,train
830726,train
800740,train
841586,train
835083,train
820244,train
811132,train
804507,train
814121,train
808491,train
805410,train
842514,train
811912,train
799269,train
802281,train
839911,train
826871,train
829699,train
813843,train
802868,train
826117,train
834663,train
839074,train
833327,train
831168,train
842544,train
839081,train
826350,train
809565,train
805859,train
810154,train
831206,train
806972,train
808511,train
816125,train
826686,train
839629,train
835818,train
832530,train
811381,train
818185,train
818599,train
835651,train
826770,train
838904,train
831344,train
807779,train
842725,train
810412,train
837221,train
811310,train
826966,train
808929,train
818556,train
831114,train
826296,train
822625,train
801285,train
825392,train
829773,train
822485,train
801194,train
831299,train
805262,train
803558,train
823582,train
835373,train
830493,train
833742,train
802505,train
824530,train
827800,train
835120,train
805058,train
832540,train
828809,train
824781,train
804462,train
810362,train
806700,train
841350,train
810886,train
834433,train
829999,train
798381,train
832921,train
824910,train
841796,train
825094,train
825644,train
827436,train
801653,train
813378,train
825255,train
824765,train
829407,train
805122,train
806064,train
812260,train
830483,train
815880,train
812046,train
822455,train
809228,train
824907,train
841939,train
810666,train
843099,train
831317,train
825096,train
805934,train
833341,train
798542,train
835828,train
837206,train
830865,train
837529,train
806800,train
813638,train
807900,train
810927,train
826683,train
808760,train
827825,train
817222,train
838554,train
817619,train
799380,train
830706,train
808520,train
807082,train
818340,train
829009,train
825558,train
835610,train
833660,train
839301,train
843083,train
825697,train
829119,train
817043,train
836725,train
842666,train
804743,train
833816,train
839548,train
798177,train
834434,train
800099,train
827779,train
801279,train
823794,train
835268,train
810921,train
803098,train
824491,train
829878,train
799316,train
841442,train
823341,train
825038,train
831341,train
832971,train
825965,train
829026,train
801036,train
810301,train
839440,train
809317,train
823904,train
813929,train
818184,train
814056,train
839841,train
803328,train
817990,train
814720,train
807860,train
809197,train
806973,train
798426,train
841744,train
841268,train
815116,train
801039,train
815124,train
813369,train
829314,train
820284,train
830626,train
834470,train
823247,train
819351,train
807073,train
803462,train
833185,train
813064,train
818124,train
828568,train
837286,train
840620,train
831129,train
808966,train
819565,train
808409,train
819038,train
807917,train
809097,train
819994,train
825993,train
828773,train
804727,train
833259,train
803792,train
842752,train
818868,train
837613,train
816066,train
815074,train
840298,train
836936,train
812271,train
811059,train
834530,train
832353,train
812860,train
807884,train
823274,train
801794,train
825755,train
800475,train
818208,train
842627,train
817027,train
836465,train
813448,train
807145,train
825772,train
805556,train
842103,train
807717,train
806225,train
815674,train
837628,train
810509,train
838952,train
825420,train
814677,train
835013,train
811426,train
824829,train
842554,train
830822,train
811270,train
840145,train
833434,train
833345,train
801088,train
804569,train
835328,train
803551,train
837490,train
812041,train
819984,train
820307,train
829862,train
815360,train
836539,train
815859,train
839797,train
798453,train
807822,train
822987,train
824885,train
825538,train
836367,train
826382,train
798245,train
820314,train
810247,train
836010,train
815636,train
803293,train
823813,train
837111,train
805798,train
829684,train
843188,train
827788,train
799829,train
841950,train
817832,train
833224,train
799178,train
832968,train
832780,train
839781,train
837171,train
804639,train
835363,train
826954,train
827887,train
823717,train
843011,train
812182,train
830207,train
808154,train
822312,train
815919,train
798951,train
825188,train
842192,train
833020,train
801083,train
827463,train
811508,train
834226,train
805642,train
830936,train
809320,train
832813,train
809888,train
806348,train
813813,train
824597,train
830480,train
802203,train
802938,train
800045,train
832043,train
823078,train
818640,train
838531,train
825199,train
824449,train
827891,train
827217,train
824784,train
804469,train
801475,train
836701,train
839311,train
803801,train
836247,train
802704,train
826728,train
833759,train
802423,train
807914,train
810241,train
836714,train
828534,train
834991,train
815060,train
808066,train
837897,train
817213,train
840763,train
830673,train
806852,train
839347,train
813257,train
802326,train
837805,train
826765,train
808240,train
829193,train
826785,train
798263,train
830085,train
810998,train
818842,train
838609,train
830600,train
809036,train
825402,train
814158,train
799168,train
832356,train
818428,train
798643,train
819339,train
831687,train
800828,train
799212,train
809530,train
798808,train
822796,train
800073,train
803972,train
839842,train
824249,train
842497,train
829701,train
814526,train
832155,train
835898,train
822868,train
802138,train
835430,train
840102,train
823096,train
813067,train
806908,train
798390,train
802620,train
817729,train
826901,train
831681,train
817184,train
810425,train
805383,train
842223,train
831328,train
823378,train
825884,train
828105,train
834269,train
819352,train
800824,train
809403,train
811943,train
802986,train
827475,train
799969,train
842522,train
831370,train
800882,train
841675,train
828600,train
812849,train
825416,train
801890,train
800745,train
800357,train
827656,train
812935,train
806264,train
837917,train
828398,train
811588,train
814683,train
837731,train
807458,train
818281,train
819432,train
832176,train
825870,train
827144,train
822912,train
837174,train
838840,train
801104,train
843038,train
820072,train
824611,train
834748,train
815326,train
811198,train
823250,train
827461,train
842014,train
829626,train
822290,train
811804,train
819498,train
802832,train
803531,train
828114,train
829763,train
815256,train
836796,train
832962,train
825497,train
808132,train
818838,train
813279,train
840737,train
814305,train
838965,train
805954,train
841508,train
809302,train
807994,train
835385,train
834959,train
834482,train
828485,train
798576,train
810834,train
806235,train
828422,train
819973,train
804840,train
801617,train
834170,train
838807,train
838721,train
803600,train
812524,train
838842,train
818419,train
817557,train
819060,train
815655,train
823605,train
814686,train
815257,train
842283,train
817648,train
818669,train
841247,train
804766,train
809304,train
842329,train
836351,train
813814,train
805539,train
819022,train
829364,train
808418,train
804579,train
816778,train
833028,train
839761,train
799886,train
833641,train
818933,train
834887,train
819702,train
800845,train
816856,train
838774,train
817591,train
832228,train
832208,train
840279,train
800853,train
834080,train
839553,train
835080,train
814335,train
808211,train
836953,train
829055,train
838046,train
808106,train
807606,train
802036,train
840531,train
816152,train
809617,train
838767,train
824820,train
799352,train
802259,train
819294,train
830697,train
822576,train
807874,train
809221,train
801185,train
828953,train
834294,train
809451,train
829317,train
812065,train
802824,train
810401,train
808917,train
842775,train
799701,train
817927,train
825176,train
818777,train
839833,train
842686,train
838817,train
801356,train
813899,train
804883,train
809219,train
829942,train
836139,train
827385,train
801289,train
815255,train
802520,train
833877,train
831466,train
822577,train
824407,train
802346,train
807617,train
832039,train
834838,train
805657,train
809482,train
815142,train
831423,train
838647,train
819950,train
819340,train
824454,train
836321,train
809188,train
823400,train
811844,train
825254,train
809484,train
830583,train
822873,train
830963,train
842690,train
839934,train
827885,train
817588,train
814055,train
819262,train
815263,train
802954,train
842443,train
802821,train
809460,train
814944,train
827731,train
810854,train
799903,train
842867,train
808565,train
828653,train
822732,train
815181,train
840474,train
803427,train
822712,train
811465,train
807336,train
818918,train
819846,train
818703,train
823620,train
811328,train
808076,train
816978,train
830781,train
810404,train
808428,train
820250,train
826457,train
818404,train
816908,train
830825,train
807381,train
832297,train
836032,train
812352,train
823014,train
840013,train
830924,train
802026,train
835247,train
808063,train
803616,train
825494,train
829605,train
814732,train
830951,train
837846,train
841571,train
814974,train
802101,train
805826,train
826825,train
817253,train
838114,train
800197,train
832350,train
823907,train
806234,train
801776,train
811437,train
830736,train
816046,train
840658,train
830735,train
840500,train
840399,train
835918,train
816185,train
802590,train
819427,train
838195,train
823866,train
841644,train
822787,train
815224,train
830319,train
817054,train
843196,train
798209,train
807987,train
819969,train
833252,train
804483,train
824059,train
809873,train
798899,train
809955,train
819609,train
811802,train
817052,train
810389,train
839589,train
811811,train
825932,train
807920,train
813951,train
817656,train
802653,train
828967,train
818250,train
836717,train
829243,train
815822,train
841739,train
801857,train
800690,train
801783,train
835593,train
823610,train
834633,train
810923,train
842111,train
843133,train
823931,train
838799,train
832640,train
825673,train
835105,train
825577,train
801193,train
810387,train
801702,train
840106,train
825682,train
840502,train
827643,train
840027,train
798706,train
798416,train
833476,train
816953,train
814580,train
841020,train
806575,train
809918,train
838127,train
837459,train
815356,train
817843,train
798237,train
810861,train
817287,train
810451,train
826474,train
816462,train
815214,train
809601,train
835035,train
825461,train
837598,train
836301,train
808338,train
823399,train
801384,train
798520,train
829069,train
823097,train
802178,train
816429,train
819711,train
826254,train
828215,train
832990,train
823028,train
834167,train
817158,train
825389,train
809446,train
803407,train
826055,train
801663,train
807620,train
812485,train
827989,train
818294,train
835581,train
827119,train
834307,train
799091,train
801694,train
824978,train
827581,train
822721,train
813755,train
836948,train
829912,train
823261,train
833514,train
833533,train
832216,train
811532,train
824098,train
819037,train
812847,train
825810,train
835703,train
830709,train
826493,train
837633,train
832940,train
823432,train
825404,train
841827,train
825550,train
801252,train
829351,train
803474,train
838535,train
808830,train
841206,train
826888,train
819932,train
827537,train
811941,train
814740,train
834689,train
832261,train
841832,train
799935,train
814489,train
838140,train
815971,train
815269,train
798637,train
841639,train
810675,train
828008,train
819279,train
828315,train
801415,train
816577,train
834489,train
825409,train
825464,train
814009,train
837395,train
825569,train
800086,train
816609,train
799987,train
813358,train
808149,train
808574,train
802164,train
807422,train
803633,train
818032,train
830500,train
838486,train
842728,train
805377,train
826351,train
830245,train
803519,train
836129,train
840203,train
799353,train
842647,train
839353,train
809454,train
834375,train
839359,train
825091,train
800348,train
814499,train
828136,train
816058,train
828846,train
823748,train
830008,train
824183,train
816954,train
807738,train
822704,train
801109,train
831535,train
818334,train
799082,train
799117,train
817598,train
827600,train
839676,train
834305,train
816150,train
825652,train
823080,train
799181,train
810977,train
818382,train
837204,train
809911,train
803687,train
838355,train
810946,train
834942,train
806314,train
835161,train
823077,train
825748,train
824173,train
806851,train
813155,train
843239,train
805825,train
837352,train
808221,train
830803,train
830490,train
826707,train
803528,train
799204,train
810320,train
815479,train
807635,train
816660,train
804764,train
813089,train
802507,train
842406,train
799605,train
834536,train
802695,train
800929,train
814624,train
815440,train
819980,train
826053,train
827817,train
841831,train
807686,train
805154,train
814207,train
803253,train
806948,train
838373,train
841419,train
802771,train
802000,train
838025,train
806141,train
825201,train
817932,train
812462,train
838651,train
829252,train
814020,train
825536,train
829911,train
837360,train
809503,train
822562,train
842405,train
822402,train
813924,train
814564,train
802301,train
803541,train
837489,train
808446,train
823412,train
809771,train
841775,train
827809,train
798628,train
800116,train
834298,train
818964,train
814388,train
837307,train
811421,train
816923,train
806165,train
841853,train
837582,train
801145,train
843021,train
811993,train
813439,train
833988,train
841196,train
828029,train
818182,train
813978,train
819948,train
808516,train
839831,train
824013,train
840338,train
824205,train
842468,train
801101,train
824760,train
810084,train
838992,train
826788,train
841520,train
817884,train
837335,train
815462,train
823176,train
836994,train
833470,train
809572,train
831144,train
816659,train
814819,train
827202,train
808306,train
802678,train
799770,train
804993,train
797587,train
799023,train
839259,train
837905,train
808918,train
830080,train
839710,train
831728,train
810855,train
812464,train
825510,train
817053,train
826373,train
841848,train
807300,train
809505,train
805178,train
827424,train
828843,train
809472,train
824031,train
803623,train
829325,train
806817,train
822697,train
842649,train
813566,train
834468,train
809281,train
831701,train
801385,train
814403,train
800286,train
815304,train
805070,train
833526,train
799355,train
829415,train
805830,train
811919,train
806911,train
803704,train
830806,train
804872,train
832196,train
801408,train
837825,train
801698,train
809237,train
826793,train
817276,train
834011,train
817305,train
803499,train
823692,train
829535,train
806246,train
833749,train
824821,train
811951,train
806394,train
842682,train
813464,train
801540,train
812943,train
800748,train
812263,train
829810,train
838082,train
807346,train
812325,train
818712,train
801666,train
801234,train
835099,train
833839,train
827286,train
825155,train
812256,train
817106,train
819150,train
807236,train
825599,train
842751,train
838398,train
802252,train
803159,train
809276,train
832029,train
812546,train
798355,train
812374,train
810979,train
800435,train
827505,train
798654,train
818713,train
816475,train
827337,train
800123,train
799734,train
824197,train
836177,train
823940,train
833548,train
801000,train
813847,train
818594,train
809794,train
829584,train
831408,train
822839,train
840464,train
803815,train
834706,train
831066,train
828501,train
842951,train
826957,train
818736,train
822342,train
810552,train
806960,train
812270,train
808411,train
823623,train
839218,train
815199,train
817777,train
831211,train
807001,train
837537,train
819435,train
824817,train
809556,train
824668,train
835121,train
832517,train
802895,train
828962,train
801014,train
841387,train
838844,train
808182,train
827692,train
804934,train
832880,train
826387,train
838167,train
810550,train
841474,train
813229,train
841647,train
801779,train
834843,train
825086,train
838120,train
831586,train
805367,train
836982,train
813205,train
834679,train
807575,train
823714,train
829192,train
831516,train
833772,train
827947,train
828198,train
825021,train
798793,train
826870,train
798641,train
809633,train
814469,train
815361,train
810791,train
837763,train
799010,train
818432,train
802235,train
810739,train
809574,train
800149,train
812291,train
827923,train
823768,train
831496,train
805136,train
800189,train
827380,train
835282,train
825766,train
841542,train
810018,train
819771,train
811295,train
808697,train
823130,train
806511,train
825216,train
832598,train
826883,train
802051,train
799404,train
813871,train
814493,train
805889,train
830060,train
830769,train
826616,train
816563,train
822501,train
818732,train
838643,train
799344,train
835097,train
820166,train
818180,train
836201,train
829477,train
827677,train
799707,train
814329,train
808272,train
838123,train
813037,train
804508,train
841346,train
798405,train
812537,train
827422,train
825728,train
842380,train
836369,train
817991,train
800191,train
824962,train
805453,train
806665,train
827249,train
838353,train
798293,train
839245,train
841900,train
812154,train
838475,train
803190,train
801941,train
807222,train
839270,train
825892,train
810157,train
812233,train
825822,train
819521,train
838797,train
831009,train
829982,train
841156,train
825658,train
825787,train
817310,train
822864,train
823833,train
804988,train
824122,train
837414,train
838178,train
802408,train
805207,train
802401,train
813199,train
836089,train
811400,train
833761,train
837768,train
808950,train
818406,train
833655,train
800228,train
810869,train
803000,train
834785,train
836103,train
814662,train
828024,train
806835,train
802453,train
807695,train
827118,train
820276,train
808426,train
805298,train
830790,train
832658,train
801719,train
834164,train
809777,train
825855,train
807234,train
843015,train
800809,train
825749,train
800196,train
815358,train
816363,train
830177,train
799718,train
810546,train
811211,train
804827,train
833510,train
816728,train
807393,train
812793,train
809011,train
843280,train
835199,train
838058,train
828066,train
809459,train
817754,train
802373,train
817506,train
805530,train
810000,train
803819,train
799860,train
820077,train
825863,train
803279,train
827408,train
810197,train
803241,train
802915,train
826817,train
805856,train
802362,train
802381,train
809024,train
825974,train
827543,train
818869,train
826692,train
800162,train
826797,train
798965,train
829804,train
804665,train
840303,train
811846,train
808388,train
831767,train
825512,train
831942,train
806771,train
815429,train
832485,train
812866,train
811377,train
834722,train
808514,train
808186,train
826752,train
800164,train
839443,train
827303,train
834685,train
824425,train
801229,train
841458,train
811692,train
802116,train
810571,train
810574,train
823333,train
840769,train
810308,train
805591,train
799706,train
825859,train
812471,train
834821,train
842633,train
835380,train
827897,train
813567,train
819522,train
806605,train
804938,train
814198,train
803324,train
804525,train
824018,train
808632,train
836429,train
832805,train
826580,train
809685,train
826515,train
819296,train
816828,train
827124,train
827848,train
801921,train
828615,train
830929,train
818826,train
803627,train
837419,train
835585,train
838837,train
807761,train
818624,train
830014,train
837188,train
807824,train
819721,train
828566,train
810396,train
832128,train
809369,train
838401,train
835456,train
843105,train
806183,train
811623,train
828620,train
825207,train
808285,train
800876,train
799115,train
803322,train
803676,train
817545,train
814128,train
802603,train
833244,train
836320,train
814768,train
818444,train
830623,train
811432,train
808835,train
829381,train
828101,train
807841,train
799447,train
827896,train
839826,train
834999,train
801677,train
803062,train
830802,train
842608,train
805842,train
825849,train
809274,train
825786,train
842763,train
831812,train
813739,train
830043,train
804817,train
807137,train
834762,train
838700,train
824895,train
835889,train
810128,train
801020,train
824088,train
820123,train
815749,train
809440,train
806466,train
836464,train
842392,train
819472,train
824568,train
825119,train
834963,train
813253,train
842696,train
816526,train
801537,train
811357,train
832929,train
812150,train
812818,train
824162,train
822555,train
841211,train
811614,train
827016,train
842326,train
815511,train
838594,train
813782,train
801508,train
828184,train
839089,train
800351,train
832034,train
834078,train
801466,train
832307,train
798268,train
829478,train
840320,train
834037,train
832529,train
815231,train
841552,train
842099,train
828061,train
808083,train
827962,train
807490,train
798223,train
829922,train
836410,train
829467,train
815170,train
805072,train
810373,train
800215,train
807185,train
813096,train
840248,train
839884,train
834090,train
819487,train
826268,train
830978,train
808006,train
828969,train
817527,train
822831,train
811997,train
838007,train
830593,train
806159,train
829199,train
799195,train
799750,train
827190,train
838571,train
819028,train
843024,train
820214,train
807115,train
841214,train
802969,train
828528,train
837499,train
837036,train
841762,train
837337,train
839491,train
842319,train
838798,train
841908,train
798661,train
816312,train
830893,train
798321,train
815370,train
825514,train
815885,train
826718,train
823764,train
798526,train
840038,train
841331,train
815064,train
842594,train
804519,train
818424,train
804826,train
806377,train
834066,train
831265,train
813455,train
830649,train
839088,train
839854,train
823091,train
843049,train
823549,train
841972,train
812139,train
832139,train
839860,train
829807,train
806478,train
837942,train
834797,train
833126,train
829468,train
811027,train
835894,train
825966,train
802428,train
834878,train
834351,train
814653,train
802095,train
838618,train
810137,train
824435,train
830084,train
830255,train
801902,train
842621,train
808820,train
799506,train
823744,train
811594,train
832786,train
818149,train
803214,train
805055,train
835378,train
840041,train
808407,train
800369,train
825485,train
836494,train
809532,train
842543,train
807035,train
814773,train
811992,train
824017,train
802876,train
803634,train
800436,train
799810,train
803018,train
801912,train
829058,train
823126,train
841738,train
835867,train
801530,train
801304,train
814574,train
814107,train
818812,train
813127,train
812798,train
814648,train
825288,train
806514,train
798101,train
800584,train
801197,train
798466,train
822411,train
804972,train
827657,train
808341,train
823210,train
824228,train
830462,train
822370,train
805570,train
804708,train
837211,train
825625,train
830749,train
834443,train
801259,train
815244,train
818131,train
807693,train
800812,train
818170,train
840367,train
837852,train
834473,train
805590,train
838002,train
801314,train
815411,train
835406,train
804790,train
802078,train
824923,train
830642,train
800151,train
816437,train
810305,train
807274,train
815665,train
823999,train
842176,train
800665,train
827511,train
822433,train
824084,train
805974,train
825258,train
837900,train
836533,train
840544,train
798815,train
828680,train
817911,train
820113,train
827176,train
814358,train
829268,train
824153,train
798479,train
801596,train
820312,train
826269,train
804707,train
815898,train
827539,train
836259,train
809223,train
809704,train
835062,train
814515,train
841216,train
843137,train
799414,train
801582,train
826307,train
826642,train
831224,train
798883,train
808783,train
833567,train
829536,train
837629,train
818822,train
825544,train
831951,train
834750,train
838644,train
833748,train
802141,train
836061,train
799581,train
802648,train
837166,train
811368,train
835272,train
808777,train
825440,train
825841,train
827264,train
799270,train
815857,train
839742,train
799122,train
839795,train
838181,train
842477,train
832989,train
809444,train
802229,train
822815,train
808802,train
802914,train
831674,train
814166,train
839721,train
798854,train
822882,train
824878,train
799583,train
808897,train
828885,train
836966,train
813796,train
807740,train
803860,train
829393,train
813927,train
834455,train
807220,train
828632,train
839276,train
798570,train
804495,train
800573,train
823611,train
816884,train
800016,train
816255,train
830347,train
808956,train
833902,train
809165,train
809443,train
806543,train
822797,train
805296,train
838109,train
802170,train
829422,train
834083,train
837576,train
838920,train
831591,train
842266,train
833090,train
814728,train
805118,train
830106,train
825482,train
842962,train
835518,train
831102,train
809362,train
829996,train
825836,train
798809,train
842631,train
841992,train
811713,train
807272,train
813325,train
805724,train
832670,train
815510,train
825659,train
835086,train
803212,train
805469,train
802788,train
808591,train
841823,train
825256,train
833814,train
832944,train
843207,train
827086,train
837280,train
824053,train
807041,train
816760,train
808698,train
800996,train
841780,train
840037,train
811499,train
812539,train
823545,train
801983,train
812148,train
822722,train
841275,train
798415,train
819064,train
799891,train
809908,train
825284,train
838350,train
819612,train
800931,train
836841,train
808283,train
801401,train
811019,train
805365,train
808789,train
814325,train
838649,train
818965,train
835205,train
834053,train
815147,train
817013,train
820208,train
837150,train
817946,train
817710,train
809595,train
829083,train
837080,train
834860,train
810334,train
824948,train
817237,train
820109,train
810648,train
818158,train
802663,train
830339,train
813666,train
805552,train
838211,train
838236,train
817474,train
811003,train
802964,train
799369,train
826104,train
817048,train
824980,train
840023,train
810590,train
815288,train
839256,train
801767,train
826257,train
797894,train
824971,train
823535,train
833850,train
809825,train
812204,train
815051,train
831609,train
836721,train
801228,train
832688,train
842398,train
830658,train
819299,train
802277,train
811337,train
826139,train
834086,train
819214,train
803762,train
813442,train
836933,train
807811,train
839395,train
827465,train
816113,train
799166,train
841725,train
801612,train
806666,train
826180,train
802422,train
832907,train
841402,train
811347,train
843311,train
825615,train
835954,train
833255,train
811393,train
841314,train
813214,train
832387,train
828164,train
814513,train
822852,train
837531,train
831426,train
826229,train
839817,train
840755,train
825646,train
813421,train
835869,train
823973,train
815574,train
799299,train
837692,train
811863,train
817862,train
801978,train
812187,train
819860,train
801138,train
810647,train
815013,train
813747,train
841651,train
836189,train
804713,train
835968,train
808310,train
828382,train
823694,train
832242,train
839416,train
823618,train
806676,train
832857,train
839550,train
835527,train
801074,train
841856,train
812467,train
822967,train
836257,train
834647,train
816874,train
835279,train
840468,train
815265,train
840872,train
817617,train
805912,train
812905,train
809639,train
819776,train
828780,train
814554,train
836268,train
803719,train
838514,train
832853,train
797848,train
838406,train
823128,train
835911,train
841361,train
839874,train
814258,train
839404,train
817620,train
813853,train
799167,train
799040,train
798262,train
812382,train
824447,train
799515,train
841395,train
825378,train
815245,train
827036,train
815953,train
837491,train
819554,train
805271,train
842322,train
805739,train
826181,train
807059,train
818757,train
810194,train
810778,train
819985,train
803274,train
828719,train
801578,train
830985,train
798428,train
810287,train
801481,train
809678,train
798412,train
831953,train
833106,train
834934,train
819996,train
829987,train
808096,train
819310,train
811913,train
799264,train
818133,train
837990,train
830909,train
816439,train
818344,train
832783,train
842985,train
826738,train
839264,train
805549,train
810041,train
834069,train
819132,train
816769,train
842357,train
823174,train
825164,train
820251,train
806968,train
837835,train
818122,train
836452,train
808049,train
842691,train
832788,train
803292,train
807837,train
822431,train
824876,train
824439,train
814195,train
806411,train
800804,train
807395,train
801561,train
807764,train
832777,train
799542,train
818686,train
799249,train
818992,train
834549,train
806744,train
812420,train
842147,train
810859,train
813397,train
827513,train
822689,train
842263,train
839901,train
800315,train
801367,train
828310,train
813351,train
816485,train
819880,train
836883,train
828623,train
831506,train
829004,train
813408,train
815264,train
799292,train
809376,train
839326,train
806571,train
837614,train
818677,train
830196,train
837516,train
839563,train
831534,train
843237,train
802700,train
809998,train
833542,train
804789,train
827327,train
834632,train
805753,train
814061,train
828745,train
840636,train
828598,train
828457,train
808679,train
813644,train
813068,train
811116,train
832211,train
829451,train
817978,train
827780,train
833186,train
798329,train
818134,train
824377,train
817148,train
801547,train
841679,train
829587,train
804732,train
837420,train
804835,train
828966,train
814428,train
823439,train
839080,train
826012,train
811340,train
812140,train
840672,train
817220,train
825584,train
823585,train
809822,train
800365,train
826069,train
818545,train
830533,train
836207,train
806337,train
800823,train
827141,train
798429,train
809021,train
820103,train
806900,train
823796,train
816380,train
839940,train
800137,train
816156,train
815942,train
842999,train
809644,train
834987,train
807257,train
842231,train
813954,train
800407,train
809124,train
822542,train
803007,train
813248,train
816593,train
826290,train
814522,train
830478,train
814616,train
822395,train
800176,train
810284,train
827735,train
819518,train
819924,train
809383,train
802568,train
822628,train
827815,train
805933,train
824843,train
838027,train
802861,train
841140,train
824669,train
800816,train
809453,train
840571,train
813858,train
798089,train
806184,train
827351,train
812398,train
808713,train
826542,train
827792,train
837415,train
804731,train
808926,train
803350,train
813787,train
803791,train
836842,train
828710,train
801341,train
800047,train
842446,train
843102,train
841186,train
838163,train
817280,train
801082,train
831260,train
800259,train
836984,train
816381,train
803009,train
840487,train
801323,train
842574,train
802809,train
803449,train
806109,train
830380,train
835089,train
842800,train
808199,train
834147,train
840105,train
797950,train
805931,train
830881,train
799395,train
819031,train
830896,train
797576,train
823845,train
827865,train
817680,train
836232,train
837099,train
822975,train
799944,train
832731,train
815527,train
806604,train
836504,train
829494,train
802006,train
841963,train
827582,train
814605,train
839658,train
827042,train
810329,train
807051,train
799951,train
817497,train
801167,train
806779,train
802492,train
818029,train
830063,train
809178,train
840929,train
807632,train
841583,train
836586,train
798490,train
811151,train
816522,train
807114,train
810312,train
841544,train
830098,train
814633,train
805953,train
838783,train
810069,train
834630,train
829980,train
835087,train
798785,train
818530,train
823550,train
816770,train
831581,train
812324,train
826346,train
833099,train
838748,train
836709,train
834134,train
812117,train
830595,train
806206,train
829338,train
809903,train
822333,train
805896,train
818656,train
797945,train
830264,train
830926,train
805827,train
830419,train
814694,train
818672,train
801075,train
827320,train
829694,train
837727,train
834331,train
838710,train
800456,train
840056,train
838014,train
807941,train
831413,train
840437,train
827676,train
824982,train
813317,train
829045,train
818612,train
802830,train
803925,train
813203,train
822807,train
805140,train
816578,train
802106,train
831751,train
836502,train
818562,train
829445,train
836834,train
817047,train
818614,train
824441,train
837403,train
834957,train
808231,train
800381,train
811384,train
838713,train
812520,train
810265,train
801826,train
818825,train
840482,train
838534,train
812304,train
842898,train
818055,train
798552,train
829748,train
809018,train
822575,train
813692,train
828842,train
836134,train
807706,train
805645,train
835166,train
828442,train
801507,train
839167,train
825487,train
804888,train
806186,train
836029,train
825039,train
803761,train
837677,train
798937,train
801148,train
838860,train
824865,train
806384,train
825573,train
834825,train
823114,train
802888,train
831862,train
807412,train
816109,train
811354,train
826422,train
822895,train
819618,train
830330,train
835113,train
832723,train
842470,train
842308,train
825165,train
809762,train
818113,train
806988,train
801647,train
842593,train
835591,train
812495,train
839820,train
808881,train
811500,train
817638,train
836233,train
824009,train
805797,train
824470,train
833366,train
805409,train
809381,train
819451,train
829757,train
816931,train
815935,train
810825,train
830730,train
824464,train
815664,train
832137,train
837182,train
801780,train
829166,train
799657,train
814270,train
837844,train
830695,train
840315,train
837249,train
837214,train
840001,train
812177,train
835688,train
820002,train
828510,train
839525,train
813032,train
831132,train
817064,train
807292,train
808829,train
818986,train
811061,train
811908,train
827530,train
837698,train
837981,train
822818,train
802340,train
812363,train
814743,train
827942,train
823177,train
813082,train
807799,train
823653,train
813206,train
838763,train
827423,train
805518,train
826372,train
814702,train
827821,train
805382,train
819216,train
825418,train
806218,train
843125,train
805673,train
804636,train
808170,train
801130,train
837411,train
814231,train
817385,train
832384,train
829611,train
833493,train
827336,train
801214,train
814059,train
825668,train
840419,train
843178,train
840229,train
811949,train
813144,train
813249,train
837192,train
805799,train
815927,train
825068,train
839556,train
811045,train
802557,train
807846,train
803603,train
830306,train
834608,train
838138,train
808107,train
817529,train
809722,train
806986,train
837401,train
842710,train
832791,train
837736,train
836585,train
802974,train
800975,train
801573,train
799899,train
830625,train
832317,train
812147,train
799854,train
806524,train
803677,train
811596,train
814717,train
835220,train
823873,train
809791,train
799569,train
830669,train
840391,train
805649,train
816838,train
811570,train
834620,train
839599,train
801379,train
814620,train
808415,train
825501,train
842740,train
800856,train
800251,train
800540,train
805572,train
835767,train
841894,train
816825,train
836361,train
824091,train
827503,train
843193,train
826233,train
830139,train
822664,train
808870,train
816137,train
814557,train
820065,train
829783,train
815552,train
817893,train
817393,train
824897,train
810123,train
835391,train
819676,train
805841,train
839187,train
833260,train
802084,train
836256,train
824911,train
820168,train
818750,train
802013,train
816476,train
806757,train
816569,train
802151,train
804884,train
838784,train
840292,train
841580,train
842347,train
836004,train
812877,train
835164,train
805300,train
832263,train
802459,train
813164,train
832092,train
806459,train
796088,train
818297,train
843073,train
818004,train
826527,train
806180,train
813911,train
804598,train
831390,train
799409,train
814338,train
814418,train
802856,train
806362,train
811164,train
814458,train
837096,train
828779,train
802966,train
803103,train
805699,train
810905,train
841074,train
832900,train
803287,train
800424,train
814076,train
833226,train
841962,train
810479,train
805564,train
816813,train
810024,train
800064,train
824428,train
841870,train
809799,train
836355,train
803261,train
811566,train
809506,train
810457,train
809805,train
823534,train
814414,train
825102,train
809071,train
838030,train
813026,train
829515,train
806809,train
810584,train
841736,train
801550,train
811057,train
802207,train
833614,train
824220,train
833430,train
802485,train
806608,train
825168,train
835832,train
809025,train
806967,train
835463,train
805717,train
807975,train
809085,train
829289,train
798618,train
816752,train
842648,train
818916,train
840042,train
822819,train
824852,train
817500,train
830589,train
813977,train
809438,train
826402,train
817513,train
803793,train
827976,train
824120,train
832861,train
811734,train
824639,train
835256,train
800561,train
835991,train
843141,train
808383,train
824832,train
827806,train
804864,train
803167,train
810106,train
806338,train
828965,train
825413,train
839590,train
798835,train
830291,train
830146,train
837657,train
843055,train
805612,train
829674,train
818870,train
839175,train
813992,train
803232,train
810565,train
817881,train
832244,train
834478,train
803429,train
840776,train
805959,train
805902,train
838905,train
822715,train
841141,train
842646,train
835935,train
829308,train
827452,train
807031,train
811394,train
837410,train
840514,train
824383,train
835553,train
840909,train
805911,train
811455,train
835995,train
812295,train
802978,train
839091,train
818043,train
804854,train
835315,train
810704,train
829489,train
809957,train
822853,train
825042,train
827105,train
802421,train
809724,train
833863,train
837874,train
832899,train
817922,train
825727,train
834930,train
836901,train
840478,train
813379,train
827000,train
801195,train
839371,train
837248,train
803455,train
824682,train
822999,train
799334,train
823955,train
828540,train
808022,train
842457,train
838693,train
822771,train
820074,train
819344,train
838681,train
824654,train
838586,train
802451,train
841897,train
836492,train
818911,train
817733,train
842475,train
816624,train
838639,train
805975,train
818823,train
840036,train
817306,train
828736,train
809103,train
839274,train
824539,train
805406,train
809488,train
817227,train
816705,train
839354,train
798484,train
805319,train
830509,train
800688,train
834445,train
810931,train
839377,train
823099,train
812613,train
802210,train
817114,train
816866,train
818456,train
822438,train
802919,train
828535,train
826437,train
833301,train
809960,train
799113,train
831891,train
814481,train
836480,train
811017,train
840727,train
800192,train
819491,train
807820,train
841912,train
834615,train
813303,train
837834,train
809654,train
803922,train
842491,train
832274,train
827868,train
837152,train
818223,train
831185,train
814674,train
830420,train
843033,train
834569,train
803897,train
811037,train
836950,train
831948,train
818458,train
841487,train
836365,train
829509,train
832987,train
840080,train
840333,train
805831,train
807582,train
814504,train
827330,train
811489,train
815112,train
800038,train
829333,train
829668,train
798430,train
799994,train
800225,train
826429,train
805032,train
822381,train
839323,train
824818,train
803895,train
822729,train
806474,train
827037,train
825581,train
827755,train
840452,train
813965,train
815954,train
798103,train
837288,train
827862,train
798900,train
829235,train
812097,train
814852,train
800108,train
813974,train
816936,train
832804,train
842015,train
839652,train
835707,train
806120,train
825816,train
829557,train
835742,train
801557,train
816469,train
826538,train
803014,train
815076,train
813863,train
840045,train
837748,train
825624,train
838754,train
798682,train
839853,train
841476,train
814690,train
804866,train
809650,train
823275,train
811471,train
830161,train
835982,train
820195,train
842868,train
811217,train
839445,train
827304,train
838588,train
832448,train
815207,train
808908,train
808462,train
817567,train
831399,train
824219,train
799089,train
819507,train
798558,train
817664,train
822487,train
800979,train
808145,train
809074,train
809726,train
807655,train
801886,train
818987,train
798993,train
827999,train
807967,train
802109,train
819906,train
828022,train
837119,train
831643,train
819305,train
839693,train
824114,train
837895,train
805324,train
830717,train
809592,train
830938,train
820125,train
823123,train
808695,train
818048,train
838358,train
824946,train
826440,train
823386,train
842032,train
802530,train
806917,train
842485,train
802880,train
819839,train
817516,train
804725,train
842271,train
802533,train
813179,train
813241,train
817089,train
831350,train
808260,train
803611,train
824372,train
816144,train
808553,train
816268,train
837951,train
828399,train
839524,train
823359,train
811920,train
806192,train
826105,train
827478,train
798885,train
836064,train
827955,train
834300,train
840485,train
806273,train
822782,train
812151,train
839794,train
831145,train
822534,train
813065,train
819021,train
817243,train
817849,train
832539,train
831086,train
840352,train
837121,train
800924,train
831267,train
831171,train
837200,train
798602,train
831054,train
842142,train
834343,train
799065,train
811511,train
822573,train
831113,train
828390,train
799184,train
839680,train
823009,train
808276,train
817257,train
799882,train
816115,train
819964,train
823260,train
839872,train
807736,train
837005,train
801153,train
800730,train
817446,train
840306,train
809802,train
825099,train
840775,train
838423,train
798331,train
841705,train
835395,train
815658,train
835191,train
832585,train
830708,train
806664,train
834596,train
822879,train
817126,train
809923,train
811514,train
840748,train
833096,train
830489,train
839021,train
823094,train
810582,train
817518,train
827268,train
830913,train
807777,train
830755,train
835958,train
814474,train
816157,train
799248,train
808557,train
816021,train
823010,train
802949,train
818399,train
812608,train
825173,train
830632,train
809576,train
811711,train
800973,train
843080,train
816719,train
801222,train
802857,train
809764,train
837931,train
813933,train
798919,train
831775,train
826498,train
817202,train
841793,train
811170,train
828341,train
843199,train
840064,train
818563,train
835010,train
832547,train
834149,train
811224,train
809557,train
808849,train
806976,train
814676,train
827683,train
819019,train
799807,train
818093,train
816378,train
833022,train
840018,train
808464,train
813414,train
826577,train
801022,train
812384,train
828887,train
840521,train
811062,train
798677,train
801569,train
827764,train
831975,train
823894,train
806964,train
835649,train
801735,train
835290,train
842409,train
825107,train
798766,train
829000,train
826120,train
804687,train
808381,train
833117,train
833872,train
803732,train
831016,train
833473,train
841455,train
823458,train
842531,train
812781,train
803044,train
837227,train
838666,train
841261,train
826743,train
831957,train
830225,train
826267,train
819251,train
803508,train
809719,train
819162,train
817395,train
839456,train
810040,train
830930,train
823027,train
837044,train
832865,train
809245,train
811275,train
830791,train
809605,train
808099,train
825018,train
811065,train
812344,train
838396,train
837545,train
818189,train
813118,train
823964,train
823791,train
808660,train
804967,train
823169,train
819114,train
799904,train
832160,train
812145,train
841207,train
803087,train
826288,train
798696,train
806804,train
810612,train
839435,train
837635,train
801131,train
824922,train
840235,train
841648,train
814643,train
802494,train
839720,train
800461,train
823393,train
824970,train
838708,train
822981,train
803472,train
812920,train
819595,train
811094,train
838850,train
814098,train
839464,train
817939,train
809770,train
827489,train
799085,train
839069,train
831250,train
840387,train
802325,train
823687,train
834982,train
824993,train
824598,train
808925,train
843092,train
807615,train
828865,train
814767,train
842578,train
841429,train
813329,train
810169,train
806081,train
836894,train
835673,train
829614,train
843240,train
839805,train
842761,train
813519,train
812253,train
840350,train
843045,train
810885,train
827099,train
835809,train
823117,train
817651,train
818564,train
803265,train
831036,train
842372,train
830934,train
839536,train
838375,train
814945,train
837540,train
812069,train
837300,train
841715,train
814225,train
840538,train
809987,train
798419,train
836476,train
811525,train
830563,train
818626,train
798575,train
839586,train
806116,train
831027,train
823172,train
836832,train
827528,train
809744,train
842938,train
803828,train
827781,train
825304,train
833664,train
837945,train
830954,train
804781,train
800533,train
800224,train
812934,train
819693,train
818813,train
806249,train
825072,train
817997,train
804514,train
822720,train
827274,train
836338,train
801829,train
813484,train
804946,train
801843,train
805302,train
834064,train
803596,train
822551,train
801484,train
818737,train
832435,train
803553,train
829296,train
828639,train
827557,train
801434,train
807472,train
804949,train
837290,train
826243,train
839522,train
800685,train
808707,train
837766,train
812288,train
843044,train
801458,train
822855,train
836935,train
814710,train
834656,train
820226,train
837222,train
839226,train
816758,train
823719,train
802596,train
798631,train
842734,train
842063,train
800211,train
827987,train
830097,train
810056,train
799148,train
827892,train
811288,train
843121,train
831023,train
813932,train
810124,train
825108,train
840403,train
817693,train
827922,train
808855,train
801297,train
815619,train
806872,train
819703,train
797583,train
823377,train
837075,train
835096,train
804608,train
825800,train
819619,train
817207,train
828689,train
797750,train
814240,train
828876,train
815824,train
842498,train
829496,train
802039,train
837032,train
835661,train
798533,train
838450,train
825289,train
806635,train
808152,train
808227,train
803535,train
819412,train
805613,train
811753,train
816614,train
824632,train
834179,train
829070,train
819423,train
822896,train
827665,train
806890,train
811006,train
817757,train
825773,train
798981,train
812440,train
825156,train
831304,train
827310,train
805089,train
809944,train
825898,train
825654,train
809243,train
798382,train
831310,train
818607,train
814579,train
798226,train
832076,train
817538,train
802922,train
837081,train
836817,train
832596,train
813906,train
810260,train
809477,train
823032,train
841518,train
836726,train
802720,train
806528,train
800422,train
820213,train
838421,train
801296,train
825294,train
818414,train
813553,train
829441,train
811359,train
841732,train
829616,train
808184,train
805373,train
824566,train
832753,train
833487,train
805665,train
841405,train
801566,train
823159,train
800557,train
825540,train
836302,train
823997,train
802100,train
842331,train
824457,train
817704,train
809163,train
800205,train
829191,train
808822,train
808975,train
840789,train
806801,train
814022,train
799651,train
826624,train
814048,train
809207,train
830208,train
799842,train
828697,train
816733,train
807449,train
830009,train
834428,train
801697,train
828513,train
832260,train
806803,train
806747,train
809175,train
819145,train
837703,train
823648,train
815924,train
839813,train
805511,train
812851,train
801345,train
812254,train
835917,train
825789,train
808920,train
809659,train
815213,train
818373,train
842909,train
833165,train
809910,train
814482,train
800029,train
838283,train
805782,train
841633,train
840126,train
801618,train
810872,train
841770,train
825990,train
838337,train
841406,train
818738,train
810756,train
799681,train
800469,train
816482,train
801206,train
805595,train
816418,train
806993,train
819474,train
828000,train
815805,train
842336,train
811307,train
839568,train
810358,train
825591,train
813409,train
817810,train
834713,train
806843,train
807818,train
807742,train
809814,train
833678,train
840243,train
833758,train
830054,train
830064,train
813372,train
834937,train
831556,train
819682,train
813987,train
800869,train
799741,train
811554,train
805186,train
841283,train
826070,train
831625,train
823758,train
823731,train
828799,train
808671,train
836135,train
837065,train
807208,train
801758,train
808301,train
810026,train
838125,train
805323,train
826138,train
840534,train
825073,train
828649,train
813885,train
825204,train
828668,train
800083,train
834071,train
797947,train
807515,train
808510,train
822880,train
816619,train
836845,train
801969,train
833273,train
814655,train
835561,train
819774,train
816164,train
835323,train
834723,train
826877,train
812917,train
814275,train
822955,train
813593,train
816798,train
828440,train
814660,train
838945,train
823980,train
835149,train
820169,train
842732,train
833921,train
800163,train
833321,train
798256,train
835775,train
829419,train
827430,train
818780,train
800519,train
804689,train
805664,train
816792,train
815473,train
825818,train
831127,train
814089,train
800133,train
827041,train
826995,train
816478,train
816320,train
812103,train
802947,train
808815,train
814589,train
824919,train
828990,train
809600,train
807844,train
836366,train
836898,train
807848,train
827288,train
817647,train
837386,train
811278,train
830020,train
831843,train
799033,train
816346,train
840120,train
823808,train
837868,train
806381,train
808403,train
828033,train
809184,train
811297,train
835467,train
837552,train
836304,train
823803,train
808293,train
833290,train
810866,train
805976,train
802841,train
842958,train
809043,train
831280,train
840554,train
832291,train
810786,train
840094,train
801918,train
800170,train
834280,train
799784,train
840319,train
833150,train
814396,train
813450,train
805849,train
819855,train
815398,train
836120,train
836995,train
825845,train
801006,train
799389,train
809959,train
806770,train
817032,train
801139,train
832604,train
803249,train
823330,train
829378,train
817988,train
825098,train
840222,train
839296,train
835259,train
834231,train
828155,train
840351,train
803335,train
830747,train
799228,train
835805,train
798856,train
834368,train
826464,train
814527,train
840370,train
835030,train
805316,train
841425,train
827527,train
831588,train
839507,train
803938,train
837274,train
824545,train
818543,train
813774,train
807224,train
801268,train
836564,train
835388,train
809837,train
823226,train
798622,train
806777,train
811504,train
810117,train
806255,train
837746,train
802950,train
819715,train
807843,train
837653,train
813781,train
809648,train
814118,train
813176,train
803783,train
809493,train
832398,train
810219,train
827223,train
842668,train
815894,train
838212,train
814777,train
802595,train
804471,train
822953,train
819726,train
833800,train
833530,train
811053,train
799819,train
824746,train
818833,train
836812,train
832700,train
831406,train
825008,train
804651,train
815520,train
808723,train
808955,train
814354,train
839712,train
834500,train
840894,train
808447,train
827873,train
799042,train
813685,train
801607,train
819667,train
799700,train
798961,train
801227,train
835902,train
806939,train
804599,train
814183,train
842937,train
803608,train
825239,train
798539,train
811553,train
815635,train
839528,train
823932,train
829209,train
800147,train
813605,train
826545,train
807265,train
818395,train
812418,train
823985,train
826691,train
807991,train
819620,train
838750,train
831245,train
831938,train
838049,train
814590,train
816911,train
835754,train
813950,train
834946,train
841412,train
822816,train
837924,train
819278,train
808898,train
835743,train
799808,train
801797,train
816126,train
810567,train
800048,train
826826,train
838510,train
819810,train
820336,train
831802,train
833604,train
834285,train
813957,train
810307,train
813515,train
825035,train
836808,train
805722,train
801033,train
832691,train
825037,train
798483,train
840923,train
831444,train
803927,train
839711,train
817952,train
809128,train
809859,train
832112,train
837848,train
801512,train
803896,train
812516,train
834756,train
822454,train
811488,train
834169,train
801255,train
833362,train
828203,train
840103,train
823231,train
835491,train
810212,train
833084,train
806093,train
801120,train
839864,train
825509,train
798460,train
839600,train
832483,train
814389,train
822956,train
831062,train
838122,train
799754,train
822330,train
824636,train
842182,train
827664,train
823705,train
834916,train
807348,train
836571,train
809675,train
829491,train
824795,train
811425,train
825028,train
824360,train
800591,train
802393,train
824417,train
819892,train
813561,train
840123,train
801248,train
809003,train
816415,train
800838,train
832518,train
832963,train
841980,train
809118,train
811451,train
811620,train
825011,train
841745,train
838041,train
803053,train
839235,train
805351,train
806231,train
802127,train
812586,train
824675,train
834362,train
832482,train
815789,train
842739,train
808969,train
799884,train
798635,train
799435,train
842407,train
843117,train
831097,train
837157,train
837116,train
825705,train
806014,train
815930,train
813208,train
811092,train
814177,train
826036,train
800553,train
804716,train
799567,train
838660,train
807890,train
823396,train
836238,train
835103,train
840252,train
818761,train
815834,train
832836,train
830927,train
800462,train
803871,train
842178,train
842982,train
817828,train
839177,train
811060,train
799323,train
811085,train
837429,train
809172,train
829820,train
836728,train
830506,train
808825,train
839632,train
807867,train
820071,train
839694,train
800849,train
811595,train
802332,train
834048,train
807770,train
807550,train
825809,train
824341,train
813462,train
819313,train
835384,train
824839,train
824408,train
805107,train
802330,train
827160,train
815445,train
832581,train
839734,train
839672,train
799679,train
800130,train
801795,train
824520,train
836851,train
815403,train
833394,train
802831,train
813888,train
824123,train
831329,train
817802,train
828467,train
842768,train
842724,train
842410,train
831793,train
837711,train
823884,train
799607,train
841961,train
825666,train
825472,train
834736,train
801993,train
801548,train
818468,train
838110,train
842463,train
817689,train
825970,train
813703,train
809431,train
829841,train
814530,train
799124,train
834435,train
830785,train
823861,train
819161,train
808210,train
799406,train
816812,train
810257,train
837887,train
827667,train
802377,train
836910,train
840806,train
827968,train
810502,train
825613,train
809698,train
825933,train
838955,train
802779,train
834013,train
809127,train
833689,train
810061,train
828807,train
803424,train
831510,train
831467,train
825628,train
809377,train
825903,train
805778,train
839471,train
813212,train
805297,train
807978,train
802687,train
839287,train
828079,train
800371,train
799772,train
841704,train
800000,train
827979,train
808412,train
808927,train
830164,train
823528,train
831594,train
806945,train
805172,train
805426,train
801574,train
837179,train
802837,train
819025,train
834681,train
837901,train
837224,train
825137,train
823856,train
811126,train
832552,train
839891,train
805260,train
814663,train
810532,train
804839,train
827920,train
837340,train
797912,train
838633,train
799907,train
837433,train
834471,train
837002,train
804984,train
826087,train
798108,train
830680,train
834413,train
805892,train
835154,train
811486,train
827361,train
800934,train
814696,train
830574,train
799818,train
842596,train
802970,train
831981,train
811927,train
808113,train
810206,train
809775,train
810059,train
833640,train
834793,train
831149,train
800345,train
815688,train
824386,train
824890,train
819519,train
834290,train
825768,train
829196,train
837069,train
816092,train
811816,train
822698,train
808547,train
810586,train
815486,train
809868,train
808879,train
830277,train
842148,train
831978,train
819577,train
808176,train
836148,train
842721,train
837321,train
836018,train
824038,train
827039,train
799574,train
816999,train
840498,train
812817,train
838136,train
823024,train
839621,train
833263,train
818889,train
816215,train
802311,train
839708,train
827159,train
815260,train
829181,train
799359,train
843211,train
800737,train
802864,train
807669,train
838620,train
837759,train
838340,train
815418,train
806083,train
803942,train
817928,train
833738,train
814265,train
839478,train
802803,train
803545,train
806122,train
813690,train
832915,train
813489,train
842384,train
815656,train
798436,train
807567,train
828181,train
802474,train
834784,train
833363,train
824400,train
820338,train
819376,train
817111,train
804722,train
828735,train
840569,train
822429,train
798493,train
835402,train
805585,train
830073,train
819133,train
822380,train
830273,train
813304,train
838919,train
827997,train
838476,train
823678,train
833549,train
812411,train
839047,train
838726,train
826868,train
799092,train
834786,train
803882,train
810679,train
817940,train
835629,train
837674,train
837477,train
803788,train
840738,train
813057,train
822459,train
840760,train
825174,train
840671,train
815829,train
824178,train
818181,train
837054,train
840284,train
799822,train
824628,train
822812,train
837409,train
803155,train
838016,train
828849,train
817186,train
815938,train
842619,train
823131,train
805639,train
834421,train
803928,train
840685,train
830199,train
811495,train
813062,train
815519,train
825871,train
822854,train
837563,train
811917,train
798510,train
822842,train
826118,train
838779,train
831899,train
810354,train
829177,train
801669,train
802369,train
840893,train
808902,train
815338,train
799985,train
822725,train
826790,train
841778,train
809009,train
837785,train
813309,train
841859,train
836346,train
807819,train
837504,train
811536,train
839212,train
814412,train
818587,train
819093,train
839328,train
826374,train
835757,train
842560,train
818273,train
829490,train
833211,train
798087,train
798930,train
809627,train
812482,train
811184,train
798797,train
817129,train
822467,train
818613,train
830786,train
801634,train
812957,train
803157,train
823232,train
832738,train
804524,train
818498,train
811385,train
808540,train
804958,train
823641,train
815092,train
805943,train
811978,train
834387,train
830793,train
811689,train
840942,train
798469,train
834136,train
838380,train
800025,train
811517,train
836493,train
819489,train
819553,train
835792,train
809687,train
805167,train
818350,train
841354,train
834817,train
812135,train
818659,train
805200,train
798918,train
841783,train
840327,train
819457,train
833124,train
835807,train
807397,train
825597,train
816891,train
823729,train
798568,train
828781,train
825215,train
811127,train
829377,train
839203,train
816061,train
801149,train
813058,train
832423,train
823429,train
799795,train
826405,train
828473,train
834897,train
806929,train
838521,train
806891,train
839851,train
803767,train
800722,train
802577,train
799761,train
825113,train
826550,train
827673,train
825897,train
807588,train
834585,train
811933,train
812315,train
834429,train
840187,train
827445,train
832818,train
831010,train
841790,train
808913,train
798658,train
816618,train
843299,train
831320,train
825856,train
826836,train
817130,train
819588,train
826921,train
822520,train
831651,train
814802,train
798286,train
818429,train
814196,train
826824,train
819289,train
807891,train
813092,train
819501,train
810505,train
812044,train
828579,train
811252,train
828439,train
803749,train
831249,train
819889,train
832729,train
814569,train
801100,train
820334,train
826639,train
814918,train
836080,train
805189,train
825296,train
827107,train
801405,train
800428,train
840860,train
807040,train
836453,train
841427,train
838714,train
804859,train
809559,train
801871,train
835811,train
827092,train
818212,train
801175,train
798346,train
834840,train
832789,train
831739,train
806151,train
801001,train
805578,train
829179,train
842163,train
802473,train
817756,train
833531,train
809862,train
840499,train
808634,train
828385,train
806196,train
839748,train
823908,train
812828,train
811405,train
829228,train
810082,train
799791,train
805285,train
807782,train
817083,train
808078,train
813824,train
801627,train
840646,train
810865,train
816713,train
823600,train
826605,train
799172,train
810495,train
811640,train
833504,train
831709,train
801352,train
823355,train
798581,train
835244,train
838485,train
817108,train
841165,train
811280,train
825721,train
809432,train
832906,train
835047,train
808886,train
812856,train
842338,train
824248,train
823459,train
810996,train
801146,train
832837,train
813509,train
825582,train
813803,train
836261,train
822898,train
838790,train
807396,train
823755,train
799209,train
817139,train
824750,train
832393,train
817094,train
836718,train
827006,train
798680,train
807341,train
822978,train
815852,train
811155,train
823638,train
831243,train
811600,train
817885,train
805180,train
811490,train
833950,train
818313,train
839908,train
839005,train
816225,train
829848,train
826253,train
807599,train
837935,train
818924,train
805716,train
837652,train
820233,train
815837,train
832675,train
841782,train
823209,train
824651,train
808129,train
829997,train
820119,train
804844,train
827992,train
832037,train
827332,train
805989,train
826061,train
819919,train
806325,train
801245,train
800867,train
801159,train
815039,train
822897,train
817596,train
822962,train
825745,train
826610,train
829018,train
836266,train
836742,train
840371,train
832817,train
806069,train
840915,train
841299,train
816707,train
798334,train
798855,train
804648,train
822486,train
829112,train
806136,train
799357,train
834349,train
840172,train
816715,train
818770,train
809766,train
825093,train
827933,train
830761,train
819699,train
803638,train
811227,train
805876,train
840400,train
799786,train
839887,train
826112,train
799029,train
799601,train
842567,train
812931,train
834414,train
834408,train
835464,train
825650,train
829391,train
807370,train
828226,train
833773,train
816227,train
841756,train
831388,train
842375,train
817776,train
824371,train
835669,train
831100,train
799342,train
809561,train
842991,train
800282,train
800370,train
807963,train
819276,train
826599,train
801164,train
834490,train
829724,train
801604,train
837467,train
824348,train
839538,train
842887,train
812296,train
830505,train
809049,train
834004,train
812329,train
803900,train
836787,train
835628,train
816645,train
814601,train
820326,train
802012,train
830983,train
834832,train
832803,train
826980,train
801494,train
801160,train
839425,train
841294,train
836237,train
834773,train
809965,train
814127,train
811965,train
798583,train
840426,train
825532,train
800252,train
804527,train
801468,train
800281,train
807898,train
839623,train
808212,train
818437,train
833643,train
806541,train
806200,train
833399,train
819244,train
800726,train
823188,train
835751,train
836900,train
819108,train
815683,train
799896,train
824486,train
818850,train
819581,train
824680,train
833866,train
833177,train
830432,train
829371,train
840692,train
822803,train
800524,train
831287,train
834419,train
810944,train
818430,train
839895,train
818272,train
803410,train
832466,train
833027,train
835857,train
815099,train
828963,train
840330,train
802093,train
805327,train
811492,train
799358,train
798920,train
834885,train
823889,train
814467,train
808234,train
798711,train
809035,train
804610,train
820003,train
841596,train
842911,train
836847,train
802112,train
800593,train
832917,train
819847,train
799614,train
814215,train
829803,train
801549,train
798372,train
813745,train
833453,train
815952,train
829109,train
824028,train
827874,train
807601,train
799876,train
833437,train
843058,train
827801,train
841510,train
835338,train
826714,train
798371,train
808167,train
826439,train
830677,train
805128,train
829240,train
812402,train
838135,train
817157,train
800930,train
839921,train
809634,train
819804,train
801004,train
843028,train
817662,train
800794,train
829324,train
799787,train
832945,train
834087,train
812910,train
812089,train
826766,train
836572,train
828603,train
814528,train
813071,train
815752,train
838570,train
809166,train
803854,train
803297,train
823712,train
826687,train
825398,train
802368,train
836932,train
811222,train
818455,train
827195,train
830796,train
828465,train
830679,train
824879,train
840055,train
799098,train
830459,train
814661,train
798613,train
822717,train
804979,train
833916,train
825680,train
840625,train
839933,train
816119,train
816988,train
800115,train
830491,train
818193,train
801757,train
802471,train
807461,train
805337,train
817525,train
799568,train
827812,train
799541,train
837276,train
801123,train
841737,train
839304,train
807954,train
818423,train
838846,train
808249,train
837959,train
828628,train
838561,train
842449,train
819068,train
819972,train
810042,train
805970,train
814562,train
807403,train
841329,train
834589,train
818710,train
817449,train
818799,train
817453,train
839017,train
808754,train
838036,train
824619,train
826430,train
819981,train
816407,train
827866,train
810153,train
840690,train
808495,train
822881,train
833302,train
822493,train
819582,train
803286,train
799766,train
831147,train
842994,train
826242,train
825081,train
806612,train
834223,train
803911,train
829520,train
832633,train
826130,train
798627,train
823763,train
799699,train
840480,train
840503,train
803674,train
815701,train
809586,train
827215,train
800444,train
819601,train
825635,train
817507,train
839957,train
823373,train
833561,train
816853,train
832858,train
816316,train
827666,train
805814,train
830471,train
824956,train
839690,train
812181,train
835008,train
829438,train
806333,train
828138,train
822427,train
840100,train
822832,train
811474,train
815514,train
819183,train
824492,train
801822,train
798275,train
810276,train
833433,train
813627,train
822877,train
829906,train
811982,train
829985,train
837501,train
831106,train
811750,train
830542,train
811766,train
822317,train
798252,train
822444,train
818321,train
811312,train
811509,train
827824,train
835027,train
815467,train
828867,train
800808,train
830964,train
827926,train
831596,train
822617,train
836859,train
832998,train
842369,train
804460,train
832311,train
818999,train
812410,train
842540,train
799953,train
840871,train
823784,train
800787,train
825058,train
811601,train
834173,train
809000,train
841574,train
800125,train
801007,train
815325,train
818434,train
824645,train
811067,train
798461,train
813038,train
828574,train
823480,train
815524,train
813490,train
817857,train
810158,train
829218,train
828160,train
841413,train
836987,train
822297,train
805330,train
833289,train
822909,train
801031,train
833508,train
829107,train
830538,train
810028,train
823507,train
829146,train
814341,train
818585,train
815933,train
828547,train
834463,train
798189,train
807058,train
808468,train
825779,train
815839,train
800944,train
834510,train
827248,train
831914,train
816289,train
807074,train
801030,train
806699,train
801784,train
818741,train
807531,train
802785,train
822371,train
813170,train
823635,train
831438,train
814253,train
817874,train
824253,train
806833,train
830477,train
826042,train
798099,train
816529,train
799806,train
842254,train
829414,train
801363,train
833004,train
832739,train
822676,train
832414,train
806369,train
802668,train
829123,train
814172,train
818899,train
830486,train
810262,train
807580,train
804966,train
800322,train
803021,train
828751,train
820351,train
831568,train
806292,train
834754,train
838412,train
804551,train
804487,train
816682,train
807079,train
812211,train
822959,train
838445,train
811852,train
833666,train
836131,train
808465,train
815807,train
825733,train
832436,train
806557,train
804959,train
806632,train
798837,train
800150,train
813433,train
841533,train
810459,train
840511,train
812257,train
839575,train
802436,train
807642,train
834358,train
809608,train
803268,train
808183,train
839876,train
801789,train
838667,train
833272,train
798326,train
805709,train
810261,train
823649,train
802074,train
806354,train
830584,train
812355,train
836444,train
825952,train
799076,train
829909,train
803435,train
815303,train
835850,train
837139,train
817281,train
829716,train
818641,train
810164,train
833710,train
838803,train
815648,train
834649,train
807847,train
812227,train
816234,train
834985,train
833326,train
798567,train
811343,train
842494,train
801380,train
801312,train
841658,train
796133,train
836340,train
806780,train
830952,train
807641,train
837417,train
833143,train
839688,train
810139,train
809162,train
840726,train
830069,train
810678,train
809319,train
829270,train
842953,train
808545,train
838338,train
817915,train
826884,train
809372,train
824154,train
829008,train
820177,train
800454,train
819221,train
805583,train
811118,train
815088,train
836562,train
802209,train
806124,train
828196,train
807875,train
829105,train
823864,train
832077,train
808245,train
811036,train
840898,train
813086,train
823037,train
825649,train
798828,train
813425,train
800235,train
802443,train
807623,train
817822,train
802906,train
815106,train
802724,train
841819,train
810938,train
826972,train
805256,train
810245,train
819063,train
838940,train
842589,train
832320,train
812234,train
833251,train
805666,train
834834,train
811582,train
841492,train
836456,train
813383,train
813689,train
836560,train
810902,train
811825,train
802312,train
829337,train
831459,train
826106,train
798812,train
805872,train
823609,train
805215,train
824490,train
829148,train
815070,train
814917,train
806867,train
827943,train
832781,train
807637,train
837018,train
833958,train
808486,train
804999,train
837480,train
835262,train
837873,train
810167,train
823936,train
825050,train
836458,train
798423,train
838753,train
804691,train
834580,train
837776,train
834420,train
799319,train
828904,train
829640,train
838937,train
823245,train
841489,train
823134,train
838776,train
798431,train
828597,train
813011,train
822798,train
843068,train
836938,train
798739,train
829012,train
802394,train
800530,train
840667,train
824591,train
841324,train
830722,train
823539,train
814838,train
832209,train
798441,train
810035,train
831972,train
830620,train
798367,train
816390,train
841461,train
813056,train
835427,train
828855,train
827518,train
829300,train
824082,train
837565,train
800379,train
819127,train
827769,train
827338,train
836587,train
811279,train
839283,train
834970,train
831254,train
818026,train
809394,train
807136,train
835919,train
803270,train
828806,train
801600,train
816505,train
811929,train
822373,train
840255,train
809594,train
816111,train
830102,train
815452,train
825551,train
832008,train
824266,train
832162,train
831431,train
815354,train
834131,train
807249,train
833974,train
829225,train
833739,train
837053,train
827069,train
832984,train
834751,train
809861,train
813252,train
808162,train
816914,train
801898,train
826080,train
838854,train
811860,train
810215,train
825998,train
805546,train
829355,train
825394,train
829880,train
822805,train
813637,train
841139,train
799835,train
838426,train
800309,train
818879,train
800660,train
822823,train
810014,train
830047,train
807755,train
840728,train
826818,train
833554,train
839670,train
836303,train
816365,train
832347,train
830001,train
820131,train
839009,train
823710,train
814748,train
810757,train
825866,train
809939,train
830074,train
801488,train
840231,train
825175,train
806957,train
811446,train
815157,train
815424,train
815681,train
812939,train
837388,train
829603,train
832516,train
817586,train
817722,train
830363,train
801516,train
835519,train
799524,train
805866,train
835015,train
832213,train
841734,train
801491,train
841188,train
816691,train
802884,train
815012,train
799738,train
805067,train
817639,train
802607,train
806328,train
837113,train
801541,train
818000,train
802681,train
825690,train
815194,train
798257,train
834864,train
808633,train
800333,train
829253,train
829145,train
837153,train
826045,train
801292,train
812317,train
805964,train
808131,train
816996,train
799824,train
840217,train
817075,train
814634,train
827803,train
802540,train
805887,train
829660,train
812607,train
813393,train
810422,train
798700,train
823461,train
809032,train
830970,train
805832,train
816311,train
799995,train
810628,train
838045,train
800751,train
834101,train
833704,train
801254,train
805253,train
815653,train
835155,train
834135,train
817709,train
829029,train
822919,train
815654,train
801816,train
838341,train
827632,train
808433,train
801741,train
803681,train
839774,train
808003,train
802202,train
812024,train
816015,train
822416,train
816843,train
813680,train
826987,train
812493,train
840933,train
823637,train
830326,train
817999,train
798114,train
827858,train
840622,train
808507,train
818740,train
837064,train
841585,train
842175,train
807281,train
822786,train
806078,train
806785,train
803042,train
808494,train
826744,train
838442,train
825805,train
819488,train
843177,train
802715,train
799446,train
832437,train
811047,train
808398,train
829778,train
826885,train
806299,train
799402,train
833762,train
840154,train
820247,train
812300,train
805594,train
837605,train
826171,train
827736,train
837482,train
815911,train
802271,train
801430,train
798630,train
824136,train
839182,train
823740,train
835034,train
801812,train
814625,train
832762,train
800102,train
831849,train
802261,train
818848,train
804646,train
824446,train
819410,train
829714,train
835589,train
802833,train
829344,train
816816,train
808140,train
822500,train
801168,train
827243,train
815372,train
812429,train
841416,train
842869,train
801778,train
811079,train
837978,train
807093,train
805288,train
818249,train
825274,train
839263,train
823581,train
802169,train
827226,train
839364,train
832810,train
843078,train
814351,train
829072,train
830676,train
823518,train
818140,train
838719,train
838938,train
811239,train
842193,train
819707,train
824940,train
813406,train
811379,train
817962,train
830968,train
828538,train
816395,train
832932,train
822385,train
826879,train
815521,train
842788,train
838474,train
809396,train
836849,train
834515,train
829426,train
806181,train
839731,train
807789,train
822739,train
834682,train
833254,train
830439,train
810172,train
825160,train
836754,train
818735,train
809973,train
830915,train
842506,train
810141,train
840479,train
818926,train
805789,train
819903,train
803648,train
812009,train
825048,train
839254,train
837770,train
805505,train
827428,train
842896,train
805463,train
799271,train
841306,train
811815,train
826086,train
815251,train
838613,train
814891,train
807217,train
824242,train
800870,train
812176,train
815081,train
832210,train
829856,train
829360,train
835552,train
811439,train
826251,train
813151,train
830979,train
827860,train
828520,train
806904,train
827179,train
828504,train
829197,train
802633,train
823145,train
807002,train
803645,train
841638,train
814131,train
799609,train
814083,train
816344,train
799078,train
835326,train
818548,train
803599,train
838232,train
836478,train
816706,train
837811,train
798363,train
833798,train
839227,train
823590,train
811034,train
816161,train
801711,train
835733,train
819509,train
829367,train
823910,train
834141,train
841479,train
825213,train
834775,train
823089,train
816314,train
825655,train
825614,train
804484,train
843009,train
842549,train
834427,train
802940,train
813361,train
807971,train
812928,train
811253,train
830041,train
811578,train
814561,train
836795,train
803712,train
807068,train
814357,train
804604,train
799514,train
842600,train
801015,train
810625,train
827305,train
798579,train
813818,train
840392,train
811345,train
815905,train
833532,train
813569,train
801152,train
839643,train
842576,train
811286,train
832926,train
832793,train
838359,train
798588,train
816177,train
805073,train
803213,train
798491,train
839642,train
828663,train
799304,train
829994,train
802015,train
798376,train
833120,train
810282,train
804955,train
833181,train
802238,train
814075,train
805437,train
838954,train
810342,train
839512,train
798889,train
838190,train
836416,train
827555,train
825714,train
818402,train
813790,train
831170,train
838108,train
818192,train
841304,train
807545,train
832096,train
818410,train
818515,train
801724,train
803502,train
830447,train
800908,train
809635,train
832908,train
809760,train
838814,train
801065,train
823627,train
825250,train
818917,train
804810,train
819174,train
807438,train
801273,train
829630,train
823830,train
801691,train
811245,train
804480,train
824179,train
840627,train
824640,train
834896,train
809170,train
818160,train
833517,train
825835,train
839717,train
817934,train
809922,train
811939,train
813725,train
810569,train
839258,train
822990,train
811624,train
823033,train
813905,train
833308,train
839754,train
809125,train
813545,train
802642,train
810539,train
834003,train
815248,train
817137,train
802641,train
818808,train
831689,train
809783,train
824068,train
840494,train
828419,train
810687,train
804079,train
798787,train
813773,train
808725,train
817719,train
809536,train
837647,train
806920,train
815196,train
827508,train
837333,train
827684,train
832903,train
813427,train
799503,train
809234,train
836753,train
823956,train
810359,train
832562,train
808299,train
831356,train
811996,train
815516,train
826722,train
812421,train
837464,train
816298,train
837037,train
809886,train
803184,train
825079,train
835020,train
834162,train
810417,train
841512,train
841229,train
834877,train
798369,train
804717,train
837328,train
799773,train
805865,train
806324,train
823347,train
817177,train
824873,train
806257,train
839392,train
831118,train
801310,train
818678,train
808269,train
799502,train
809390,train
834019,train
831125,train
808147,train
798472,train
834548,train
839764,train
822497,train
813260,train
799072,train
799600,train
834805,train
828764,train
838897,train
807278,train
825778,train
808774,train
803057,train
826739,train
803729,train
838118,train
825711,train
809029,train
801483,train
834117,train
799337,train
807135,train
835000,train
808924,train
812281,train
814714,train
809463,train
842537,train
825192,train
837349,train
814102,train
830720,train
826028,train
806758,train
840008,train
818776,train
809870,train
842956,train
800248,train
834824,train
823073,train
798817,train
813985,train
837775,train
841654,train
823761,train
808490,train
805744,train
818936,train
810936,train
810134,train
813901,train
814114,train
798267,train
799733,train
807861,train
840917,train
803084,train
824057,train
817133,train
814940,train
803022,train
832638,train
814741,train
838393,train
809995,train
817247,train
828550,train
817302,train
835250,train
835258,train
810871,train
809582,train
814407,train
839839,train
829476,train
831966,train
830492,train
802781,train
805176,train
806808,train
829053,train
798561,train
842262,train
827244,train
811273,train
823805,train
838481,train
827185,train
831540,train
838654,train
833463,train
807020,train
832823,train
842260,train
836260,train
826455,train
835636,train
802300,train
800994,train
815753,train
805034,train
830797,train
838979,train
798598,train
801243,train
799375,train
826768,train
818518,train
800664,train
836368,train
819883,train
831326,train
824392,train
825913,train
833217,train
798287,train
802676,train
799049,train
838434,train
799793,train
817739,train
822627,train
818005,train
808369,train
810415,train
814555,train
819315,train
814259,train
838564,train
801374,train
813346,train
800200,train
800448,train
803542,train
799201,train
804580,train
805142,train
812843,train
826076,train
829669,train
825901,train
832553,train
804922,train
809741,train
832277,train
803023,train
815917,train
830325,train
842562,train
831469,train
827181,train
832010,train
812544,train
835812,train
807188,train
816419,train
805772,train
815343,train
813385,train
825718,train
807924,train
825830,train
809703,train
819605,train
802942,train
816821,train
826477,train
802643,train
832156,train
831799,train
825894,train
811413,train
837217,train
805687,train
799307,train
822669,train
833843,train
799436,train
799853,train
814613,train
803710,train
809293,train
810113,train
829754,train
810749,train
800421,train
843241,train
817014,train
822799,train
831325,train
802500,train
825529,train
800317,train
808047,train
826893,train
826794,train
814401,train
812361,train
799456,train
799942,train
831111,train
842986,train
835337,train
807358,train
824389,train
824872,train
817115,train
842564,train
803025,train
801593,train
817923,train
841150,train
822900,train
843079,train
833299,train
817626,train
808706,train
818220,train
833083,train
827376,train
831753,train
837086,train
818593,train
809110,train
833824,train
819420,train
817070,train
834392,train
812809,train
837890,train
835038,train
811520,train
835461,train
834905,train
803775,train
840159,train
800503,train
837446,train
799229,train
836731,train
814197,train
801506,train
803707,train
823811,train
814352,train
838052,train
804831,train
836949,train
810213,train
816382,train
825441,train
804488,train
806480,train
835601,train
828441,train
816935,train
825417,train
803706,train
801166,train
806552,train
813049,train
836007,train
812251,train
835487,train
841359,train
813760,train
802041,train
828424,train
822468,train
834898,train
817544,train
838392,train
839620,train
842504,train
829634,train
810356,train
817937,train
833899,train
813574,train
840057,train
833827,train
809389,train
830738,train
800258,train
840112,train
802297,train
823946,train
818315,train
801032,train
803408,train
827063,train
819373,train
800063,train
819794,train
811447,train
803366,train
838616,train
831322,train
824579,train
822753,train
834674,train
804847,train
811336,train
815291,train
817628,train
813347,train
832396,train
811137,train
803534,train
813138,train
830417,train
810668,train
809213,train
824336,train
814761,train
833714,train
801261,train
818627,train
819450,train
811925,train
800646,train
810181,train
801140,train
833912,train
817006,train
810015,train
815340,train
825059,train
823428,train
836520,train
815820,train
808157,train
820037,train
840390,train
837456,train
805043,train
811998,train
805921,train
830966,train
802649,train
801476,train
831734,train
800831,train
807484,train
829226,train
822346,train
833246,train
842242,train
815025,train
830942,train
820258,train
802076,train
839673,train
798488,train
809547,train
809666,train
833168,train
825384,train
839783,train
832904,train
829688,train
828642,train
833142,train
799002,train
841741,train
830764,train
815810,train
804529,train
833174,train
823882,train
808242,train
814162,train
812390,train
836306,train
807067,train
840649,train
836942,train
828572,train
838071,train
815344,train
841851,train
823038,train
841394,train
809997,train
806668,train
823519,train
813411,train
818802,train
826332,train
827641,train
839004,train
799071,train
822991,train
833297,train
801114,train
809193,train
833525,train
814516,train
838833,train
832681,train
805584,train
801893,train
804607,train
834183,train
802866,train
831986,train
824656,train
814551,train
819309,train
806520,train
811735,train
833162,train
809489,train
829330,train
804969,train
842282,train
823423,train
834161,train
813761,train
804539,train
812265,train
797867,train
816608,train
837089,train
825732,train
808512,train
817761,train
823769,train
819636,train
830630,train
834411,train
814340,train
817051,train
808327,train
813115,train
838059,train
801189,train
826176,train
818379,train
829291,train
835802,train
810456,train
803216,train
832143,train
832444,train
823701,train
809580,train
833110,train
823435,train
832608,train
805438,train
819835,train
806896,train
816785,train
834022,train
817546,train
840899,train
800466,train
831693,train
838040,train
800332,train
829879,train
824237,train
826702,train
837892,train
840156,train
825136,train
807418,train
811194,train
802737,train
809156,train
819112,train
833438,train
828590,train
819164,train
799182,train
805181,train
826266,train
822746,train
826482,train
830221,train
840305,train
831180,train
818680,train
842447,train
814142,train
804951,train
808431,train
818900,train
802854,train
801635,train
834704,train
812881,train
814111,train
799823,train
836407,train
840435,train
804482,train
818224,train
832838,train
818505,train
809343,train
803863,train
837216,train
807704,train
803198,train
818937,train
830660,train
802137,train
826185,train
800112,train
813770,train
817573,train
825528,train
800704,train
830056,train
799112,train
810907,train
836374,train
836467,train
814595,train
802796,train
827368,train
816217,train
801805,train
839877,train
805683,train
835635,train
802747,train
823462,train
833257,train
799721,train
831729,train
842425,train
816579,train
817951,train
823986,train
817983,train
826480,train
809423,train
820332,train
840107,train
800091,train
822847,train
835795,train
806190,train
807564,train
818386,train
801616,train
842342,train
830980,train
817033,train
811367,train
807815,train
832522,train
799688,train
814326,train
836457,train
803374,train
798712,train
830193,train
827685,train
805049,train
810328,train
819734,train
812895,train
814517,train
840259,train
840932,train
801247,train
842873,train
805444,train
798303,train
838711,train
808443,train
823898,train
819218,train
817614,train
835386,train
802806,train
800580,train
801926,train
840765,train
827616,train
825506,train
818623,train
836318,train
807972,train
800807,train
822988,train
840086,train
839686,train
828017,train
816318,train
801733,train
831032,train
817205,train
825616,train
812186,train
803017,train
830807,train
826507,train
829266,train
841966,train
806970,train
817559,train
830195,train
829774,train
817060,train
823531,train
832487,train
820295,train
805743,train
823372,train
804473,train
825833,train
833717,train
813940,train
818582,train
815624,train
831705,train
802527,train
808556,train
805987,train
842210,train
805644,train
808209,train
802004,train
842879,train
838572,train
830599,train
842250,train
838220,train
803234,train
834974,train
831614,train
811820,train
800473,train
823452,train
808798,train
841502,train
818749,train
835859,train
841882,train
837932,train
828205,train
809552,train
839361,train
798871,train
824232,train
827573,train
818191,train
801165,train
802349,train
830879,train
817568,train
839271,train
818580,train
815697,train
799843,train
828464,train
801699,train
824252,train
824202,train
838143,train
808726,train
819527,train
823881,train
839262,train
808769,train
798413,train
840393,train
825811,train
805005,train
798795,train
835175,train
830016,train
812587,train
816204,train
809387,train
803857,train
824954,train
841731,train
823326,train
810201,train
838813,train
798506,train
810349,train
803722,train
826063,train
810189,train
810776,train
823625,train
824602,train
828541,train
831912,train
802946,train
811705,train
806242,train
814487,train
813975,train
818934,train
840973,train
831848,train
811370,train
804912,train
826386,train
829621,train
842892,train
838177,train
817570,train
825435,train
822767,train
803205,train
824767,train
823749,train
811277,train
805008,train
812108,train
828804,train
839325,train
840516,train
804597,train
837535,train
809198,train
842972,train
824247,train
819266,train
802506,train
840451,train
841913,train
799045,train
830972,train
805293,train
837984,train
818300,train
825764,train
839618,train
823760,train
840245,train
807725,train
825562,train
838378,train
829571,train
842866,train
807372,train
799792,train
825032,train
831044,train
799680,train
827365,train
832059,train
834474,train
807131,train
803853,train
837869,train
824637,train
838512,train
807628,train
830340,train
831051,train
806128,train
837583,train
805732,train
830292,train
828157,train
799928,train
809755,train
802759,train
838951,train
817039,train
800843,train
808876,train
842016,train
804931,train
833432,train
826466,train
830774,train
811478,train
825489,train
835590,train
833559,train
809508,train
800548,train
807611,train
809167,train
808793,train
801271,train
825186,train
817104,train
825761,train
832432,train
816342,train
820180,train
814847,train
801637,train
829784,train
837838,train
825574,train
798603,train
825100,train
839238,train
802490,train
811632,train
825033,train
841469,train
832502,train
806194,train
814415,train
799890,train
799162,train
810642,train
806103,train
838884,train
808635,train
836836,train
816442,train
812814,train
802328,train
799937,train
813808,train
841203,train
841308,train
806990,train
822785,train
818527,train
835567,train
840484,train
839827,train
819046,train
798330,train
801090,train
823477,train
813792,train
805121,train
824590,train
805643,train
798781,train
824666,train
800284,train
816493,train
819975,train
799993,train
841813,train
811628,train
835486,train
800262,train
804734,train
813850,train
830088,train
814395,train
802327,train
839342,train
831750,train
839399,train
825246,train
834873,train
826952,train
832068,train
817459,train
828434,train
822358,train
799675,train
800678,train
800350,train
800981,train
839356,train
823821,train
829802,train
834483,train
819371,train
832714,train
841443,train
802550,train
817876,train
838815,train
837735,train
813983,train
840090,train
833134,train
815797,train
805877,train
808990,train
829125,train
825054,train
814796,train
810968,train
823007,train
820262,train
806797,train
826089,train
824833,train
805576,train
823642,train
798875,train
840318,train
801793,train
831173,train
815415,train
798427,train
822622,train
827289,train
818422,train
817271,train
810222,train
806955,train
818629,train
834005,train
823728,train
799280,train
830732,train
824488,train
829502,train
839529,train
823685,train
829935,train
836108,train
812059,train
841440,train
822452,train
815040,train
831158,train
800142,train
829546,train
834209,train
835562,train
829907,train
802449,train
832699,train
820190,train
843030,train
839554,train
831704,train
802342,train
798810,train
835584,train
827057,train
813753,train
805784,train
799565,train
819591,train
840291,train
801888,train
801951,train
830685,train
799322,train
827732,train
802457,train
836511,train
838896,train
809346,train
838676,train
799692,train
815308,train
834693,train
801440,train
834302,train
803043,train
809637,train
809205,train
808238,train
829797,train
800100,train
832808,train
807275,train
801438,train
829459,train
806999,train
799939,train
802699,train
817650,train
801643,train
814370,train
842550,train
806097,train
835037,train
807518,train
805502,train
808315,train
811031,train
830701,train
820221,train
809134,train
804521,train
819120,train
817613,train
810080,train
807039,train
813178,train
809361,train
822693,train
817164,train
809713,train
812494,train
810496,train
827661,train
799428,train
827577,train
817713,train
832421,train
815809,train
826758,train
835994,train
828249,train
817328,train
809139,train
831156,train
805007,train
839706,train
806894,train
800713,train
832290,train
840510,train
823270,train
831162,train
807723,train
819915,train
806613,train
801503,train
800890,train
822406,train
804991,train
823963,train
825391,train
828122,train
837331,train
822488,train
801299,train
839950,train
805387,train
829202,train
806958,train
813990,train
823398,train
832663,train
830587,train
808302,train
819511,train
810473,train
833409,train
838796,train
839279,train
812887,train
810465,train
803112,train
805138,train
831517,train
804682,train
817003,train
806367,train
817484,train
827038,train
813394,train
836350,train
837601,train
842293,train
812480,train
833223,train
813632,train
831048,train
833361,train
819645,train
798260,train
840533,train
809962,train
806614,train
824042,train
825065,train
825436,train
840550,train
836907,train
805412,train
818753,train
832367,train
805947,train
835109,train
799530,train
841660,train
833854,train
841920,train
825636,train
800866,train
837936,train
826986,train
810217,train
830740,train
810858,train
829950,train
802696,train
830485,train
802631,train
824898,train
825762,train
801233,train
799964,train
832509,train
797293,train
823900,train
802344,train
799347,train
822318,train
809725,train
814054,train
816054,train
806174,train
837599,train
833335,train
808673,train
799324,train
831968,train
798879,train
816360,train
798098,train
837426,train
819567,train
805420,train
837964,train
826160,train
843140,train
808112,train
838697,train
818733,train
818692,train
841941,train
837587,train
800776,train
840722,train
827679,train
816899,train
815220,train
831135,train
841932,train
812559,train
834928,train
830571,train
818059,train
808215,train
831626,train
840178,train
805354,train
813041,train
835261,train
826175,train
819092,train
804472,train
823115,train
798452,train
818894,train
815700,train
807859,train
801747,train
817622,train
825774,train
811261,train
806389,train
810796,train
843139,train
803550,train
830141,train
837725,train
807576,train
842424,train
800799,train
805942,train
837346,train
842332,train
834357,train
829829,train
799371,train
805726,train
822316,train
825271,train
828231,train
832390,train
827479,train
830559,train
815451,train
804528,train
799165,train
800659,train
799314,train
836722,train
834976,train
809669,train
827836,train
820273,train
811063,train
802902,train
823587,train
801262,train
812563,train
807684,train
813890,train
819752,train
808375,train
823630,train
804497,train
839689,train
838162,train
840143,train
807784,train
802329,train
816085,train
813153,train
836712,train
840784,train
809985,train
842259,train
823287,train
837767,train
808372,train
824630,train
813728,train
813388,train
813359,train
812056,train
827339,train
818988,train
830019,train
826052,train
801715,train
838859,train
802567,train
830713,train
826684,train
818602,train
815426,train
824456,train
841195,train
835521,train
809999,train
798857,train
823947,train
834440,train
800705,train
810788,train
803830,train
838560,train
825196,train
836909,train
807870,train
830768,train
802709,train
838142,train
816145,train
800104,train
798582,train
803284,train
803731,train
828036,train
814085,train
817814,train
805352,train
837739,train
842209,train
799448,train
799820,train
835882,train
803497,train
824570,train
800515,train
808024,train
802254,train
816319,train
836412,train
833629,train
835418,train
839180,train
806171,train
834904,train
824595,train
801813,train
816725,train
832928,train
824600,train
813377,train
801049,train
803902,train
804675,train
824835,train
828614,train
807032,train
807535,train
798770,train
834601,train
822910,train
818339,train
811204,train
830801,train
811475,train
811958,train
839638,train
828558,train
802480,train
836431,train
799315,train
818177,train
841886,train
814307,train
822986,train
820051,train
801649,train
812282,train
818383,train
815052,train
832305,train
812907,train
827329,train
809380,train
810506,train
830190,train
813424,train
832615,train
811609,train
818330,train
833752,train
816852,train
803820,train
816226,train
818129,train
841431,train
833756,train
832495,train
806842,train
830498,train
813412,train
803264,train
807546,train
813862,train
818481,train
820046,train
827432,train
814668,train
798387,train
817386,train
811890,train
822747,train
824100,train
834780,train
818275,train
827335,train
800783,train
817844,train
812533,train
833949,train
829111,train
816075,train
812294,train
808792,train
832271,train
826889,train
826241,train
809831,train
836790,train
826453,train
834292,train
802714,train
827062,train
809055,train
801644,train
840458,train
838019,train
801320,train
811557,train
839442,train
815108,train
810516,train
823868,train
829443,train
827400,train
827650,train
830941,train
831087,train
842959,train
831075,train
827990,train
827807,train
801444,train
802389,train
826142,train
807154,train
823266,train
807724,train
809353,train
828332,train
802721,train
834442,train
840310,train
837202,train
829448,train
806906,train
811627,train
842108,train
823504,train
823307,train
835041,train
799797,train
801291,train
815417,train
805881,train
824515,train
816687,train
801317,train
816241,train
825406,train
808616,train
799015,train
802983,train
815182,train
832684,train
813964,train
798392,train
836719,train
828450,train
798550,train
836788,train
831599,train
834266,train
798504,train
813783,train
801658,train
819126,train
809338,train
823040,train
815795,train
822670,train
798278,train
810536,train
829276,train
807199,train
826153,train
816982,train
808368,train
830261,train
808852,train
832316,train
814180,train
829221,train
811503,train
810510,train
816128,train
817241,train
839724,train
839885,train
821945,train
816024,train
800040,train
843106,train
810288,train
834612,train
831977,train
836692,train
837234,train
810677,train
837079,train
812168,train
819430,train
839506,train
824370,train
833932,train
826033,train
813791,train
810238,train
825387,train
831919,train
815228,train
843243,train
819388,train
825477,train
800139,train
805510,train
815266,train
805362,train
839798,train
814508,train
801246,train
802077,train
807242,train
808054,train
816377,train
830864,train
824799,train
806914,train
799110,train
832070,train
828423,train
838388,train
832322,train
812092,train
807050,train
814390,train
832821,train
828878,train
838956,train
824905,train
800727,train
807519,train
817992,train
834741,train
843043,train
839789,train
833331,train
798339,train
816130,train
817700,train
841452,train
841386,train
811013,train
799686,train
826733,train
828546,train
815453,train
833683,train
823436,train
833427,train
816295,train
827044,train
816890,train
800425,train
834214,train
828608,train
801641,train
827103,train
803061,train
826321,train
802316,train
818571,train
800835,train
824561,train
828375,train
801732,train
842584,train
823542,train
806391,train
822901,train
841392,train
822695,train
801045,train
830809,train
824052,train
831821,train
810631,train
798314,train
814094,train
829651,train
798512,train
835507,train
801913,train
840049,train
839383,train
806177,train
831204,train
841524,train
817931,train
806321,train
837323,train
827879,train
841303,train
814208,train
804980,train
834980,train
803582,train
812612,train
808324,train
837514,train
835568,train
816486,train
834870,train
810013,train
837772,train
824072,train
825821,train
824167,train
817031,train
802892,train
817272,train
800535,train
818279,train
805458,train
823684,train
843029,train
807962,train
810480,train
803280,train
836212,train
819558,train
810266,train
810909,train
836535,train
840444,train
839183,train
809953,train
828882,train
803194,train
840631,train
807102,train
802045,train
820349,train
802040,train
809899,train
827093,train
807389,train
835735,train
808307,train
810193,train
803763,train
838744,train
801467,train
807578,train
825500,train
841439,train
809525,train
842654,train
810045,train
832796,train
810220,train
838379,train
836570,train
838366,train
802351,train
825905,train
835596,train
810132,train
815466,train
840506,train
838132,train
823879,train
808481,train
803858,train
833133,train
809483,train
837425,train
812599,train
833631,train
826635,train
798313,train
808156,train
806593,train
800034,train
836209,train
801282,train
833353,train
809121,train
836329,train
827590,train
817701,train
836060,train
836499,train
832656,train
798492,train
824236,train
807385,train
833601,train
811562,train
806854,train
814203,train
824029,train
827981,train
833467,train
819490,train
840254,train
819931,train
812821,train
828404,train
843138,train
814406,train
810711,train
841592,train
806530,train
829310,train
842007,train
823686,train
818558,train
822512,train
813289,train
823953,train
841861,train
825150,train
809047,train
832918,train
831335,train
835716,train
806357,train
831682,train
809839,train
808451,train
824753,train
806752,train
802528,train
829676,train
827853,train
806762,train
807919,train
833662,train
834328,train
823483,train
828059,train
803744,train
799669,train
807013,train
822578,train
842541,train
838895,train
830704,train
800023,train
808674,train
801421,train
806743,train
830795,train
816014,train
809993,train
817930,train
829249,train
800928,train
830999,train
842750,train
799723,train
814558,train
839019,train
838349,train
818974,train
799573,train
799171,train
838735,train
834118,train
839771,train
818746,train
801077,train
805399,train
836743,train
842748,train
814117,train
830038,train
826614,train
808084,train
841835,train
823329,train
832597,train
798870,train
806217,train
809232,train
839223,train
807111,train
841467,train
842644,train
831128,train
840364,train
840366,train
800003,train
840564,train
806508,train
833285,train
827378,train
803952,train
827095,train
826680,train
835914,train
838371,train
832629,train
825583,train
811304,train
814413,train
798684,train
838452,train
842416,train
832910,train
808233,train
801999,train
807291,train
809808,train
839251,train
833613,train
806059,train
810535,train
802548,train
837104,train
830756,train
798251,train
824959,train
816616,train
798955,train
812006,train
839521,train
799689,train
836082,train
836352,train
816684,train
816254,train
807070,train
826111,train
835837,train
822645,train
824502,train
805997,train
827532,train
813557,train
805063,train
830624,train
826860,train
812386,train
804737,train
824803,train
801337,train
799251,train
837348,train
805636,train
834203,train
800177,train
814688,train
801519,train
843046,train
801836,train
800049,train
840896,train
826109,train
833471,train
831386,train
799384,train
805684,train
826228,train
839172,train
805668,train
818885,train
806862,train
823146,train
832643,train
831134,train
842507,train
802927,train
816260,train
798218,train
808282,train
823353,train
840529,train
823346,train
839558,train
808643,train
822983,train
803606,train
834452,train
826367,train
833535,train
825077,train
834517,train
812085,train
842445,train
842670,train
814679,train
839802,train
838582,train
840501,train
826359,train
837007,train
817452,train
842652,train
805371,train
824174,train
828015,train
808053,train
828789,train
828330,train
799871,train
808584,train
803330,train
842200,train
808256,train
840946,train
800184,train
814712,train
819176,train
832613,train
801903,train
804698,train
826947,train
838598,train
814173,train
837625,train
837342,train
831495,train
837140,train
811598,train
806341,train
840463,train
817766,train
810623,train
809717,train
810692,train
835147,train
806640,train
825388,train
803239,train
836096,train
828811,train
808700,train
841499,train
801078,train
838770,train
836287,train
828610,train
829565,train
823394,train
828417,train
810755,train
822525,train
803833,train
806518,train
803672,train
829233,train
804601,train
836243,train
831795,train
826364,train
837133,train
835835,train
818779,train
823454,train
835927,train
828309,train
812258,train
835523,train
841231,train
819321,train
815959,train
829116,train
808983,train
835217,train
836734,train
823681,train
816426,train
823508,train
808144,train
826611,train
825991,train
818454,train
812430,train
809935,train
807806,train
822533,train
801739,train
817824,train
798705,train
835265,train
806773,train
839436,train
799297,train
842432,train
806759,train
817475,train
807526,train
813920,train
839715,train
842479,train
818361,train
818928,train
819808,train
828455,train
828578,train
830767,train
813925,train
806433,train
805610,train
836308,train
831468,train
825598,train
813363,train
811100,train
823994,train
838838,train
841698,train
818577,train
815205,train
810462,train
814630,train
836130,train
815941,train
807064,train
828955,train
799667,train
831911,train
801449,train
806148,train
836957,train
839508,train
835294,train
797577,train
806981,train
813522,train
840240,train
818218,train
839569,train
807373,train
842478,train
808332,train
829006,train
837246,train
827133,train
801270,train
824111,train
819293,train
798820,train
834671,train
839555,train
828518,train
805033,train
828117,train
798547,train
820130,train
834581,train
834369,train
825643,train
834698,train
837802,train
833873,train
803096,train
823441,train
826953,train
827084,train
813786,train
837058,train
810730,train
822817,train
823121,train
838234,train
816388,train
811487,train
834776,train
835186,train
819041,train
843066,train
827449,train
837837,train
825784,train
841684,train
817749,train
816258,train
842005,train
840386,train
831497,train
835274,train
832548,train
809366,train
834886,train
810281,train
802901,train
824357,train
826412,train
811688,train
814249,train
808417,train
842186,train
800242,train
800118,train
834225,train
814424,train
833163,train
813651,train
811435,train
838525,train
810090,train
807688,train
838819,train
837952,train
803546,train
806637,train
813338,train
807918,train
840537,train
832726,train
798437,train
840560,train
810772,train
830456,train
836468,train
830267,train
799708,train
831515,train
804711,train
801737,train
800214,train
803226,train
802218,train
803063,train
823132,train
809060,train
838682,train
831295,train
813810,train
838344,train
800026,train
826890,train
831920,train
831536,train
799971,train
840462,train
825607,train
809897,train
823387,train
807788,train
815311,train
812536,train
834705,train
843008,train
826234,train
832158,train
825154,train
813466,train
805126,train
811267,train
841697,train
841212,train
840307,train
811188,train
811348,train
802514,train
810325,train
813418,train
826504,train
836903,train
811907,train
828032,train
803347,train
799990,train
801976,train
841868,train
836450,train
798481,train
829353,train
806600,train
830668,train
824999,train
835054,train
836235,train
809350,train
816822,train
837343,train
816675,train
805320,train
802491,train
799678,train
818387,train
827145,train
812869,train
818003,train
842489,train
822328,train
814318,train
817676,train
816791,train
829231,train
828080,train
814110,train
816099,train
800238,train
801814,train
836729,train
823746,train
811291,train
798901,train
809774,train
798892,train
808075,train
839700,train
827669,train
799367,train
835074,train
830110,train
799525,train
842834,train
830705,train
814518,train
829641,train
842757,train
826809,train
838901,train
808057,train
825518,train
813795,train
806592,train
839220,train
826040,train
815091,train
819861,train
817028,train
807776,train
808050,train
809099,train
806241,train
827802,train
815247,train
825928,train
825071,train
824396,train
815410,train
822876,train
820133,train
807906,train
843004,train
835607,train
814948,train
828470,train
830665,train
829354,train
802063,train
813693,train
799216,train
800128,train
813536,train
815943,train
798604,train
832826,train
827798,train
825814,train
833553,train
832709,train
822666,train
818499,train
824048,train
799616,train
837600,train
811855,train
809632,train
829171,train
800840,train
832946,train
837366,train
804486,train
830560,train
826011,train
833167,train
825026,train
800817,train
833736,train
828814,train
799976,train
835909,train
816746,train
809894,train
834526,train
814545,train
807956,train
825423,train
835612,train
840552,train
839982,train
839637,train
811580,train
811433,train
817092,train
811496,train
808298,train
823079,train
813482,train
836175,train
828235,train
800021,train
811244,train
841420,train
834465,train
841774,train
812858,train
798565,train
823495,train
840885,train
802160,train
842218,train
823016,train
831839,train
809507,train
830570,train
826965,train
813937,train
809653,train
798383,train
801205,train
831940,train
799857,train
800842,train
842897,train
803271,train
837427,train
811668,train
800288,train
838431,train
840793,train
817592,train
824411,train
841649,train
832048,train
807930,train
837818,train
809686,train
842366,train
824004,train
836285,train
832009,train
816324,train
803218,train
833138,train
800881,train
815488,train
809836,train
840181,train
800053,train
833188,train
826444,train
827477,train
818803,train
834074,train
823388,train
823023,train
805401,train
827804,train
823698,train
832960,train
824892,train
799207,train
825012,train
809186,train
816340,train
813989,train
833319,train
798964,train
801636,train
830194,train
834733,train
827546,train
802143,train
810406,train
841411,train
814163,train
798119,train
839393,train
841528,train
799200,train
807207,train
823456,train
799499,train
808809,train
827948,train
809004,train
802725,train
809813,train
835122,train
832574,train
835254,train
815216,train
810581,train
800732,train
810617,train
807419,train
819850,train
816575,train
826344,train
798227,train
809462,train
800161,train
837421,train
810542,train
843075,train
796226,train
840678,train
801542,train
815659,train
835138,train
827309,train
817973,train
805851,train
840413,train
831381,train
804593,train
838963,train
824419,train
838176,train
837103,train
808720,train
833339,train
814155,train
809618,train
835896,train
815474,train
808580,train
834969,train
810632,train
800247,train
798487,train
831472,train
809305,train
839741,train
819621,train
830268,train
818012,train
810049,train
817875,train
823358,train
838762,train
810829,train
802762,train
809629,train
839178,train
810562,train
837749,train
823479,train
818584,train
834853,train
834731,train
832930,train
802427,train
836979,train
819902,train
800092,train
816413,train
813585,train
834195,train
798519,train
835683,train
831139,train
826328,train
804890,train
801652,train
813148,train
828888,train
799520,train
814501,train
800397,train
820040,train
809551,train
831949,train
841276,train
830217,train
831247,train
837586,train
817179,train
817964,train
813859,train
804465,train
817071,train
823817,train
840491,train
812366,train
806815,train
835863,train
837077,train
804498,train
804786,train
831792,train
832028,train
830860,train
833948,train
832227,train
811843,train
815490,train
801263,train
832099,train
837630,train
812807,train
839066,train
811787,train
798438,train
807520,train
840124,train
840668,train
843143,train
805425,train
828771,train
829596,train
816762,train
820237,train
842602,train
837294,train
831791,train
800054,train
836203,train
825182,train
835003,train
802816,train
829569,train
810807,train
800950,train
812040,train
819095,train
799668,train
825118,train
841422,train
820340,train
837965,train
823513,train
842984,train
837861,train
812172,train
812561,train
808461,train
809368,train
824332,train
803764,train
819485,train
813239,train
824880,train
826847,train
816496,train
816302,train
834142,train
803750,train
832965,train
801611,train
839003,train
814916,train
838631,train
801671,train
840363,train
814236,train
799914,train
808693,train
818485,train
819078,train
823312,train
839667,train
839894,train
802918,train
801525,train
825775,train
835604,train
801638,train
824544,train
840188,train
827410,train
812933,train
828650,train
827412,train
838949,train
806308,train
810224,train
825202,train
834308,train
832959,train
837042,train
802245,train
798537,train
842944,train
829014,train
840301,train
813023,train
818305,train
842358,train
822541,train
833862,train
801221,train
820135,train
811165,train
833651,train
836821,train
834800,train
838789,train
813234,train
814209,train
802859,train
798264,train
841695,train
841669,train
818143,train
827898,train
815926,train
815223,train
801598,train
833983,train
832724,train
842903,train
803045,train
801979,train
815437,train
800570,train
824362,train
813823,train
831660,train
825716,train
810394,train
837363,train
800825,train
806750,train
801266,train
823958,train
811262,train
800821,train
816797,train
837790,train
804680,train
838936,train
816894,train
812102,train
808450,train
826792,train
838727,train
841364,train
800412,train
823594,train
823667,train
833970,train
808538,train
826968,train
798261,train
823877,train
803193,train
834350,train
823257,train
828180,train
808169,train
834947,train
843277,train
813221,train
805721,train
824003,train
841473,train
813171,train
808421,train
799527,train
804923,train
802298,train
805819,train
799898,train
811043,train
829335,train
842284,train
809298,train
829342,train
801692,train
838415,train
825647,train
836224,train
824649,train
838749,train
813664,train
801526,train
840194,train
826732,train
818715,train
831117,train
817594,train
826108,train
812268,train
807448,train
825047,train
828376,train
802718,train
840421,train
803589,train
812057,train
807258,train
805190,train
813704,train
803581,train
799790,train
828987,train
809278,train
827411,train
834993,train
798306,train
834703,train
828556,train
817015,train
815357,train
814087,train
801995,train
827883,train
836059,train
815761,train
807521,train
808445,train
842880,train
807613,train
835222,train
807444,train
836716,train
841760,train
828041,train
825537,train
814349,train
812861,train
834707,train
825982,train
805381,train
830423,train
802435,train
805554,train
816834,train
822745,train
835715,train
801306,train
834001,train
836923,train
832508,train
823151,train
823602,train
828127,train
830711,train
825471,train
817528,train
807468,train
800767,train
818728,train
810714,train
832758,train
814681,train
815643,train
832889,train
805217,train
841238,train
807640,train
815975,train
836959,train
840574,train
833447,train
812391,train
823858,train
820224,train
815497,train
798384,train
839204,train
802212,train
809681,train
843070,train
835760,train
838678,train
805848,train
810065,train
807816,train
832875,train
839848,train
803650,train
801685,train
818157,train
829661,train
800299,train
826416,train
842535,train
834634,train
798557,train
798599,train
807869,train
812266,train
806870,train
799220,train
823735,train
837131,train
808477,train
810538,train
807834,train
834293,train
808072,train
816724,train
827863,train
804772,train
823469,train
809136,train
843278,train
839198,train
802630,train
819655,train
843250,train
830601,train
811962,train
825886,train
829843,train
824208,train
798464,train
836924,train
835985,train
837155,train
798096,train
809818,train
835174,train
808071,train
806932,train
803334,train
834774,train
813367,train
801883,train
835554,train
806303,train
802818,train
815575,train
837304,train
833766,train
837923,train
831494,train
810025,train
811565,train
831275,train
832668,train
801522,train
802894,train
801084,train
802937,train
811607,train
839292,train
823823,train
817049,train
811361,train
837712,train
834508,train
828580,train
831074,train
801016,train
816250,train
838121,train
831807,train
823733,train
829756,train
832149,train
798353,train
841298,train
825924,train
797983,train
818955,train
802358,train
817540,train
803839,train
828460,train
805016,train
829654,train
801472,train
838961,train
830072,train
812481,train
832524,train
820223,train
814108,train
828466,train
838645,train
828847,train
812269,train
838959,train
824836,train
830159,train
827471,train
818574,train
826713,train
816210,train
842878,train
843135,train
809977,train
801287,train
810471,train
832867,train
833464,train
828803,train
822465,train
836997,train
814652,train
835652,train
826261,train
813865,train
841404,train
806388,train
808826,train
815551,train
840040,train
833102,train
800382,train
831015,train
830171,train
801580,train
823846,train
826309,train
817187,train
799531,train
833815,train
829406,train
806252,train
808359,train
841976,train
811703,train
832956,train
825001,train
834871,train
798636,train
814546,train
822927,train
802994,train
833440,train
838139,train
798414,train
830594,train
803971,train
805755,train
807048,train
830633,train
839189,train
828104,train
815598,train
830482,train
841957,train
839097,train
842955,train
817171,train
825587,train
830553,train
815381,train
806057,train
838505,train
826127,train
807759,train
832814,train
831308,train
827188,train
839952,train
807196,train
803436,train
811124,train
827526,train
814582,train
824192,train
805833,train
799283,train
812289,train
832686,train
805177,train
825162,train
828714,train
825979,train
822686,train
816263,train
827398,train
826903,train
799376,train
838962,train
824517,train
817652,train
799659,train
840234,train
831354,train
832513,train
823512,train
806997,train
800852,train
802380,train
806822,train
842294,train
832863,train
811501,train
810531,train
801443,train
820001,train
829663,train
817009,train
822830,train
813817,train
834745,train
837189,train
815337,train
818349,train
818118,train
805597,train
826796,train
819762,train
802070,train
828922,train
823797,train
827768,train
835255,train
805984,train
832241,train
842692,train
798651,train
807907,train
813183,train
841814,train
838057,train
829662,train
809817,train
810850,train
818135,train
840732,train
799704,train
835079,train
836523,train
822611,train
839181,train
809671,train
836844,train
834954,train
811107,train
816480,train
802802,train
834989,train
827687,train
814536,train
813918,train
836688,train
811626,train
835480,train
815610,train
807352,train
814052,train
814379,train
829413,train
826670,train
832217,train
813575,train
832974,train
825147,train
838769,train
829713,train
803869,train
831717,train
807450,train
805355,train
806915,train
842542,train
827984,train
822872,train
830107,train
826880,train
801151,train
800181,train
828162,train
832824,train
818329,train
808999,train
838656,train
812900,train
817674,train
831281,train
839346,train
828643,train
810295,train
830532,train
823718,train
799366,train
834464,train
830529,train
799973,train
810083,train
798495,train
805246,train
840787,train
824840,train
823021,train
827841,train
816774,train
835451,train
805028,train
840664,train
824450,train
818142,train
843020,train
831896,train
830100,train
826703,train
815396,train
815746,train
819884,train
834732,train
838509,train
809535,train
804706,train
808593,train
839455,train
842651,train
831595,train
809104,train
802241,train
834573,train
811790,train
803038,train
819368,train
833538,train
813592,train
835433,train
806919,train
807744,train
818413,train
818949,train
815141,train
807423,train
828147,train
817804,train
802948,train
841470,train
839979,train
832040,train
811326,train
835546,train
826653,train
817853,train
822979,train
811046,train
841522,train
827183,train
799620,train
835466,train
816912,train
799038,train
809089,train
803870,train
823614,train
818066,train
807719,train
819735,train
814632,train
841191,train
839862,train
810551,train
808903,train
842194,train
830586,train
830203,train
809200,train
824661,train
822813,train
806838,train
798689,train
812948,train
806398,train
831091,train
838348,train
805869,train
807894,train
823444,train
823306,train
820030,train
811904,train
805981,train
832173,train
814594,train
823656,train
819320,train
835171,train
843183,train
825013,train
799372,train
834467,train
800007,train
816528,train
799188,train
818947,train
833546,train
832044,train
838063,train
801127,train
830366,train
810108,train
837715,train
798915,train
822752,train
799851,train
834717,train
837194,train
805340,train
826815,train
841300,train
798625,train
822814,train
841548,train
825992,train
832330,train
835036,train
804745,train
827165,train
825272,train
817234,train
820033,train
809050,train
830318,train
842587,train
807218,train
819362,train
839918,train
831387,train
841208,train
814072,train
813968,train
830427,train
806175,train
836473,train
808065,train
826469,train
832226,train
823982,train
814597,train
806831,train
829311,train
801080,train
814101,train
818307,train
824917,train
809037,train
823697,train
801689,train
834709,train
836156,train
807089,train
832150,train
809315,train
817830,train
808371,train
840820,train
842160,train
813868,train
824740,train
830089,train
830814,train
839261,train
835790,train
831648,train
827357,train
806380,train
817138,train
827421,train
818439,train
808036,train
815965,train
834953,train
838294,train
813315,train
836170,train
817057,train
807092,train
831352,train
823103,train
817919,train
804603,train
809916,train
802439,train
802031,train
830430,train
809051,train
798341,train
827115,train
831695,train
798811,train
827971,train
820212,train
839769,train
830619,train
826513,train
826059,train
810165,train
803514,train
832102,train
830691,train
805770,train
840861,train
817512,train
807216,train
798969,train
808775,train
828596,train
831998,train
836693,train
818929,train
824976,train
824257,train
832901,train
833951,train
842862,train
837588,train
813444,train
811263,train
841507,train
809972,train
814186,train
842069,train
836965,train
806243,train
823229,train
811241,train
836206,train
840903,train
836019,train
818762,train
801117,train
838836,train
822867,train
829392,train
799779,train
834230,train
811541,train
817724,train
811303,train
824952,train
810131,train
828897,train
842490,train
820161,train
803425,train
809596,train
840153,train
802303,train
823921,train
799412,train
829501,train
826516,train
828774,train
830189,train
812448,train
806409,train
822657,train
822687,train
828601,train
839400,train
813141,train
802176,train
803914,train
835650,train
826410,train
838592,train
808277,train
809333,train
833277,train
834052,train
803125,train
829602,train
808042,train
831271,train
806162,train
833358,train
825069,train
814261,train
800651,train
816523,train
813746,train
830502,train
834574,train
807653,train
798083,train
806401,train
812395,train
839580,train
837877,train
836943,train
824184,train
819091,train
822375,train
805875,train
842771,train
839430,train
819269,train
838235,train
834448,train
808422,train
805952,train
814408,train
798391,train
823175,train
801062,train
801567,train
832896,train
817866,train
817839,train
813743,train
831850,train
826468,train
837468,train
842534,train
800271,train
839018,train
810673,train
803013,train
815111,train
825411,train
818179,train
820280,train
820154,train
804784,train
813485,train
832846,train
833859,train
800154,train
840621,train
818116,train
833014,train
817178,train
811543,train
817632,train
798794,train
828454,train
810699,train
808021,train
798905,train
840372,train
833633,train
824565,train
831307,train
839426,train
801696,train
810467,train
819627,train
842133,train
840654,train
808981,train
832133,train
838716,train
823193,train
836151,train
810566,train
836372,train
811269,train
831026,train
813398,train
823370,train
813381,train
840337,train
822613,train
816401,train
816817,train
829492,train
830149,train
810267,train
813162,train
808137,train
813572,train
834742,train
813972,train
800006,train
833377,train
826875,train
831996,train
800947,train
805836,train
809855,train
839969,train
834477,train
814722,train
819938,train
800441,train
837876,train
809115,train
828618,train
830778,train
800872,train
830299,train
837792,train
827950,train
804500,train
812932,train
813727,train
824479,train
809792,train
832163,train
834524,train
804496,train
841837,train
832682,train
832179,train
809756,train
816925,train
830021,train
832609,train
839691,train
828602,train
811813,train
835512,train
823420,train
826407,train
832220,train
840417,train
842318,train
827300,train
813216,train
841153,train
805512,train
817716,train
827356,train
842146,train
799924,train
802260,train
799717,train
811334,train
808928,train
801852,train
810695,train
809028,train
809610,train
813300,train
802694,train
835401,train
839277,train
835580,train
842942,train
838133,train
832721,train
816464,train
807672,train
833917,train
807626,train
808208,train
798829,train
805957,train
800190,train
804965,train
829744,train
823255,train
823831,train
813435,train
802114,train
833023,train
838364,train
798511,train
823795,train
806099,train
830307,train
841776,train
818364,train
831555,train
826791,train
810048,train
820275,train
836931,train
818901,train
840766,train
831235,train
834241,train
808236,train
827613,train
815090,train
800110,train
834715,train
806144,train
824195,train
826656,train
830607,train
815323,train
815227,train
802968,train
832111,train
800380,train
804582,train
830052,train
810291,train
810102,train
823068,train
825476,train
807255,train
841590,train
842865,train
804512,train
810196,train
817479,train
810313,train
830379,train
815757,train
814137,train
815983,train
835178,train
805807,train
837774,train
842784,train
816637,train
831585,train
837134,train
836902,train
813812,train
835341,train
824209,train
824239,train
798801,train
832383,train
799339,train
826819,train
842189,train
833844,train
811950,train
802470,train
832735,train
834827,train
829117,train
805195,train
799604,train
803331,train
837168,train
818370,train
819626,train
807868,train
809348,train
800416,train
804735,train
822426,train
829182,train
827171,train
818403,train
801705,train
837273,train
801459,train
813958,train
815988,train
809475,train
819957,train
806215,train
811206,train
809768,train
836423,train
814393,train
808161,train
802585,train
815400,train
827323,train
808040,train
811731,train
843027,train
806331,train
835984,train
835266,train
799554,train
834666,train
831959,train
816924,train
838791,train
804738,train
824572,train
832764,train
817654,train
819936,train
831378,train
841293,train
823640,train
818666,train
818536,train
808484,train
801309,train
822970,train
801736,train
802662,train
838479,train
813550,train
840691,train
813740,train
808948,train
810753,train
807046,train
833381,train
827295,train
830416,train
837142,train
816809,train
833489,train
814609,train
840070,train
814133,train
840425,train
824984,train
799368,train
812287,train
811676,train
826517,train
799613,train
839541,train
828775,train
828852,train
837306,train
810724,train
842150,train
816823,train
806172,train
798317,train
828018,train
811327,train
804630,train
839866,train
803920,train
836801,train
827045,train
808730,train
807548,train
837991,train
831130,train
830197,train
799778,train
802962,train
826361,train
836905,train
842860,train
819358,train
808365,train
835004,train
836477,train
830228,train
822849,train
814651,train
813486,train
834901,train
806913,train
831103,train
806959,train
800438,train
800361,train
834258,train
818962,train
818328,train
817737,train
820294,train
806248,train
830885,train
822885,train
828766,train
806697,train
838855,train
828616,train
841582,train
824533,train
843276,train
808239,train
837203,train
838062,train
841683,train
832701,train
804740,train
806173,train
813020,train
824172,train
813341,train
836264,train
802382,train
838519,train
834610,train
798008,train
828542,train
800768,train
822789,train
833442,train
839607,train
798786,train
839268,train
806814,train
828339,train
837107,train
807390,train
803230,train
803912,train
839494,train
839267,train
839603,train
809540,train
814745,train
816051,train
805854,train
799751,train
827517,train
824025,train
810278,train
841719,train
811776,train
838023,train
837871,train
815135,train
802503,train
826491,train
825834,train
802374,train
807716,train
799582,train
826511,train
817489,train
816745,train
814095,train
805338,train
841867,train
825576,train
814199,train
814685,train
813276,train
819787,train
838640,train
801118,train
806404,train
805803,train
812554,train
829041,train
824585,train
811051,train
833743,train
839784,train
842957,train
839935,train
799210,train
832018,train
811841,train
828604,train
823835,train
841391,train
799757,train
799722,train
809061,train
825491,train
798471,train
802323,train
840818,train
827413,train
809840,train
818002,train
816068,train
820322,train
800295,train
806358,train
826352,train
836939,train
806098,train
809575,train
842144,train
820286,train
842990,train
813588,train
818718,train
814996,train
835513,train
800337,train
824994,train
802089,train
812022,train
798192,train
819057,train
801568,train
810881,train
807509,train
836565,train
825260,train
819039,train
838080,train
818968,train
817970,train
819030,train
801051,train
819806,train
836715,train
804889,train
799544,train
837850,train
814139,train
812474,train
823025,train
832386,train
806154,train
835332,train
837137,train
811172,train
800440,train
818535,train
818831,train
809780,train
832175,train
801655,train
823303,train
842047,train
808636,train
800759,train
809969,train
810382,train
834623,train
826152,train
836964,train
805198,train
818706,train
827419,train
831439,train
815888,train
839173,train
837184,train
827783,train
799755,train
817649,train
829753,train
842579,train
825248,train
838318,train
834122,train
811254,train
839217,train
837454,train
832380,train
807810,train
832866,train
823944,train
829302,train
803187,train
810125,train
810636,train
808934,train
808385,train
819888,train
807933,train
839661,train
815188,train
827784,train
836475,train
816095,train
817585,train
809149,train
820091,train
798716,train
813296,train
808177,train
839481,train
839244,train
834009,train
809716,train
841569,train
803805,train
809847,train
805936,train
818778,train
809693,train
813908,train
813336,train
819542,train
842003,train
838173,train
841516,train
839075,train
811938,train
825414,train
802098,train
819139,train
805948,train
830640,train
838536,train
831078,train
800764,train
837596,train
837750,train
825502,train
824955,train
819131,train
813856,train
834405,train
832204,train
800075,train
838443,train
833807,train
822811,train
826701,train
817691,train
812082,train
805653,train
840219,train
825146,train
839954,train
840450,train
799416,train
837463,train
799584,train
839966,train
819059,train
800977,train
842417,train
829742,train
822390,train
831615,train
803443,train
810564,train
827844,train
833940,train
836422,train
797719,train
811128,train
836809,train
810790,train
804586,train
814841,train
824119,train
839480,train
801002,train
815019,train
807286,train
838880,train
827970,train
832820,train
809244,train
804769,train
802670,train
808736,train
834844,train
839698,train
810392,train
809754,train
807157,train
804503,train
832802,train
810146,train
830627,train
802960,train
829710,train
843104,train
841380,train
836100,train
808778,train
805248,train
837939,train
800374,train
813923,train
817338,train
805046,train
824703,train
815485,train
837721,train
807044,train
808255,train
833687,train
817646,train
818141,train
825695,train
823941,train
801781,train
799830,train
837238,train
828056,train
838446,train
837907,train
820057,train
802874,train
811931,train
804918,train
817277,train
838871,train
836072,train
809456,train
812431,train
834495,train
830323,train
799246,train
840409,train
831389,train
824423,train
813897,train
805915,train
838461,train
817817,train
829131,train
830548,train
819896,train
813799,train
810645,train
836538,train
807825,train
817998,train
842855,train
808703,train
816621,train
840758,train
841530,train
837332,train
840733,train
822457,train
813881,train
824263,train
805904,train
808596,train
829114,train
810324,train
827592,train
835049,train
802092,train
835006,train
800022,train
834112,train
814189,train
815305,train
834172,train
803790,train
811033,train
798929,train
837250,train
810398,train
818418,train
801610,train
809388,train
803197,train
838934,train
832165,train
839890,train
823478,train
819731,train
826099,train
803709,train
836215,train
802545,train
831193,train
827554,train
811946,train
803164,train
814383,train
813912,train
839300,train
813471,train
808046,train
839888,train
825347,train
838155,train
818573,train
836697,train
808618,train
826216,train
816273,train
838567,train
812966,train
807443,train
798611,train
830933,train
818526,train
805184,train
812622,train
818828,train
810868,train
829207,train
839046,train
805303,train
813765,train
801200,train
807835,train
817065,train
829865,train
830910,train
837651,train
813891,train
824079,train
816520,train
809874,train
831950,train
810994,train
824867,train
841430,train
833804,train
811971,train
828252,train
806756,train
799486,train
833684,train
803364,train
811704,train
807678,train
820188,train
842964,train
834973,train
800442,train
825533,train
838788,train
800986,train
831630,train
820270,train
818643,train
840428,train
811166,train
813971,train
802231,train
827440,train
828637,train
818768,train
812305,train
799267,train
837744,train
816514,train
813984,train
808247,train
818685,train
812303,train
825827,train
813562,train
834792,train
833189,train
839126,train
828106,train
807852,train
813758,train
812106,train
826058,train
829988,train
840774,train
809807,train
823721,train
834799,train
825314,train
819076,train
822414,train
809409,train
804765,train
833180,train
823296,train
810926,train
801129,train
837567,train
815840,train
836886,train
826862,train
809672,train
840171,train
839654,train
837573,train
828133,train
807432,train
802385,train
813650,train
839804,train
803409,train
813764,train
834192,train
817920,train
839726,train
802932,train
801872,train
811416,train
837926,train
836336,train
837521,train
799682,train
834165,train
838402,train
808091,train
831443,train
814552,train
835642,train
838805,train
805592,train
820124,train
834755,train
832295,train
825963,train
819486,train
817478,train
832358,train
836937,train
806182,train
839490,train
841795,train
836335,train
818071,train
824681,train
800229,train
817929,train
809053,train
829747,train
831990,train
799803,train
840215,train
819158,train
837988,train
824995,train
841253,train
827447,train
811527,train
810634,train
842910,train
824076,train
837832,train
802794,train
802370,train
832976,train
802578,train
817751,train
835472,train
829244,train
802246,train
807345,train
823765,train
824647,train
824586,train
814184,train
799728,train
823954,train
838540,train
803035,train
823314,train
807465,train
842009,train
840269,train
810029,train
838602,train
822702,train
810175,train
826816,train
835189,train
811424,train
842328,train
798295,train
810660,train
815549,train
814488,train
802536,train
831473,train
832381,train
799776,train
803456,train
819613,train
826369,train
816063,train
828058,train
807301,train
825899,train
834418,train
817686,train
805017,train
802398,train
825803,train
798838,train
829471,train
823390,train
808731,train
809790,train
802205,train
807631,train
824168,train
800729,train
832011,train
830834,train
818482,train
803367,train
816521,train
843194,train
838314,train
824783,train
800969,train
828020,train
824250,train
842220,train
839295,train
802018,train
805398,train
807563,train
819228,train
808989,train
833101,train
822696,train
815914,train
834460,train
800516,train
808187,train
808860,train
818448,train
837902,train
832103,train
838160,train
836328,train
830516,train
832704,train
803207,train
812593,train
812919,train
837538,train
840250,train
835125,train
810514,train
818064,train
801155,train
824062,train
806334,train
806295,train
800572,train
802719,train
831749,train
808940,train
837502,train
803059,train
804828,train
830743,train
801682,train
798911,train
838694,train
840519,train
822418,train
835848,train
810011,train
805370,train
808173,train
833384,train
809968,train
832006,train
835971,train
810876,train
809579,train
824804,train
838781,train
810827,train
808134,train
818662,train
827403,train
835283,train
820140,train
810690,train
838031,train
807612,train
834990,train
817785,train
816748,train
827258,train
829529,train
833097,train
831286,train
809715,train
838629,train
815678,train
818522,train
802296,train
827290,train
823711,train
816256,train
832639,train
841748,train
801003,train
798361,train
809012,train
812358,train
839775,train
828957,train
834139,train
842427,train
810178,train
827654,train
836356,train
809112,train
805291,train
811957,train
837511,train
840573,train
835644,train
799430,train
814021,train
811769,train
824625,train
829891,train
813197,train
802996,train
840863,train
814843,train
809683,train
824420,train
812061,train
811438,train
824345,train
832221,train
825985,train
825062,train
804576,train
809083,train
834874,train
830285,train
816975,train
802082,train
802224,train
826019,train
839358,train
804763,train
836483,train
814317,train
803872,train
800588,train
834903,train
811378,train
839616,train
802951,train
812526,train
826079,train
803235,train
805392,train
806005,train
805685,train
803816,train
831047,train
810455,train
828791,train
825914,train
813191,train
828801,train
807763,train
822425,train
815845,train
814471,train
811141,train
843301,train
828636,train
805473,train
838845,train
805769,train
811719,train
801879,train
810925,train
803664,train
824580,train
827635,train
826539,train
827982,train
805201,train
818440,train
807097,train
839635,train
842434,train
831270,train
833934,train
835094,train
839255,train
813551,train
831252,train
823674,train
830591,train
833485,train
809497,train
833845,train
815037,train
814007,train
815900,train
811571,train
842370,train
812376,train
842466,train
820182,train
809591,train
820200,train
799595,train
802257,train
801623,train
801675,train
825844,train
828233,train
823672,train
804614,train
815318,train
830188,train
825516,train
799698,train
838563,train
831945,train
837448,train
799950,train
798944,train
828741,train
827799,train
810689,train
802379,train
799222,train
812032,train
811869,train
801058,train
835055,train
808158,train
813849,train
833429,train
826335,train
801846,train
841317,train
818452,train
825110,train
822407,train
814106,train
806542,train
813131,train
824290,train
826715,train
831223,train
822507,train
838559,train
806316,train
811845,train
806221,train
811146,train
831943,train
813472,train
834196,train
802800,train
810336,train
811294,train
804909,train
799439,train
822456,train
807350,train
814612,train
842528,train
836337,train
809470,train
826212,train
833248,train
820099,train
801250,train
838552,train
840878,train
814715,train
837245,train
812134,train
823448,train
828763,train
810558,train
824793,train
829846,train
818053,train
838804,train
802814,train
837505,train
825579,train
834459,train
824217,train
840823,train
838858,train
831543,train
810605,train
832027,train
822361,train
830582,train
811885,train
800971,train
809206,train
836740,train
800081,train
813463,train
805601,train
831944,train
809157,train
832159,train
810279,train
811612,train
800719,train
805846,train
814136,train
805791,train
808543,train
806332,train
824347,train
833340,train
838579,train
829307,train
812297,train
807607,train
817539,train
816873,train
838447,train
799870,train
827138,train
801517,train
829073,train
832689,train
816118,train
802117,train
816106,train
841444,train
807248,train
838894,train
823526,train
823486,train
808032,train
807629,train
802091,train
825412,train
842853,train
831022,train
823397,train
802168,train
833364,train
837301,train
832558,train
800558,train
825475,train
803906,train
818050,train
807547,train
808669,train
802549,train
831192,train
834228,train
813679,train
824453,train
833855,train
839501,train
832207,train
834453,train
834902,train
798941,train
828864,train
828173,train
834867,train
814507,train
819347,train
839410,train
840884,train
807904,train
818550,train
801701,train
817993,train
835275,train
815748,train
842301,train
806236,train
838076,train
810883,train
812862,train
823915,train
833024,train
830617,train
828812,train
818213,train
817791,train
812142,train
834099,train
828514,train
837093,train
806096,train
834919,train
830512,train
819872,train
802903,train
834104,train
819295,train
818709,train
802671,train
838793,train
801286,train
820020,train
835660,train
820304,train
805677,train
829739,train
834883,train
836157,train
824756,train
837800,train
804858,train
831809,train
827372,train
839545,train
823919,train
830986,train
818523,train
805603,train
838578,train
826363,train
827260,train
822305,train
823060,train
799295,train
837292,train
842859,train
801348,train
814002,train
803317,train
828563,train
841630,train
815212,train
808581,train
841694,train
840300,train
842421,train
819147,train
803301,train
830451,train
831552,train
799832,train
832153,train
802221,train
838764,train
824127,train
835933,train
801208,train
818417,train
820181,train
830610,train
819842,train
813870,train
824848,train
814170,train
831297,train
840224,train
810037,train
836955,train
816073,train
829099,train
843310,train
828994,train
800223,train
799957,train
837741,train
798702,train
830444,train
803266,train
808901,train
814751,train
806922,train
840114,train
837522,train
799213,train
809133,train
831261,train
830487,train
813995,train
822835,train
814324,train
802367,train
801990,train
839307,train
828652,train
801119,train
805909,train
835908,train
817477,train
816094,train
833836,train
814214,train
826677,train
843103,train
805372,train
832828,train
819949,train
833539,train
837518,train
806318,train
808045,train
836411,train
838882,train
817692,train
806086,train
812819,train
802066,train
800067,train
817673,train
822412,train
822671,train
802977,train
822585,train
802600,train
807376,train
809201,train
805446,train
841917,train
799016,train
801040,train
824758,train
805100,train
818726,train
810665,train
817840,train
809938,train
802111,train
809797,train
801838,train
808845,train
834627,train
839881,train
810293,train
835891,train
814839,train
841938,train
812963,train
804522,train
832490,train
802616,train
842127,train
829852,train
834503,train
829259,train
802372,train
814598,train
818435,train
823922,train
840928,train
834422,train
834977,train
798194,train
830908,train
813264,train
815077,train
818146,train
808896,train
842105,train
819524,train
798733,train
833935,train
799941,train
802764,train
801967,train
830301,train
816100,train
831804,train
801915,train
804623,train
807462,train
799859,train
809419,train
818704,train
808015,train
811150,train
808391,train
818438,train
799080,train
807018,train
839510,train
800655,train
837385,train
817068,train
807602,train
822303,train
822391,train
822350,train
799926,train
798864,train
825139,train
829222,train
823664,train
840867,train
827097,train
815242,train
825064,train
814636,train
818644,train
836906,train
829113,train
815447,train
824451,train
835998,train
827077,train
808333,train
809598,train
806374,train
843081,train
826449,train
820120,train
824676,train
827536,train
800095,train
823608,train
803905,train
835565,train
832993,train
798253,train
823966,train
811516,train
843076,train
810775,train
830466,train
832246,train
822902,train
839898,train
841673,train
829861,train
838468,train
806197,train
798350,train
807639,train
808637,train
827192,train
799630,train
801079,train
833933,train
809038,train
801495,train
829488,train
819411,train
823869,train
825055,train
802786,train
842904,train
824095,train
828154,train
808020,train
802975,train
828010,train
827390,train
839463,train
807123,train
813938,train
823457,train
803657,train
825954,train
808070,train
806569,train
814615,train
819072,train
805094,train
840191,train
843063,train
805379,train
819408,train
813762,train
817421,train
828768,train
809881,train
804845,train
802636,train
833172,train
802640,train
801998,train
819704,train
807798,train
832561,train
815435,train
806519,train
806523,train
830262,train
818326,train
803156,train
843298,train
835484,train
810140,train
802320,train
817738,train
809141,train
832265,train
837862,train
798690,train
836826,train
825460,train
820085,train
798333,train
833944,train
840375,train
801178,train
802594,train
834915,train
831757,train
835156,train
815873,train
836500,train
799753,train
814951,train
840389,train
820296,train
801283,train
823201,train
814764,train
831175,train
831629,train
812016,train
801869,train
823792,train
803923,train
816964,train
801499,train
811955,train
809553,train
812803,train
825308,train
818494,train
828443,train
833128,train
802941,train
827640,train
827485,train
801170,train
822989,train
828043,train
843157,train
818697,train
828428,train
819149,train
825403,train
803430,train
815750,train
823034,train
835624,train
812518,train
836566,train
834449,train
830322,train
839116,train
811250,train
801455,train
808222,train
839352,train
828246,train
806865,train
837438,train
826924,train
826389,train
817672,train
832523,train
804954,train
810182,train
798619,train
813750,train
808479,train
800124,train
806319,train
807969,train
824243,train
805307,train
799205,train
837670,train
807964,train
810911,train
808323,train
825163,train
832109,train
823029,train
809668,train
812252,train
823002,train
827630,train
802840,train
798269,train
818959,train
803807,train
814877,train
832632,train
823826,train
840813,train
819820,train
829331,train
836153,train
830037,train
800753,train
839186,train
798248,train
816671,train
803772,train
800113,train
817851,train
827125,train
802751,train
838480,train
798424,train
839199,train
804690,train
829556,train
820045,train
815864,train
816451,train
832184,train
829400,train
824033,train
836159,train
823470,train
798497,train
819531,train
808611,train
841799,train
806540,train
817123,train
826976,train
831312,train
834996,train
806816,train
799940,train
834739,train
806669,train
804492,train
818998,train
827064,train
816169,train
839489,train
826323,train
811177,train
818161,train
808316,train
814583,train
814192,train
817829,train
805811,train
819140,train
813513,train
833170,train
834211,train
823357,train
823634,train
809044,train
841307,train
806461,train
817663,train
817671,train
822349,train
812801,train
817055,train
837494,train
810151,train
812956,train
825373,train
825798,train
801837,train
828923,train
802722,train
822484,train
841761,train
832294,train
830034,train
822937,train
817282,train
840365,train
813134,train
839803,train
805041,train
822453,train
816224,train
839905,train
825084,train
838950,train
826073,train
802067,train
813066,train
810420,train
811135,train
803003,train
836956,train
823927,train
825111,train
832100,train
837180,train
823969,train
818815,train
806468,train
825937,train
828468,train
801202,train
837555,train
797891,train
810661,train
815421,train
826514,train
836282,train
813302,train
827820,train
800692,train
837590,train
799335,train
840063,train
818861,train
842561,train
826902,train
839770,train
830048,train
843191,train
804463,train
841911,train
825617,train
800955,train
831164,train
810709,train
827639,train
805795,train
801236,train
837471,train
841468,train
832231,train
839468,train
824060,train
823022,train
801041,train
812141,train
842730,train
818758,train
831239,train
803556,train
813560,train
824431,train
805914,train
831991,train
836188,train
819181,train
828805,train
841635,train
829608,train
837167,train
804964,train
807729,train
839482,train
826414,train
827443,train
800077,train
801585,train
803353,train
828717,train
838990,train
835744,train
829042,train
818805,train
841674,train
817084,train
814251,train
827814,train
816740,train
825750,train
832599,train
798454,train
829309,train
805884,train
816188,train
822307,train
818115,train
834955,train
830967,train
840677,train
800329,train
799865,train
810591,train
807561,train
840016,train
830659,train
842774,train
813825,train
801473,train
801492,train
832606,train
831425,train
834007,train
831960,train
804873,train
817769,train
839897,train
827418,train
808621,train
806482,train
805132,train
834945,train
834156,train
806673,train
830792,train
798878,train
799226,train
806387,train
806930,train
833303,train
815747,train
842399,train
832314,train
839865,train
803355,train
841953,train
832507,train
816420,train
799458,train
836579,train
816966,train
815443,train
831246,train
810962,train
803181,train
827075,train
828613,train
823476,train
827935,train
826907,train
842216,train
822869,train
800226,train
824883,train
799801,train
817156,train
802458,train
798433,train
810664,train
816498,train
801067,train
811355,train
831394,train
825390,train
827686,train
837240,train
823960,train
798242,train
804961,train
839503,train
797868,train
799501,train
813440,train
831476,train
825268,train
800698,train
823482,train
828759,train
840216,train
831035,train
811233,train
815922,train
810654,train
837973,train
831314,train
807415,train
831205,train
840771,train
831301,train
817948,train
830998,train
806698,train
828954,train
838944,train
831988,train
813299,train
834593,train
822345,train
842618,train
815217,train
823344,train
801895,train
839788,train
832778,train
839730,train
813833,train
802815,train
837452,train
836737,train
798240,train
820189,train
836960,train
815637,train
806545,train
834287,train
807356,train
802366,train
830780,train
826325,train
802850,train
801910,train
814560,train
830613,train
803659,train
834983,train
799300,train
811746,train
830766,train
825063,train
802487,train
833404,train
829793,train
835075,train
824543,train
817809,train
824575,train
831017,train
831478,train
837368,train
811112,train
824599,train
834757,train
815093,train
839611,train
834820,train
814086,train
804841,train
809657,train
816443,train
836015,train
805313,train
818730,train
837315,train
838809,train
827895,train
835101,train
826311,train
809218,train
834720,train
804662,train
816793,train
820137,train
808790,train
809851,train
808682,train
825947,train
828976,train
836122,train
822976,train
837995,train
816434,train
806952,train
808873,train
817534,train
806886,train
810638,train
829124,train
820160,train
801230,train
835221,train
805563,train
825552,train
837762,train
824418,train
816945,train
833541,train
798385,train
833200,train
803010,train
823311,train
833173,train
802581,train
824752,train
838048,train
839910,train
811473,train
831714,train
827491,train
831020,train
799398,train
838891,train
817548,train
813391,train
840874,train
800834,train
825401,train
835410,train
806681,train
802992,train
817958,train
823671,train
819677,train
801186,train
836786,train
805708,train
841485,train
806562,train
816839,train
831092,train
811169,train
805637,train
811256,train
807420,train
837906,train
808599,train
811095,train
840201,train
814397,train
811248,train
826532,train
824034,train
810983,train
803431,train
816895,train
809769,train
823501,train
814319,train
800487,train
838830,train
825706,train
816799,train
803639,train
842687,train
810105,train
835390,train
816842,train
831146,train
808469,train
835873,train
806753,train
819965,train
825539,train
814125,train
803370,train
802882,train
841384,train
802087,train
839411,train
808946,train
832982,train
833386,train
803065,train
832475,train
839101,train
834852,train
832521,train
814174,train
807633,train
813681,train
807881,train
820031,train
813074,train
836800,train
810477,train
838055,train
814607,train
827265,train
830269,train
837479,train
819331,train
817333,train
835713,train
831169,train
836840,train
799348,train
798717,train
805418,train
809630,train
815008,train
806805,train
835460,train
818405,train
801953,train
818360,train
811555,train
809145,train
833484,train
838672,train
815033,train
805433,train
817142,train
837476,train
815955,train
841269,train
814062,train
837660,train
800844,train
809670,train
818065,train
837634,train
838503,train
816685,train
820265,train
822992,train
831720,train
801347,train
810985,train
827516,train
811691,train
827901,train
803656,train
823789,train
812958,train
807003,train
835619,train
833428,train
830544,train
824074,train
803306,train
842197,train
804829,train
842061,train
801321,train
834143,train
806768,train
835021,train
823343,train
823716,train
807464,train
838106,train
817582,train
801842,train
800805,train
842448,train
804925,train
825997,train
815533,train
826636,train
816074,train
801423,train
835316,train
835800,train
809476,train
832419,train
813285,train
807895,train
838117,train
842323,train
801163,train
835700,train
812936,train
801672,train
842408,train
835277,train
803517,train
814529,train
802103,train
811411,train
820231,train
818336,train
818504,train
820217,train
830356,train
816117,train
814120,train
840088,train
802073,train
806597,train
807786,train
813829,train
802575,train
829401,train
797913,train
839320,train
822641,train
829949,train
798893,train
831115,train
829623,train
828693,train
817717,train
823806,train
828452,train
841898,train
808384,train
817004,train
839420,train
841166,train
826736,train
817788,train
832090,train
806383,train
829986,train
800946,train
807161,train
811604,train
818816,train
806983,train
828692,train
814721,train
802606,train
834961,train
809113,train
813573,train
825688,train
818771,train
835783,train
833952,train
815634,train
808052,train
835548,train
838054,train
806327,train
835690,train
826092,train
827196,train
810540,train
842327,train
824854,train
805456,train
810738,train
815172,train
812026,train
842299,train
831441,train
811911,train
816175,train
827963,train
816738,train
839266,train
810706,train
798292,train
835473,train
826495,train
801799,train
809312,train
834403,train
798935,train
799846,train
813259,train
804724,train
837126,train
818433,train
819497,train
814623,train
839651,train
809863,train
838422,train
818858,train
819656,train
834565,train
800846,train
799123,train
808478,train
806555,train
827629,train
807670,train
842247,train
817625,train
800399,train
818636,train
838008,train
825210,train
800992,train
841710,train
840346,train
824129,train
834148,train
814537,train
812096,train
814510,train
810488,train
818150,train
819968,train
837231,train
834481,train
839332,train
834894,train
823862,train
817836,train
832050,train
830231,train
840551,train
826775,train
809975,train
802107,train
831188,train
827088,train
829711,train
801141,train
828001,train
813867,train
838368,train
833481,train
804666,train
818051,train
837584,train
827349,train
824511,train
832147,train
800447,train
824587,train
803949,train
809084,train
841987,train
807022,train
838638,train
840643,train
811910,train
812107,train
831001,train
806323,train
835888,train
799244,train
834802,train
810595,train
828044,train
834277,train
827219,train
803621,train
812469,train
828685,train
832878,train
808842,train
826973,train
814716,train
813119,train
801431,train
839738,train
802885,train
798121,train
834158,train
809226,train
824574,train
830945,train
842704,train
830634,train
798790,train
842700,train
831064,train
827354,train
823071,train
809926,train
825381,train
801157,train
805427,train
817803,train
829504,train
815628,train
825019,train
841577,train
814113,train
807821,train
833131,train
827355,train
802144,train
813366,train
822706,train
809062,train
837957,train
829462,train
801187,train
798006,train
813147,train
839736,train
815916,train
808821,train
813580,train
834863,train
835720,train
803736,train
832770,train
804710,train
799697,train
818295,train
798648,train
822482,train
826392,train
829915,train
799895,train
831337,train
801948,train
806301,train
830989,train
819724,train
841521,train
813263,train
833730,train
825877,train
818345,train
829030,train
808487,train
802442,train
827395,train
807574,train
809684,train
801520,train
806836,train
827109,train
839492,train
835748,train
819901,train
819517,train
817811,train
805988,train
836312,train
833178,train
830568,train
806572,train
808701,train
823742,train
823142,train
829046,train
809225,train
810486,train
834553,train
842908,train
837302,train
813533,train
810452,train
801327,train
842516,train
818380,train
837751,train
841792,train
807129,train
797582,train
836466,train
808837,train
798898,train
827808,train
835269,train
812298,train
813233,train
802425,train
827435,train
808905,train
815071,train
817595,train
839819,train
815371,train
833458,train
814600,train
817688,train
812164,train
808166,train
833347,train
829764,train
806256,train
824404,train
810280,train
835821,train
800970,train
810736,train
835204,train
827851,train
826101,train
809679,train
825117,train
834744,train
815237,train
833114,train
841844,train
815791,train
837462,train
838345,train
815625,train
827890,train
840880,train
837453,train
807368,train
817996,train
818721,train
838435,train
798593,train
806812,train
837320,train
823886,train
832478,train
829801,train
807765,train
840212,train
802957,train
799343,train
837128,train
832614,train
833129,train
835856,train
819425,train
842796,train
824021,train
824180,train
806356,train
818021,train
839179,train
825912,train
824918,train
842162,train
833810,train
835955,train
811476,train
828853,train
831480,train
839665,train
840266,train
804628,train
826071,train
810332,train
815049,train
833672,train
801393,train
808640,train
823905,train
836220,train
832761,train
834770,train
802189,train
836829,train
817482,train
807756,train
800982,train
818215,train
833795,train
825867,train
835820,train
832587,train
806208,train
840532,train
801835,train
828132,train
827458,train
813195,train
818682,train
841759,train
803211,train
808128,train
831412,train
830737,train
824054,train
824605,train
824094,train
831453,train
813620,train
832832,train
827104,train
828508,train
807596,train
813541,train
799230,train
815950,train
835609,train
817311,train
826622,train
832415,train
822319,train
801357,train
805315,train
805560,train
824558,train
807595,train
814217,train
837329,train
829023,train
831273,train
833673,train
807833,train
799768,train
812872,train
827615,train
819661,train
835572,train
807680,train
809331,train
813166,train
816642,train
826519,train
799652,train
837553,train
843093,train
800568,train
838657,train
833306,train
840092,train
817069,train
811167,train
838437,train
810339,train
802877,train
823167,train
824104,train
804960,train
800318,train
822968,train
836922,train
823442,train
810208,train
808722,train
839965,train
843052,train
841560,train
802248,train
817742,train
838851,train
836981,train
839237,train
823367,train
841854,train
837992,train
841497,train
810761,train
842181,train
832130,train
839824,train
805359,train
835789,train
835670,train
842273,train
816980,train
829761,train
828435,train
831321,train
843150,train
823991,train
839583,train
825743,train
807435,train
803740,train
801302,train
812406,train
823118,train
830022,train
802477,train
836079,train
820097,train
831889,train
825280,train
817744,train
838399,train
829068,train
839617,train
801351,train
811080,train
832692,train
811058,train
804568,train
842126,train
824622,train
826244,train
802047,train
841270,train
841733,train
842637,train
800270,train
840326,train
835336,train
818204,train
818997,train
833639,train
813291,train
815104,train
818589,train
834678,train
826900,train
834496,train
842272,train
823901,train
810999,train
832660,train
798783,train
803557,train
812838,train
817730,train
838527,train
812319,train
817163,train
803794,train
831391,train
814853,train
819807,train
824638,train
829612,train
818285,train
808125,train
829203,train
818714,train
819342,train
817211,train
823199,train
819002,train
843097,train
799949,train
822674,train
810652,train
835728,train
838170,train
814402,train
808541,train
842709,train
803607,train
841874,train
843306,train
817174,train
816641,train
808935,train
817659,train
824613,train
813168,train
839647,train
823691,train
820320,train
818546,train
826746,train
806335,train
841594,train
822681,train
819213,train
799948,train
799422,train
802522,train
834371,train
806293,train
837236,train
837500,train
837100,train
822914,train
817341,train
805053,train
839098,train
801632,train
822837,train
829085,train
825006,train
836918,train
827882,train
806364,train
814758,train
823668,train
832267,train
841517,train
810283,train
798528,train
816869,train
827375,train
841390,train
836501,train
826107,train
836581,train
802335,train
831947,train
831008,train
816463,train
799180,train
829562,train
803666,train
825850,train
816790,train
838636,train
814057,train
814365,train
838417,train
798204,train
825595,train
818914,train
799296,train
836241,train
802037,train
811186,train
830950,train
827861,train
811778,train
812868,train
805309,train
807452,train
834417,train
813443,train
825259,train
829524,train
829978,train
801225,train
808034,train
807853,train
809529,train
830520,train
798667,train
833720,train
832135,train
813121,train
801470,train
809682,train
826604,train
834673,train
832486,train
803047,train
837925,train
828797,train
817886,train
824738,train
834932,train
811469,train
802032,train
802139,train
812929,train
839062,train
816123,train
840438,train
819135,train
838688,train
831892,train
825445,train
826022,train
813060,train
802645,train
804834,train
824083,train
807905,train
824330,train
811099,train
819010,train
837207,train
800742,train
799012,train
815818,train
817667,train
829104,train
828570,train
833563,train
822939,train
817994,train
807677,train
807118,train
811362,train
826060,train
828924,train
839912,train
800902,train
836327,train
827771,train
805730,train
833657,train
803174,train
825921,train
815430,train
838448,train
798805,train
835492,train
812623,train
827618,train
816399,train
839362,train
840412,train
837344,train
842945,train
824037,train
835317,train
809619,train
823488,train
811050,train
832972,train
834913,train
835617,train
824007,train
801370,train
829430,train
820254,train
825178,train
837284,train
805874,train
800017,train
801502,train
839241,train
831816,train
813809,train
799052,train
824113,train
820242,train
806844,train
817454,train
828526,train
814669,train
839743,train
823136,train
841145,train
834609,train
809042,train
815741,train
831375,train
799539,train
812387,train
810758,train
808060,train
802680,train
805566,train
829372,train
809614,train
799281,train
834643,train
798397,train
837213,train
836388,train
834845,train
807570,train
841083,train
807893,train
834299,train
810122,train
827285,train
802717,train
799394,train
837092,train
800355,train
817017,train
823771,train
807708,train
800858,train
838725,train
835924,train
809285,train
837094,train
820299,train
801224,train
831652,train
839752,train
801972,train
832250,train
833885,train
840430,train
824521,train
815270,train
823666,train
819607,train
809464,train
806755,train
813410,train
829184,train
823084,train
805452,train
798662,train
801514,train
830976,train
806320,train
805972,train
831641,train
832005,train
803452,train
801700,train
838511,train
812884,train
838321,train
803242,train
813898,train
805544,train
834347,train
818027,train
809880,train
801471,train
832182,train
826814,train
823814,train
828103,train
806150,train
807425,train
839943,train
803056,train
807983,train
823381,train
833829,train
839384,train
840477,train
840230,train
824105,train
831262,train
839906,train
798665,train
810543,train
833100,train
838151,train
805304,train
842314,train
823893,train
816629,train
840759,train
834925,train
818855,train
810088,train
799037,train
808858,train
831006,train
829219,train
802376,train
824858,train
842609,train
808811,train
838707,train
835324,train
802445,train
806841,train
830071,train
803282,train
814176,train
814194,train
841807,train
807017,train
816134,train
807768,train
838717,train
813775,train
822528,train
814130,train
829264,train
835252,train
813516,train
815144,train
817658,train
838556,train
822997,train
838650,train
810573,train
808771,train
816854,train
816299,train
829343,train
827734,train
804730,train
805863,train
829316,train
842453,train
824906,train
809292,train
825888,train
816652,train
811300,train
842379,train
830557,train
830176,train
836537,train
810702,train
831143,train
838179,train
835511,train
817488,train
842902,train
809974,train
803810,train
842313,train
816484,train
835573,train
831961,train
823800,train
830969,train
841944,train
834699,train
842777,train
809534,train
805284,train
804852,train
842436,train
836292,train
798235,train
824150,train
813953,train
824618,train
829220,train
811679,train
822399,train
809521,train
822527,train
831196,train
824643,train
824975,train
840297,train
818394,train
825938,train
805169,train
837062,train
838436,train
843303,train
841801,train
827409,train
812119,train
820248,train
807604,train
823938,train
820285,train
801614,train
816547,train
809680,train
830198,train
805734,train
838374,train
837503,train
838875,train
833874,train
814657,train
805431,train
823971,train
829664,train
815171,train
826428,train
810402,train
814386,train
812025,train
829040,train
823754,train
839011,train
838175,train
832268,train
842486,train
836427,train
830757,train
810003,train
803191,train
801657,train
807437,train
811445,train
818759,train
812941,train
801785,train
823875,train
826421,train
800712,train
841449,train
836143,train
824559,train
819148,train
835025,train
824774,train
799225,train
813806,train
840278,train
816056,train
816081,train
812784,train
832496,train
838372,train
839659,train
800983,train
800120,train
842546,train
801360,train
825479,train
811561,train
837534,train
815896,train
826729,train
805882,train
835073,train
823030,train
798258,train
838703,train
796224,train
831076,train
838912,train
824528,train
841540,train
797988,train
830111,train
804537,train
814353,train
834456,train
833865,train
831003,train
808558,train
817746,train
828517,train
806131,train
832673,train
800953,train
842131,train
829633,train
824964,train
799752,train
803168,train
825662,train
802657,train
813986,train
837225,train
837497,train
826985,train
835855,train
819476,train
814752,train
839396,train
812045,train
825725,train
835639,train
825231,train
840782,train
842655,train
829786,train
802136,train
836332,train
843221,train
830650,train
827198,train
826370,train
810186,train
820183,train
799917,train
818747,train
802504,train
816970,train
820134,train
809217,train
842993,train
811936,train
818054,train
831669,train
835903,train
829554,train
810794,train
808982,train
816410,train
800770,train
835922,train
832351,train
834041,train
833441,train
829873,train
834076,train
800855,train
819394,train
825007,train
802758,train
827359,train
811617,train
819666,train
838336,train
827529,train
801324,train
842745,train
829867,train
822376,train
836043,train
800940,train
841712,train
825702,train
839196,train
803626,train
824210,train
809924,train
822974,train
816916,train
838996,train
814485,train
825717,train
812505,train
808710,train
813512,train
833269,train
831409,train
828573,train
821355,train
812377,train
804822,train
812086,train
841742,train
813635,train
813919,train
829278,train
820005,train
823615,train
818830,train
801947,train
826306,train
800096,train
839823,train
818203,train
812428,train
810112,train
825243,train
835616,train
802842,train
804633,train
828025,train
806392,train
828848,train
826586,train
815647,train
834523,train
798574,train
815399,train
828593,train
811693,train
843248,train
815614,train
817249,train
823916,train
813559,train
838131,train
824536,train
828539,train
801821,train
812014,train
832634,train
836595,train
803625,train
839592,train
815499,train
808813,train
837974,train
832588,train
814202,train
833754,train
807252,train
836557,train
805082,train
813376,train
806108,train
808414,train
840509,train
836229,train
833231,train
813831,train
808336,train
819562,train
830725,train
798865,train
810949,train
827279,train
826708,train
801340,train
798907,train
837049,train
827588,train
812937,train
814077,train
798999,train
803228,train
834743,train
799972,train
802025,train
835201,train
822825,train
803196,train
826470,train
824008,train
842034,train
829665,train
842606,train
835621,train
815463,train
798527,train
819905,train
801184,train
799827,train
834826,train
798368,train
836288,train
835587,train
831253,train
805575,train
801313,train
803119,train
825831,train
839919,train
803894,train
841493,train
832000,train
808954,train
839822,train
817002,train
835029,train
831081,train
825016,train
801190,train
807760,train
830859,train
822911,train
823447,train
827787,train
832308,train
809098,train
826828,train
835399,train
813682,train
822586,train
814171,train
809311,train
813256,train
802002,train
811144,train
837960,train
823026,train
829473,train
812314,train
822409,train
802110,train
810867,train
817748,train
815783,train
839675,train
828973,train
830036,train
807086,train
842442,train
823644,train
841415,train
823491,train
837828,train
840019,train
830361,train
815089,train
798896,train
841559,train
802028,train
807302,train
834185,train
824132,train
838325,train
799781,train
835605,train
805305,train
824006,train
809326,train
837953,train
826787,train
799716,train
828537,train
832554,train
814382,train
838130,train
825794,train
805407,train
815850,train
810411,train
812018,train
838986,train
816564,train
811584,train
800907,train
811258,train
825276,train
820321,train
819154,train
820202,train
836805,train
812114,train
831029,train
810364,train
818521,train
837771,train
837728,train
837855,train
833556,train
809300,train
831481,train
835327,train
802416,train
813353,train
817499,train
801970,train
812438,train
842480,train
815454,train
834688,train
842523,train
800810,train
816508,train
831333,train
843209,train
809086,train
837937,train
800468,train
817954,train
837510,train
823829,train
812290,train
842974,train
828384,train
830804,train
817090,train
835620,train
829390,train
829667,train
830061,train
839756,train
801441,train
835796,train
819011,train
822966,train
815785,train
810521,train
818484,train
799850,train
841789,train
819564,train
817599,train
837330,train
834542,train
837309,train
802944,train
827499,train
800537,train
838668,train
831539,train
834281,train
837527,train
831186,train
801905,train
809996,train
834967,train
819837,train
823154,train
835001,train
841426,train
799084,train
814654,train
828462,train
816977,train
806407,train
816458,train
839312,train
798296,train
805548,train
806413,train
829834,train
829597,train
798118,train
816963,train
811052,train
833718,train
807477,train
808719,train
840424,train
831639,train
839190,train
806951,train
838070,train
817295,train
802131,train
798774,train
842464,train
803008,train
842253,train
839692,train
807831,train
825641,train
816989,train
808904,train
799805,train
835606,train
839614,train
842617,train
818930,train
828564,train
805775,train
840288,train
798933,train
812545,train
800256,train
838081,train
840723,train
818871,train
820192,train
812038,train
830644,train
806405,train
832750,train
831178,train
835330,train
812170,train
834166,train
833457,train
810498,train
840157,train
817561,train
799932,train
823838,train
815632,train
802674,train
832049,train
800293,train
823031,train
835750,train
840526,train
814525,train
818711,train
799431,train
841503,train
798780,train
838413,train
829971,train
806949,train
842635,train
800010,train
837143,train
832091,train
803295,train
827066,train
830887,train
839725,train
808068,train
835834,train
814427,train
841085,train
798673,train
828591,train
800813,train
830382,train
823015,train
835550,train
815811,train
833886,train
826627,train
802299,train
815394,train
823596,train
838687,train
839447,train
829495,train
809649,train
822742,train
830977,train
805588,train
801500,train
813284,train
814323,train
838166,train
802322,train
801631,train
802790,train
811070,train
818948,train
813886,train
832003,train
833848,train
837475,train
815835,train
799670,train
819648,train
811886,train
819813,train
839847,train
806101,train
825843,train
840556,train
806850,train
835061,train
810087,train
829128,train
819646,train
819647,train
842508,train
813374,train
840467,train
813878,train
814603,train
830564,train
840513,train
810610,train
838523,train
824073,train
802547,train
802350,train
805906,train
801911,train
826354,train
838941,train
811161,train
830760,train
838702,train
812105,train
812964,train
832698,train
806893,train
824846,train
824713,train
800453,train
827504,train
801975,train
804767,train
839840,train
838483,train
824075,train
842515,train
810669,train
831311,train
836415,train
798370,train
809492,train
808423,train
838925,train
815611,train
837407,train
831542,train
836251,train
806933,train
828159,train
837867,train
818238,train
801027,train
810629,train
806942,train
828562,train
825127,train
801179,train
806861,train
815484,train
830636,train
830342,train
830327,train
805164,train
829770,train
837754,train
817274,train
811072,train
834591,train
842252,train
834787,train
842526,train
824844,train
837435,train
823098,train
829101,train
810448,train
825667,train
810592,train
817957,train
818166,train
802846,train
843006,train
838581,train
799190,train
798672,train
813998,train
816892,train
818183,train
839257,train
830209,train
828394,train
832953,train
806330,train
803929,train
835999,train
806675,train
840943,train
836928,train
798456,train
824514,train
823506,train
826961,train
819863,train
805508,train
806802,train
806187,train
816836,train
836568,train
837851,train
802791,train
839064,train
830603,train
808727,train
831210,train
800217,train
836178,train
838785,train
841349,train
824577,train
840803,train
807081,train
823972,train
828992,train
837997,train
799411,train
811575,train
807957,train
841824,train
827756,train
835692,train
834404,train
808172,train
841562,train
811953,train
817747,train
803160,train
805109,train
803308,train
833424,train
817423,train
809858,train
813451,train
799060,train
810741,train
815667,train
800405,train
832949,train
825027,train
828612,train
830662,train
818301,train
799466,train
822845,train
818852,train
812283,train
843122,train
840025,train
816638,train
811436,train
802440,train
802777,train
840916,train
828959,train
829164,train
839729,train
834163,train
818938,train
826432,train
814112,train
830693,train
830892,train
839655,train
829366,train
819178,train
831522,train
811814,train
824707,train
798940,train
803354,train
803405,train
826823,train
815243,train
798297,train
816969,train
810098,train
800707,train
809967,train
818772,train
838129,train
841171,train
805780,train
817605,train
833291,train
823064,train
838558,train
824518,train
799177,train
818089,train
807683,train
798614,train
838916,train
812584,train
808627,train
805079,train
817910,train
819811,train
817056,train
827251,train
815218,train
817215,train
837547,train
828418,train
801269,train
802993,train
814044,train
799783,train
832784,train
830528,train
813684,train
801425,train
805731,train
830185,train
824133,train
829766,train
810622,train
799970,train
824593,train
822829,train
811015,train
803199,train
817944,train
830615,train
814778,train
802482,train
818120,train
841047,train
818658,train
838430,train
808505,train
814505,train
836325,train
823580,train
824190,train
829965,train
827272,train
812810,train
841313,train
803614,train
800292,train
838103,train
817301,train
835793,train
834578,train
800236,train
811103,train
827509,train
800677,train
799920,train
800165,train
813838,train
825089,train
822563,train
806897,train
840624,train
799887,train
818010,train
823911,train
800272,train
829806,train
841465,train
802499,train
827747,train
819084,train
815744,train
836944,train
833270,train
826776,train
837719,train
798840,train
800340,train
807912,train
824770,train
797930,train
811718,train
799027,train
810388,train
809192,train
812888,train
818996,train
832164,train
829550,train
839927,train
805119,train
834911,train
818511,train
832140,train
817490,train
823903,train
817969,train
841144,train
817571,train
818720,train
819535,train
802165,train
836254,train
827460,train
805679,train
825553,train
808677,train
831213,train
819754,train
826388,train
842949,train
827301,train
834984,train
836999,train
827649,train
814181,train
807968,train
800585,train
817105,train
813413,train
815476,train
822463,train
827002,train
801722,train
826671,train
809984,train
819934,train
810209,train
809031,train
831745,train
814375,train
841565,train
817059,train
813846,train
836980,train
804971,train
816371,train
842289,train
824468,train
811989,train
838467,train
807404,train
823772,train
832474,train
838472,train
799504,train
810990,train
805318,train
814568,train
830422,train
816267,train
812422,train
830017,train
798945,train
798543,train
804502,train
823127,train
832489,train
836958,train
832894,train
817753,train
842701,train
805026,train
812903,train
824509,train
811129,train
816580,train
812541,train
811740,train
802604,train
827521,train
832943,train
817323,train
800711,train
829247,train
836382,train
822393,train
842351,train
799975,train
828624,train
823993,train
798866,train
825763,train
823003,train
833309,train
802153,train
814617,train
812043,train
831122,train
812500,train
817062,train
831840,train
806790,train
838440,train
803789,train
806291,train
832154,train
803303,train
836860,train
807354,train
802537,train
809933,train
835595,train
802995,train
814361,train
820069,train
804642,train
824947,train
809983,train
817455,train
836065,train
815055,train
825751,train
814010,train
839644,train
801454,train
817727,train
824269,train
801661,train
810603,train
839077,train
825923,train
809904,train
808796,train
830546,train
823647,train
827137,train
801828,train
841531,train
836204,train
812412,train
841409,train
806971,train
814081,train
842702,train
799093,train
812486,train
836141,train
843186,train
832725,train
823320,train
818303,train
810111,train
816868,train
839546,train
806892,train
819353,train
827633,train
832716,train
809287,train
831195,train
828493,train
798473,train
801765,train
825878,train
822502,train
839835,train
838432,train
826047,train
829480,train
799873,train
839650,train
808780,train
835219,train
801318,train
798728,train
810363,train
801212,train
838745,train
802768,train
798772,train
819118,train
818932,train
833878,train
814268,train
824841,train
804518,train
828740,train
803432,train
809208,train
816489,train
826088,train
830355,train
837609,train
809781,train
827875,train
801176,train
836168,train
828174,train
809190,train
802042,train
840655,train
822848,train
827306,train
825469,train
805571,train
809718,train
803738,train
842191,train
815428,train
832722,train
834267,train
808217,train
803899,train
810107,train
806645,train
804485,train
797905,train
829442,train
841928,train
832192,train
801873,train
818309,train
805423,train
813822,train
830360,train
829758,train
835724,train
830300,train
823081,train
833853,train
831116,train
799223,train
838524,train
841746,train
804605,train
801428,train
810484,train
834370,train
806417,train
841779,train
812571,train
832058,train
836271,train
814520,train
810606,train
803298,train
804606,train
818983,train
811606,train
841689,train
810051,train
820173,train
818443,train
836940,train
838183,train
815640,train
810624,train
819172,train
826546,train
803186,train
829092,train
827399,train
799999,train
818908,train
832431,train
817699,train
830173,train
819454,train
836123,train
803675,train
837773,train
824646,train
798502,train
807004,train
815804,train
831668,train
828247,train
827797,train
808304,train
839252,train
809495,train
798447,train
809708,train
828626,train
828236,train
801562,train
807124,train
799429,train
827549,train
816712,train
814169,train
824125,train
805741,train
819336,train
813662,train
801107,train
813075,train
824110,train
805123,train
833898,train
804950,train
829463,train
829698,train
807294,train
799303,train
807409,train
799077,train
799214,train
801974,train
839408,train
809182,train
813915,train
837548,train
807571,train
815041,train
815629,train
834819,train
809607,train
798874,train
799930,train
826612,train
808866,train
838029,train
830369,train
813362,train
803673,train
831034,train
805101,train
800792,train
801334,train
833373,train
816383,train
827671,train
811271,train
808907,train
805582,train
818524,train
817677,train
802450,train
799711,train
816222,train
830928,train
827480,train
823929,train
834777,train
803102,train
834943,train
827070,train
809812,train
834381,train
835801,train
815696,train
832007,train
813917,train
830418,train
813697,train
823878,train
805737,train
805130,train
817308,train
842376,train
840185,train
799000,train
812090,train
806385,train
810491,train
841970,train
810044,train
825193,train
809407,train
822994,train
816754,train
834846,train
798881,train
826657,train
807386,train
817873,train
798939,train
813586,train
810831,train
833329,train
797948,train
828120,train
813228,train
842452,train
804886,train
805867,train
822688,train
798749,train
829632,train
816477,train
825228,train
814769,train
811460,train
833495,train
832237,train
834436,train
816549,train
842395,train
803277,train
826285,train
819543,train
813278,train
832166,train
839930,train
816847,train
833609,train
800012,train
806905,train
830287,train
834153,train
815886,train
839248,train
837109,train
817759,train
818248,train
826292,train
828840,train
827877,train
836097,train
833421,train
842856,train
823785,train
833400,train
809823,train
809429,train
810038,train
809980,train
810171,train
801231,train
804625,train
836541,train
833147,train
827468,train
815803,train
825823,train
806513,train
828146,train
802807,train
800261,train
810416,train
800529,train
805531,train
800565,train
825941,train
808906,train
827394,train
817285,train
799443,train
805961,train
823532,train
812433,train
828463,train
811587,train
837928,train
841652,train
827331,train
801629,train
825945,train
837498,train
841200,train
824409,train
831462,train
805342,train
833081,train
818952,train
819409,train
816958,train
836197,train
799557,train
824121,train
823067,train
802565,train
830519,train
836227,train
812192,train
834763,train
827888,train
816229,train
828148,train
842858,train
832637,train
839090,train
808617,train
803737,train
810036,train
841244,train
825557,train
838384,train
834992,train
842139,train
841486,train
803088,train
802094,train
825782,train
828182,train
837017,train
834875,train
832145,train
812003,train
838404,train
831331,train
823384,train
806467,train
805810,train
836998,train
833757,train
803888,train
818575,train
800368,train
826021,train
802128,train
836945,train
827245,train
823724,train
815848,train
836838,train
826297,train
814006,train
802519,train
820206,train
817963,train
830219,train
814374,train
806533,train
805057,train
830351,train
827682,train
835677,train
798273,train
824070,train
827823,train
837884,train
801429,train
838585,train
803533,train
801640,train
817045,train
817275,train
829679,train
805918,train
815536,train
817521,train
833414,train
811313,train
813902,train
833692,train
810237,train
807256,train
835759,train
815073,train
799804,train
829853,train
813785,train
811008,train
838690,train
798960,train
840325,train
814262,train
800298,train
831601,train
842076,train
802972,train
798710,train
823208,train
799558,train
803651,train
804467,train
814637,train
806254,train
813072,train
832500,train
810901,train
836200,train
830426,train
829808,train
800080,train
826460,train
812113,train
813310,train
809950,train
831532,train
801925,train
824802,train
841964,train
826808,train
834636,train
813916,train
816723,train
805208,train
814003,train
833315,train
806121,train
834740,train
832706,train
838775,train
811358,train
807625,train
813215,train
811771,train
802057,train
819151,train
817007,train
825361,train
831154,train
804774,train
836314,train
842819,train
830137,train
807812,train
830514,train
801576,train
832278,train
834697,train
813894,train
818260,train
837220,train
823589,train
804830,train
841747,train
805035,train
811225,train
798442,train
810490,train
828617,train
811585,train
826632,train
841826,train
830472,train
803671,train
802166,train
833922,train
808936,train
811223,train
827381,train
813625,train
806477,train
799683,train
840761,train
815158,train
843149,train
840799,train
814060,train
826362,train
824974,train
838732,train
817975,train
811794,train
815120,train
816803,train
814559,train
837010,train
811218,train
798327,train
812600,train
802007,train
824924,train
838174,train
831575,train
828151,train
814360,train
815193,train
829828,train
801654,train
840238,train
825434,train
812604,train
837483,train
828407,train
833896,train
815300,train
838617,train
832603,train
813547,train
816143,train
832807,train
801608,train
814411,train
839931,train
823948,train
826589,train
814846,train
807016,train
834621,train
799879,train
799044,train
823383,train
834033,train
825278,train
837098,train
842769,train
831004,train
823801,train
825452,train
810155,train
817577,train
805994,train
817547,train
806926,train
812894,train
800158,train
832844,train
830654,train
820287,train
801326,train
835916,train
801486,train
825187,train
825453,train
833008,train
803093,train
798569,train
833459,train
801680,train
812144,train
823418,train
819436,train
830488,train
832533,train
826287,train
842418,train
809308,train
825020,train
802258,train
835093,train
833225,train
839087,train
825433,train
823087,train
809827,train
808889,train
837658,train
834109,train
827444,train
816147,train
839493,train
824171,train
832467,train
801069,train
818820,train
826997,train
799934,train
808395,train
827988,train
808662,train
816657,train
837025,train
841053,train
828186,train
798529,train
839985,train
829224,train
839306,train
812492,train
816127,train
811744,train
837899,train
801996,train
842483,train
816445,train
823978,train
822718,train
799690,train
802580,train
805787,train
809520,train
810976,train
799362,train
817072,train
801833,train
798299,train
836811,train
831014,train
824230,train
842232,train
842473,train
840796,train
810170,train
842601,train
801595,train
826054,train
806085,train
828859,train
832583,train
839402,train
817140,train
834582,train
838042,train
800156,train
823708,train
805148,train
798738,train
834073,train
838233,train
813390,train
833930,train
800245,train
815856,train
837520,train
835611,train
832756,train
803885,train
813370,train
831725,train
824868,train
842697,train
836820,train
837369,train
802090,train
827405,train
813874,train
799365,train
814312,train
836908,train
811412,train
810216,train
808614,train
831747,train
836988,train
804775,train
799202,train
812312,train
800221,train
838454,train
800556,train
824317,train
829555,train
802965,train
839850,train
815405,train
832505,train
810981,train
826044,train
826651,train
810729,train
806304,train
805839,train
818479,train
815512,train
808967,train
842764,train
813172,train
832868,train
831269,train
839322,train
819029,train
802276,train
843085,train
802742,train
832065,train
834839,train
819720,train
825144,train
840453,train
801433,train
803068,train
823690,train
834364,train
824165,train
840161,train
810039,train
798195,train
808471,train
808518,train
814675,train
809030,train
803771,train
834127,train
832636,train
798109,val
824531,val
815102,val
810906,val
826381,val
799855,val
799079,val
805416,val
828522,val
843190,val
816140,val
835892,val
842195,val
832434,val
799301,val
839243,val
803163,val
799796,val
810427,val
804791,val
802708,val
839059,val
806595,val
807797,val
799694,val
800539,val
831345,val
838497,val
832879,val
806863,val
830746,val
842393,val
811902,val
817593,val
806216,val
838584,val
838574,val
819061,val
813700,val
804874,val
834276,val
800227,val
842787,val
819983,val
816566,val
836075,val
837933,val
812274,val
840050,val
799221,val
842563,val
832141,val
798105,val
842159,val
824385,val
819252,val
806223,val
822618,val
823639,val
801720,val
816735,val
822295,val
812473,val
812173,val
816771,val
805676,val
817151,val
838411,val
818378,val
833227,val
817640,val
809952,val
800341,val
805562,val
811071,val
802890,val
835599,val
833975,val
806621,val
835455,val
837618,val
841358,val
805056,val
809731,val
837904,val
814585,val
832219,val
799512,val
808273,val
835340,val
799407,val
826726,val
828793,val
805155,val
816985,val
842499,val
836917,val
811024,val
841541,val
834366,val
812423,val
831760,val
825828,val
842264,val
813301,val
800202,val
830000,val
819541,val
798111,val
802029,val
829251,val
819173,val
807787,val
830467,val
819369,val
833506,val
829280,val
823364,val
839424,val
829394,val
830873,val
805561,val
800478,val
838128,val
806876,val
799736,val
818909,val
801676,val
804490,val
804920,val
800093,val
833371,val
823018,val
817549,val
801419,val
807619,val
801766,val
826759,val
803939,val
819318,val
822646,val
801908,val
822760,val
805868,val
822737,val
824316,val
812962,val
829514,val
835634,val
825756,val
831371,val
824203,val
840328,val
816736,val
823645,val
800052,val
837115,val
799933,val
814738,val
837183,val
819301,val
837390,val
805519,val
819798,val
827193,val
813848,val
799749,val
829643,val
807333,val
841766,val
809452,val
806386,val
811972,val
834018,val
836720,val
825842,val
820145,val
842212,val
827977,val
835762,val
836462,val
834849,val
808974,val
835012,val
803748,val
834485,val
839576,val
807657,val
828187,val
826876,val
812259,val
811960,val
809017,val
840183,val
826235,val
803055,val
819032,val
824655,val
802264,val
815509,val
811138,val
822584,val
800661,val
810244,val
809887,val
833410,val
810207,val
808620,val
841547,val
837714,val
819079,val
808382,val
817246,val
801361,val
808888,val
800777,val
837461,val
809700,val
824800,val
831928,val
836911,val
843309,val
824953,val
802660,val
800179,val
798882,val
807078,val
816971,val
799028,val
812576,val
810330,val
815042,val
828060,val
808100,val
827614,val
836510,val
835415,val
833460,val
839289,val
825190,val
832230,val
822888,val
829299,val
838533,val
816405,val
827886,val
817890,val
807421,val
818657,val
800308,val
826217,val
801490,val
812237,val
827751,val
806823,val
836439,val
839448,val
806013,val
816620,val
809951,val
842298,val
823661,val
826479,val
802853,val
806534,val
811011,val
826078,val
813861,val
809148,val
838499,val
831706,val
818495,val
819013,val
839240,val
810725,val
801703,val
837975,val
811168,val
799067,val
808067,val
830175,val
816753,val
824455,val
809994,val
831369,val
824349,val
811540,val
817974,val
831053,val
829322,val
806153,val
827366,val
824483,val
823233,val
841213,val
806885,val
811012,val
829642,val
804771,val
842755,val
824256,val
803362,val
832088,val
805757,val
834068,val
808429,val
837297,val
799386,val
812126,val
834936,val
799658,val
826588,val
837039,val
835458,val
808601,val
834857,val
839641,val
824737,val
834841,val
816519,val
805785,val
810228,val
836703,val
824941,val
807524,val
818490,val
808912,val
806585,val
832180,val
825463,val
826013,val
834303,val
822913,val
833135,val
812301,val
801387,val
822354,val
814419,val
824019,val
818946,val
831519,val
804736,val
829693,val
802666,val
830501,val
801426,val
813488,val
802489,val
817575,val
798563,val
834812,val
830798,val
842440,val
830828,val
838883,val
836736,val
837087,val
828503,val
829305,val
823471,val
816576,val
819177,val
842520,val
829702,val
842151,val
832895,val
832021,val
843123,val
818445,val
829031,val
824339,val
831455,val
842057,val
807349,val
806222,val
804983,val
837507,val
803447,val
840004,val
824066,val
810600,val
819171,val
806163,val
811701,val
813649,val
801029,val
818567,val
805366,val
806345,val
801755,val
803868,val
812519,val
841794,val
814599,val
812906,val
805403,val
831070,val
843145,val
841721,val
825161,val
823502,val
839398,val
827670,val
809091,val
839184,val
802989,val
830889,val
810616,val
806538,val
814759,val
833797,val
817152,val
831579,val
832958,val
831278,val
831313,val
802113,val
809838,val
838611,val
841482,val
824000,val
820198,val
808220,val
814535,val
799597,val
810202,val
835697,val
817556,val
804681,val
815369,val
830870,val
839713,val
841947,val
806253,val
830777,val
817687,val
832041,val
829021,val
842553,val
808578,val
817856,val
833505,val
819012,val
842781,val
814356,val
811591,val
814226,val
815876,val
799211,val
807075,val
817555,val
803548,val
837512,val
806788,val
819718,val
818586,val
822735,val
824930,val
830715,val
805349,val
842595,val
840483,val
829025,val
827519,val
839714,val
816083,val
811980,val
800766,val
835824,val
802447,val
826993,val
842184,val
833669,val
811175,val
817420,val
839532,val
838455,val
805384,val
802905,val
841279,val
803619,val
838642,val
822945,val
806936,val
814247,val
832748,val
811899,val
833969,val
823926,val
800830,val
825066,val
837872,val
840493,val
800701,val
805999,val
805299,val
808847,val
814725,val
825473,val
809931,val
822935,val
833280,val
841678,val
802293,val
837841,val
833344,val
838494,val
843147,val
817887,val
816654,val
804659,val
827758,val
805998,val
816837,val
839531,val
814135,val
839176,val
801011,val
836459,val
836331,val
824005,val
828158,val
833869,val
839657,val
837662,val
831493,val
805185,val
826742,val
817300,val
805111,val
838433,val
807266,val
829934,val
807754,val
809979,val
828499,val
836885,val
837212,val
841661,val
835180,val
799517,val
824849,val
806642,val
812598,val
808509,val
812585,val
811868,val
835271,val
831861,val
815409,val
830878,val
815233,val
812083,val
837068,val
811558,val
813845,val
803128,val
831531,val
808623,val
802319,val
806245,val
838715,val
804655,val
843032,val
827558,val
820136,val
816595,val
798676,val
806532,val
810924,val
811110,val
802987,val
842729,val
818958,val
799194,val
833528,val
802395,val
824537,val
818540,val
825981,val
807986,val
807646,val
817192,val
839475,val
812276,val
822778,val
814698,val
802925,val
801278,val
798580,val
812226,val
839409,val
823036,val
837022,val
841691,val
836119,val
842337,val
834872,val
834397,val
824573,val
811249,val
807293,val
833552,val
816327,val
803240,val
832417,val
843059,val
834599,val
803866,val
839373,val
828863,val
809712,val
818663,val
805199,val
838213,val
831033,val
800697,val
830357,val
828726,val
818646,val
808624,val
825105,val
801135,val
838566,val
813565,val
816290,val
802716,val
801524,val
839953,val
813290,val
802804,val
805762,val
809002,val
798348,val
801748,val
835130,val
818979,val
805153,val
839570,val
803649,val
817984,val
842513,val
798957,val
840666,val
806317,val
835007,val
807952,val
812195,val
799962,val
817736,val
814167,val
807296,val
799318,val
838816,val
841891,val
811774,val
834301,val
818019,val
833943,val
840373,val
810748,val
832981,val
832941,val
818939,val
818112,val
823663,val
805333,val
824182,val
818121,val
806004,val
818195,val
839843,val
802739,val
803419,val
808944,val
831741,val
825548,val
832610,val
840097,val
811005,val
801073,val
803148,val
813952,val
808108,val
798647,val
826974,val
839083,val
834499,val
805071,val
828738,val
818478,val
811732,val
822791,val
803643,val
832286,val
799309,val
805735,val
830758,val
843061,val
824261,val
806118,val
807476,val
805294,val
803713,val
799862,val
839222,val
819180,val
799505,val
800523,val
805855,val
812791,val
808709,val
804461,val
818648,val
838924,val
838889,val
823842,val
840017,val
806302,val
827318,val
829860,val
814498,val
823804,val
819249,val
812279,val
798106,val
800144,val
818696,val
835983,val
840645,val
809636,val
840119,val
812163,val
803289,val
805982,val
841446,val
811243,val
829549,val
832980,val
805282,val
809604,val
809422,val
835224,val
836454,val
809843,val
838590,val
803019,val
818731,val
834092,val
829760,val
800653,val
841266,val
832296,val
830266,val
842833,val
836169,val
818845,val
811864,val
826208,val
817170,val
842228,val
830935,val
811599,val
800654,val
835555,val
800769,val
799603,val
811725,val
811264,val
818570,val
841197,val
801264,val
828895,val
809893,val
801786,val
827753,val
831794,val
831021,val
805713,val
839330,val
806230,val
818625,val
809567,val
828436,val
830827,val
836730,val
799691,val
818221,val
806950,val
800159,val
810243,val
824313,val
831432,val
817696,val
833139,val
841841,val
836451,val
816043,val
828227,val
813059,val
841791,val
840648,val
808292,val
835069,val
831339,val
829022,val
837854,val
831984,val
817865,val
829256,val
803243,val
799187,val
800590,val
797967,val
819725,val
812786,val
841931,val
801260,val
834658,val
834105,val
823853,val
807622,val
842295,val
800013,val
825983,val
836424,val
805404,val
838670,val
838887,val
820163,val
808784,val
832538,val
807707,val
840439,val
808597,val
808973,val
823371,val
832743,val
828879,val
818042,val
804574,val
830581,val
816926,val
819389,val
817450,val
814269,val
807439,val
815623,val
834655,val
832120,val
829883,val
809941,val
798601,val
812813,val
810853,val
830899,val
818637,val
842471,val
830434,val
816350,val
800984,val
807489,val
808600,val
812842,val
818209,val
805535,val
840089,val
798894,val
839207,val
841348,val
801199,val
826949,val
826537,val
836381,val
810214,val
839343,val
828677,val
824223,val
826882,val
815439,val
818878,val
824311,val
836211,val
808005,val
817447,val
803544,val
812285,val
834778,val
807553,val
824626,val
811968,val
812099,val
815314,val
802952,val
807560,val
840186,val
805640,val
817001,val
802523,val
798458,val
825229,val
814964,val
798207,val
837161,val
833387,val
838580,val
806082,val
827186,val
843242,val
807284,val
836498,val
807573,val
811761,val
806464,val
810185,val
842400,val
838610,val
823786,val
842334,val
841417,val
836248,val
818862,val
819086,val
798434,val
811964,val
816974,val
830227,val
831105,val
823211,val
835057,val
826872,val
800709,val
808676,val
810005,val
814503,val
806463,val
818821,val
799844,val
836112,val
832360,val
841757,val
807187,val
811988,val
814141,val
839928,val
808248,val
807503,val
817726,val
842190,val
815465,val
839944,val
796876,val
815320,val
806052,val
798629,val
822552,val
842689,val
834466,val
809568,val
806152,val
837810,val
828975,val
824489,val
800410,val
841899,val
831917,val
801529,val
837278,val
814544,val
802539,val
830294,val
842849,val
840729,val
799014,val
817681,val
815608,val
805654,val
807112,val
815368,val
815794,val
810100,val
840565,val
830862,val
812368,val
830721,val
832354,val
826447,val
798789,val
806112,val
813081,val
837804,val
830148,val
818168,val
822522,val
834879,val
831801,val
823840,val
799724,val
808121,val
813069,val
824920,val
823871,val
828045,val
808226,val
813544,val
819016,val
826772,val
840520,val
818292,val
841245,val
825651,val
801201,val
817134,val
814608,val
834712,val
811463,val
830869,val
834151,val
813546,val
815174,val
832377,val
816212,val
815236,val
811219,val
834749,val
799459,val
817143,val
841167,val
822954,val
833274,val
801290,val
805853,val
837589,val
803154,val
806371,val
823061,val
829479,val
838078,val
830598,val
834480,val
834002,val
827973,val
818702,val
822804,val
811618,val
840651,val
818819,val
826764,val
834437,val
813521,val
836704,val
824264,val
840687,val
812503,val
832440,val
823897,val
824903,val
838075,val
799266,val
822773,val
796616,val
800011,val
809779,val
830886,val
837842,val
815934,val
826446,val
836348,val
830373,val
806789,val
810161,val
816801,val
802364,val
818836,val
833557,val
810333,val
836735,val
836575,val
828785,val
832318,val
838549,val
822801,val
835656,val
800028,val
819713,val
839174,val
808797,val
840347,val
838832,val
827058,val
824022,val
809990,val
800194,val
810712,val
798694,val
833466,val
806084,val
805767,val
840440,val
802282,val
839378,val
837938,val
807674,val
835018,val
829015,val
800219,val
825637,val
813163,val
833747,val
830907,val
804977,val
816471,val
824500,val
802920,val
816219,val
817635,val
802021,val
806352,val
815384,val
801398,val
843192,val
809378,val
832329,val
816179,val
835053,val
820043,val
834020,val
806262,val
807781,val
816504,val
831233,val
840034,val
809199,val
799982,val
808937,val
802926,val
825180,val
818341,val
819141,val
838124,val
825976,val
830784,val
832710,val
811265,val
832740,val
828429,val
819768,val
798989,val
811205,val
823498,val
829762,val
842364,val
826083,val
830497,val
842738,val
817630,val
833813,val
798695,val
820232,val
840663,val
823249,val
808404,val
798545,val
822401,val
800736,val
817273,val
818617,val
804747,val
833571,val
803423,val
832922,val
819364,val
802010,val
798271,val
807586,val
804703,val
841353,val
835675,val
825723,val
835196,val
825640,val
805609,val
834690,val
806322,val
837619,val
809932,val
814695,val
837611,val
807594,val
818317,val
836392,val
841495,val
833448,val
839286,val
819979,val
802635,val
813549,val
802811,val
838037,val
799070,val
831458,val
822396,val
838626,val
838595,val
829551,val
837484,val
807506,val
828661,val
819879,val
833599,val
834622,val
842842,val
825902,val
817293,val
808444,val
802510,val
837443,val
841579,val
820102,val
840012,val
799742,val
819998,val
824367,val
806372,val
824819,val
812280,val
819215,val
804688,val
842383,val
837336,val
835987,val
825696,val
800723,val
807673,val
832577,val
818604,val
812353,val
816527,val
816668,val
836063,val
808801,val
825542,val
826248,val
842325,val
829315,val
810421,val
812191,val
805870,val
819684,val
800212,val
817694,val
809364,val
808663,val
810723,val
831638,val
808393,val
841645,val
819134,val
819292,val
842638,val
801994,val
801679,val
839565,val
810009,val
811391,val
797694,val
839907,val
836972,val
808931,val
812316,val
819051,val
803941,val
824764,val
822963,val
810254,val
830656,val
833635,val
816622,val
823996,val
817125,val
806191,val
809027,val
841441,val
815185,val
840184,val
825978,val
805926,val
822561,val
816389,val
799988,val
823240,val
805249,val
806079,val
841460,val
838888,val
841271,val
832535,val
813889,val
808174,val
832012,val
824986,val
799101,val
818739,val
831199,val
800668,val
838709,val
816772,val
830103,val
838425,val
809485,val
829759,val
829081,val
806881,val
800798,val
807559,val
824106,val
832967,val
804748,val
806212,val
810851,val
817141,val
807733,val
815861,val
823779,val
806418,val
839298,val
798222,val
815973,val
815389,val
836963,val
826062,val
798674,val
805646,val
816491,val
810103,val
814156,val
830460,val
810047,val
798645,val
836825,val
839317,val
842340,val
803537,val
818491,val
815240,val
810718,val
799114,val
834635,val
832225,val
801622,val
835286,val
816080,val
831099,val
818920,val
824712,val
834107,val
820315,val
807513,val
812008,val
810149,val
801416,val
823385,val
843025,val
816653,val
842132,val
800377,val
812525,val
801942,val
803774,val
801220,val
825312,val
841351,val
801628,val
810468,val
815745,val
805579,val
806798,val
826679,val
801664,val
828343,val
814193,val
815937,val
814673,val
811861,val
822505,val
823912,val
807052,val
830151,val
842676,val
830152,val
840481,val
798775,val
799382,val
830200,val
842444,val
836375,val
799174,val
811365,val
816470,val
803304,val
799552,val
840653,val
816674,val
807866,val
840662,val
799615,val
813672,val
818013,val
825009,val
828019,val
829850,val
807767,val
798548,val
830182,val
814760,val
830284,val
810120,val
828178,val
804534,val
812852,val
803590,val
840118,val
825676,val
839732,val
835449,val
827486,val
818898,val
810988,val
811942,val
832464,val
828192,val
805786,val
823510,val
820067,val
798853,val
811054,val
841958,val
812055,val
803135,val
801238,val
804685,val
838342,val
807778,val
809786,val
835558,val
805451,val
822738,val
825563,val
831410,val
813095,val
824459,val
822757,val
803001,val
831107,val
826100,val
815367,val
823246,val
819000,val
802424,val
803602,val
828239,val
819439,val
834111,val
814376,val
808838,val
824772,val
836058,val
842947,val
840048,val
829769,val
801448,val
840071,val
825958,val
836362,val
817251,val
800706,val
824394,val
840142,val
804723,val
810933,val
802247,val
809040,val
800024,val
834327,val
801889,val
822372,val
806975,val
840656,val
805820,val
827178,val
805472,val
835223,val
838910,val
814322,val
823017,val
837485,val
831632,val
820199,val
825292,val
839878,val
842433,val
824787,val
826637,val
829609,val
814672,val
803918,val
838230,val
818810,val
825082,val
801968,val
831460,val
833141,val
820215,val
801906,val
841143,val
835797,val
805317,val
806583,val
824145,val
818588,val
840376,val
805144,val
803110,val
802738,val
842933,val
837129,val
819520,val
818745,val
808274,val
809151,val
802583,val
838539,val
816065,val
827918,val
823730,val
805958,val
823834,val
838587,val
826436,val
804589,val
834472,val
811613,val
806855,val
808058,val
841845,val
819761,val
805218,val
823825,val
810264,val
802899,val
824198,val
843220,val
801764,val
811898,val
798861,val
803629,val
836228,val
807132,val
841436,val
808164,val
827880,val
798496,val
830902,val
827789,val
825237,val
831402,val
813584,val
801368,val
839043,val
838993,val
834908,val
840225,val
817080,val
831514,val
807366,val
830179,val
803832,val
818401,val
841352,val
835042,val
805937,val
801092,val
807809,val
806868,val
811443,val
813395,val
829948,val
798463,val
810485,val
812037,val
817820,val
817486,val
813382,val
831225,val
813589,val
829410,val
828448,val
823492,val
834457,val
816628,val
807885,val
827484,val
829624,val
832801,val
806397,val
806476,val
826338,val
809550,val
826535,val
837910,val
827957,val
817678,val
833734,val
830663,val
832511,val
831909,val
830850,val
824721,val
805334,val
839971,val
817109,val
830549,val
826509,val
799840,val
803291,val
842747,val
817159,val
834399,val
798917,val
834575,val
834702,val
843042,val
833536,val
836011,val
837994,val
810658,val
812534,val
823766,val
820353,val
824762,val
825806,val
805356,val
837742,val
831733,val
837575,val
802572,val
805771,val
819614,val
830371,val
808631,val
803637,val
801204,val
811743,val
803720,val
829267,val
803020,val
824103,val
806965,val
817113,val
817580,val
811726,val
822451,val
826056,val
832389,val
823680,val
798224,val
806644,val
806748,val
834899,val
805286,val
801885,val
823965,val
807549,val
829475,val
815235,val
813677,val
818618,val
809171,val
815206,val
835428,val
831334,val
831746,val
805845,val
837381,val
831214,val
832621,val
817204,val
830424,val
829625,val
822928,val
823736,val
831414,val
810240,val
824138,val
831172,val
836930,val
835753,val
840127,val
806410,val
841248,val
830854,val
806888,val
827928,val
799852,val
798605,val
832771,val
818621,val
823072,val
816236,val
842304,val
829357,val
809821,val
800905,val
799508,val
824720,val
828889,val
798584,val
803162,val
800467,val
838771,val
809533,val
842883,val
803221,val
837819,val
832020,val
814550,val
835653,val
807873,val
835674,val
798906,val
805895,val
818877,val
839821,val
822971,val
814671,val
802302,val
809986,val
810716,val
799966,val
825287,val
805669,val
817670,val
825303,val
833125,val
830163,val
838410,val
799992,val
808397,val
814099,val
831276,val
820282,val
805719,val
811130,val
798816,val
805350,val
830007,val
837470,val
801681,val
823967,val
825707,val
818647,val
837970,val
826982,val
836819,val
817269,val
799872,val
838695,val
835417,val
827542,val
819471,val
808939,val
835459,val
815517,val
817093,val
808340,val
838407,val
834865,val
809621,val
810537,val
827346,val
841869,val
838224,val
829227,val
839413,val
830666,val
831082,val
811201,val
817855,val
811961,val
798741,val
825092,val
808087,val
835014,val
799831,val
836543,val
833652,val
801391,val
813503,val
819083,val
818011,val
810717,val
816599,val
798887,val
840900,val
828744,val
826533,val
822672,val
841843,val
813766,val
798566,val
824238,val
819330,val
823843,val
801501,val
815339,val
812373,val
815222,val
833313,val
814563,val
802819,val
807565,val
807440,val
842136,val
831824,val
823443,val
815385,val
838484,val
829054,val
803926,val
818324,val
800954,val
838228,val
808910,val
814152,val
834914,val
825929,val
823020,val
830762,val
816294,val
819801,val
815306,val
815679,val
830112,val
833398,val
801050,val
802483,val
832093,val
813949,val
810116,val
805712,val
805424,val
837863,val
839705,val
809875,val
834979,val
837478,val
800803,val
824412,val
836904,val
807508,val
837061,val
823293,val
838381,val
818774,val
841634,val
799739,val
828515,val
816673,val
842886,val
805391,val
803339,val
812416,val
828696,val
817198,val
827065,val
834145,val
835409,val
799450,val
841702,val
802591,val
842669,val
813113,val
826255,val
832061,val
826721,val
839871,val
833420,val
813777,val
837572,val
802228,val
817229,val
809674,val
823421,val
828536,val
811202,val
833512,val
803716,val
811285,val
824571,val
839948,val
827091,val
827678,val
809860,val
823315,val
803538,val
829814,val
828414,val
802454,val
834288,val
800775,val
803662,val
832651,val
842414,val
837067,val
841433,val
825380,val
833706,val
801217,val
830648,val
807231,val
826969,val
802961,val
840808,val
810470,val
826931,val
842559,val
798869,val
838530,val
805838,val
842845,val
810781,val
815117,val
809710,val
839214,val
816703,val
838217,val
809609,val
838699,val
829871,val
830608,val
834556,val
804612,val
807705,val
802808,val
820305,val
802887,val
829656,val
828683,val
801772,val
810731,val
813087,val
824139,val
809325,val
832161,val
813931,val
818207,val
814531,val
815229,val
835829,val
799361,val
804904,val
809102,val
832506,val
815313,val
811461,val
806460,val
818520,val
824427,val
835107,val
807931,val
814362,val
816927,val
819697,val
819680,val
816507,val
835170,val
807896,val
824662,val
803433,val
827294,val
802525,val
806227,val
810627,val
828438,val
834283,val
808159,val
805536,val
815043,val
842196,val
799788,val
829893,val
818322,val
802512,val
826384,val
826431,val
816596,val
816552,val
806114,val
842790,val
837460,val
823683,val
836961,val
803714,val
800032,val
830033,val
825555,val
823082,val
841781,val
839801,val
813615,val
802798,val
823191,val
803121,val
826258,val
814223,val
816806,val
816783,val
830109,val
829627,val
799069,val
842030,val
837690,val
807043,val
816369,val
813344,val
818632,val
813070,val
837013,val
833282,val
814222,val
810908,val
829613,val
835989,val
818154,val
815351,val
823860,val
805813,val
831715,val
813712,val
841240,val
805945,val
814543,val
827846,val
822958,val
816600,val
830101,val
827216,val
823682,val
840751,val
798229,val
814540,val
824650,val
807928,val
805269,val
836521,val
817728,val
814272,val
825138,val
831665,val
798272,val
825383,val
799360,val
799551,val
841551,val
813539,val
810935,val
830508,val
817389,val
819809,val
828655,val
830028,val
805843,val
818683,val
828081,val
834432,val
830178,val
832074,val
833253,val
826783,val
804863,val
804535,val
842818,val
835893,val
829913,val
835339,val
824099,val
841311,val
798305,val
819830,val
801008,val
811481,val
828403,val
828095,val
808681,val
838794,val
835293,val
832719,val
805268,val
816151,val
828607,val
805574,val
816901,val
800784,val
816744,val
839697,val
841241,val
804788,val
827229,val
801729,val
816879,val
813403,val
841865,val
815267,val
834807,val
809339,val
811506,val
823798,val
806751,val
837729,val
836165,val
833803,val
811764,val
825140,val
837317,val
809907,val
842248,val
808817,val
804982,val
818367,val
805328,val
807638,val
829449,val
830904,val
837710,val
811507,val
825309,val
814359,val
797946,val
822980,val
808571,val
832772,val
832138,val
824216,val
836298,val
820252,val
813836,val
823780,val
820300,val
838439,val
840098,val
837722,val
839838,val
805944,val
807463,val
822471,val
834284,val
818542,val
806296,val
798802,val
817087,val
813900,val
812299,val
822447,val
801674,val
828337,val
831954,val
840345,val
818578,val
833082,val
800313,val
817574,val
819267,val
826072,val
819845,val
818752,val
837272,val
836929,val
803880,val
824991,val
808449,val
822338,val
808002,val
841784,val
800857,val
825311,val
839879,val
817815,val
829591,val
815118,val
834710,val
833964,val
832864,val
830431,val
817258,val
837445,val
833509,val
802893,val
840397,val
808524,val
836544,val
819929,val
798398,val
810148,val
838032,val
833161,val
813947,val
825592,val
800059,val
824916,val
830861,val
840175,val
812360,val
839526,val
800323,val
838420,val
839250,val
827371,val
829506,val
799333,val
831355,val
831913,val
808297,val
809209,val
827004,val
814046,val
810033,val
800065,val
833876,val
832988,val
810160,val
810453,val
833149,val
800708,val
801026,val
837723,val
801059,val
813880,val
799748,val
823588,val
807384,val
811763,val
806402,val
812023,val
822655,val
841546,val
800854,val
813017,val
811990,val
830534,val
822865,val
842343,val
841659,val
812372,val
809806,val
800336,val
796685,val
800956,val
832212,val
803604,val
833973,val
803654,val
803369,val
836952,val
819153,val
804848,val
813373,val
809662,val
822884,val
815616,val
836249,val
798572,val
833861,val
823880,val
829989,val
834796,val
825729,val
800199,val
806837,val
801944,val
836507,val
834184,val
826331,val
842599,val
833820,val
807715,val
812913,val
798266,val
814874,val
810639,val
835102,val
806125,val
838929,val
826046,val
826501,val
811573,val
817194,val
811801,val
805844,val
813142,val
828488,val
800848,val
825819,val
811783,val
819989,val
841194,val
801412,val
836711,val
803360,val
808786,val
834402,val
837495,val
799017,val
842838,val
842469,val
833157,val
806606,val
810559,val
800376,val
831306,val
834598,val
841292,val
803620,val
809643,val
837108,val
839537,val
802375,val
842783,val
840402,val
834207,val
826441,val
838156,val
809804,val
815322,val
802339,val
831007,val
800577,val
823626,val
841257,val
830771,val
830258,val
809081,val
804637,val
817976,val
810370,val
825639,val
831219,val
812397,val
812137,val
832669,val
829242,val
834476,val
830191,val
808978,val
838722,val
843304,val
819015,val
838755,val
825846,val
840659,val
815951,val
805816,val
830328,val
839758,val
817325,val
830872,val
809077,val
810001,val
806393,val
817223,val
818390,val
825052,val
841629,val
809392,val
841147,val
801581,val
831084,val
834176,val
840535,val
825152,val
812052,val
827068,val
840423,val
812216,val
839916,val
803361,val
805793,val
806853,val
813583,val
834783,val
807096,val
837072,val
799794,val
835575,val
837041,val
834198,val
803296,val
831997,val
802860,val
840302,val
816991,val
804523,val
807037,val
837165,val
813024,val
802038,val
817444,val
834842,val
823725,val
807271,val
831703,val
799746,val
832695,val
841862,val
799938,val
836036,val
809026,val
810043,val
803559,val
805024,val
806007,val
828188,val
828191,val
841934,val
834036,val
800941,val
799931,val
807959,val
824967,val
835879,val
840420,val
806063,val
802822,val
818016,val
832229,val
812111,val
804782,val
801294,val
800725,val
807505,val
830192,val
819045,val
798688,val
832363,val
837615,val
813149,val
809982,val
798626,val
809603,val
836239,val
834684,val
831037,val
812522,val
814165,val
807753,val
812169,val
837815,val
803373,val
840469,val
835483,val
816739,val
805098,val
818763,val
837524,val
824615,val
819070,val
820058,val
840096,val
814093,val
809546,val
824657,val
809415,val
836081,val
830552,val
799918,val
836417,val
802466,val
809514,val
819407,val
833894,val
840669,val
802597,val
806866,val
830826,val
809291,val
838100,val
802576,val
802900,val
810670,val
817708,val
835135,val
813896,val
805873,val
806956,val
837812,val
800716,val
825802,val
814313,val
800343,val
799086,val
815777,val
822546,val
822941,val
834355,val
806910,val
831524,val
826403,val
823206,val
824797,val
811462,val
813223,val
803113,val
817491,val
840043,val
801505,val
839572,val
830108,val
801042,val
827146,val
837549,val
819156,val
835159,val
819434,val
803521,val
837577,val
824200,val
832222,val
830479,val
830592,val
830026,val
827810,val
832127,val
805090,val
802605,val
838853,val
807024,val
826024,val
828813,val
813780,val
809815,val
815113,val
800980,val
842389,val
819865,val
806561,val
808818,val
843247,val
826602,val
834727,val
798938,val
804705,val
811209,val
823505,val
809076,val
798600,val
841453,val
802065,val
818670,val
808482,val
799521,val
836162,val
840148,val
830661,val
819167,val
823906,val
838701,val
825661,val
815059,val
827401,val
803890,val
825776,val
834951,val
826719,val
835928,val
834605,val
809729,val
807558,val
809090,val
809033,val
833011,val
832479,val
831220,val
835929,val
837976,val
801518,val
819332,val
840059,val
806599,val
815126,val
841155,val
829082,val
832897,val
820107,val
832035,val
839900,val
841863,val
800550,val
840460,val
798902,val
836076,val
804868,val
812926,val
809699,val
807579,val
842511,val
802611,val
829620,val
809810,val
842577,val
818724,val
826673,val
840155,val
810126,val
810830,val
837968,val
808644,val
816171,val
842743,val
802313,val
842935,val
823530,val
840095,val
798777,val
824164,val
829204,val
834502,val
820297,val
814509,val
832022,val
799537,val
813945,val
801731,val
805955,val
804585,val
835722,val
811891,val
827123,val
807107,val
813483,val
823465,val
829078,val
835489,val
835218,val
811603,val
837705,val
826813,val
811738,val
814306,val
824382,val
799977,val
819894,val
823676,val
815612,val
799018,val
814153,val
807445,val
826265,val
819056,val
837999,val
840446,val
809168,val
810499,val
829382,val
825088,val
839703,val
807865,val
830375,val
836892,val
824909,val
801511,val
803418,val
835334,val
831797,val
823775,val
819935,val
816759,val
800987,val
810547,val
822348,val
824170,val
819963,val
799956,val
834304,val
822321,val
824258,val
837416,val
830682,val
840385,val
805322,val
808013,val
822410,val
832964,val
798444,val
826751,val
839904,val
823976,val
801403,val
812783,val
823859,val
824010,val
807774,val
824265,val
830058,val
800087,val
840545,val
801619,val
811528,val
833569,val
819523,val
831634,val
802034,val
837608,val
801180,val
833262,val
801389,val
811915,val
822448,val
806329,val
819608,val
808914,val
825507,val
830496,val
813555,val
830988,val
819728,val
817945,val
802438,val
810715,val
798280,val
810316,val
816835,val
835625,val
805927,val
823914,val
823466,val
798241,val
798656,val
807238,val
801209,val
832975,val
830503,val
799163,val
806420,val
835803,val
841332,val
825030,val
831742,val
814965,val
805259,val
815892,val
827579,val
825169,val
838414,val
823239,val
806138,val
823005,val
808328,val
806269,val
798799,val
834275,val
813893,val
813429,val
804577,val
837747,val
840870,val
839368,val
838329,val
825594,val
813754,val
805946,val
828694,val
834295,val
808257,val
807569,val
801237,val
825864,val
819679,val
836240,val
837556,val
812863,val
810563,val
815328,val
816820,val
811637,val
815178,val
809936,val
820225,val
824071,val
815186,val
833417,val
838674,val
839022,val
816922,val
801023,val
829417,val
815823,val
812927,val
808938,val
811621,val
835285,val
820126,val
826263,val
824569,val
824131,val
813417,val
839649,val
809314,val
818200,val
808213,val
812848,val
802726,val
813943,val
802173,val
810016,val
836299,val
818603,val
827903,val
828093,val
804917,val
828772,val
826899,val
833416,val
816693,val
810097,val
831805,val
840660,val
829812,val
833648,val
823527,val
806298,val
807577,val
802262,val
814143,val
824603,val
824403,val
833175,val
818639,val
816455,val
834097,val
824358,val
822969,val
840931,val
826426,val
802679,val
800789,val
836724,val
808288,val
817327,val
832445,val
826922,val
811117,val
822553,val
815627,val
837047,val
823227,val
798767,val
830525,val
812918,val
828477,val
802081,val
818931,val
827271,val
813621,val
830639,val
824723,val
826789,val
803126,val
820268,val
817745,val
810726,val
798343,val
799608,val
819334,val
808699,val
798751,val
810995,val
824782,val
812780,val
826334,val
823019,val
828533,val
836816,val
837090,val
800220,val
830376,val
823289,val
835195,val
831346,val
827619,val
824990,val
811619,val
800695,val
802419,val
825240,val
824576,val
801126,val
800129,val
828872,val
810071,val
816584,val
836748,val
817350,val
809059,val
823299,val
798309,val
799024,val
815542,val
842459,val
825927,val
809204,val
803688,val
823237,val
805166,val
837405,val
805341,val
840721,val
800545,val
807342,val
809466,val
800880,val
809212,val
802497,val
811466,val
811856,val
806746,val
823327,val
818906,val
823205,val
810399,val
834199,val
823277,val
841462,val
835045,val
842977,val
832652,val
837190,val
833656,val
836461,val
826780,val
802517,val
831112,val
818963,val
806883,val
812201,val
825133,val
834325,val
800595,val
808473,val
812047,val
813759,val
814159,val
839634,val
826628,val
805899,val
803953,val
817464,val
833665,val
819747,val
824963,val
835397,val
819110,val
817679,val
800079,val
829726,val
824244,val
811431,val
831104,val
799740,val
826214,val
840046,val
815963,val
839104,val
827762,val
805135,val
840539,val
798597,val
824035,val
813839,val
826655,val
824705,val
837709,val
833623,val
798475,val
842256,val
827522,val
804962,val
836519,val
802763,val
815833,val
831958,val
833015,val
799370,val
805066,val
833846,val
825074,val
812484,val
813505,val
840039,val
823271,val
799457,val
825431,val
798358,val
842997,val
825101,val
806903,val
832324,val
832657,val
841915,val
837195,val
827975,val
809602,val
810986,val
826210,val
805648,val
832236,val
835009,val
808882,val
833543,val
802475,val
807650,val
808364,val
829365,val
799009,val
807609,val
840945,val
830772,val
818951,val
838915,val
832025,val
829790,val
837686,val
842852,val
800375,val
841418,val
839232,val
818119,val
798750,val
830551,val
842960,val
826652,val
841754,val
843184,val
825875,val
826048,val
800264,val
798973,val
810672,val
830880,val
808716,val
828128,val
837757,val
841506,val
840563,val
810697,val
798928,val
805707,val
805312,val
804867,val
805808,val
800993,val
823665,val
828194,val
810782,val
801251,val
841398,val
811502,val
809584,val
833794,val
842746,val
816987,val
824227,val
806634,val
834769,val
825956,val
822403,val
808452,val
834296,val
811197,val
815249,val
813271,val
839082,val
802891,val
802658,val
807985,val
803779,val
824141,val
835525,val
831138,val
799022,val
835764,val
817550,val
839766,val
819548,val
834779,val
806558,val
818363,val
825980,val
812876,val
839585,val
814321,val
827156,val
822833,val
837449,val
812615,val
800439,val
813844,val
807334,val
825825,val
799461,val
832662,val
836223,val
805168,val
824507,val
840865,val
818538,val
830993,val
831571,val
837045,val
806110,val
800070,val
833985,val
811710,val
824422,val
825014,val
811353,val
803365,val
804644,val
800277,val
831537,val
822862,val
833462,val
817332,val
840369,val
800694,val
827061,val
838180,val
830039,val
808537,val
831564,val
802365,val
825804,val
809481,val
803358,val
820116,val
814727,val
831570,val
826658,val
798591,val
819115,val
815067,val
817135,val
810143,val
839886,val
836296,val
806609,val
835819,val
838786,val
825206,val
813187,val
811035,val
825195,val
808619,val
823190,val
810095,val
814548,val
834044,val
825474,val
840922,val
833455,val
800720,val
800749,val
809787,val
799762,val
811667,val
827052,val
819540,val
837293,val
803185,val
807878,val
831201,val
823988,val
803169,val
808230,val
802735,val
826591,val
830956,val
811916,val
841772,val
802598,val
800888,val
832047,val
816103,val
813959,val
807694,val
818308,val
812570,val
810326,val
817315,val
831508,val
827515,val
823975,val
801378,val
820317,val
801536,val
830547,val
811392,val
805102,val
814484,val
803520,val
809753,val
831765,val
832703,val
822314,val
803495,val
840772,val
832886,val
824051,val
838113,val
803804,val
800670,val
841445,val
836695,val
805815,val
840785,val
834336,val
803592,val
833346,val
818534,val
831120,val
830524,val
824596,val
842881,val
816883,val
819933,val
813832,val
818335,val
827847,val
806741,val
810236,val
831319,val
802133,val
813922,val
828977,val
839807,val
813165,val
812835,val
829239,val
824534,val
805864,val
831071,val
827819,val
812392,val
811773,val
817787,val
827881,val
828769,val
831501,val
825003,val
814539,val
824842,val
841846,val
798681,val
826811,val
803947,val
816010,val
837909,val
829238,val
828939,val
824540,val
802677,val
831650,val
813461,val
798535,val
814646,val
830975,val
832790,val
812095,val
823818,val
834509,val
838856,val
819895,val
838704,val
825444,val
838201,val
805823,val
840083,val
824118,val
840282,val
814468,val
810839,val
839388,val
805527,val
824452,val
824181,val
828575,val
819579,val
835127,val
839025,val
804494,val
818847,val
810783,val
804751,val
809067,val
824679,val
841991,val
838241,val
826956,val
832071,val
840527,val
823658,val
814887,val
806479,val
800681,val
835040,val
818642,val
807090,val
823540,val
802990,val
800471,val
840719,val
828543,val
828111,val
813946,val
808864,val
799327,val
809023,val
807038,val
800526,val
811283,val
805099,val
826211,val
803459,val
818035,val
800990,val
801965,val
819155,val
825298,val
836390,val
812501,val
812580,val
818631,val
809782,val
831098,val
798842,val
816902,val
813389,val
838326,val
828507,val
802917,val
814267,val
805171,val
799546,val
824902,val
825295,val
829497,val
828958,val
838685,val
807532,val
834572,val
834278,val
813778,val
799057,val
827737,val
840227,val
815867,val
800710,val
809589,val
827757,val
834353,val
802573,val
828875,val
810580,val
798304,val
825915,val
835060,val
834579,val
810235,val
837998,val
811140,val
824949,val
806679,val
810460,val
820159,val
841435,val
830641,val
810173,val
813150,val
834513,val
807644,val
803903,val
830670,val
827605,val
834067,val
826595,val
825608,val
805408,val
804875,val
842551,val
818995,val
811414,val
822826,val
809749,val
805116,val
839336,val
839727,val
814645,val
810710,val
828970,val
802621,val
798182,val
810997,val
836514,val
837397,val
833088,val
822850,val
832635,val
827510,val
828581,val
811296,val
841146,val
839309,val
842367,val
835786,val
817562,val
842846,val
825095,val
812908,val
825995,val
805888,val
823337,val
806626,val
798659,val
841263,val
835033,val
807854,val
839567,val
842333,val
814090,val
830518,val
803450,val
806570,val
823155,val
819685,val
831664,val
807029,val
840454,val
830331,val
833179,val
823726,val
825375,val
816490,val
838772,val
823308,val
803352,val
816379,val
822521,val
838652,val
802068,val
839666,val
831165,val
824606,val
809211,val
840079,val
837943,val
841864,val
828997,val
836497,val
804783,val
807139,val
830279,val
819175,val
816114,val
830180,val
834562,val
843000,val
830303,val
818148,val
825421,val
811483,val
843175,val
840682,val
824194,val
835973,val
799074,val
801952,val
835160,val
842832,val
833003,val
802531,val
815477,val
827277,val
836026,val
823407,val
814049,val
818381,val
835240,val
818304,val
798459,val
837777,val
808827,val
823762,val
841400,val
806587,val
816252,val
830653,val
813192,val
810604,val
808718,val
817136,val
826051,val
809386,val
826174,val
834956,val
822774,val
810458,val
812620,val
812307,val
835603,val
800002,val
822608,val
832697,val
826615,val
806702,val
801718,val
807190,val
816751,val
825724,val
813993,val
822775,val
800180,val
819575,val
798958,val
836573,val
813476,val
803940,val
798633,val
835740,val
840174,val
831377,val
822858,val
806927,val
833338,val
814182,val
827730,val
805924,val
817764,val
829005,val
799802,val
843096,val
822374,val
825300,val
810942,val
835442,val
839579,val
798364,val
833654,val
842934,val
800114,val
806201,val
806639,val
798708,val
804773,val
810338,val
842630,val
798344,val
807845,val
840099,val
809835,val
833132,val
839702,val
808602,val
801436,val
818441,val
833451,val
811427,val
808380,val
838158,val
838604,val
812870,val
800310,val
806536,val
806784,val
831939,val
824152,val
813757,val
812212,val
825005,val
831059,val
829001,val
842496,val
843300,val
802706,val
814718,val
809294,val
841423,val
802933,val
798609,val
802748,val
839376,val
836831,val
834144,val
805339,val
812890,val
800587,val
812203,val
824612,val
805852,val
828107,val
843127,val
802956,val
805678,val
820193,val
822846,val
828595,val
819089,val
826582,val
836793,val
816938,val
816849,val
825679,val
823317,val
807399,val
813316,val
842539,val
816960,val
814707,val
840907,val
817941,val
829098,val
801964,val
832925,val
840197,val
840676,val
823445,val
833159,val
816965,val
826977,val
801427,val
807541,val
811611,val
807011,val
814277,val
802730,val
807897,val
842694,val
816814,val
842455,val
814840,val
826039,val
830917,val
799364,val
837170,val
818800,val
823920,val
812930,val
834168,val
838621,val
818529,val
824634,val
798208,val
842711,val
820088,val
815652,val
798283,val
827393,val
826731,val
831888,val
800430,val
815173,val
837807,val
842735,val
818450,val
807209,val
843144,val
838226,val
835972,val
805196,val
827200,val
824206,val
824785,val
841643,val
829849,val
803224,val
823416,val
808577,val
805353,val
812381,val
834072,val
820228,val
824159,val
835157,val
809841,val
818809,val
819066,val
807042,val
805065,val
817536,val
807998,val
802871,val
828026,val
803605,val
816347,val
805547,val
842948,val
804684,val
842705,val
816990,val
806403,val
802225,val
828220,val
820230,val
819017,val
810575,val
806623,val
818583,val
803734,val
836741,val
840170,val
825996,val
814304,val
837963,val
840781,val
837451,val
840256,val
817889,val
806544,val
806795,val
817298,val
828116,val
812434,val
820076,val
826442,val
830696,val
835975,val
800674,val
815022,val
843208,val
824708,val
810762,val
818565,val
824151,val
839335,val
798359,val
810130,val
808150,val
806336,val
799905,val
799833,val
834603,val
831447,val
807590,val
825890,val
806232,val
822692,val
824368,val
813721,val
825486,val
802434,val
818343,val
837546,val
836062,val
841687,val
810064,val
811259,val
799061,val
807203,val
828453,val
829170,val
814201,val
830876,val
825149,val
822324,val
813883,val
835202,val
819732,val
800875,val
822743,val
837305,val
808151,val
798612,val
810494,val
823957,val
814739,val
802304,val
810273,val
835602,val
819751,val
823899,val
816804,val
841820,val
801098,val
840683,val
810272,val
799427,val
800801,val
798312,val
818806,val
801818,val
822565,val
801028,val
800489,val
809655,val
815026,val
801603,val
829794,val
823243,val
800141,val
838988,val
837517,val
816259,val
823669,val
801971,val
810887,val
836262,val
801316,val
807060,val
818688,val
805520,val
838403,val
812371,val
839588,val
811526,val
839197,val
809385,val
831842,val
811290,val
835571,val
841250,val
806224,val
832200,val
801432,val
833881,val
812313,val
834910,val
805335,val
831255,val
838493,val
799043,val
805052,val
806346,val
817883,val
835648,val
807223,val
839920,val
836433,val
843253,val
843185,val
840650,val
841662,val
813457,val
807339,val
826103,val
805380,val
833474,val
818742,val
828204,val
814350,val
798110,val
813655,val
817483,val
826397,val
809631,val
825153,val
805824,val
822948,val
831300,val
800321,val
819587,val
843094,val
822615,val
802268,val
834046,val
816979,val
814400,val
840459,val
822450,val
838922,val
816142,val
830377,val
813432,val
823366,val
815044,val
826136,val
816499,val
826795,val
838223,val
799731,val
832470,val
836495,val
810068,val
813669,val
829095,val
826448,val
803951,val
808976,val
799877,val
828131,val
830901,val
829214,val
827745,val
835871,val
817357,val
832129,val
819024,val
826395,val
800700,val
798507,val
801137,val
813473,val
842415,val
829461,val
809801,val
832545,val
811687,val
832132,val
830883,val
819008,val
815703,val
833089,val
832842,val
820185,val
833661,val
837603,val
836071,val
842952,val
838545,val
829973,val
808890,val
814591,val
838086,val
812560,val
815899,val
809202,val
820171,val
835019,val
827059,val
812029,val
818699,val
839118,val
819864,val
803178,val
838691,val
807525,val
823745,val
838960,val
834652,val
834676,val
823282,val
837624,val
797897,val
803029,val
809949,val
823086,val
807864,val
830788,val
823887,val
812028,val
812588,val
828860,val
838689,val
823160,val
833475,val
841378,val
799036,val
830310,val
836594,val
830537,val
814082,val
816885,val
809001,val
802535,val
807817,val
811136,val
809230,val
842848,val
801349,val
826124,val
811049,val
833166,val
814879,val
802337,val
803613,val
829460,val
802033,val
816097,val
828656,val
808909,val
813520,val
809730,val
838390,val
803768,val
842505,val
799906,val
807186,val
819510,val
827594,val
819999,val
800103,val
837554,val
827826,val
835453,val
830855,val
801713,val
818487,val
832799,val
819065,val
803873,val
834224,val
805804,val
811352,val
808576,val
809737,val
827247,val
832884,val
825807,val
808458,val
812572,val
814242,val
823433,val
811082,val
834665,val
807598,val
809652,val
837458,val
804992,val
810856,val
823339,val
838542,val
823696,val
806306,val
807713,val
813230,val
805514,val
798357,val
805761,val
802418,val
818216,val
813124,val
832359,val
825060,val
839061,val
809220,val
822921,val
815068,val
812417,val
839020,val
806213,val
819044,val
838628,val
815796,val
802121,val
826881,val
825876,val
809616,val
823182,val
819033,val
825493,val
832131,val
820337,val
837424,val
805898,val
803200,val
822821,val
808064,val
834201,val
834356,val
819549,val
810299,val
833966,val
837447,val
798449,val
832812,val
813154,val
840009,val
806611,val
816162,val
805019,val
798205,val
836547,val
830091,val
805834,val
801399,val
829678,val
827406,val
827849,val
834155,val
812116,val
837027,val
833818,val
826001,val
838438,val
810478,val
835727,val
839056,val
842224,val
842733,val
841822,val
802862,val
807015,val
823422,val
842685,val
816053,val
817263,val
805749,val
812133,val
823695,val
808155,val
809414,val
840289,val
840348,val
809667,val
822612,val
838202,val
831282,val
803267,val
811991,val
817256,val
826603,val
818030,val
800800,val
843315,val
818729,val
816802,val
826337,val
829610,val
822802,val
805783,val
809516,val
836713,val
833192,val
835289,val
819717,val
827773,val
814492,val
810992,val
842140,val
826898,val
818651,val
808467,val
816617,val
822859,val
832833,val
839564,val
803684,val
818466,val
817702,val
799523,val
825621,val
818201,val
829743,val
840158,val
817603,val
813939,val
800020,val
838184,val
835485,val
839825,val
831040,val
813930,val
828125,val
842815,val
800851,val
802736,val
827832,val
819090,val
839656,val
839633,val
802532,val
818811,val
831956,val
806169,val
816440,val
799268,val
817165,val
826948,val
815630,val
831973,val
811564,val
831227,val
827871,val
837078,val
803933,val
815436,val
837824,val
802125,val
802043,val
818251,val
809313,val
815680,val
799596,val
802019,val
801809,val
800074,val
818068,val
819918,val
803101,val
839450,val
805893,val
828708,val
798792,val
830333,val
817492,val
800765,val
832148,val
834152,val
836699,val
806457,val
840332,val
824623,val
829189,val
836095,val
843200,val
803222,val
801544,val
800068,val
818829,val
838464,val
817037,val
838397,val
825571,val
810204,val
800663,val
798202,val
837886,val
830475,val
801650,val
825123,val
801876,val
835263,val
837389,val
834376,val
800324,val
800101,val
830635,val
819513,val
816734,val
823063,val
801350,val
833774,val
814770,val
838605,val
838391,val
812232,val
830381,val
806806,val
806271,val
815412,val
819882,val
801897,val
831191,val
834836,val
816473,val
838565,val
802237,val
825572,val
842885,val
840800,val
807783,val
839195,val
802701,val
810493,val
819047,val
803344,val
808218,val
799644,val
813399,val
835836,val
815515,val
800143,val
830937,val
818807,val
809070,val
816026,val
811078,val
809109,val
808690,val
817714,val
840798,val
830890,val
806821,val
815045,val
836293,val
834133,val
829234,val
820350,val
817834,val
809137,val
814587,val
818837,val
804631,val
818857,val
839281,val
840140,val
798531,val
835446,val
840979,val
831513,val
812523,val
817980,val
834806,val
831606,val
811622,val
801881,val
803060,val
804870,val
823987,val
803237,val
836024,val
834533,val
823424,val
817387,val
842439,val
826240,val
841706,val
841401,val
841232,val
839544,val
810877,val
825382,val
813598,val
827646,val
837040,val
835749,val
803463,val
824506,val
831090,val
798480,val
815438,val
826930,val
825286,val
834390,val
822568,val
814658,val
810774,val
833322,val
819631,val
820108,val
803229,val
833987,val
825744,val
826970,val
818368,val
824160,val
810932,val
829847,val
839375,val
818590,val
813298,val
818156,val
803855,val
805001,val
822701,val
805993,val
823338,val
813360,val
805691,val
829470,val
836354,val
827439,val
802939,val
802923,val
830898,val
811930,val
812405,val
806238,val
826137,val
832809,val
805897,val
807113,val
801344,val
836574,val
829521,val
812855,val
830378,val
813578,val
811330,val
820144,val
813801,val
805675,val
826443,val
825457,val
813029,val
833214,val
817443,val
831157,val
805087,val
816112,val
838599,val
807005,val
839571,val
833169,val
834746,val
832115,val
816708,val
834718,val
808235,val
833444,val
801620,val
801678,val
834700,val
824043,val
839577,val
818186,val
799143,val
822923,val
799287,val
831305,val
819534,val
825022,val
834389,val
803632,val
841065,val
804530,val
817167,val
817823,val
799622,val
799158,val
842382,val
837730,val
812802,val
827870,val
801988,val
823481,val
819333,val
817210,val
806880,val
842345,val
807955,val
813342,val
833392,val
831043,val
802386,val
806586,val
805996,val
810528,val
808116,val
814680,val
824891,val
810795,val
838802,val
813639,val
811544,val
808322,val
808853,val
824652,val
814421,val
840160,val
824768,val
834594,val
809467,val
805257,val
827596,val
814097,val
839551,val
833521,val
802175,val
809705,val
813907,val
823650,val
824080,val
813480,val
815471,val
811850,val
815947,val
802284,val
816266,val
825508,val
832590,val
824388,val
814050,val
834876,val
818708,val
802148,val
805015,val
838024,val
834964,val
837127,val
838825,val
832909,val
816711,val
822310,val
822707,val
840427,val
808846,val
837594,val
816767,val
808434,val
799118,val
819121,val
800797,val
822982,val
819042,val
823414,val
824532,val
803935,val
831528,val
836738,val
839636,val
807652,val
831063,val
809599,val
830002,val
818891,val
816848,val
839684,val
812432,val
834345,val
830254,val
801534,val
823950,val
825781,val
809558,val
841515,val
802511,val
818028,val
801845,val
808542,val
815201,val
802251,val
806775,val
833904,val
803913,val
820316,val
838240,val
824175,val
815913,val
843270,val
800747,val
812472,val
798517,val
842533,val
824610,val
825004,val
806783,val
803796,val
839345,val
830449,val
805706,val
799769,val
803883,val
838469,val
834108,val
820152,val
807253,val
827965,val
830891,val
834810,val
814000,val
804921,val
835881,val
801196,val
805720,val
806794,val
812883,val
825944,val
805419,val
811513,val
833202,val
840543,val
840488,val
804638,val
822822,val
802079,val
823192,val
811229,val
831786,val
825854,val
815238,val
826583,val
802579,val
828426,val
799391,val
830244,val
828014,val
833267,val
842988,val
809131,val
816805,val
830655,val
828523,val
816098,val
843074,val
817160,val
837496,val
810750,val
815868,val
834026,val
806156,val
839211,val
798482,val
806247,val
809991,val
812904,val
827748,val
810875,val
802488,val
840635,val
816149,val
827746,val
802253,val
800084,val
805006,val
834102,val
842423,val
828883,val
803588,val
819529,val
815968,val
813437,val
833671,val
828168,val
803231,val
825167,val
832845,val
817471,val
842677,val
839473,val
818722,val
814532,val
832001,val
840670,val
834430,val
824786,val
839527,val
807554,val
802135,val
816239,val
825415,val
829705,val
824338,val
807902,val
813371,val
801867,val
836705,val
838015,val
833562,val
828641,val
817195,val
833025,val
813696,val
822508,val
838973,val
814168,val
805264,val
805435,val
841786,val
827850,val
828871,val
841965,val
832811,val
835090,val
806408,val
824966,val
815854,val
813028,val
819514,val
810840,val
833650,val
825645,val
839379,val
836951,val
811788,val
799170,val
817566,val
822424,val
824374,val
832512,val
803493,val
800057,val
818302,val
827776,val
810085,val
798850,val
810474,val
798826,val
808598,val
805967,val
798216,val
801275,val
804445,val
810708,val
801381,val
799986,val
826452,val
813976,val
835197,val
839559,val
838898,val
815038,val
824777,val
804899,val
832888,val
806979,val
820034,val
808613,val
807727,val
829874,val
814188,val
838808,val
814420,val
824744,val
827415,val
823822,val
834570,val
818393,val
824950,val
800346,val
819561,val
830070,val
826984,val
804978,val
823621,val
808704,val
839509,val
820070,val
807413,val
835227,val
838333,val
799809,val
818291,val
829263,val
841205,val
831049,val
831096,val
827540,val
829254,val
838665,val
825971,val
831758,val
836358,val
811176,val
838051,val
819085,val
809140,val
833436,val
807085,val
810094,val
810144,val
815528,val
808579,val
841777,val
805375,val
841447,val
834725,val
811084,val
818687,val
798307,val
843128,val
834642,val
799777,val
805990,val
823120,val
842590,val
839837,val
826459,val
810578,val
835682,val
825739,val
820219,val
836138,val
811884,val
804750,val
832741,val
802997,val
836194,val
827838,val
799759,val
803892,val
816644,val
827140,val
810253,val
824614,val
801478,val
806363,val
808430,val
824363,val
801660,val
807814,val
823579,val
811075,val
831382,val
806189,val
823008,val
834386,val
801005,val
835066,val
837694,val
805280,val
839495,val
800552,val
830049,val
841642,val
806581,val
824773,val
819515,val
809384,val
828918,val
823228,val
831572,val
834424,val
842664,val
830646,val
817602,val
808028,val
811631,val
799526,val
829429,val
817799,val
830712,val
814942,val
802392,val
806701,val
813275,val
827993,val
827777,val
830948,val
820274,val
799265,val
809010,val
824149,val
800574,val
801406,val
813265,val
816213,val
806104,val
816942,val
806382,val
806414,val
813661,val
838369,val
802848,val
816648,val
823129,val
811970,val
837875,val
825575,val
838191,val
838231,val
822491,val
834373,val
807362,val
799008,val
804906,val
832997,val
806578,val
832754,val
827184,val
830216,val
801950,val
832923,val
828118,val
812562,val
803363,val
833314,val
799961,val
841923,val
840490,val
814665,val
837509,val
801832,val
842525,val
807634,val
841291,val
838724,val
801362,val
828609,val
832667,val
825565,val
833130,val
802468,val
833171,val
833365,val
832869,val
810300,val
825437,val
820036,val
829201,val
840293,val
825166,val
806824,val
813720,val
830079,val
834869,val
805466,val
814938,val
807347,val
828237,val
803669,val
818114,val
824798,val
837526,val
801281,val
833140,val
841434,val
800033,val
837541,val
805344,val
834758,val
827191,val
819890,val
803916,val
832503,val
838409,val
838881,val
831137,val
820352,val
805862,val
823937,val
798831,val
839275,val
808724,val
833009,val
808536,val
840824,val
809436,val
834675,val
818600,val
801770,val
803679,val
815529,val
815301,val
827712,val
840567,val
838671,val
815672,val
826399,val
802812,val
814466,val
803115,val
830414,val
809303,val
800131,val
829044,val
830991,val
827087,val
810941,val
805018,val
836806,val
835885,val
841834,val
828183,val
842441,val
826411,val
835292,val
803898,val
799702,val
829910,val
806111,val
801068,val
839660,val
839983,val
822764,val
831763,val
835794,val
817925,val
832079,val
798664,val
822779,val
829168,val
822795,val
812318,val
824778,val
827224,val
811121,val
808791,val
829334,val
803946,val
800363,val
823321,val
840735,val
814204,val
839787,val
799714,val
817966,val
833667,val
801295,val
828481,val
827082,val
800097,val
823354,val
826481,val
809734,val
841296,val
811923,val
842349,val
810676,val
833694,val
838066,val
833256,val
835547,val
823224,val
813405,val
809647,val
806127,val
840163,val
831694,val
823776,val
842973,val
831283,val
823812,val
810880,val
810659,val
837271,val
825519,val
799730,val
817085,val
839530,val
807696,val
811228,val
837008,val
813996,val
834586,val
836485,val
836267,val
833668,val
810008,val
803183,val
819247,val
811549,val
817255,val
831244,val
803086,val
807593,val
805891,val
801203,val
804947,val
823951,val
808696,val
806622,val
798374,val
840629,val
831296,val
813030,val
810719,val
823895,val
816454,val
358405,test
358760,test
76539,test
155747,test
24840,test
126430,test
40293,test
74217,test
386297,test
234883,test
187210,test
59013,test
353550,test
5163,test
355106,test
153632,test
24649,test
153994,test
51374,test
232624,test
56110,test
386219,test
121346,test
378558,test
360802,test
10834,test
232274,test
117981,test
96991,test
423119,test
378695,test
102007,test
417846,test
62118,test
111784,test
74514,test
102407,test
396280,test
138116,test
42343,test
4279,test
32168,test
126851,test
142843,test
156723,test
129427,test
184354,test
383605,test
248386,test
415391,test
173891,test
128841,test
156754,test
3090,test
81879,test
129159,test
142817,test
240674,test
152435,test
395124,test
202002,test
117663,test
40116,test
121080,test
327401,test
220539,test
32552,test
127228,test
39710,test
63796,test
154307,test
40404,test
3800,test
176086,test
29160,test
97223,test
355292,test
350513,test
372739,test
155226,test
218876,test
101602,test
355114,test
66104,test
76294,test
17929,test
214617,test
347562,test
65266,test
61721,test
171077,test
153614,test
196061,test
23563,test
182569,test
48080,test
38851,test
47679,test
99977,test
41691,test
21057,test
12927,test
14321,test
491167,test
393792,test
243780,test
177257,test
40902,test
244979,test
247813,test
187093,test
101412,test
114158,test
236571,test
137701,test
200381,test
238013,test
48456,test
72678,test
90412,test
137837,test
172109,test
109883,test
347761,test
69132,test
221951,test
29363,test
121943,test
416380,test
189822,test
267918,test
143868,test
241477,test
396074,test
64876,test
151738,test
152074,test
41087,test
271605,test
148547,test
174776,test
107725,test
200955,test
233068,test
105438,test
102934,test
98449,test
90438,test
117946,test
39169,test
29476,test
125272,test
142905,test
459706,test
326348,test
328052,test
45539,test
178826,test
21237,test
1194,test
373179,test
73188,test
162565,test
79045,test
76169,test
40831,test
218889,test
223002,test
26539,test
334538,test
50114,test
30199,test
108870,test
386203,test
51703,test
265311,test
153620,test
51413,test
343969,test
153657,test
222324,test
343928,test
386106,test
13050,test
59303,test
410642,test
358793,test
161235,test
353103,test
127446,test
87130,test
391842,test
13856,test
84867,test
30041,test
337236,test
9663,test
86895,test
56552,test
152689,test
164878,test
20695,test
80558,test
156832,test
57598,test
343939,test
144260,test
241546,test
30143,test
120384,test
143803,test
28672,test
29130,test
183636,test
89124,test
418458,test
151861,test
365241,test
237730,test
166958,test
111030,test
202301,test
240934,test
103562,test
69760,test
21560,test
156716,test
111650,test
25607,test
174024,test
369707,test
361564,test
13881,test
162950,test
248648,test
246974,test
355000,test
162395,test
316443,test
96825,test
324338,test
422146,test
70955,test
386303,test
115560,test
102390,test
96090,test
72143,test
397920,test
11009,test
152802,test
28826,test
80317,test
65576,test
36129,test
50130,test
189488,test
23567,test
79470,test
9544,test
377157,test
207481,test
10549,test
49661,test
247121,test
48510,test
150271,test
3896,test
109871,test
44969,test
136048,test
28721,test
158980,test
253532,test
5265,test
94407,test
5254,test
253463,test
425662,test
118379,test
153376,test
50254,test
246102,test
107734,test
92949,test
192149,test
362760,test
173746,test
173795,test
116617,test
245639,test
324192,test
10785,test
337373,test
46962,test
369988,test
150946,test
110265,test
423748,test
107747,test
139095,test
332729,test
9573,test
127357,test
168157,test
196930,test
149763,test
199154,test
395301,test
11073,test
68666,test
101731,test
137979,test
36764,test
382857,test
113764,test
190526,test
50259,test
191928,test
106991,test
114073,test
86082,test
182789,test
67876,test
137648,test
29436,test
84084,test
424111,test
128100,test
373990,test
165265,test
391494,test
142880,test
57425,test
170737,test
131644,test
64279,test
371090,test
41068,test
63852,test
21440,test
118899,test
155280,test
213565,test
109570,test
80706,test
39863,test
165288,test
106560,test
89385,test
116228,test
421642,test
359185,test
245197,test
98645,test
345966,test
24106,test
380753,test
80683,test
401987,test
69432,test
44962,test
153337,test
4227,test
185812,test
327661,test
54949,test
90738,test
16797,test
165166,test
111033,test
15916,test
108572,test
339625,test
439994,test
29955,test
372655,test
72984,test
344020,test
45203,test
50413,test
166101,test
78804,test
6059,test
113333,test
386117,test
127290,test
428781,test
82322,test
98290,test
367302,test
66131,test
105478,test
39389,test
338220,test
246871,test
16250,test
25824,test
142578,test
355115,test
10802,test
151223,test
374978,test
72287,test
8380,test
477507,test
265110,test
349956,test
188066,test
476803,test
108157,test
82671,test
336994,test
61914,test
63507,test
413742,test
330762,test
42241,test
270741,test
114100,test
10925,test
61285,test
88302,test
28620,test
54452,test
159987,test
140703,test
14160,test
137939,test
327035,test
107845,test
341507,test
3842,test
5361,test
220590,test
156744,test
333659,test
90022,test
179264,test
276669,test
144613,test
126554,test
363118,test
245707,test
67308,test
21573,test
122956,test
111018,test
29388,test
355305,test
389640,test
222878,test
2266,test
357428,test
394866,test
70345,test
50181,test
214390,test
6043,test
214548,test
63246,test
242561,test
243798,test
221832,test
127725,test
156806,test
369088,test
91907,test
86462,test
421667,test
128816,test
29217,test
236663,test
245204,test
11676,test
136992,test
58265,test
56549,test
168688,test
172088,test
14317,test
441163,test
23017,test
154404,test
261194,test
13218,test
125244,test
355172,test
4544,test
333271,test
275276,test
141186,test
275008,test
18268,test
3889,test
419112,test
64194,test
26729,test
373931,test
13481,test
97295,test
114120,test
324747,test
368508,test
142645,test
243553,test
242138,test
4252,test
108134,test
91112,test
374050,test
386360,test
325928,test
402614,test
66761,test
155193,test
2743,test
32873,test
10132,test
270706,test
320748,test
164769,test
78628,test
83132,test
394185,test
214568,test
26553,test
105769,test
135718,test
65335,test
13891,test
107713,test
137583,test
6730,test
377344,test
247118,test
50389,test
86471,test
246609,test
105225,test
1389,test
326647,test
250853,test
153857,test
333957,test
218869,test
161309,test
174966,test
424104,test
428249,test
335739,test
373368,test
16174,test
188226,test
167105,test
252785,test
104984,test
262980,test
242861,test
62276,test
399583,test
48543,test
84231,test
154033,test
40060,test
189848,test
105628,test
367313,test
40833,test
247135,test
86737,test
215562,test
372993,test
112196,test
209661,test
248298,test
345579,test
413622,test
154000,test
133659,test
4288,test
73090,test
345556,test
5515,test
393460,test
86464,test
98650,test
358859,test
419972,test
477311,test
275367,test
50718,test
417755,test
80821,test
60774,test
242931,test
121361,test
179924,test
50423,test
114154,test
33130,test
142854,test
105362,test
324122,test
40100,test
218188,test
222204,test
115085,test
92402,test
340712,test
37315,test
157580,test
78499,test
4816,test
354794,test
94104,test
169807,test
78791,test
117940,test
76982,test
372850,test
419329,test
106439,test
18273,test
235551,test
361186,test
73712,test
80791,test
252234,test
336798,test
209920,test
269007,test
11963,test
378622,test
128829,test
127639,test
167548,test
80834,test
43113,test
144191,test
152852,test
107960,test
425154,test
156703,test
87775,test
38612,test
151326,test
244331,test
180297,test
17898,test
37241,test
31000,test
382591,test
130968,test
41793,test
354199,test
383609,test
354247,test
91041,test
402095,test
30880,test
477302,test
380514,test
200926,test
140204,test
243630,test
78868,test
108678,test
57322,test
353793,test
53277,test
35139,test
15957,test
357142,test
208921,test
240138,test
377065,test
377589,test
267249,test
349396,test
231957,test
127158,test
200631,test
165235,test
325378,test
373982,test
10481,test
372684,test
169181,test
179905,test
42813,test
138971,test
352066,test
315648,test
187791,test
339650,test
185809,test
10418,test
374108,test
142845,test
115331,test
221790,test
238662,test
246061,test
172951,test
402801,test
192353,test
112662,test
183162,test
81909,test
236348,test
141191,test
316646,test
374116,test
173841,test
75253,test
10553,test
249132,test
8241,test
61772,test
427227,test
88971,test
119094,test
263947,test
103995,test
121369,test
63921,test
149988,test
66608,test
47668,test
171597,test
54771,test
213375,test
156750,test
157819,test
54213,test
40349,test
130570,test
222390,test
18714,test
337964,test
37228,test
38592,test
127207,test
17932,test
107722,test
50304,test
356682,test
79236,test
68898,test
26781,test
365569,test
325459,test
79636,test
50266,test
90440,test
234950,test
66363,test
25698,test
90431,test
105902,test
146653,test
372674,test
76667,test
200039,test
113270,test
359680,test
26559,test
20458,test
166386,test
91748,test
51552,test
357210,test
414260,test
29304,test
150363,test
99243,test
54099,test
231972,test
254573,test
375999,test
197866,test
102045,test
86458,test
236392,test
101309,test
202302,test
57735,test
86463,test
321785,test
357443,test
6376,test
13464,test
327843,test
36325,test
357511,test
153636,test
152708,test
37358,test
256557,test
333275,test
127629,test
38665,test
38388,test
416286,test
8723,test
93079,test
390858,test
85949,test
156183,test
148230,test
40036,test
23306,test
88446,test
477228,test
240097,test
187586,test
148034,test
96757,test
104322,test
10992,test
122423,test
64253,test
58068,test
173754,test
121023,test
332600,test
42987,test
96984,test
174924,test
77026,test
98211,test
140342,test
124855,test
29654,test
111020,test
152344,test
431533,test
422158,test
242017,test
171513,test
102403,test
56058,test
394142,test
28314,test
153649,test
359743,test
373731,test
10702,test
35932,test
179337,test
78862,test
192057,test
64747,test
136408,test
69096,test
165289,test
339645,test
47296,test
37592,test
246067,test
245268,test
82784,test
178849,test
59962,test
185529,test
190675,test
427795,test
40271,test
112213,test
10546,test
239860,test
316902,test
220817,test
16378,test
85731,test
29414,test
174035,test
91761,test
355016,test
22906,test
270720,test
31527,test
125063,test
328761,test
334683,test
97371,test
160254,test
247139,test
12782,test
124429,test
50810,test
127314,test
102825,test
64185,test
39617,test
57670,test
404407,test
399740,test
11647,test
38250,test
146487,test
358197,test
67865,test
86470,test
72883,test
102437,test
247477,test
35944,test
426039,test
414203,test
153411,test
477099,test
49084,test
65396,test
155282,test
104998,test
134055,test
321741,test
11788,test
38457,test
10810,test
115929,test
232635,test
376036,test
155573,test
28915,test
267486,test
395282,test
80079,test
86767,test
47230,test
163603,test
100843,test
411919,test
347033,test
252712,test
16665,test
106467,test
50422,test
186394,test
335518,test
168028,test
18107,test
27353,test
250063,test
360851,test
373604,test
414615,test
193784,test
353473,test
390700,test
74544,test
46731,test
365007,test
116428,test
3652,test
19822,test
236492,test
146858,test
365548,test
50316,test
130753,test
69961,test
214732,test
53493,test
75223,test
373612,test
24647,test
324746,test
69811,test
23910,test
190028,test
9548,test
152594,test
20017,test
82816,test
357171,test
51035,test
1263,test
89895,test
406243,test
127231,test
1375,test
157018,test
33694,test
96727,test
97512,test
101408,test
235724,test
170563,test
136306,test
372322,test
120973,test
98739,test
366632,test
28776,test
105836,test
42845,test
104766,test
117223,test
117219,test
379468,test
52833,test
357489,test
72291,test
356479,test
377266,test
86401,test
116366,test
359706,test
386593,test
69813,test
176226,test
163007,test
109616,test
332000,test
179543,test
71120,test
168878,test
150161,test
332318,test
10827,test
63892,test
407754,test
73454,test
102190,test
106481,test
104029,test
136032,test
216763,test
114163,test
61709,test
136302,test
20381,test
39622,test
39531,test
136991,test
28377,test
257609,test
379748,test
111011,test
259170,test
96158,test
28831,test
128833,test
61719,test
113277,test
90278,test
345133,test
1054,test
29062,test
11926,test
86705,test
417835,test
158971,test
28591,test
48057,test
85694,test
50196,test
114157,test
165034,test
189830,test
154220,test
182992,test
204649,test
383688,test
105645,test
24103,test
376031,test
73753,test
426389,test
419738,test
11849,test
104783,test
76560,test
1127,test
59509,test
30877,test
29028,test
44881,test
374504,test
50189,test
119281,test
238581,test
64595,test
65652,test
24642,test
171248,test
26661,test
352194,test
352958,test
354273,test
204179,test
320166,test
273994,test
274751,test
79277,test
432115,test
63583,test
114165,test
156641,test
467337,test
75949,test
11700,test
68382,test
358195,test
76661,test
166106,test
40446,test
368347,test
474796,test
19154,test
191849,test
50295,test
83986,test
135208,test
254621,test
193809,test
10825,test
94010,test
333610,test
18456,test
29920,test
160767,test
343901,test
11923,test
189386,test
210631,test
170857,test
321643,test
86972,test
345264,test
77061,test
171194,test
64716,test
167538,test
30033,test
251034,test
183346,test
113290,test
236647,test
152912,test
128054,test
276574,test
13698,test
248745,test
356130,test
391430,test
121132,test
8002,test
73111,test
145803,test
47683,test
147905,test
247080,test
358260,test
48409,test
182951,test
196084,test
418413,test
415395,test
28098,test
257924,test
90290,test
178434,test
343418,test
415379,test
344024,test
135844,test
236544,test
275466,test
19821,test
84681,test
216369,test
110920,test
383651,test
249715,test
137596,test
356505,test
10873,test
249893,test
348654,test
175143,test
168744,test
50955,test
270753,test
359243,test
111076,test
316895,test
146464,test
142806,test
44649,test
67824,test
29466,test
126758,test
126863,test
199255,test
373938,test
17511,test
31738,test
193867,test
93878,test
153661,test
13896,test
260933,test
343947,test
393237,test
17508,test
6185,test
378262,test
214512,test
393911,test
425792,test
114504,test
15718,test
29263,test
61849,test
40531,test
89338,test
76663,test
118756,test
234577,test
98548,test
84575,test
18218,test
110327,test
130088,test
156701,test
214632,test
356918,test
137151,test
189419,test
277264,test
146517,test
103353,test
173193,test
329734,test
160376,test
18884,test
4573,test
257777,test
254391,test
185365,test
109115,test
161457,test
109224,test
63275,test
249791,test
357725,test
68448,test
136947,test
214414,test
22955,test
320298,test
11566,test
78796,test
121604,test
223051,test
18047,test
109558,test
148272,test
238932,test
52180,test
26567,test
148241,test
424057,test
92364,test
3808,test
31681,test
36777,test
10956,test
105659,test
187832,test
157914,test
137892,test
274627,test
142822,test
70374,test
104707,test
114072,test
386381,test
52270,test
8745,test
368601,test
32575,test
359563,test
357790,test
345055,test
103557,test
46686,test
65422,test
11938,test
19161,test
29704,test
477072,test
393004,test
86905,test
514,test
64965,test
359737,test
373644,test
10690,test
154780,test
81997,test
247975,test
40098,test
239292,test
74480,test
2994,test
201025,test
230124,test
23651,test
431203,test
389987,test
77743,test
200407,test
50288,test
52190,test
150968,test
18368,test
94684,test
391691,test
66592,test
177240,test
40387,test
148940,test
71808,test
78924,test
10894,test
20192,test
268143,test
90422,test
73006,test
119876,test
339643,test
42344,test
105433,test
133747,test
85821,test
355969,test
10609,test
67650,test
333247,test
395863,test
38104,test
4754,test
419212,test
375728,test
382950,test
29361,test
138937,test
160012,test
137424,test
352716,test
56933,test
97069,test
170448,test
154692,test
198056,test
57910,test
107735,test
146277,test
125372,test
182571,test
61181,test
86584,test
143960,test
1017,test
44702,test
46275,test
102936,test
355985,test
148557,test
330884,test
136952,test
126542,test
15902,test
35703,test
26501,test
247634,test
411737,test
61859,test
59586,test
92952,test
113128,test
29385,test
386774,test
239516,test
162935,test
96536,test
115826,test
106450,test
102993,test
80782,test
72465,test
245550,test
78749,test
67829,test
15562,test
28541,test
97632,test
145575,test
268268,test
71173,test
40467,test
111212,test
355218,test
179661,test
102849,test
270405,test
34667,test
86415,test
45950,test
333277,test
14047,test
27991,test
417936,test
90179,test
196066,test
22953,test
11952,test
67425,test
35213,test
98948,test
2453,test
352638,test
81246,test
172519,test
148243,test
156811,test
373185,test
59455,test
184470,test
213852,test
336592,test
75024,test
434339,test
356490,test
85704,test
113129,test
351062,test
86457,test
205734,test
15222,test
141697,test
98646,test
10731,test
147950,test
347658,test
542,test
238567,test
21892,test
175415,test
177229,test
111779,test
372776,test
86414,test
417226,test
31251,test
147921,test
11889,test
395410,test
162733,test
93921,test
180305,test
477036,test
122189,test
89675,test
327919,test
319234,test
153737,test
57884,test
72836,test
114328,test
59260,test
1821,test
121221,test
31659,test
343867,test
139094,test
320952,test
40829,test
116921,test
89684,test
65171,test
104429,test
41083,test
150409,test
374169,test
6388,test
380047,test
90250,test
155770,test
148524,test
52290,test
157474,test
61734,test
415426,test
211159,test
152606,test
60916,test
50786,test
149944,test
200386,test
146977,test
192679,test
390939,test
32600,test
239256,test
142757,test
12974,test
197257,test
159255,test
28285,test
23025,test
133809,test
357992,test
116163,test
117498,test
70301,test
64453,test
10852,test
166966,test
28250,test
199277,test
124700,test
164366,test
334980,test
372661,test
350679,test
40016,test
168067,test
38175,test
329963,test
39934,test
4224,test
175401,test
54256,test
24160,test
193480,test
184879,test
50152,test
16263,test
373834,test
50297,test
98192,test
41580,test
98737,test
102361,test
302530,test
14034,test
6960,test
156666,test
112152,test
80194,test
92138,test
52630,test
355248,test
128705,test
143299,test
118334,test
154781,test
166481,test
86662,test
160268,test
204118,test
359258,test
124486,test
163419,test
360603,test
185138,test
116896,test
13252,test
167525,test
156816,test
16667,test
102478,test
124922,test
19159,test
64711,test
404317,test
179991,test
254868,test
48565,test
373783,test
181634,test
36047,test
128235,test
119938,test
150591,test
28934,test
199757,test
373661,test
148274,test
34277,test
50503,test
47371,test
139820,test
156885,test
337824,test
182543,test
113265,test
104733,test
27417,test
137917,test
65687,test
12776,test
86141,test
420266,test
153944,test
432102,test
11599,test
28977,test
382536,test
39731,test
121560,test
13466,test
26946,test
75064,test
239058,test
383695,test
173939,test
477016,test
31754,test
123994,test
13868,test
126465,test
64471,test
61707,test
166368,test
208109,test
424393,test
180173,test
89131,test
163412,test
359953,test
114332,test
32589,test
13453,test
183661,test
74464,test
190951,test
26942,test
199897,test
98231,test
141376,test
141179,test
8190,test
369078,test
98792,test
386609,test
173675,test
12976,test
358645,test
316648,test
168303,test
18562,test
60164,test
405662,test
134965,test
357164,test
33692,test
187809,test
98779,test
130649,test
150706,test
121573,test
73716,test
61042,test
11851,test
55107,test
1888,test
41021,test
44650,test
172448,test
65895,test
378289,test
114428,test
400697,test
141563,test
107157,test
246327,test
272237,test
159401,test
377138,test
249522,test
199230,test
144480,test
356802,test
38381,test
35074,test
88935,test
41602,test
50273,test
242650,test
429857,test
241701,test
348882,test
86880,test
44704,test
27693,test
5588,test
26578,test
185989,test
93656,test
18755,test
186335,test
390250,test
416306,test
368265,test
121049,test
34056,test
143588,test
73419,test
16098,test
62257,test
28385,test
203164,test
151089,test
41328,test
327139,test
10884,test
4431,test
68427,test
127634,test
54113,test
167179,test
4231,test
127307,test
72879,test
26213,test
390297,test
250260,test
214863,test
62280,test
235671,test
181357,test
7985,test
62031,test
81873,test
143644,test
131350,test
54448,test
196063,test
364707,test
146853,test
64676,test
62478,test
355771,test
402022,test
352331,test
69,test
144076,test
413209,test
61526,test
93396,test
28867,test
28251,test
26825,test
42347,test
200922,test
343887,test
57060,test
144334,test
85682,test
100279,test
371302,test
373364,test
55439,test
236553,test
123990,test
79031,test
157611,test
156741,test
114055,test
52863,test
356867,test
36875,test
78846,test
258017,test
146584,test
423986,test
236606,test
86941,test
153136,test
62748,test
354036,test
382525,test
366171,test
18467,test
73480,test
69160,test
192172,test
85814,test
236555,test
144084,test
242558,test
29471,test
275571,test
67998,test
374010,test
235614,test
119437,test
40004,test
126042,test
47667,test
200210,test
117217,test
256884,test
55927,test
154057,test
167578,test
246703,test
122770,test
107130,test
123889,test
105361,test
254328,test
130015,test
82004,test
173637,test
157284,test
55239,test
142479,test
14056,test
99586,test
246839,test
105561,test
20760,test
336564,test
160004,test
383576,test
328813,test
12765,test
273222,test
73101,test
164181,test
29018,test
17092,test
377112,test
114367,test
348390,test
315934,test
415466,test
153626,test
16834,test
302524,test
6183,test
146450,test
23059,test
159008,test
189973,test
155047,test
90672,test
383551,test
97022,test
167269,test
234987,test
328288,test
116388,test
3859,test
86459,test
164182,test
372686,test
354942,test
146851,test
264103,test
420315,test
167384,test
379144,test
394327,test
32836,test
200634,test
30044,test
107732,test
63904,test
168769,test
380391,test
23558,test
105525,test
81366,test
200155,test
1028,test
117894,test
18882,test
379013,test
77527,test
14020,test
120483,test
359229,test
183180,test
92109,test
358320,test
3452,test
105563,test
262237,test
248423,test
420322,test
41702,test
19067,test
242717,test
59458,test
199873,test
45991,test
201159,test
156668,test
97349,test
173679,test
359274,test
57395,test
47677,test
29371,test
28821,test
10864,test
51094,test
252424,test
170585,test
247931,test
74318,test
237675,test
425403,test
108908,test
116750,test
28825,test
57510,test
97646,test
400867,test
83530,test
27926,test
348878,test
199491,test
91404,test
154326,test
91450,test
127119,test
187090,test
2717,test
262862,test
38279,test
198263,test
76607,test
154790,test
351324,test
165830,test
418406,test
87656,test
88573,test
140653,test
270737,test
153871,test
127511,test
126392,test
339935,test
272192,test
106437,test
50246,test
179874,test
19151,test
144339,test
362333,test
62333,test
200809,test
263079,test
156770,test
241550,test
324894,test
236579,test
215937,test
50656,test
243642,test
61058,test
179993,test
256880,test
114362,test
222597,test
331907,test
50165,test
44263,test
109907,test
115073,test
92363,test
60163,test
58511,test
80836,test
276469,test
99966,test
96937,test
10130,test
353104,test
343954,test
4059,test
250550,test
45112,test
74794,test
365704,test
388857,test
86451,test
107808,test
83484,test
114162,test
36402,test
30025,test
31569,test
156798,test
113169,test
50255,test
114169,test
146926,test
92368,test
82800,test
343094,test
328049,test
241512,test
332303,test
340173,test
254386,test
59512,test
432874,test
416545,test
242687,test
17944,test
18451,test
89320,test
147138,test
26926,test
236355,test
41980,test
236580,test
400742,test
70,test
120754,test
94750,test
112984,test
17486,test
319347,test
156709,test
95775,test
241476,test
236423,test
362739,test
80663,test
49520,test
107718,test
115562,test
89296,test
237984,test
217736,test
102106,test
196075,test
61752,test
56384,test
99633,test
333400,test
157223,test
66599,test
133095,test
84391,test
191201,test
32867,test
59444,test
149946,test
243801,test
33700,test
25261,test
20693,test
35548,test
78003,test
172593,test
262977,test
35552,test
72839,test
144326,test
333418,test
171317,test
189583,test
239496,test
60776,test
24945,test
237352,test
138016,test
33313,test
32498,test
191912,test
84525,test
257812,test
150403,test
89067,test
333420,test
59447,test
26282,test
340361,test
25298,test
60808,test
80398,test
59449,test
32864,test
115725,test
74353,test
62854,test
324323,test
91750,test
245523,test
160041,test
19345,test
59448,test
41321,test
46046,test
39168,test
26978,test
251844,test
382348,test
64828,test
474399,test
319738,test
236976,test
39162,test
13361,test
15141,test
148439,test
402953,test
173692,test
329842,test
252322,test
91406,test
252498,test
64818,test
252469,test
112564,test
62271,test
89660,test
28577,test
23417,test
373689,test
148553,test
28608,test
69580,test
252548,test
277083,test
61829,test
269547,test
321157,test
373733,test
90426,test
148539,test
333770,test
106754,test
148273,test
148573,test
276934,test
382524,test
277082,test
83124,test
89132,test
373728,test
28613,test
28568,test
28562,test
148562,test
382534,test
373734,test
148475,test
90428,test
91439,test
148426,test
148579,test
122672,test
373716,test
334540,test
70823,test
148748,test
148521,test
148530,test
28618,test
401707,test
148506,test
173763,test
15149,test
89115,test
28601,test
39191,test
148566,test
148602,test
143947,test
91426,test
28582,test
61828,test
148538,test
382529,test
148408,test
50067,test
