sound_id,true_confidence,pred_confidence,correct,pred_confidence_prob,prob_confidence_1,prob_confidence_2,prob_confidence_3,prob_confidence_4,prob_confidence_5
92138,4,2,False,0.65849185,0.07570681,0.65849185,0.1046763,0.12035569,0.04076931
357454,4,4,True,0.5195881,0.064261004,0.041258283,0.09187586,0.5195881,0.28301674
189517,3,3,True,0.6060488,0.085392416,0.08964519,0.6060488,0.20356219,0.015351397
38318,4,3,False,0.4551613,0.11771777,0.050068934,0.4551613,0.285976,0.09107604
89123,2,2,True,0.67492706,0.063529864,0.67492706,0.04892109,0.16367903,0.048942883
377264,4,4,True,0.30856022,0.15387689,0.23964705,0.16941166,0.30856022,0.12850417
231490,4,3,False,0.5643115,0.06808473,0.0625026,0.5643115,0.25274295,0.05235816
178605,4,3,False,0.3609459,0.10855268,0.12361811,0.3609459,0.2987743,0.10810895
202301,1,3,False,0.55857146,0.11176133,0.1578248,0.55857146,0.11705437,0.054788012
83986,3,4,False,0.57309717,0.07229391,0.05035466,0.22890563,0.57309717,0.0753486
252351,4,3,False,0.32401958,0.10281603,0.17835754,0.32401958,0.25445986,0.14034694
46066,3,5,False,0.42462182,0.07209752,0.052623052,0.114116006,0.3365416,0.42462182
107353,2,4,False,0.40894836,0.1431936,0.22322352,0.17207244,0.40894836,0.052562065
65662,3,3,True,0.40318486,0.07676589,0.10285541,0.40318486,0.13873428,0.27845964
432102,4,4,True,0.6786644,0.053536605,0.025413612,0.18866087,0.6786644,0.053724583
33895,3,3,True,0.43636897,0.15954994,0.060848553,0.43636897,0.28952807,0.05370447
114095,4,3,False,0.28575504,0.1913862,0.15639405,0.28575504,0.279655,0.08680975
10885,4,3,False,0.39402768,0.13782202,0.20058009,0.39402768,0.19572382,0.07184638
173605,4,4,True,0.8006149,0.04166553,0.016919289,0.10485425,0.8006149,0.035946075
173795,4,3,False,0.47890073,0.08547148,0.10334123,0.47890073,0.26103848,0.0712481
10739,3,4,False,0.47440347,0.13402562,0.14381863,0.12565649,0.47440347,0.12209575
172448,2,4,False,0.33786473,0.18043059,0.1955619,0.20940827,0.33786473,0.07673455
157223,3,3,True,0.492277,0.075446814,0.13152935,0.492277,0.24345413,0.05729267
117415,3,4,False,0.49543977,0.069427356,0.061990187,0.2859867,0.49543977,0.087155975
19821,4,4,True,0.5100992,0.13454443,0.094155364,0.12688552,0.5100992,0.13431552
26935,5,4,False,0.37051255,0.095485575,0.19923149,0.24472469,0.37051255,0.09004573
104003,4,3,False,0.45661592,0.07318902,0.08859605,0.45661592,0.35735372,0.024245288
214006,4,3,False,0.4093303,0.0916752,0.18642144,0.4093303,0.2924041,0.020168949
417835,4,4,True,0.4058438,0.12451428,0.044559766,0.30318218,0.4058438,0.121900015
121221,3,4,False,0.5443171,0.08933529,0.11703468,0.21693075,0.5443171,0.032382164
119907,4,4,True,0.5231296,0.07809507,0.031030202,0.2825219,0.5231296,0.08522325
263951,4,4,True,0.5731021,0.07047122,0.06902853,0.19779965,0.5731021,0.08959847
155233,3,4,False,0.5724625,0.06631812,0.0807714,0.26584652,0.5724625,0.014601454
45117,3,2,False,0.2883312,0.10992971,0.2883312,0.26718783,0.27265748,0.061893754
15955,4,3,False,0.42248982,0.075436816,0.102517754,0.42248982,0.36567995,0.03387572
151281,4,4,True,0.46695325,0.060883053,0.089599855,0.3197603,0.46695325,0.06280358
196033,4,4,True,0.70183474,0.07300337,0.036943145,0.13187933,0.70183474,0.05633941
381494,4,4,True,0.38472492,0.13467215,0.178556,0.08305324,0.38472492,0.21899371
32868,4,4,True,0.6710705,0.04399284,0.04060118,0.21470687,0.6710705,0.029628672
154404,4,4,True,0.5371704,0.10291607,0.04321706,0.17090547,0.5371704,0.14579101
11016,2,2,True,0.41487065,0.086853266,0.41487065,0.18435775,0.24452755,0.06939082
55962,4,4,True,0.53759867,0.07006262,0.09951508,0.07410593,0.53759867,0.21871774
247511,4,4,True,0.4876652,0.060584668,0.040348094,0.051285204,0.4876652,0.36011678
214414,3,3,True,0.44869578,0.09671917,0.11322009,0.44869578,0.2832185,0.058146507
395832,2,3,False,0.44211957,0.09323514,0.09694453,0.44211957,0.282844,0.08485681
51479,4,4,True,0.58560413,0.096839204,0.030145135,0.12767072,0.58560413,0.15974079
418513,4,4,True,0.6580799,0.07967724,0.040082745,0.15453781,0.6580799,0.06762229
120675,4,3,False,0.43736348,0.12423453,0.18014091,0.43736348,0.20813091,0.05013016
72152,4,3,False,0.40090713,0.07145039,0.06539643,0.40090713,0.3865374,0.075708605
415445,3,4,False,0.32872227,0.088156216,0.22535136,0.31540895,0.32872227,0.0423612
146853,2,4,False,0.425357,0.11209208,0.20744449,0.20379215,0.425357,0.05131425
247117,4,4,True,0.56446004,0.05416508,0.04851849,0.082394734,0.56446004,0.25046164
16671,3,3,True,0.6694348,0.07113158,0.13515432,0.6694348,0.07792826,0.046351068
386279,4,3,False,0.41057813,0.09468441,0.08950303,0.41057813,0.33477375,0.07046069
402801,4,3,False,0.47308436,0.0821603,0.05741922,0.47308436,0.36058864,0.026747448
3853,2,3,False,0.48121735,0.09306443,0.21887164,0.48121735,0.13655798,0.070288606
150946,4,4,True,0.6540171,0.08765743,0.06962135,0.13620526,0.6540171,0.052498855
184217,4,4,True,0.48081318,0.100004375,0.088861465,0.2939344,0.48081318,0.036386605
13041,3,3,True,0.5555565,0.07211794,0.061826643,0.5555565,0.26497996,0.045518983
178849,5,4,False,0.49599373,0.10145179,0.052639585,0.14353444,0.49599373,0.20638044
156809,4,4,True,0.42785674,0.095565654,0.18330632,0.19960178,0.42785674,0.0936695
92137,4,2,False,0.7233871,0.0629488,0.7233871,0.083555534,0.09623879,0.033869796
143038,5,5,True,0.5353123,0.059741344,0.034658294,0.034487892,0.3358002,0.5353123
26602,4,3,False,0.3314557,0.096595325,0.09743682,0.3314557,0.28774902,0.1867631
254617,4,4,True,0.50052613,0.07834359,0.029081982,0.099553786,0.50052613,0.29249445
482689,3,4,False,0.43583614,0.07753651,0.088250294,0.3389433,0.43583614,0.059433762
344051,3,4,False,0.38321394,0.087028585,0.15633596,0.27804708,0.38321394,0.09537447
9544,4,4,True,0.54200184,0.09289327,0.09682119,0.22594891,0.54200184,0.042334747
269906,5,4,False,0.31639162,0.078441575,0.16651967,0.2409242,0.31639162,0.19772294
68409,4,4,True,0.53679466,0.075070284,0.22325043,0.06495515,0.53679466,0.09992945
325215,4,4,True,0.6942825,0.079360805,0.05225517,0.09039745,0.6942825,0.08370415
17133,4,3,False,0.50539654,0.07389289,0.19482368,0.50539654,0.18452725,0.04135965
11899,5,4,False,0.33663723,0.0858166,0.1485008,0.21847682,0.33663723,0.2105686
356460,4,4,True,0.5535056,0.068144485,0.05591244,0.09014033,0.5535056,0.23229718
356806,3,4,False,0.5006388,0.06436775,0.0676294,0.102281794,0.5006388,0.26508236
165070,3,3,True,0.36389494,0.07305198,0.155201,0.36389494,0.2941236,0.11372852
171317,4,4,True,0.62059003,0.05233867,0.1214109,0.13737307,0.62059003,0.068287335
116921,4,3,False,0.4941694,0.100590594,0.10343179,0.4941694,0.23270845,0.06909977
24311,3,3,True,0.39696372,0.12641305,0.11071878,0.39696372,0.29725868,0.06864574
124686,3,3,True,0.33248413,0.12585227,0.24288803,0.33248413,0.23172744,0.06704816
166934,4,4,True,0.5359891,0.09058904,0.07486753,0.24726568,0.5359891,0.051288623
11009,3,2,False,0.41993684,0.0825098,0.41993684,0.23910338,0.20230176,0.056148198
37178,4,4,True,0.58505905,0.07903564,0.15676759,0.14966674,0.58505905,0.02947097
188038,3,4,False,0.49953344,0.07394958,0.06786917,0.3254018,0.49953344,0.033246014
233974,3,3,True,0.3904553,0.20153455,0.11566601,0.3904553,0.25903192,0.033312257
86472,4,4,True,0.5335905,0.11587809,0.04992824,0.08984599,0.5335905,0.21075715
82808,4,4,True,0.3485195,0.101883784,0.15907495,0.3421722,0.3485195,0.04834959
495551,3,4,False,0.5901315,0.04979907,0.07314668,0.18154623,0.5901315,0.1053765
354273,4,4,True,0.55688936,0.069162056,0.035289355,0.046283156,0.55688936,0.29237613
120455,3,2,False,0.3082368,0.12005096,0.3082368,0.2811562,0.23790699,0.05264905
156765,3,4,False,0.48785624,0.085721605,0.100578114,0.16624619,0.48785624,0.15959783
61249,3,4,False,0.47888392,0.09952205,0.08631073,0.26486433,0.47888392,0.07041889
7547,4,4,True,0.50563776,0.12757328,0.08900797,0.24962173,0.50563776,0.028159292
17898,4,3,False,0.41008717,0.10443672,0.2975676,0.41008717,0.12895252,0.058955964
241477,4,4,True,0.34559032,0.07285329,0.25524232,0.1670067,0.34559032,0.15930736
5677,3,3,True,0.43928292,0.06149462,0.023276085,0.43928292,0.43500552,0.040940877
101731,5,4,False,0.47677693,0.09582274,0.11624823,0.16273536,0.47677693,0.1484167
150364,3,4,False,0.30416638,0.20720543,0.12817715,0.2931458,0.30416638,0.06730522
69817,4,4,True,0.61747366,0.1001507,0.082511336,0.11183438,0.61747366,0.08802994
382998,2,4,False,0.6088244,0.07819309,0.08178112,0.15396544,0.6088244,0.07723596
254386,3,3,True,0.4702084,0.095066875,0.12945974,0.4702084,0.24274705,0.06251801
339935,5,3,False,0.3655146,0.14907329,0.09124473,0.3655146,0.3030929,0.09107443
102100,4,3,False,0.47222406,0.06765931,0.11828016,0.47222406,0.2800855,0.061750952
33542,2,2,True,0.2798296,0.14657432,0.2798296,0.23624375,0.26568574,0.07166657
183625,4,3,False,0.46460938,0.23523545,0.1507016,0.46460938,0.11114324,0.038310286
26926,4,4,True,0.484388,0.107748725,0.1291356,0.17715321,0.484388,0.10157441
40447,4,4,True,0.6830591,0.050153047,0.048247285,0.14987028,0.6830591,0.068670265
108870,4,4,True,0.5288571,0.07651964,0.05774405,0.12757336,0.5288571,0.2093058
386609,4,4,True,0.67176634,0.07691905,0.07066258,0.14503254,0.67176634,0.035619564
55936,5,4,False,0.516674,0.088354565,0.06846638,0.11845798,0.516674,0.20804712
50658,3,4,False,0.43937895,0.07943078,0.06649091,0.17174934,0.43937895,0.24294999
5803,3,3,True,0.6255817,0.09868002,0.06396507,0.6255817,0.14038484,0.071388364
179264,4,3,False,0.44340158,0.05248055,0.024583947,0.44340158,0.4415252,0.038008664
137760,3,3,True,0.47693145,0.09376253,0.12880293,0.47693145,0.27261916,0.027883867
29493,4,4,True,0.46934107,0.073523544,0.13041231,0.2391501,0.46934107,0.08757292
343867,4,4,True,0.4964335,0.093028165,0.098081715,0.18616061,0.4964335,0.12629603
265677,3,4,False,0.38075435,0.09555731,0.10477667,0.2572098,0.38075435,0.16170189
76549,3,3,True,0.5229494,0.15316042,0.1545974,0.5229494,0.09984876,0.06944407
28250,3,3,True,0.46558744,0.10954981,0.17475405,0.46558744,0.19868347,0.051425252
124921,4,3,False,0.4850459,0.13548921,0.12868555,0.4850459,0.2183795,0.03239984
47296,2,4,False,0.5378439,0.06168728,0.059782986,0.057067703,0.5378439,0.28361815
77026,4,3,False,0.45441213,0.11342227,0.17424017,0.45441213,0.16704884,0.090876535
28616,4,4,True,0.35889438,0.07439751,0.13183898,0.1048737,0.35889438,0.32999548
148813,2,3,False,0.41146097,0.121872455,0.1680846,0.41146097,0.23476861,0.06381337
33564,4,4,True,0.58993095,0.059777237,0.04180769,0.23783942,0.58993095,0.07064475
95820,3,4,False,0.50598353,0.108501375,0.08468759,0.18356562,0.50598353,0.117261894
134854,4,3,False,0.4134545,0.11448726,0.13391006,0.4134545,0.30387512,0.034273066
11872,3,3,True,0.4430163,0.09950146,0.0959454,0.4430163,0.28676796,0.074768916
6023,4,4,True,0.3927521,0.12106567,0.052660014,0.3640229,0.3927521,0.06949929
25642,5,4,False,0.40171644,0.09354869,0.07076831,0.31447282,0.40171644,0.119493715
50266,2,4,False,0.31545603,0.11370362,0.31542575,0.21152192,0.31545603,0.043892674
200960,4,3,False,0.43525854,0.17626762,0.1355309,0.43525854,0.23105054,0.021892373
213691,4,4,True,0.31323138,0.10537214,0.25073895,0.24720038,0.31323138,0.083457105
152707,3,4,False,0.3627749,0.11031947,0.06564327,0.35681674,0.3627749,0.10444556
490712,4,4,True,0.57129705,0.11771917,0.09021611,0.12359624,0.57129705,0.09717143
30942,4,4,True,0.41693193,0.06943601,0.19592585,0.28236178,0.41693193,0.035344493
95774,4,4,True,0.49874192,0.083454594,0.057171065,0.13241,0.49874192,0.22822244
141376,4,4,True,0.5953942,0.07560505,0.058510397,0.20691976,0.5953942,0.06357058
146640,5,5,True,0.4941642,0.06221562,0.03547098,0.035595033,0.3725542,0.4941642
19154,4,4,True,0.44135144,0.06512797,0.22230023,0.22119205,0.44135144,0.050028317
270130,4,4,True,0.41500053,0.051474225,0.06611816,0.3285948,0.41500053,0.1388122
19217,4,3,False,0.31465337,0.08692055,0.29641753,0.31465337,0.26779813,0.03421044
114135,2,3,False,0.34713975,0.17225282,0.2205878,0.34713975,0.18620619,0.07381343
137583,4,4,True,0.44317603,0.10705848,0.07367427,0.0862641,0.44317603,0.2898271
61718,5,4,False,0.4541429,0.12648885,0.09462989,0.1949546,0.4541429,0.12978373
352681,4,3,False,0.5496725,0.045325447,0.060624372,0.5496725,0.28303167,0.061345987
78854,4,3,False,0.46007237,0.11021969,0.1307591,0.46007237,0.23006259,0.068886176
86414,4,4,True,0.39543957,0.12183564,0.06034448,0.115158685,0.39543957,0.30722168
408419,3,4,False,0.54783714,0.09246633,0.06072863,0.24987307,0.54783714,0.049094804
102378,4,4,True,0.36800763,0.07980786,0.047540367,0.29819545,0.36800763,0.20644872
38271,4,4,True,0.31572485,0.106069334,0.061570875,0.2400621,0.31572485,0.2765728
113090,4,3,False,0.6710925,0.059572194,0.10704045,0.6710925,0.10404922,0.058245696
156701,4,4,True,0.33601537,0.10521128,0.20896868,0.26005462,0.33601537,0.08975005
270367,4,4,True,0.5429037,0.06081406,0.028494205,0.2626284,0.5429037,0.10515959
144613,4,5,False,0.51940924,0.07320859,0.05098946,0.04518713,0.3112056,0.51940924
154692,4,4,True,0.72996515,0.07397127,0.044624485,0.11808313,0.72996515,0.03335592
265290,3,4,False,0.56745714,0.07056786,0.041504156,0.24548924,0.56745714,0.07498161
60781,3,4,False,0.5148543,0.07073284,0.11125516,0.22057214,0.5148543,0.08258558
28977,4,4,True,0.35810423,0.11972047,0.1220837,0.271552,0.35810423,0.12853959
72877,4,4,True,0.43274412,0.097935855,0.06484787,0.15634009,0.43274412,0.248132
335951,4,4,True,0.589321,0.12972161,0.038991515,0.18699093,0.589321,0.054974962
138453,3,4,False,0.38303268,0.07234611,0.18226556,0.14043704,0.38303268,0.22191863
6973,3,3,True,0.41629428,0.03591324,0.1996973,0.41629428,0.30376902,0.04432612
44702,4,4,True,0.4259273,0.11835853,0.090757184,0.21192709,0.4259273,0.1530299
69,4,3,False,0.6831183,0.08427537,0.057199,0.6831183,0.1410108,0.03439648
92363,4,4,True,0.47957096,0.09191756,0.106139824,0.18566628,0.47957096,0.13670541
27054,4,3,False,0.43471318,0.12205177,0.09507545,0.43471318,0.27589488,0.07226467
105591,4,3,False,0.46774265,0.066722855,0.10494358,0.46774265,0.28884453,0.071746424
379865,4,4,True,0.54973984,0.068684526,0.054796726,0.20324035,0.54973984,0.123538524
239671,5,4,False,0.44833425,0.06859908,0.039483815,0.09511519,0.44833425,0.3484677
107274,4,4,True,0.48946574,0.08906188,0.06724711,0.3252294,0.48946574,0.028995873
86430,3,4,False,0.5148863,0.10912671,0.080049455,0.12748292,0.5148863,0.16845462
4281,3,4,False,0.5064713,0.073386274,0.060699526,0.20678286,0.5064713,0.1526601
348887,3,3,True,0.4194117,0.0667412,0.08957794,0.4194117,0.35654712,0.06772211
50181,3,3,True,0.5218292,0.05865903,0.2272207,0.5218292,0.14362508,0.04866595
78003,4,3,False,0.384185,0.078650445,0.11116518,0.384185,0.3626833,0.06331604
187340,4,3,False,0.63882864,0.09324116,0.09180702,0.63882864,0.14114358,0.03497959
165746,4,4,True,0.53366566,0.12107094,0.09814833,0.20182677,0.53366566,0.045288324
406243,3,4,False,0.57376087,0.12184046,0.07089077,0.16590625,0.57376087,0.06760159
153857,4,4,True,0.4131523,0.11943569,0.097639404,0.070560634,0.4131523,0.2992119
366413,3,4,False,0.7627197,0.05715703,0.017614441,0.11593157,0.7627197,0.046577256
387760,4,4,True,0.591451,0.09470086,0.036939688,0.17475861,0.591451,0.10214987
374510,4,4,True,0.6878916,0.04229145,0.02930343,0.038461402,0.6878916,0.20205207
156723,4,3,False,0.27792925,0.1303361,0.23017798,0.27792925,0.24676672,0.114789926
128010,3,3,True,0.49227834,0.059409358,0.34559163,0.49227834,0.095039636,0.007681033
188825,4,4,True,0.453505,0.08415462,0.1041151,0.31737414,0.453505,0.04085116
335281,3,4,False,0.66390383,0.05473434,0.038861662,0.18556617,0.66390383,0.05693402
140680,4,4,True,0.46279484,0.08288937,0.09276212,0.083151,0.46279484,0.27840263
381487,3,4,False,0.3200488,0.13046445,0.20511974,0.1365494,0.3200488,0.2078176
29193,4,4,True,0.3821388,0.101741105,0.09623482,0.34232518,0.3821388,0.077560164
159998,3,3,True,0.5947004,0.09980115,0.060932823,0.5947004,0.20057341,0.043992262
214548,3,3,True,0.382783,0.08869011,0.16971323,0.382783,0.31193072,0.046883024
423344,4,4,True,0.7020094,0.05730579,0.0262379,0.18196659,0.7020094,0.032480307
399506,4,4,True,0.43751106,0.07445226,0.11730585,0.16031483,0.43751106,0.21041594
190582,3,4,False,0.48940092,0.12680404,0.11048518,0.22776665,0.48940092,0.04554325
47029,2,3,False,0.4002929,0.09493394,0.27426514,0.4002929,0.16719434,0.06331365
152977,4,4,True,0.3648308,0.10192907,0.17636526,0.30044174,0.3648308,0.056433134
379260,4,4,True,0.82187533,0.048180602,0.029045261,0.061558012,0.82187533,0.03934081
186316,4,4,True,0.572905,0.07979941,0.053453084,0.21870102,0.572905,0.07514155
72341,4,4,True,0.4405133,0.06776672,0.20098059,0.21405397,0.4405133,0.07668539
165034,3,4,False,0.51809245,0.07388533,0.17848973,0.2015167,0.51809245,0.028015824
57735,3,3,True,0.5166949,0.094161324,0.16978428,0.5166949,0.20494908,0.014410439
166134,3,4,False,0.3796938,0.10737881,0.11724338,0.30771458,0.3796938,0.08796941
74514,4,4,True,0.4624662,0.10513257,0.052140526,0.3403689,0.4624662,0.0398918
50124,3,4,False,0.47450507,0.14472416,0.063102804,0.2505667,0.47450507,0.06710123
137977,2,3,False,0.6072413,0.11261052,0.087169155,0.6072413,0.17042203,0.02255699
78795,3,4,False,0.39106372,0.07811576,0.12925594,0.3678251,0.39106372,0.033739477
153588,4,4,True,0.55215675,0.08445759,0.044318926,0.08251216,0.55215675,0.23655453
55246,4,4,True,0.63553584,0.06948673,0.06259564,0.15778525,0.63553584,0.07459646
147921,4,4,True,0.54141337,0.056951396,0.0604344,0.30522624,0.54141337,0.035974596
1202,3,3,True,0.6368347,0.088043965,0.2112284,0.6368347,0.042041756,0.021851292
326102,3,4,False,0.53904,0.07347933,0.028486961,0.23971039,0.53904,0.11928324
366177,4,3,False,0.4199277,0.113185585,0.16644958,0.4199277,0.23473482,0.0657024
27062,2,4,False,0.53810513,0.08510648,0.052657414,0.2641873,0.53810513,0.05994367
112463,3,4,False,0.42577046,0.07881751,0.047365073,0.22984084,0.42577046,0.21820617
3842,2,3,False,0.55889684,0.06558583,0.20525123,0.55889684,0.106490575,0.06377548
31782,1,4,False,0.47818658,0.09403805,0.07443832,0.29884005,0.47818658,0.05449707
126762,4,4,True,0.56416285,0.07988615,0.074111834,0.25738335,0.56416285,0.024455827
148933,4,4,True,0.67612624,0.07828557,0.037381344,0.10189141,0.67612624,0.1063154
147958,3,3,True,0.52142936,0.08308172,0.1793517,0.52142936,0.13830958,0.07782764
386106,3,4,False,0.44338563,0.11846052,0.07755547,0.30593082,0.44338563,0.054667532
153096,2,4,False,0.41631326,0.066136084,0.09322778,0.20557068,0.41631326,0.21875224
155361,3,4,False,0.54836243,0.073758714,0.084189594,0.25577983,0.54836243,0.037909403
432206,4,3,False,0.43588483,0.101681225,0.06281171,0.43588483,0.3720674,0.027554838
9224,3,3,True,0.4223239,0.07940198,0.14264692,0.4223239,0.33739147,0.01823572
155925,4,3,False,0.40007493,0.11217837,0.14952326,0.40007493,0.21109897,0.12712449
57509,4,4,True,0.46515557,0.07327549,0.06580376,0.3610082,0.46515557,0.034756955
105945,3,3,True,0.3645933,0.09694566,0.11235707,0.3645933,0.3635471,0.06255687
123293,4,4,True,0.5528665,0.082428776,0.034721393,0.102232665,0.5528665,0.22775066
40618,4,3,False,0.5622173,0.100808844,0.16173859,0.5622173,0.12094093,0.054294296
74543,4,3,False,0.5722194,0.05976492,0.1010146,0.5722194,0.21205741,0.054943666
239751,3,4,False,0.3996841,0.068613164,0.040991608,0.27269122,0.3996841,0.21801992
252424,4,3,False,0.2727005,0.097541265,0.19635212,0.2727005,0.26008928,0.17331687
368084,4,4,True,0.52735156,0.05706194,0.029948024,0.31538734,0.52735156,0.07025108
316041,4,5,False,0.59843767,0.035646867,0.029012859,0.035419174,0.30148345,0.59843767
355248,4,4,True,0.5331374,0.062983006,0.07870415,0.1015294,0.5331374,0.2236461
78877,4,3,False,0.61085993,0.08343748,0.15728611,0.61085993,0.1030236,0.045392875
372939,4,4,True,0.55845153,0.03677239,0.062831394,0.051309112,0.55845153,0.29063565
169933,4,4,True,0.47444603,0.05901692,0.071727805,0.37695003,0.47444603,0.01785933
117606,3,3,True,0.5076214,0.086904176,0.026480652,0.5076214,0.33129734,0.04769637
76600,3,3,True,0.3987745,0.1416592,0.19022398,0.3987745,0.18073854,0.088603735
255812,5,3,False,0.45250165,0.067361504,0.11705752,0.45250165,0.31245083,0.050628413
467337,4,4,True,0.5239972,0.07661238,0.11283692,0.15340434,0.5239972,0.13314918
170857,3,4,False,0.74404764,0.031863853,0.02448368,0.10361965,0.74404764,0.09598519
44354,4,4,True,0.39118052,0.07444775,0.15128982,0.30863097,0.39118052,0.074451014
428249,3,4,False,0.51716375,0.09308581,0.095972605,0.19824953,0.51716375,0.09552829
67306,3,3,True,0.3903704,0.08688565,0.23938759,0.3903704,0.20828086,0.0750755
29476,4,4,True,0.4715788,0.0901419,0.10518551,0.24555926,0.4715788,0.08753458
236598,5,4,False,0.51317155,0.08755407,0.061831612,0.12987533,0.51317155,0.20756751
71081,3,3,True,0.5894332,0.076342374,0.030748894,0.5894332,0.25742006,0.04605554
400597,4,4,True,0.735351,0.03325435,0.030407524,0.15912594,0.735351,0.041861136
39519,5,4,False,0.3859434,0.079792686,0.10026222,0.29959935,0.3859434,0.13440233
89441,5,4,False,0.62751645,0.07189902,0.03759747,0.19879729,0.62751645,0.06418976
387698,4,4,True,0.60229707,0.056048658,0.0268204,0.21997218,0.60229707,0.09486168
38962,4,4,True,0.58799607,0.07575348,0.13782583,0.118162,0.58799607,0.08026266
102407,5,4,False,0.43337935,0.07203485,0.067162015,0.22423096,0.43337935,0.20319279
39197,4,5,False,0.5639476,0.04266981,0.06963855,0.12106767,0.20267637,0.5639476
60687,3,3,True,0.5709391,0.052948825,0.10735408,0.5709391,0.24611752,0.022640463
92392,4,4,True,0.5348998,0.07560847,0.078509904,0.18886031,0.5348998,0.12212158
40320,4,4,True,0.53629863,0.09821333,0.043514013,0.06669673,0.53629863,0.25527734
252374,4,3,False,0.4045679,0.09887043,0.1367881,0.4045679,0.17333665,0.18643689
26937,5,4,False,0.47083715,0.07755182,0.112420805,0.20688294,0.47083715,0.13230734
62947,3,4,False,0.34749848,0.1434622,0.13309829,0.18599841,0.34749848,0.18994264
27059,3,4,False,0.4460528,0.12740742,0.08799998,0.28316566,0.4460528,0.055374186
153973,4,5,False,0.44895956,0.05179358,0.023303306,0.032825418,0.44311816,0.44895956
354510,3,4,False,0.59409857,0.05783095,0.048046403,0.1755923,0.59409857,0.1244318
11666,4,5,False,0.292849,0.08722949,0.21024004,0.1722665,0.23741499,0.292849
199873,4,4,True,0.6104277,0.1094655,0.030812431,0.1397108,0.6104277,0.10958362
200407,4,4,True,0.5243242,0.09962738,0.09896289,0.1509234,0.5243242,0.12616214
148512,4,5,False,0.6990301,0.028268471,0.038298458,0.02416633,0.21023667,0.6990301
23741,4,4,True,0.5021593,0.11253794,0.06581928,0.2963061,0.5021593,0.023177363
113288,3,3,True,0.46652094,0.11448583,0.26422536,0.46652094,0.1321661,0.022601772
24643,2,4,False,0.52338195,0.06426258,0.053486887,0.26965415,0.52338195,0.08921436
23417,3,3,True,0.39210546,0.08969452,0.17275418,0.39210546,0.30593535,0.039510477
333410,4,3,False,0.4114081,0.09781166,0.07133964,0.4114081,0.3605677,0.05887288
46153,5,4,False,0.7070126,0.060410038,0.026623124,0.06273182,0.7070126,0.14322244
253100,3,4,False,0.51220125,0.1315907,0.14662234,0.13303435,0.51220125,0.07655133
130709,4,3,False,0.33917707,0.1352291,0.14586896,0.33917707,0.3172489,0.062475972
275367,4,3,False,0.48931268,0.12400447,0.08447796,0.48931268,0.24019282,0.06201212
18335,3,4,False,0.4695482,0.07507165,0.092863806,0.16877565,0.4695482,0.1937407
20536,4,4,True,0.7088091,0.060553804,0.026834518,0.118692905,0.7088091,0.085109726
29471,4,4,True,0.5290528,0.1006643,0.097901486,0.17974603,0.5290528,0.09263535
208848,2,3,False,0.54812336,0.09937708,0.06981282,0.54812336,0.15150385,0.13118285
40028,4,3,False,0.5005974,0.10776174,0.13814634,0.5005974,0.20748529,0.046009198
354421,4,4,True,0.6191834,0.050112214,0.029722378,0.09412387,0.6191834,0.20685814
16625,4,3,False,0.42653406,0.15698226,0.18878399,0.42653406,0.18265894,0.045040704
268870,4,3,False,0.5324833,0.07009329,0.15664372,0.5324833,0.20765929,0.033120427
374706,4,4,True,0.3262642,0.08788197,0.17027627,0.31555524,0.3262642,0.100022346
59765,4,3,False,0.4090355,0.055708207,0.16732906,0.4090355,0.33153677,0.036390405
114368,3,3,True,0.31324628,0.21714817,0.22405295,0.31324628,0.18536974,0.060182825
38381,4,3,False,0.47143918,0.123747766,0.05754597,0.47143918,0.3013483,0.045918796
402022,4,4,True,0.37560087,0.08725864,0.03652713,0.23878025,0.37560087,0.2618331
62591,3,3,True,0.6158251,0.07918289,0.16322652,0.6158251,0.11445842,0.027307086
489483,4,4,True,0.56424,0.09358136,0.08557859,0.15158443,0.56424,0.10501567
102553,3,4,False,0.5323364,0.07778205,0.08236535,0.25371984,0.5323364,0.053796384
8190,4,3,False,0.6101878,0.07224913,0.07079295,0.6101878,0.17409734,0.07267271
358288,4,4,True,0.61127806,0.058630694,0.032148425,0.05601133,0.61127806,0.2419315
267004,4,4,True,0.7657432,0.0757383,0.012493316,0.0983755,0.7657432,0.04764975
137540,4,4,True,0.56088614,0.07816761,0.045553584,0.07159364,0.56088614,0.243799
68688,4,4,True,0.436092,0.08671655,0.050955504,0.3669637,0.436092,0.059272327
249723,4,4,True,0.6125148,0.081836745,0.05647752,0.13337259,0.6125148,0.1157984
383368,3,4,False,0.4064239,0.15845297,0.1496079,0.20235045,0.4064239,0.08316481
111091,3,3,True,0.53190184,0.079611346,0.1362344,0.53190184,0.22114094,0.031111496
56384,3,3,True,0.580471,0.07530997,0.11368781,0.580471,0.16415721,0.066374086
39066,3,3,True,0.3536991,0.1564199,0.2209587,0.3536991,0.21134277,0.0575795
332846,4,4,True,0.42484123,0.11799217,0.1615545,0.19864272,0.42484123,0.09696939
390313,2,3,False,0.49564528,0.10578711,0.17446613,0.49564528,0.16851397,0.05558755
56938,4,4,True,0.47470662,0.06129481,0.042684276,0.37903783,0.47470662,0.04227644
124829,3,3,True,0.41101208,0.10682151,0.11072967,0.41101208,0.2807974,0.09063935
474943,5,4,False,0.61549246,0.04655513,0.025636304,0.12590092,0.61549246,0.18641517
50286,3,2,False,0.3912295,0.059123907,0.3912295,0.3560272,0.16275266,0.030866772
223495,3,3,True,0.4968616,0.08561114,0.20066977,0.4968616,0.19294223,0.023915196
26665,5,4,False,0.5825604,0.07453191,0.04992119,0.18950458,0.5825604,0.10348183
61562,4,4,True,0.56717557,0.083286874,0.048180845,0.07975102,0.56717557,0.2216057
370994,4,3,False,0.3028165,0.13174222,0.13636272,0.3028165,0.20794246,0.2211361
30203,2,3,False,0.62567586,0.06898629,0.18044902,0.62567586,0.100848496,0.024040299
208919,4,4,True,0.6695477,0.06695365,0.039864782,0.1394105,0.6695477,0.0842234
153039,4,4,True,0.438635,0.07837579,0.103382096,0.33448982,0.438635,0.045117415
107422,4,4,True,0.5277247,0.11958344,0.15374523,0.15779409,0.5277247,0.041152578
244968,4,4,True,0.53151745,0.10980031,0.06373249,0.23195723,0.53151745,0.062992565
353036,3,3,True,0.38716286,0.1225868,0.08829419,0.38716286,0.36237627,0.039579798
137535,5,4,False,0.44098225,0.11127695,0.07483749,0.12067007,0.44098225,0.25223324
86451,1,4,False,0.5442829,0.11897002,0.041979395,0.119079456,0.5442829,0.17568822
146197,4,4,True,0.59709543,0.062137354,0.024750078,0.26269215,0.59709543,0.053325005
115417,4,3,False,0.30452392,0.17725538,0.20032048,0.30452392,0.27840528,0.039494995
223420,4,4,True,0.525467,0.07811194,0.0557413,0.30512133,0.525467,0.035558403
26906,4,4,True,0.5414854,0.0626843,0.056105025,0.25946492,0.5414854,0.08026033
37285,3,4,False,0.44220623,0.057995956,0.15594095,0.15693511,0.44220623,0.18692172
113272,2,3,False,0.42192137,0.12974471,0.19642963,0.42192137,0.20146096,0.05044336
137908,4,3,False,0.41340476,0.08467049,0.059164252,0.41340476,0.367026,0.07573452
148426,5,5,True,0.6799114,0.038965408,0.0648681,0.037197802,0.17905727,0.6799114
74479,3,4,False,0.43182278,0.0822489,0.19267072,0.25477195,0.43182278,0.03848562
24589,3,3,True,0.4209167,0.070423625,0.20376106,0.4209167,0.21552028,0.08937834
28983,3,4,False,0.34588,0.10028455,0.11534675,0.24718133,0.34588,0.19130737
156673,4,4,True,0.5377111,0.09668685,0.122381486,0.18895824,0.5377111,0.054262355
35554,4,4,True,0.45380515,0.08134334,0.09401218,0.32429197,0.45380515,0.04654744
34140,4,3,False,0.45733348,0.091609284,0.16116711,0.45733348,0.20006044,0.08982975
156510,3,3,True,0.6366744,0.06732701,0.21760485,0.6366744,0.044746567,0.033647165
52290,4,3,False,0.4548603,0.11641497,0.13461086,0.4548603,0.269796,0.02431789
7542,3,3,True,0.6217831,0.08123203,0.17957422,0.6217831,0.08068934,0.036721308
104389,2,4,False,0.5160581,0.10801596,0.11886524,0.19637859,0.5160581,0.06068211
252393,4,4,True,0.33268228,0.12557742,0.1583411,0.25707436,0.33268228,0.12632486
174879,3,4,False,0.36606175,0.12801635,0.1471414,0.32286638,0.36606175,0.03591419
157580,3,4,False,0.43034402,0.07395678,0.09272004,0.3517399,0.43034402,0.051239204
354794,4,4,True,0.4155192,0.07173114,0.074984185,0.30417812,0.4155192,0.13358738
168443,3,3,True,0.4361509,0.12000679,0.1361277,0.4361509,0.1728075,0.13490713
5823,4,3,False,0.36334696,0.11897816,0.13712618,0.36334696,0.27000454,0.11054417
73723,4,4,True,0.46088457,0.109214574,0.09017943,0.299657,0.46088457,0.040064506
157596,4,4,True,0.6064375,0.07963453,0.047448423,0.21742009,0.6064375,0.049059466
130872,3,4,False,0.77167505,0.04441936,0.043044467,0.11479087,0.77167505,0.026070286
137596,4,4,True,0.3941959,0.1153519,0.06397538,0.12414099,0.3941959,0.30233583
86737,4,4,True,0.41699052,0.09309218,0.10743277,0.34248444,0.41699052,0.04000012
51703,3,3,True,0.3950573,0.07166629,0.15278718,0.3950573,0.34294057,0.037548654
168484,4,4,True,0.40647727,0.08772436,0.09218363,0.32918996,0.40647727,0.08442476
111124,3,3,True,0.46753937,0.08149891,0.054997474,0.46753937,0.33432,0.061644197
18172,3,4,False,0.563099,0.05957296,0.07243169,0.2770215,0.563099,0.027874798
10774,3,3,True,0.4510288,0.086807296,0.17960793,0.4510288,0.19081628,0.09173969
240779,4,4,True,0.5335047,0.07971227,0.1578223,0.1716851,0.5335047,0.057275664
465759,4,3,False,0.67571735,0.060824174,0.098845184,0.67571735,0.14466608,0.019947222
25298,2,3,False,0.5478772,0.10038476,0.1178578,0.5478772,0.21877368,0.015106527
357476,4,4,True,0.5940434,0.043969423,0.03234042,0.06756668,0.5940434,0.26208
343613,3,3,True,0.5327684,0.13728836,0.17050658,0.5327684,0.11370269,0.04573394
264611,5,4,False,0.44419885,0.071916796,0.03204932,0.07243832,0.44419885,0.37939677
24818,4,4,True,0.37762818,0.095204696,0.05658335,0.2381988,0.37762818,0.232385
133674,2,3,False,0.42396218,0.086640805,0.26153702,0.42396218,0.17906956,0.048790414
10549,3,3,True,0.4236993,0.10893183,0.12366519,0.4236993,0.2497169,0.09398678
18966,4,3,False,0.37920296,0.11941574,0.068277545,0.37920296,0.36467564,0.06842806
188886,4,4,True,0.49355784,0.0652297,0.05788656,0.32682183,0.49355784,0.05650401
156741,2,4,False,0.48488498,0.09479746,0.15463799,0.15372847,0.48488498,0.11195112
359816,5,5,True,0.42510763,0.056104496,0.058961768,0.06844132,0.3913848,0.42510763
135703,3,4,False,0.47418487,0.06378631,0.06324092,0.21382383,0.47418487,0.18496406
122789,3,3,True,0.36954945,0.08785347,0.08646896,0.36954945,0.36109385,0.095034234
142757,4,5,False,0.5889258,0.05539928,0.030533738,0.022963163,0.30217803,0.5889258
142682,4,5,False,0.7104159,0.05097585,0.022927241,0.018521253,0.19715978,0.7104159
53570,3,3,True,0.40695417,0.124839775,0.19950284,0.40695417,0.22269979,0.046003368
179672,4,4,True,0.40431595,0.096718565,0.14752392,0.2582961,0.40431595,0.09314547
173939,4,4,True,0.45092905,0.08311757,0.13399495,0.22714698,0.45092905,0.10481148
484620,4,4,True,0.40927753,0.1236826,0.09983982,0.26615837,0.40927753,0.10104161
164592,4,4,True,0.6558601,0.049460188,0.04789581,0.18027157,0.6558601,0.06651226
160911,5,4,False,0.6562649,0.08844971,0.033778615,0.14576565,0.6562649,0.075741135
57995,4,4,True,0.341641,0.16761813,0.18208371,0.24244432,0.341641,0.06621279
404368,4,4,True,0.4289856,0.08508651,0.06126543,0.37760592,0.4289856,0.047056597
64818,4,4,True,0.34580928,0.06837795,0.10815688,0.31439853,0.34580928,0.16325733
147692,2,3,False,0.52234656,0.08045107,0.10914279,0.52234656,0.14227803,0.14578162
152370,4,4,True,0.5275652,0.08284407,0.08043867,0.26968879,0.5275652,0.039463248
85949,3,4,False,0.6449638,0.070057176,0.023513038,0.19795096,0.6449638,0.06351507
337102,1,3,False,0.5506362,0.07208389,0.1941862,0.5506362,0.14121497,0.041878805
184416,4,3,False,0.41300845,0.08830282,0.066079155,0.41300845,0.3498011,0.08280853
150958,3,4,False,0.51803523,0.052861363,0.041977532,0.30801177,0.51803523,0.07911415
58069,4,4,True,0.61582994,0.08013413,0.05834752,0.06808313,0.61582994,0.17760529
62148,4,3,False,0.5241111,0.067613885,0.16834024,0.5241111,0.20786008,0.03207473
236579,4,4,True,0.5600675,0.052332934,0.06068787,0.21428892,0.5600675,0.1126228
98548,3,4,False,0.471917,0.08861777,0.11733505,0.30778646,0.471917,0.014343693
61730,4,4,True,0.5973336,0.09430254,0.055971205,0.11285289,0.5973336,0.13953981
84387,4,3,False,0.50499886,0.06323095,0.073555954,0.50499886,0.30144712,0.0567671
239586,4,4,True,0.41284788,0.073878326,0.11448428,0.3533696,0.41284788,0.045419976
139824,3,4,False,0.4280026,0.088664256,0.067037724,0.28469923,0.4280026,0.13159621
89675,4,3,False,0.62893134,0.062325913,0.050143875,0.62893134,0.24052079,0.018078094
262976,4,4,True,0.44999796,0.060675997,0.05036634,0.3387879,0.44999796,0.10017174
92371,3,4,False,0.5354614,0.07842049,0.09617509,0.18782362,0.5354614,0.10211937
40032,4,3,False,0.5046983,0.08614337,0.11948554,0.5046983,0.23422392,0.055448897
188172,3,3,True,0.3667934,0.11377698,0.11833107,0.3667934,0.36563313,0.035465438
204641,4,3,False,0.5861669,0.08157313,0.21135105,0.5861669,0.09093261,0.029976336
76560,3,3,True,0.43958014,0.10238268,0.097210094,0.43958014,0.26192936,0.098897785
99796,4,4,True,0.7760933,0.054223053,0.059379827,0.07903732,0.7760933,0.031266533
144076,3,4,False,0.452939,0.082053095,0.05119043,0.36855006,0.452939,0.045267448
164175,4,4,True,0.44178116,0.088097334,0.117661424,0.31591755,0.44178116,0.03654254
84391,4,3,False,0.43321684,0.09210928,0.12339927,0.43321684,0.3186488,0.032625772
173756,5,5,True,0.62569445,0.052670594,0.073140204,0.07803817,0.1704566,0.62569445
59304,4,3,False,0.52359825,0.08377142,0.06294781,0.52359825,0.2844831,0.045199428
12911,4,4,True,0.55634075,0.08420712,0.0642064,0.14121136,0.55634075,0.15403436
154410,4,4,True,0.7677695,0.050833795,0.032069825,0.110539705,0.7677695,0.038787257
98150,4,4,True,0.41457808,0.07440203,0.077810176,0.35967025,0.41457808,0.073539436
124276,5,4,False,0.5477045,0.094827846,0.043334935,0.1708794,0.5477045,0.14325337
244012,4,3,False,0.6451881,0.105404004,0.0916261,0.6451881,0.13632064,0.021461174
58406,4,3,False,0.4285721,0.09724999,0.1764162,0.4285721,0.17794198,0.11981979
348309,3,4,False,0.4259127,0.09377819,0.094702,0.31086957,0.4259127,0.0747375
355102,5,4,False,0.666353,0.04170702,0.045575216,0.044270445,0.666353,0.2020943
63806,3,3,True,0.4778305,0.09575601,0.103211224,0.4778305,0.2554423,0.06775995
108776,4,4,True,0.58733755,0.073384374,0.053173617,0.20725273,0.58733755,0.07885179
100457,3,3,True,0.5671352,0.08102922,0.21014667,0.5671352,0.09270786,0.048981115
14998,4,3,False,0.6132891,0.115082934,0.15488206,0.6132891,0.074736476,0.04200938
151009,4,4,True,0.53742564,0.065220445,0.033610854,0.23548609,0.53742564,0.12825695
101851,3,3,True,0.562102,0.113737494,0.16857071,0.562102,0.10676541,0.04882432
93889,4,4,True,0.44556555,0.071431935,0.0290608,0.20182094,0.44556555,0.25212076
101233,2,3,False,0.35764366,0.13709418,0.16488329,0.35764366,0.27338454,0.0669943
142806,4,4,True,0.4639846,0.082324296,0.04998152,0.046085905,0.4639846,0.35762373
168123,4,3,False,0.4264699,0.09092258,0.16842745,0.4264699,0.26314107,0.05103906
372608,4,4,True,0.47767967,0.076692924,0.068831556,0.3191086,0.47767967,0.05768727
154730,4,3,False,0.4010935,0.09210077,0.10219093,0.4010935,0.3237018,0.080912985
10102,3,2,False,0.40660015,0.29941255,0.40660015,0.18412589,0.079743646,0.03011778
29361,4,4,True,0.5334818,0.112888314,0.09142261,0.14928621,0.5334818,0.11292112
97287,4,4,True,0.52782357,0.10255452,0.07241054,0.12474014,0.52782357,0.17247123
29705,3,3,True,0.35887372,0.069581546,0.10420175,0.35887372,0.35717893,0.11016405
55959,4,4,True,0.46639052,0.067826256,0.068796046,0.07721957,0.46639052,0.31976768
10477,3,3,True,0.38433796,0.08592012,0.17501071,0.38433796,0.28642446,0.06830673
113344,3,3,True,0.5008749,0.12852648,0.13320006,0.5008749,0.21961229,0.017786343
18057,1,3,False,0.5664059,0.10651293,0.20143636,0.5664059,0.08325193,0.042392876
1127,4,3,False,0.44002438,0.07624361,0.1647004,0.44002438,0.28235736,0.036674276
51105,4,3,False,0.47421262,0.06664458,0.057945352,0.47421262,0.3215738,0.079623625
6229,3,3,True,0.47559515,0.08866151,0.103051186,0.47559515,0.24891354,0.08377854
326986,3,4,False,0.54895824,0.088165514,0.034999564,0.28747505,0.54895824,0.040401608
186660,5,3,False,0.62707126,0.06490877,0.067371294,0.62707126,0.15996978,0.08067892
72577,4,4,True,0.62260395,0.055734582,0.030140685,0.2527545,0.62260395,0.038766325
165356,3,3,True,0.50456136,0.068680525,0.11621956,0.50456136,0.28673455,0.023804009
68722,4,4,True,0.39468366,0.11019891,0.16468269,0.28078,0.39468366,0.049654733
93886,4,4,True,0.4106634,0.07120964,0.039316922,0.21935482,0.4106634,0.25945523
21412,3,4,False,0.44864336,0.10150795,0.07282356,0.29235008,0.44864336,0.08467497
10836,2,3,False,0.34977612,0.08741295,0.34600434,0.34977612,0.17717329,0.039633352
336370,4,4,True,0.569257,0.07191197,0.05376734,0.24179173,0.569257,0.063271925
177605,4,3,False,0.33540928,0.11760919,0.12387282,0.33540928,0.2192024,0.20390634
3004,4,4,True,0.40020102,0.09853729,0.10570399,0.3407744,0.40020102,0.05478332
77014,2,4,False,0.49400988,0.07173182,0.09802859,0.287397,0.49400988,0.04883268
41862,4,4,True,0.45690483,0.117603734,0.09495341,0.27686957,0.45690483,0.053668458
336787,3,3,True,0.6014273,0.06683634,0.048620164,0.6014273,0.21370438,0.06941177
393911,4,4,True,0.6761015,0.055925462,0.06742883,0.14079498,0.6761015,0.05974921
104231,4,4,True,0.517484,0.08909481,0.03392826,0.039723303,0.517484,0.3197696
32867,4,4,True,0.5692823,0.064098366,0.0440587,0.27926958,0.5692823,0.04329108
44476,2,4,False,0.37977794,0.08730347,0.10258136,0.35860804,0.37977794,0.071729176
58998,2,3,False,0.41906825,0.14941975,0.19382668,0.41906825,0.20170893,0.035976302
214369,3,4,False,0.5368812,0.0636315,0.10884867,0.220366,0.5368812,0.070272624
218869,4,3,False,0.36962667,0.09236711,0.09985466,0.36962667,0.31417012,0.12398146
222923,4,4,True,0.47202295,0.093136095,0.053959653,0.25080365,0.47202295,0.1300776
78762,3,3,True,0.4207221,0.13695794,0.29201832,0.4207221,0.11301451,0.037287068
420629,4,4,True,0.33368286,0.08084305,0.18976298,0.24632959,0.33368286,0.14938153
490230,4,4,True,0.4533307,0.086306095,0.08170482,0.27392548,0.4533307,0.10473291
417826,4,3,False,0.35428834,0.07547971,0.23078191,0.35428834,0.29220134,0.047248773
30877,3,2,False,0.29936343,0.14477612,0.29936343,0.2877786,0.24852435,0.019557502
41711,3,3,True,0.5346865,0.063936785,0.23117213,0.5346865,0.09827312,0.071931444
246937,4,4,True,0.42720857,0.061418884,0.042553898,0.09356024,0.42720857,0.37525842
165614,3,3,True,0.4207522,0.08041159,0.06508637,0.4207522,0.3361787,0.09757117
91404,3,2,False,0.51696646,0.06403335,0.51696646,0.047751088,0.28333008,0.08791904
147138,3,3,True,0.28096932,0.18621153,0.19462933,0.28096932,0.26211035,0.076079436
9661,3,4,False,0.38154426,0.1263567,0.10275493,0.28851086,0.38154426,0.100833245
4528,3,3,True,0.53610176,0.12651826,0.23307265,0.53610176,0.059088014,0.04521933
401817,4,4,True,0.50531083,0.0891864,0.03417272,0.08375935,0.50531083,0.28757071
275788,5,4,False,0.5747352,0.06753405,0.11671692,0.07750367,0.5747352,0.16351016
356505,4,4,True,0.6055279,0.053339988,0.058749974,0.059326854,0.6055279,0.22305524
196092,2,4,False,0.67246443,0.053361118,0.036500987,0.19413851,0.67246443,0.043534882
386607,4,4,True,0.6420131,0.09590036,0.084250055,0.12766919,0.6420131,0.050167296
261588,2,4,False,0.31998783,0.08115191,0.14273839,0.27030492,0.31998783,0.1858169
41762,3,3,True,0.44205117,0.10193059,0.19494978,0.44205117,0.15316445,0.10790398
188717,4,3,False,0.43945342,0.084114425,0.092253305,0.43945342,0.31321692,0.07096186
15928,4,3,False,0.43333086,0.11683541,0.20466356,0.43333086,0.21190971,0.033260398
34688,3,3,True,0.4812431,0.099459976,0.061175443,0.4812431,0.27637511,0.081746414
165048,4,4,True,0.4287231,0.12216542,0.081127696,0.33541486,0.4287231,0.03256897
389987,4,4,True,0.54729635,0.06305755,0.046558555,0.29884657,0.54729635,0.04424094
371385,4,3,False,0.34374082,0.110612005,0.15871611,0.34374082,0.30856574,0.078365274
28253,4,3,False,0.38010585,0.10113875,0.1895702,0.38010585,0.2956197,0.033565447
107135,4,4,True,0.42117593,0.10678467,0.14907157,0.26301795,0.42117593,0.059949864
105475,4,3,False,0.50912845,0.06718405,0.081531286,0.50912845,0.30488914,0.03726708
387785,5,4,False,0.58381647,0.08735343,0.03019709,0.20292404,0.58381647,0.095708996
137979,3,4,False,0.564557,0.10063822,0.045995273,0.14472367,0.564557,0.14408578
406667,3,4,False,0.70230263,0.047467425,0.039859667,0.15716581,0.70230263,0.053204488
108509,4,4,True,0.6235465,0.07066032,0.07355944,0.17321005,0.6235465,0.059023656
56171,3,4,False,0.66636354,0.08693553,0.0514005,0.14920709,0.66636354,0.046093386
357589,4,4,True,0.62019116,0.05592985,0.040390596,0.09040112,0.62019116,0.19308728
146432,2,3,False,0.526256,0.10966021,0.099683695,0.526256,0.1710209,0.09337919
86094,4,3,False,0.43278453,0.099725686,0.070404634,0.43278453,0.31494808,0.08213708
387225,4,4,True,0.41894794,0.10303207,0.09231438,0.3465388,0.41894794,0.039166793
200948,3,3,True,0.5254524,0.124043085,0.16480851,0.5254524,0.16581863,0.019877378
108908,3,3,True,0.4115926,0.08492198,0.12618984,0.4115926,0.31504354,0.06225205
33306,3,3,True,0.45772266,0.07525333,0.16518326,0.45772266,0.25034186,0.051498905
275178,3,2,False,0.37391,0.08665113,0.37391,0.3312081,0.13612342,0.07210741
155132,4,4,True,0.4378444,0.108322084,0.054736447,0.36011127,0.4378444,0.03898578
105026,4,4,True,0.46272805,0.09754638,0.06505203,0.286878,0.46272805,0.08779561
125272,4,3,False,0.5780227,0.042406283,0.10332099,0.5780227,0.24621248,0.030037476
382632,4,4,True,0.37393433,0.12011728,0.09533105,0.3433976,0.37393433,0.06721984
24126,4,4,True,0.44845304,0.10269248,0.14822115,0.18814276,0.44845304,0.11249064
218055,4,3,False,0.3474342,0.11286077,0.09624649,0.3474342,0.32681277,0.11664579
39318,4,4,True,0.49504519,0.10153601,0.056661144,0.31215778,0.49504519,0.034599874
158604,4,4,True,0.44068137,0.07769825,0.060645346,0.38280472,0.44068137,0.03817036
89660,2,2,True,0.70544904,0.058274023,0.70544904,0.044604596,0.12670425,0.06496805
257430,4,4,True,0.64830685,0.05181587,0.08198809,0.19532914,0.64830685,0.02256002
105878,3,4,False,0.39678672,0.116741456,0.09324482,0.33889166,0.39678672,0.054335367
179870,3,4,False,0.44957066,0.070264764,0.056327883,0.36587587,0.44957066,0.05796082
270602,5,4,False,0.59057426,0.07111336,0.048982564,0.19114387,0.59057426,0.098185964
165285,4,4,True,0.6239156,0.09378174,0.047902092,0.13567242,0.6239156,0.09872817
316902,5,5,True,0.36976674,0.058105145,0.13497466,0.27233276,0.1648207,0.36976674
249546,3,3,True,0.44745848,0.052296586,0.098723054,0.44745848,0.38370934,0.01781252
50299,1,4,False,0.34360674,0.0789391,0.29134956,0.25497833,0.34360674,0.03112628
96937,3,3,True,0.39307585,0.070009924,0.09391282,0.39307585,0.35989347,0.08310794
247103,4,4,True,0.504674,0.0559856,0.043287598,0.07457971,0.504674,0.32147306
332302,3,3,True,0.55877316,0.065962024,0.11258714,0.55877316,0.20771544,0.05496221
108196,4,4,True,0.43576732,0.05554386,0.06933249,0.42098343,0.43576732,0.018372891
45063,5,4,False,0.4999429,0.08716656,0.049174596,0.06039264,0.4999429,0.3033234
61828,2,3,False,0.4942185,0.09704101,0.124133326,0.4942185,0.17961943,0.10498773
11066,3,2,False,0.40916905,0.08499392,0.40916905,0.27925822,0.16734447,0.05923433
183082,4,4,True,0.4467379,0.051450774,0.046375606,0.036422845,0.4467379,0.41901284
137904,4,4,True,0.43931732,0.09774117,0.052021872,0.32948917,0.43931732,0.081430465
8729,3,3,True,0.49885026,0.09933551,0.1447136,0.49885026,0.1815587,0.07554186
434183,3,3,True,0.56733245,0.0699445,0.12864769,0.56733245,0.102716595,0.13135877
61746,4,4,True,0.5573707,0.11147071,0.09045992,0.11971686,0.5573707,0.12098181
188145,4,4,True,0.6370864,0.058859866,0.02197864,0.18758014,0.6370864,0.09449499
430821,4,4,True,0.55123353,0.097024225,0.098189875,0.1317297,0.55123353,0.12182269
104429,3,4,False,0.5191448,0.08716993,0.08086316,0.24039416,0.5191448,0.07242797
40861,3,4,False,0.76946574,0.05723545,0.025677355,0.10066652,0.76946574,0.046954904
140653,3,4,False,0.45382512,0.08522286,0.08503018,0.06975365,0.45382512,0.30616817
81879,2,2,True,0.24028648,0.23828684,0.24028648,0.23830761,0.22287102,0.06024806
6388,4,5,False,0.24448773,0.09166773,0.20192005,0.23994121,0.22198324,0.24448773
491747,4,4,True,0.430097,0.087294556,0.07568991,0.2610585,0.430097,0.14586002
372707,5,4,False,0.3253751,0.084351644,0.15138371,0.2197384,0.3253751,0.21915112
64466,3,3,True,0.43269685,0.1414474,0.12083706,0.43269685,0.22706272,0.07795597
40531,2,4,False,0.54010785,0.05906741,0.10483803,0.21627188,0.54010785,0.07971483
74882,3,3,True,0.56328464,0.07722879,0.11200345,0.56328464,0.22414489,0.023338264
36939,3,3,True,0.58178437,0.060996693,0.14274439,0.58178437,0.19292927,0.021545287
5581,4,3,False,0.5133694,0.077021435,0.029165369,0.5133694,0.30843994,0.07200388
57047,3,4,False,0.54446334,0.08000904,0.018843181,0.3155308,0.54446334,0.041153643
17437,3,4,False,0.54220515,0.0946259,0.028633606,0.28649184,0.54220515,0.04804347
34663,4,4,True,0.35254902,0.07372343,0.25008443,0.28359,0.35254902,0.040053066
16102,3,3,True,0.7419067,0.056157175,0.10372819,0.7419067,0.065971054,0.03223688
72837,4,3,False,0.40047544,0.06577896,0.100784786,0.40047544,0.37551504,0.057445783
165997,4,4,True,0.7068678,0.05693278,0.079855666,0.099450916,0.7068678,0.056892846
343943,4,4,True,0.63160676,0.076747626,0.07554577,0.12399541,0.63160676,0.09210444
374010,4,4,True,0.48520404,0.08696539,0.08846022,0.20131807,0.48520404,0.13805231
383948,3,3,True,0.4601647,0.06912343,0.048759256,0.4601647,0.3505575,0.07139512
24808,3,4,False,0.2712955,0.10438007,0.14136377,0.24860312,0.2712955,0.2343576
21688,3,3,True,0.57307494,0.15455191,0.164174,0.57307494,0.08343077,0.024768347
246947,5,4,False,0.46421343,0.057299614,0.04283892,0.09243225,0.46421343,0.34321582
116876,3,3,True,0.6646301,0.07419138,0.09497602,0.6646301,0.13181211,0.034390397
64249,2,2,True,0.42213172,0.0766703,0.42213172,0.33881664,0.046536006,0.115845315
140845,3,3,True,0.5545282,0.0784495,0.15281326,0.5545282,0.17924045,0.034968633
218988,4,3,False,0.5043002,0.1269154,0.084970914,0.5043002,0.23059827,0.053215224
373672,4,4,True,0.4152365,0.0577895,0.08381598,0.099951684,0.4152365,0.3432063
257052,3,3,True,0.43376583,0.051285915,0.056538988,0.43376583,0.42615363,0.032255676
5520,3,3,True,0.7878784,0.05085973,0.04610929,0.7878784,0.07974992,0.035402697
168197,4,4,True,0.51169914,0.103250965,0.12855685,0.18236382,0.51169914,0.074129224
241574,4,4,True,0.5501391,0.07512106,0.08662058,0.14957201,0.5501391,0.13854729
119726,4,4,True,0.48699582,0.06888153,0.0680649,0.29970807,0.48699582,0.07634974
160012,4,4,True,0.56668925,0.07050483,0.096370585,0.23192827,0.56668925,0.03450702
153846,4,4,True,0.4271047,0.10475305,0.055708278,0.07392281,0.4271047,0.33851123
276317,4,4,True,0.59953296,0.08123018,0.064448364,0.16623442,0.59953296,0.088554114
277598,3,4,False,0.38426515,0.10505134,0.11540593,0.2434839,0.38426515,0.15179364
165288,3,3,True,0.41296828,0.12224117,0.05048887,0.41296828,0.38828015,0.02602148
29893,4,4,True,0.69431037,0.11016906,0.034303863,0.111220725,0.69431037,0.04999591
193347,3,3,True,0.50700104,0.07271464,0.03758034,0.50700104,0.35149676,0.03120726
8685,2,3,False,0.44690982,0.1568328,0.14372121,0.44690982,0.17682958,0.07570656
275522,4,4,True,0.3962293,0.12742062,0.06456871,0.35501355,0.3962293,0.05676778
46068,3,4,False,0.40565836,0.0863913,0.097532764,0.3126188,0.40565836,0.09779877
168133,2,3,False,0.40773904,0.15470015,0.19074458,0.40773904,0.13684379,0.10997251
343935,4,4,True,0.5834267,0.06932951,0.07521065,0.1941032,0.5834267,0.0779299
82800,2,3,False,0.55206776,0.081655964,0.07663457,0.55206776,0.20675814,0.082883604
79480,4,4,True,0.43224767,0.08692214,0.1914785,0.2168253,0.43224767,0.072526336
240804,3,3,True,0.36068967,0.09250556,0.093387865,0.36068967,0.34503996,0.10837694
10936,3,4,False,0.2980966,0.12660922,0.28340158,0.23470262,0.2980966,0.057190005
239581,3,3,True,0.46252608,0.07258941,0.15130489,0.46252608,0.25636822,0.057211448
348886,3,3,True,0.39863005,0.067929834,0.08002595,0.39863005,0.3797693,0.073644966
146274,3,3,True,0.49287638,0.11311885,0.17974718,0.49287638,0.17592268,0.038334876
136953,4,4,True,0.55875206,0.0671604,0.05212673,0.09366096,0.55875206,0.2282999
39876,4,4,True,0.7192572,0.067218035,0.042114597,0.12176693,0.7192572,0.0496433
237351,2,4,False,0.4855311,0.06515649,0.061547507,0.33879563,0.4855311,0.048969343
169760,4,4,True,0.6651393,0.07297219,0.036438268,0.095920235,0.6651393,0.12953
38538,3,3,True,0.41702306,0.077615276,0.04868048,0.41702306,0.38555712,0.071124114
200155,4,5,False,0.51438874,0.058218017,0.03266264,0.028401805,0.36632878,0.51438874
353793,3,4,False,0.37750986,0.07138504,0.17874187,0.27779073,0.37750986,0.09457251
246987,4,4,True,0.4709907,0.043620247,0.04032595,0.07614109,0.4709907,0.36892205
38886,1,4,False,0.48728412,0.093120724,0.14453946,0.21374215,0.48728412,0.061313603
26215,3,4,False,0.4753563,0.11346714,0.10041981,0.2435186,0.4753563,0.067238174
315691,3,3,True,0.51574755,0.07340468,0.14022869,0.51574755,0.16054027,0.110078834
88870,4,3,False,0.47063693,0.050447304,0.040309895,0.47063693,0.40822643,0.030379402
68153,4,4,True,0.42544812,0.07292407,0.05163665,0.4140455,0.42544812,0.035945617
61728,4,4,True,0.48026592,0.10983616,0.088875204,0.20314577,0.48026592,0.1178769
398705,4,4,True,0.77197176,0.038276847,0.017520292,0.111943975,0.77197176,0.060287148
5789,3,3,True,0.68375826,0.071633965,0.09641438,0.68375826,0.07984151,0.06835191
413684,5,4,False,0.41418573,0.10286574,0.034950137,0.27667975,0.41418573,0.17131867
70320,4,4,True,0.5414391,0.08658949,0.14006211,0.14807087,0.5414391,0.08383842
125063,4,4,True,0.53467596,0.0827414,0.033752568,0.2892069,0.53467596,0.05962321
147948,4,4,True,0.53952855,0.07501191,0.119687796,0.21309976,0.53952855,0.052671984
30685,4,3,False,0.5384936,0.087970406,0.09687004,0.5384936,0.20381796,0.07284804
152912,4,4,True,0.59628797,0.07953882,0.07997302,0.15063132,0.59628797,0.0935689
11081,3,3,True,0.4097621,0.07787298,0.10088719,0.4097621,0.34373888,0.06773883
321157,3,4,False,0.317289,0.060705177,0.15269104,0.26201746,0.317289,0.20729735
24507,3,4,False,0.46529117,0.06043619,0.031997394,0.38367575,0.46529117,0.058599427
254391,4,4,True,0.3773533,0.13234988,0.0869065,0.29547888,0.3773533,0.10791142
236449,4,4,True,0.47000638,0.08538916,0.09463941,0.17443767,0.47000638,0.1755274
153602,5,4,False,0.58782685,0.07033852,0.06516499,0.07513872,0.58782685,0.20153086
89654,2,2,True,0.75296646,0.05438392,0.75296646,0.039189048,0.11035759,0.04310302
50775,4,4,True,0.7140427,0.050993625,0.06400569,0.13435495,0.7140427,0.036603007
156738,3,4,False,0.3872641,0.09360392,0.19391333,0.22801928,0.3872641,0.09719942
62280,4,4,True,0.45466322,0.067098536,0.045994595,0.37714642,0.45466322,0.05509722
400356,4,3,False,0.6302798,0.064872265,0.112186454,0.6302798,0.15827297,0.03438849
170950,3,4,False,0.6263722,0.105520844,0.04579378,0.13702583,0.6263722,0.08528735
50280,3,2,False,0.36733925,0.0645714,0.36733925,0.3630952,0.16889775,0.036096357
118275,4,4,True,0.48223466,0.07542616,0.15407427,0.25985104,0.48223466,0.028413925
196065,4,4,True,0.5487021,0.06980973,0.11251585,0.20483688,0.5487021,0.06413541
105597,4,3,False,0.39163154,0.08337568,0.09406405,0.39163154,0.3680445,0.06288425
87773,2,3,False,0.39255968,0.121202804,0.24195315,0.39255968,0.17953119,0.06475316
158435,4,4,True,0.49945527,0.058848485,0.07915618,0.27740562,0.49945527,0.0851344
153966,4,4,True,0.49038282,0.056685366,0.04416041,0.02940911,0.49038282,0.3793623
75707,4,4,True,0.41324013,0.13687028,0.16627008,0.2393961,0.41324013,0.04422337
216369,3,3,True,0.5609869,0.07668256,0.17769551,0.5609869,0.14082068,0.043814365
13846,4,4,True,0.43495706,0.07138387,0.15510598,0.3135368,0.43495706,0.025016349
358311,5,4,False,0.53276396,0.0657095,0.024998566,0.07084016,0.53276396,0.30568781
99692,3,4,False,0.46757194,0.11770665,0.091139466,0.2705101,0.46757194,0.053071797
13594,4,4,True,0.44391426,0.11731973,0.116849974,0.282774,0.44391426,0.03914195
120760,2,3,False,0.4017261,0.068657376,0.16695929,0.4017261,0.3151633,0.047493998
56549,4,3,False,0.4013654,0.06849034,0.23249044,0.4013654,0.16462314,0.13303074
22717,4,4,True,0.46175954,0.102296405,0.058919027,0.35624483,0.46175954,0.020780204
8241,3,3,True,0.65278596,0.046557885,0.10447103,0.65278596,0.1416937,0.054491397
106428,4,4,True,0.55438167,0.06299119,0.03482385,0.1015202,0.55438167,0.24628308
36859,3,4,False,0.6215357,0.061289225,0.04228403,0.13119715,0.6215357,0.14369388
327914,3,4,False,0.6706504,0.06710278,0.073491715,0.116662405,0.6706504,0.07209267
63682,4,4,True,0.36777493,0.11566701,0.087865315,0.34786364,0.36777493,0.08082901
188224,4,4,True,0.52212334,0.07821095,0.07543552,0.2814626,0.52212334,0.042767584
20022,3,3,True,0.48028755,0.08857912,0.1818799,0.48028755,0.17956994,0.069683455
319766,2,3,False,0.5256464,0.07624319,0.16278769,0.5256464,0.15525018,0.08007249
187863,4,4,True,0.43614832,0.059997566,0.08423844,0.37220976,0.43614832,0.04740598
43673,3,4,False,0.609385,0.09332688,0.064199895,0.19187532,0.609385,0.041212868
146254,4,4,True,0.659716,0.07764263,0.030773088,0.17703293,0.659716,0.054835368
343939,4,4,True,0.4558418,0.09272968,0.14641114,0.20198448,0.4558418,0.10303291
145215,4,4,True,0.48228917,0.07702209,0.06118502,0.33070424,0.48228917,0.04879952
336564,4,4,True,0.73176324,0.06284852,0.07004673,0.10741861,0.73176324,0.027922846
65727,3,3,True,0.6720158,0.07745916,0.05920448,0.6720158,0.12229061,0.069029905
61773,4,4,True,0.3683047,0.14868312,0.14356448,0.22694956,0.3683047,0.1124981
151385,4,4,True,0.707719,0.0640947,0.050002553,0.12787572,0.707719,0.05030802
15555,4,3,False,0.49756604,0.118182234,0.13614875,0.49756604,0.17683047,0.071272545
89335,5,4,False,0.538692,0.13162814,0.07538217,0.17307134,0.538692,0.08122629
379750,4,4,True,0.39003155,0.10977706,0.1425857,0.28448874,0.39003155,0.07311698
131114,3,3,True,0.40948787,0.10932847,0.071607284,0.40948787,0.33886555,0.07071083
90280,3,3,True,0.72313064,0.109552525,0.10807971,0.72313064,0.04359442,0.015642801
334648,3,4,False,0.48741874,0.13289583,0.13639772,0.18840113,0.48741874,0.054886557
41302,3,4,False,0.3943523,0.10293595,0.108032905,0.365591,0.3943523,0.029087842
393237,4,4,True,0.5946468,0.07576979,0.08592441,0.15268633,0.5946468,0.09097265
61736,3,4,False,0.3947205,0.11089148,0.11592239,0.28074566,0.3947205,0.09771995
38457,4,3,False,0.37158397,0.16033067,0.16270195,0.37158397,0.21411654,0.091266856
333411,4,3,False,0.49568364,0.10895285,0.07402096,0.49568364,0.2664512,0.0548913
277593,4,4,True,0.4567082,0.09414641,0.130634,0.21668759,0.4567082,0.10182375
76449,4,4,True,0.6410337,0.07775583,0.049802106,0.1918157,0.6410337,0.039592683
70098,3,3,True,0.34264228,0.111226484,0.15402664,0.34264228,0.27807444,0.11403012
324060,4,4,True,0.5073898,0.091529205,0.07397842,0.14996193,0.5073898,0.17714067
233068,4,3,False,0.3690379,0.14483654,0.1972896,0.3690379,0.19002238,0.09881358
156365,4,4,True,0.26326507,0.12310689,0.12528154,0.23312597,0.26326507,0.2552205
215682,4,4,True,0.43202817,0.12246869,0.06564765,0.10170197,0.43202817,0.27815345
106449,4,4,True,0.54492104,0.07916824,0.040313262,0.092026904,0.54492104,0.24357055
35624,3,3,True,0.39801845,0.100401096,0.09079433,0.39801845,0.3093839,0.101402216
35836,4,4,True,0.48600462,0.0741468,0.12475686,0.30201277,0.48600462,0.013078947
353317,3,4,False,0.42279124,0.071486376,0.09229113,0.30850938,0.42279124,0.10492189
261194,4,4,True,0.46959698,0.092221856,0.08002305,0.12789343,0.46959698,0.23026468
50788,4,4,True,0.7081313,0.048863064,0.0665474,0.13539593,0.7081313,0.041062318
257483,3,3,True,0.63965476,0.0930558,0.06199163,0.63965476,0.14605072,0.05924708
382534,5,5,True,0.40119866,0.071569614,0.08660191,0.08059298,0.36003688,0.40119866
82361,3,4,False,0.4648394,0.057102084,0.2290271,0.19642112,0.4648394,0.052610297
156722,2,3,False,0.31264848,0.12149069,0.21086285,0.31264848,0.2440054,0.11099259
374934,4,4,True,0.6792965,0.07745717,0.017984286,0.11042138,0.6792965,0.114840664
351324,5,5,True,0.40634137,0.08401038,0.08998321,0.20012121,0.21954383,0.40634137
398058,3,2,False,0.39283213,0.10957686,0.39283213,0.28939867,0.11412318,0.09406919
146714,3,4,False,0.68463033,0.069871776,0.058194112,0.13543805,0.68463033,0.05186571
127625,4,4,True,0.72113156,0.061026335,0.014899879,0.09590146,0.72113156,0.10704078
41148,4,4,True,0.462667,0.076186724,0.034769885,0.17916788,0.462667,0.2472085
256557,5,4,False,0.36913988,0.13288322,0.12686995,0.2313837,0.36913988,0.13972326
183597,4,3,False,0.49616453,0.20443515,0.17114681,0.49616453,0.08759796,0.04065559
69084,2,3,False,0.443156,0.099242896,0.25273415,0.443156,0.15781094,0.047056008
213453,3,4,False,0.60077196,0.10398725,0.090199515,0.14003867,0.60077196,0.0650026
119307,4,4,True,0.27324805,0.08407262,0.12983172,0.24018241,0.27324805,0.27266514
59509,4,4,True,0.5062931,0.11080407,0.092571564,0.22970527,0.5062931,0.06062601
29503,4,4,True,0.35093784,0.08447271,0.19569954,0.26283363,0.35093784,0.106056266
178022,4,4,True,0.53614163,0.09867489,0.07155222,0.23327567,0.53614163,0.060355604
96077,3,3,True,0.42292938,0.096118845,0.052884858,0.42292938,0.38738364,0.04068325
18710,4,3,False,0.48974192,0.088686764,0.12493201,0.48974192,0.22167385,0.0749655
10418,3,4,False,0.4572021,0.0829536,0.0801754,0.28510904,0.4572021,0.09455989
149946,3,4,False,0.60693103,0.055187598,0.088591635,0.18652397,0.60693103,0.06276577
352638,4,3,False,0.3887195,0.084397115,0.19950134,0.3887195,0.26966372,0.05771833
168769,4,4,True,0.47239542,0.13345845,0.059000272,0.25692463,0.47239542,0.07822123
58272,4,4,True,0.5451789,0.09062507,0.0753977,0.22747909,0.5451789,0.061319195
199255,4,4,True,0.4088356,0.09293473,0.051233888,0.393292,0.4088356,0.053703725
406848,4,4,True,0.338947,0.08249187,0.2032009,0.3319674,0.338947,0.043392856
382831,3,4,False,0.6892824,0.06896833,0.021657689,0.07416524,0.6892824,0.14592634
423740,4,4,True,0.55506366,0.0864954,0.052906662,0.123000994,0.55506366,0.1825333
5684,4,3,False,0.5261776,0.042985883,0.01934531,0.5261776,0.3641841,0.04730712
152904,4,4,True,0.5523625,0.08838907,0.100790866,0.14324774,0.5523625,0.11520974
36554,4,3,False,0.3424424,0.09731318,0.13233688,0.3424424,0.3325863,0.09532126
76299,4,3,False,0.39624107,0.12515183,0.22843997,0.39624107,0.20298328,0.047183882
182800,3,4,False,0.48288697,0.07866618,0.068876974,0.29816514,0.48288697,0.07140476
199173,4,4,True,0.44270453,0.07462172,0.045536947,0.4113014,0.44270453,0.025835473
146277,4,3,False,0.54089934,0.086428255,0.13105226,0.54089934,0.18108478,0.060535382
148491,5,5,True,0.69656456,0.038280718,0.04976131,0.049696643,0.16569681,0.69656456
124922,4,3,False,0.31105855,0.09591862,0.2653125,0.31105855,0.288891,0.03881933
181071,4,4,True,0.63809997,0.079716735,0.05472557,0.18855694,0.63809997,0.03890078
188000,4,4,True,0.44306087,0.058069546,0.07335536,0.3835212,0.44306087,0.041993048
136943,4,4,True,0.53579897,0.07049442,0.05855264,0.10824093,0.53579897,0.22691303
160350,3,4,False,0.4671276,0.11853791,0.07287084,0.27404678,0.4671276,0.06741692
252348,4,3,False,0.37603506,0.08984028,0.1504597,0.37603506,0.2118124,0.17185253
109635,3,4,False,0.38657948,0.080472924,0.1611302,0.34530097,0.38657948,0.02651634
239164,3,4,False,0.5182376,0.093798876,0.14866573,0.19473915,0.5182376,0.044558648
148507,5,5,True,0.7054311,0.040387698,0.054446403,0.040426694,0.15930802,0.7054311
91450,3,3,True,0.37462342,0.117843226,0.13329512,0.37462342,0.32875335,0.045484968
38104,4,4,True,0.6986971,0.06251529,0.06669931,0.121865526,0.6986971,0.05022278
14986,3,3,True,0.54202735,0.10897146,0.24579503,0.54202735,0.06374732,0.03945881
46687,4,4,True,0.51821935,0.06261474,0.04583104,0.15170825,0.51821935,0.2216266
79388,4,4,True,0.69674873,0.07188956,0.03699959,0.15220095,0.69674873,0.0421612
94987,3,3,True,0.52636456,0.06669563,0.07206879,0.52636456,0.2998887,0.03498232
92964,4,4,True,0.54911005,0.10497491,0.08323114,0.119421765,0.54911005,0.14326212
395301,4,3,False,0.4354846,0.08238037,0.03130547,0.4354846,0.40132293,0.0495066
38622,3,4,False,0.41495872,0.0979102,0.020626774,0.39461717,0.41495872,0.07188713
270470,4,3,False,0.41548964,0.071776494,0.13357277,0.41548964,0.31465185,0.0645093
148561,5,5,True,0.69677544,0.03936772,0.041831013,0.039607733,0.18241808,0.69677544
124677,3,3,True,0.45190832,0.1180566,0.14850363,0.45190832,0.24124809,0.040283352
50413,4,4,True,0.65152884,0.060823638,0.015391243,0.19276223,0.65152884,0.07949415
429076,4,4,True,0.5916673,0.08156249,0.0986766,0.13474233,0.5916673,0.09335127
118636,3,3,True,0.48398578,0.077722944,0.083075635,0.48398578,0.27469876,0.08051696
374703,4,3,False,0.46864942,0.08789755,0.11369082,0.46864942,0.235238,0.09452419
163272,4,3,False,0.60273296,0.083428144,0.11116576,0.60273296,0.1024187,0.100254424
60163,3,3,True,0.51383626,0.07536284,0.19420865,0.51383626,0.16771095,0.04888129
418831,4,4,True,0.40329772,0.07728849,0.1358992,0.30292243,0.40329772,0.0805922
6850,3,3,True,0.5518522,0.045954406,0.12087481,0.5518522,0.26402652,0.01729203
361910,2,4,False,0.50883865,0.088684045,0.03601379,0.33687228,0.50883865,0.029591203
48080,2,4,False,0.4218206,0.106641665,0.11022139,0.24107324,0.4218206,0.12024315
102839,1,4,False,0.4144593,0.09958627,0.14958851,0.1967155,0.4144593,0.13965037
21385,1,4,False,0.32911807,0.11579556,0.09207358,0.28258324,0.32911807,0.18042961
29187,4,4,True,0.5024067,0.089188315,0.11843228,0.18015106,0.5024067,0.10982154
53292,4,4,True,0.5616109,0.105956346,0.06014759,0.22817715,0.5616109,0.044108022
10956,2,3,False,0.35477003,0.09388328,0.32283056,0.35477003,0.18355186,0.044964302
29419,4,4,True,0.43776253,0.07240094,0.11252534,0.32229406,0.43776253,0.055017166
31738,4,4,True,0.55724883,0.094491474,0.049308445,0.2340818,0.55724883,0.0648694
144342,4,3,False,0.58135706,0.10321608,0.08716015,0.58135706,0.15990841,0.0683583
40049,3,3,True,0.4440305,0.11873685,0.16918784,0.4440305,0.23008361,0.0379612
3354,3,4,False,0.34196755,0.09250239,0.2306677,0.22210653,0.34196755,0.11275578
388056,4,4,True,0.5343576,0.09854448,0.04555711,0.28664127,0.5343576,0.034899525
114136,1,4,False,0.3077754,0.14237197,0.21729337,0.2569968,0.3077754,0.07556243
24814,3,4,False,0.37257823,0.09132728,0.059501745,0.25844818,0.37257823,0.21814463
173746,4,4,True,0.41980118,0.10989686,0.12104388,0.13059211,0.41980118,0.21866597
28756,4,5,False,0.40511286,0.08927068,0.087960824,0.113490336,0.3041653,0.40511286
383576,4,4,True,0.472743,0.066463955,0.06417804,0.06520486,0.472743,0.3314101
434108,4,3,False,0.44041058,0.07655644,0.09640043,0.44041058,0.32818305,0.058449484
427140,4,4,True,0.68582577,0.06868982,0.04725427,0.16406727,0.68582577,0.034162845
211159,3,3,True,0.42938787,0.054157577,0.09626841,0.42938787,0.39179623,0.028389886
121764,4,3,False,0.65509313,0.06054501,0.0957774,0.65509313,0.15446751,0.034116898
23771,2,4,False,0.45648587,0.09944961,0.11256564,0.26494202,0.45648587,0.06655691
108313,4,4,True,0.54594564,0.11581601,0.07887141,0.13507736,0.54594564,0.124289624
72555,4,4,True,0.367515,0.10523704,0.0717793,0.30609366,0.367515,0.14937495
358730,3,4,False,0.41131583,0.095541656,0.08401752,0.20026694,0.41131583,0.20885804
29130,4,4,True,0.41312495,0.086564444,0.11140812,0.21553409,0.41312495,0.17336847
126542,4,3,False,0.49218452,0.0822069,0.11810337,0.49218452,0.25461757,0.05288761
5560,4,4,True,0.4656933,0.081448555,0.045187794,0.29375806,0.4656933,0.11391232
114106,4,2,False,0.32284236,0.1998959,0.32284236,0.22712058,0.16692205,0.08321917
157018,4,3,False,0.4063113,0.120975256,0.10529926,0.4063113,0.24774854,0.11966568
239791,4,4,True,0.48798212,0.07663721,0.042791545,0.10310654,0.48798212,0.28948247
48084,4,3,False,0.6719948,0.10253623,0.12519087,0.6719948,0.05237501,0.047903147
74517,3,3,True,0.3992326,0.092567615,0.20802437,0.3992326,0.2744992,0.025676217
162417,3,4,False,0.46006086,0.10753769,0.050481968,0.31744185,0.46006086,0.064477526
142697,4,5,False,0.5280031,0.04990349,0.025744714,0.026449548,0.36989915,0.5280031
156603,3,4,False,0.6201014,0.066985324,0.04869069,0.22151239,0.6201014,0.04271013
57023,4,4,True,0.53368026,0.08548808,0.036178447,0.2653608,0.53368026,0.0792924
378275,4,4,True,0.42903373,0.08624317,0.08408786,0.3650198,0.42903373,0.035615474
373207,5,4,False,0.43503582,0.090222575,0.055700187,0.25816023,0.43503582,0.16088115
236457,4,4,True,0.5015212,0.076566845,0.048109606,0.17199402,0.5015212,0.20180824
80526,2,4,False,0.3762595,0.12696123,0.0782478,0.32638288,0.3762595,0.09214859
41691,4,3,False,0.35610363,0.11199155,0.18703921,0.35610363,0.30014253,0.044723134
83464,3,3,True,0.40123457,0.11981375,0.13414995,0.40123457,0.32091275,0.02388905
328049,4,4,True,0.62437314,0.0863058,0.032302376,0.19964077,0.62437314,0.05737791
107157,4,4,True,0.54310995,0.11436541,0.04122569,0.15952522,0.54310995,0.14177369
33652,4,4,True,0.32684454,0.09321874,0.107287824,0.3230478,0.32684454,0.14960112
269547,4,4,True,0.6193052,0.062965125,0.07445581,0.14037709,0.6193052,0.10289681
81382,4,4,True,0.4098648,0.0731919,0.13475874,0.2720946,0.4098648,0.11009
62031,4,3,False,0.5825343,0.08332554,0.06172387,0.5825343,0.23440208,0.038014162
315940,4,4,True,0.44639003,0.06589255,0.18268928,0.23276098,0.44639003,0.072267115
243553,3,4,False,0.4216607,0.07972097,0.15369533,0.26966596,0.4216607,0.07525705
329649,3,5,False,0.27996984,0.1480462,0.13697441,0.25688618,0.17812335,0.27996984
191913,4,3,False,0.41391972,0.056906696,0.05886053,0.41391972,0.41014576,0.06016723
156363,4,3,False,0.56198597,0.0761036,0.06199477,0.56198597,0.2713709,0.02854485
382591,3,3,True,0.39572054,0.10466394,0.061462298,0.39572054,0.37222707,0.06592615
115566,3,3,True,0.5762307,0.081473194,0.28114077,0.5762307,0.04714891,0.014006432
210734,5,3,False,0.42100784,0.106457554,0.16503586,0.42100784,0.19953834,0.10796042
339369,3,4,False,0.54704106,0.06838986,0.054964412,0.26540938,0.54704106,0.06419534
102092,4,4,True,0.5935595,0.09687189,0.046329744,0.18734059,0.5935595,0.075898245
93300,2,3,False,0.5865762,0.11238425,0.11433659,0.5865762,0.09457073,0.0921322
320456,4,4,True,0.5129045,0.07358827,0.057492476,0.2543341,0.5129045,0.101680666
65651,3,3,True,0.4907466,0.071605206,0.09725408,0.4907466,0.1732981,0.16709594
117894,4,4,True,0.7286205,0.07165056,0.045348156,0.110527515,0.7286205,0.043853316
233205,4,4,True,0.58744216,0.072517484,0.1019867,0.19401567,0.58744216,0.04403803
54949,3,4,False,0.53821164,0.092722684,0.07682196,0.20583992,0.53821164,0.086403795
77466,4,4,True,0.6865269,0.06562063,0.055558845,0.1390172,0.6865269,0.053276483
28758,3,5,False,0.28742456,0.08618948,0.21955718,0.19239701,0.21443176,0.28742456
30026,5,4,False,0.4831,0.06140325,0.13601317,0.27601516,0.4831,0.043468397
45904,4,3,False,0.4618513,0.07796133,0.11975482,0.4618513,0.23688826,0.103544265
155262,4,4,True,0.47037688,0.06668132,0.073070064,0.33385327,0.47037688,0.056018487
153283,2,4,False,0.41762647,0.091534846,0.08229012,0.30001423,0.41762647,0.1085343
26491,3,3,True,0.5450259,0.098069206,0.09138213,0.5450259,0.23189148,0.033631295
118899,4,3,False,0.40723905,0.12000645,0.120708704,0.40723905,0.30921814,0.042827655
252320,4,4,True,0.4339997,0.10360287,0.1366245,0.18446988,0.4339997,0.141303
199880,3,3,True,0.4097058,0.122870944,0.08931033,0.4097058,0.34690878,0.03120418
60802,3,4,False,0.5792004,0.055056155,0.10524723,0.20787212,0.5792004,0.052624103
72269,4,4,True,0.67133933,0.072474435,0.02612863,0.13362631,0.67133933,0.09643124
424847,4,4,True,0.32644582,0.123679034,0.16658485,0.2789014,0.32644582,0.10438885
55093,4,4,True,0.44398084,0.10054382,0.074150935,0.35710704,0.44398084,0.024217453
369988,4,4,True,0.4414242,0.08254277,0.030637342,0.3439238,0.4414242,0.10147182
50785,4,4,True,0.6837349,0.048320495,0.055268086,0.1716471,0.6837349,0.041029483
223280,3,4,False,0.40138486,0.11634208,0.04101839,0.36396533,0.40138486,0.07728929
92935,4,4,True,0.5518978,0.0952771,0.048112653,0.12257828,0.5518978,0.1821341
56565,4,4,True,0.51466525,0.06305111,0.06709272,0.30097166,0.51466525,0.0542193
433887,3,4,False,0.6227745,0.06269942,0.06816737,0.1502846,0.6227745,0.09607416
378687,3,4,False,0.6474065,0.073078424,0.026464378,0.19109526,0.6474065,0.061955392
153871,3,4,False,0.41399822,0.0941429,0.061457634,0.056943823,0.41399822,0.37345743
60782,4,4,True,0.47285712,0.07691249,0.11431365,0.23828842,0.47285712,0.09762828
154097,5,4,False,0.36845687,0.079364896,0.09699635,0.17146045,0.36845687,0.28372145
193830,2,3,False,0.4427264,0.10281428,0.109284826,0.4427264,0.30649975,0.038674783
44962,5,4,False,0.63449466,0.072278805,0.038520653,0.055576198,0.63449466,0.19912963
41328,4,4,True,0.38346037,0.11979509,0.14667663,0.30333275,0.38346037,0.046735153
117978,4,4,True,0.50270915,0.08037775,0.08547767,0.12442614,0.50270915,0.20700926
126007,3,4,False,0.4268659,0.079489335,0.043710757,0.41208547,0.4268659,0.037848655
335764,4,4,True,0.54325426,0.06408584,0.046750806,0.31062946,0.54325426,0.035279654
379058,4,4,True,0.7124098,0.053686626,0.10203899,0.0978433,0.7124098,0.034021314
32545,5,3,False,0.5136176,0.10241692,0.1566982,0.5136176,0.18338384,0.043883417
31934,4,4,True,0.64062876,0.06294104,0.039817315,0.119420595,0.64062876,0.13719237
41365,4,4,True,0.57134056,0.09739133,0.05871824,0.17486165,0.57134056,0.09768829
78791,3,3,True,0.41391143,0.09984726,0.13556623,0.41391143,0.31932035,0.031354755
176245,3,4,False,0.4614032,0.065766625,0.11023062,0.329281,0.4614032,0.033318523
154076,4,4,True,0.40778092,0.094856285,0.13856813,0.1839522,0.40778092,0.1748424
49235,4,3,False,0.48960358,0.14672339,0.20568728,0.48960358,0.10818909,0.049796622
327139,4,3,False,0.3087543,0.11748377,0.17581278,0.3087543,0.15864855,0.23930056
25522,3,3,True,0.55692106,0.050643142,0.21963105,0.55692106,0.14646573,0.026339032
90412,4,3,False,0.4743533,0.097382404,0.31924886,0.4743533,0.056935385,0.052080043
237210,4,4,True,0.68326306,0.07557121,0.06027257,0.110183634,0.68326306,0.07070953
193334,4,4,True,0.70576847,0.07632113,0.029975004,0.13202386,0.70576847,0.055911556
157284,3,3,True,0.40979144,0.09204404,0.0782525,0.40979144,0.3451684,0.07474353
418582,4,4,True,0.46584743,0.14145249,0.04948659,0.18621756,0.46584743,0.15699594
394071,4,4,True,0.71484333,0.049706016,0.037539925,0.10954166,0.71484333,0.08836905
415411,4,4,True,0.46150777,0.07860058,0.13555592,0.277769,0.46150777,0.04656673
179990,2,4,False,0.4163041,0.085608,0.13635047,0.30338705,0.4163041,0.058350336
15923,2,3,False,0.45923713,0.10805529,0.12695149,0.45923713,0.25845683,0.047299296
189407,5,4,False,0.4688781,0.0642787,0.07732231,0.29942498,0.4688781,0.09009596
10773,3,3,True,0.49494272,0.09642577,0.11447224,0.49494272,0.1975385,0.09662082
192153,3,4,False,0.38949803,0.088865764,0.0575682,0.37700006,0.38949803,0.087068014
111032,3,4,False,0.50577694,0.08839244,0.05318873,0.28529987,0.50577694,0.06734205
389518,3,4,False,0.6331877,0.04219585,0.06787083,0.19779545,0.6331877,0.058950163
44266,4,3,False,0.39557657,0.06935393,0.097682714,0.39557657,0.37465587,0.06273093
251034,3,5,False,0.4100652,0.07892547,0.059868682,0.05286274,0.39827788,0.4100652
191201,3,3,True,0.40857297,0.09842706,0.09909048,0.40857297,0.32507002,0.06883951
59457,4,4,True,0.5302562,0.13627091,0.11563773,0.1526411,0.5302562,0.06519402
29263,4,4,True,0.47249663,0.076410145,0.14358695,0.17699862,0.47249663,0.13050763
6926,4,3,False,0.7323942,0.045223508,0.092130974,0.7323942,0.11150169,0.01874966
374935,5,4,False,0.6356345,0.08442976,0.021862281,0.12672177,0.6356345,0.13135177
267984,3,3,True,0.6077924,0.1101494,0.14737013,0.6077924,0.066950455,0.06773767
494701,4,4,True,0.53587645,0.10853464,0.035176955,0.21584734,0.53587645,0.1045646
210684,4,4,True,0.56806713,0.09030929,0.047186106,0.16260594,0.56806713,0.13183148
458030,4,4,True,0.4102203,0.11086049,0.10528229,0.11942691,0.4102203,0.25421005
321768,4,3,False,0.44873294,0.0959787,0.11552285,0.44873294,0.27566454,0.06410102
86396,4,4,True,0.5675618,0.10890791,0.05511119,0.07560326,0.5675618,0.19281584
186416,3,4,False,0.4947063,0.0579398,0.042080864,0.3366269,0.4947063,0.06864615
76531,4,3,False,0.42791134,0.10296218,0.1463445,0.42791134,0.23778541,0.08499657
420464,4,4,True,0.45173204,0.08265277,0.022665247,0.37750924,0.45173204,0.06544065
23998,5,4,False,0.62692094,0.115519255,0.058789056,0.10231521,0.62692094,0.09645547
106876,3,3,True,0.40626574,0.08578877,0.08147763,0.40626574,0.2819167,0.14455119
10481,4,3,False,0.41833377,0.061242763,0.11929611,0.41833377,0.32257998,0.07854741
357554,5,4,False,0.6856315,0.044451762,0.03723278,0.06299734,0.6856315,0.16968659
36494,4,3,False,0.46233335,0.079177015,0.033809155,0.46233335,0.3060141,0.11866636
26464,4,4,True,0.4358202,0.06969251,0.04160088,0.2602185,0.4358202,0.1926679
39209,5,5,True,0.54787767,0.05327041,0.07036506,0.118155494,0.2103314,0.54787767
26688,3,3,True,0.3270439,0.12541673,0.14953718,0.3270439,0.28312594,0.11487629
270517,4,4,True,0.5834131,0.046869375,0.04048288,0.3017765,0.5834131,0.027458163
402128,4,3,False,0.3496333,0.08616532,0.1838087,0.3496333,0.28359002,0.09680264
160743,4,3,False,0.5240732,0.08255343,0.07497412,0.5240732,0.27893326,0.039466012
28572,5,5,True,0.42787826,0.06268321,0.073890924,0.07561496,0.35993266,0.42787826
221532,4,4,True,0.7568582,0.038194567,0.030387571,0.13881227,0.7568582,0.0357474
24969,4,3,False,0.3054995,0.12065324,0.16502737,0.3054995,0.28447077,0.12434911
6985,4,3,False,0.4071958,0.0778483,0.09936772,0.4071958,0.3610786,0.054509606
118384,2,3,False,0.61454546,0.0685225,0.21118928,0.61454546,0.084561735,0.021181043
354199,5,4,False,0.524526,0.074207395,0.05166363,0.07135784,0.524526,0.27824515
32495,4,3,False,0.3421302,0.14671019,0.08662926,0.3421302,0.3207049,0.10382543
343955,4,3,False,0.4191439,0.065403916,0.06495977,0.4191439,0.38315472,0.06733764
373675,3,3,True,0.3545415,0.09426249,0.27713743,0.3545415,0.15288949,0.12116914
48456,3,3,True,0.49541387,0.05714991,0.060836747,0.49541387,0.2420033,0.1445962
70032,3,4,False,0.6658063,0.07086775,0.026401501,0.12993489,0.6658063,0.10698959
336994,4,4,True,0.5244117,0.06301858,0.048831593,0.31851283,0.5244117,0.04522534
55511,3,4,False,0.76588356,0.063375734,0.025116185,0.09706454,0.76588356,0.048559945
40448,4,4,True,0.71579057,0.04414425,0.04257782,0.14097935,0.71579057,0.05650801
10781,3,3,True,0.33284095,0.11559823,0.13899629,0.33284095,0.32116354,0.091400966
46722,4,4,True,0.56209594,0.113037534,0.05912503,0.20111537,0.56209594,0.06462615
88837,4,4,True,0.49872455,0.06380679,0.0741186,0.33528426,0.49872455,0.028065788
40903,4,4,True,0.40823895,0.124993086,0.08255313,0.31825617,0.40823895,0.06595871
54771,4,3,False,0.49846607,0.07188942,0.061844613,0.49846607,0.28121853,0.0865814
39325,4,4,True,0.6534861,0.05037679,0.032184538,0.06248591,0.6534861,0.20146671
192788,4,4,True,0.65376705,0.052157857,0.06493198,0.20011236,0.65376705,0.029030822
128841,4,4,True,0.49967715,0.079978645,0.13435446,0.14103937,0.49967715,0.14495035
414203,4,4,True,0.3911344,0.07123922,0.11071663,0.371204,0.3911344,0.055705752
28821,4,4,True,0.5264955,0.13249604,0.086928554,0.16867699,0.5264955,0.08540286
127279,3,4,False,0.6808716,0.05416767,0.037361987,0.1918522,0.6808716,0.035746623
50709,4,4,True,0.5175708,0.12194152,0.060638484,0.09897313,0.5175708,0.20087601
236326,4,4,True,0.41217417,0.09184703,0.04989221,0.29288292,0.41217417,0.15320364
348864,4,3,False,0.54357713,0.052536987,0.20260827,0.54357713,0.16828987,0.032987695
147216,4,4,True,0.50854445,0.10889579,0.101613246,0.2226416,0.50854445,0.058304906
370941,4,4,True,0.48082283,0.07498771,0.057016663,0.26902652,0.48082283,0.11814636
9923,3,4,False,0.49592036,0.10099515,0.07967555,0.2441594,0.49592036,0.07924959
31490,4,3,False,0.43757975,0.15441394,0.15680419,0.43757975,0.17675805,0.07444403
394327,4,4,True,0.3997263,0.088587865,0.10849362,0.29953387,0.3997263,0.103658386
105561,3,3,True,0.4336683,0.06772954,0.09971017,0.4336683,0.3289472,0.069944784
130042,4,3,False,0.4055422,0.10670591,0.07231053,0.4055422,0.35211277,0.06332856
88935,3,4,False,0.6147767,0.05822426,0.03008732,0.25235537,0.6147767,0.0445563
110958,3,3,True,0.32147652,0.110672906,0.26001728,0.32147652,0.2699528,0.03788046
69426,2,4,False,0.49591103,0.07752585,0.06927691,0.31788296,0.49591103,0.039403223
198262,4,4,True,0.52616245,0.07195085,0.09069119,0.23976082,0.52616245,0.07143463
247217,3,4,False,0.49619994,0.06296468,0.07027643,0.10867715,0.49619994,0.2618819
26978,4,4,True,0.4788368,0.090430185,0.051605467,0.31467327,0.4788368,0.064454176
61893,3,3,True,0.46352783,0.16422357,0.12573409,0.46352783,0.18978345,0.056730974
192149,4,4,True,0.7597194,0.050021864,0.04030501,0.10984209,0.7597194,0.040111594
154033,5,4,False,0.6546665,0.058506317,0.047629975,0.035022736,0.6546665,0.20417444
194364,4,4,True,0.6629225,0.06757358,0.04659026,0.14064936,0.6629225,0.08226431
325032,4,3,False,0.43390155,0.058917534,0.10541369,0.43390155,0.3203616,0.081405595
89866,3,4,False,0.34370503,0.11047475,0.110263444,0.32225198,0.34370503,0.113304764
165385,4,4,True,0.7069972,0.06826099,0.03071859,0.111493364,0.7069972,0.08252988
239953,4,4,True,0.4804766,0.03456658,0.041240357,0.40009442,0.4804766,0.04362198
47303,3,4,False,0.54136133,0.051258348,0.020555088,0.044702984,0.54136133,0.34212226
15922,4,3,False,0.33047286,0.091351934,0.17741643,0.33047286,0.31788573,0.08287299
173601,4,4,True,0.77636945,0.047472633,0.023073597,0.10951544,0.77636945,0.043568965
377982,4,4,True,0.67352295,0.07332873,0.077947445,0.12614518,0.67352295,0.049055632
105901,4,4,True,0.41859734,0.086560495,0.08780219,0.35171613,0.41859734,0.05532387
10097,1,1,True,0.36514843,0.36514843,0.2652215,0.18307434,0.15842398,0.028131729
77757,4,4,True,0.62777674,0.086871706,0.055422295,0.17474368,0.62777674,0.055185534
356680,5,4,False,0.4978001,0.056644823,0.050786033,0.09789768,0.4978001,0.29687133
121004,3,4,False,0.45772666,0.051018726,0.05665005,0.3879425,0.45772666,0.04666203
14160,2,3,False,0.42498583,0.096089855,0.13763835,0.42498583,0.2816716,0.05961436
118707,4,4,True,0.3500011,0.103134714,0.058610786,0.1974504,0.3500011,0.29080296
163450,4,4,True,0.67957264,0.06446259,0.03285907,0.17550546,0.67957264,0.047600195
93909,5,4,False,0.44824076,0.10283966,0.039446313,0.0531766,0.44824076,0.35629666
378568,3,4,False,0.7534393,0.042730197,0.012762146,0.14530714,0.7534393,0.045761105
78794,4,4,True,0.48584363,0.12528992,0.06922091,0.2441447,0.48584363,0.075500876
193344,3,4,False,0.65155166,0.11237637,0.02800424,0.12399741,0.65155166,0.08407031
417936,3,3,True,0.48167118,0.16275293,0.13558903,0.48167118,0.15548608,0.064500704
126123,4,4,True,0.56502986,0.074667186,0.061412998,0.22490734,0.56502986,0.073982626
171168,3,3,True,0.45545715,0.08196116,0.11434979,0.45545715,0.30262694,0.045605008
72846,4,4,True,0.548221,0.054000918,0.0435467,0.29048145,0.548221,0.063749954
157819,3,3,True,0.622696,0.095199615,0.12509477,0.622696,0.11686563,0.040143967
126430,3,4,False,0.45520574,0.10891057,0.098992616,0.29619682,0.45520574,0.04069419
39206,5,5,True,0.5480579,0.05430456,0.08198748,0.13272288,0.18292712,0.5480579
60638,4,4,True,0.5905499,0.10767754,0.08385637,0.15041888,0.5905499,0.06749725
371151,3,4,False,0.6638835,0.040989548,0.057297967,0.13147545,0.6638835,0.10635352
191912,4,3,False,0.5531917,0.05289447,0.040949166,0.5531917,0.3099028,0.043061852
78642,3,3,True,0.49928293,0.14438154,0.21830969,0.49928293,0.08858897,0.04943686
167087,2,3,False,0.4716414,0.10707624,0.12652759,0.4716414,0.23895116,0.055803664
29275,4,4,True,0.49364454,0.08882285,0.11551659,0.21720274,0.49364454,0.0848133
15254,3,3,True,0.58879185,0.10623773,0.15597057,0.58879185,0.111411534,0.0375883
89118,2,2,True,0.65809953,0.066909134,0.65809953,0.056439914,0.15748054,0.061070897
58265,4,4,True,0.5045244,0.10707874,0.07192696,0.22071916,0.5045244,0.095750734
105800,4,3,False,0.47268695,0.06611602,0.123156,0.47268695,0.30047983,0.037561204
184237,4,4,True,0.6583443,0.12291108,0.033715457,0.13331452,0.6583443,0.051714595
6070,2,4,False,0.5040817,0.07872651,0.04034681,0.28466538,0.5040817,0.09217957
268847,3,4,False,0.45977616,0.108785965,0.1092255,0.27039656,0.45977616,0.05181579
374184,3,4,False,0.6337608,0.0628221,0.044488758,0.118294895,0.6337608,0.14063336
5509,3,4,False,0.5246157,0.056916088,0.027048318,0.3368143,0.5246157,0.054605603
382335,5,5,True,0.32842523,0.08210809,0.2391748,0.13128018,0.21901172,0.32842523
140519,5,4,False,0.60124445,0.095373005,0.04982096,0.06925417,0.60124445,0.18430743
336586,4,4,True,0.79897386,0.05505388,0.007334733,0.08972257,0.79897386,0.048914976
48078,3,3,True,0.60496175,0.123909675,0.1348757,0.60496175,0.074999146,0.06125375
263076,4,3,False,0.56536794,0.06402832,0.085586205,0.56536794,0.24536014,0.039657425
324192,4,3,False,0.41321808,0.07101549,0.09299136,0.41321808,0.36135644,0.061418656
259681,4,4,True,0.37881204,0.07705874,0.1255754,0.33412364,0.37881204,0.08443022
387774,4,4,True,0.58297336,0.08257373,0.035526108,0.18939134,0.58297336,0.109535456
70345,4,4,True,0.5820516,0.07513802,0.04455407,0.25077662,0.5820516,0.047479723
432115,4,4,True,0.42506066,0.11704136,0.10230434,0.3179102,0.42506066,0.03768341
400734,4,4,True,0.5493924,0.07912833,0.06409335,0.22205259,0.5493924,0.085333325
148441,4,5,False,0.56378025,0.038570113,0.038085364,0.03912537,0.3204389,0.56378025
264152,4,4,True,0.53862333,0.118531756,0.10472548,0.17053294,0.53862333,0.067586474
162395,2,3,False,0.5127317,0.10738044,0.09947145,0.5127317,0.2079948,0.072421685
57055,3,3,True,0.5229754,0.07663328,0.15263455,0.5229754,0.20310275,0.04465407
188754,4,4,True,0.6521798,0.064169556,0.054828368,0.16489269,0.6521798,0.06392965
219303,4,3,False,0.42227587,0.14340998,0.05989665,0.42227587,0.3163799,0.05803763
45923,4,4,True,0.39161295,0.11322401,0.1596169,0.24415298,0.39161295,0.09139311
5514,4,3,False,0.53740954,0.062008105,0.03053746,0.53740954,0.31340614,0.05663876
174439,3,4,False,0.36065125,0.0939427,0.18235038,0.2939627,0.36065125,0.069092944
50677,4,4,True,0.42443413,0.10836132,0.079604745,0.26766646,0.42443413,0.119933344
151349,4,4,True,0.5821962,0.11001058,0.085867696,0.08082471,0.5821962,0.14110084
477115,4,3,False,0.39166474,0.07184852,0.13974448,0.39166474,0.28409475,0.11264751
50178,4,3,False,0.34750125,0.060973626,0.2855973,0.34750125,0.25225052,0.05367737
222222,4,4,True,0.4879139,0.07943224,0.082436085,0.18507414,0.4879139,0.16514361
358016,5,4,False,0.6071893,0.06020928,0.036886435,0.054023825,0.6071893,0.24169116
87682,3,3,True,0.29154703,0.15570287,0.18836226,0.29154703,0.25266975,0.111718066
51423,4,3,False,0.43539956,0.16121562,0.08285836,0.43539956,0.22565158,0.09487486
40945,4,4,True,0.47150162,0.060627677,0.039881926,0.12697397,0.47150162,0.3010148
44263,4,4,True,0.4041299,0.062292475,0.08298256,0.39580026,0.4041299,0.05479481
199235,3,4,False,0.5153048,0.0711196,0.045342647,0.33483532,0.5153048,0.033397563
16098,3,3,True,0.67495435,0.0812167,0.13424475,0.67495435,0.07963365,0.029950572
165611,4,3,False,0.5410281,0.08193053,0.14338458,0.5410281,0.1956023,0.038054537
148551,4,5,False,0.7355873,0.03304478,0.037494443,0.029636618,0.16423692,0.7355873
104767,3,4,False,0.43619186,0.08095112,0.12414761,0.2820987,0.43619186,0.07661079
33691,4,4,True,0.5535352,0.065841526,0.0745619,0.17785254,0.5535352,0.12820882
83190,2,4,False,0.52339023,0.122342706,0.12874791,0.17633267,0.52339023,0.04918642
22099,4,4,True,0.54468524,0.08138631,0.121891744,0.18114804,0.54468524,0.07088863
137442,4,4,True,0.39841762,0.10214157,0.07784988,0.105614014,0.39841762,0.31597695
18047,4,4,True,0.59738314,0.08997272,0.036476992,0.2118806,0.59738314,0.06428654
65433,3,3,True,0.40671816,0.08265859,0.07237246,0.40671816,0.3277427,0.11050807
373716,3,3,True,0.31827474,0.08916367,0.18578446,0.31827474,0.21192694,0.19485027
249715,4,4,True,0.7158862,0.07230084,0.025052851,0.11264733,0.7158862,0.074112825
378173,3,3,True,0.3831996,0.11289586,0.12621251,0.3831996,0.29760486,0.08008715
81349,4,4,True,0.34608108,0.07453578,0.17568773,0.2856841,0.34608108,0.11801127
19345,2,3,False,0.6416545,0.045237295,0.21462262,0.6416545,0.063334614,0.03515095
371570,4,4,True,0.5613994,0.07259168,0.026651245,0.2080554,0.5613994,0.13130234
325378,3,4,False,0.31204644,0.09735948,0.15428181,0.25855064,0.31204644,0.17776161
168069,4,3,False,0.44012702,0.06540215,0.070472054,0.44012702,0.39594367,0.028055139
38238,4,4,True,0.70395976,0.05787141,0.039585732,0.08793659,0.70395976,0.11064649
234090,4,4,True,0.611485,0.06471183,0.036284514,0.21245511,0.611485,0.07506356
383975,4,4,True,0.46804324,0.08339335,0.07238827,0.2384845,0.46804324,0.13769063
45946,5,4,False,0.6232205,0.074667946,0.10142395,0.11023686,0.6232205,0.09045076
96956,4,4,True,0.5145291,0.08210833,0.027979665,0.3234348,0.5145291,0.051948056
75525,4,3,False,0.6123801,0.072000414,0.19422115,0.6123801,0.083204605,0.038193773
86957,1,4,False,0.34304407,0.073090196,0.24326935,0.29736194,0.34304407,0.043234438
72251,4,4,True,0.54251647,0.080352105,0.029004086,0.14388752,0.54251647,0.2042398
149988,3,3,True,0.45311534,0.07165257,0.060736805,0.45311534,0.38510835,0.029386926
171270,4,4,True,0.4864308,0.07371342,0.094687335,0.31562093,0.4864308,0.029547585
28605,5,4,False,0.40871873,0.07030995,0.06720411,0.07233886,0.40871873,0.3814283
87289,4,3,False,0.39144468,0.110532165,0.07153852,0.39144468,0.37153408,0.054950494
86445,4,4,True,0.39318097,0.11249806,0.14154892,0.17099543,0.39318097,0.18177663
341329,2,4,False,0.35758993,0.09693246,0.20758495,0.27272552,0.35758993,0.06516712
141196,2,3,False,0.37483615,0.10382508,0.19915862,0.37483615,0.26508433,0.05709579
265311,3,4,False,0.7229466,0.053781494,0.024923924,0.103965595,0.7229466,0.09438243
79400,4,4,True,0.28898898,0.1013006,0.1425165,0.2808136,0.28898898,0.18638031
113284,3,4,False,0.44297323,0.14872804,0.085399225,0.27109766,0.44297323,0.051801804
10434,4,4,True,0.4348831,0.10682087,0.1385709,0.21592733,0.4348831,0.10379785
132045,4,4,True,0.49924427,0.096038654,0.07583488,0.23320173,0.49924427,0.09568049
352609,2,3,False,0.41751093,0.08237476,0.10740447,0.41751093,0.24661362,0.14609617
184271,4,3,False,0.5225952,0.073479645,0.10471745,0.5225952,0.2696123,0.029595347
144510,3,3,True,0.56158155,0.11550091,0.09975406,0.56158155,0.16635284,0.056810636
359435,5,5,True,0.41478384,0.06447901,0.041671153,0.07359806,0.40546796,0.41478384
130570,4,4,True,0.534287,0.082093745,0.04706033,0.077914946,0.534287,0.25864395
189488,4,4,True,0.4297528,0.109666474,0.065780364,0.20026691,0.4297528,0.19453342
3813,4,4,True,0.29350784,0.13336496,0.0647122,0.22949946,0.29350784,0.27891555
99636,4,4,True,0.4103732,0.0896309,0.0565716,0.36449686,0.4103732,0.07892752
72578,4,4,True,0.55106044,0.062205814,0.04853722,0.29293418,0.55106044,0.04526238
39388,4,4,True,0.3804042,0.1148503,0.17207104,0.26923117,0.3804042,0.06344328
187129,2,4,False,0.47659546,0.07808737,0.090834424,0.2627381,0.47659546,0.091744736
366771,3,4,False,0.43273452,0.112925656,0.09385851,0.2889555,0.43273452,0.07152577
180173,4,3,False,0.45783532,0.06538856,0.07007979,0.45783532,0.37422562,0.03247076
50332,4,4,True,0.4345311,0.07906783,0.25137225,0.1953332,0.4345311,0.03969567
354643,4,4,True,0.38011295,0.062417954,0.05450971,0.1556735,0.38011295,0.34728584
416380,4,3,False,0.57999206,0.11560336,0.19087541,0.57999206,0.0910401,0.022489028
13864,4,3,False,0.45223957,0.07484619,0.05522248,0.45223957,0.24763168,0.17006002
30192,4,4,True,0.64768934,0.052651685,0.05650747,0.14155601,0.64768934,0.10159553
169803,4,4,True,0.74170053,0.04705723,0.0721829,0.08179641,0.74170053,0.05726291
82931,3,4,False,0.6039024,0.093270436,0.12216336,0.11361568,0.6039024,0.0670481
61516,4,4,True,0.34340817,0.10322981,0.26073474,0.2099896,0.34340817,0.082637645
68427,4,4,True,0.5127742,0.077680595,0.25885215,0.055127293,0.5127742,0.09556573
10130,4,2,False,0.35573244,0.31689852,0.35573244,0.17013197,0.109222054,0.04801495
4231,3,3,True,0.5534065,0.07469082,0.29570577,0.5534065,0.04784036,0.028356541
237516,3,3,True,0.45124266,0.055382024,0.123546705,0.45124266,0.32680336,0.04302523
74323,3,3,True,0.38498035,0.09227599,0.13529949,0.38498035,0.35058334,0.036860876
78493,3,4,False,0.31876522,0.10224844,0.18586566,0.2770563,0.31876522,0.11606437
40405,4,4,True,0.5651802,0.054484654,0.040241405,0.21400104,0.5651802,0.12609276
48577,2,4,False,0.3580636,0.17472987,0.11956355,0.31999886,0.3580636,0.02764411
12002,4,4,True,0.5785132,0.06397673,0.07528155,0.069935225,0.5785132,0.21229328
392839,3,3,True,0.60580945,0.13369726,0.114887245,0.60580945,0.097759455,0.04784657
115559,3,3,True,0.37101927,0.12923995,0.15336305,0.37101927,0.2881249,0.058252815
196071,4,4,True,0.6465945,0.0621044,0.10031148,0.15178463,0.6465945,0.03920493
355221,5,4,False,0.48606315,0.07245874,0.09170182,0.14703898,0.48606315,0.20273733
247913,4,4,True,0.5242532,0.06666244,0.06071751,0.03782329,0.5242532,0.3105435
124697,3,4,False,0.42976126,0.08227787,0.08907321,0.25602895,0.42976126,0.14285873
369078,3,4,False,0.48901093,0.08246122,0.047872536,0.31448755,0.48901093,0.06616775
340926,4,4,True,0.5045709,0.057550978,0.045040328,0.34487557,0.5045709,0.04796225
197122,3,3,True,0.54037905,0.11583238,0.08518159,0.54037905,0.22285092,0.035756025
153853,4,5,False,0.3662987,0.11097806,0.09951077,0.09615311,0.3270593,0.3662987
382835,5,4,False,0.67367196,0.071372144,0.023592692,0.08406874,0.67367196,0.14729439
256884,4,3,False,0.3962107,0.13749364,0.06376891,0.3962107,0.25091395,0.15161276
31796,3,4,False,0.50586736,0.06825968,0.07653588,0.259141,0.50586736,0.09019611
122065,3,4,False,0.57317924,0.1012266,0.09001649,0.1295013,0.57317924,0.10607637
186518,3,3,True,0.4918993,0.11612811,0.10641918,0.4918993,0.23596004,0.049593344
232624,3,3,True,0.47590348,0.07341045,0.074149884,0.47590348,0.29647756,0.08005863
163059,3,3,True,0.47648457,0.071120635,0.13680135,0.47648457,0.21156259,0.10403081
220539,4,4,True,0.44958743,0.12670366,0.052080937,0.2485967,0.44958743,0.123031296
154735,3,3,True,0.47482544,0.09643204,0.10650914,0.47482544,0.28272134,0.03951211
37940,3,3,True,0.44615054,0.065481365,0.09439705,0.44615054,0.36820674,0.025764242
18807,4,4,True,0.6176125,0.05951323,0.03090986,0.23900294,0.6176125,0.052961435
31421,3,3,True,0.5459033,0.122391425,0.1355748,0.5459033,0.16232991,0.03380055
190028,4,4,True,0.41609928,0.06845096,0.059733924,0.35735142,0.41609928,0.09836448
357333,4,4,True,0.61083865,0.058374576,0.04446922,0.0815228,0.61083865,0.20479473
31057,4,4,True,0.5763514,0.05220099,0.047152445,0.2962741,0.5763514,0.028021047
245200,4,3,False,0.46978402,0.11254652,0.04228882,0.46978402,0.30709636,0.068284385
136302,4,4,True,0.39986685,0.07420322,0.14604911,0.35472038,0.39986685,0.025160503
15141,3,3,True,0.43467426,0.0684043,0.29397553,0.43467426,0.114843786,0.088102125
164923,4,4,True,0.4848995,0.0715418,0.0407,0.3363196,0.4848995,0.06653908
154020,4,5,False,0.45888686,0.058637455,0.028172826,0.034648243,0.41965452,0.45888686
44627,4,4,True,0.3199716,0.084467135,0.0608886,0.23668936,0.3199716,0.29798332
80119,3,4,False,0.5567659,0.084667385,0.07284685,0.23014541,0.5567659,0.055574443
102705,2,4,False,0.38451442,0.10236841,0.13159533,0.30873778,0.38451442,0.07278405
104038,3,3,True,0.42830622,0.07028315,0.15802526,0.42830622,0.27983925,0.06354612
186340,4,4,True,0.46506542,0.08206165,0.08740354,0.32929108,0.46506542,0.036178302
180949,4,4,True,0.7312908,0.053808235,0.07950129,0.08412062,0.7312908,0.051279057
248880,5,4,False,0.5291223,0.06859387,0.05514845,0.12731263,0.5291223,0.2198228
45477,4,4,True,0.6388411,0.06819708,0.037494075,0.22699815,0.6388411,0.028469615
274153,4,4,True,0.44310942,0.07370145,0.13462503,0.28994593,0.44310942,0.058618154
32396,3,3,True,0.5234093,0.055309247,0.26714033,0.5234093,0.1400039,0.014137164
92377,4,4,True,0.5459979,0.09893971,0.07164202,0.18456608,0.5459979,0.09885434
334585,3,4,False,0.44255832,0.047350194,0.1305023,0.34374204,0.44255832,0.035847154
87636,3,4,False,0.2843124,0.1277106,0.17514686,0.28299135,0.2843124,0.12983881
33189,4,4,True,0.5723049,0.06391588,0.06323276,0.1058698,0.5723049,0.1946766
40396,3,3,True,0.43790373,0.06522771,0.10573473,0.43790373,0.3185644,0.0725695
328699,5,4,False,0.44059452,0.13434714,0.06369012,0.14441974,0.44059452,0.21694845
221599,4,4,True,0.55673975,0.08022585,0.02567454,0.13671845,0.55673975,0.20064138
131016,4,4,True,0.59735376,0.066697866,0.045771066,0.2063286,0.59735376,0.083848715
201814,3,3,True,0.34773764,0.079427205,0.2040832,0.34773764,0.30486792,0.063884065
81574,4,4,True,0.51106566,0.090896934,0.04571741,0.27898338,0.51106566,0.07333662
116163,3,3,True,0.5586524,0.09433616,0.21109281,0.5586524,0.060917962,0.0750007
374805,4,4,True,0.6841209,0.07926754,0.018213205,0.101385765,0.6841209,0.117012665
48353,4,4,True,0.4902888,0.07250239,0.03042945,0.37197462,0.4902888,0.03480473
156042,2,4,False,0.7149974,0.07117221,0.057603188,0.12333582,0.7149974,0.032891404
97836,5,4,False,0.5734831,0.10614861,0.062445194,0.09273751,0.5734831,0.16518563
61526,3,4,False,0.5149165,0.063805416,0.08442106,0.104460314,0.5149165,0.23239675
56926,3,4,False,0.2731492,0.20313764,0.22313984,0.25135666,0.2731492,0.0492167
50258,3,2,False,0.35316557,0.11703347,0.35316557,0.29544684,0.206842,0.027512124
373004,5,4,False,0.64360315,0.061492343,0.04338468,0.07995437,0.64360315,0.17156547
23965,4,3,False,0.534495,0.065916084,0.16874905,0.534495,0.20807776,0.02276213
50328,2,2,True,0.6451666,0.073556125,0.6451666,0.19875856,0.05928849,0.023230199
103353,4,4,True,0.41023314,0.106968395,0.04492796,0.38580728,0.41023314,0.05206319
115563,3,3,True,0.4525132,0.102989905,0.20569734,0.4525132,0.19730133,0.041498173
73090,4,4,True,0.7293768,0.058937877,0.04240248,0.12795152,0.7293768,0.04133125
113169,4,3,False,0.63206196,0.07297366,0.120653324,0.63206196,0.10089329,0.07341782
270741,4,4,True,0.5454658,0.06566973,0.042920534,0.25781372,0.5454658,0.0881302
96814,4,4,True,0.539464,0.07198261,0.21822736,0.07830726,0.539464,0.09201883
315934,3,4,False,0.4523942,0.06254722,0.17469503,0.21854518,0.4523942,0.09181832
148230,4,4,True,0.5167146,0.08297892,0.09093809,0.26136217,0.5167146,0.04800624
102361,3,4,False,0.5156186,0.06589013,0.04563297,0.19452408,0.5156186,0.17833415
76438,2,4,False,0.39892372,0.0701124,0.08398375,0.39639607,0.39892372,0.050584015
86420,4,4,True,0.47889334,0.11737319,0.08846448,0.15802728,0.47889334,0.15724166
89126,2,2,True,0.6928573,0.06552516,0.6928573,0.04922981,0.14273316,0.049654573
146671,5,5,True,0.4842854,0.07700572,0.042645026,0.046048187,0.3500157,0.4842854
236492,4,4,True,0.49250793,0.06993215,0.044013035,0.15843971,0.49250793,0.23510714
48161,4,4,True,0.39991832,0.08533307,0.14494582,0.31516448,0.39991832,0.054638334
277595,3,4,False,0.48426238,0.10750793,0.079756804,0.22506168,0.48426238,0.103411175
101621,4,3,False,0.6569869,0.07221408,0.10330685,0.6569869,0.13155426,0.035937957
236613,2,4,False,0.4872794,0.09787921,0.10594003,0.23008095,0.4872794,0.07882045
64965,4,4,True,0.52708393,0.11280605,0.057628326,0.118520394,0.52708393,0.1839613
31569,3,4,False,0.5192567,0.060746145,0.06617493,0.32786915,0.5192567,0.02595304
67331,4,4,True,0.382002,0.09141942,0.10704555,0.24445882,0.382002,0.17507426
123039,3,3,True,0.4373436,0.10887392,0.1798846,0.4373436,0.23196271,0.041935224
116750,3,4,False,0.65023714,0.059222497,0.04526256,0.19290002,0.65023714,0.05237783
236677,3,4,False,0.5220152,0.09204442,0.15650776,0.16090305,0.5220152,0.06852953
109126,4,4,True,0.50918996,0.12397255,0.07855096,0.11273561,0.50918996,0.17555098
31000,3,3,True,0.43186364,0.079152144,0.12824525,0.43186364,0.2834186,0.0773204
50569,3,3,True,0.42153427,0.13550831,0.101998754,0.42153427,0.3052574,0.035701223
137394,3,4,False,0.6427545,0.06770492,0.03653742,0.17694126,0.6427545,0.07606192
133497,2,4,False,0.64674693,0.039757363,0.086142756,0.1894833,0.64674693,0.03786955
71705,4,3,False,0.31303784,0.12524632,0.18925756,0.31303784,0.25381243,0.118645824
237202,4,4,True,0.40981773,0.1103087,0.039799623,0.29038677,0.40981773,0.14968716
418622,4,4,True,0.49196735,0.05240938,0.0351487,0.36450446,0.49196735,0.055970073
165113,4,3,False,0.49110696,0.0814536,0.03970287,0.49110696,0.33636725,0.05136931
368174,3,4,False,0.4361031,0.14197849,0.106167756,0.19116642,0.4361031,0.12458424
44650,4,4,True,0.5080736,0.07117247,0.05141331,0.12159894,0.5080736,0.2477417
19528,1,3,False,0.83254844,0.04947608,0.085786335,0.83254844,0.015951736,0.016237367
4781,3,3,True,0.42809862,0.0887962,0.28104484,0.42809862,0.10853286,0.09352739
11191,4,3,False,0.69376266,0.05943992,0.1334373,0.69376266,0.07246209,0.04089803
146942,4,4,True,0.55736816,0.07698837,0.111974515,0.20301284,0.55736816,0.050656095
91438,4,2,False,0.6995962,0.0616969,0.6995962,0.08777129,0.11028694,0.04064868
92405,4,4,True,0.47925887,0.08529021,0.12506083,0.21242157,0.47925887,0.097968616
83815,5,5,True,0.45289782,0.09504079,0.06446029,0.16388789,0.22371314,0.45289782
439994,3,4,False,0.44116956,0.059115127,0.10384943,0.22815044,0.44116956,0.16771537
369707,4,4,True,0.7269813,0.047202617,0.043959282,0.15749072,0.7269813,0.024366125
200940,3,3,True,0.49760145,0.08431218,0.22728062,0.49760145,0.17404665,0.016759107
18645,3,3,True,0.5612693,0.1008154,0.062348858,0.5612693,0.24900748,0.02655897
333756,3,3,True,0.50515765,0.083599314,0.18419632,0.50515765,0.11019186,0.116854824
54435,3,4,False,0.40318492,0.1395473,0.109158605,0.3122544,0.40318492,0.035854828
324485,3,4,False,0.6310552,0.07445133,0.067219004,0.15602033,0.6310552,0.071254194
474934,4,4,True,0.56165,0.07786028,0.026508683,0.18094173,0.56165,0.15303935
137582,4,4,True,0.40725124,0.12581415,0.07436685,0.11458365,0.40725124,0.27798417
135639,4,3,False,0.42447788,0.10975909,0.08119422,0.42447788,0.23581877,0.14874999
142783,5,5,True,0.5790676,0.05585345,0.028459793,0.035294406,0.3013248,0.5790676
166649,3,4,False,0.33637735,0.060951587,0.103866875,0.3200257,0.33637735,0.17877854
90436,2,2,True,0.6202469,0.053231984,0.6202469,0.035245292,0.20708536,0.08419048
101315,3,3,True,0.74057585,0.039935566,0.16291527,0.74057585,0.033016138,0.023557158
3928,3,3,True,0.5394196,0.06069174,0.24587996,0.5394196,0.101854526,0.052154202
94750,3,4,False,0.49517927,0.120383404,0.085164376,0.16840133,0.49517927,0.13087171
15607,4,4,True,0.5268692,0.0821756,0.08419944,0.24341033,0.5268692,0.06334543
170549,5,4,False,0.45928887,0.0775026,0.07835021,0.09286896,0.45928887,0.2919893
130703,3,3,True,0.455273,0.1140588,0.11811993,0.455273,0.2662296,0.04631862
359446,5,4,False,0.419017,0.06642901,0.060749017,0.092578486,0.419017,0.36122653
171473,4,4,True,0.5689678,0.06363299,0.016323876,0.30037913,0.5689678,0.05069617
16667,3,3,True,0.3518966,0.18216662,0.16143999,0.3518966,0.24624725,0.058249507
56945,3,4,False,0.45553392,0.073566735,0.059714936,0.367401,0.45553392,0.043783415
371554,4,4,True,0.6358945,0.07290794,0.03009324,0.10223554,0.6358945,0.15886874
29142,4,4,True,0.32917362,0.08440373,0.12384758,0.31066778,0.32917362,0.15190731
257094,3,4,False,0.58866155,0.03944734,0.06221824,0.28126988,0.58866155,0.028403027
19199,3,3,True,0.42467117,0.11010504,0.24874794,0.42467117,0.19505936,0.021416433
95629,3,3,True,0.45886338,0.10355007,0.24510491,0.45886338,0.15623857,0.036243103
374887,4,4,True,0.68867195,0.07038966,0.016690936,0.0990581,0.68867195,0.12518936
382348,2,4,False,0.2959097,0.08790828,0.2549771,0.14778647,0.2959097,0.21341844
29477,4,4,True,0.5485202,0.08882527,0.08359232,0.21113901,0.5485202,0.06792317
242688,3,4,False,0.29015687,0.085293785,0.19294618,0.20359902,0.29015687,0.2280041
12834,4,4,True,0.6808103,0.07887722,0.095143065,0.09808112,0.6808103,0.04708826
56028,4,4,True,0.49100292,0.08355109,0.07009758,0.10576123,0.49100292,0.24958715
38297,4,4,True,0.5284994,0.07707563,0.033072606,0.27165607,0.5284994,0.08969632
6848,4,4,True,0.40101385,0.05609123,0.117878854,0.40073255,0.40101385,0.024283478
119562,4,4,True,0.42697036,0.11794882,0.07520119,0.34197015,0.42697036,0.037909545
119658,2,3,False,0.35087615,0.09096857,0.13653977,0.35087615,0.20332097,0.21829455
338088,4,4,True,0.65259516,0.068096235,0.033388093,0.1329401,0.65259516,0.1129804
331907,4,4,True,0.47638622,0.13479754,0.074827105,0.20030917,0.47638622,0.11368
91991,3,4,False,0.49335113,0.10370344,0.044260122,0.2720483,0.49335113,0.08663701
108922,2,4,False,0.40389434,0.13657723,0.1176575,0.31133682,0.40389434,0.030534081
15225,4,4,True,0.4899101,0.11434024,0.05979229,0.23077685,0.4899101,0.10518055
64607,4,3,False,0.42170686,0.060829263,0.060639337,0.42170686,0.36118823,0.09563632
14387,4,3,False,0.3639375,0.10556393,0.23497052,0.3639375,0.20603691,0.08949108
92140,2,2,True,0.6855904,0.06874964,0.6855904,0.10157185,0.10786638,0.036221668
59586,3,3,True,0.6430293,0.074156426,0.11348074,0.6430293,0.145104,0.024229586
24646,3,4,False,0.5071517,0.08197304,0.06925813,0.28491327,0.5071517,0.056703817
255648,4,4,True,0.5542942,0.05618444,0.03537509,0.30636713,0.5542942,0.04777915
358320,4,4,True,0.57383776,0.06935315,0.043429136,0.07358851,0.57383776,0.23979141
104498,4,3,False,0.48977274,0.108515024,0.14186338,0.48977274,0.22713071,0.03271822
319700,3,4,False,0.7079006,0.049332783,0.045214474,0.17027755,0.7079006,0.027274532
58673,4,3,False,0.55627316,0.07754706,0.11436325,0.55627316,0.21518183,0.036634684
161678,4,4,True,0.5925591,0.07749214,0.026188571,0.19859526,0.5925591,0.10516499
83131,5,5,True,0.50503975,0.052095838,0.06518753,0.10241117,0.2752657,0.50503975
164951,5,5,True,0.39418164,0.07348764,0.055670474,0.12714536,0.3495149,0.39418164
236599,2,4,False,0.48223194,0.111325614,0.19091636,0.14679642,0.48223194,0.06872966
343984,4,4,True,0.4983497,0.0952149,0.15975857,0.14070782,0.4983497,0.10596901
373687,3,2,False,0.34494486,0.08884049,0.34494486,0.26001838,0.124888256,0.18130803
210652,4,4,True,0.5437536,0.0979096,0.045447126,0.1705637,0.5437536,0.1423259
198248,4,4,True,0.53943324,0.0668822,0.08142693,0.23243819,0.53943324,0.07981941
92109,4,5,False,0.58997566,0.05095605,0.03823782,0.030659562,0.29017094,0.58997566
48085,3,3,True,0.48169878,0.103454,0.17186134,0.48169878,0.15321879,0.089767046
354187,4,4,True,0.51915085,0.07878457,0.05589306,0.07746955,0.51915085,0.26870194
10482,3,3,True,0.48970962,0.066737674,0.12404972,0.48970962,0.25596192,0.06354103
60164,4,3,False,0.5015524,0.09388226,0.13849026,0.5015524,0.19983841,0.06623667
39160,5,5,True,0.4250996,0.074957535,0.14004384,0.12499092,0.23490813,0.4250996
357443,5,4,False,0.67760617,0.045144826,0.04297044,0.06438283,0.67760617,0.16989575
242240,3,4,False,0.53077,0.06344535,0.12817153,0.21513435,0.53077,0.062478747
477293,3,3,True,0.35528016,0.08445688,0.1472514,0.35528016,0.28728026,0.12573132
336592,4,4,True,0.80713445,0.0553929,0.007125756,0.089061834,0.80713445,0.041285038
16174,4,3,False,0.4492093,0.07518988,0.06459601,0.4492093,0.33121997,0.07978484
382888,4,4,True,0.6432072,0.06771647,0.024633823,0.060733687,0.6432072,0.20370883
175401,3,4,False,0.57899237,0.057543576,0.022135597,0.25117633,0.57899237,0.09015214
357872,4,4,True,0.51985353,0.076406576,0.056617144,0.23203781,0.51985353,0.11508489
64664,4,4,True,0.60377324,0.079831034,0.022140486,0.1799062,0.60377324,0.11434902
61915,4,3,False,0.4182755,0.164253,0.08871857,0.4182755,0.27595076,0.05280219
40467,4,4,True,0.66907203,0.04481254,0.04610257,0.1544093,0.66907203,0.0856036
142703,4,5,False,0.55452347,0.05961636,0.028908944,0.028014714,0.32893652,0.55452347
359519,3,4,False,0.3827134,0.08795129,0.084277205,0.18843192,0.3827134,0.25662616
222461,4,4,True,0.4955079,0.12385574,0.05707988,0.19334885,0.4955079,0.13020763
173674,5,5,True,0.3777044,0.08225068,0.17845784,0.16994055,0.19164652,0.3777044
241512,4,4,True,0.5574537,0.068508685,0.0786657,0.15279487,0.5574537,0.14257708
156770,3,4,False,0.36723763,0.09735035,0.20406005,0.1770337,0.36723763,0.15431826
96104,3,4,False,0.43647125,0.09058189,0.105588585,0.2511426,0.43647125,0.11621571
28591,4,4,True,0.40776458,0.07017171,0.08095406,0.085179925,0.40776458,0.35592976
395124,4,3,False,0.3153252,0.14365084,0.21608824,0.3153252,0.21500169,0.10993402
74679,4,4,True,0.55853564,0.085936084,0.023588201,0.23775594,0.55853564,0.094184116
29178,4,4,True,0.44739187,0.07303396,0.11138504,0.25000408,0.44739187,0.11818509
15148,2,3,False,0.3822509,0.063498646,0.33193016,0.3822509,0.10070502,0.12161525
357979,4,4,True,0.63570225,0.051481716,0.03257087,0.031332158,0.63570225,0.24891299
358468,4,4,True,0.46287864,0.070176974,0.046379995,0.07841769,0.46287864,0.34214672
12927,4,4,True,0.4413863,0.06662765,0.051834095,0.40378708,0.4413863,0.036364883
333753,2,3,False,0.37618256,0.0987284,0.21045145,0.37618256,0.12997481,0.18466277
383237,4,3,False,0.45804995,0.074532084,0.103868715,0.45804995,0.33668047,0.02686874
148408,5,5,True,0.64734894,0.028557131,0.028543312,0.027614504,0.26793602,0.64734894
247060,5,4,False,0.5457141,0.05346991,0.045774247,0.077051945,0.5457141,0.2779898
22873,4,4,True,0.47279868,0.13297664,0.07551977,0.23500493,0.47279868,0.08370002
147810,3,4,False,0.41606414,0.12418336,0.12929751,0.21774799,0.41606414,0.112707034
28862,4,4,True,0.4817484,0.0904525,0.0794182,0.19729602,0.4817484,0.15108493
42286,4,3,False,0.3236096,0.08550711,0.30031067,0.3236096,0.22696409,0.06360855
156744,4,4,True,0.3912665,0.10034255,0.19936538,0.20015614,0.3912665,0.108869426
54094,4,3,False,0.6077024,0.050220747,0.20087738,0.6077024,0.11599038,0.025209077
247129,4,4,True,0.5275349,0.051922202,0.045984466,0.085897885,0.5275349,0.28866056
50192,3,4,False,0.36877796,0.086137414,0.14561829,0.36080337,0.36877796,0.038663
53683,3,4,False,0.62736315,0.08884891,0.029738726,0.19575556,0.62736315,0.058293678
92149,2,2,True,0.70062137,0.077920124,0.70062137,0.086109504,0.099054165,0.036294874
364707,4,4,True,0.703305,0.06432604,0.08279537,0.104828924,0.703305,0.044744663
271557,3,3,True,0.47306797,0.09812924,0.19053009,0.47306797,0.19972731,0.038545396
100842,3,3,True,0.51723975,0.079044186,0.043460745,0.51723975,0.28726715,0.072988175
59512,3,3,True,0.61571574,0.07445874,0.1413144,0.61571574,0.09932755,0.06918355
168483,4,4,True,0.4417897,0.09627876,0.07594514,0.27119303,0.4417897,0.11479338
5702,4,3,False,0.49709043,0.07020264,0.030849868,0.49709043,0.3620105,0.039846517
150368,2,4,False,0.5458404,0.08152664,0.06627496,0.25834656,0.5458404,0.048011474
357790,4,4,True,0.5591402,0.06720739,0.042811666,0.19225082,0.5591402,0.13859
361186,4,4,True,0.67156947,0.06915018,0.08285941,0.12777035,0.67156947,0.04865057
214404,2,4,False,0.3960959,0.08261052,0.17831816,0.30992565,0.3960959,0.033049792
18486,4,5,False,0.4364777,0.08561067,0.048739184,0.086136155,0.3430363,0.4364777
167167,4,4,True,0.61551666,0.06557069,0.027778482,0.22199476,0.61551666,0.069139436
426596,4,4,True,0.5530554,0.09881927,0.082777806,0.2201425,0.5530554,0.045205038
149109,4,3,False,0.35333988,0.09979671,0.1017241,0.35333988,0.27515674,0.16998251
172930,4,3,False,0.48168468,0.120166674,0.04978813,0.48168468,0.29099196,0.05736861
14029,4,3,False,0.48805872,0.056504875,0.11113,0.48805872,0.31025982,0.034046546
93417,4,4,True,0.54044706,0.06004738,0.036800604,0.09455407,0.54044706,0.26815087
57515,2,4,False,0.42486632,0.09912744,0.11477647,0.3151478,0.42486632,0.046081904
254384,4,3,False,0.37530988,0.08350858,0.12677714,0.37530988,0.29311192,0.12129253
105845,4,3,False,0.4146846,0.080417976,0.1410456,0.4146846,0.3215764,0.042275444
24833,4,3,False,0.31741884,0.088611655,0.07015855,0.31741884,0.31265524,0.21115571
124886,4,4,True,0.33077276,0.14516453,0.13466704,0.2404372,0.33077276,0.14895852
423744,4,4,True,0.5781644,0.08049982,0.043254387,0.13232693,0.5781644,0.16575453
146619,4,4,True,0.41898268,0.08120448,0.04549916,0.05568483,0.41898268,0.3986288
45950,4,4,True,0.44684702,0.10492181,0.105533905,0.22334053,0.44684702,0.11935675
386610,4,4,True,0.669529,0.07403046,0.06904413,0.14592344,0.669529,0.041472964
166966,4,4,True,0.5617689,0.052768543,0.06547771,0.26238802,0.5617689,0.05759689
315922,2,4,False,0.40846124,0.06443814,0.22103468,0.23636533,0.40846124,0.06970063
160244,3,3,True,0.33036074,0.106961556,0.26550063,0.33036074,0.18006246,0.117114596
76491,3,3,True,0.637755,0.094618954,0.14789957,0.637755,0.093338415,0.026388139
35289,3,4,False,0.5413093,0.077760324,0.040032666,0.2914518,0.5413093,0.049445875
204636,3,3,True,0.4698287,0.08638322,0.11901281,0.4698287,0.23071094,0.09406433
54486,3,4,False,0.48484704,0.105186895,0.07721106,0.25963593,0.48484704,0.07311911
253237,3,4,False,0.33408615,0.10056086,0.15515469,0.23174687,0.33408615,0.17845148
133659,4,4,True,0.56301135,0.08514754,0.065016925,0.23415408,0.56301135,0.052670132
239756,4,5,False,0.40663645,0.06688424,0.036068678,0.089680426,0.40073022,0.40663645
125717,4,3,False,0.5239311,0.06738378,0.12343739,0.5239311,0.24136083,0.04388691
140525,4,4,True,0.5911357,0.08014475,0.055457707,0.050934277,0.5911357,0.22232762
200026,4,5,False,0.47628555,0.0663149,0.03750181,0.035481665,0.38441613,0.47628555
162947,4,4,True,0.51564646,0.07649845,0.054351054,0.123735525,0.51564646,0.22976859
86837,4,4,True,0.38496262,0.107272685,0.17808484,0.27261615,0.38496262,0.057063773
3860,3,4,False,0.34177414,0.09948133,0.22521393,0.19752008,0.34177414,0.13601048
377266,4,4,True,0.3336377,0.15122736,0.18328899,0.2291729,0.3336377,0.10267299
418632,3,4,False,0.4690015,0.0858646,0.032057587,0.33837336,0.4690015,0.07470299
106784,3,3,True,0.6637021,0.09616118,0.14243752,0.6637021,0.07225518,0.025444081
104029,4,3,False,0.41404143,0.07123789,0.2053649,0.41404143,0.24305193,0.06630381
334468,4,4,True,0.44586354,0.10255766,0.06417461,0.24276103,0.44586354,0.14464313
6546,4,3,False,0.5853688,0.062778644,0.10970593,0.5853688,0.19824061,0.043906007
87071,4,4,True,0.47930625,0.07477585,0.090493254,0.27844048,0.47930625,0.07698417
166436,4,4,True,0.4885396,0.07222712,0.0362979,0.31706983,0.4885396,0.08586551
162975,4,4,True,0.48540774,0.07773689,0.058950976,0.14821486,0.48540774,0.22968951
4573,3,3,True,0.52653253,0.13613376,0.20028813,0.52653253,0.09074638,0.046299152
116428,4,3,False,0.62758726,0.061082657,0.066024095,0.62758726,0.18369325,0.061612733
373868,4,4,True,0.5396061,0.04840969,0.050954252,0.033636585,0.5396061,0.32739332
191733,3,3,True,0.54714954,0.1526053,0.080673136,0.54714954,0.13277555,0.086796455
156789,3,4,False,0.33296287,0.09257562,0.2662098,0.20540282,0.33296287,0.102848865
360851,5,4,False,0.39276302,0.09607557,0.09681741,0.26245782,0.39276302,0.15188617
40462,4,4,True,0.64573,0.04980075,0.06855773,0.15262538,0.64573,0.08328607
124720,4,4,True,0.59327054,0.07003013,0.07858735,0.19737218,0.59327054,0.060739826
417452,4,4,True,0.76874864,0.07202229,0.034520533,0.06265379,0.76874864,0.06205484
24598,4,3,False,0.43039617,0.07581932,0.15785669,0.43039617,0.18576615,0.15016168
11627,5,5,True,0.54635864,0.04269123,0.10176661,0.08008313,0.22910033,0.54635864
65672,4,3,False,0.574406,0.11767521,0.15352224,0.574406,0.08600322,0.06839329
79045,4,4,True,0.6420147,0.067068875,0.09434246,0.17655471,0.6420147,0.0200193
130099,4,3,False,0.6320564,0.07920076,0.10754962,0.6320564,0.13905716,0.04213599
184636,4,3,False,0.4574251,0.06266256,0.087320276,0.4574251,0.3593038,0.033288255
127285,3,3,True,0.4543458,0.066743314,0.12011461,0.4543458,0.31965646,0.039139822
365799,4,4,True,0.76117015,0.039476447,0.04799935,0.13509254,0.76117015,0.016261518
133442,4,4,True,0.62713134,0.06480057,0.05244168,0.1697175,0.62713134,0.085908905
85804,5,4,False,0.5297406,0.08117455,0.17889124,0.106041856,0.5297406,0.10415176
347816,4,4,True,0.5113109,0.09338713,0.04537875,0.19890782,0.5113109,0.15101548
97033,3,4,False,0.41860908,0.08759449,0.30787075,0.09497222,0.41860908,0.090953484
28972,4,4,True,0.38920528,0.1193551,0.110628925,0.33074576,0.38920528,0.05006497
13906,2,4,False,0.37476766,0.10221419,0.11969581,0.34349954,0.37476766,0.059822783
91227,4,4,True,0.6326962,0.06908352,0.0918034,0.1756799,0.6326962,0.030736942
99555,4,4,True,0.60553473,0.101496704,0.02415781,0.19631186,0.60553473,0.072498865
141191,3,3,True,0.46332186,0.12184077,0.19900909,0.46332186,0.1499195,0.06590878
135185,4,4,True,0.62561333,0.07357632,0.049701583,0.20794919,0.62561333,0.04315956
148538,5,5,True,0.7678277,0.028765261,0.029754292,0.032151632,0.14150114,0.7678277
63733,4,2,False,0.3034434,0.15605284,0.3034434,0.24173251,0.25415248,0.044618778
83905,3,4,False,0.38097516,0.0844437,0.06404142,0.35518086,0.38097516,0.11535882
231495,4,4,True,0.5315081,0.08144608,0.09070017,0.22604094,0.5315081,0.070304796
44276,4,4,True,0.5188773,0.07715607,0.03719546,0.057363003,0.5188773,0.3094081
62147,2,4,False,0.5335065,0.07061848,0.18828194,0.16368566,0.5335065,0.04390734
357746,3,4,False,0.5113608,0.077341594,0.05463002,0.19972841,0.5113608,0.15693913
222213,4,4,True,0.45405376,0.07525705,0.07114466,0.275743,0.45405376,0.1238015
247915,5,4,False,0.5638346,0.05310237,0.056346394,0.029299416,0.5638346,0.29741728
246840,4,4,True,0.574223,0.04922287,0.029084569,0.036974203,0.574223,0.31049535
169810,4,4,True,0.3968076,0.075841546,0.14279473,0.30508113,0.3968076,0.07947496
214745,2,3,False,0.43469733,0.09920472,0.13673694,0.43469733,0.26074532,0.068615705
28570,4,5,False,0.3997797,0.06683336,0.11352898,0.09699412,0.32286382,0.3997797
2733,4,4,True,0.51740116,0.074279875,0.059170548,0.29130146,0.51740116,0.05784701
203492,5,5,True,0.42103893,0.0654082,0.13193938,0.31622723,0.06538624,0.42103893
409197,4,4,True,0.60433817,0.07135092,0.07681894,0.2073322,0.60433817,0.04015974
339990,4,4,True,0.44716445,0.10031738,0.22114865,0.1492084,0.44716445,0.08216115
415428,4,4,True,0.45246446,0.08012362,0.16816604,0.24664034,0.45246446,0.052605543
409192,3,4,False,0.3163822,0.14418599,0.2629967,0.22477561,0.3163822,0.05165951
239760,3,4,False,0.4172798,0.06254098,0.03392249,0.11056729,0.4172798,0.37568945
77296,5,4,False,0.51492316,0.07380315,0.05524261,0.060759846,0.51492316,0.29527122
361438,4,4,True,0.52129257,0.081404574,0.03502097,0.29099303,0.52129257,0.07128884
52404,3,3,True,0.5208803,0.108732186,0.13812505,0.5208803,0.17127058,0.060991865
45114,4,3,False,0.42420763,0.108303115,0.2440507,0.42420763,0.16369973,0.059738837
373179,4,4,True,0.42920098,0.09624197,0.08306334,0.21908286,0.42920098,0.17241074
173725,4,4,True,0.44735095,0.11374588,0.084653966,0.08868174,0.44735095,0.26556745
320234,3,3,True,0.3914241,0.10090836,0.20494565,0.3914241,0.26366958,0.03905236
56154,3,3,True,0.546683,0.06374688,0.2998184,0.546683,0.041587252,0.04816441
374504,4,4,True,0.5966646,0.03677869,0.026956705,0.02999092,0.5966646,0.30960903
5997,4,4,True,0.4922301,0.08706316,0.06280343,0.3163737,0.4922301,0.041529585
389640,4,4,True,0.48527932,0.08343403,0.12951458,0.26434895,0.48527932,0.03742312
151997,3,4,False,0.4565864,0.06272004,0.058658615,0.3685058,0.4565864,0.05352921
407932,4,4,True,0.46689513,0.07770585,0.06953278,0.34815234,0.46689513,0.03771395
146870,4,4,True,0.45298383,0.10702122,0.10109496,0.30518562,0.45298383,0.033714335
120757,3,3,True,0.3510966,0.07905741,0.16438428,0.3510966,0.34253132,0.06293041
432875,4,3,False,0.54434186,0.08965682,0.18515752,0.54434186,0.1227634,0.058080364
86941,3,3,True,0.30254963,0.13783914,0.21257323,0.30254963,0.23123795,0.11580004
60774,4,4,True,0.48328763,0.07143253,0.12065483,0.23480763,0.48328763,0.08981738
73099,4,4,True,0.5338447,0.087494075,0.08672467,0.22852658,0.5338447,0.06341004
110159,4,3,False,0.34189525,0.17179184,0.07789266,0.34189525,0.27281725,0.13560306
120384,3,3,True,0.4663491,0.06393648,0.079548135,0.4663491,0.34602237,0.044143904
338426,3,3,True,0.40366992,0.16660716,0.052910898,0.40366992,0.34390184,0.032910183
321741,4,3,False,0.46932164,0.09054092,0.3274438,0.46932164,0.059965942,0.05272768
137944,3,3,True,0.4230659,0.0794801,0.054997575,0.4230659,0.3608554,0.08160099
155265,3,4,False,0.39678857,0.082366735,0.15991662,0.32422882,0.39678857,0.03669926
368917,3,4,False,0.5795591,0.055210393,0.043245807,0.22468135,0.5795591,0.09730337
50269,2,2,True,0.36073542,0.08053307,0.36073542,0.34222203,0.18931118,0.027198307
191535,4,5,False,0.434418,0.07896541,0.059665244,0.15797257,0.26897877,0.434418
234577,4,4,True,0.61083704,0.05542139,0.028158437,0.22755648,0.61083704,0.07802669
202243,4,4,True,0.5022255,0.046080697,0.0427906,0.25182286,0.5022255,0.15708025
62263,4,4,True,0.5730473,0.09991362,0.09858569,0.15154892,0.5730473,0.07690443
157769,3,4,False,0.37547466,0.110621855,0.12742811,0.3387463,0.37547466,0.047729053
137897,3,4,False,0.40635058,0.08851485,0.07518179,0.3536063,0.40635058,0.07634646
351173,4,4,True,0.4430737,0.08777354,0.13496894,0.19644034,0.4430737,0.13774353
114124,3,2,False,0.2934272,0.20004477,0.2934272,0.2603786,0.1823909,0.063758574
144059,4,4,True,0.45910606,0.12667847,0.07776644,0.2975231,0.45910606,0.038925875
79761,4,5,False,0.46600172,0.0740289,0.072454385,0.065221824,0.3222931,0.46600172
87685,3,3,True,0.33024302,0.16267504,0.1707456,0.33024302,0.2265874,0.10974893
277597,4,4,True,0.4428238,0.10605608,0.10673184,0.2411156,0.4428238,0.1032727
98655,3,3,True,0.52873766,0.14778028,0.20252624,0.52873766,0.09835101,0.022604816
128829,5,4,False,0.45813453,0.094038606,0.13418461,0.13340299,0.45813453,0.18023932
155046,3,3,True,0.40903905,0.09586682,0.08543371,0.40903905,0.3686811,0.04097928
17561,3,4,False,0.30913645,0.12051584,0.20773175,0.26795763,0.30913645,0.09465829
66363,4,3,False,0.55019337,0.06407354,0.07478219,0.55019337,0.2417279,0.06922297
125149,4,3,False,0.40636417,0.05433427,0.102663994,0.40636417,0.30654326,0.13009433
246356,3,3,True,0.32407713,0.1666109,0.10524182,0.32407713,0.27157378,0.13249639
154057,4,4,True,0.3634374,0.08295126,0.16957407,0.13394311,0.3634374,0.25009418
152594,4,3,False,0.4295751,0.10208814,0.08386253,0.4295751,0.34141463,0.043059576
37224,4,4,True,0.44359004,0.084398024,0.14974461,0.24871594,0.44359004,0.07355137
419738,3,4,False,0.6044311,0.07466415,0.07843522,0.173459,0.6044311,0.06901046
357469,5,4,False,0.60585743,0.059757616,0.038568564,0.10520046,0.60585743,0.19061595
25227,3,4,False,0.48120478,0.10277045,0.121788874,0.2593696,0.48120478,0.034866303
6986,3,4,False,0.4022276,0.09492798,0.09436071,0.3748746,0.4022276,0.033609144
320688,3,4,False,0.43262663,0.13581808,0.08467965,0.28088865,0.43262663,0.06598693
109616,4,4,True,0.39132562,0.07581783,0.18849482,0.2880332,0.39132562,0.056328576
375548,5,4,False,0.65757954,0.058772806,0.038624942,0.10085112,0.65757954,0.14417154
173888,4,4,True,0.44735458,0.095844805,0.08917796,0.3357143,0.44735458,0.031908378
49855,4,3,False,0.35068017,0.14055656,0.13485414,0.35068017,0.3313194,0.042589776
92925,3,4,False,0.52860385,0.13909215,0.06902114,0.16062227,0.52860385,0.1026606
41704,3,3,True,0.32659853,0.07473886,0.23590313,0.32659853,0.30264232,0.060117174
50130,4,3,False,0.5826333,0.05290052,0.13049228,0.5826333,0.2237981,0.010175782
18281,4,4,True,0.73997974,0.06843676,0.04613045,0.09835203,0.73997974,0.047101036
373614,4,4,True,0.5687383,0.08283912,0.06779233,0.10006576,0.5687383,0.18056446
164178,3,4,False,0.45262378,0.07984185,0.074725166,0.2895452,0.45262378,0.103263974
193784,5,4,False,0.54556644,0.101723365,0.05494437,0.19690168,0.54556644,0.10086415
61762,5,4,False,0.6016275,0.09651015,0.059619308,0.106465146,0.6016275,0.13577794
415016,2,4,False,0.63902545,0.04339517,0.032209188,0.17467754,0.63902545,0.110692665
258055,3,3,True,0.59689003,0.09265583,0.035699505,0.59689003,0.2514444,0.023310246
134780,3,3,True,0.5421258,0.09790295,0.17844103,0.5421258,0.14994079,0.03158944
491167,5,4,False,0.50370926,0.0892603,0.055187885,0.23147519,0.50370926,0.120367385
213911,3,3,True,0.391125,0.09812705,0.09747028,0.391125,0.31436563,0.098912016
54194,4,4,True,0.5272638,0.08037145,0.15382211,0.18763009,0.5272638,0.050912548
50268,2,2,True,0.4616398,0.06724477,0.4616398,0.39927438,0.05589273,0.015948368
386593,4,4,True,0.58268225,0.09679074,0.08487838,0.197959,0.58268225,0.037689663
15918,4,4,True,0.3457328,0.11884374,0.17548978,0.27429345,0.3457328,0.08564023
263078,3,4,False,0.36505568,0.13240036,0.13058718,0.33330256,0.36505568,0.038654257
26630,5,4,False,0.35430232,0.09932561,0.09241505,0.2913176,0.35430232,0.16263942
32870,4,4,True,0.4511008,0.0894487,0.10041189,0.2835588,0.4511008,0.07547983
424071,3,3,True,0.43675616,0.07074119,0.060127713,0.43675616,0.35666683,0.07570803
405261,3,4,False,0.45870283,0.11281477,0.094636835,0.13888144,0.45870283,0.19496413
37803,4,3,False,0.44709155,0.084662355,0.06023275,0.44709155,0.33855385,0.06945946
72984,3,4,False,0.47983617,0.060870215,0.028812699,0.28616786,0.47983617,0.14431311
158594,3,4,False,0.53521544,0.07117975,0.08565133,0.25061455,0.53521544,0.0573389
268126,4,4,True,0.49771783,0.07632554,0.060749337,0.3151754,0.49771783,0.050031826
412542,3,4,False,0.4644361,0.119729474,0.11551301,0.21635759,0.4644361,0.08396379
247975,4,4,True,0.5398644,0.052210446,0.03560534,0.030192941,0.5398644,0.34212685
32575,3,4,False,0.5403167,0.10499208,0.0638607,0.23144442,0.5403167,0.059386082
418422,2,2,True,0.33204097,0.12685472,0.33204097,0.32233778,0.15741384,0.06135272
13479,4,3,False,0.33963922,0.08381102,0.2507189,0.33963922,0.21243188,0.11339897
148941,4,3,False,0.45415953,0.14069937,0.20668474,0.45415953,0.18060364,0.017852716
137121,2,5,False,0.30569288,0.1343933,0.17471668,0.13297893,0.25221822,0.30569288
116229,2,3,False,0.5104544,0.07345492,0.20116284,0.5104544,0.2059296,0.008998168
348142,3,4,False,0.37665895,0.07261048,0.13676508,0.3448079,0.37665895,0.06915762
35722,3,3,True,0.40710813,0.08233587,0.14730035,0.40710813,0.3394816,0.02377413
144330,4,3,False,0.51240075,0.12164946,0.10229049,0.51240075,0.18338953,0.08026985
168515,4,4,True,0.56156886,0.076801375,0.04516265,0.15210539,0.56156886,0.16436177
247314,4,4,True,0.49088827,0.06972467,0.07030547,0.112553045,0.49088827,0.25652853
109742,3,3,True,0.42449203,0.105065174,0.18530698,0.42449203,0.17810883,0.10702689
427699,4,4,True,0.42598382,0.10792865,0.16871615,0.24974585,0.42598382,0.047625463
355114,5,4,False,0.54551005,0.05878035,0.06226018,0.10190277,0.54551005,0.23154667
153632,5,4,False,0.46951875,0.06459337,0.049848985,0.06224679,0.46951875,0.35379216
41083,4,3,False,0.33339074,0.12807478,0.14957769,0.33339074,0.3128967,0.076060124
29062,4,4,True,0.3287972,0.09821396,0.12175863,0.2685403,0.3287972,0.18268989
72842,4,4,True,0.36735165,0.053425375,0.19804037,0.33150962,0.36735165,0.049672976
24274,4,3,False,0.54733163,0.11838901,0.1369268,0.54733163,0.16376318,0.033589352
155573,3,4,False,0.6337511,0.08523014,0.073764704,0.17524655,0.6337511,0.03200751
329963,3,4,False,0.52340835,0.09498116,0.07497973,0.179545,0.52340835,0.12708573
89286,3,4,False,0.40109628,0.07494948,0.11857743,0.35027027,0.40109628,0.055106487
28613,4,4,True,0.47401342,0.08291498,0.09169223,0.10263191,0.47401342,0.24874744
59970,3,3,True,0.6275516,0.07817286,0.110329516,0.6275516,0.16948828,0.014457651
325459,4,4,True,0.48316476,0.08928144,0.11955821,0.238483,0.48316476,0.06951254
146464,4,4,True,0.45986387,0.06587578,0.037130073,0.063047506,0.45986387,0.3740828
32169,4,3,False,0.4195838,0.123543754,0.16249281,0.4195838,0.2274619,0.06691771
138125,2,4,False,0.53035957,0.07200831,0.13633741,0.21090463,0.53035957,0.050390076
320394,4,3,False,0.4215024,0.082446195,0.16238198,0.4215024,0.28133774,0.052331638
439993,4,4,True,0.4632852,0.0592355,0.09877766,0.21657859,0.4632852,0.16212308
137418,4,4,True,0.50956446,0.096443735,0.03761493,0.079968795,0.50956446,0.2764081
424123,3,3,True,0.7043685,0.07188091,0.047011588,0.7043685,0.11976308,0.056975957
144743,4,5,False,0.6763849,0.052829448,0.024393918,0.018215084,0.22817662,0.6763849
72303,3,4,False,0.32326692,0.06716852,0.27252045,0.2486242,0.32326692,0.088419855
65340,2,2,True,0.42481184,0.11737499,0.42481184,0.31727985,0.12773952,0.01279381
213890,4,3,False,0.5782585,0.080731295,0.20682298,0.5782585,0.10868881,0.02549841
251860,4,4,True,0.3692102,0.117205575,0.17866044,0.21984915,0.3692102,0.11507463
418458,4,3,False,0.60868514,0.088704266,0.049635965,0.60868514,0.18710963,0.06586503
10810,2,2,True,0.37760532,0.08991319,0.37760532,0.29858598,0.17262326,0.06127231
340564,3,3,True,0.44132355,0.06696995,0.07635992,0.44132355,0.3594982,0.05584841
73453,4,4,True,0.5210925,0.12112791,0.06994647,0.24927059,0.5210925,0.038562573
61756,4,4,True,0.4958179,0.11821171,0.09233113,0.18730329,0.4958179,0.106336065
16121,4,4,True,0.7192038,0.08125426,0.033510942,0.11534676,0.7192038,0.050684232
344077,3,3,True,0.5743879,0.09941874,0.22579366,0.5743879,0.05547045,0.04492922
165785,3,4,False,0.49091366,0.06304404,0.027131777,0.3684821,0.49091366,0.050428394
45987,3,4,False,0.418251,0.10173316,0.109307416,0.32015502,0.418251,0.05055343
50270,3,2,False,0.4653881,0.06641516,0.4653881,0.26967332,0.18059887,0.017924607
352186,4,3,False,0.44311854,0.05581223,0.13010268,0.44311854,0.3354884,0.035478096
32151,4,3,False,0.50200266,0.1204632,0.15126547,0.50200266,0.18687338,0.039395295
163007,4,4,True,0.462605,0.08327946,0.0583116,0.15429004,0.462605,0.2415139
78483,3,4,False,0.45622543,0.052788347,0.11884396,0.34055856,0.45622543,0.031583644
477507,4,4,True,0.61940664,0.076729596,0.030728146,0.12566926,0.61940664,0.14746645
362739,2,3,False,0.49730662,0.09315467,0.16115811,0.49730662,0.21853045,0.02985021
91978,4,3,False,0.53150004,0.089498326,0.066305265,0.53150004,0.25679305,0.055903256
168875,4,4,True,0.5673208,0.07880922,0.03300838,0.24913707,0.5673208,0.07172451
162753,3,3,True,0.6249011,0.08489608,0.108664095,0.6249011,0.105350666,0.07618805
148566,5,5,True,0.7486969,0.030397864,0.03359522,0.026391933,0.16091801,0.7486969
333509,4,4,True,0.6947749,0.057255723,0.046893336,0.16236569,0.6947749,0.0387103
247203,4,4,True,0.49968898,0.06475237,0.06955671,0.10900065,0.49968898,0.25700134
146196,4,4,True,0.6584115,0.053064097,0.013890885,0.21006423,0.6584115,0.064569354
82788,4,4,True,0.5408166,0.0904166,0.048703305,0.09084445,0.5408166,0.22921905
110424,2,3,False,0.64289737,0.10380027,0.14143151,0.64289737,0.07491164,0.0369592
92943,5,4,False,0.47032604,0.103901066,0.08212143,0.19751415,0.47032604,0.14613733
89561,4,4,True,0.462772,0.07400882,0.107736155,0.29368308,0.462772,0.06179997
124488,3,4,False,0.55158645,0.10297531,0.053263955,0.24006113,0.55158645,0.05211313
59447,3,3,True,0.55894464,0.0632559,0.033886496,0.55894464,0.27534184,0.06857109
25607,4,3,False,0.30729613,0.17570506,0.088340685,0.30729613,0.27868062,0.14997749
248423,4,4,True,0.5417727,0.04892392,0.038188323,0.057715528,0.5417727,0.31339955
265110,4,4,True,0.46089104,0.08700549,0.033638682,0.35929042,0.46089104,0.059174377
187791,3,3,True,0.57463616,0.11579614,0.11496151,0.57463616,0.14798616,0.046619996
24769,3,4,False,0.36289605,0.087390915,0.18755247,0.32946432,0.36289605,0.03269628
382455,2,4,False,0.44958177,0.083808236,0.16410524,0.091352,0.44958177,0.21115273
40831,4,3,False,0.377023,0.11912073,0.049890902,0.377023,0.36762246,0.08634291
340660,3,4,False,0.57175153,0.08466631,0.12879665,0.17910485,0.57175153,0.035680633
157919,3,3,True,0.5153916,0.10669475,0.0850549,0.5153916,0.22530589,0.06755291
4544,3,3,True,0.5495517,0.08263047,0.27578428,0.5495517,0.054403845,0.03762969
69160,3,4,False,0.4728891,0.08209852,0.04981293,0.34510162,0.4728891,0.05009772
167269,4,4,True,0.45602188,0.07345857,0.050921064,0.38688323,0.45602188,0.03271533
359449,4,4,True,0.4635135,0.056138914,0.0504363,0.080022134,0.4635135,0.3498892
26275,4,3,False,0.58789283,0.0677588,0.066787496,0.58789283,0.25152546,0.026035378
90422,3,3,True,0.45337898,0.10170613,0.12910105,0.45337898,0.2773072,0.038506653
122485,3,3,True,0.43828043,0.08792004,0.3027402,0.43828043,0.12171064,0.049348652
107209,4,4,True,0.53756696,0.09067932,0.04519105,0.26122534,0.53756696,0.06533734
354190,5,4,False,0.54598427,0.08220353,0.03672964,0.07913669,0.54598427,0.25594595
127276,4,4,True,0.4004313,0.10242133,0.09149557,0.3821578,0.4004313,0.02349398
10504,4,3,False,0.4862549,0.060614713,0.11959729,0.4862549,0.26047605,0.07305711
57910,3,4,False,0.63304365,0.06504455,0.049566317,0.17524616,0.63304365,0.07709928
65267,3,3,True,0.7008843,0.08747335,0.11563164,0.7008843,0.06842858,0.027582144
20693,3,4,False,0.4084276,0.071529284,0.1033311,0.38093305,0.4084276,0.035778962
373717,3,3,True,0.2953976,0.077419594,0.25592315,0.2953976,0.17169094,0.19956873
96091,4,4,True,0.33106735,0.108741246,0.11241296,0.31651995,0.33106735,0.13125844
354426,5,4,False,0.54656035,0.057365775,0.051550183,0.14670761,0.54656035,0.19781607
423473,4,3,False,0.41787356,0.11487638,0.19269061,0.41787356,0.19390629,0.08065315
3652,3,3,True,0.44671747,0.06907147,0.11029075,0.44671747,0.32387844,0.0500419
16026,2,2,True,0.30633542,0.12140149,0.30633542,0.30425444,0.22344995,0.044558723
12681,4,3,False,0.55267394,0.07503768,0.12857504,0.55267394,0.19753233,0.046180982
356970,3,4,False,0.4458281,0.07393647,0.08371807,0.28718615,0.4458281,0.1093312
204640,3,3,True,0.48544303,0.09640975,0.18940009,0.48544303,0.16236734,0.066379756
234857,4,4,True,0.4499601,0.065953285,0.061378267,0.37604684,0.4499601,0.046661496
221567,4,4,True,0.5645994,0.058769133,0.04374057,0.23046729,0.5645994,0.102423646
78840,4,4,True,0.48054957,0.07968088,0.06113158,0.33617875,0.48054957,0.042459227
268844,4,4,True,0.44724396,0.12446891,0.13246073,0.16794774,0.44724396,0.12787867
53474,4,3,False,0.4371175,0.13895318,0.10489632,0.4371175,0.2919237,0.02710937
58656,4,4,True,0.4400512,0.09085257,0.13929577,0.2170782,0.4400512,0.112722255
97623,4,4,True,0.395298,0.08887384,0.10551668,0.2532914,0.395298,0.15702009
19045,3,3,True,0.46432912,0.08761166,0.056251056,0.46432912,0.34221208,0.049596094
366246,3,4,False,0.44790038,0.09217447,0.11804414,0.31166074,0.44790038,0.030220238
359328,4,4,True,0.45708358,0.07010512,0.045743033,0.08034707,0.45708358,0.34672114
11938,4,4,True,0.51194984,0.06608252,0.058785416,0.0749667,0.51194984,0.2882155
10784,1,4,False,0.40003702,0.116566315,0.09553531,0.2748044,0.40003702,0.113057025
4854,4,4,True,0.41720614,0.17084485,0.06446287,0.2060267,0.41720614,0.14145942
91449,3,3,True,0.4284672,0.12341642,0.10361051,0.4284672,0.2983982,0.0461077
248598,3,4,False,0.56364304,0.057219785,0.05174527,0.07372431,0.56364304,0.25366762
220817,3,4,False,0.41047645,0.07275215,0.07849663,0.3398702,0.41047645,0.098404646
61985,4,3,False,0.5431616,0.07924322,0.06877611,0.5431616,0.27071702,0.03810205
39651,4,4,True,0.4256773,0.092031285,0.11411396,0.31369254,0.4256773,0.0544849
173637,4,3,False,0.4920933,0.09336476,0.17050062,0.4920933,0.19166291,0.05237836
187135,3,3,True,0.42868352,0.11575211,0.08772034,0.42868352,0.27995408,0.08788994
333862,4,4,True,0.4763509,0.08820585,0.088235356,0.23518404,0.4763509,0.1120238
257867,3,3,True,0.6068668,0.077310614,0.17897902,0.6068668,0.09209606,0.044747535
125177,3,4,False,0.55934936,0.06759518,0.05565547,0.2804654,0.55934936,0.036934577
133670,4,4,True,0.47984,0.07916892,0.063681014,0.3011215,0.47984,0.07618856
65517,4,3,False,0.4828835,0.075861216,0.044566378,0.4828835,0.35257795,0.04411089
355186,4,4,True,0.5989049,0.055615462,0.048873685,0.080832705,0.5989049,0.21577324
41357,3,3,True,0.51157695,0.07507017,0.061284136,0.51157695,0.32636556,0.02570321
50069,2,2,True,0.5018788,0.07712279,0.5018788,0.22238615,0.17382641,0.024785826
249080,4,4,True,0.52489215,0.055954833,0.045891568,0.05714306,0.52489215,0.3161184
386381,3,4,False,0.5120665,0.086214066,0.05643803,0.3148502,0.5120665,0.030431118
23913,4,4,True,0.39566025,0.10124031,0.15680507,0.15440342,0.39566025,0.19189088
414030,4,4,True,0.6519386,0.061678648,0.020848952,0.23424026,0.6519386,0.03129353
92944,4,4,True,0.58598775,0.09756102,0.042584684,0.15856461,0.58598775,0.11530194
27310,3,4,False,0.6281072,0.069263086,0.030372256,0.1323479,0.6281072,0.13990961
173754,5,5,True,0.483464,0.07028584,0.12118651,0.1106615,0.21440214,0.483464
189743,4,4,True,0.5332826,0.114047915,0.052521307,0.17828737,0.5332826,0.12186084
44681,2,2,True,0.29064405,0.10590059,0.29064405,0.23511659,0.27718526,0.0911535
248436,4,4,True,0.5862837,0.042774543,0.047289472,0.054986246,0.5862837,0.268666
116955,3,3,True,0.40798008,0.10823326,0.11703713,0.40798008,0.31322905,0.053520467
424395,4,3,False,0.49359027,0.05788604,0.05260275,0.49359027,0.3124494,0.08347162
83438,4,4,True,0.43109542,0.056879174,0.10361926,0.19218199,0.43109542,0.21622421
253603,2,3,False,0.53694135,0.1030028,0.16380477,0.53694135,0.11861899,0.077632055
148272,4,5,False,0.7667476,0.028821874,0.029239105,0.031381052,0.14381036,0.7667476
236680,3,4,False,0.41977718,0.119010076,0.19969417,0.21317938,0.41977718,0.048339225
260919,3,3,True,0.39365676,0.063934036,0.12130771,0.39365676,0.2815772,0.13952437
46729,4,4,True,0.5318449,0.07798625,0.021584716,0.33063903,0.5318449,0.037945133
149808,4,4,True,0.5284149,0.094003946,0.044993356,0.21528535,0.5284149,0.11730242
236982,3,3,True,0.53673667,0.09459,0.21680377,0.53673667,0.0894967,0.062372845
39169,4,5,False,0.53256553,0.066477045,0.08187808,0.07939953,0.23967981,0.53256553
165830,3,4,False,0.2802035,0.10609238,0.21531938,0.19810255,0.2802035,0.20028222
200210,4,5,False,0.51934046,0.064867586,0.03470296,0.03966998,0.341419,0.51934046
254310,4,4,True,0.44271004,0.076260835,0.08951332,0.27877712,0.44271004,0.11273872
89921,4,4,True,0.4596128,0.104235664,0.048795108,0.3079682,0.4596128,0.07938824
65339,2,3,False,0.36097524,0.11949024,0.23925081,0.36097524,0.2220096,0.058274113
28602,4,4,True,0.43146557,0.06825725,0.065289885,0.061373405,0.43146557,0.37361386
1389,4,4,True,0.3534911,0.1579885,0.07915809,0.336378,0.3534911,0.07298434
56697,3,4,False,0.50433373,0.08674481,0.06643429,0.226888,0.50433373,0.11559912
275466,4,3,False,0.387356,0.102180876,0.19923912,0.387356,0.16426799,0.14695592
193809,3,3,True,0.32378253,0.1001428,0.24255279,0.32378253,0.30319118,0.030330746
276056,3,3,True,0.3769278,0.07788764,0.2983836,0.3769278,0.1979684,0.048832584
270769,4,4,True,0.576606,0.06916314,0.052464444,0.18018173,0.576606,0.12158467
3431,2,3,False,0.63780373,0.07140658,0.1503501,0.63780373,0.09750247,0.042937137
386380,4,4,True,0.40606046,0.0814732,0.07245051,0.3598348,0.40606046,0.080181025
382543,4,5,False,0.42302024,0.07037254,0.07858888,0.08556334,0.34245503,0.42302024
31496,3,4,False,0.6909705,0.0735605,0.025628457,0.17674159,0.6909705,0.03309895
151093,4,4,True,0.6649547,0.09816561,0.05432303,0.15398674,0.6649547,0.028569875
65726,3,3,True,0.58254135,0.08234826,0.06451274,0.58254135,0.15674594,0.11385171
107747,4,4,True,0.45804167,0.14288925,0.09033374,0.13052653,0.45804167,0.17820883
247902,4,4,True,0.50716925,0.070537135,0.0669128,0.05387286,0.50716925,0.30150795
247899,4,4,True,0.50599474,0.06831823,0.054568842,0.06366333,0.50599474,0.30745482
170482,3,3,True,0.39013103,0.09555797,0.12775019,0.39013103,0.36097178,0.025589028
40058,3,3,True,0.50269663,0.07612429,0.12493828,0.50269663,0.23233724,0.06390354
359146,4,3,False,0.4682331,0.076180354,0.09432428,0.4682331,0.24424279,0.11701944
65271,3,3,True,0.44489545,0.09144691,0.09282748,0.44489545,0.34076402,0.030066127
148487,5,5,True,0.6695262,0.034009714,0.040772595,0.039345004,0.21634646,0.6695262
20642,4,3,False,0.4568214,0.15106674,0.119183876,0.4568214,0.24058753,0.032340456
46593,3,3,True,0.52547747,0.080939785,0.17982759,0.52547747,0.19661522,0.01713998
128830,4,4,True,0.44571975,0.09503033,0.10477083,0.14778976,0.44571975,0.20668943
57490,4,4,True,0.5521424,0.07577867,0.08467741,0.24812225,0.5521424,0.03927928
382336,4,2,False,0.29832128,0.08250842,0.29832128,0.15262857,0.20142826,0.26511344
400802,3,3,True,0.58169955,0.073138095,0.094735205,0.58169955,0.20947377,0.040953387
435557,4,4,True,0.55498934,0.063721746,0.04218387,0.2880722,0.55498934,0.05103282
139094,4,4,True,0.62547714,0.09239892,0.07447408,0.18164073,0.62547714,0.02600907
570,4,4,True,0.590736,0.09723958,0.029825618,0.22761145,0.590736,0.054587375
153951,4,4,True,0.51184976,0.06818567,0.054793756,0.05206804,0.51184976,0.31310284
48082,3,4,False,0.4852171,0.10626416,0.094283074,0.21613787,0.4852171,0.09809779
111073,1,4,False,0.5741257,0.048151776,0.12189686,0.17919165,0.5741257,0.07663405
334043,3,3,True,0.47664386,0.10678388,0.117880665,0.47664386,0.2183868,0.08030481
174368,4,4,True,0.42123523,0.100863494,0.057196334,0.14704426,0.42123523,0.27366066
65576,3,4,False,0.5427167,0.07666934,0.049432535,0.2644032,0.5427167,0.06677825
45993,3,3,True,0.39593422,0.105953254,0.073735215,0.39593422,0.36356008,0.06081722
137573,5,4,False,0.4808691,0.10794285,0.08667233,0.07790743,0.4808691,0.24660823
93309,4,3,False,0.4276148,0.069316134,0.049805373,0.4276148,0.330843,0.122420646
50174,3,4,False,0.39345536,0.10060133,0.12758288,0.34766835,0.39345536,0.030692108
104736,4,4,True,0.49363017,0.07633941,0.055664282,0.15281178,0.49363017,0.22155437
239870,4,4,True,0.4559778,0.06501514,0.04071335,0.07128406,0.4559778,0.36700967
89862,4,4,True,0.44918606,0.07966403,0.10400324,0.29474267,0.44918606,0.07240402
223051,4,4,True,0.4782358,0.06726403,0.045055263,0.39032552,0.4782358,0.019119397
104815,4,4,True,0.6251011,0.08409603,0.065459885,0.19199117,0.6251011,0.03335184
420763,3,4,False,0.4063844,0.05167231,0.09130598,0.32887742,0.4063844,0.12175988
130015,4,4,True,0.5059006,0.101777814,0.09209669,0.27559754,0.5059006,0.024627415
250705,4,4,True,0.49499664,0.07775454,0.037987895,0.31858844,0.49499664,0.07067251
32201,4,4,True,0.42222553,0.09279601,0.05541717,0.3668098,0.42222553,0.06275157
364343,5,4,False,0.57957876,0.094594054,0.096668266,0.12857328,0.57957876,0.10058562
4998,1,3,False,0.3859376,0.13417299,0.15853253,0.3859376,0.2555709,0.065786
404407,4,4,True,0.8383771,0.033733685,0.020745348,0.07722374,0.8383771,0.029920079
331230,4,3,False,0.36656907,0.086408615,0.2138181,0.36656907,0.29574278,0.037461463
145749,4,4,True,0.6069092,0.115852095,0.04029472,0.1281161,0.6069092,0.108827844
191088,3,4,False,0.4915415,0.07488964,0.050869428,0.32195318,0.4915415,0.06074623
334541,3,5,False,0.44443578,0.0687018,0.09403077,0.1311467,0.261685,0.44443578
250715,4,4,True,0.56495064,0.07092299,0.037726346,0.2616377,0.56495064,0.06476227
80079,4,4,True,0.509477,0.09141705,0.04553902,0.3106845,0.509477,0.042882476
26561,5,4,False,0.51822495,0.074982375,0.057363994,0.2079484,0.51822495,0.14148028
5515,4,3,False,0.5147149,0.054121077,0.030685788,0.5147149,0.35173514,0.048743084
338258,5,4,False,0.45383972,0.07662511,0.11415177,0.26276112,0.45383972,0.092622235
5151,4,4,True,0.47459167,0.095694415,0.06868391,0.27224135,0.47459167,0.08878861
11665,5,5,True,0.37290233,0.08592965,0.19471797,0.1543558,0.19209422,0.37290233
119113,4,4,True,0.46119612,0.07101178,0.10957433,0.32179004,0.46119612,0.036427774
63966,4,3,False,0.394364,0.08870375,0.12812763,0.394364,0.3106853,0.07811932
180661,4,3,False,0.39341137,0.0814929,0.06917058,0.39341137,0.39189577,0.06402937
68408,4,4,True,0.53742456,0.07668413,0.22788075,0.053551365,0.53742456,0.10445923
22865,3,4,False,0.41744375,0.073000126,0.09836148,0.30709404,0.41744375,0.10410062
356450,5,4,False,0.43599617,0.048199706,0.050328765,0.052547835,0.43599617,0.41292757
35074,4,3,False,0.6570609,0.07178886,0.19493236,0.6570609,0.059745997,0.016471859
76429,4,4,True,0.6695222,0.04404291,0.01673195,0.2460162,0.6695222,0.023686681
247491,4,4,True,0.5139872,0.045084544,0.036539767,0.034505814,0.5139872,0.3698827
378012,4,4,True,0.34117153,0.07776946,0.08118854,0.27928662,0.34117153,0.22058381
20620,3,4,False,0.5407031,0.10520324,0.07050128,0.25228962,0.5407031,0.0313027
30023,4,4,True,0.40000716,0.076296434,0.16186376,0.30823693,0.40000716,0.053595677
164769,3,3,True,0.7326681,0.0422848,0.083258495,0.7326681,0.13003369,0.01175488
73188,3,4,False,0.5140663,0.07788678,0.04029174,0.31774977,0.5140663,0.050005406
394866,1,3,False,0.5450812,0.093211696,0.23933084,0.5450812,0.083905324,0.03847095
10503,4,3,False,0.39827892,0.06317971,0.14214243,0.39827892,0.33473775,0.061661214
45917,4,3,False,0.39301917,0.061211355,0.13055405,0.39301917,0.3697572,0.045458253
9206,4,3,False,0.44384462,0.09412469,0.048412967,0.44384462,0.39190394,0.021713858
86354,3,3,True,0.5171957,0.05966381,0.055065285,0.5171957,0.3116931,0.05638213
251091,5,5,True,0.46797636,0.09382088,0.07126244,0.053074326,0.313866,0.46797636
216814,4,4,True,0.36341608,0.12976521,0.069304,0.2667344,0.36341608,0.17078032
32589,3,3,True,0.6204181,0.080647506,0.2427716,0.6204181,0.030485399,0.025677493
323079,3,4,False,0.3939503,0.07406327,0.066357,0.30931085,0.3939503,0.15631849
239292,3,4,False,0.55130965,0.068801254,0.10985074,0.21233347,0.55130965,0.057704892
49084,4,4,True,0.64068156,0.10116884,0.07290626,0.12901418,0.64068156,0.05622922
351970,3,4,False,0.45670924,0.07588258,0.056732208,0.30256236,0.45670924,0.108113624
379099,4,3,False,0.3987524,0.07510443,0.12144879,0.3987524,0.35332507,0.051369283
102466,4,4,True,0.5497231,0.07977232,0.043622106,0.1894405,0.5497231,0.13744196
199174,3,4,False,0.45498404,0.06071804,0.054469418,0.3914683,0.45498404,0.03836011
84022,5,5,True,0.39331242,0.097841114,0.048423324,0.08811488,0.37230828,0.39331242
474941,4,4,True,0.61320615,0.04645645,0.026086895,0.13566115,0.61320615,0.17858937
138149,2,4,False,0.32724294,0.06716578,0.15627982,0.3204202,0.32724294,0.12889123
420324,4,4,True,0.63267136,0.07311143,0.04697732,0.20561357,0.63267136,0.041626293
349847,4,4,True,0.5764322,0.08257622,0.038282283,0.24231061,0.5764322,0.06039862
120444,4,3,False,0.38325104,0.121788435,0.08686331,0.38325104,0.34196422,0.06613306
141167,4,4,True,0.39790168,0.06523064,0.1132549,0.39721754,0.39790168,0.026395328
238581,3,3,True,0.43400082,0.18006618,0.10441965,0.43400082,0.22629465,0.055218674
240079,3,4,False,0.72037274,0.04956118,0.08338675,0.108370006,0.72037274,0.03830931
90042,3,3,True,0.3238564,0.1478574,0.12982717,0.3238564,0.2774108,0.121048264
170584,4,4,True,0.37793556,0.059512895,0.11599782,0.3571647,0.37793556,0.08938907
268593,4,4,True,0.5528243,0.065449096,0.040219437,0.11094889,0.5528243,0.23055825
326109,4,4,True,0.5072088,0.10698595,0.031415317,0.32544744,0.5072088,0.028942445
125596,2,3,False,0.4010784,0.10359404,0.14444552,0.4010784,0.3192366,0.031645373
465902,5,4,False,0.5608756,0.059518937,0.023305822,0.16455357,0.5608756,0.19174604
137909,4,3,False,0.3544542,0.11329936,0.08773982,0.3544542,0.2817821,0.16272457
86642,2,4,False,0.394647,0.08139167,0.0979895,0.36667883,0.394647,0.059293
251130,4,5,False,0.40962628,0.06612122,0.072461896,0.05141998,0.4003706,0.40962628
135835,4,4,True,0.6630617,0.057168785,0.046225064,0.17429747,0.6630617,0.059247077
3973,3,2,False,0.3982705,0.08797408,0.3982705,0.114335105,0.35176224,0.047658067
159439,3,3,True,0.38474247,0.093585365,0.11218572,0.38474247,0.36841306,0.04107333
247540,4,4,True,0.46805364,0.05875396,0.037122242,0.0460496,0.46805364,0.39002052
142471,5,5,True,0.63773024,0.06926531,0.043920502,0.030662443,0.21842147,0.63773024
124681,2,4,False,0.36356387,0.101945356,0.14039055,0.3295682,0.36356387,0.06453204
477087,4,4,True,0.57610154,0.091330044,0.06870143,0.18164729,0.57610154,0.08221965
67650,4,3,False,0.50783354,0.11559554,0.097784445,0.50783354,0.19024497,0.08854153
247931,4,4,True,0.5207073,0.050774124,0.047154147,0.037866022,0.5207073,0.34349838
275012,3,3,True,0.6606833,0.09943158,0.06832615,0.6606833,0.13494785,0.03661116
29186,4,4,True,0.43656725,0.092429616,0.06307987,0.35071236,0.43656725,0.057211008
242242,4,4,True,0.48633808,0.06514576,0.12997709,0.26942316,0.48633808,0.049115933
211823,3,3,True,0.5249806,0.05147212,0.12549461,0.5249806,0.2764787,0.021573976
118388,3,3,True,0.6362338,0.07616176,0.18723238,0.6362338,0.06959211,0.030779907
67345,4,4,True,0.4302867,0.090627946,0.088949814,0.19514038,0.4302867,0.1949951
358637,5,4,False,0.45761997,0.062233653,0.063232295,0.105886266,0.45761997,0.3110278
151994,4,4,True,0.5748287,0.06116386,0.049683858,0.2474682,0.5748287,0.06685541
27927,3,4,False,0.6248047,0.07475657,0.07337962,0.18205725,0.6248047,0.04500192
167194,4,4,True,0.6492105,0.076351434,0.030099893,0.19938499,0.6492105,0.04495319
302492,4,4,True,0.43314502,0.0868645,0.09592115,0.3216122,0.43314502,0.06245711
14956,4,3,False,0.45816264,0.14044338,0.24788585,0.45816264,0.12369466,0.029813508
17556,2,4,False,0.41988125,0.120455556,0.06529626,0.34571797,0.41988125,0.04864899
15791,5,4,False,0.4178411,0.0753752,0.123502545,0.14402352,0.4178411,0.2392576
55276,3,4,False,0.46269834,0.09035595,0.03451975,0.28691596,0.46269834,0.12551
80190,4,4,True,0.6005871,0.07264412,0.045518618,0.090356655,0.6005871,0.19089347
152557,3,4,False,0.4561785,0.08496456,0.1115204,0.18731919,0.4561785,0.16001739
46045,3,3,True,0.60587996,0.054394677,0.20941707,0.60587996,0.07859025,0.051718026
372683,5,4,False,0.3869145,0.070448235,0.10852963,0.18519288,0.3869145,0.24891485
19761,4,3,False,0.45685706,0.14061512,0.32499543,0.45685706,0.05750552,0.020026904
76651,3,3,True,0.50519997,0.15291747,0.13559593,0.50519997,0.13925919,0.06702742
159585,3,4,False,0.37998617,0.09775045,0.053823218,0.23618132,0.37998617,0.23225889
62457,4,3,False,0.35740516,0.07287545,0.27187195,0.35740516,0.26381978,0.034027606
38368,3,4,False,0.6858377,0.05027763,0.035369832,0.16555755,0.6858377,0.06295732
142762,4,5,False,0.5713579,0.054493565,0.035832852,0.025737753,0.31257793,0.5713579
397673,4,4,True,0.5309729,0.060598426,0.13467993,0.15396853,0.5309729,0.11978021
114332,3,2,False,0.33727607,0.15704572,0.33727607,0.3109364,0.12789765,0.06684417
41678,5,4,False,0.5881046,0.047766272,0.03762086,0.043292455,0.5881046,0.28321576
156712,3,4,False,0.37345347,0.09483351,0.19547448,0.2369714,0.37345347,0.09926715
60593,3,4,False,0.7134216,0.042507548,0.029179743,0.14011197,0.7134216,0.07477917
128050,4,3,False,0.3711156,0.13375992,0.18953696,0.3711156,0.2562238,0.049363717
458036,4,4,True,0.62953216,0.064182825,0.020895785,0.061408285,0.62953216,0.223981
33654,4,4,True,0.41394055,0.08506635,0.114035726,0.25437108,0.41394055,0.13258635
38623,4,4,True,0.47494668,0.089031205,0.037983235,0.269137,0.47494668,0.1289019
50495,4,4,True,0.39798787,0.056466807,0.110062815,0.3567998,0.39798787,0.07868267
277125,5,5,True,0.5838796,0.05677778,0.078275286,0.05206167,0.22900568,0.5838796
19067,3,4,False,0.7003021,0.068853766,0.019095622,0.1398741,0.7003021,0.071874425
2717,3,4,False,0.44690657,0.07782338,0.07998219,0.3195211,0.44690657,0.07576673
143298,3,3,True,0.44854933,0.078079626,0.1942189,0.44854933,0.23679148,0.042360757
13481,3,3,True,0.30105713,0.084593385,0.22102205,0.30105713,0.26482058,0.12850678
86681,4,4,True,0.58043694,0.100897074,0.07624582,0.17689088,0.58043694,0.06552929
146642,4,4,True,0.44131827,0.07013898,0.053997185,0.05232863,0.44131827,0.38221687
8797,3,3,True,0.6202789,0.053369794,0.09505205,0.6202789,0.15636055,0.0749387
15880,3,3,True,0.43063077,0.079147145,0.086178966,0.43063077,0.3177456,0.08629756
419112,4,3,False,0.37105435,0.09685634,0.15764718,0.37105435,0.29750568,0.07693651
246103,3,4,False,0.40750054,0.09958247,0.056173068,0.33276275,0.40750054,0.10398113
130514,4,4,True,0.61853915,0.07096677,0.060640637,0.07858467,0.61853915,0.17126876
163419,4,4,True,0.5340389,0.08134105,0.061641064,0.29402095,0.5340389,0.028958064
189376,5,4,False,0.61489296,0.06516493,0.047410548,0.16974719,0.61489296,0.10278436
345399,4,3,False,0.5644616,0.0559487,0.07137993,0.5644616,0.19914913,0.10906063
126535,4,3,False,0.28856152,0.13531047,0.13278352,0.28856152,0.24047282,0.20287167
39086,4,4,True,0.51204354,0.06845864,0.0507464,0.3196159,0.51204354,0.049135566
111796,3,3,True,0.52181846,0.07577499,0.033726748,0.52181846,0.2826447,0.0860351
107713,4,4,True,0.4551572,0.11201128,0.027122116,0.22944371,0.4551572,0.1762657
38582,3,4,False,0.6301477,0.07408046,0.04669951,0.1668893,0.6301477,0.082183026
109593,3,4,False,0.5501896,0.09232153,0.086394586,0.23923887,0.5501896,0.03185538
10899,4,3,False,0.5430007,0.06801245,0.19611517,0.5430007,0.1478931,0.04497858
356000,4,4,True,0.5220939,0.07222212,0.055213355,0.06507023,0.5220939,0.28540045
19822,4,4,True,0.5013102,0.14225456,0.08373745,0.13311158,0.5013102,0.13958617
102095,4,3,False,0.34365505,0.081604175,0.1470547,0.34365505,0.33028778,0.09739829
38110,4,4,True,0.5442262,0.09732389,0.084151246,0.2186042,0.5442262,0.055694398
235724,4,4,True,0.42363754,0.1039979,0.08885431,0.3292431,0.42363754,0.054267146
59450,5,4,False,0.38360387,0.117642134,0.062453486,0.3187549,0.38360387,0.11754566
340038,3,3,True,0.40498504,0.11970561,0.13281392,0.40498504,0.2866537,0.055841755
85684,4,4,True,0.46124816,0.071481876,0.114467174,0.29068804,0.46124816,0.06211474
116356,5,3,False,0.47770816,0.07061132,0.06744216,0.47770816,0.26070994,0.12352844
121472,4,5,False,0.32239923,0.07548067,0.068078406,0.21577774,0.31826395,0.32239923
337090,4,4,True,0.656185,0.089267224,0.034707606,0.15309551,0.656185,0.06674474
209044,3,4,False,0.32391164,0.107782826,0.13766,0.27994275,0.32391164,0.15070282
8763,4,3,False,0.48736787,0.09558957,0.103031,0.48736787,0.2499761,0.06403545
168075,3,4,False,0.5774672,0.070085086,0.06350047,0.21102835,0.5774672,0.077918895
86384,4,4,True,0.40568274,0.15337938,0.06600854,0.14162561,0.40568274,0.23330373
460197,3,3,True,0.39012772,0.06928538,0.054062936,0.39012772,0.38146597,0.10505803
52270,4,4,True,0.7390325,0.07058876,0.056864437,0.10179384,0.7390325,0.031720415
402649,4,4,True,0.37746048,0.102829054,0.21964258,0.24064033,0.37746048,0.059427585
13891,2,4,False,0.35783213,0.06663636,0.05788164,0.31303337,0.35783213,0.2046165
328039,3,4,False,0.50106657,0.08888826,0.0463728,0.3193715,0.50106657,0.044300888
3896,3,3,True,0.5557429,0.062432483,0.18754674,0.5557429,0.15460731,0.039670564
13464,2,3,False,0.3940208,0.09386708,0.24885704,0.3940208,0.17821752,0.085037544
133105,5,3,False,0.52523357,0.12284119,0.1355052,0.52523357,0.11675486,0.099665195
10094,2,1,False,0.36424464,0.36424464,0.26482636,0.21007933,0.12181955,0.039030116
222672,3,3,True,0.5755383,0.06591097,0.15357283,0.5755383,0.13936886,0.06560904
371972,4,4,True,0.5780714,0.07489616,0.08650055,0.20259298,0.5780714,0.057938825
106450,4,4,True,0.47859728,0.09054258,0.030527834,0.10185387,0.47859728,0.29847848
404841,4,3,False,0.56569177,0.11274564,0.06736377,0.56569177,0.20615879,0.048039977
125271,3,3,True,0.50520426,0.054897547,0.20978755,0.50520426,0.18826409,0.041846547
236456,5,4,False,0.43231186,0.08577501,0.07597977,0.17506886,0.43231186,0.2308645
148757,4,5,False,0.53587824,0.053853165,0.10684145,0.08335194,0.22007522,0.53587824
16435,3,3,True,0.45738465,0.07791339,0.2643348,0.45738465,0.11545227,0.08491485
25639,5,4,False,0.41178697,0.08840814,0.05647345,0.37204495,0.41178697,0.071286514
42347,3,3,True,0.44507697,0.09531046,0.1536492,0.44507697,0.26448694,0.041476518
146561,5,5,True,0.451352,0.07809956,0.04757609,0.0511939,0.37177846,0.451352
29192,4,4,True,0.4288428,0.11553952,0.16633692,0.16332488,0.4288428,0.12595592
18593,4,3,False,0.61074865,0.081924364,0.15661858,0.61074865,0.123837866,0.026870538
60780,4,4,True,0.41083574,0.08280232,0.123743005,0.27757633,0.41083574,0.10504259
21245,3,3,True,0.5541783,0.08009553,0.055216637,0.5541783,0.27759632,0.032913186
108770,2,4,False,0.4340614,0.0745447,0.043237448,0.34415174,0.4340614,0.10400469
91416,2,2,True,0.69463676,0.049004875,0.69463676,0.054086834,0.1379309,0.06434061
46748,4,4,True,0.47375953,0.12147521,0.0513229,0.30471367,0.47375953,0.048728712
23498,3,3,True,0.36179805,0.123412214,0.11825442,0.36179805,0.34023866,0.05629666
87633,4,4,True,0.57476246,0.07367702,0.05851981,0.11004336,0.57476246,0.18299735
40060,2,3,False,0.47568452,0.06573364,0.1407514,0.47568452,0.17648667,0.14134379
454617,4,3,False,0.41136453,0.065329336,0.07699112,0.41136453,0.3378208,0.10849424
116706,2,3,False,0.72090876,0.063613646,0.13122903,0.72090876,0.062299747,0.02194889
220582,4,3,False,0.47576463,0.07477385,0.06302102,0.47576463,0.3516173,0.034823216
171973,3,3,True,0.51500064,0.11448823,0.059902087,0.51500064,0.27055737,0.040051606
58625,4,4,True,0.4915084,0.13677295,0.07792968,0.21712473,0.4915084,0.076664306
88915,5,3,False,0.49983388,0.09137767,0.05163291,0.49983388,0.2830852,0.07407035
156718,4,4,True,0.30307713,0.09009502,0.22072685,0.26577917,0.30307713,0.120321885
60770,4,4,True,0.6682911,0.049488906,0.070034824,0.19139773,0.6682911,0.0207874
114445,4,3,False,0.34028876,0.07603266,0.15758671,0.34028876,0.33995274,0.08613911
63892,3,3,True,0.44281164,0.07251226,0.09424134,0.44281164,0.34661645,0.043818362
87952,4,4,True,0.45056933,0.087015115,0.021745378,0.39831626,0.45056933,0.042353872
125579,1,4,False,0.4814577,0.09932868,0.11449431,0.2686644,0.4814577,0.036054906
6968,4,3,False,0.4141945,0.08446661,0.102171384,0.4141945,0.35311455,0.04605292
51900,4,4,True,0.47429162,0.06936534,0.07394241,0.34759554,0.47429162,0.034805108
31940,4,4,True,0.36959392,0.049530618,0.04986852,0.19415377,0.36959392,0.33685315
35884,4,4,True,0.32135603,0.16784303,0.07475548,0.28937763,0.32135603,0.1466678
18451,1,3,False,0.6274893,0.08380549,0.19806749,0.6274893,0.07203095,0.018606758
149807,4,4,True,0.44322234,0.10148726,0.041098844,0.23152418,0.44322234,0.18266736
70983,4,4,True,0.48139334,0.05857525,0.058524136,0.34932023,0.48139334,0.052187074
82171,3,4,False,0.33565181,0.14331226,0.14561631,0.28095314,0.33565181,0.09446649
257349,4,4,True,0.62982285,0.04943746,0.13939308,0.13286729,0.62982285,0.048479345
108443,4,4,True,0.44583407,0.09901561,0.083760336,0.34657168,0.44583407,0.024818309
18881,3,3,True,0.6665051,0.10963315,0.1038207,0.6665051,0.077943034,0.04209801
119309,4,4,True,0.36013788,0.072182655,0.084538676,0.24189667,0.36013788,0.24124412
2636,4,3,False,0.3589229,0.08502818,0.15918607,0.3589229,0.35339957,0.043463346
45604,3,3,True,0.48254123,0.06474735,0.087275356,0.48254123,0.32895082,0.0364852
441156,2,4,False,0.42399976,0.12608662,0.10352762,0.23161608,0.42399976,0.11476998
3867,3,3,True,0.55366313,0.07878146,0.18180194,0.55366313,0.106421664,0.079331785
152448,3,3,True,0.44950363,0.08399354,0.05049545,0.44950363,0.3643786,0.051628806
105584,4,3,False,0.3814974,0.07761275,0.13363019,0.3814974,0.3491191,0.05814056
400586,4,3,False,0.43958637,0.069115825,0.05479276,0.43958637,0.3546575,0.081847556
366632,4,4,True,0.60586685,0.09114777,0.03540426,0.20144235,0.60586685,0.06613884
34134,4,3,False,0.2682594,0.1307529,0.13887155,0.2682594,0.267537,0.19457917
50301,2,3,False,0.46476784,0.10832289,0.27583846,0.46476784,0.10048414,0.05058667
203377,4,4,True,0.718782,0.043746267,0.030772008,0.15129434,0.718782,0.055405427
7557,2,4,False,0.33491018,0.1511526,0.19065914,0.29153946,0.33491018,0.031738542
50201,3,4,False,0.35472926,0.07634416,0.1676132,0.35133305,0.35472926,0.0499803
357433,4,4,True,0.5872582,0.061604977,0.038731806,0.100715384,0.5872582,0.21168964
247907,4,4,True,0.5265939,0.055749323,0.046554346,0.040482454,0.5265939,0.33061996
347648,4,4,True,0.7706782,0.047819287,0.015912835,0.13758598,0.7706782,0.02800366
239746,3,4,False,0.41191337,0.07465464,0.045821235,0.13039355,0.41191337,0.3372172
105873,2,3,False,0.4743281,0.07307387,0.07934626,0.4743281,0.321135,0.052116774
40109,2,3,False,0.34157044,0.058817822,0.10403598,0.34157044,0.32796562,0.1676101
188066,4,4,True,0.40790004,0.07484569,0.08348993,0.3891306,0.40790004,0.04463369
8434,4,3,False,0.66981995,0.049921535,0.1464648,0.66981995,0.097580016,0.036213733
105902,3,3,True,0.4526851,0.08408352,0.09271109,0.4526851,0.32178935,0.048730895
61399,4,3,False,0.5955681,0.09061792,0.07408293,0.5955681,0.2152288,0.024502197
51397,3,4,False,0.49042124,0.089848675,0.040121883,0.33209544,0.49042124,0.047512755
216001,3,4,False,0.32374257,0.103420384,0.23042499,0.30591846,0.32374257,0.036493603
412191,4,3,False,0.43325275,0.11594827,0.09955993,0.43325275,0.29332724,0.05791175
156602,4,4,True,0.45577484,0.06317709,0.07822728,0.34773853,0.45577484,0.055082213
84563,4,4,True,0.4657298,0.05269317,0.13858408,0.30116633,0.4657298,0.04182657
59039,4,3,False,0.5432067,0.12806092,0.14822228,0.5432067,0.10170073,0.07880939
107722,3,4,False,0.5510892,0.1041754,0.056274466,0.09275647,0.5510892,0.1957044
94759,4,4,True,0.59506875,0.1002709,0.06878211,0.18166903,0.59506875,0.05420921
22967,4,3,False,0.60050744,0.05831788,0.10267423,0.60050744,0.20604882,0.03245161
58052,4,4,True,0.5511412,0.09005096,0.06589784,0.08662146,0.5511412,0.20628856
89664,4,2,False,0.66039705,0.06262963,0.66039705,0.05027218,0.15471034,0.07199079
6233,4,4,True,0.5613367,0.08004835,0.04357347,0.26638922,0.5613367,0.048652273
61763,4,4,True,0.4651077,0.11202895,0.11077924,0.19422682,0.4651077,0.11785726
160314,4,3,False,0.46905282,0.101296835,0.18939038,0.46905282,0.15475543,0.08550449
51258,4,4,True,0.77371037,0.051671963,0.01856864,0.108841345,0.77371037,0.0472077
215937,3,3,True,0.3849056,0.098345086,0.11222796,0.3849056,0.34408563,0.06043579
1054,3,4,False,0.68113405,0.071208075,0.0480317,0.14045517,0.68113405,0.059170946
278896,4,3,False,0.3761624,0.13319924,0.14570794,0.3761624,0.272217,0.07271343
256886,4,3,False,0.41227505,0.12736727,0.07010116,0.41227505,0.2611595,0.12909703
84103,4,5,False,0.47653577,0.080497704,0.031680223,0.07968331,0.33160293,0.47653577
97642,4,4,True,0.40153655,0.094094746,0.10466756,0.20408879,0.40153655,0.19561239
117498,3,4,False,0.4979373,0.055026244,0.0544511,0.2407127,0.4979373,0.15187271
36777,5,5,True,0.44459406,0.09080474,0.07897299,0.114812545,0.2708157,0.44459406
395296,3,3,True,0.35438585,0.12224913,0.09727506,0.35438585,0.28728396,0.13880599
102478,4,4,True,0.37888473,0.08822401,0.07456433,0.27383068,0.37888473,0.18449624
126554,4,4,True,0.48330227,0.072000526,0.07839522,0.29084802,0.48330227,0.07545396
88942,4,4,True,0.5859005,0.06430243,0.035412215,0.27417085,0.5859005,0.040214
94631,3,3,True,0.54576105,0.1059378,0.07496748,0.54576105,0.22708018,0.046253428
5754,3,3,True,0.59774965,0.101425,0.13871464,0.59774965,0.101140566,0.06097018
373613,5,4,False,0.54910177,0.07905076,0.07158862,0.1216604,0.54910177,0.17859839
150985,4,4,True,0.46965733,0.0898454,0.089334406,0.33590594,0.46965733,0.015256854
146977,4,4,True,0.5783074,0.07549795,0.04577613,0.21745235,0.5783074,0.082966164
355218,4,4,True,0.4789084,0.05828092,0.06561987,0.0892287,0.4789084,0.30796212
92345,4,4,True,0.4013615,0.08942695,0.062768966,0.30029374,0.4013615,0.14614883
117215,1,2,False,0.36848435,0.14119947,0.36848435,0.2677338,0.15599784,0.0665846
66155,4,4,True,0.67779326,0.05366042,0.06452836,0.18081927,0.67779326,0.023198606
144334,3,3,True,0.51097524,0.118123695,0.09087884,0.51097524,0.2195914,0.060430817
164179,4,3,False,0.42485878,0.07137787,0.14353463,0.42485878,0.27834517,0.081883565
90278,4,3,False,0.6308929,0.124612436,0.12609255,0.6308929,0.08219142,0.03621063
103614,5,4,False,0.38621286,0.13798346,0.06609492,0.19999263,0.38621286,0.20971608
4540,2,3,False,0.5467181,0.1153777,0.20687355,0.5467181,0.08502691,0.046003688
325585,3,4,False,0.60596114,0.049649786,0.07186461,0.21353394,0.60596114,0.05899049
146946,3,4,False,0.47077775,0.091259845,0.06606289,0.19282049,0.47077775,0.17907906
35556,3,4,False,0.46712843,0.060043883,0.08087372,0.35350388,0.46712843,0.03845016
61224,4,3,False,0.3502498,0.14685498,0.13678049,0.3502498,0.28219575,0.083918974
236464,2,4,False,0.5158163,0.09380915,0.14950666,0.17288494,0.5158163,0.067982964
365241,3,4,False,0.43595666,0.07693444,0.11271346,0.31569228,0.43595666,0.058703247
34373,4,4,True,0.62823486,0.08222324,0.022374315,0.22543353,0.62823486,0.041734025
86427,5,4,False,0.4747389,0.112475365,0.052447394,0.088687055,0.4747389,0.27165127
93363,4,4,True,0.5324607,0.08436669,0.065539725,0.09862899,0.5324607,0.21900393
6517,3,3,True,0.66775656,0.048802283,0.11071873,0.66775656,0.14565285,0.027069569
213032,4,4,True,0.49413174,0.07676743,0.088793285,0.30393213,0.49413174,0.0363754
125244,4,4,True,0.3800563,0.08129818,0.21833824,0.24899828,0.3800563,0.07130903
169093,4,3,False,0.4520472,0.11292906,0.10827336,0.4520472,0.27559367,0.051156726
204179,4,3,False,0.32217312,0.09343201,0.190935,0.32217312,0.20871338,0.18474649
70025,4,4,True,0.47333744,0.0808269,0.12319508,0.30352172,0.47333744,0.019118836
65934,4,3,False,0.5038528,0.12256364,0.075818144,0.5038528,0.24010797,0.057657477
29441,4,3,False,0.3644679,0.0904251,0.118260026,0.3644679,0.34714276,0.07970427
127366,4,4,True,0.47831598,0.09808533,0.08660941,0.29294002,0.47831598,0.044049293
1375,3,4,False,0.52010643,0.06341557,0.056037653,0.14789633,0.52010643,0.21254398
7985,3,3,True,0.36987925,0.16643955,0.21046151,0.36987925,0.21284509,0.040374633
18562,4,3,False,0.56299466,0.08224661,0.1539584,0.56299466,0.15203063,0.048769668
343165,3,3,True,0.4175267,0.06168339,0.20091954,0.4175267,0.24637261,0.07349775
30133,3,4,False,0.5519943,0.072547674,0.08399141,0.21001077,0.5519943,0.08145581
220605,4,4,True,0.48004457,0.09458973,0.03547936,0.17054753,0.48004457,0.21933885
428321,4,4,True,0.5055113,0.09140527,0.090750866,0.14566538,0.5055113,0.16666718
163591,3,4,False,0.5772926,0.079339184,0.062416952,0.19213873,0.5772926,0.08881249
79148,4,4,True,0.58147246,0.05653607,0.045299653,0.23291017,0.58147246,0.08378166
11630,4,5,False,0.5545604,0.042581834,0.11520402,0.060027253,0.2276264,0.5545604
39992,2,3,False,0.59421164,0.115768015,0.1302834,0.59421164,0.10797412,0.051762853
120027,4,4,True,0.42466,0.10794759,0.09099473,0.25594893,0.42466,0.120448716
136540,4,4,True,0.691934,0.071578585,0.028925305,0.15112597,0.691934,0.05643605
127113,4,4,True,0.47436258,0.0819854,0.05443527,0.34100288,0.47436258,0.04821386
31973,4,3,False,0.5967687,0.092018366,0.04892945,0.5967687,0.21646422,0.04581924
16797,4,3,False,0.40649247,0.11613327,0.10739909,0.40649247,0.33547798,0.0344971
11073,4,3,False,0.4494651,0.08131654,0.114919566,0.4494651,0.2943911,0.059907746
190033,3,4,False,0.6208739,0.09283624,0.07394979,0.18030974,0.6208739,0.03203038
335971,4,3,False,0.40166238,0.09354737,0.21300006,0.40166238,0.24615468,0.04563555
11599,3,4,False,0.34515578,0.13570666,0.07047466,0.34168085,0.34515578,0.10698204
75452,2,3,False,0.39223135,0.0681662,0.1880144,0.39223135,0.30812848,0.04345959
153659,4,4,True,0.65800154,0.05631528,0.09759351,0.049967613,0.65800154,0.13812204
144191,4,4,True,0.71568143,0.053419825,0.05603551,0.15923318,0.71568143,0.015630078
372408,4,4,True,0.51643467,0.0766648,0.0695157,0.13008359,0.51643467,0.20730123
252469,4,4,True,0.3376306,0.12107887,0.1507852,0.32938123,0.3376306,0.0611241
48154,4,4,True,0.3805013,0.06745517,0.15621382,0.3581051,0.3805013,0.037724607
3202,4,4,True,0.5589765,0.082457215,0.055139355,0.26259598,0.5589765,0.040831
408708,4,4,True,0.42003644,0.080486104,0.118422925,0.3373392,0.42003644,0.043715455
104707,4,4,True,0.55756176,0.092726074,0.038246267,0.13309532,0.55756176,0.17837062
426038,4,4,True,0.50794506,0.08311031,0.046864383,0.13923708,0.50794506,0.22284317
137892,4,4,True,0.4471454,0.080600895,0.07090323,0.35309702,0.4471454,0.048253447
249118,4,4,True,0.57024544,0.05528461,0.03920058,0.055840038,0.57024544,0.2794293
128712,2,4,False,0.515647,0.08248316,0.047338583,0.29855886,0.515647,0.055972375
208314,4,4,True,0.5927998,0.10382832,0.046527997,0.19708157,0.5927998,0.05976235
113579,2,3,False,0.43720943,0.091248356,0.051777914,0.43720943,0.39135817,0.028406166
58578,3,4,False,0.40730232,0.1321255,0.09831536,0.28477377,0.40730232,0.07748303
418758,4,3,False,0.34242246,0.09302417,0.056121226,0.34242246,0.3196191,0.18881312
57209,3,4,False,0.6050888,0.07465191,0.09459307,0.18190038,0.6050888,0.04376588
86830,4,4,True,0.46535146,0.11394671,0.14582132,0.21145493,0.46535146,0.06342559
159255,3,3,True,0.44960502,0.09895777,0.115730755,0.44960502,0.24821256,0.08749384
47372,4,4,True,0.6408137,0.080058604,0.097912215,0.12864892,0.6408137,0.052566532
27641,3,3,True,0.62220824,0.06182244,0.10090589,0.62220824,0.17322075,0.04184269
104609,3,3,True,0.46373454,0.12121938,0.16350065,0.46373454,0.20361406,0.047931407
102244,4,4,True,0.57535344,0.0799925,0.048106287,0.24360752,0.57535344,0.052940212
239336,3,4,False,0.5550514,0.10615623,0.13020913,0.14698733,0.5550514,0.06159588
156501,4,4,True,0.32837278,0.07792583,0.1256826,0.25489,0.32837278,0.21312883
3466,4,3,False,0.49746135,0.09517757,0.2563624,0.49746135,0.11557702,0.035421643
132803,3,3,True,0.38008535,0.08133218,0.12715657,0.38008535,0.33826774,0.07315822
345465,5,3,False,0.34019268,0.1261896,0.10818803,0.34019268,0.24994853,0.17548114
269557,4,4,True,0.57486457,0.053811215,0.055688642,0.20259291,0.57486457,0.11304267
93396,4,4,True,0.45067683,0.06972813,0.061665215,0.11158968,0.45067683,0.30634007
374525,4,4,True,0.69679236,0.03773308,0.026054995,0.029733285,0.69679236,0.20968632
276669,3,4,False,0.46635067,0.10229465,0.085662924,0.25883827,0.46635067,0.086853504
373720,3,3,True,0.33444297,0.08838416,0.20059215,0.33444297,0.19059086,0.18598989
21057,4,3,False,0.45305505,0.082889594,0.12347071,0.45305505,0.2749137,0.06567098
465780,4,4,True,0.6113099,0.049801674,0.030583581,0.10292036,0.6113099,0.20538442
185561,4,4,True,0.44316626,0.082193725,0.09383976,0.35639742,0.44316626,0.024402855
233208,4,4,True,0.49152124,0.078068644,0.09953436,0.3008072,0.49152124,0.030068535
269003,4,4,True,0.5821074,0.058869172,0.10498013,0.20294455,0.5821074,0.051098786
328046,4,4,True,0.41759542,0.10284081,0.035045903,0.41594455,0.41759542,0.02857333
154698,3,4,False,0.4488404,0.094765596,0.10936117,0.3040932,0.4488404,0.042939674
104338,3,3,True,0.5194583,0.15538494,0.091030605,0.5194583,0.15299971,0.081126414
340165,4,4,True,0.39357278,0.10048728,0.19135715,0.21617,0.39357278,0.09841278
51035,4,4,True,0.6861111,0.07345268,0.033549596,0.16301496,0.6861111,0.043871656
322603,4,4,True,0.73821574,0.06412679,0.017735349,0.11993991,0.73821574,0.059982207
139097,3,2,False,0.37733698,0.12832057,0.37733698,0.24674186,0.2132393,0.034361254
79145,4,4,True,0.43320942,0.05611375,0.08803145,0.37034395,0.43320942,0.052301392
336891,2,3,False,0.52801335,0.06087521,0.09274966,0.52801335,0.2034671,0.11489469
64959,4,4,True,0.5913162,0.11310782,0.06417027,0.18753928,0.5913162,0.043866407
150404,4,4,True,0.3431461,0.09280176,0.06596181,0.33875448,0.3431461,0.15933585
136279,4,3,False,0.43084854,0.13735896,0.20620418,0.43084854,0.1835949,0.041993435
39162,4,5,False,0.42647287,0.07647181,0.14060958,0.120455965,0.23598976,0.42647287
416286,3,4,False,0.63698363,0.06155797,0.12874374,0.13556387,0.63698363,0.037150834
214866,4,4,True,0.5074412,0.049124174,0.059811536,0.2256722,0.5074412,0.15795086
109903,4,4,True,0.55278426,0.08012598,0.04257414,0.12045998,0.55278426,0.2040557
80791,2,4,False,0.655981,0.07528416,0.06907107,0.16499741,0.655981,0.034666255
413833,4,4,True,0.52320075,0.062561385,0.044261303,0.31108364,0.52320075,0.058892883
146553,4,5,False,0.42048764,0.07110731,0.04163888,0.046946254,0.4198199,0.42048764
37346,4,4,True,0.68888533,0.0681519,0.04426962,0.14835303,0.68888533,0.050340183
26546,4,4,True,0.4930108,0.105036244,0.0720057,0.18237726,0.4930108,0.14757006
171119,4,4,True,0.5501307,0.07598908,0.1361645,0.16873057,0.5501307,0.06898504
367052,4,4,True,0.61826056,0.04733276,0.035012998,0.24613221,0.61826056,0.053261515
82700,4,3,False,0.4422433,0.08703517,0.1045595,0.4422433,0.32073522,0.04542681
267569,2,3,False,0.53540474,0.10760452,0.14448956,0.53540474,0.13503002,0.077471144
270655,3,3,True,0.41351196,0.07683351,0.34846562,0.41351196,0.13351552,0.027673326
369285,4,3,False,0.38192078,0.095095776,0.1882109,0.38192078,0.22474913,0.11002339
18229,4,4,True,0.45057863,0.08729143,0.13806349,0.19997963,0.45057863,0.124086745
50810,4,4,True,0.5330079,0.07107355,0.12465815,0.2244164,0.5330079,0.04684402
142530,5,5,True,0.6193132,0.08187501,0.048703134,0.044428207,0.20568055,0.6193132
142799,4,5,False,0.66725874,0.057767812,0.031826258,0.025154676,0.21799256,0.66725874
316440,2,3,False,0.61668515,0.07950626,0.10205489,0.61668515,0.09673782,0.10501589
31347,3,3,True,0.47889033,0.14479251,0.15297359,0.47889033,0.14728034,0.07606328
393459,4,4,True,0.64629185,0.06307085,0.03204719,0.22242638,0.64629185,0.036163706
6833,3,3,True,0.51439846,0.057126094,0.12513955,0.51439846,0.27515838,0.028177558
357745,3,4,False,0.58698267,0.0750031,0.045046724,0.19419703,0.58698267,0.0987705
368347,4,4,True,0.80106276,0.041766852,0.018590247,0.0965534,0.80106276,0.042026777
365704,3,4,False,0.48710802,0.08721066,0.055023395,0.31336823,0.48710802,0.057289638
356701,5,4,False,0.5323381,0.051415946,0.045914125,0.05645146,0.5323381,0.31388035
51265,3,3,True,0.66789097,0.069617555,0.039263323,0.66789097,0.18051234,0.04271576
156196,3,3,True,0.53894925,0.085801065,0.121442154,0.53894925,0.15813006,0.09567745
146623,5,5,True,0.5184564,0.07057969,0.035560675,0.042955656,0.33244762,0.5184564
14946,4,3,False,0.5894383,0.11471598,0.18287824,0.5894383,0.07638215,0.03658528
84063,5,5,True,0.37783694,0.09838511,0.06115774,0.09815677,0.36446348,0.37783694
86388,4,4,True,0.5116307,0.120448634,0.0674656,0.12792908,0.5116307,0.17252596
241571,4,4,True,0.4701744,0.08143062,0.1391703,0.1751379,0.4701744,0.13408677
153737,4,4,True,0.5748959,0.05983752,0.030379469,0.038478456,0.5748959,0.29640862
35932,5,4,False,0.361964,0.1412167,0.0966248,0.1908268,0.361964,0.20936772
188973,4,3,False,0.3497815,0.105053484,0.108392246,0.3497815,0.33314207,0.10363069
276113,4,4,True,0.81722206,0.04057136,0.025218254,0.091838025,0.81722206,0.025150297
107823,3,4,False,0.5238649,0.06858359,0.045338586,0.31692332,0.5238649,0.04528959
21573,4,4,True,0.43152395,0.06990822,0.07715077,0.25012153,0.43152395,0.17129555
136957,5,4,False,0.5754351,0.06423631,0.06777668,0.10340058,0.5754351,0.18915138
89963,4,4,True,0.3707866,0.07583714,0.18770109,0.29262668,0.3707866,0.073048554
105659,4,3,False,0.40652046,0.08124175,0.14673522,0.40652046,0.30607018,0.059432466
88579,2,4,False,0.5733398,0.07040846,0.12172022,0.1415166,0.5733398,0.09301494
33983,4,4,True,0.37416437,0.12697199,0.09821873,0.33217108,0.37416437,0.06847379
102091,4,4,True,0.6828025,0.074986,0.04316481,0.12263286,0.6828025,0.07641379
425768,3,4,False,0.40326557,0.15904015,0.084939905,0.24760012,0.40326557,0.10515424
10121,4,2,False,0.34006992,0.3390083,0.34006992,0.19872771,0.08842894,0.03376506
202420,1,4,False,0.6274611,0.0770779,0.05685046,0.18611202,0.6274611,0.052498538
348234,4,3,False,0.589392,0.07311352,0.14846118,0.589392,0.13181706,0.05721625
414805,4,4,True,0.44859472,0.12808838,0.08006241,0.17860688,0.44859472,0.1646476
3467,3,3,True,0.5654239,0.095819205,0.2577229,0.5654239,0.049715992,0.03131791
13361,5,3,False,0.342212,0.09659265,0.17680483,0.342212,0.23421699,0.15017362
363684,5,4,False,0.28404048,0.060520444,0.15723465,0.22641629,0.28404048,0.2717881
17690,2,4,False,0.42661,0.06629286,0.049638037,0.34197083,0.42661,0.11548824
344899,3,3,True,0.51161397,0.12721407,0.05762259,0.51161397,0.24971598,0.0538334
366335,4,4,True,0.70166624,0.079160824,0.020254716,0.13183707,0.70166624,0.067081094
34329,4,4,True,0.5763424,0.08486697,0.06513917,0.2442145,0.5763424,0.029437024
199867,4,4,True,0.6101674,0.10681779,0.032682396,0.14341977,0.6101674,0.1069127
62311,4,3,False,0.46449578,0.11572198,0.09779901,0.46449578,0.2720491,0.04993419
274009,4,4,True,0.44604203,0.081812896,0.10461116,0.31629723,0.44604203,0.0512367
228752,4,4,True,0.33368567,0.08298691,0.15837255,0.12798207,0.33368567,0.29697284
107078,5,3,False,0.2988534,0.12884063,0.1414173,0.2988534,0.29276863,0.13812011
94210,3,4,False,0.45868966,0.09670466,0.0875632,0.31659824,0.45868966,0.040444296
445369,3,3,True,0.6109495,0.06635019,0.07443601,0.6109495,0.220152,0.028112281
26661,5,4,False,0.5686307,0.08287542,0.0680875,0.18524805,0.5686307,0.095158346
318647,4,4,True,0.47178102,0.082696624,0.1280391,0.28834566,0.47178102,0.029137578
4080,4,3,False,0.7060407,0.06975709,0.11511215,0.7060407,0.0842995,0.024790576
415391,3,4,False,0.53740466,0.06326813,0.11672124,0.22532469,0.53740466,0.05728127
109534,4,4,True,0.43778607,0.07282173,0.17145261,0.27224308,0.43778607,0.045696534
66319,4,4,True,0.6490722,0.10129658,0.03752796,0.089134514,0.6490722,0.12296881
54329,4,3,False,0.47717258,0.073701896,0.3132871,0.47717258,0.12558746,0.010250882
114081,3,4,False,0.2854191,0.16860577,0.27827787,0.21317379,0.2854191,0.05452347
374920,4,4,True,0.66178125,0.058310814,0.017013589,0.092700854,0.66178125,0.17019348
257609,4,3,False,0.4097704,0.08327958,0.09470062,0.4097704,0.3622789,0.049970582
179905,3,3,True,0.3870446,0.076142654,0.13851921,0.3870446,0.37418506,0.02410853
324381,3,4,False,0.35588938,0.117697395,0.12901269,0.3332272,0.35588938,0.06417336
374105,4,4,True,0.6670428,0.07666086,0.04807406,0.098276876,0.6670428,0.109945364
101459,3,4,False,0.55699104,0.11433241,0.054168265,0.19731121,0.55699104,0.07719706
166958,4,4,True,0.62112904,0.063431986,0.0889596,0.17761217,0.62112904,0.048867203
51032,3,4,False,0.61599016,0.07556362,0.05189792,0.18540002,0.61599016,0.07114836
356449,4,4,True,0.52676165,0.047054715,0.059491947,0.072092175,0.52676165,0.2945995
248648,4,4,True,0.49101844,0.054810323,0.04555594,0.08120982,0.49101844,0.32740548
189973,3,3,True,0.4736568,0.09138602,0.13291796,0.4736568,0.21548831,0.08655093
137930,4,4,True,0.4803052,0.07020344,0.05681706,0.3267426,0.4803052,0.06593176
127228,3,4,False,0.40621763,0.09161201,0.091852196,0.3780334,0.40621763,0.03228473
9660,4,4,True,0.40717256,0.12243309,0.10875648,0.2991598,0.40717256,0.062478025
59260,4,4,True,0.6090906,0.089805156,0.028301008,0.22146764,0.6090906,0.051335547
86454,4,4,True,0.43709162,0.1382517,0.11327796,0.101149015,0.43709162,0.21022978
91407,2,2,True,0.6268627,0.050942674,0.6268627,0.046242774,0.19412684,0.08182508
373926,4,4,True,0.4060727,0.06370348,0.039373796,0.19799036,0.4060727,0.29285964
16597,3,3,True,0.42204195,0.15721631,0.06867,0.42204195,0.3052374,0.04683432
249791,4,3,False,0.4221913,0.06628421,0.099257186,0.4221913,0.3691472,0.043120082
148486,4,5,False,0.67433226,0.042190056,0.045925964,0.050449055,0.18710272,0.67433226
133100,4,4,True,0.66175526,0.06065942,0.05181565,0.16327016,0.66175526,0.062499456
33563,4,4,True,0.61372906,0.05814023,0.040153597,0.2161372,0.61372906,0.071839936
166322,4,4,True,0.64415807,0.052471522,0.055229884,0.19115943,0.64415807,0.056981042
83118,5,5,True,0.5720164,0.04459936,0.050500713,0.0894542,0.24342924,0.5720164
146257,4,4,True,0.44586152,0.095600285,0.065278806,0.31654045,0.44586152,0.07671894
92159,2,2,True,0.6889627,0.070484854,0.6889627,0.10026797,0.105926484,0.034357965
41068,2,3,False,0.29362297,0.14035389,0.19128108,0.29362297,0.2768976,0.09784444
92381,4,4,True,0.40187204,0.09738355,0.14674859,0.22701056,0.40187204,0.12698524
1135,2,4,False,0.54449123,0.10270521,0.027994746,0.25642365,0.54449123,0.06838517
355216,4,4,True,0.53147453,0.05465522,0.07054474,0.10636191,0.53147453,0.23696354
143393,5,5,True,0.72425485,0.054544296,0.019982336,0.018414,0.18280454,0.72425485
104597,4,2,False,0.26866248,0.10699875,0.26866248,0.26339528,0.2666207,0.0943228
65518,4,3,False,0.620429,0.05031913,0.0792083,0.620429,0.2173045,0.032739144
29722,4,4,True,0.5433705,0.06952711,0.022736061,0.30854252,0.5433705,0.055823784
54523,4,3,False,0.52203757,0.07714656,0.063471116,0.52203757,0.26617542,0.07116936
34369,4,4,True,0.5171718,0.096845336,0.065516375,0.25104874,0.5171718,0.069417715
148598,4,5,False,0.6683646,0.041707344,0.053815167,0.045699533,0.19041334,0.6683646
25769,3,3,True,0.6648154,0.050999157,0.097697705,0.6648154,0.172005,0.014482726
80613,5,5,True,0.318005,0.08090347,0.095766574,0.18995892,0.315366,0.318005
331143,4,4,True,0.58406925,0.04229505,0.018963851,0.07432829,0.58406925,0.28034356
141816,3,3,True,0.3942811,0.1506417,0.25450775,0.3942811,0.17683618,0.0237332
83484,3,3,True,0.30547258,0.11758713,0.061161205,0.30547258,0.26853436,0.24724473
23567,4,4,True,0.48316637,0.09631719,0.042108774,0.17450473,0.48316637,0.2039029
193842,4,3,False,0.41317934,0.102324575,0.12023257,0.41317934,0.32830533,0.035958227
45437,3,4,False,0.45611224,0.10514975,0.073575795,0.33925462,0.45611224,0.025907658
15919,4,4,True,0.45029622,0.10185523,0.12412101,0.24227506,0.45029622,0.08145245
63709,3,3,True,0.56887585,0.08564085,0.22914653,0.56887585,0.073205866,0.04313092
101421,3,4,False,0.5336663,0.14655912,0.04245448,0.20574234,0.5336663,0.07157771
131350,3,4,False,0.47399467,0.06875722,0.033430286,0.2705246,0.47399467,0.15329319
175415,3,3,True,0.48900506,0.09188125,0.16087362,0.48900506,0.2280999,0.030140106
325460,3,3,True,0.40241843,0.0702131,0.21009028,0.40241843,0.27571186,0.041566323
429075,4,4,True,0.59818715,0.067766726,0.09077003,0.14515068,0.59818715,0.09812542
148422,3,3,True,0.6591965,0.08283271,0.14162186,0.6591965,0.09548502,0.020863956
270726,4,4,True,0.5901759,0.04661502,0.039456695,0.14817914,0.5901759,0.17557323
33003,4,3,False,0.4585778,0.1887085,0.11488186,0.4585778,0.21557495,0.022256896
127192,3,3,True,0.5650605,0.06340885,0.09995337,0.5650605,0.24866508,0.022912264
219253,4,4,True,0.5907582,0.0761021,0.03321499,0.21764776,0.5907582,0.08227691
61714,5,4,False,0.5691302,0.113797486,0.06843821,0.15627572,0.5691302,0.092358336
29214,4,4,True,0.50439626,0.07220671,0.06214483,0.23742214,0.50439626,0.12383007
223672,4,4,True,0.53056556,0.14492208,0.081756026,0.16289805,0.53056556,0.0798583
29031,4,4,True,0.3985813,0.07782353,0.10760672,0.32504117,0.3985813,0.09094729
182878,3,3,True,0.3984799,0.07930028,0.0956194,0.3984799,0.37364027,0.052960113
86705,4,4,True,0.41284207,0.072041675,0.0989136,0.31845546,0.41284207,0.09774723
402095,5,3,False,0.38239196,0.11036289,0.12548476,0.38239196,0.3324418,0.049318578
156183,3,4,False,0.7856727,0.07007882,0.047653776,0.06107866,0.7856727,0.035516012
414225,4,4,True,0.5184506,0.084931314,0.06989322,0.27776116,0.5184506,0.048963632
28574,4,4,True,0.3809939,0.07514918,0.13051194,0.119946145,0.3809939,0.2933988
30031,4,4,True,0.47726932,0.064707495,0.14538403,0.2625542,0.47726932,0.050084937
432405,4,4,True,0.4224043,0.089879975,0.071745835,0.32718077,0.4224043,0.08878913
63063,4,3,False,0.5942007,0.10016547,0.10967558,0.5942007,0.17564563,0.020312678
13644,3,3,True,0.5032324,0.13151547,0.19461566,0.5032324,0.100395896,0.07024055
205734,4,3,False,0.3421841,0.091559894,0.23669767,0.3421841,0.21160337,0.11795497
410237,4,4,True,0.5817076,0.07276695,0.068949446,0.2314377,0.5817076,0.045138285
102380,5,4,False,0.4086108,0.06388694,0.06388032,0.23519626,0.4086108,0.22842574
335930,4,4,True,0.5271571,0.13584568,0.042852744,0.23436733,0.5271571,0.05977713
138700,4,4,True,0.46039662,0.10938021,0.032374725,0.061069343,0.46039662,0.33677915
259978,3,4,False,0.41708487,0.06638625,0.06706724,0.36575723,0.41708487,0.083704375
62378,3,3,True,0.52920765,0.09554664,0.14478701,0.52920765,0.17345105,0.057007663
61721,5,4,False,0.51698434,0.11169418,0.060498912,0.20109548,0.51698434,0.10972708
236578,2,4,False,0.543261,0.07963246,0.15134355,0.18302657,0.543261,0.04273639
115236,4,3,False,0.5908954,0.10621663,0.13942531,0.5908954,0.1316255,0.03183719
54455,3,4,False,0.32485694,0.15354794,0.2317635,0.2540822,0.32485694,0.0357494
368376,4,4,True,0.5073933,0.07225294,0.10035338,0.11699925,0.5073933,0.20300105
27256,4,3,False,0.41352054,0.07203272,0.075752705,0.41352054,0.37823454,0.060459536
103352,3,3,True,0.41063845,0.07851292,0.083973005,0.41063845,0.3550078,0.07186774
207523,4,4,True,0.7847631,0.047722004,0.0315463,0.10645848,0.7847631,0.029510222
361551,3,3,True,0.51103175,0.072229005,0.12470488,0.51103175,0.26464304,0.027391313
257777,3,3,True,0.45819232,0.13680798,0.18246359,0.45819232,0.1733023,0.049233813
61321,4,4,True,0.5651768,0.06034993,0.060426164,0.25880063,0.5651768,0.05524651
118946,4,4,True,0.6313085,0.106484205,0.093366124,0.11640153,0.6313085,0.052439656
373901,4,4,True,0.551583,0.038494866,0.026886104,0.023542676,0.551583,0.35949332
109622,4,4,True,0.5544276,0.079150364,0.119379975,0.1822646,0.5544276,0.06477747
22906,4,4,True,0.48238486,0.057169117,0.14811808,0.24707511,0.48238486,0.065252826
34328,4,4,True,0.5761355,0.107491836,0.045214128,0.2434921,0.5761355,0.02766636
199227,3,4,False,0.47019786,0.05564908,0.047424845,0.40257397,0.47019786,0.024154231
69813,4,4,True,0.6930771,0.07519753,0.07025059,0.084856756,0.6930771,0.07661801
