sound_id,true_confidence,pred_confidence,correct,pred_confidence_prob,prob_confidence_1,prob_confidence_2,prob_confidence_3,prob_confidence_4,prob_confidence_5
92138,4,2,False,0.3808511,0.17557587,0.3808511,0.18224347,0.1350609,0.12626866
357454,4,4,True,0.45659912,0.122331366,0.08746046,0.06295872,0.45659912,0.2706504
189517,3,3,True,0.567087,0.13773903,0.122045614,0.567087,0.10524365,0.06788473
38318,4,3,False,0.3396421,0.20591378,0.11331393,0.3396421,0.1832702,0.15785998
89123,2,2,True,0.43302032,0.16760312,0.43302032,0.14966217,0.11291872,0.13679567
377264,4,2,False,0.25894845,0.17171463,0.25894845,0.10941841,0.20506682,0.2548517
231490,4,3,False,0.29987535,0.1602539,0.15952201,0.29987535,0.23385023,0.14649853
178605,4,3,False,0.28167892,0.23584709,0.17683902,0.28167892,0.16403475,0.14160022
202301,1,3,False,0.3677962,0.20544633,0.19915882,0.3677962,0.11205138,0.11554721
83986,3,4,False,0.4192252,0.1478883,0.09459052,0.23162839,0.4192252,0.1066676
252351,4,2,False,0.3183948,0.1497223,0.3183948,0.27568492,0.080510624,0.17568736
46066,3,4,False,0.39751357,0.1326879,0.11707269,0.056972466,0.39751357,0.29575345
107353,2,2,True,0.28140897,0.17544948,0.28140897,0.16434939,0.2696534,0.10913876
65662,3,5,False,0.28120542,0.20703375,0.17059685,0.24095352,0.100210436,0.28120542
432102,4,4,True,0.36695224,0.17749803,0.100046135,0.21987629,0.36695224,0.13562733
33895,3,3,True,0.35593513,0.1724728,0.17487374,0.35593513,0.19746861,0.09924972
114095,4,3,False,0.34017268,0.16069502,0.27852342,0.34017268,0.09820548,0.12240344
10885,4,3,False,0.2757661,0.15591507,0.2621581,0.2757661,0.17103332,0.13512744
173605,4,4,True,0.58893013,0.12555097,0.051054295,0.118524365,0.58893013,0.11594023
173795,4,4,True,0.3292918,0.15798324,0.14981687,0.2295012,0.3292918,0.13340683
10739,3,4,False,0.35150796,0.18497734,0.17298439,0.10897065,0.35150796,0.18155968
172448,2,2,True,0.310148,0.17982303,0.310148,0.23118487,0.17895842,0.0998857
157223,3,3,True,0.46113467,0.14227459,0.17376581,0.46113467,0.1320293,0.09079567
117415,3,4,False,0.25785622,0.15888847,0.13174342,0.2469222,0.25785622,0.2045897
19821,4,4,True,0.3774067,0.17120586,0.1866903,0.07058638,0.3774067,0.19411078
26935,5,2,False,0.30299476,0.14194077,0.30299476,0.26652145,0.13450794,0.15403508
104003,4,3,False,0.39939883,0.17153282,0.11466537,0.39939883,0.23239866,0.08200428
214006,4,3,False,0.43218604,0.14079995,0.16533905,0.43218604,0.18579443,0.0758806
417835,4,4,True,0.40635195,0.14111525,0.12144902,0.1609289,0.40635195,0.1701548
121221,3,3,True,0.31056902,0.16116394,0.24399976,0.31056902,0.20669109,0.07757616
119907,4,4,True,0.49370652,0.12615912,0.075284995,0.18677759,0.49370652,0.11807173
263951,4,4,True,0.28042662,0.14334497,0.15637472,0.273648,0.28042662,0.1462057
155233,3,3,True,0.32865867,0.15240584,0.19004112,0.32865867,0.2508489,0.07804547
45117,3,2,False,0.36754674,0.16655965,0.36754674,0.25676078,0.119408034,0.08972486
15955,4,3,False,0.4417848,0.15386848,0.18535866,0.4417848,0.12103273,0.097955346
151281,4,4,True,0.32644773,0.15056397,0.12793739,0.25343928,0.32644773,0.14161164
196033,4,4,True,0.3462931,0.19951627,0.11472532,0.19915883,0.3462931,0.14030652
381494,4,4,True,0.25447002,0.21162294,0.20158616,0.090898454,0.25447002,0.24142243
32868,4,4,True,0.53644645,0.12713535,0.11217804,0.14456116,0.53644645,0.07967905
154404,4,4,True,0.27396226,0.16709124,0.15400356,0.17750473,0.27396226,0.22743814
11016,2,4,False,0.33198506,0.14597869,0.25362563,0.12451216,0.33198506,0.1438984
55962,4,5,False,0.31787002,0.1685967,0.13219298,0.088460766,0.29287955,0.31787002
247511,4,4,True,0.4211822,0.1387288,0.08293778,0.056877278,0.4211822,0.30027404
214414,3,4,False,0.37214974,0.132974,0.16305152,0.20818992,0.37214974,0.123634875
395832,2,3,False,0.34299874,0.17175573,0.1514294,0.34299874,0.20521742,0.12859868
51479,4,4,True,0.51761574,0.155876,0.11392556,0.07474607,0.51761574,0.13783668
418513,4,4,True,0.54182976,0.14159615,0.08819689,0.104794145,0.54182976,0.12358309
120675,4,3,False,0.37260696,0.15611857,0.23002312,0.37260696,0.12108841,0.12016288
72152,4,4,True,0.2706608,0.14229849,0.15647115,0.2515867,0.2706608,0.17898288
415445,3,3,True,0.30180377,0.15664661,0.2160958,0.30180377,0.21943894,0.10601484
146853,2,3,False,0.30120912,0.16955253,0.276232,0.30120912,0.14708477,0.10592151
247117,4,4,True,0.48804197,0.12691079,0.07696832,0.062819324,0.48804197,0.2452596
16671,3,3,True,0.4688083,0.1079275,0.24037173,0.4688083,0.05614228,0.12675022
386279,4,3,False,0.3331303,0.20293948,0.13932894,0.3331303,0.1871804,0.13742091
402801,4,3,False,0.4538877,0.1654136,0.15621208,0.4538877,0.12843147,0.096055165
3853,2,3,False,0.31698012,0.1780721,0.16450843,0.31698012,0.1702416,0.17019778
150946,4,4,True,0.32829267,0.14516307,0.12153991,0.2687252,0.32829267,0.13627918
184217,4,3,False,0.3297983,0.16951604,0.10052755,0.3297983,0.28463596,0.11552213
13041,3,3,True,0.30313358,0.14464945,0.12633301,0.30313358,0.29597583,0.12990817
178849,5,4,False,0.29234013,0.19799758,0.15669133,0.14091317,0.29234013,0.2120578
156809,4,4,True,0.29808408,0.120860144,0.2681564,0.095245354,0.29808408,0.217654
92137,4,2,False,0.43253347,0.15827627,0.43253347,0.19172399,0.106071986,0.11139427
143038,5,5,True,0.38919732,0.13330252,0.06121733,0.04881728,0.36746547,0.38919732
26602,4,4,True,0.27637497,0.15493998,0.17587312,0.14152212,0.27637497,0.2512898
254617,4,4,True,0.5054656,0.13637424,0.08433263,0.06364651,0.5054656,0.210181
482689,3,3,True,0.30261433,0.18193012,0.20311993,0.30261433,0.20118648,0.11114911
344051,3,4,False,0.2868563,0.18031691,0.17206942,0.19611177,0.2868563,0.16464561
9544,4,4,True,0.44664672,0.17564991,0.12920702,0.16294985,0.44664672,0.08554653
269906,5,5,True,0.2641647,0.18264292,0.15928844,0.15543015,0.23847382,0.2641647
68409,4,4,True,0.3177126,0.18049689,0.17381433,0.11935537,0.3177126,0.20862082
325215,4,4,True,0.24285719,0.19256689,0.17658931,0.22416143,0.24285719,0.16382514
17133,4,3,False,0.4333042,0.17058137,0.18979518,0.4333042,0.08016815,0.12615113
11899,5,2,False,0.25597018,0.14829116,0.25597018,0.21010827,0.18456791,0.20106252
356460,4,4,True,0.38827538,0.12320305,0.08546344,0.059586238,0.38827538,0.3434719
356806,3,5,False,0.35641026,0.1282406,0.10550015,0.08236313,0.32748586,0.35641026
165070,3,2,False,0.30781838,0.17621782,0.30781838,0.19002423,0.1547275,0.17121209
171317,4,3,False,0.32788235,0.107231446,0.14278191,0.32788235,0.31987846,0.10222585
116921,4,3,False,0.2896491,0.13964221,0.13143714,0.2896491,0.24611513,0.19315645
24311,3,3,True,0.31376737,0.16522466,0.20443442,0.31376737,0.17767042,0.13890314
124686,3,3,True,0.3922696,0.16720253,0.26272845,0.3922696,0.072914466,0.10488495
166934,4,4,True,0.25806317,0.19671053,0.16211753,0.24185582,0.25806317,0.141253
11009,3,2,False,0.28777817,0.14751415,0.28777817,0.17966543,0.23910567,0.14593658
37178,4,4,True,0.3233279,0.15034837,0.18255818,0.26063028,0.3233279,0.08313523
188038,3,3,True,0.44691768,0.13917299,0.11034664,0.44691768,0.2388118,0.06475088
233974,3,3,True,0.3169581,0.19807951,0.22377184,0.3169581,0.18100485,0.08018567
86472,4,4,True,0.44901276,0.13571224,0.065895595,0.07396119,0.44901276,0.27541822
82808,4,3,False,0.3718505,0.1523914,0.27044004,0.3718505,0.118418165,0.08689982
495551,3,4,False,0.42051643,0.1140137,0.13396616,0.14740312,0.42051643,0.18410054
354273,4,4,True,0.4640712,0.11772162,0.087219685,0.04551277,0.4640712,0.28547466
120455,3,4,False,0.22889765,0.20567308,0.19582143,0.19705361,0.22889765,0.17255427
156765,3,5,False,0.31388682,0.13389525,0.18230362,0.102767244,0.26714706,0.31388682
61249,3,3,True,0.31608164,0.15329124,0.123463064,0.31608164,0.28378755,0.12337649
7547,4,3,False,0.29398155,0.18794057,0.16299942,0.29398155,0.2509085,0.10417001
17898,4,3,False,0.31795886,0.1918325,0.26252124,0.31795886,0.09846188,0.12922549
241477,4,5,False,0.28078085,0.15589187,0.15298556,0.13218184,0.2781599,0.28078085
5677,3,3,True,0.41929853,0.16124086,0.097595125,0.41929853,0.20505276,0.1168127
101731,5,2,False,0.2264286,0.20638968,0.2264286,0.1732062,0.1879601,0.20601542
150364,3,4,False,0.319939,0.19022882,0.21491593,0.18014911,0.319939,0.094767146
69817,4,4,True,0.39797533,0.16865957,0.13818203,0.117737286,0.39797533,0.17744577
382998,2,4,False,0.44669595,0.19426546,0.08412482,0.12405712,0.44669595,0.15085663
254386,3,3,True,0.23753838,0.18711556,0.21325651,0.23753838,0.19967496,0.16241455
339935,5,3,False,0.286174,0.1625447,0.17025477,0.286174,0.20529492,0.17573161
102100,4,3,False,0.33508345,0.13958335,0.25231922,0.33508345,0.15289587,0.120118126
33542,2,3,False,0.43462503,0.15582506,0.23416317,0.43462503,0.06902757,0.10635915
183625,4,3,False,0.29309776,0.20114623,0.21068433,0.29309776,0.20644829,0.088623434
26926,4,2,False,0.2501005,0.15293664,0.2501005,0.17672858,0.23475145,0.18548287
40447,4,4,True,0.5428474,0.11926495,0.10651609,0.08871973,0.5428474,0.14265178
108870,4,4,True,0.36866644,0.13156176,0.10298252,0.09195191,0.36866644,0.3048374
386609,4,4,True,0.29231632,0.20895965,0.12466973,0.21186972,0.29231632,0.16218458
55936,5,5,True,0.32036713,0.17778085,0.12632404,0.08397836,0.29154962,0.32036713
50658,3,3,True,0.25692415,0.14959954,0.16398074,0.25692415,0.21542732,0.21406826
5803,3,3,True,0.5157769,0.13398296,0.17397423,0.5157769,0.08754551,0.088720456
179264,4,4,True,0.41090712,0.16004278,0.058397766,0.24910754,0.41090712,0.12154482
137760,3,3,True,0.42059714,0.16168723,0.19194536,0.42059714,0.12083585,0.10493437
29493,4,4,True,0.35550997,0.1715937,0.17473912,0.15289405,0.35550997,0.14526317
343867,4,4,True,0.3126861,0.19144051,0.13705854,0.13096915,0.3126861,0.22784568
265677,3,4,False,0.22756447,0.21990404,0.15220648,0.18444909,0.22756447,0.2158759
76549,3,3,True,0.37515962,0.22965835,0.19022608,0.37515962,0.07755017,0.12740576
28250,3,3,True,0.39361224,0.17321165,0.24833147,0.39361224,0.07370294,0.11114168
124921,4,3,False,0.29554138,0.17397399,0.195557,0.29554138,0.22907484,0.1058528
47296,2,4,False,0.3965913,0.15539719,0.14984788,0.06979835,0.3965913,0.22836529
77026,4,3,False,0.4326888,0.16819069,0.23630922,0.4326888,0.060278814,0.10253246
28616,4,5,False,0.31857806,0.20156972,0.17367768,0.13122912,0.17494538,0.31857806
148813,2,3,False,0.40742368,0.16571851,0.17812131,0.40742368,0.14880419,0.09993234
33564,4,4,True,0.4102118,0.15096813,0.15046537,0.15165421,0.4102118,0.13670048
95820,3,4,False,0.38462394,0.15961014,0.087598115,0.21533844,0.38462394,0.1528293
134854,4,3,False,0.30969793,0.17634588,0.2217752,0.30969793,0.18980777,0.10237323
11872,3,4,False,0.28074363,0.17625315,0.15514025,0.27163687,0.28074363,0.11622611
6023,4,4,True,0.40065604,0.15590051,0.13040572,0.19249664,0.40065604,0.12054114
25642,5,4,False,0.2836892,0.1998366,0.12136061,0.1842389,0.2836892,0.2108747
50266,2,3,False,0.3080617,0.16572006,0.23948815,0.3080617,0.1931539,0.0935762
200960,4,3,False,0.27604857,0.18905592,0.19330713,0.27604857,0.2512465,0.09034188
213691,4,2,False,0.31647223,0.17685218,0.31647223,0.30346417,0.08861177,0.11459965
152707,3,3,True,0.2986716,0.16535398,0.17950802,0.2986716,0.23306507,0.12340125
490712,4,4,True,0.5633344,0.13913693,0.10224063,0.043091733,0.5633344,0.15219635
30942,4,3,False,0.2900328,0.1764265,0.2225049,0.2900328,0.21550672,0.09552907
95774,4,4,True,0.34030604,0.13127388,0.11771603,0.12498167,0.34030604,0.28572237
141376,4,4,True,0.38942692,0.12185458,0.12675051,0.23961508,0.38942692,0.12235292
146640,5,5,True,0.3728717,0.16088024,0.082155295,0.04806689,0.33602583,0.3728717
19154,4,4,True,0.3162789,0.17206518,0.21263078,0.17782211,0.3162789,0.12120303
270130,4,4,True,0.36197063,0.11192611,0.12123241,0.18821387,0.36197063,0.21665697
19217,4,3,False,0.32218924,0.16617787,0.26860058,0.32218924,0.16541019,0.07762207
114135,2,3,False,0.32836643,0.18118267,0.2949771,0.32836643,0.09696965,0.09850416
137583,4,4,True,0.36298874,0.15182456,0.11545923,0.08814712,0.36298874,0.28158036
61718,5,5,True,0.2279203,0.17076617,0.22113894,0.18828769,0.19188692,0.2279203
352681,4,3,False,0.371491,0.12156302,0.1483476,0.371491,0.19314796,0.1654504
78854,4,3,False,0.39759898,0.15822203,0.21660233,0.39759898,0.11650261,0.11107402
86414,4,5,False,0.32616648,0.16620967,0.09203814,0.09730504,0.31828067,0.32616648
408419,3,4,False,0.48832914,0.11719296,0.11373139,0.17399344,0.48832914,0.106753126
102378,4,4,True,0.34294003,0.17280477,0.091207236,0.21655485,0.34294003,0.17649312
38271,4,5,False,0.25652134,0.20602961,0.092912704,0.22040203,0.22413427,0.25652134
113090,4,3,False,0.39348584,0.14110868,0.25741914,0.39348584,0.09819919,0.10978716
156701,4,4,True,0.2779148,0.13529992,0.26094908,0.120515995,0.2779148,0.20532018
270367,4,4,True,0.48833647,0.1256181,0.10512218,0.13834243,0.48833647,0.1425808
144613,4,4,True,0.37921703,0.14189354,0.07803413,0.069420554,0.37921703,0.33143476
154692,4,4,True,0.41413003,0.17496267,0.13944383,0.15497932,0.41413003,0.11648418
265290,3,4,False,0.48838523,0.1280635,0.088231355,0.22441195,0.48838523,0.07090795
60781,3,4,False,0.40221882,0.17103349,0.15351352,0.16818304,0.40221882,0.105051145
28977,4,2,False,0.2344499,0.20253183,0.2344499,0.19407113,0.22260137,0.14634582
72877,4,5,False,0.35876074,0.1377946,0.12061876,0.14522979,0.23759615,0.35876074
335951,4,4,True,0.39387667,0.16286151,0.11183801,0.19054155,0.39387667,0.14088222
138453,3,5,False,0.2771756,0.18609333,0.19956277,0.20457102,0.13259724,0.2771756
6973,3,3,True,0.36127028,0.13811448,0.22192694,0.36127028,0.15009733,0.12859099
44702,4,5,False,0.29949608,0.18340169,0.13390788,0.18483806,0.1983562,0.29949608
69,4,3,False,0.43869692,0.16393924,0.16091427,0.43869692,0.14462276,0.09182675
92363,4,4,True,0.29969302,0.2200236,0.13046598,0.15057567,0.29969302,0.19924173
27054,4,3,False,0.3979403,0.1647737,0.15253875,0.3979403,0.15310688,0.13164039
105591,4,4,True,0.3136233,0.13578886,0.17226078,0.22496252,0.3136233,0.15336455
379865,4,3,False,0.32859245,0.149234,0.14004155,0.32859245,0.2466946,0.13543743
239671,5,4,False,0.4665432,0.13187814,0.117358975,0.121197976,0.4665432,0.16302176
107274,4,3,False,0.47207183,0.13179515,0.16919047,0.47207183,0.1591922,0.06775033
86430,3,4,False,0.35190746,0.15865786,0.108227655,0.10756166,0.35190746,0.2736453
4281,3,4,False,0.31374133,0.15744744,0.18388046,0.13606668,0.31374133,0.20886408
348887,3,3,True,0.3334413,0.16955046,0.11385036,0.3334413,0.18417215,0.19898573
50181,3,3,True,0.3415836,0.13814957,0.20862378,0.3415836,0.20291021,0.10873279
78003,4,3,False,0.4347668,0.12186652,0.18969472,0.4347668,0.139228,0.11444392
187340,4,3,False,0.50883394,0.17187443,0.13402757,0.50883394,0.092201814,0.093062274
165746,4,4,True,0.35341638,0.16204906,0.16350888,0.21862364,0.35341638,0.102402
406243,3,1,False,0.22201985,0.22201985,0.17453966,0.21605101,0.20332089,0.18406856
153857,4,5,False,0.30976054,0.16977957,0.18123174,0.09868745,0.2405407,0.30976054
366413,3,4,False,0.6947191,0.08537639,0.050731476,0.09491438,0.6947191,0.07425865
387760,4,4,True,0.3354383,0.18303253,0.13310343,0.14961506,0.3354383,0.19881062
374510,4,4,True,0.5167959,0.1259208,0.07070798,0.04549693,0.5167959,0.24107845
156723,4,2,False,0.27354702,0.1574289,0.27354702,0.12929216,0.16632193,0.27340996
128010,3,3,True,0.589468,0.11173894,0.20732628,0.589468,0.0400641,0.051402714
188825,4,3,False,0.46849096,0.12929246,0.18637027,0.46849096,0.1443323,0.071513996
335281,3,4,False,0.6181154,0.0939908,0.06973632,0.13289522,0.6181154,0.085262254
140680,4,4,True,0.36452436,0.15056218,0.11846359,0.09738501,0.36452436,0.26906493
381487,3,5,False,0.25250345,0.20405123,0.21859361,0.13764408,0.18720762,0.25250345
29193,4,4,True,0.2768514,0.20965463,0.12500061,0.2402569,0.2768514,0.14823644
159998,3,3,True,0.5611781,0.13570964,0.13995832,0.5611781,0.07570279,0.08745117
214548,3,4,False,0.35194933,0.13089588,0.15614492,0.23177204,0.35194933,0.12923782
423344,4,4,True,0.47716075,0.14270844,0.08331141,0.18302114,0.47716075,0.113798276
399506,4,4,True,0.27188817,0.15232484,0.21857113,0.15028207,0.27188817,0.2069338
190582,3,4,False,0.2604676,0.18890157,0.16977517,0.25657305,0.2604676,0.12428262
47029,2,3,False,0.44076195,0.14480115,0.2628376,0.44076195,0.064029194,0.08757006
152977,4,3,False,0.31776825,0.16486168,0.18775113,0.31776825,0.22169666,0.10792226
379260,4,4,True,0.6732246,0.11492863,0.05796928,0.06792133,0.6732246,0.08595611
186316,4,4,True,0.4547151,0.13317533,0.108945556,0.19992223,0.4547151,0.1032418
72341,4,3,False,0.2960028,0.13866702,0.1936974,0.2960028,0.26330325,0.10832949
165034,3,2,False,0.28139207,0.17868246,0.28139207,0.2698282,0.16589625,0.10420104
57735,3,3,True,0.5697256,0.13379587,0.1869426,0.5697256,0.046663877,0.06287205
166134,3,4,False,0.3806254,0.17413928,0.13587098,0.20219497,0.3806254,0.10716932
74514,4,3,False,0.4420668,0.14890076,0.09273608,0.4420668,0.206172,0.11012437
50124,3,4,False,0.32426238,0.17128073,0.09648422,0.26867256,0.32426238,0.13930005
137977,2,3,False,0.52894515,0.13572638,0.1931474,0.52894515,0.07073591,0.071445175
78795,3,3,True,0.35582757,0.12925503,0.18026936,0.35582757,0.23225324,0.10239475
153588,4,4,True,0.39664456,0.1468613,0.08443818,0.04643287,0.39664456,0.32562307
55246,4,4,True,0.25998893,0.15307948,0.22249347,0.2542986,0.25998893,0.110139556
147921,4,3,False,0.31566477,0.14582628,0.19482526,0.31566477,0.1980419,0.14564185
1202,3,3,True,0.4685714,0.16973133,0.24671306,0.4685714,0.03403599,0.0809482
326102,3,4,False,0.33623675,0.14055537,0.0917805,0.24617596,0.33623675,0.1852514
366177,4,3,False,0.26731166,0.2112608,0.19520415,0.26731166,0.2266065,0.0996169
27062,2,3,False,0.3263652,0.14742793,0.14073423,0.3263652,0.26774523,0.11772741
112463,3,4,False,0.31543306,0.20185994,0.086648256,0.12512624,0.31543306,0.27093253
3842,2,3,False,0.3756701,0.17136568,0.17094733,0.3756701,0.14626348,0.13575345
31782,1,3,False,0.29384038,0.2045683,0.14540008,0.29384038,0.15982905,0.19636218
126762,4,3,False,0.36108884,0.13611494,0.14222254,0.36108884,0.2628708,0.09770291
148933,4,4,True,0.4619657,0.17324851,0.10301821,0.071572885,0.4619657,0.1901947
147958,3,3,True,0.48024195,0.13476945,0.24120058,0.48024195,0.046620835,0.097167164
386106,3,4,False,0.26498637,0.22415057,0.10776382,0.24760735,0.26498637,0.15549189
153096,2,4,False,0.37282723,0.14105427,0.11954823,0.15824206,0.37282723,0.2083282
155361,3,3,True,0.3328522,0.14895621,0.15161197,0.3328522,0.22687306,0.1397065
432206,4,4,True,0.35677812,0.18822666,0.10832056,0.24920876,0.35677812,0.09746591
9224,3,3,True,0.5220855,0.11746651,0.20288378,0.5220855,0.09785208,0.05971211
155925,4,3,False,0.3626741,0.13966143,0.19980428,0.3626741,0.20270187,0.095158264
57509,4,3,False,0.36987516,0.16001539,0.14890924,0.36987516,0.19663203,0.12456818
105945,3,4,False,0.24687572,0.15499805,0.22152616,0.2112249,0.24687572,0.16537507
123293,4,4,True,0.5786764,0.115140155,0.069994174,0.061138388,0.5786764,0.17505096
40618,4,3,False,0.39947438,0.17650558,0.22606704,0.39947438,0.048234165,0.14971888
74543,4,3,False,0.43705377,0.12669714,0.18296976,0.43705377,0.13058315,0.122696206
239751,3,4,False,0.34180725,0.14388266,0.119832754,0.24589336,0.34180725,0.14858402
252424,4,2,False,0.3197614,0.17114396,0.3197614,0.22404732,0.09221321,0.19283412
368084,4,4,True,0.4910286,0.12813014,0.06255009,0.19560865,0.4910286,0.12268248
316041,4,5,False,0.4427336,0.15161294,0.14356253,0.048641954,0.21344908,0.4427336
355248,4,5,False,0.38859007,0.15815687,0.1316512,0.115806736,0.20579511,0.38859007
78877,4,3,False,0.47033864,0.13259043,0.23444527,0.47033864,0.052899297,0.109726325
372939,4,5,False,0.3154845,0.15111819,0.11640838,0.1496876,0.26730132,0.3154845
169933,4,3,False,0.4525587,0.12732121,0.14600168,0.4525587,0.20330013,0.07081825
117606,3,3,True,0.35906297,0.16613409,0.09761039,0.35906297,0.23685622,0.14033629
76600,3,3,True,0.31895164,0.16276829,0.27934092,0.31895164,0.06014172,0.17879736
255812,5,3,False,0.26643783,0.14356573,0.23421693,0.26643783,0.21996713,0.13581243
467337,4,4,True,0.29105362,0.17157719,0.22638404,0.12908599,0.29105362,0.1818992
170857,3,4,False,0.40388596,0.15673071,0.08100356,0.16853717,0.40388596,0.18984266
44354,4,3,False,0.3267895,0.16201524,0.17166008,0.3267895,0.15400997,0.18552522
428249,3,4,False,0.34874073,0.16676083,0.18548247,0.16599472,0.34874073,0.13302132
67306,3,3,True,0.28421295,0.1945086,0.20534053,0.28421295,0.10882253,0.20711541
29476,4,4,True,0.3318816,0.18339491,0.17695966,0.14425214,0.3318816,0.16351171
236598,5,4,False,0.36234415,0.13879849,0.14872147,0.0907359,0.36234415,0.25940004
71081,3,3,True,0.4837221,0.12933497,0.1009477,0.4837221,0.16614914,0.11984607
400597,4,4,True,0.4650584,0.14284813,0.11002004,0.15896943,0.4650584,0.123104006
39519,5,4,False,0.3426826,0.1591067,0.10685686,0.17095663,0.3426826,0.22039723
89441,5,4,False,0.39494544,0.110558465,0.08699865,0.27613077,0.39494544,0.13136663
387698,4,3,False,0.32568303,0.14588849,0.107192345,0.32568303,0.25362536,0.16761078
38962,4,4,True,0.27481002,0.15287672,0.22880295,0.23552062,0.27481002,0.10798969
102407,5,4,False,0.41753188,0.15152465,0.09521611,0.17366138,0.41753188,0.16206595
39197,4,5,False,0.4649508,0.16954707,0.13947813,0.13929881,0.08672511,0.4649508
60687,3,3,True,0.5155478,0.09340791,0.22855793,0.5155478,0.10420977,0.058276627
92392,4,4,True,0.42123225,0.17394164,0.102709465,0.13613495,0.42123225,0.16598171
40320,4,4,True,0.478893,0.13520437,0.07852814,0.06061912,0.478893,0.24675535
252374,4,2,False,0.2955437,0.16237113,0.2955437,0.26333132,0.069097266,0.2096566
26937,5,2,False,0.23930517,0.15144712,0.23930517,0.21644396,0.2056053,0.18719846
62947,3,5,False,0.2590443,0.1681917,0.18643264,0.21889077,0.16744062,0.2590443
27059,3,3,True,0.3008467,0.17405148,0.12773968,0.3008467,0.25139236,0.14596976
153973,4,4,True,0.37061858,0.15813936,0.11241454,0.074672975,0.37061858,0.28415444
354510,3,4,False,0.37117574,0.15131204,0.0945214,0.11043526,0.37117574,0.27255556
11666,4,2,False,0.28452185,0.19032584,0.28452185,0.18587323,0.08379244,0.2554866
199873,4,4,True,0.477751,0.15724151,0.11573097,0.085577555,0.477751,0.16369899
200407,4,3,False,0.21294554,0.2079011,0.19593069,0.21294554,0.21137495,0.1718477
148512,4,5,False,0.54558,0.15591097,0.11570643,0.047388364,0.13541421,0.54558
23741,4,3,False,0.44868132,0.13676535,0.13727567,0.44868132,0.21110013,0.066177554
113288,3,3,True,0.35000542,0.18558627,0.25890788,0.35000542,0.08973129,0.115769066
24643,2,4,False,0.3168892,0.12248489,0.12574063,0.26248914,0.3168892,0.17239612
23417,3,3,True,0.4307263,0.124529116,0.18856098,0.4307263,0.16645673,0.08972691
333410,4,3,False,0.27536115,0.19947726,0.1847524,0.27536115,0.19028114,0.15012802
46153,5,4,False,0.5368362,0.11870519,0.08095882,0.05937318,0.5368362,0.20412663
253100,3,4,False,0.3041551,0.19356549,0.23702465,0.11458319,0.3041551,0.15067154
130709,4,3,False,0.27288017,0.14366381,0.23700494,0.27288017,0.17515206,0.17129901
275367,4,3,False,0.33191812,0.14705744,0.24725091,0.33191812,0.17637539,0.09739813
18335,3,5,False,0.2963701,0.20269318,0.12741834,0.22065854,0.15285987,0.2963701
20536,4,4,True,0.47008508,0.15034018,0.12757663,0.11676293,0.47008508,0.13523519
29471,4,4,True,0.38198996,0.18307891,0.1568698,0.13598254,0.38198996,0.1420788
208848,2,3,False,0.39820325,0.14650722,0.11702949,0.39820325,0.13347702,0.20478307
40028,4,3,False,0.31552294,0.19996016,0.17401512,0.31552294,0.15839034,0.15211137
354421,4,4,True,0.4212785,0.12231329,0.07516999,0.06705527,0.4212785,0.31418297
16625,4,3,False,0.4379618,0.1361844,0.2305619,0.4379618,0.12272738,0.0725645
268870,4,3,False,0.49543345,0.10978035,0.18229824,0.49543345,0.11582194,0.096666045
374706,4,3,False,0.26471677,0.18369062,0.1569432,0.26471677,0.15935732,0.2352921
59765,4,3,False,0.42244616,0.12594654,0.26583365,0.42244616,0.113651596,0.07212211
114368,3,3,True,0.29767925,0.2087045,0.28889,0.29767925,0.097223945,0.10750231
38381,4,4,True,0.33559227,0.1606557,0.12983796,0.2555581,0.33559227,0.118356034
402022,4,4,True,0.47174498,0.10198117,0.07751191,0.14008479,0.47174498,0.20867716
62591,3,3,True,0.4817471,0.13733187,0.18732393,0.4817471,0.09060082,0.10299634
489483,4,4,True,0.46185338,0.12716465,0.1706539,0.12252112,0.46185338,0.1178069
102553,3,3,True,0.3612432,0.17378923,0.20286232,0.3612432,0.14547746,0.1166278
8190,4,3,False,0.36676818,0.16140395,0.15583374,0.36676818,0.19503865,0.12095549
358288,4,4,True,0.519134,0.12985703,0.071438,0.048618108,0.519134,0.23095292
267004,4,4,True,0.6131495,0.12876174,0.052701186,0.071520045,0.6131495,0.13386749
137540,4,4,True,0.46303308,0.14178137,0.10209163,0.066039,0.46303308,0.22705492
68688,4,3,False,0.38395897,0.17582922,0.10428368,0.38395897,0.21068484,0.12524325
249723,4,4,True,0.35149953,0.18441285,0.15843613,0.14260897,0.35149953,0.16304247
383368,3,1,False,0.24102004,0.24102004,0.18595348,0.2094233,0.21709515,0.14650808
111091,3,3,True,0.44472662,0.11683143,0.16779867,0.44472662,0.15754312,0.11310012
56384,3,3,True,0.39386407,0.13847406,0.27685717,0.39386407,0.09283946,0.09796519
39066,3,3,True,0.3103706,0.22013174,0.21712127,0.3103706,0.13522297,0.11715341
332846,4,4,True,0.25471428,0.21544814,0.16439179,0.15080091,0.25471428,0.21464483
390313,2,3,False,0.41143265,0.1869288,0.2363186,0.41143265,0.04678657,0.11853338
56938,4,3,False,0.4506884,0.14642496,0.13212809,0.4506884,0.16960895,0.10114958
124829,3,3,True,0.29843822,0.13847417,0.14968532,0.29843822,0.22774285,0.1856594
474943,5,4,False,0.4800419,0.11494414,0.08145201,0.10779364,0.4800419,0.21576834
50286,3,3,True,0.3642155,0.11992073,0.24068344,0.3642155,0.18611842,0.08906192
223495,3,3,True,0.37081262,0.16047159,0.23535922,0.37081262,0.16176698,0.07158951
26665,5,4,False,0.38105413,0.14964123,0.10919612,0.119608805,0.38105413,0.2404997
61562,4,4,True,0.46258178,0.14102392,0.08616529,0.07744717,0.46258178,0.23278186
370994,4,5,False,0.3016098,0.19407673,0.18536904,0.17767116,0.14127319,0.3016098
30203,2,3,False,0.5244819,0.11759876,0.26984844,0.5244819,0.026348874,0.061722
208919,4,4,True,0.29570106,0.15419446,0.15188318,0.20851701,0.29570106,0.18970428
153039,4,3,False,0.5512119,0.12893453,0.15177156,0.5512119,0.09541524,0.07266682
107422,4,4,True,0.31344944,0.1937306,0.18015404,0.1813453,0.31344944,0.13132066
244968,4,4,True,0.33600914,0.17641707,0.12372695,0.22945434,0.33600914,0.13439247
353036,3,3,True,0.3995158,0.16998677,0.1891381,0.3995158,0.13004,0.11131935
137535,5,4,False,0.3525475,0.14726672,0.13578072,0.11079627,0.3525475,0.25360882
86451,1,4,False,0.41934687,0.1468048,0.07391315,0.095167324,0.41934687,0.26476783
146197,4,4,True,0.34942213,0.16492572,0.07850283,0.30615088,0.34942213,0.100998424
115417,4,3,False,0.37517592,0.15577596,0.3008574,0.37517592,0.09863241,0.06955827
223420,4,4,True,0.53754765,0.15357248,0.0961358,0.11659091,0.53754765,0.0961532
26906,4,4,True,0.34894186,0.10694133,0.10947637,0.3337244,0.34894186,0.10091603
37285,3,4,False,0.27483767,0.14258492,0.17945483,0.15450871,0.27483767,0.24861386
113272,2,3,False,0.33096752,0.1759276,0.24719469,0.33096752,0.10257242,0.1433378
137908,4,4,True,0.3345633,0.11916226,0.15063225,0.25104016,0.3345633,0.14460206
148426,5,5,True,0.54518986,0.16397777,0.11255112,0.061530575,0.11675064,0.54518986
74479,3,3,True,0.33730412,0.13296956,0.24784622,0.33730412,0.19585043,0.08602967
24589,3,3,True,0.31362382,0.12931271,0.27095222,0.31362382,0.119310774,0.16680048
28983,3,2,False,0.23259398,0.19414794,0.23259398,0.1759604,0.1880921,0.20920558
156673,4,4,True,0.43034586,0.12512837,0.15691958,0.18718502,0.43034586,0.10042121
35554,4,3,False,0.38769335,0.1406574,0.24130052,0.38769335,0.14660832,0.08374031
34140,4,3,False,0.3992774,0.14428441,0.17655537,0.3992774,0.14222708,0.13765574
156510,3,3,True,0.5101887,0.16204883,0.19828728,0.5101887,0.04701894,0.08245623
52290,4,3,False,0.37899908,0.16565762,0.21158664,0.37899908,0.10113153,0.14262514
7542,3,3,True,0.499264,0.10863128,0.27595028,0.499264,0.04619668,0.06995768
104389,2,4,False,0.36638382,0.15460192,0.15312046,0.20954327,0.36638382,0.11635053
252393,4,2,False,0.31003046,0.18211247,0.31003046,0.17770173,0.15198699,0.1781684
174879,3,3,True,0.32144168,0.1569471,0.18271695,0.32144168,0.22428937,0.11460493
157580,3,3,True,0.28424105,0.18482526,0.1466192,0.28424105,0.25519466,0.12911987
354794,4,4,True,0.34442672,0.12966952,0.09139001,0.09025331,0.34442672,0.34426045
168443,3,3,True,0.40084982,0.1555133,0.22587115,0.40084982,0.056365002,0.16140078
5823,4,3,False,0.36922345,0.15048921,0.27991462,0.36922345,0.103156224,0.09721649
73723,4,4,True,0.37055343,0.12478174,0.08637892,0.34714606,0.37055343,0.07113991
157596,4,4,True,0.38202283,0.1445307,0.13844848,0.23011567,0.38202283,0.10488233
130872,3,4,False,0.5538791,0.1197395,0.079733364,0.16352119,0.5538791,0.08312682
137596,4,4,True,0.36264166,0.14430681,0.11788564,0.11359168,0.36264166,0.26157424
86737,4,3,False,0.55041575,0.12702407,0.17187369,0.55041575,0.092574015,0.058112416
51703,3,3,True,0.2880071,0.16789743,0.16232929,0.2880071,0.26715988,0.11460625
168484,4,4,True,0.26394567,0.16315593,0.1710326,0.2636605,0.26394567,0.13820532
111124,3,3,True,0.39804557,0.14998138,0.11730252,0.39804557,0.17062342,0.16404709
18172,3,3,True,0.40266937,0.13607904,0.14205106,0.40266937,0.21598864,0.10321194
10774,3,3,True,0.22693263,0.17255601,0.19749488,0.22693263,0.21710894,0.1859075
240779,4,2,False,0.24721837,0.14331952,0.24721837,0.22415487,0.24333139,0.14197582
465759,4,3,False,0.33248618,0.1218544,0.19746453,0.33248618,0.25250116,0.09569373
25298,2,3,False,0.6024386,0.118168674,0.15250374,0.6024386,0.090529084,0.036359876
357476,4,4,True,0.4875521,0.11493382,0.07426919,0.05305039,0.4875521,0.27019447
343613,3,3,True,0.45763472,0.14115082,0.23313855,0.45763472,0.07154163,0.09653432
264611,5,5,True,0.3377744,0.17870727,0.085638314,0.09341346,0.3044666,0.3377744
24818,4,5,False,0.27606878,0.21792991,0.13821451,0.14799415,0.21979266,0.27606878
133674,2,3,False,0.33196,0.19172494,0.20641336,0.33196,0.19954218,0.070359506
10549,3,3,True,0.4225657,0.17880526,0.1487097,0.4225657,0.108694345,0.14122497
18966,4,3,False,0.38422033,0.14810807,0.10995682,0.38422033,0.23481752,0.12289728
188886,4,4,True,0.35828987,0.1501639,0.13141832,0.24785718,0.35828987,0.11227063
156741,2,4,False,0.34132802,0.13124716,0.22282842,0.08633017,0.34132802,0.21826623
359816,5,5,True,0.43911606,0.14606495,0.10040863,0.059357014,0.2550533,0.43911606
135703,3,4,False,0.3183156,0.13416876,0.13242866,0.19594315,0.3183156,0.21914381
122789,3,3,True,0.35755166,0.13102195,0.112157576,0.35755166,0.28587472,0.11339414
142757,4,5,False,0.4435146,0.12562452,0.064725205,0.030420437,0.33571526,0.4435146
142682,4,5,False,0.48375407,0.14044425,0.058918778,0.040470753,0.2764122,0.48375407
53570,3,2,False,0.3535225,0.13844618,0.3535225,0.2877547,0.11957906,0.10069752
179672,4,3,False,0.24252991,0.2323118,0.17498645,0.24252991,0.19471444,0.15545739
173939,4,4,True,0.29648104,0.13515925,0.16744415,0.2698764,0.29648104,0.13103914
484620,4,4,True,0.29939124,0.19393021,0.17757955,0.18232054,0.29939124,0.14677848
164592,4,4,True,0.3397796,0.1465294,0.105313435,0.21808386,0.3397796,0.19029371
160911,5,4,False,0.2751939,0.1877988,0.13691837,0.26798537,0.2751939,0.13210353
57995,4,2,False,0.34454596,0.19230784,0.34454596,0.2495269,0.107120425,0.10649893
404368,4,4,True,0.3293973,0.13479364,0.119219385,0.2639066,0.3293973,0.15268311
64818,4,5,False,0.26099554,0.18458454,0.14401202,0.20413104,0.20627692,0.26099554
147692,2,3,False,0.39006594,0.12990364,0.17342965,0.39006594,0.1828245,0.12377623
152370,4,3,False,0.36350235,0.1622058,0.13674213,0.36350235,0.2303583,0.10719136
85949,3,4,False,0.63450015,0.091686964,0.056952946,0.13689835,0.63450015,0.07996158
337102,1,3,False,0.32792348,0.17171235,0.25131485,0.32792348,0.14388406,0.10516528
184416,4,3,False,0.29404077,0.21073495,0.18700829,0.29404077,0.19618359,0.112032406
150958,3,4,False,0.37827653,0.15574424,0.14174707,0.17277543,0.37827653,0.15145673
58069,4,4,True,0.37964848,0.18824647,0.13550179,0.11032003,0.37964848,0.1862832
62148,4,3,False,0.36874676,0.15489869,0.18023282,0.36874676,0.21273099,0.08339071
236579,4,4,True,0.4218598,0.111099124,0.13578951,0.13499469,0.4218598,0.19625694
98548,3,4,False,0.30922988,0.18531097,0.17768314,0.24735123,0.30922988,0.08042478
61730,4,4,True,0.2920224,0.17471121,0.15108146,0.1512231,0.2920224,0.2309618
84387,4,4,True,0.24679595,0.14973712,0.21764381,0.24357277,0.24679595,0.14225043
239586,4,4,True,0.37389788,0.18562295,0.111220434,0.24567893,0.37389788,0.08357985
139824,3,4,False,0.33631966,0.15624313,0.14852317,0.20883682,0.33631966,0.15007722
89675,4,3,False,0.55600923,0.14334531,0.1272889,0.55600923,0.0999132,0.073443286
262976,4,4,True,0.3976945,0.15471469,0.14302301,0.1586985,0.3976945,0.14586931
92371,3,4,False,0.41166925,0.19674952,0.10390744,0.13953304,0.41166925,0.14814076
40032,4,3,False,0.2722427,0.18287943,0.18995416,0.2722427,0.18810229,0.1668214
188172,3,3,True,0.48741868,0.14300084,0.13676609,0.48741868,0.13505149,0.097762965
204641,4,3,False,0.3793883,0.17892022,0.22943528,0.3793883,0.05453533,0.1577209
76560,3,3,True,0.40058675,0.15217648,0.13392895,0.40058675,0.20499729,0.10831053
99796,4,4,True,0.50051665,0.14782166,0.13764712,0.105281524,0.50051665,0.10873306
144076,3,3,True,0.40773237,0.13466552,0.15689842,0.40773237,0.1998892,0.10081452
164175,4,3,False,0.50676656,0.12684351,0.17440556,0.50676656,0.1045026,0.08748179
84391,4,3,False,0.3237386,0.15198882,0.20961086,0.3237386,0.23074171,0.08392001
173756,5,5,True,0.4649591,0.16620114,0.19153838,0.06872363,0.10857771,0.4649591
59304,4,3,False,0.24769902,0.1999922,0.20751025,0.24769902,0.22422197,0.12057653
12911,4,4,True,0.3918239,0.145215,0.14377566,0.14671472,0.3918239,0.17247067
154410,4,4,True,0.4006557,0.18754551,0.10338752,0.15157923,0.4006557,0.1568321
98150,4,3,False,0.38788334,0.17240904,0.12065175,0.38788334,0.17096637,0.14808948
124276,5,4,False,0.5278077,0.123218164,0.09532955,0.09503561,0.5278077,0.15860894
244012,4,3,False,0.4843796,0.13518584,0.22737251,0.4843796,0.07686454,0.076197535
58406,4,3,False,0.42614022,0.11995964,0.22754262,0.42614022,0.12202468,0.1043328
348309,3,4,False,0.3532077,0.1805631,0.11546386,0.24673072,0.3532077,0.10403465
355102,5,5,True,0.4028455,0.16256031,0.11955045,0.0837859,0.23125793,0.4028455
63806,3,3,True,0.38004223,0.1528916,0.20071378,0.38004223,0.18940783,0.076944575
108776,4,4,True,0.32552582,0.13622744,0.11025868,0.30419987,0.32552582,0.12378819
100457,3,3,True,0.40011042,0.1671555,0.24519983,0.40011042,0.064491116,0.12304309
14998,4,3,False,0.4856759,0.1305948,0.22265573,0.4856759,0.0527994,0.10827414
151009,4,4,True,0.56581485,0.123845875,0.10147955,0.08530373,0.56581485,0.12355593
101851,3,3,True,0.576226,0.12975454,0.17475124,0.576226,0.052995857,0.06627237
93889,4,4,True,0.45951086,0.105023764,0.079938956,0.12280595,0.45951086,0.2327204
101233,2,3,False,0.33588898,0.16131993,0.2731691,0.33588898,0.112911984,0.11670999
142806,4,4,True,0.44974318,0.12413147,0.071080506,0.0444349,0.44974318,0.3106099
168123,4,3,False,0.3243158,0.1760483,0.23353301,0.3243158,0.14636062,0.119742304
372608,4,3,False,0.4132763,0.14456125,0.15429476,0.4132763,0.17347716,0.114390574
154730,4,3,False,0.39186916,0.14612077,0.13668168,0.39186916,0.2155062,0.109822184
10102,3,2,False,0.29570943,0.24091417,0.29570943,0.24300788,0.08664943,0.13371912
29361,4,4,True,0.30469278,0.22214417,0.13356104,0.16778189,0.30469278,0.17182012
97287,4,4,True,0.34585705,0.1689763,0.17278047,0.15408458,0.34585705,0.15830165
29705,3,3,True,0.28701004,0.18414824,0.15545993,0.28701004,0.16187952,0.21150227
55959,4,5,False,0.381059,0.18234876,0.1317896,0.048960775,0.2558419,0.381059
10477,3,3,True,0.45934743,0.15925291,0.16887766,0.45934743,0.10751979,0.105002165
113344,3,3,True,0.3984014,0.15732212,0.25959653,0.3984014,0.11570626,0.06897367
18057,1,3,False,0.3641654,0.13153516,0.3404414,0.3641654,0.03789484,0.1259632
1127,4,3,False,0.4424534,0.12903462,0.2959637,0.4424534,0.06569955,0.06684868
51105,4,3,False,0.32948947,0.14389163,0.107631676,0.32948947,0.27847424,0.14051296
6229,3,3,True,0.3163919,0.16827354,0.20560627,0.3163919,0.18833445,0.121393785
326986,3,3,True,0.3685144,0.124973536,0.08771159,0.3685144,0.31761023,0.10119028
186660,5,3,False,0.39857647,0.18429576,0.11571907,0.39857647,0.115965605,0.18544303
72577,4,4,True,0.55951405,0.12035427,0.099147044,0.12376699,0.55951405,0.09721767
165356,3,3,True,0.38570789,0.14082067,0.24079654,0.38570789,0.15230545,0.08036949
68722,4,3,False,0.29640493,0.19151376,0.1570936,0.29640493,0.22593886,0.12904893
93886,4,4,True,0.41975087,0.10856029,0.092483275,0.1448132,0.41975087,0.23439239
21412,3,3,True,0.29270333,0.19293775,0.18287462,0.29270333,0.17751256,0.15397173
10836,2,2,True,0.2973389,0.1391899,0.2973389,0.25013995,0.2105552,0.10277607
336370,4,4,True,0.366964,0.124981694,0.1322598,0.28457373,0.366964,0.09122073
177605,4,3,False,0.3429494,0.17453986,0.19858673,0.3429494,0.11912755,0.16479652
3004,4,3,False,0.27523527,0.19631772,0.14940074,0.27523527,0.17244028,0.20660597
77014,2,3,False,0.35889205,0.1264183,0.18635526,0.35889205,0.21339916,0.11493518
41862,4,3,False,0.32542327,0.17818846,0.15725586,0.32542327,0.14737403,0.19175835
336787,3,3,True,0.31942743,0.12381318,0.12826633,0.31942743,0.30440608,0.124086946
393911,4,4,True,0.4832105,0.1452071,0.098394305,0.14402865,0.4832105,0.12915942
104231,4,4,True,0.45749953,0.14636505,0.0788989,0.055488337,0.45749953,0.2617482
32867,4,4,True,0.4884782,0.1359239,0.115218654,0.13579494,0.4884782,0.12458433
44476,2,3,False,0.2744268,0.16077939,0.23272313,0.2744268,0.2448515,0.08721918
58998,2,2,True,0.32818246,0.18757169,0.32818246,0.2961778,0.09281436,0.0952537
214369,3,4,False,0.47941205,0.11043056,0.13960598,0.16518891,0.47941205,0.105362535
218869,4,4,True,0.35420874,0.17976877,0.13220331,0.21196076,0.35420874,0.12185834
222923,4,3,False,0.2656338,0.1642877,0.15264761,0.2656338,0.25704715,0.16038376
78762,3,2,False,0.41509342,0.16706695,0.41509342,0.25845614,0.07988937,0.07949402
420629,4,5,False,0.2422987,0.2031002,0.18348393,0.14672351,0.22439373,0.2422987
490230,4,4,True,0.45857048,0.120468184,0.14078155,0.13324948,0.45857048,0.14693029
417826,4,4,True,0.2906723,0.20134926,0.17118299,0.20982458,0.2906723,0.12697087
30877,3,3,True,0.31825274,0.1773314,0.2863919,0.31825274,0.12991945,0.088104516
41711,3,3,True,0.3612563,0.16035439,0.23209095,0.3612563,0.13710606,0.1091923
246937,4,5,False,0.41800612,0.13699627,0.08344983,0.07181067,0.28973708,0.41800612
165614,3,3,True,0.30279604,0.20353286,0.17525187,0.30279604,0.19288027,0.12553893
91404,3,2,False,0.3104561,0.13165332,0.3104561,0.105195545,0.26577675,0.18691832
147138,3,3,True,0.28700173,0.21220912,0.2749087,0.28700173,0.08341124,0.14246921
9661,3,4,False,0.26905087,0.18956932,0.14591633,0.24952686,0.26905087,0.14593664
4528,3,3,True,0.4121252,0.15965663,0.26485676,0.4121252,0.08347914,0.07988226
401817,4,4,True,0.5664227,0.1196502,0.09959649,0.036411747,0.5664227,0.17791885
275788,5,4,False,0.4732999,0.116168424,0.17603587,0.0802241,0.4732999,0.15427177
356505,4,5,False,0.36847824,0.13582365,0.10141218,0.0750275,0.31925842,0.36847824
196092,2,4,False,0.62593603,0.11233203,0.0883451,0.078552596,0.62593603,0.09483419
386607,4,4,True,0.33038998,0.19675367,0.12210595,0.16212648,0.33038998,0.18862393
261588,2,4,False,0.27086788,0.12905598,0.2180706,0.13465425,0.27086788,0.24735129
41762,3,3,True,0.27965564,0.17031801,0.2349404,0.27965564,0.16828986,0.14679606
188717,4,4,True,0.26678112,0.1627002,0.20370716,0.20354047,0.26678112,0.16327104
15928,4,3,False,0.41697243,0.17962614,0.21050628,0.41697243,0.11641537,0.07647981
34688,3,3,True,0.49051782,0.16167283,0.08690974,0.49051782,0.15129481,0.109604724
165048,4,3,False,0.50342506,0.13480754,0.101000704,0.50342506,0.15653574,0.10423098
389987,4,4,True,0.34684235,0.17462468,0.08811541,0.24860674,0.34684235,0.14181082
371385,4,3,False,0.28300187,0.16776621,0.2064874,0.28300187,0.1706501,0.17209442
28253,4,3,False,0.45758274,0.15394853,0.20754823,0.45758274,0.072358266,0.108562246
107135,4,4,True,0.39973333,0.16269757,0.17625755,0.15288457,0.39973333,0.10842698
105475,4,3,False,0.38899955,0.12722814,0.16974908,0.38899955,0.17433783,0.13968536
387785,5,4,False,0.36200696,0.17732684,0.11561826,0.16604334,0.36200696,0.17900455
137979,3,4,False,0.562427,0.13073774,0.08125452,0.08553385,0.562427,0.14004694
406667,3,4,False,0.42834246,0.13229245,0.09965006,0.19264953,0.42834246,0.14706549
108509,4,3,False,0.27845934,0.15908802,0.17061454,0.27845934,0.27779034,0.1140478
56171,3,4,False,0.4891928,0.14007,0.1077346,0.16799009,0.4891928,0.09501253
357589,4,4,True,0.48298627,0.10784483,0.08544971,0.060419466,0.48298627,0.26329964
146432,2,3,False,0.33341324,0.17450538,0.207155,0.33341324,0.13082016,0.15410616
86094,4,4,True,0.2765977,0.18847013,0.13487217,0.20664063,0.2765977,0.1934194
387225,4,3,False,0.30432698,0.16442108,0.14213128,0.30432698,0.2835198,0.1056008
200948,3,3,True,0.46253094,0.13910654,0.19264838,0.46253094,0.10654853,0.09916558
108908,3,3,True,0.37827653,0.1397106,0.212592,0.37827653,0.17682071,0.09260013
33306,3,3,True,0.38043952,0.15821303,0.20188186,0.38043952,0.16392331,0.09554233
275178,3,2,False,0.308581,0.17093481,0.308581,0.2993564,0.11999404,0.1011337
155132,4,3,False,0.45426464,0.14722547,0.19569312,0.45426464,0.099726245,0.10309057
105026,4,4,True,0.33357722,0.13024884,0.21610811,0.21007901,0.33357722,0.109986864
125272,4,3,False,0.50954485,0.13680167,0.15556516,0.50954485,0.09763149,0.10045686
382632,4,4,True,0.2826996,0.1821618,0.19354986,0.14497301,0.2826996,0.1966157
24126,4,5,False,0.24478513,0.18520196,0.20742536,0.1353886,0.22719891,0.24478513
218055,4,4,True,0.29349044,0.17969124,0.17423919,0.19936235,0.29349044,0.15321682
39318,4,3,False,0.3955677,0.16020536,0.10491422,0.3955677,0.2489047,0.090408064
158604,4,3,False,0.36862183,0.1699555,0.16237646,0.36862183,0.17364569,0.12540051
89660,2,2,True,0.44130072,0.15787455,0.44130072,0.12465838,0.13196424,0.14420213
257430,4,3,False,0.33561602,0.1762924,0.15219307,0.33561602,0.22600837,0.10989009
105878,3,4,False,0.29787993,0.15005337,0.18836296,0.21734165,0.29787993,0.1463621
179870,3,4,False,0.41384834,0.17332003,0.14742425,0.14234693,0.41384834,0.12306049
270602,5,4,False,0.27604994,0.19082521,0.15967922,0.20284033,0.27604994,0.17060527
165285,4,4,True,0.44952455,0.13982448,0.13855104,0.15175849,0.44952455,0.12034152
316902,5,5,True,0.39222252,0.16101417,0.18917386,0.13415043,0.123439,0.39222252
249546,3,3,True,0.41452295,0.12960155,0.18527508,0.41452295,0.1935021,0.07709831
50299,1,3,False,0.3822069,0.13037378,0.22107588,0.3822069,0.18472457,0.08161885
96937,3,3,True,0.3278955,0.12362504,0.14085643,0.3278955,0.31660992,0.091013074
247103,4,4,True,0.45165625,0.12073273,0.08531902,0.053367063,0.45165625,0.28892487
332302,3,3,True,0.3927954,0.17735536,0.1953686,0.3927954,0.10994116,0.12453942
108196,4,3,False,0.4917985,0.1460461,0.15757445,0.4917985,0.13362513,0.07095582
45063,5,4,False,0.34993312,0.14815226,0.11850163,0.07885022,0.34993312,0.30456278
61828,2,4,False,0.2084754,0.20426337,0.20064901,0.19975765,0.2084754,0.18685456
11066,3,2,False,0.27954105,0.15277922,0.27954105,0.16950108,0.24203043,0.15614821
183082,4,4,True,0.35866475,0.15305069,0.13459392,0.10149991,0.35866475,0.2521907
137904,4,4,True,0.32097116,0.13567157,0.1466537,0.2349187,0.32097116,0.16178486
8729,3,3,True,0.315807,0.15176606,0.21460977,0.315807,0.10618398,0.21163318
434183,3,3,True,0.3638255,0.14047684,0.26060086,0.3638255,0.048292782,0.18680403
61746,4,4,True,0.2896823,0.1788937,0.17580116,0.14886907,0.2896823,0.20675386
188145,4,4,True,0.39963627,0.12174751,0.067357026,0.2826395,0.39963627,0.1286197
430821,4,4,True,0.41199836,0.15959722,0.14140011,0.09483834,0.41199836,0.19216599
104429,3,3,True,0.37245193,0.15060465,0.116673455,0.37245193,0.2331846,0.12708537
40861,3,4,False,0.45594057,0.1550281,0.10455959,0.16509216,0.45594057,0.11937962
140653,3,4,False,0.34161133,0.15288007,0.109488375,0.0838576,0.34161133,0.3121627
81879,2,2,True,0.2950861,0.17187762,0.2950861,0.279228,0.15949622,0.09431205
6388,4,5,False,0.2712388,0.19119771,0.23094033,0.20586233,0.10076084,0.2712388
491747,4,4,True,0.43658563,0.13578719,0.1370479,0.12489535,0.43658563,0.16568395
372707,5,3,False,0.28071564,0.16651782,0.18212943,0.28071564,0.15886614,0.21177097
64466,3,3,True,0.41411605,0.16389795,0.23048665,0.41411605,0.10130625,0.090193085
40531,2,4,False,0.27908352,0.14290446,0.1454218,0.22215405,0.27908352,0.21043612
74882,3,3,True,0.40323308,0.18558642,0.1429328,0.40323308,0.14286943,0.12537825
36939,3,3,True,0.5104987,0.16231139,0.18875761,0.5104987,0.062884584,0.0755477
5581,4,3,False,0.29678577,0.20266949,0.08915866,0.29678577,0.25452167,0.15686448
57047,3,3,True,0.35791272,0.17938311,0.06817601,0.35791272,0.31291357,0.08161463
17437,3,3,True,0.36963254,0.13006309,0.08267812,0.36963254,0.32198703,0.09563919
34663,4,3,False,0.3162925,0.15486836,0.2573624,0.3162925,0.18240945,0.08906731
16102,3,3,True,0.5896619,0.12092069,0.15077212,0.5896619,0.054674264,0.083971016
72837,4,4,True,0.35402313,0.16169764,0.182618,0.181538,0.35402313,0.12012326
165997,4,4,True,0.30951184,0.12803029,0.19699267,0.25459304,0.30951184,0.11087219
343943,4,4,True,0.44002312,0.16608055,0.094674736,0.0924792,0.44002312,0.20674232
374010,4,4,True,0.3044275,0.13950184,0.17226483,0.20427555,0.3044275,0.1795303
383948,3,3,True,0.32912713,0.122110456,0.17026949,0.32912713,0.2584321,0.12006079
24808,3,3,True,0.24472053,0.18734434,0.2193461,0.24472053,0.12424369,0.22434534
21688,3,3,True,0.48892388,0.15737453,0.22749259,0.48892388,0.046493445,0.079715624
246947,5,5,True,0.3898208,0.14451875,0.09054247,0.08133876,0.2937792,0.3898208
116876,3,3,True,0.42290917,0.14568637,0.14206436,0.42290917,0.14489137,0.14444874
64249,2,2,True,0.412397,0.14135,0.412397,0.21537592,0.04152587,0.1893512
140845,3,3,True,0.4204156,0.14028929,0.28171474,0.4204156,0.085151516,0.072428845
218988,4,3,False,0.43552497,0.15578873,0.16736998,0.43552497,0.09839809,0.1429183
373672,4,5,False,0.3379976,0.14882368,0.15359804,0.16906646,0.19051428,0.3379976
257052,3,3,True,0.45755163,0.11754274,0.13925691,0.45755163,0.18231636,0.103332385
5520,3,3,True,0.5736147,0.14689955,0.089109264,0.5736147,0.07735506,0.11302147
168197,4,4,True,0.35487607,0.15690786,0.18748453,0.17597997,0.35487607,0.12475159
241574,4,4,True,0.3941844,0.17978068,0.09459129,0.1083778,0.3941844,0.22306576
119726,4,4,True,0.35432515,0.15963826,0.09099533,0.24769919,0.35432515,0.14734212
160012,4,3,False,0.3340296,0.14443435,0.1782793,0.3340296,0.24137811,0.10187871
153846,4,5,False,0.32033366,0.16907944,0.12331269,0.07743353,0.30984065,0.32033366
276317,4,4,True,0.362785,0.17650904,0.13956448,0.13675483,0.362785,0.18438672
277598,3,4,False,0.24057405,0.19463688,0.17240398,0.21706355,0.24057405,0.17532156
165288,3,4,False,0.32175002,0.16477108,0.124686964,0.2978039,0.32175002,0.09098805
29893,4,4,True,0.56036025,0.15684518,0.061274096,0.101987354,0.56036025,0.11953309
193347,3,3,True,0.4336111,0.18815061,0.1145153,0.4336111,0.15637913,0.10734385
8685,2,3,False,0.29002485,0.21536322,0.15461686,0.29002485,0.116358005,0.22363707
275522,4,3,False,0.32972082,0.15229602,0.12920187,0.32972082,0.2767626,0.112018675
46068,3,3,True,0.4552499,0.10559951,0.14663976,0.4552499,0.19672452,0.09578628
168133,2,3,False,0.26933613,0.20340276,0.18696395,0.26933613,0.11439936,0.22589779
343935,4,4,True,0.3069804,0.19427721,0.12932312,0.19603741,0.3069804,0.17338185
82800,2,3,False,0.28527093,0.23732823,0.17239372,0.28527093,0.14345501,0.16155207
79480,4,4,True,0.22220027,0.17530246,0.21403597,0.19774644,0.22220027,0.19071488
240804,3,3,True,0.30141163,0.18419372,0.11969021,0.30141163,0.20472427,0.1899802
10936,3,4,False,0.26497114,0.16714518,0.25722978,0.19248572,0.26497114,0.11816822
239581,3,3,True,0.28750363,0.19527185,0.15592484,0.28750363,0.27699855,0.084301166
348886,3,3,True,0.33087745,0.17320728,0.10865272,0.33087745,0.17390944,0.21335307
146274,3,3,True,0.4089055,0.13412428,0.3260602,0.4089055,0.06081399,0.07009605
136953,4,4,True,0.3937498,0.14674303,0.12619014,0.08586735,0.3937498,0.24744971
39876,4,4,True,0.3444973,0.18456393,0.13865519,0.19659081,0.3444973,0.13569275
237351,2,4,False,0.35226175,0.15188602,0.18355355,0.19264401,0.35226175,0.11965471
169760,4,4,True,0.626908,0.093280904,0.09958828,0.06607953,0.626908,0.1141433
38538,3,3,True,0.47575024,0.15339725,0.11584539,0.47575024,0.11077409,0.14423302
200155,4,4,True,0.39018977,0.15231107,0.06371699,0.04728948,0.39018977,0.34649268
353793,3,4,False,0.28872654,0.15164705,0.15319748,0.24643931,0.28872654,0.15998957
246987,4,5,False,0.43426076,0.13003883,0.0916071,0.076043226,0.26805004,0.43426076
38886,1,4,False,0.31626147,0.16379231,0.12383905,0.28881925,0.31626147,0.10728784
26215,3,3,True,0.26099968,0.21206293,0.12743418,0.26099968,0.26041803,0.13908517
315691,3,3,True,0.33004898,0.14231016,0.24629481,0.33004898,0.08196378,0.19938225
88870,4,4,True,0.44374177,0.1457713,0.073648274,0.2223157,0.44374177,0.11452289
68153,4,3,False,0.32904515,0.14619827,0.14288375,0.32904515,0.27801964,0.103853166
61728,4,4,True,0.24093373,0.16311225,0.1839512,0.20602064,0.24093373,0.20598213
398705,4,4,True,0.5618403,0.13429767,0.062918164,0.12123358,0.5618403,0.11971028
5789,3,3,True,0.44643113,0.11851315,0.24249959,0.44643113,0.09139898,0.10115714
413684,5,4,False,0.44840863,0.15738937,0.1026879,0.109962925,0.44840863,0.18155117
70320,4,3,False,0.32941094,0.16209316,0.19052967,0.32941094,0.20725594,0.11071021
125063,4,4,True,0.4367087,0.14110255,0.09942232,0.2115438,0.4367087,0.111222655
147948,4,3,False,0.30670676,0.1897941,0.1742257,0.30670676,0.15548725,0.17378624
30685,4,3,False,0.31949583,0.13896017,0.1717897,0.31949583,0.20115273,0.16860159
152912,4,4,True,0.40280312,0.1892201,0.10512463,0.12399296,0.40280312,0.1788592
11081,3,3,True,0.30535096,0.18321398,0.14103538,0.30535096,0.16268276,0.20771685
321157,3,5,False,0.2640107,0.16461073,0.23496117,0.22202066,0.11439676,0.2640107
24507,3,4,False,0.34616563,0.122569725,0.11112971,0.27774122,0.34616563,0.1423937
254391,4,4,True,0.2910627,0.15215117,0.17692646,0.20807822,0.2910627,0.1717814
236449,4,4,True,0.390317,0.119261086,0.15734361,0.11918689,0.390317,0.2138914
153602,5,5,True,0.34764874,0.15654536,0.09555661,0.061700717,0.3385486,0.34764874
89654,2,2,True,0.48307884,0.14718509,0.48307884,0.14781474,0.094565265,0.12735598
50775,4,4,True,0.30041012,0.1396373,0.16600357,0.27341422,0.30041012,0.12053482
156738,3,4,False,0.35222974,0.115752466,0.23448151,0.097608134,0.35222974,0.1999281
62280,4,4,True,0.3962864,0.10856983,0.117885254,0.2706676,0.3962864,0.106590904
400356,4,3,False,0.3859983,0.1575012,0.2123034,0.3859983,0.13107635,0.11312067
170950,3,4,False,0.40897664,0.19886097,0.1300345,0.12984557,0.40897664,0.13228223
50280,3,3,True,0.31142753,0.1314425,0.23721412,0.31142753,0.21522516,0.1046907
118275,4,3,False,0.30530483,0.15560225,0.21919894,0.30530483,0.23700911,0.08288486
196065,4,3,False,0.2892603,0.15942948,0.1503073,0.2892603,0.28751835,0.11348453
105597,4,4,True,0.27351883,0.14949393,0.17049083,0.23934296,0.27351883,0.16715345
87773,2,2,True,0.2958702,0.14276582,0.2958702,0.26658633,0.11929303,0.17548464
158435,4,3,False,0.32892916,0.118108146,0.17056715,0.32892916,0.29088345,0.091512054
153966,4,4,True,0.396957,0.15192358,0.11187202,0.0649956,0.396957,0.27425188
75707,4,4,True,0.2929026,0.1838229,0.24045159,0.1733056,0.2929026,0.10951728
216369,3,3,True,0.33950832,0.17629306,0.15264119,0.33950832,0.25937817,0.07217925
13846,4,3,False,0.41340807,0.16152649,0.15750763,0.41340807,0.21012446,0.057433344
358311,5,4,False,0.37931708,0.15088062,0.07558991,0.05985901,0.37931708,0.3343533
99692,3,3,True,0.31952947,0.18550926,0.18983383,0.31952947,0.18565246,0.11947499
13594,4,3,False,0.2619349,0.1748794,0.20020673,0.2619349,0.21442498,0.14855401
120760,2,3,False,0.300603,0.16215886,0.17441371,0.300603,0.29145074,0.07137366
56549,4,3,False,0.3517911,0.12424777,0.2425137,0.3517911,0.08860818,0.19283928
22717,4,3,False,0.5479161,0.13747743,0.11771877,0.5479161,0.13512087,0.0617668
8241,3,3,True,0.42068923,0.1446333,0.17161359,0.42068923,0.12783137,0.13523255
106428,4,4,True,0.5345934,0.08747371,0.054715246,0.046672255,0.5345934,0.27654538
36859,3,4,False,0.38748124,0.16724923,0.10283917,0.111814514,0.38748124,0.23061587
327914,3,4,False,0.373548,0.20397711,0.12696718,0.13993002,0.373548,0.15557772
63682,4,4,True,0.30731374,0.17671825,0.2032185,0.1675644,0.30731374,0.1451851
188224,4,4,True,0.36094826,0.14922675,0.1399082,0.22301225,0.36094826,0.12690456
20022,3,3,True,0.39748448,0.1601307,0.17340569,0.39748448,0.1198306,0.14914855
319766,2,3,False,0.31911764,0.19345598,0.17961717,0.31911764,0.21054354,0.09726564
187863,4,3,False,0.45484287,0.12358489,0.15124443,0.45484287,0.17803763,0.09229018
43673,3,4,False,0.42628083,0.17198354,0.09551161,0.1697798,0.42628083,0.13644433
146254,4,4,True,0.40283257,0.1866413,0.1122664,0.15326369,0.40283257,0.14499603
343939,4,4,True,0.30075306,0.20739576,0.14894812,0.13627996,0.30075306,0.20662317
145215,4,4,True,0.3126177,0.12664087,0.12888673,0.30568585,0.3126177,0.12616889
336564,4,4,True,0.4835287,0.15080634,0.12734504,0.14154793,0.4835287,0.096771955
65727,3,3,True,0.32687676,0.21510006,0.17993124,0.32687676,0.11575052,0.16234145
61773,4,3,False,0.2332575,0.18653026,0.22297777,0.2332575,0.15729277,0.19994166
151385,4,3,False,0.318618,0.13415435,0.1391473,0.318618,0.29883808,0.10924232
15555,4,3,False,0.32268983,0.19902572,0.26549652,0.32268983,0.09215753,0.12063038
89335,5,4,False,0.31156796,0.17884807,0.17085159,0.15508483,0.31156796,0.18364756
379750,4,3,False,0.25733465,0.1988905,0.21253735,0.25733465,0.2176692,0.11356834
131114,3,3,True,0.6309795,0.09322285,0.11710699,0.6309795,0.097418815,0.061271805
90280,3,3,True,0.5788063,0.13869338,0.15298553,0.5788063,0.049281586,0.080233246
334648,3,2,False,0.29039297,0.20746915,0.29039297,0.20669039,0.1604987,0.13494886
41302,3,3,True,0.4435666,0.15073259,0.16592667,0.4435666,0.12905496,0.11071922
393237,4,4,True,0.3736588,0.17364858,0.12735331,0.14022714,0.3736588,0.18511215
61736,3,3,True,0.251018,0.16246186,0.1983363,0.251018,0.19701236,0.19117144
38457,4,3,False,0.28753775,0.26742697,0.20276588,0.28753775,0.06927969,0.17298968
333411,4,3,False,0.24595372,0.21325876,0.16749094,0.24595372,0.22392862,0.14936799
277593,4,4,True,0.23637079,0.18309174,0.18038781,0.23393777,0.23637079,0.16621192
76449,4,4,True,0.4094055,0.16051683,0.14098656,0.17343052,0.4094055,0.11566062
70098,3,3,True,0.22288963,0.20794508,0.21339346,0.22288963,0.20791367,0.14785814
324060,4,4,True,0.388725,0.16276413,0.15302257,0.1271535,0.388725,0.1683348
233068,4,3,False,0.32036346,0.19804616,0.2558182,0.32036346,0.0923897,0.13338251
156365,4,5,False,0.27974048,0.1707247,0.19213489,0.18166025,0.17573969,0.27974048
215682,4,4,True,0.3488726,0.16131881,0.18218528,0.09519702,0.3488726,0.21242632
106449,4,4,True,0.44046855,0.12531334,0.10296077,0.06612047,0.44046855,0.2651369
35624,3,3,True,0.32844564,0.1772733,0.120415114,0.32844564,0.23628804,0.1375779
35836,4,3,False,0.31781703,0.14334705,0.18644063,0.31781703,0.2643556,0.088039674
353317,3,4,False,0.3473353,0.15506779,0.19247364,0.16037428,0.3473353,0.14474902
261194,4,4,True,0.38205248,0.16412254,0.12266877,0.08190184,0.38205248,0.24925439
50788,4,4,True,0.40388137,0.13972183,0.13199884,0.18127151,0.40388137,0.14312643
257483,3,3,True,0.34101358,0.16948843,0.15818718,0.34101358,0.21783929,0.11347147
382534,5,5,True,0.43664733,0.19294159,0.13438861,0.07988863,0.15613379,0.43664733
82361,3,4,False,0.37499425,0.1368797,0.18834803,0.21312578,0.37499425,0.08665223
156722,2,2,True,0.27188373,0.1570213,0.27188373,0.14831328,0.1631246,0.25965714
374934,4,4,True,0.5173671,0.13057308,0.06859559,0.094645314,0.5173671,0.18881889
351324,5,5,True,0.45581576,0.18797612,0.12378239,0.109345086,0.12308064,0.45581576
398058,3,3,True,0.34069097,0.18547265,0.22907737,0.34069097,0.06646537,0.17829362
146714,3,4,False,0.29044083,0.1530761,0.1980527,0.23480521,0.29044083,0.12362513
127625,4,4,True,0.565915,0.12908453,0.058271445,0.13007024,0.565915,0.116658814
41148,4,4,True,0.37958848,0.19133975,0.07996104,0.10224569,0.37958848,0.24686502
256557,5,4,False,0.2628714,0.15405244,0.20600507,0.17110829,0.2628714,0.20596278
183597,4,3,False,0.28119427,0.19546828,0.22736809,0.28119427,0.1864923,0.109477066
69084,2,3,False,0.34740084,0.17352076,0.2893597,0.34740084,0.06436408,0.12535468
213453,3,4,False,0.31909865,0.18728346,0.20418763,0.15297484,0.31909865,0.13645545
119307,4,5,False,0.33520612,0.16353765,0.18109426,0.16106112,0.15910085,0.33520612
59509,4,3,False,0.4052234,0.16708034,0.16842167,0.4052234,0.14314607,0.116128564
29503,4,4,True,0.28806555,0.19227597,0.18183382,0.1801825,0.28806555,0.15764214
178022,4,3,False,0.34347835,0.1659528,0.11481946,0.34347835,0.24867569,0.1270737
96077,3,4,False,0.323236,0.19947498,0.10884732,0.25052553,0.323236,0.11791612
18710,4,2,False,0.32814062,0.14867683,0.32814062,0.2559302,0.13368855,0.13356386
10418,3,4,False,0.34815562,0.12798859,0.12122888,0.28444448,0.34815562,0.118182406
149946,3,3,True,0.37382364,0.11909136,0.17001179,0.37382364,0.23461598,0.10245721
352638,4,3,False,0.4119928,0.14907317,0.2673482,0.4119928,0.060272366,0.111313514
168769,4,4,True,0.381967,0.1873772,0.16187087,0.14004332,0.381967,0.12874156
58272,4,4,True,0.3593264,0.176797,0.14582458,0.20235267,0.3593264,0.1156993
199255,4,4,True,0.380937,0.14147218,0.10820982,0.25806758,0.380937,0.11131335
406848,4,4,True,0.32303056,0.13659875,0.2104115,0.23259878,0.32303056,0.09736044
382831,3,4,False,0.450998,0.15922788,0.08716482,0.07510088,0.450998,0.22750849
423740,4,4,True,0.57390016,0.11010258,0.0993276,0.051106032,0.57390016,0.16556363
5684,4,3,False,0.45612466,0.14338718,0.07392455,0.45612466,0.20708255,0.11948098
152904,4,4,True,0.3642856,0.18477902,0.13033606,0.11774987,0.3642856,0.20284949
36554,4,3,False,0.32677147,0.14905006,0.1897878,0.32677147,0.19882491,0.13556573
76299,4,3,False,0.31478408,0.16853102,0.21242774,0.31478408,0.1518908,0.15236637
182800,3,3,True,0.41887915,0.16319026,0.15926486,0.41887915,0.15470693,0.10395877
199173,4,4,True,0.34691256,0.15298373,0.10757017,0.29748523,0.34691256,0.09504833
146277,4,3,False,0.30542162,0.18750621,0.2407838,0.30542162,0.104860745,0.16142759
148491,5,5,True,0.5749115,0.15336105,0.101277776,0.05617759,0.11427206,0.5749115
124922,4,3,False,0.24752651,0.16102865,0.21654586,0.24752651,0.23091027,0.14398877
181071,4,4,True,0.38534907,0.16789424,0.1103211,0.2636024,0.38534907,0.07283322
188000,4,3,False,0.3588401,0.13196768,0.13387251,0.3588401,0.25405174,0.121268034
136943,4,4,True,0.4201369,0.13852149,0.12563834,0.08752666,0.4201369,0.22817668
160350,3,4,False,0.36630407,0.1954114,0.1267506,0.19125476,0.36630407,0.120279185
252348,4,2,False,0.31068188,0.16102754,0.31068188,0.24384283,0.08844019,0.19600752
109635,3,3,True,0.45099965,0.1506487,0.2208052,0.45099965,0.11395422,0.06359226
239164,3,3,True,0.28904068,0.1683789,0.19191751,0.28904068,0.26352277,0.08714012
148507,5,5,True,0.58665866,0.15485454,0.094840735,0.056752,0.10689401,0.58665866
91450,3,3,True,0.34994972,0.20081712,0.17589489,0.34994972,0.14991318,0.12342509
38104,4,4,True,0.46983686,0.12211402,0.14908524,0.15062958,0.46983686,0.10833442
14986,3,3,True,0.4379544,0.13099748,0.2838264,0.4379544,0.04797909,0.0992426
46687,4,5,False,0.29487944,0.18023312,0.15661973,0.16682537,0.20144238,0.29487944
79388,4,4,True,0.39897367,0.16838464,0.11060854,0.18181169,0.39897367,0.14022142
94987,3,4,False,0.36389822,0.12699144,0.14839153,0.25133124,0.36389822,0.10938762
92964,4,5,False,0.2978527,0.18559721,0.13182497,0.12400863,0.26071647,0.2978527
395301,4,3,False,0.47776905,0.11466042,0.08949078,0.47776905,0.21927275,0.09880704
38622,3,3,True,0.34503028,0.21596417,0.07365309,0.34503028,0.20427807,0.16107436
270470,4,4,True,0.29417738,0.17625147,0.15220454,0.28646514,0.29417738,0.09090148
148561,5,5,True,0.62550205,0.1447216,0.09153128,0.049331214,0.088913925,0.62550205
124677,3,3,True,0.45023513,0.16275737,0.2216827,0.45023513,0.075466156,0.089858614
50413,4,4,True,0.3351532,0.15413545,0.07447533,0.25396344,0.3351532,0.1822726
429076,4,4,True,0.39144477,0.19222105,0.115626425,0.13544388,0.39144477,0.16526392
118636,3,3,True,0.538799,0.09630067,0.14048669,0.538799,0.13955738,0.084856234
374703,4,3,False,0.32744846,0.18426964,0.14123867,0.32744846,0.10578892,0.24125427
163272,4,3,False,0.47683048,0.13698962,0.24368842,0.47683048,0.03448714,0.108004354
60163,3,3,True,0.37990266,0.17201684,0.26406354,0.37990266,0.10052262,0.0834944
418831,4,4,True,0.31426257,0.17591305,0.16895708,0.22206019,0.31426257,0.11880709
6850,3,3,True,0.42540517,0.14001676,0.16717388,0.42540517,0.18593438,0.08146978
361910,2,4,False,0.39640936,0.16571695,0.0955234,0.20813416,0.39640936,0.13421611
48080,2,3,False,0.31387028,0.16486757,0.2794787,0.31387028,0.10152228,0.14026113
102839,1,1,True,0.24190025,0.24190025,0.19714257,0.20579058,0.18115015,0.17401645
21385,1,5,False,0.26244244,0.19295654,0.16099921,0.2164025,0.16719934,0.26244244
29187,4,4,True,0.41391593,0.16983381,0.15041485,0.10815312,0.41391593,0.15768228
53292,4,4,True,0.35652545,0.18068202,0.10084843,0.24371204,0.35652545,0.118232094
10956,2,2,True,0.30252352,0.14119622,0.30252352,0.2021495,0.23578832,0.11834242
29419,4,3,False,0.27358183,0.195351,0.15038927,0.27358183,0.25315714,0.12752074
31738,4,4,True,0.41666043,0.15546817,0.118747346,0.1752976,0.41666043,0.13382643
144342,4,3,False,0.44515464,0.13659418,0.185244,0.44515464,0.12705898,0.10594822
40049,3,3,True,0.27839896,0.21535297,0.18329592,0.27839896,0.16232088,0.1606313
3354,3,3,True,0.27566174,0.19626933,0.1795106,0.27566174,0.18362859,0.1649298
388056,4,4,True,0.45449486,0.16095656,0.103940494,0.16768815,0.45449486,0.11291994
114136,1,3,False,0.34899506,0.15174972,0.3291233,0.34899506,0.06497923,0.1051527
24814,3,5,False,0.25553995,0.20959027,0.13860303,0.16444911,0.23181762,0.25553995
173746,4,2,False,0.24725008,0.17346756,0.24725008,0.16245203,0.21491452,0.20191574
28756,4,5,False,0.3114406,0.16939843,0.107881464,0.10114635,0.31013322,0.3114406
383576,4,5,False,0.31640846,0.1581549,0.11793938,0.09142063,0.31607664,0.31640846
434108,4,3,False,0.31766334,0.19123799,0.15095034,0.31766334,0.23599136,0.104157016
427140,4,4,True,0.4248332,0.1490979,0.10445164,0.20312561,0.4248332,0.118491605
211159,3,4,False,0.33911464,0.11548568,0.14593492,0.29971913,0.33911464,0.09974557
121764,4,3,False,0.49384657,0.13851751,0.20254992,0.49384657,0.08918788,0.07589815
23771,2,3,False,0.3965419,0.14050686,0.18563361,0.3965419,0.1827671,0.09455054
108313,4,4,True,0.38765192,0.1594992,0.13429894,0.092883214,0.38765192,0.22566673
72555,4,4,True,0.347246,0.15264972,0.14723903,0.12956432,0.347246,0.22330098
358730,3,5,False,0.39687118,0.174791,0.112992704,0.05966346,0.25568163,0.39687118
29130,4,2,False,0.23242415,0.21465655,0.23242415,0.18414533,0.14165682,0.2271171
126542,4,3,False,0.33471444,0.16202661,0.2655651,0.33471444,0.14696495,0.09072893
5560,4,4,True,0.2783999,0.18458943,0.149548,0.26787996,0.2783999,0.11958265
114106,4,2,False,0.33182964,0.1680011,0.33182964,0.33009756,0.05463047,0.1154412
157018,4,3,False,0.33821008,0.18503174,0.20575978,0.33821008,0.10495025,0.16604815
239791,4,4,True,0.5144159,0.12945572,0.10720662,0.11247896,0.5144159,0.13644278
48084,4,3,False,0.4976808,0.1671214,0.21707967,0.4976808,0.028520374,0.08959772
74517,3,3,True,0.35964462,0.16554908,0.22049162,0.35964462,0.1481952,0.10611947
162417,3,3,True,0.3455866,0.14990377,0.09021383,0.3455866,0.3163456,0.09795022
142697,4,5,False,0.4011739,0.13201293,0.070396446,0.044619046,0.35179767,0.4011739
156603,3,4,False,0.42028442,0.1261702,0.086851485,0.22913754,0.42028442,0.13755637
57023,4,4,True,0.4268089,0.13588887,0.077299215,0.1992671,0.4268089,0.16073592
378275,4,4,True,0.30627313,0.13997714,0.16358055,0.27280468,0.30627313,0.11736448
373207,5,4,False,0.3450727,0.1542549,0.122450665,0.15861796,0.3450727,0.21960373
236457,4,4,True,0.38445237,0.1303361,0.1155434,0.11692295,0.38445237,0.25274515
80526,2,4,False,0.3520516,0.14430149,0.20496733,0.17862517,0.3520516,0.12005448
41691,4,3,False,0.36763382,0.16044968,0.25756446,0.36763382,0.13649318,0.07785884
83464,3,4,False,0.27459508,0.18361625,0.21006286,0.225289,0.27459508,0.106436774
328049,4,4,True,0.3328736,0.14717358,0.12204723,0.26894665,0.3328736,0.12895894
107157,4,4,True,0.4869485,0.13897339,0.1307822,0.09682476,0.4869485,0.14647117
33652,4,4,True,0.3060058,0.17670855,0.124914765,0.17916264,0.3060058,0.21320823
269547,4,4,True,0.32429448,0.17604744,0.21047625,0.09624979,0.32429448,0.19293205
81382,4,3,False,0.33161274,0.15193473,0.19580346,0.33161274,0.2075035,0.11314557
62031,4,3,False,0.57341444,0.13250935,0.13132994,0.57341444,0.092261106,0.07048513
315940,4,4,True,0.3956788,0.18449798,0.13294496,0.18245766,0.3956788,0.104420625
243553,3,4,False,0.27691224,0.15558363,0.22736172,0.20356524,0.27691224,0.1365772
329649,3,5,False,0.31759015,0.17622305,0.22344032,0.19752817,0.08521831,0.31759015
191913,4,4,True,0.2893429,0.1578603,0.20756005,0.2290768,0.2893429,0.11615995
156363,4,3,False,0.55608046,0.12911193,0.16413969,0.55608046,0.08051296,0.07015495
382591,3,3,True,0.39257905,0.2227551,0.098912716,0.39257905,0.15072793,0.13502517
115566,3,3,True,0.55118585,0.11975502,0.2437234,0.55118585,0.016744928,0.06859079
210734,5,3,False,0.32964644,0.14670834,0.3158636,0.32964644,0.07715099,0.1306306
339369,3,4,False,0.33774891,0.17667677,0.10863406,0.23118377,0.33774891,0.14575656
102092,4,4,True,0.36693993,0.15243481,0.121773705,0.22583798,0.36693993,0.13301356
93300,2,3,False,0.31793797,0.19077475,0.25242627,0.31793797,0.09815428,0.14070672
320456,4,4,True,0.35819215,0.15002288,0.107238226,0.22928147,0.35819215,0.15526524
65651,3,3,True,0.28450933,0.19631054,0.1751974,0.28450933,0.1327611,0.2112216
117894,4,4,True,0.45117867,0.14361249,0.108658314,0.20144153,0.45117867,0.095109075
233205,4,3,False,0.30056843,0.16078341,0.19648625,0.30056843,0.21172942,0.13043249
54949,3,3,True,0.32912064,0.16032875,0.13653561,0.32912064,0.24499977,0.12901518
77466,4,4,True,0.31841344,0.14951551,0.15912256,0.27441797,0.31841344,0.098530576
28758,3,5,False,0.27987942,0.17351252,0.15383306,0.14349315,0.24928185,0.27987942
30026,5,4,False,0.2832329,0.17291588,0.15603068,0.26616395,0.2832329,0.12165661
45904,4,3,False,0.3262463,0.18696636,0.16672601,0.3262463,0.18500294,0.13505843
155262,4,3,False,0.4374638,0.12922497,0.15833525,0.4374638,0.17765245,0.097323604
153283,2,3,False,0.28590536,0.15944593,0.17290859,0.28590536,0.21408257,0.16765755
26491,3,4,False,0.3151414,0.15347177,0.15669754,0.23868579,0.3151414,0.13600352
118899,4,3,False,0.42485875,0.20330839,0.1159769,0.42485875,0.1285358,0.12732013
252320,4,2,False,0.28771588,0.1745398,0.28771588,0.1506519,0.18525825,0.20183419
199880,3,3,True,0.31879407,0.18639287,0.11582616,0.31879407,0.29178977,0.087197095
60802,3,4,False,0.4297197,0.14282113,0.14991191,0.17721829,0.4297197,0.10032896
72269,4,4,True,0.60354006,0.1144618,0.0707432,0.11570265,0.60354006,0.09555236
424847,4,2,False,0.27598986,0.14782001,0.27598986,0.20172408,0.26815093,0.10631511
55093,4,3,False,0.3352449,0.1971318,0.1204219,0.3352449,0.2398819,0.10731948
369988,4,4,True,0.32099542,0.16157696,0.07048303,0.27180985,0.32099542,0.17513476
50785,4,4,True,0.40471855,0.13884552,0.11636171,0.2012494,0.40471855,0.1388248
223280,3,3,True,0.30309865,0.17620185,0.12000049,0.30309865,0.26188314,0.13881586
92935,4,5,False,0.3504469,0.16435209,0.108433925,0.09844661,0.27832046,0.3504469
56565,4,4,True,0.32734185,0.13662484,0.094911,0.31891152,0.32734185,0.1222108
433887,3,4,False,0.27511922,0.13462476,0.17571266,0.25947037,0.27511922,0.15507299
378687,3,3,True,0.36497426,0.16206358,0.13478886,0.36497426,0.23656602,0.10160734
153871,3,5,False,0.36545986,0.16398902,0.13071743,0.09308902,0.24674474,0.36545986
60782,4,4,True,0.36904567,0.18314025,0.15814091,0.1793357,0.36904567,0.11033748
154097,5,5,True,0.33984712,0.12443464,0.12630837,0.09189083,0.31751898,0.33984712
193830,2,3,False,0.39739853,0.18717898,0.15918957,0.39739853,0.110519335,0.14571357
44962,5,4,False,0.4725742,0.1348637,0.09459751,0.06669645,0.4725742,0.23126818
41328,4,3,False,0.3935654,0.2012256,0.18891874,0.3935654,0.1198847,0.09640558
117978,4,4,True,0.34785944,0.16381787,0.13313273,0.089605376,0.34785944,0.2655846
126007,3,3,True,0.48081142,0.12959701,0.10245876,0.48081142,0.19139197,0.09574079
335764,4,3,False,0.33188358,0.1374177,0.08376206,0.33188358,0.31642875,0.13050795
379058,4,4,True,0.42936242,0.13581543,0.14029707,0.16490903,0.42936242,0.12961602
32545,5,3,False,0.47836563,0.13816747,0.25072926,0.47836563,0.057489187,0.075248405
31934,4,4,True,0.4024134,0.14174703,0.14874364,0.11805952,0.4024134,0.18903646
41365,4,4,True,0.2532673,0.18990847,0.1492552,0.24611095,0.2532673,0.16145806
78791,3,3,True,0.38625574,0.16338252,0.24892077,0.38625574,0.12224632,0.07919462
176245,3,3,True,0.3136156,0.14107281,0.21936458,0.3136156,0.19077994,0.13516708
154076,4,5,False,0.31479755,0.13056974,0.14490828,0.11066551,0.29905897,0.31479755
49235,4,3,False,0.3505258,0.1938063,0.29982185,0.3505258,0.046625853,0.109220244
327139,4,2,False,0.28597504,0.16322187,0.28597504,0.26484662,0.071673796,0.21428262
25522,3,3,True,0.39021736,0.10274499,0.32980615,0.39021736,0.09701651,0.08021497
90412,4,3,False,0.36912158,0.14809313,0.36470252,0.36912158,0.036579993,0.08150277
237210,4,4,True,0.37617752,0.14982514,0.16571712,0.17378598,0.37617752,0.13449416
193334,4,4,True,0.36829054,0.1685931,0.11602543,0.2299886,0.36829054,0.117102355
157284,3,3,True,0.3697252,0.1440558,0.15235166,0.3697252,0.18886739,0.14499998
418582,4,4,True,0.5382494,0.14134525,0.0792279,0.08751963,0.5382494,0.15365784
394071,4,4,True,0.41426656,0.17559706,0.12376318,0.1602519,0.41426656,0.12612122
415411,4,3,False,0.28079304,0.15330958,0.19269824,0.28079304,0.2591832,0.11401593
179990,2,4,False,0.36665788,0.1491784,0.16367438,0.21500984,0.36665788,0.105479494
15923,2,3,False,0.4306298,0.16635616,0.19331622,0.4306298,0.12350612,0.086191766
189407,5,4,False,0.24365045,0.1316768,0.2011836,0.23275816,0.24365045,0.19073096
10773,3,4,False,0.27456027,0.18050262,0.1427338,0.19269781,0.27456027,0.20950545
192153,3,4,False,0.3862761,0.15546589,0.079896644,0.23195872,0.3862761,0.14640264
111032,3,3,True,0.25900742,0.19597773,0.14133067,0.25900742,0.24859203,0.15509214
389518,3,4,False,0.2993838,0.12264586,0.14123107,0.2810209,0.2993838,0.15571836
44266,4,3,False,0.3450491,0.1446244,0.17117193,0.3450491,0.22465093,0.114503615
251034,3,5,False,0.31246254,0.21168207,0.14618665,0.08830811,0.24136071,0.31246254
191201,3,3,True,0.27815387,0.20502742,0.2233667,0.27815387,0.18728504,0.106166966
59457,4,3,False,0.29258722,0.2297473,0.16003998,0.29258722,0.1669637,0.15066177
29263,4,4,True,0.27816427,0.1711402,0.20849359,0.16739672,0.27816427,0.1748052
6926,4,3,False,0.5076316,0.14353836,0.14901201,0.5076316,0.10581425,0.09400374
374935,5,4,False,0.5035932,0.13653755,0.069072455,0.09174151,0.5035932,0.19905528
267984,3,2,False,0.34023038,0.20552886,0.34023038,0.26854536,0.067006476,0.11868892
494701,4,4,True,0.5582066,0.1309405,0.101951696,0.080113895,0.5582066,0.1287873
210684,4,4,True,0.35716873,0.17217933,0.13864708,0.12636478,0.35716873,0.20563999
458030,4,4,True,0.44884357,0.1554929,0.11543672,0.054388918,0.44884357,0.22583792
321768,4,3,False,0.31013557,0.15815465,0.17631947,0.31013557,0.21614611,0.13924423
86396,4,4,True,0.45151705,0.13183977,0.07686698,0.073479556,0.45151705,0.26629663
186416,3,4,False,0.37345263,0.123368956,0.08559204,0.2951198,0.37345263,0.122466624
76531,4,3,False,0.4139306,0.13435537,0.243479,0.4139306,0.04396335,0.16427174
420464,4,4,True,0.3833243,0.1477611,0.11073393,0.2510046,0.3833243,0.10717607
23998,5,4,False,0.3691575,0.18096016,0.17318717,0.12229874,0.3691575,0.15439646
106876,3,4,False,0.22539237,0.20171468,0.18232745,0.19562545,0.22539237,0.19494008
10481,4,3,False,0.40547237,0.1775837,0.15155607,0.40547237,0.13185802,0.13352981
357554,5,4,False,0.49382064,0.11035537,0.08583705,0.06473864,0.49382064,0.24524839
36494,4,3,False,0.28645036,0.19020009,0.10113319,0.28645036,0.22182116,0.20039524
26464,4,4,True,0.3017107,0.15889983,0.11935274,0.19207694,0.3017107,0.22795975
39209,5,5,True,0.47370955,0.16745383,0.1356184,0.112679645,0.110538594,0.47370955
26688,3,4,False,0.327741,0.16648597,0.16491374,0.14924622,0.327741,0.1916131
270517,4,4,True,0.47538498,0.15054138,0.10297969,0.14835855,0.47538498,0.12273541
402128,4,3,False,0.34755847,0.15608573,0.20445783,0.34755847,0.141102,0.15079598
160743,4,4,True,0.27001822,0.16936333,0.17892584,0.25895828,0.27001822,0.12273429
28572,5,5,True,0.2982299,0.18879679,0.15115373,0.10991842,0.25190124,0.2982299
221532,4,4,True,0.4470461,0.1465029,0.07863935,0.17647046,0.4470461,0.1513412
24969,4,2,False,0.2298934,0.15864174,0.2298934,0.22727416,0.2007612,0.18342954
6985,4,3,False,0.43522796,0.15407038,0.14512123,0.43522796,0.14854331,0.11703704
118384,2,3,False,0.43965626,0.15263632,0.22564535,0.43965626,0.07739303,0.10466905
354199,5,4,False,0.3970862,0.12566076,0.09968463,0.05245033,0.3970862,0.32511806
32495,4,3,False,0.48429027,0.13344842,0.11268462,0.48429027,0.1609753,0.1086013
343955,4,4,True,0.2934113,0.15482438,0.13956511,0.22756864,0.2934113,0.18463059
373675,3,2,False,0.2990667,0.17368881,0.2990667,0.18061776,0.14988042,0.1967463
48456,3,3,True,0.29557925,0.1299958,0.1666736,0.29557925,0.21370801,0.19404334
70032,3,4,False,0.6589401,0.09398245,0.051883765,0.06573753,0.6589401,0.12945616
336994,4,4,True,0.48251432,0.13924098,0.14093891,0.136229,0.48251432,0.10107674
55511,3,4,False,0.4470772,0.16135728,0.10126821,0.16242811,0.4470772,0.12786926
40448,4,4,True,0.5845604,0.102127574,0.09187617,0.08798688,0.5845604,0.13344893
10781,3,4,False,0.35353145,0.15855724,0.17708215,0.16342512,0.35353145,0.14740403
46722,4,4,True,0.32799467,0.18269758,0.16633713,0.1902184,0.32799467,0.13275215
88837,4,4,True,0.40417793,0.14145651,0.10507327,0.24403813,0.40417793,0.10525416
40903,4,4,True,0.3828297,0.1451855,0.16334616,0.17605436,0.3828297,0.13258426
54771,4,4,True,0.30943254,0.1400773,0.15167002,0.24303731,0.30943254,0.15578282
39325,4,4,True,0.523332,0.11012146,0.07404601,0.06668142,0.523332,0.22581919
192788,4,4,True,0.29117706,0.14854649,0.19679938,0.24577934,0.29117706,0.11769774
128841,4,2,False,0.27677155,0.1714624,0.27677155,0.15538393,0.24055435,0.15582775
414203,4,3,False,0.27432883,0.16834332,0.25289634,0.27432883,0.19137913,0.11305239
28821,4,4,True,0.25405368,0.19080386,0.21113111,0.21354477,0.25405368,0.13046661
127279,3,3,True,0.3123995,0.14051156,0.13406208,0.3123995,0.291416,0.12161087
50709,4,4,True,0.5024053,0.14169475,0.08960407,0.04963544,0.5024053,0.21666047
236326,4,3,False,0.3247066,0.17268743,0.105008595,0.3247066,0.21812789,0.17946944
348864,4,3,False,0.44651374,0.10480561,0.23062748,0.44651374,0.120666996,0.09738612
147216,4,3,False,0.31716663,0.16945136,0.24149701,0.31716663,0.17940089,0.09248407
370941,4,4,True,0.4143052,0.10935527,0.19933385,0.17711383,0.4143052,0.099891946
9923,3,4,False,0.31546813,0.15871564,0.16271797,0.2022858,0.31546813,0.16081245
31490,4,3,False,0.38102555,0.18574917,0.23977248,0.38102555,0.061651,0.13180177
394327,4,3,False,0.34851465,0.15306,0.21301246,0.34851465,0.15132526,0.1340876
105561,3,4,False,0.2668995,0.14168589,0.19057284,0.24552049,0.2668995,0.15532123
130042,4,4,True,0.32001182,0.14068523,0.115972996,0.30506352,0.32001182,0.118266486
88935,3,4,False,0.5335693,0.14226744,0.06077646,0.12590899,0.5335693,0.13747786
110958,3,3,True,0.29102737,0.16520064,0.2394136,0.29102737,0.169487,0.13487136
69426,2,4,False,0.3810389,0.1364624,0.129475,0.22324058,0.3810389,0.12978318
198262,4,4,True,0.40348703,0.17069049,0.10991212,0.19357853,0.40348703,0.12233179
247217,3,4,False,0.4286561,0.13179332,0.106533684,0.064880595,0.4286561,0.26813638
26978,4,4,True,0.27193522,0.20480923,0.17013493,0.15219836,0.27193522,0.2009222
61893,3,3,True,0.324226,0.16197205,0.21287978,0.324226,0.1979987,0.10292354
192149,4,4,True,0.45306876,0.14022166,0.10244867,0.21137594,0.45306876,0.09288497
154033,5,4,False,0.45228893,0.1548929,0.1265374,0.08782524,0.45228893,0.17845553
194364,4,4,True,0.44482955,0.16761331,0.09527504,0.1558656,0.44482955,0.13641645
325032,4,3,False,0.27259478,0.16980164,0.14291136,0.27259478,0.23227422,0.18241802
89866,3,3,True,0.26031664,0.16666819,0.1531884,0.26031664,0.23071311,0.18911369
165385,4,4,True,0.37306425,0.14508724,0.12059919,0.22771518,0.37306425,0.13353418
239953,4,4,True,0.32709214,0.12888837,0.14954701,0.2890722,0.32709214,0.105400234
47303,3,4,False,0.5850927,0.124451526,0.05942247,0.041786384,0.5850927,0.1892468
15922,4,3,False,0.32950634,0.18111217,0.21613894,0.32950634,0.12774079,0.14550184
173601,4,4,True,0.5752653,0.1289049,0.06197097,0.112024695,0.5752653,0.12183423
377982,4,4,True,0.57851094,0.124963015,0.09450768,0.092004664,0.57851094,0.110013634
105901,4,4,True,0.28544515,0.14789616,0.18933816,0.21374017,0.28544515,0.16358036
10097,1,2,False,0.26245368,0.2554222,0.26245368,0.20945048,0.13794221,0.1347314
77757,4,4,True,0.47371683,0.12989694,0.08650161,0.22264877,0.47371683,0.0872358
356680,5,5,True,0.38752028,0.123658806,0.074249595,0.060836602,0.3537348,0.38752028
121004,3,3,True,0.370297,0.11849617,0.14660352,0.370297,0.26785067,0.0967526
14160,2,3,False,0.38516656,0.1566276,0.13464579,0.38516656,0.22596104,0.09759904
118707,4,5,False,0.25568083,0.17490588,0.1546345,0.16548297,0.24929585,0.25568083
163450,4,4,True,0.4726657,0.16729333,0.09380179,0.14237387,0.4726657,0.12386534
93909,5,4,False,0.44488546,0.14354244,0.08594259,0.049173772,0.44488546,0.27645576
378568,3,4,False,0.5977046,0.13638557,0.044393707,0.101075605,0.5977046,0.12044046
78794,4,3,False,0.2795937,0.16499634,0.18794255,0.2795937,0.23968916,0.12777825
193344,3,4,False,0.5957192,0.1527646,0.07262864,0.072864346,0.5957192,0.10602317
417936,3,3,True,0.27553156,0.21293233,0.23996694,0.27553156,0.09175523,0.17981389
126123,4,4,True,0.3235602,0.15902953,0.14544715,0.28631225,0.3235602,0.08565085
171168,3,3,True,0.33633754,0.1796657,0.12213141,0.33633754,0.28428206,0.077583306
72846,4,4,True,0.45819938,0.13662323,0.1376238,0.16251734,0.45819938,0.10503625
157819,3,3,True,0.50581264,0.11450161,0.19974557,0.50581264,0.0672409,0.11269926
126430,3,3,True,0.46467435,0.11880893,0.101394355,0.46467435,0.20243253,0.11268979
39206,5,5,True,0.47983208,0.17913051,0.13852191,0.11409831,0.08841717,0.47983208
60638,4,4,True,0.23596689,0.18555143,0.1714969,0.23537348,0.23596689,0.17161128
371151,3,4,False,0.3887485,0.13906811,0.16467395,0.1445656,0.3887485,0.16294383
191912,4,4,True,0.28733444,0.14894634,0.17866065,0.2701263,0.28733444,0.114932306
78642,3,3,True,0.31922224,0.19768474,0.3131718,0.31922224,0.08166885,0.08825234
167087,2,3,False,0.30066368,0.18724681,0.20288312,0.30066368,0.1624384,0.14676796
29275,4,4,True,0.36632884,0.18405063,0.15339617,0.13626455,0.36632884,0.15995985
15254,3,3,True,0.4871278,0.12253697,0.2310849,0.4871278,0.06029339,0.09895693
89118,2,2,True,0.4185861,0.17674945,0.4185861,0.15131712,0.10654297,0.14680438
58265,4,4,True,0.26079082,0.19987918,0.1681769,0.23732913,0.26079082,0.13382392
105800,4,3,False,0.32410544,0.14433229,0.19127795,0.32410544,0.20012237,0.14016195
184237,4,4,True,0.42904124,0.16417955,0.1150692,0.15851732,0.42904124,0.13319267
6070,2,4,False,0.40150982,0.17553139,0.105900936,0.16216655,0.40150982,0.15489137
268847,3,3,True,0.39264393,0.15293536,0.1606554,0.39264393,0.1370906,0.15667474
374184,3,4,False,0.47108898,0.13847527,0.08307035,0.100349575,0.47108898,0.2070159
5509,3,3,True,0.37713262,0.17073601,0.075318195,0.37713262,0.25691116,0.11990202
382335,5,5,True,0.3603023,0.20931652,0.18473196,0.15096521,0.09468398,0.3603023
140519,5,4,False,0.47068113,0.13664064,0.09160908,0.06700233,0.47068113,0.2340668
336586,4,4,True,0.7739614,0.07277425,0.027984349,0.037648898,0.7739614,0.08763109
48078,3,3,True,0.42526653,0.168452,0.25479177,0.42526653,0.03993644,0.111553274
263076,4,3,False,0.46345988,0.12576403,0.11968213,0.46345988,0.17261589,0.1184781
324192,4,3,False,0.2547532,0.15874252,0.22839534,0.2547532,0.2465248,0.1115841
259681,4,3,False,0.25084737,0.16254444,0.21227181,0.25084737,0.1982468,0.17608954
387774,4,4,True,0.3412038,0.18053854,0.12345779,0.15295137,0.3412038,0.20184852
70345,4,3,False,0.32221603,0.14461806,0.11308047,0.32221603,0.29939216,0.120693244
432115,4,4,True,0.31055585,0.165741,0.21106285,0.21134828,0.31055585,0.10129205
400734,4,4,True,0.40583062,0.13202336,0.1356386,0.16683112,0.40583062,0.15967633
148441,4,5,False,0.4161639,0.17664717,0.12317129,0.053929254,0.23008841,0.4161639
264152,4,4,True,0.27084744,0.19568706,0.15789546,0.202257,0.27084744,0.17331299
162395,2,3,False,0.31044972,0.17891037,0.21393168,0.31044972,0.12745516,0.16925308
57055,3,3,True,0.49971685,0.13866739,0.17294283,0.49971685,0.11121445,0.077458486
188754,4,4,True,0.3951444,0.17027026,0.12544933,0.14012454,0.3951444,0.16901146
219303,4,3,False,0.380969,0.19255953,0.15364014,0.380969,0.15760888,0.115222506
45923,4,3,False,0.3408086,0.1936657,0.17996499,0.3408086,0.1518248,0.13373592
5514,4,3,False,0.4256425,0.18763542,0.095788226,0.4256425,0.16545193,0.12548189
174439,3,3,True,0.27256295,0.17132802,0.24427925,0.27256295,0.15652691,0.15530284
50677,4,3,False,0.48481295,0.11650578,0.12052212,0.48481295,0.18778017,0.09037905
151349,4,4,True,0.46801054,0.15238512,0.1355694,0.08076358,0.46801054,0.16327132
477115,4,3,False,0.30403206,0.17770343,0.22058459,0.30403206,0.1601545,0.13752545
50178,4,2,False,0.26159143,0.14493255,0.26159143,0.23504874,0.22556216,0.1328651
222222,4,4,True,0.25088996,0.14205667,0.16763659,0.23899208,0.25088996,0.20042472
358016,5,4,False,0.45387807,0.14771599,0.07778298,0.056263793,0.45387807,0.26435915
87682,3,2,False,0.28667122,0.15716511,0.28667122,0.18228301,0.14672004,0.22716059
51423,4,3,False,0.41123176,0.21889329,0.12512083,0.41123176,0.09839425,0.14635985
40945,4,4,True,0.3413064,0.15909387,0.13499345,0.12642707,0.3413064,0.23817925
44263,4,3,False,0.38086832,0.13146281,0.16102144,0.38086832,0.225232,0.10141545
199235,3,4,False,0.36213037,0.1553192,0.100480124,0.26803792,0.36213037,0.11403234
16098,3,3,True,0.4385776,0.17390549,0.21495594,0.4385776,0.07692088,0.095640086
165611,4,3,False,0.37198493,0.14351223,0.19425245,0.37198493,0.20695686,0.083293535
148551,4,5,False,0.59339404,0.1504383,0.11714128,0.050073378,0.08895308,0.59339404
104767,3,3,True,0.32090366,0.12820119,0.19642717,0.32090366,0.25761372,0.09685425
33691,4,4,True,0.35199407,0.17968513,0.1444572,0.14662634,0.35199407,0.17723727
83190,2,3,False,0.30218625,0.19274917,0.2696561,0.30218625,0.14222339,0.09318512
22099,4,4,True,0.3237189,0.15437087,0.2244781,0.15586966,0.3237189,0.14156243
137442,4,4,True,0.35299268,0.14966445,0.13174352,0.11038056,0.35299268,0.2552188
18047,4,3,False,0.28413948,0.17423183,0.12139431,0.28413948,0.26794985,0.15228452
65433,3,3,True,0.4656564,0.121360086,0.15863538,0.4656564,0.14648856,0.107859656
373716,3,5,False,0.24268082,0.17501636,0.21172343,0.20460086,0.16597846,0.24268082
249715,4,4,True,0.56235284,0.13865192,0.070264734,0.10095207,0.56235284,0.12777841
378173,3,4,False,0.2790926,0.21623112,0.13835634,0.24792054,0.2790926,0.1183994
81349,4,3,False,0.30926514,0.15810795,0.18969376,0.30926514,0.21153514,0.131398
19345,2,3,False,0.5464055,0.11626271,0.21604352,0.5464055,0.042457346,0.07883093
371570,4,4,True,0.4963087,0.13812928,0.08292847,0.12846167,0.4963087,0.15417181
325378,3,5,False,0.3292993,0.1220547,0.15179388,0.18260331,0.21424875,0.3292993
168069,4,3,False,0.34230337,0.12937129,0.22115628,0.34230337,0.21645093,0.09071812
38238,4,4,True,0.3938577,0.15938966,0.12725586,0.16660668,0.3938577,0.15289019
234090,4,4,True,0.4162998,0.14072646,0.07848144,0.21979128,0.4162998,0.14470102
383975,4,4,True,0.3919969,0.12576133,0.1409097,0.19744164,0.3919969,0.14389044
45946,5,4,False,0.44973373,0.14150901,0.1551705,0.09787124,0.44973373,0.1557155
96956,4,4,True,0.37309527,0.12676881,0.051464867,0.3285949,0.37309527,0.12007615
75525,4,3,False,0.50909626,0.14269552,0.19886063,0.50909626,0.06880492,0.080542706
86957,1,3,False,0.4896066,0.1288013,0.18967903,0.4896066,0.09759599,0.09431708
72251,4,4,True,0.3550725,0.14944471,0.07571829,0.10554658,0.3550725,0.3142179
149988,3,3,True,0.46945804,0.1272613,0.15453291,0.46945804,0.14383675,0.10491099
171270,4,3,False,0.3456343,0.135567,0.14140815,0.3456343,0.260489,0.116901584
28605,5,5,True,0.3397856,0.19587463,0.14029305,0.08468217,0.23936458,0.3397856
87289,4,3,False,0.3718481,0.1618494,0.12334914,0.3718481,0.22183426,0.12111914
86445,4,4,True,0.30383006,0.17872879,0.12575315,0.117365345,0.30383006,0.2743227
341329,2,3,False,0.28150815,0.17138669,0.2647779,0.28150815,0.15362586,0.12870136
141196,2,3,False,0.26963475,0.20551959,0.18911259,0.26963475,0.23089279,0.1048403
265311,3,4,False,0.53408766,0.14631692,0.07257371,0.109247506,0.53408766,0.13777418
79400,4,5,False,0.2246827,0.17900819,0.21703841,0.17492211,0.20434856,0.2246827
113284,3,3,True,0.22337289,0.21830152,0.21392569,0.22337289,0.20520626,0.13919362
10434,4,4,True,0.2378396,0.18400481,0.18425478,0.22025803,0.2378396,0.17364283
132045,4,4,True,0.41050905,0.15360284,0.14924863,0.17001498,0.41050905,0.1166245
352609,2,3,False,0.307792,0.16580369,0.1753751,0.307792,0.14719245,0.20383677
184271,4,3,False,0.44463626,0.14779478,0.13239352,0.44463626,0.17445676,0.10071866
144510,3,3,True,0.3041173,0.1851266,0.20538239,0.3041173,0.1438104,0.16156328
359435,5,5,True,0.4312778,0.16561487,0.09635903,0.04649253,0.26025578,0.4312778
130570,4,4,True,0.48121846,0.14628083,0.12651949,0.043464296,0.48121846,0.20251693
189488,4,4,True,0.3376772,0.15645675,0.15302727,0.13857871,0.3376772,0.21426012
3813,4,5,False,0.22003059,0.19249992,0.18091924,0.18742189,0.21912833,0.22003059
99636,4,4,True,0.33378226,0.16931419,0.13036096,0.23143592,0.33378226,0.13510671
72578,4,4,True,0.40358478,0.14325899,0.15181702,0.19437006,0.40358478,0.10696911
39388,4,3,False,0.4769845,0.12834056,0.19410552,0.4769845,0.12622957,0.07433992
187129,2,3,False,0.41833144,0.1521285,0.16906202,0.41833144,0.15237635,0.108101666
366771,3,4,False,0.31199878,0.16875689,0.14128546,0.21099967,0.31199878,0.16695924
180173,4,3,False,0.45880675,0.13390009,0.1435926,0.45880675,0.18670571,0.076994844
50332,4,3,False,0.27464163,0.13717097,0.22302,0.27464163,0.2557558,0.10941157
354643,4,5,False,0.39511544,0.13845713,0.11194426,0.09172908,0.26275405,0.39511544
416380,4,3,False,0.53007394,0.1440009,0.22532105,0.53007394,0.04168823,0.058915835
13864,4,5,False,0.30709094,0.1813874,0.11053382,0.25815162,0.14283618,0.30709094
30192,4,4,True,0.41865647,0.14404728,0.1641034,0.12963581,0.41865647,0.14355709
169803,4,4,True,0.503147,0.14099361,0.10428491,0.09928749,0.503147,0.152287
82931,3,3,True,0.2724391,0.16104662,0.23851039,0.2724391,0.22018531,0.10781856
61516,4,2,False,0.2741402,0.19569764,0.2741402,0.25695443,0.16570365,0.10750407
68427,4,4,True,0.30477288,0.1810681,0.18992054,0.11599574,0.30477288,0.20824273
10130,4,1,False,0.2513995,0.2513995,0.24841326,0.21828522,0.12816589,0.1537361
4231,3,3,True,0.46877664,0.14222479,0.26524296,0.46877664,0.025045639,0.098710015
237516,3,3,True,0.32444653,0.12143737,0.2362301,0.32444653,0.20346852,0.11441751
74323,3,3,True,0.4207184,0.166388,0.18137136,0.4207184,0.12433371,0.107188486
78493,3,3,True,0.24761611,0.22275448,0.17289884,0.24761611,0.17424081,0.18248968
40405,4,4,True,0.47683048,0.1291544,0.10680002,0.11691095,0.47683048,0.1703041
48577,2,2,True,0.26698008,0.18637642,0.26698008,0.2660794,0.19456746,0.08599663
12002,4,4,True,0.3228211,0.15579937,0.19946496,0.09449718,0.3228211,0.22741736
392839,3,3,True,0.41916046,0.19825944,0.20219609,0.41916046,0.080486126,0.09989783
115559,3,3,True,0.41003263,0.14260338,0.23665196,0.41003263,0.08625332,0.124458715
196071,4,4,True,0.36268565,0.15312319,0.13011758,0.24540348,0.36268565,0.1086701
355221,5,5,True,0.35843635,0.15285547,0.13100083,0.16119328,0.19651413,0.35843635
247913,4,4,True,0.40645042,0.13588244,0.096294895,0.058402054,0.40645042,0.30297023
124697,3,3,True,0.27418786,0.16984582,0.25141892,0.27418786,0.18048735,0.124060035
369078,3,3,True,0.2748007,0.19924779,0.1203388,0.2748007,0.23948687,0.16612586
340926,4,4,True,0.30268446,0.15976527,0.093928605,0.29684645,0.30268446,0.14677522
197122,3,3,True,0.56353074,0.10611235,0.16897419,0.56353074,0.07722167,0.08416098
153853,4,5,False,0.33824107,0.17147702,0.16845083,0.13248956,0.18934152,0.33824107
382835,5,4,False,0.46024233,0.15764242,0.083366044,0.072964415,0.46024233,0.22578482
256884,4,3,False,0.24631135,0.15590744,0.1711706,0.24631135,0.18144049,0.24517009
31796,3,4,False,0.39485684,0.14488769,0.13395533,0.18693407,0.39485684,0.13936609
122065,3,4,False,0.4365618,0.1708181,0.13263538,0.10654064,0.4365618,0.15344411
186518,3,3,True,0.36263508,0.1734984,0.19849983,0.36263508,0.12092001,0.14444666
232624,3,3,True,0.29013538,0.16543199,0.18907611,0.29013538,0.19284719,0.16250932
163059,3,3,True,0.27277893,0.17491771,0.24279165,0.27277893,0.11892416,0.19058749
220539,4,4,True,0.32826793,0.15877394,0.15050064,0.18085063,0.32826793,0.18160686
154735,3,3,True,0.4486042,0.14978,0.20329507,0.4486042,0.098907836,0.09941293
37940,3,3,True,0.3550862,0.116842136,0.17121498,0.3550862,0.258552,0.098304704
18807,4,3,False,0.35301092,0.14216532,0.08232534,0.35301092,0.32335374,0.09914465
31421,3,3,True,0.4852102,0.1320358,0.25603116,0.4852102,0.061280474,0.065442346
190028,4,4,True,0.330121,0.16936523,0.14690155,0.14273518,0.330121,0.21087702
357333,4,4,True,0.54968154,0.09849229,0.069940366,0.048232067,0.54968154,0.23365371
31057,4,3,False,0.34903908,0.16646448,0.11915665,0.34903908,0.23044868,0.13489112
245200,4,3,False,0.36143813,0.15816525,0.09511471,0.36143813,0.2665113,0.118770674
136302,4,3,False,0.45116484,0.13842146,0.26831043,0.45116484,0.08289176,0.059211537
15141,3,2,False,0.27519608,0.14289562,0.27519608,0.27364662,0.17417842,0.13408329
164923,4,3,False,0.34761,0.15565638,0.10444253,0.34761,0.2610663,0.13122487
154020,4,4,True,0.35596618,0.17237544,0.10878311,0.07599859,0.35596618,0.28687665
44627,4,5,False,0.2820451,0.20189013,0.1325332,0.11032836,0.27320322,0.2820451
80119,3,4,False,0.32851958,0.13394472,0.15370011,0.25263643,0.32851958,0.13119912
102705,2,3,False,0.36008587,0.15104003,0.2047118,0.36008587,0.17290707,0.11125525
104038,3,3,True,0.3936549,0.1505603,0.1784235,0.3936549,0.1545042,0.12285711
186340,4,3,False,0.45213,0.12211492,0.16830564,0.45213,0.16912857,0.08832089
180949,4,4,True,0.3557161,0.14610828,0.1757524,0.20462608,0.3557161,0.11779709
248880,5,4,False,0.48264924,0.11162652,0.08038854,0.07576353,0.48264924,0.24957222
45477,4,3,False,0.40364695,0.13088818,0.10003202,0.40364695,0.2888783,0.076554574
274153,4,4,True,0.2511506,0.20594917,0.18301891,0.23855925,0.2511506,0.12132212
32396,3,3,True,0.54922324,0.116035245,0.25145236,0.54922324,0.0327376,0.050551575
92377,4,4,True,0.3699638,0.21633866,0.10186813,0.15109043,0.3699638,0.16073893
334585,3,3,True,0.40731934,0.12704754,0.19544566,0.40731934,0.16400315,0.106184356
87636,3,2,False,0.28460285,0.122990586,0.28460285,0.20570782,0.15058586,0.2361129
33189,4,4,True,0.2784358,0.1701323,0.1598121,0.18513356,0.2784358,0.20648624
40396,3,4,False,0.30677438,0.14308329,0.1661995,0.22842768,0.30677438,0.1555151
328699,5,5,True,0.29203445,0.18797043,0.16308656,0.17218062,0.18472795,0.29203445
221599,4,4,True,0.4227578,0.14827682,0.09399623,0.11192164,0.4227578,0.22304754
131016,4,4,True,0.4144041,0.14908361,0.07319261,0.1947311,0.4144041,0.16858861
201814,3,3,True,0.36274314,0.13114928,0.28598472,0.36274314,0.12974046,0.090382375
81574,4,3,False,0.2829659,0.18402435,0.14729805,0.2829659,0.23195928,0.15375239
116163,3,2,False,0.32467812,0.16905294,0.32467812,0.28841147,0.04725367,0.17060383
374805,4,4,True,0.5137626,0.13123477,0.06904561,0.09303952,0.5137626,0.19291751
48353,4,3,False,0.36659184,0.11885838,0.08683703,0.36659184,0.3388958,0.088816896
156042,2,3,False,0.3113399,0.1651591,0.18534978,0.3113399,0.22588743,0.1122638
97836,5,4,False,0.3317005,0.15278411,0.101779655,0.09579443,0.3317005,0.31794128
61526,3,4,False,0.4075927,0.13545236,0.11659925,0.09843542,0.4075927,0.2419203
56926,3,2,False,0.28573006,0.16678154,0.28573006,0.24139556,0.2118108,0.09428203
50258,3,3,True,0.33355787,0.18329267,0.22195043,0.33355787,0.17509536,0.086103715
373004,5,4,False,0.47907013,0.11310657,0.083154485,0.07316171,0.47907013,0.25150716
23965,4,3,False,0.4271268,0.13724948,0.22287843,0.4271268,0.11942871,0.09331661
50328,2,3,False,0.3811014,0.1270693,0.35110813,0.3811014,0.07397257,0.066748634
103353,4,4,True,0.36660865,0.16161475,0.11558007,0.2542526,0.36660865,0.10194393
115563,3,3,True,0.40616027,0.12909862,0.2717524,0.40616027,0.066256195,0.12673248
73090,4,4,True,0.34895852,0.15542606,0.13320851,0.24964869,0.34895852,0.11275826
113169,4,3,False,0.37761346,0.15393952,0.2596143,0.37761346,0.08176825,0.12706448
270741,4,4,True,0.4540439,0.14675866,0.13857955,0.12348736,0.4540439,0.13713051
96814,4,4,True,0.3157259,0.15380137,0.2384787,0.14944123,0.3157259,0.14255281
315934,3,4,False,0.42509738,0.17727771,0.12392526,0.17017426,0.42509738,0.103525355
148230,4,3,False,0.3021871,0.13989303,0.13081175,0.3021871,0.28873685,0.13837132
102361,3,4,False,0.4800349,0.14165309,0.08343404,0.1281774,0.4800349,0.16670053
76438,2,3,False,0.4464484,0.14370994,0.14336416,0.4464484,0.1618398,0.1046377
86420,4,4,True,0.34964895,0.15594733,0.09873399,0.10563475,0.34964895,0.29003492
89126,2,2,True,0.44570157,0.16062784,0.44570157,0.14481887,0.10844435,0.14040741
146671,5,5,True,0.37638307,0.14822206,0.06806989,0.047631074,0.35969388,0.37638307
236492,4,4,True,0.39666304,0.135003,0.103128664,0.10522653,0.39666304,0.25997883
48161,4,3,False,0.41743112,0.16549802,0.21254833,0.41743112,0.122524634,0.08199789
277595,3,4,False,0.25877136,0.21236344,0.13499981,0.2159805,0.25877136,0.17788488
101621,4,3,False,0.54692775,0.1587089,0.12047118,0.54692775,0.09756107,0.07633112
236613,2,4,False,0.24554719,0.18088634,0.16794302,0.23473758,0.24554719,0.17088588
64965,4,4,True,0.33677378,0.16008696,0.13598087,0.1693126,0.33677378,0.1978458
31569,3,3,True,0.3642285,0.14517118,0.16699786,0.3642285,0.2313306,0.092271864
67331,4,4,True,0.3699867,0.17939751,0.10218661,0.112354904,0.3699867,0.23607421
123039,3,3,True,0.41817483,0.17685874,0.20335299,0.41817483,0.10926579,0.092347674
116750,3,4,False,0.35702935,0.14556722,0.12259362,0.28476012,0.35702935,0.0900497
236677,3,4,False,0.28994316,0.15567803,0.18196273,0.20476551,0.28994316,0.16765058
109126,4,4,True,0.42917407,0.1506742,0.12050693,0.10940263,0.42917407,0.19024217
31000,3,3,True,0.37238955,0.16980752,0.19501078,0.37238955,0.13860925,0.124182895
50569,3,4,False,0.27790207,0.2084298,0.1691754,0.2279233,0.27790207,0.11656943
137394,3,4,False,0.5799996,0.11157382,0.07432955,0.14146075,0.5799996,0.09263624
133497,2,3,False,0.47097138,0.11023439,0.12702535,0.47097138,0.20319456,0.0885743
71705,4,3,False,0.35709223,0.18027975,0.22631024,0.35709223,0.103287,0.1330308
237202,4,4,True,0.50484216,0.14916082,0.08820633,0.102152914,0.50484216,0.15563777
418622,4,4,True,0.33679003,0.12068155,0.14135891,0.25554043,0.33679003,0.14562912
165113,4,3,False,0.39909166,0.1819993,0.1442922,0.39909166,0.18170822,0.09290866
368174,3,4,False,0.2996425,0.203418,0.19851205,0.14085084,0.2996425,0.15757658
44650,4,4,True,0.3234262,0.19157495,0.14269403,0.06675674,0.3234262,0.27554804
19528,1,3,False,0.6057097,0.0943277,0.2005379,0.6057097,0.011146228,0.0882785
4781,3,3,True,0.34076318,0.15344118,0.29210845,0.34076318,0.082852885,0.13083427
11191,4,3,False,0.4866351,0.1285663,0.22683273,0.4866351,0.059407312,0.09855853
146942,4,4,True,0.45362625,0.1667474,0.12887092,0.1565593,0.45362625,0.09419611
91438,4,2,False,0.4079346,0.16555563,0.4079346,0.21579808,0.09364642,0.117065325
92405,4,4,True,0.37549222,0.20430258,0.111010045,0.15016875,0.37549222,0.15902638
83815,5,5,True,0.36576465,0.17134534,0.084364876,0.14573774,0.23278737,0.36576465
439994,3,4,False,0.3846451,0.15339419,0.109245025,0.11237765,0.3846451,0.24033806
369707,4,4,True,0.5939683,0.121541515,0.075726405,0.115944475,0.5939683,0.09281933
200940,3,3,True,0.33866674,0.15516897,0.31587002,0.33866674,0.09603877,0.09425552
18645,3,3,True,0.3853199,0.16991366,0.13128369,0.3853199,0.23057523,0.08290758
333756,3,2,False,0.350379,0.14815943,0.350379,0.2421755,0.053315572,0.20597051
54435,3,3,True,0.3095793,0.14887232,0.22383603,0.3095793,0.22051188,0.09720042
324485,3,3,True,0.31470165,0.14161094,0.12748674,0.31470165,0.29872325,0.117477454
474934,4,4,True,0.57624197,0.103568114,0.07687965,0.083746925,0.57624197,0.15956332
137582,4,4,True,0.35652274,0.14778085,0.12507668,0.10847405,0.35652274,0.26214564
135639,4,5,False,0.24648893,0.16412443,0.1881214,0.24371757,0.1575476,0.24648893
142783,5,5,True,0.41740718,0.14426102,0.07775347,0.054091994,0.30648634,0.41740718
166649,3,4,False,0.4153334,0.1603028,0.13847132,0.1020123,0.4153334,0.1838802
90436,2,2,True,0.403303,0.14249194,0.403303,0.08603948,0.20475335,0.16341223
101315,3,3,True,0.46921095,0.11158938,0.28214675,0.46921095,0.058203682,0.07884929
3928,3,3,True,0.40605304,0.15445657,0.19172814,0.40605304,0.13156489,0.11619736
94750,3,4,False,0.32251555,0.16200913,0.16310282,0.13732255,0.32251555,0.21504995
15607,4,4,True,0.38593993,0.16185264,0.124836385,0.18763806,0.38593993,0.13973296
170549,5,4,False,0.4994244,0.11749093,0.10092884,0.058186952,0.4994244,0.22396883
130703,3,3,True,0.3708743,0.14001144,0.2194808,0.3708743,0.13396701,0.13566647
359446,5,5,True,0.4558821,0.15785484,0.10803869,0.06365781,0.21456663,0.4558821
171473,4,4,True,0.36219117,0.17234612,0.07285532,0.2955688,0.36219117,0.097038575
16667,3,3,True,0.28032538,0.19866244,0.23283216,0.28032538,0.16324729,0.12493276
56945,3,3,True,0.38358963,0.15096742,0.12252729,0.38358963,0.22806276,0.1148529
371554,4,4,True,0.60352653,0.09898326,0.065294564,0.068278596,0.60352653,0.16391702
29142,4,2,False,0.24212392,0.21396676,0.24212392,0.18543011,0.17739889,0.18108034
257094,3,4,False,0.44407582,0.13078734,0.0810566,0.27055556,0.44407582,0.07352476
19199,3,3,True,0.3698803,0.16791576,0.28016543,0.3698803,0.11664379,0.06539478
95629,3,3,True,0.42761108,0.13581976,0.2657124,0.42761108,0.06696022,0.103896536
374887,4,4,True,0.5040949,0.12776658,0.073162265,0.11049645,0.5040949,0.18447985
382348,2,5,False,0.28544012,0.22266231,0.20169224,0.18584836,0.10435698,0.28544012
29477,4,4,True,0.37360218,0.17002195,0.15607715,0.15419233,0.37360218,0.14610639
242688,3,5,False,0.2935488,0.19616266,0.12490374,0.14927882,0.23610596,0.2935488
12834,4,4,True,0.30032584,0.18461135,0.16261306,0.17770058,0.30032584,0.17474918
56028,4,5,False,0.33903712,0.18285899,0.11402823,0.06657831,0.2974973,0.33903712
38297,4,4,True,0.3121021,0.14193751,0.08440695,0.29074338,0.3121021,0.17081003
6848,4,3,False,0.3316998,0.13292633,0.16641653,0.3316998,0.26531863,0.10363871
119562,4,4,True,0.2652472,0.18445449,0.21178177,0.23984489,0.2652472,0.09867163
119658,2,5,False,0.3122155,0.19947307,0.1682388,0.15393229,0.16614032,0.3122155
338088,4,4,True,0.39991245,0.18331355,0.09736915,0.15866491,0.39991245,0.16074002
331907,4,4,True,0.44206157,0.17115456,0.0867662,0.09769002,0.44206157,0.2023277
91991,3,3,True,0.32942134,0.1853425,0.11329878,0.32942134,0.16628528,0.20565218
108922,2,3,False,0.4308252,0.15946259,0.21925123,0.4308252,0.10347949,0.08698151
15225,4,4,True,0.30789775,0.16813312,0.09312209,0.2836866,0.30789775,0.14716046
64607,4,4,True,0.33420664,0.14217965,0.13588747,0.19554855,0.33420664,0.19217776
14387,4,3,False,0.33339092,0.16921273,0.32174367,0.33339092,0.05639787,0.11925484
92140,2,2,True,0.40411928,0.17110567,0.40411928,0.18197064,0.12015056,0.122653864
59586,3,3,True,0.46334863,0.1686186,0.22919057,0.46334863,0.059950933,0.07889123
24646,3,3,True,0.423909,0.14991195,0.12186813,0.423909,0.19106954,0.11324132
255648,4,4,True,0.337386,0.1589597,0.10194772,0.23684686,0.337386,0.1648597
358320,4,4,True,0.35863036,0.15751418,0.08366354,0.06931357,0.35863036,0.33087838
104498,4,3,False,0.3111879,0.17189859,0.21288133,0.3111879,0.18943629,0.11459585
319700,3,4,False,0.42709166,0.13166542,0.109814234,0.2224858,0.42709166,0.10894292
58673,4,3,False,0.35451156,0.18295199,0.2523767,0.35451156,0.11667503,0.09348471
161678,4,4,True,0.29727495,0.17566544,0.13147804,0.25486743,0.29727495,0.1407141
83131,5,5,True,0.39310613,0.1717202,0.10769778,0.14747941,0.17999652,0.39310613
164951,5,5,True,0.35866854,0.21594463,0.11580151,0.12799498,0.18159032,0.35866854
236599,2,4,False,0.25325274,0.18532605,0.19424132,0.19008583,0.25325274,0.17709409
343984,4,5,False,0.2726437,0.19876637,0.1329148,0.13172211,0.2639531,0.2726437
373687,3,2,False,0.30302754,0.17021857,0.30302754,0.17599788,0.10711881,0.24363719
210652,4,4,True,0.36689743,0.1698037,0.13568567,0.11903793,0.36689743,0.20857531
198248,4,4,True,0.46949285,0.15242937,0.097452216,0.16149469,0.46949285,0.119130895
92109,4,5,False,0.4041238,0.14629373,0.08304287,0.048738234,0.3178013,0.4041238
48085,3,3,True,0.3548248,0.15616266,0.28432006,0.3548248,0.07966314,0.12502939
354187,4,4,True,0.39656726,0.13228922,0.107181,0.062400788,0.39656726,0.30156177
10482,3,3,True,0.42996806,0.18425436,0.1445933,0.42996806,0.10607088,0.13511336
60164,4,3,False,0.36085075,0.18838297,0.2347871,0.36085075,0.11574448,0.10023471
39160,5,5,True,0.33879086,0.20891234,0.19102666,0.16397738,0.09729275,0.33879086
357443,5,4,False,0.49639523,0.113472775,0.09071575,0.06747954,0.49639523,0.23193672
242240,3,4,False,0.4531834,0.13823551,0.1419086,0.17267343,0.4531834,0.093998976
477293,3,3,True,0.30255532,0.12792027,0.18745467,0.30255532,0.2304571,0.15161268
336592,4,4,True,0.7759823,0.07289206,0.029157689,0.04178058,0.7759823,0.08018731
16174,4,3,False,0.2796887,0.1367014,0.2002169,0.2796887,0.24551184,0.13788119
382888,4,4,True,0.39661413,0.17076911,0.09648763,0.0653008,0.39661413,0.27082822
175401,3,4,False,0.40951458,0.13034034,0.07421826,0.22233063,0.40951458,0.16359617
357872,4,4,True,0.42255324,0.13559704,0.10874726,0.10452218,0.42255324,0.22858022
64664,4,4,True,0.4413027,0.14073491,0.0944738,0.13540436,0.4413027,0.18808421
61915,4,3,False,0.30748114,0.19778837,0.20173898,0.30748114,0.1815975,0.111393996
40467,4,4,True,0.53238726,0.11285343,0.10248632,0.09758255,0.53238726,0.15469043
142703,4,5,False,0.40940776,0.134669,0.0700243,0.040534373,0.34536454,0.40940776
359519,3,5,False,0.4208919,0.1678478,0.11771667,0.067630984,0.22591266,0.4208919
222461,4,4,True,0.52119523,0.13547756,0.10951244,0.09376712,0.52119523,0.14004758
173674,5,5,True,0.3481642,0.18902162,0.24562678,0.10648006,0.110707305,0.3481642
241512,4,4,True,0.33714807,0.19613962,0.098266855,0.13782349,0.33714807,0.23062192
156770,3,5,False,0.2801033,0.12982474,0.26469496,0.09423395,0.23114303,0.2801033
96104,3,4,False,0.26935148,0.16648579,0.115269616,0.18748868,0.26935148,0.26140445
28591,4,5,False,0.30510432,0.20310968,0.16682288,0.10054621,0.22441693,0.30510432
395124,4,2,False,0.30680558,0.20751435,0.30680558,0.25611788,0.1193652,0.110197
74679,4,4,True,0.34845603,0.18293482,0.12812322,0.20011757,0.34845603,0.14036837
29178,4,2,False,0.23500313,0.21280512,0.23500313,0.21732995,0.1537689,0.18109284
15148,2,2,True,0.29673976,0.14235017,0.29673976,0.28567198,0.12871596,0.14652218
357979,4,4,True,0.3459507,0.16880436,0.10392586,0.0638833,0.3459507,0.31743577
358468,4,5,False,0.4685712,0.1636685,0.08601154,0.049916476,0.23183228,0.4685712
12927,4,3,False,0.36277223,0.12992367,0.14245884,0.36277223,0.22181843,0.1430268
333753,2,2,True,0.30700547,0.16253921,0.30700547,0.26068744,0.046028294,0.22373958
383237,4,3,False,0.4477163,0.15326333,0.12964374,0.4477163,0.19916458,0.07021204
148408,5,5,True,0.5582193,0.14738427,0.10569226,0.041904338,0.14679982,0.5582193
247060,5,4,False,0.45399466,0.12721232,0.08514775,0.05791844,0.45399466,0.2757268
22873,4,4,True,0.43686453,0.15673968,0.111311324,0.14591505,0.43686453,0.14916936
147810,3,4,False,0.40004387,0.1718859,0.15932955,0.092141844,0.40004387,0.17659883
28862,4,4,True,0.23338507,0.20125818,0.21866529,0.17093551,0.23338507,0.17575604
42286,4,3,False,0.30038622,0.14165556,0.29527193,0.30038622,0.15023404,0.11245225
156744,4,4,True,0.29039922,0.1278277,0.23951316,0.10196048,0.29039922,0.2402995
54094,4,3,False,0.5445696,0.09074777,0.26496664,0.5445696,0.051006693,0.048709273
247129,4,4,True,0.48887688,0.110886194,0.08148125,0.057586826,0.48887688,0.26116884
50192,3,3,True,0.34928805,0.13135977,0.17578977,0.34928805,0.24191658,0.101645865
53683,3,4,False,0.4337801,0.12325479,0.057907496,0.25677702,0.4337801,0.12828054
92149,2,2,True,0.44646403,0.16428879,0.44646403,0.1661147,0.12024328,0.10288916
364707,4,4,True,0.36394674,0.16674308,0.14177854,0.20459212,0.36394674,0.12293955
271557,3,3,True,0.41311973,0.15140457,0.3032119,0.41311973,0.06544572,0.06681807
100842,3,3,True,0.4701731,0.12855239,0.11761748,0.4701731,0.19190997,0.09174708
59512,3,3,True,0.38645673,0.16564266,0.29966998,0.38645673,0.04890827,0.0993224
168483,4,4,True,0.357389,0.1564596,0.12863743,0.22075331,0.357389,0.13676067
5702,4,3,False,0.4977203,0.119846195,0.09106838,0.4977203,0.21869469,0.0726704
150368,2,3,False,0.34079933,0.17598136,0.13001233,0.34079933,0.17382039,0.17938659
357790,4,4,True,0.46019205,0.12716335,0.09432667,0.077483624,0.46019205,0.24083433
361186,4,3,False,0.22443686,0.20750408,0.19181259,0.22443686,0.21868213,0.15756431
214404,2,4,False,0.415821,0.12240718,0.16932355,0.18589833,0.415821,0.106549926
18486,4,5,False,0.31963673,0.17355587,0.13518518,0.119103506,0.25251868,0.31963673
167167,4,4,True,0.5631624,0.11396673,0.06174117,0.13445283,0.5631624,0.12667686
426596,4,4,True,0.30802962,0.14808336,0.22338343,0.19363472,0.30802962,0.12686883
149109,4,4,True,0.24295574,0.17510177,0.15008725,0.21347253,0.24295574,0.21838266
172930,4,3,False,0.3782299,0.1446645,0.074768685,0.3782299,0.2973288,0.10500806
14029,4,3,False,0.36245915,0.18337438,0.12490046,0.36245915,0.18650542,0.14276062
93417,4,4,True,0.34648433,0.11804036,0.09342732,0.10035168,0.34648433,0.34169626
57515,2,3,False,0.51366895,0.15789774,0.16196074,0.51366895,0.06612918,0.100343436
254384,4,3,False,0.22307123,0.15990871,0.21291634,0.22307123,0.20562908,0.19847465
105845,4,3,False,0.31445244,0.15419365,0.21042207,0.31445244,0.15921314,0.16171871
24833,4,5,False,0.25956944,0.19936003,0.13040471,0.19359426,0.21707156,0.25956944
124886,4,3,False,0.27119583,0.19118254,0.18823822,0.27119583,0.17418085,0.17520261
423744,4,4,True,0.56462264,0.11432507,0.09484012,0.05253457,0.56462264,0.17367758
146619,4,4,True,0.41827154,0.14785238,0.07706369,0.064061,0.41827154,0.29275146
45950,4,4,True,0.29218012,0.17398421,0.17417435,0.15036899,0.29218012,0.20929231
386610,4,4,True,0.28499722,0.18312602,0.1318944,0.22253956,0.28499722,0.17744279
166966,4,3,False,0.3176491,0.14962023,0.13198523,0.3176491,0.27594966,0.1247958
315922,2,4,False,0.39077356,0.17561305,0.12854123,0.19431783,0.39077356,0.11075439
160244,3,2,False,0.25809592,0.16049768,0.25809592,0.23207822,0.1702389,0.17908926
76491,3,3,True,0.46726206,0.12599887,0.26944864,0.46726206,0.043863475,0.09342696
35289,3,4,False,0.5012503,0.12954873,0.09760999,0.17544413,0.5012503,0.09614683
204636,3,3,True,0.3697616,0.18194926,0.16544029,0.3697616,0.07508095,0.20776798
54486,3,3,True,0.3975621,0.16667415,0.16549827,0.3975621,0.1742506,0.0960149
253237,3,5,False,0.25996125,0.20124003,0.21635424,0.21270204,0.109742425,0.25996125
133659,4,3,False,0.4003276,0.14155638,0.15807445,0.4003276,0.22267239,0.077369146
239756,4,4,True,0.4467143,0.1343397,0.11492532,0.12488174,0.4467143,0.17913888
125717,4,3,False,0.44380736,0.12740909,0.23276135,0.44380736,0.11868214,0.07734004
140525,4,4,True,0.4784437,0.13394763,0.099737786,0.05716952,0.4784437,0.2307014
200026,4,4,True,0.40347654,0.15073264,0.07535237,0.05584016,0.40347654,0.31459823
162947,4,4,True,0.3375372,0.15381216,0.16388203,0.12475253,0.3375372,0.22001614
86837,4,4,True,0.3791854,0.16864972,0.2320073,0.121484034,0.3791854,0.09867348
3860,3,4,False,0.29691565,0.190493,0.14408976,0.15506934,0.29691565,0.21343231
377266,4,2,False,0.24494311,0.1618865,0.24494311,0.16831952,0.2005784,0.22427256
418632,3,4,False,0.41360527,0.1340962,0.110052556,0.22061111,0.41360527,0.12163482
106784,3,3,True,0.54028493,0.12830068,0.17344533,0.54028493,0.06448007,0.093488984
104029,4,3,False,0.3803659,0.15527222,0.23526962,0.3803659,0.103043295,0.12604892
334468,4,4,True,0.33880585,0.19134216,0.10992131,0.1394961,0.33880585,0.22043456
6546,4,3,False,0.3758394,0.15968035,0.18914567,0.3758394,0.15099664,0.12433792
87071,4,3,False,0.22241779,0.190673,0.19513427,0.22241779,0.2218139,0.169961
166436,4,4,True,0.42761627,0.1675799,0.13909428,0.1317921,0.42761627,0.13391748
162975,4,4,True,0.3171014,0.14634816,0.15292557,0.15375374,0.3171014,0.2298711
4573,3,3,True,0.4897616,0.14325507,0.22498214,0.4897616,0.07790939,0.06409187
116428,4,3,False,0.37973386,0.13554764,0.12914309,0.37973386,0.20130655,0.15426883
373868,4,4,True,0.38414386,0.14071101,0.11282023,0.048111003,0.38414386,0.31421393
191733,3,3,True,0.311317,0.22986561,0.18573159,0.311317,0.10446222,0.16862354
156789,3,4,False,0.27071914,0.1265372,0.26910788,0.11029161,0.27071914,0.22334415
360851,5,4,False,0.29361743,0.17685635,0.12524807,0.14433004,0.29361743,0.25994807
40462,4,4,True,0.51277214,0.10818626,0.10031602,0.108973354,0.51277214,0.16975221
124720,4,4,True,0.2536527,0.16779879,0.21531703,0.22663286,0.2536527,0.1365986
417452,4,4,True,0.693209,0.098644584,0.05375631,0.0547335,0.693209,0.09965659
24598,4,3,False,0.24265094,0.1412734,0.22919972,0.24265094,0.15576193,0.23111404
11627,5,5,True,0.3509788,0.1680402,0.20305622,0.13484913,0.14307567,0.3509788
65672,4,3,False,0.4184378,0.15231164,0.2952688,0.4184378,0.04898646,0.0849953
79045,4,3,False,0.3005539,0.19595498,0.19519515,0.3005539,0.2176274,0.090668626
130099,4,3,False,0.5011898,0.12576327,0.21717131,0.5011898,0.07628399,0.079591624
184636,4,3,False,0.4508786,0.13852388,0.17907326,0.4508786,0.12458417,0.10694015
127285,3,3,True,0.4354441,0.15316004,0.15282497,0.4354441,0.13609374,0.122477144
365799,4,4,True,0.5895208,0.121269934,0.08628203,0.12914532,0.5895208,0.073781945
133442,4,3,False,0.34289175,0.13120215,0.16486466,0.34289175,0.2651552,0.09588624
85804,5,4,False,0.3102927,0.17072685,0.16789469,0.18786967,0.3102927,0.16321605
347816,4,4,True,0.31648535,0.20506805,0.11791494,0.15927413,0.31648535,0.20125751
97033,3,4,False,0.30633283,0.16109058,0.25316456,0.1398739,0.30633283,0.13953818
28972,4,2,False,0.24558212,0.20104411,0.24558212,0.24363638,0.16348948,0.14624798
13906,2,3,False,0.33203137,0.14424524,0.12581964,0.33203137,0.28050026,0.11740349
91227,4,3,False,0.31671932,0.17982039,0.18534881,0.31671932,0.2037528,0.114358686
99555,4,4,True,0.54310423,0.13354407,0.07277575,0.14194871,0.54310423,0.10862723
141191,3,3,True,0.2692757,0.21219416,0.2343082,0.2692757,0.15004551,0.13417646
135185,4,3,False,0.36828235,0.17800586,0.12632348,0.36828235,0.21603163,0.11135671
148538,5,5,True,0.6387542,0.12977682,0.09789978,0.049500957,0.08406836,0.6387542
63733,4,2,False,0.359343,0.15632856,0.359343,0.33466572,0.06935817,0.080304526
83905,3,4,False,0.3297331,0.13993694,0.11559584,0.26576817,0.3297331,0.14896597
231495,4,4,True,0.31409118,0.20929518,0.13195871,0.19524662,0.31409118,0.14940827
44276,4,4,True,0.47330767,0.13841355,0.10069369,0.046467282,0.47330767,0.24111775
62147,2,4,False,0.29440483,0.16549584,0.23974508,0.21273692,0.29440483,0.0876173
357746,3,4,False,0.44002923,0.138276,0.10673536,0.07563223,0.44002923,0.23932725
222213,4,3,False,0.2923047,0.1451132,0.13591547,0.2923047,0.2582119,0.16845469
247915,5,4,False,0.37368765,0.1509531,0.09744663,0.05997763,0.37368765,0.317935
246840,4,4,True,0.4557428,0.13079932,0.09015193,0.048173297,0.4557428,0.2751327
169810,4,3,False,0.27785817,0.17936723,0.16868708,0.27785817,0.22289743,0.15119003
214745,2,4,False,0.35074934,0.13496342,0.17900155,0.20247947,0.35074934,0.13280623
28570,4,5,False,0.31682947,0.1959153,0.173542,0.13686533,0.17684789,0.31682947
2733,4,4,True,0.41079825,0.15384455,0.1467656,0.16579175,0.41079825,0.12279984
203492,5,5,True,0.45202526,0.15348732,0.20590988,0.14665845,0.041919105,0.45202526
409197,4,4,True,0.295488,0.1904282,0.14696608,0.2601998,0.295488,0.1069179
339990,4,2,False,0.2865784,0.14249784,0.2865784,0.2808683,0.19314773,0.09690776
415428,4,4,True,0.28605026,0.14796418,0.22450809,0.22282436,0.28605026,0.1186531
409192,3,1,False,0.244213,0.244213,0.19481392,0.1935733,0.24295732,0.124442406
239760,3,4,False,0.43960512,0.13877597,0.11543842,0.13191925,0.43960512,0.17426133
77296,5,4,False,0.40334857,0.15809864,0.10806849,0.048860133,0.40334857,0.2816241
361438,4,4,True,0.37139332,0.15335712,0.10208235,0.22771598,0.37139332,0.14545122
52404,3,3,True,0.27774376,0.20315136,0.25350612,0.27774376,0.16201456,0.10358422
45114,4,2,False,0.35571003,0.1635224,0.35571003,0.33021897,0.054793857,0.09575474
373179,4,4,True,0.40358144,0.13558859,0.12946005,0.13396187,0.40358144,0.19740804
173725,4,4,True,0.2574396,0.17434803,0.18657638,0.13866588,0.2574396,0.24297012
320234,3,3,True,0.41728422,0.15858832,0.24058154,0.41728422,0.079689935,0.103855915
56154,3,3,True,0.37401697,0.12030225,0.3689959,0.37401697,0.047500383,0.08918453
374504,4,4,True,0.49291795,0.12565108,0.07725557,0.04258555,0.49291795,0.26158983
5997,4,3,False,0.33995628,0.15521027,0.12235958,0.33995628,0.26802728,0.114446595
389640,4,4,True,0.39381236,0.17478852,0.14767446,0.19877914,0.39381236,0.08494558
151997,3,3,True,0.3618442,0.1477681,0.11421686,0.3618442,0.25637528,0.1197956
407932,4,4,True,0.36536908,0.14643174,0.14010692,0.23979577,0.36536908,0.10829645
146870,4,3,False,0.4382011,0.163385,0.20925662,0.4382011,0.102216944,0.08694027
120757,3,4,False,0.30838454,0.18798228,0.185811,0.23041975,0.30838454,0.0874024
432875,4,3,False,0.35967314,0.17559068,0.23850371,0.35967314,0.1010047,0.12522781
86941,3,3,True,0.36572427,0.16497605,0.23180608,0.36572427,0.109113894,0.12837972
60774,4,4,True,0.41689575,0.16441748,0.14748448,0.17390297,0.41689575,0.09729936
73099,4,3,False,0.3515187,0.13414295,0.14335434,0.3515187,0.26805934,0.102924675
110159,4,3,False,0.2706381,0.22701386,0.23502475,0.2706381,0.11666677,0.1506565
120384,3,3,True,0.51141727,0.11489323,0.101270236,0.51141727,0.18374497,0.08867426
338426,3,3,True,0.38639513,0.20197311,0.10002954,0.38639513,0.20944253,0.10215973
321741,4,3,False,0.32463285,0.19146347,0.27336442,0.32463285,0.052696023,0.1578432
137944,3,4,False,0.31895053,0.11901636,0.1465033,0.25282258,0.31895053,0.16270722
155265,3,3,True,0.42625967,0.1159581,0.26822597,0.42625967,0.11297626,0.07657997
368917,3,3,True,0.31542733,0.16716556,0.11418405,0.31542733,0.26125762,0.14196537
50269,2,3,False,0.43285716,0.13407041,0.23998833,0.43285716,0.12352412,0.06955998
191535,4,5,False,0.35110378,0.22402696,0.11974345,0.1572689,0.14785695,0.35110378
234577,4,4,True,0.33111745,0.14067362,0.08208313,0.31552488,0.33111745,0.13060091
202243,4,4,True,0.30310804,0.18600677,0.1296809,0.15098312,0.30310804,0.23022118
62263,4,4,True,0.29952416,0.21640481,0.14822099,0.14644511,0.29952416,0.18940495
157769,3,3,True,0.42745623,0.1348562,0.16429064,0.42745623,0.17808326,0.09531362
137897,3,4,False,0.3100618,0.121617176,0.1659473,0.24319002,0.3100618,0.15918367
351173,4,4,True,0.2651539,0.19439599,0.16236612,0.17305806,0.2651539,0.20502593
114124,3,3,True,0.3377968,0.19275007,0.31788912,0.3377968,0.06307882,0.08848514
144059,4,4,True,0.32286683,0.20138118,0.113434784,0.23313703,0.32286683,0.12918018
79761,4,5,False,0.39675272,0.18243894,0.10059134,0.078394175,0.2418228,0.39675272
87685,3,2,False,0.32915637,0.13243593,0.32915637,0.20092696,0.10953108,0.22794962
277597,4,4,True,0.23763283,0.21228693,0.16038056,0.22703795,0.23763283,0.16266173
98655,3,3,True,0.43860105,0.14728704,0.30308968,0.43860105,0.04441382,0.066608466
128829,5,4,False,0.31738722,0.1601578,0.24586375,0.11636598,0.31738722,0.16022527
155046,3,3,True,0.43775403,0.12927549,0.12100376,0.43775403,0.20704417,0.10492257
17561,3,3,True,0.33629724,0.17279728,0.20995136,0.33629724,0.16803946,0.11291463
66363,4,3,False,0.33241653,0.13665354,0.22556257,0.33241653,0.17705922,0.1283082
125149,4,3,False,0.2918664,0.113664486,0.18703075,0.2918664,0.2602624,0.14717592
246356,3,3,True,0.28777662,0.19306189,0.2125797,0.28777662,0.117789276,0.18879257
154057,4,5,False,0.32782438,0.12856323,0.16051722,0.09519947,0.28789568,0.32782438
152594,4,3,False,0.3163882,0.1801574,0.17328338,0.3163882,0.16697101,0.16319998
37224,4,3,False,0.3107457,0.14147173,0.23840064,0.3107457,0.21995018,0.08943185
419738,3,4,False,0.34789088,0.14277925,0.18401559,0.17732422,0.34789088,0.14799008
357469,5,4,False,0.45999587,0.12718664,0.09065571,0.07503317,0.45999587,0.24712864
25227,3,3,True,0.30386162,0.19637597,0.17502405,0.30386162,0.19703639,0.127702
6986,3,3,True,0.37955678,0.17483446,0.20443822,0.37955678,0.14486985,0.09630071
320688,3,4,False,0.3676333,0.1989448,0.1799773,0.1244621,0.3676333,0.12898247
109616,4,3,False,0.38510755,0.14536032,0.19048713,0.38510755,0.1880359,0.09100909
375548,5,4,False,0.41220844,0.14976847,0.12662616,0.13373762,0.41220844,0.17765933
173888,4,3,False,0.47940356,0.13707587,0.1687235,0.47940356,0.12479963,0.08999742
49855,4,3,False,0.46642724,0.15760861,0.20808755,0.46642724,0.08795345,0.079923056
92925,3,5,False,0.27161375,0.20887537,0.1331128,0.21014422,0.17625381,0.27161375
41704,3,3,True,0.30115202,0.14055997,0.21682988,0.30115202,0.25511807,0.08634004
50130,4,3,False,0.47661236,0.12115579,0.24148534,0.47661236,0.09844108,0.06230543
18281,4,4,True,0.31991637,0.1865555,0.120141715,0.1889428,0.31991637,0.18444356
373614,4,4,True,0.3277551,0.1331458,0.12141709,0.13110298,0.3277551,0.28657907
164178,3,3,True,0.4366296,0.11768865,0.14262965,0.4366296,0.20261076,0.100441344
193784,5,3,False,0.2896771,0.16224238,0.15791155,0.2896771,0.23558903,0.15457992
61762,5,4,False,0.30262357,0.163798,0.16323972,0.14689395,0.30262357,0.22344476
415016,2,4,False,0.447415,0.10811349,0.13016158,0.14559998,0.447415,0.16870996
258055,3,3,True,0.51591116,0.17932577,0.09860794,0.51591116,0.12412456,0.082030535
134780,3,3,True,0.40767664,0.16626444,0.2513689,0.40767664,0.09972258,0.07496741
491167,5,4,False,0.514935,0.12535432,0.109569706,0.11060265,0.514935,0.1395383
213911,3,3,True,0.346355,0.17014442,0.14085609,0.346355,0.20421207,0.13843241
54194,4,3,False,0.38343385,0.13285396,0.16006215,0.38343385,0.23208429,0.09156578
50268,2,3,False,0.4794295,0.13610862,0.24894556,0.4794295,0.07774383,0.05777247
386593,4,3,False,0.30895784,0.23290321,0.12076835,0.30895784,0.20744444,0.12992615
15918,4,3,False,0.31604946,0.18159395,0.19407761,0.31604946,0.16270661,0.14557233
263078,3,3,True,0.43950865,0.16798295,0.13313662,0.43950865,0.15310915,0.10626266
26630,5,4,False,0.32175034,0.15368737,0.16136345,0.1034963,0.32175034,0.25970256
32870,4,4,True,0.304664,0.14954963,0.16622174,0.22321025,0.304664,0.15635437
424071,3,4,False,0.42334828,0.10502734,0.13377553,0.21364208,0.42334828,0.124206774
405261,3,4,False,0.34093955,0.1409208,0.125791,0.10895218,0.34093955,0.28339648
37803,4,4,True,0.2532545,0.18778867,0.21460862,0.23935881,0.2532545,0.104989335
72984,3,4,False,0.3615868,0.16510893,0.09350575,0.21167856,0.3615868,0.16811994
158594,3,3,True,0.38234365,0.14568359,0.15226538,0.38234365,0.18435553,0.13535185
268126,4,4,True,0.2854059,0.17228606,0.12626617,0.2575158,0.2854059,0.15852608
412542,3,4,False,0.2280365,0.18148696,0.19471423,0.22386134,0.2280365,0.17190099
247975,4,4,True,0.43817654,0.1333605,0.0811417,0.04746766,0.43817654,0.29985362
32575,3,4,False,0.26777175,0.19770291,0.14738217,0.2378371,0.26777175,0.14930607
418422,2,3,False,0.3602806,0.20135695,0.22023106,0.3602806,0.1016623,0.11646902
13479,4,5,False,0.24764042,0.1572042,0.23427948,0.2363828,0.12449314,0.24764042
148941,4,3,False,0.4279689,0.17091915,0.31021738,0.4279689,0.034500174,0.056394424
137121,2,5,False,0.29304728,0.19360766,0.23951711,0.18936746,0.0844605,0.29304728
116229,2,3,False,0.5256574,0.1414744,0.17642857,0.5256574,0.09619511,0.060244508
348142,3,4,False,0.27987206,0.18685676,0.15434751,0.22543202,0.27987206,0.15349166
35722,3,3,True,0.39245838,0.13699883,0.11942418,0.39245838,0.27284926,0.078269415
144330,4,3,False,0.35335144,0.15748475,0.18780105,0.35335144,0.17371295,0.12764978
168515,4,4,True,0.3564211,0.15519963,0.14169748,0.17350535,0.3564211,0.17317645
247314,4,4,True,0.435321,0.12998655,0.11229447,0.071024284,0.435321,0.2513737
109742,3,3,True,0.31379303,0.19972453,0.21533096,0.31379303,0.11385862,0.15729284
427699,4,4,True,0.33786842,0.17780575,0.16849229,0.21120405,0.33786842,0.104629524
355114,5,5,True,0.40767914,0.14665723,0.11279211,0.114268,0.21860355,0.40767914
153632,5,4,False,0.35583258,0.15916799,0.11045568,0.045431767,0.35583258,0.32911196
41083,4,2,False,0.30506557,0.17493686,0.30506557,0.17033507,0.19763742,0.15202512
29062,4,2,False,0.23796956,0.19065748,0.23796956,0.2352155,0.1264914,0.20966606
72842,4,4,True,0.3369025,0.14774977,0.20643477,0.21689926,0.3369025,0.09201368
24274,4,3,False,0.476932,0.17192656,0.17457728,0.476932,0.08235938,0.094204694
155573,3,4,False,0.33289993,0.20600979,0.16213088,0.18519369,0.33289993,0.11376566
329963,3,5,False,0.26494023,0.20677723,0.1499225,0.14577325,0.23258677,0.26494023
89286,3,4,False,0.32003286,0.14217629,0.17516714,0.2914454,0.32003286,0.07117836
28613,4,5,False,0.29640535,0.20154703,0.16813737,0.13528766,0.1986226,0.29640535
59970,3,3,True,0.53989,0.15502557,0.13414271,0.53989,0.10478303,0.06615869
325459,4,4,True,0.3707025,0.17686856,0.13817734,0.20793779,0.3707025,0.10631377
146464,4,4,True,0.3737794,0.15013433,0.07591094,0.0494546,0.3737794,0.35072085
32169,4,1,False,0.26582316,0.26582316,0.21105722,0.24885274,0.11516351,0.15910341
138125,2,3,False,0.2877266,0.16302349,0.2757688,0.2877266,0.15723659,0.11624457
320394,4,3,False,0.470084,0.13315004,0.18537131,0.470084,0.12716575,0.08422884
439993,4,4,True,0.37952083,0.15433331,0.11058645,0.11368986,0.37952083,0.24186954
137418,4,4,True,0.47348368,0.14063348,0.08583652,0.07021751,0.47348368,0.22982876
424123,3,3,True,0.30832914,0.12942524,0.120435536,0.30832914,0.22863606,0.213174
144743,4,5,False,0.4511351,0.13485909,0.053271145,0.038983773,0.32175094,0.4511351
72303,3,3,True,0.30622253,0.14270523,0.2098031,0.30622253,0.21364136,0.12762775
65340,2,3,False,0.40827972,0.15815446,0.33737627,0.40827972,0.043243904,0.052945696
213890,4,3,False,0.4967214,0.1655449,0.21300243,0.4967214,0.05997478,0.06475653
251860,4,2,False,0.32261324,0.18055625,0.32261324,0.15200508,0.16682544,0.17799999
418458,4,3,False,0.55938,0.13080828,0.11435241,0.55938,0.08605228,0.1094071
10810,2,2,True,0.3010669,0.14088574,0.3010669,0.19956619,0.22752519,0.13095596
340564,3,3,True,0.3146943,0.15471949,0.09355009,0.3146943,0.2999341,0.13710208
73453,4,4,True,0.3115929,0.17485955,0.19480285,0.22377537,0.3115929,0.09496938
61756,4,5,False,0.22401902,0.17019369,0.20871237,0.21114506,0.1859299,0.22401902
16121,4,4,True,0.34439623,0.14449194,0.14347903,0.2673165,0.34439623,0.1003163
344077,3,3,True,0.49336326,0.18265332,0.19074385,0.49336326,0.06486192,0.06837764
165785,3,3,True,0.41729754,0.1257596,0.1214906,0.41729754,0.19490972,0.14054257
45987,3,3,True,0.31204936,0.16906983,0.1641804,0.31204936,0.21825312,0.13644728
50270,3,3,True,0.36614746,0.13439517,0.29413605,0.36614746,0.12902088,0.076300435
352186,4,3,False,0.34767702,0.16093919,0.14852352,0.34767702,0.2487397,0.09412053
32151,4,3,False,0.40664577,0.17147319,0.28326827,0.40664577,0.044304892,0.09430789
163007,4,4,True,0.2575964,0.17503387,0.15526001,0.15510152,0.2575964,0.25700825
78483,3,3,True,0.3310828,0.16616336,0.15236245,0.3310828,0.25672615,0.09366532
477507,4,4,True,0.48504657,0.15075979,0.08432855,0.091782674,0.48504657,0.18808243
362739,2,3,False,0.35475394,0.16484036,0.20360886,0.35475394,0.17500405,0.10179279
91978,4,3,False,0.4447206,0.1358625,0.14367826,0.4447206,0.16322128,0.112517394
168875,4,4,True,0.37190607,0.12304299,0.10084143,0.29389638,0.37190607,0.11031317
162753,3,3,True,0.39075866,0.16511938,0.2707129,0.39075866,0.037067182,0.13634188
148566,5,5,True,0.6296952,0.14155371,0.09964007,0.03969705,0.08941396,0.6296952
333509,4,4,True,0.31640494,0.16095214,0.13854297,0.2763587,0.31640494,0.107741304
247203,4,4,True,0.3982165,0.1513265,0.106147185,0.07409924,0.3982165,0.27021053
146196,4,4,True,0.52754325,0.12884386,0.048369043,0.1953262,0.52754325,0.09991766
82788,4,4,True,0.39980114,0.13467027,0.12238853,0.08510839,0.39980114,0.25803176
110424,2,3,False,0.38063776,0.20220971,0.23947512,0.38063776,0.08410293,0.09357439
92943,5,5,True,0.29666296,0.19014047,0.14825144,0.13452363,0.2304215,0.29666296
89561,4,4,True,0.28558883,0.15771195,0.11677408,0.27817684,0.28558883,0.16174826
124488,3,4,False,0.34159014,0.17006241,0.15953672,0.22493829,0.34159014,0.103872485
59447,3,3,True,0.36277533,0.13916717,0.15354373,0.36277533,0.22522661,0.11928721
25607,4,5,False,0.27315328,0.25459135,0.10933863,0.214636,0.14828077,0.27315328
248423,4,5,False,0.3880017,0.12728384,0.07365652,0.058857404,0.35220048,0.3880017
265110,4,3,False,0.43321952,0.17305344,0.10105846,0.43321952,0.18415314,0.10851539
187791,3,3,True,0.38936692,0.19923477,0.18844555,0.38936692,0.1017061,0.12124672
24769,3,3,True,0.37330446,0.13705337,0.31189644,0.37330446,0.105884664,0.07186101
382455,2,5,False,0.27833402,0.23212305,0.23661458,0.14263918,0.11028914,0.27833402
40831,4,3,False,0.3524825,0.1708152,0.09107269,0.3524825,0.23578024,0.14984946
340660,3,3,True,0.2865512,0.2149321,0.14853878,0.2865512,0.20803086,0.14194706
157919,3,3,True,0.36540428,0.16291934,0.14641741,0.36540428,0.17192702,0.1533319
4544,3,3,True,0.42212245,0.14238861,0.25489545,0.42212245,0.10264597,0.07794755
69160,3,3,True,0.37679076,0.15599087,0.17877379,0.37679076,0.19205809,0.096386515
167269,4,4,True,0.3300002,0.16926606,0.09867779,0.29181984,0.3300002,0.11023614
359449,4,5,False,0.42242798,0.16068225,0.10879364,0.06535328,0.24274285,0.42242798
26275,4,3,False,0.45942473,0.12860595,0.20944747,0.45942473,0.122579515,0.0799423
90422,3,3,True,0.42273092,0.16372544,0.21823792,0.42273092,0.112112164,0.08319363
122485,3,2,False,0.3498377,0.123448625,0.3498377,0.27470133,0.10085517,0.15115725
107209,4,4,True,0.30738726,0.1515945,0.12785149,0.2946029,0.30738726,0.11856387
354190,5,4,False,0.4410241,0.12772076,0.085231036,0.051316846,0.4410241,0.2947072
127276,4,3,False,0.44383314,0.16130935,0.14506997,0.44383314,0.16613968,0.083647914
10504,4,3,False,0.4315374,0.19088137,0.12469161,0.4315374,0.11250159,0.14038801
57910,3,4,False,0.45273483,0.1442865,0.11468933,0.1694204,0.45273483,0.1188689
65267,3,3,True,0.4109257,0.15652354,0.2436214,0.4109257,0.10621754,0.082711846
20693,3,3,True,0.48656267,0.133059,0.13519554,0.48656267,0.15317412,0.09200861
373717,3,5,False,0.24952404,0.16011438,0.24284787,0.20971157,0.13780211,0.24952404
96091,4,5,False,0.27706873,0.18497862,0.09679163,0.19744456,0.24371648,0.27706873
354426,5,4,False,0.39499184,0.13835157,0.095908105,0.09379435,0.39499184,0.27695417
423473,4,3,False,0.25208497,0.14835829,0.24361491,0.25208497,0.2288253,0.12711653
3652,3,4,False,0.2723127,0.1363371,0.20879096,0.25521022,0.2723127,0.12734897
16026,2,3,False,0.34210274,0.1423243,0.30133417,0.34210274,0.11337417,0.10086463
12681,4,3,False,0.5030307,0.1411778,0.17391713,0.5030307,0.07705688,0.10481746
356970,3,5,False,0.3292249,0.14873789,0.11360083,0.12584986,0.28258651,0.3292249
204640,3,3,True,0.3079725,0.20522304,0.21160994,0.3079725,0.09650468,0.1786899
234857,4,4,True,0.3123078,0.14337702,0.100583375,0.29443341,0.3123078,0.1492984
221567,4,4,True,0.405225,0.14916895,0.12573244,0.17605758,0.405225,0.14381608
78840,4,4,True,0.33048987,0.14201748,0.16890346,0.25161675,0.33048987,0.10697244
268844,4,3,False,0.34190506,0.16750185,0.21630296,0.34190506,0.096505724,0.17778431
53474,4,3,False,0.36519933,0.17003432,0.13829027,0.36519933,0.22284484,0.10363126
58656,4,3,False,0.26210228,0.17196144,0.2250756,0.26210228,0.18604743,0.15481323
97623,4,4,True,0.30233598,0.15252744,0.1673279,0.14049694,0.30233598,0.23731177
19045,3,4,False,0.3859959,0.13058662,0.13636956,0.25013697,0.3859959,0.09691093
366246,3,3,True,0.33792374,0.17741565,0.24977957,0.33792374,0.11318708,0.12169394
359328,4,5,False,0.46141928,0.15750197,0.097113036,0.06598474,0.21798094,0.46141928
11938,4,4,True,0.3129132,0.16496997,0.18721263,0.109829955,0.3129132,0.22507426
10784,1,4,False,0.35620376,0.17576754,0.13649204,0.15579793,0.35620376,0.17573872
4854,4,4,True,0.418453,0.19240579,0.11996022,0.091673054,0.418453,0.17750797
91449,3,3,True,0.45712033,0.1723727,0.17536192,0.45712033,0.08780148,0.10734352
248598,3,4,False,0.34976473,0.14553125,0.09796191,0.085368186,0.34976473,0.32137397
220817,3,3,True,0.24574651,0.17954664,0.17625932,0.24574651,0.23855932,0.15988822
61985,4,3,False,0.5102162,0.14225008,0.15849176,0.5102162,0.098065205,0.09097677
39651,4,3,False,0.39770693,0.15843387,0.17174573,0.39770693,0.14331503,0.12879838
173637,4,3,False,0.27859947,0.16940409,0.1723401,0.27859947,0.24697803,0.13267827
187135,3,3,True,0.46094465,0.15345858,0.12120882,0.46094465,0.16916692,0.09522101
333862,4,4,True,0.26511732,0.20910943,0.14109673,0.18858427,0.26511732,0.19609225
257867,3,3,True,0.38666278,0.16645235,0.28564522,0.38666278,0.06605374,0.09518591
125177,3,3,True,0.336392,0.13635474,0.09414981,0.336392,0.31763935,0.11546413
133670,4,3,False,0.3570828,0.16102748,0.1359664,0.3570828,0.2383007,0.10762256
65517,4,3,False,0.3005953,0.16433534,0.1552885,0.3005953,0.27382407,0.1059567
355186,4,5,False,0.35398626,0.14169623,0.10512277,0.09125865,0.30793604,0.35398626
41357,3,3,True,0.53147274,0.12833832,0.13482524,0.53147274,0.124822564,0.08054116
50069,2,2,True,0.36577904,0.15353589,0.36577904,0.33230203,0.064544775,0.08383833
249080,4,4,True,0.3843164,0.11489354,0.093157895,0.06876411,0.3843164,0.33886802
386381,3,4,False,0.34980005,0.17896555,0.114738055,0.258565,0.34980005,0.09793128
23913,4,5,False,0.2972468,0.1914759,0.18914853,0.15487453,0.16725425,0.2972468
414030,4,3,False,0.35781288,0.13844953,0.06749933,0.35781288,0.35497114,0.08126711
92944,4,4,True,0.30415764,0.17059447,0.114091925,0.14203393,0.30415764,0.269122
27310,3,4,False,0.3598183,0.15395199,0.13169472,0.22187686,0.3598183,0.13265817
173754,5,5,True,0.39409998,0.16808143,0.21738204,0.08107453,0.13936204,0.39409998
189743,4,4,True,0.34066066,0.1572897,0.16943555,0.16145928,0.34066066,0.17115481
44681,2,3,False,0.46080005,0.11929402,0.23958886,0.46080005,0.07383165,0.106485404
248436,4,5,False,0.35418937,0.13904737,0.10000014,0.07181932,0.3349438,0.35418937
116955,3,4,False,0.27735054,0.14498441,0.12580647,0.26387662,0.27735054,0.18798196
424395,4,4,True,0.30769452,0.11674148,0.11633543,0.27930418,0.30769452,0.17992443
83438,4,3,False,0.27285203,0.15176803,0.16073999,0.27285203,0.22570606,0.18893388
253603,2,3,False,0.30619708,0.2068203,0.23571233,0.30619708,0.13680503,0.11446526
148272,4,5,False,0.61201245,0.13644126,0.11211059,0.052054003,0.08738173,0.61201245
236680,3,3,True,0.22814627,0.19342005,0.19525321,0.22814627,0.22502707,0.1581534
260919,3,4,False,0.31948528,0.13196269,0.22890316,0.14649783,0.31948528,0.17315108
46729,4,3,False,0.33914283,0.17427623,0.08441198,0.33914283,0.29911786,0.10305111
149808,4,4,True,0.3902304,0.1575977,0.11859483,0.17229415,0.3902304,0.1612829
236982,3,3,True,0.36075866,0.20695874,0.19001472,0.36075866,0.14726284,0.095005035
39169,4,5,False,0.4179776,0.20660256,0.13887309,0.12786256,0.1086841,0.4179776
165830,3,2,False,0.28013563,0.1537741,0.28013563,0.24910556,0.10412516,0.21285956
200210,4,4,True,0.3845304,0.14943132,0.069936275,0.054595873,0.3845304,0.34150615
254310,4,4,True,0.35891294,0.18740778,0.13433427,0.1908055,0.35891294,0.12853956
89921,4,4,True,0.25995928,0.20137896,0.14854215,0.24033967,0.25995928,0.14977996
65339,2,3,False,0.3564356,0.16194221,0.31686935,0.3564356,0.05954871,0.105204165
28602,4,5,False,0.3155097,0.18955468,0.15759447,0.09042641,0.24691471,0.3155097
1389,4,3,False,0.2666427,0.17067361,0.17862478,0.2666427,0.23087643,0.15318254
56697,3,3,True,0.32640472,0.16671383,0.11151704,0.32640472,0.22075695,0.17460747
275466,4,3,False,0.4420789,0.13674879,0.22139286,0.4420789,0.056390084,0.14338942
193809,3,3,True,0.2878554,0.18911539,0.26942667,0.2878554,0.16180637,0.091796204
276056,3,3,True,0.35686442,0.16127814,0.24687544,0.35686442,0.12770963,0.10727238
270769,4,4,True,0.45666942,0.1461268,0.14917658,0.102155775,0.45666942,0.14587137
3431,2,3,False,0.41201648,0.12102821,0.26909024,0.41201648,0.08525636,0.11260866
386380,4,3,False,0.29223037,0.23383877,0.11069017,0.29223037,0.17189637,0.1913443
382543,4,5,False,0.4651119,0.18687598,0.11104343,0.06669125,0.17027731,0.4651119
31496,3,4,False,0.53991425,0.13611683,0.06650115,0.1421424,0.53991425,0.115325354
151093,4,3,False,0.3109191,0.14543396,0.15490577,0.3109191,0.29698533,0.09175581
65726,3,3,True,0.2551328,0.22107194,0.17370187,0.2551328,0.14964439,0.20044897
107747,4,5,False,0.3076929,0.16433324,0.11052582,0.12564822,0.29179987,0.3076929
247902,4,4,True,0.36666697,0.15493207,0.10603451,0.076573916,0.36666697,0.29579255
247899,4,4,True,0.4271314,0.13039587,0.08975987,0.055505987,0.4271314,0.2972068
170482,3,3,True,0.34330833,0.1776671,0.22299622,0.34330833,0.15925677,0.096771576
40058,3,3,True,0.28441733,0.17982209,0.1517559,0.28441733,0.1953621,0.18864259
359146,4,3,False,0.3728876,0.119112164,0.16864994,0.3728876,0.18386954,0.15548074
65271,3,3,True,0.39906204,0.148537,0.16582943,0.39906204,0.1905048,0.09606674
148487,5,5,True,0.54439604,0.14493515,0.100817434,0.056237884,0.1536135,0.54439604
20642,4,3,False,0.3801189,0.14058419,0.18946767,0.3801189,0.15918958,0.13063966
46593,3,3,True,0.38986123,0.16108343,0.29014,0.38986123,0.08603735,0.07287794
128830,4,4,True,0.34195417,0.16282661,0.19894816,0.12487505,0.34195417,0.17139594
57490,4,3,False,0.30873886,0.15083253,0.16235554,0.30873886,0.24021384,0.13785923
382336,4,5,False,0.31082094,0.21084735,0.1974816,0.16506574,0.11578437,0.31082094
400802,3,3,True,0.32020134,0.1226129,0.156037,0.32020134,0.2583042,0.14284456
435557,4,4,True,0.34804285,0.14453918,0.109280884,0.21867052,0.34804285,0.17946656
139094,4,3,False,0.29228443,0.16784865,0.17938314,0.29228443,0.25808537,0.102398396
570,4,4,True,0.46467713,0.1505313,0.083976015,0.20072553,0.46467713,0.10009008
153951,4,4,True,0.36404002,0.15779103,0.14428967,0.09552094,0.36404002,0.23835838
48082,3,2,False,0.26334196,0.19735359,0.26334196,0.22798829,0.1512341,0.16008206
111073,1,3,False,0.28938252,0.14001691,0.16111265,0.28938252,0.24440792,0.16508004
334043,3,3,True,0.3721427,0.16691862,0.204896,0.3721427,0.07978247,0.17626019
174368,4,5,False,0.38272306,0.15514618,0.0877724,0.09655958,0.27779886,0.38272306
65576,3,3,True,0.30964392,0.16299744,0.15756708,0.30964392,0.21760432,0.15218726
45993,3,3,True,0.33753806,0.1937128,0.2010362,0.33753806,0.17164572,0.09606714
137573,5,4,False,0.34506795,0.15467508,0.1408806,0.09950377,0.34506795,0.25987265
93309,4,3,False,0.3242249,0.122829996,0.10299625,0.3242249,0.3063917,0.14355724
50174,3,3,True,0.35380816,0.1522633,0.14959161,0.35380816,0.25259182,0.091745116
104736,4,4,True,0.32810888,0.13346134,0.11407664,0.104357615,0.32810888,0.3199955
239870,4,4,True,0.50826365,0.13179585,0.108376,0.09368931,0.50826365,0.15787515
89862,4,4,True,0.2895672,0.15737404,0.13455938,0.26081526,0.2895672,0.1576841
223051,4,3,False,0.3709069,0.1426363,0.10045365,0.3709069,0.29061016,0.095392995
104815,4,4,True,0.30727684,0.1644703,0.16862367,0.2199238,0.30727684,0.13970537
420763,3,3,True,0.32830015,0.17348126,0.16808115,0.32830015,0.18773861,0.14239882
130015,4,3,False,0.2798674,0.18182352,0.1973574,0.2798674,0.22383136,0.11712034
250705,4,4,True,0.41850516,0.14397524,0.07803686,0.2704818,0.41850516,0.089000896
32201,4,3,False,0.37556487,0.16483499,0.18121451,0.37556487,0.16485593,0.11352968
364343,5,4,False,0.40552977,0.15200877,0.17721918,0.12597956,0.40552977,0.13926272
4998,1,3,False,0.36574256,0.16448097,0.23442313,0.36574256,0.110778436,0.12457488
404407,4,4,True,0.5354473,0.13177386,0.13621834,0.08981002,0.5354473,0.10675049
331230,4,3,False,0.34621415,0.16247717,0.2941424,0.34621415,0.10527021,0.091896035
145749,4,4,True,0.50495434,0.1517921,0.115342915,0.06827148,0.50495434,0.15963922
191088,3,3,True,0.358233,0.19307,0.1357722,0.358233,0.18835935,0.12456548
334541,3,5,False,0.32765338,0.1523504,0.2507657,0.18247771,0.086752854,0.32765338
250715,4,4,True,0.407686,0.13179621,0.08284246,0.27024665,0.407686,0.10742867
80079,4,4,True,0.3840496,0.13887641,0.086232,0.32169208,0.3840496,0.06914989
26561,5,4,False,0.5007782,0.13181964,0.09077089,0.10680641,0.5007782,0.16982487
5515,4,3,False,0.4290329,0.18076071,0.090570636,0.4290329,0.17597188,0.12366388
338258,5,4,False,0.36393008,0.13778345,0.18060496,0.15860638,0.36393008,0.15907511
5151,4,4,True,0.33814457,0.16153207,0.18804716,0.16461843,0.33814457,0.14765775
11665,5,5,True,0.29069066,0.19410788,0.26405224,0.17345865,0.077690534,0.29069066
119113,4,3,False,0.3109517,0.15434046,0.22224164,0.3109517,0.17474438,0.13772175
63966,4,3,False,0.35527155,0.1624117,0.22183819,0.35527155,0.12525786,0.1352207
180661,4,3,False,0.36810732,0.12546852,0.12133548,0.36810732,0.22276808,0.1623206
68408,4,4,True,0.2970106,0.1825106,0.18783836,0.120850794,0.2970106,0.21178967
22865,3,3,True,0.2946135,0.18949187,0.14290127,0.2946135,0.22049356,0.15249985
356450,5,5,True,0.44437283,0.14742899,0.084627226,0.05587392,0.26769704,0.44437283
35074,4,3,False,0.48706385,0.12612142,0.28380677,0.48706385,0.041740194,0.061267726
76429,4,3,False,0.37123904,0.11864631,0.12836389,0.37123904,0.2909941,0.090756685
247491,4,4,True,0.38005805,0.14115414,0.08174438,0.054899402,0.38005805,0.34214395
378012,4,5,False,0.21248624,0.2071371,0.20644248,0.19168825,0.18224594,0.21248624
20620,3,4,False,0.3836671,0.1427105,0.16310549,0.20464781,0.3836671,0.10586918
30023,4,3,False,0.268066,0.19249561,0.17411508,0.268066,0.24434935,0.120973974
164769,3,3,True,0.5530891,0.11443979,0.17500803,0.5530891,0.10041079,0.057052355
73188,3,4,False,0.4240728,0.12969552,0.06958303,0.2742378,0.4240728,0.102410786
394866,1,3,False,0.37653133,0.13342278,0.29286826,0.37653133,0.07458173,0.122595936
10503,4,3,False,0.42505795,0.16516759,0.14278471,0.42505795,0.1466623,0.12032745
45917,4,3,False,0.41516936,0.16287582,0.20464732,0.41516936,0.10510771,0.112199746
9206,4,3,False,0.35891718,0.14569919,0.1301903,0.35891718,0.24879114,0.116402194
86354,3,4,False,0.32344547,0.15320759,0.11958496,0.28248128,0.32344547,0.12128071
251091,5,5,True,0.30904242,0.21161066,0.14163116,0.090300076,0.24741568,0.30904242
216814,4,4,True,0.30966258,0.19194902,0.14193879,0.18675122,0.30966258,0.16969837
32589,3,3,True,0.59889036,0.09601787,0.2420626,0.59889036,0.014589477,0.048439734
323079,3,4,False,0.37378037,0.15313827,0.11913786,0.16612116,0.37378037,0.18782228
239292,3,3,True,0.43676427,0.15245216,0.10999781,0.43676427,0.19018069,0.110605046
49084,4,4,True,0.38908383,0.17723915,0.122223236,0.1924399,0.38908383,0.119013876
351970,3,4,False,0.24055144,0.19795445,0.2059131,0.1495145,0.24055144,0.20606652
379099,4,3,False,0.31818342,0.17824094,0.12939006,0.31818342,0.21629302,0.15789257
102466,4,4,True,0.48522693,0.13602538,0.090658955,0.13673757,0.48522693,0.15135114
199174,3,4,False,0.37967604,0.15280792,0.088493474,0.27216163,0.37967604,0.10686088
84022,5,5,True,0.38306203,0.19876166,0.108000055,0.123131305,0.18704496,0.38306203
474941,4,4,True,0.484256,0.11838039,0.08601274,0.11051265,0.484256,0.20083825
138149,2,3,False,0.3148988,0.14404772,0.3013505,0.3148988,0.11774432,0.1219587
420324,4,3,False,0.3561386,0.17350085,0.11303842,0.3561386,0.2451502,0.11217197
349847,4,4,True,0.36871243,0.12537771,0.10911738,0.30184394,0.36871243,0.094948545
120444,4,3,False,0.24223538,0.20278539,0.23081638,0.24223538,0.14323576,0.18092716
141167,4,3,False,0.580377,0.11370188,0.13577676,0.580377,0.11453765,0.05560678
238581,3,3,True,0.30433023,0.17851815,0.18809839,0.30433023,0.21698172,0.1120715
240079,3,4,False,0.2981477,0.13987961,0.19418606,0.27286267,0.2981477,0.094923906
90042,3,2,False,0.27773976,0.18831305,0.27773976,0.24506132,0.14033815,0.14854768
170584,4,3,False,0.33084634,0.12958777,0.17539895,0.33084634,0.27156153,0.09260544
268593,4,4,True,0.40215954,0.14572991,0.15027758,0.096900135,0.40215954,0.20493282
326109,4,3,False,0.35541293,0.18770939,0.11044628,0.35541293,0.24587284,0.10055859
125596,2,3,False,0.30493012,0.20262776,0.18084995,0.30493012,0.19497861,0.116613574
465902,5,4,False,0.5324282,0.11293091,0.073789515,0.10374465,0.5324282,0.17710671
137909,4,3,False,0.2716951,0.13522768,0.17928988,0.2716951,0.21739145,0.19639587
86642,2,3,False,0.42356002,0.15258102,0.18757226,0.42356002,0.12400843,0.112278275
251130,4,5,False,0.30787832,0.19421197,0.14076221,0.106671385,0.25047612,0.30787832
135835,4,4,True,0.28264332,0.16609263,0.14704086,0.25779182,0.28264332,0.14643134
3973,3,3,True,0.3318964,0.1713409,0.32217288,0.3318964,0.0976945,0.076895304
159439,3,3,True,0.55238205,0.13829663,0.17258108,0.55238205,0.05646932,0.08027091
247540,4,4,True,0.42225716,0.13115188,0.07939738,0.048565153,0.42225716,0.3186285
142471,5,5,True,0.47290817,0.13461506,0.06909399,0.043089896,0.28029284,0.47290817
124681,2,3,False,0.36182833,0.17825326,0.2109849,0.36182833,0.11228039,0.13665314
477087,4,4,True,0.31662527,0.19512957,0.17643458,0.16653895,0.31662527,0.14527158
67650,4,3,False,0.4250536,0.13106336,0.17973644,0.4250536,0.15161829,0.11252826
247931,4,4,True,0.39666298,0.13693398,0.093181856,0.053094562,0.39666298,0.32012665
275012,3,3,True,0.4490537,0.13837168,0.15798928,0.4490537,0.15887673,0.095708594
29186,4,4,True,0.37410274,0.18065196,0.11181844,0.19920965,0.37410274,0.13421717
242242,4,4,True,0.42636544,0.13732457,0.14144213,0.20377076,0.42636544,0.09109713
211823,3,3,True,0.30974418,0.15826061,0.2360596,0.30974418,0.1769352,0.119000375
118388,3,3,True,0.43140882,0.1605867,0.20935467,0.43140882,0.08746779,0.11118207
67345,4,4,True,0.4202429,0.1664713,0.099097505,0.09392997,0.4202429,0.22025834
358637,5,5,True,0.4166221,0.15566885,0.11326781,0.07875922,0.23568201,0.4166221
151994,4,3,False,0.34666845,0.14320928,0.09958487,0.34666845,0.2763921,0.13414524
27927,3,3,True,0.35039738,0.15677483,0.14971396,0.35039738,0.24654801,0.09656578
167194,4,4,True,0.47426796,0.1403892,0.08184946,0.21575017,0.47426796,0.08774319
302492,4,4,True,0.4793517,0.10247535,0.1297448,0.16953477,0.4793517,0.11889338
14956,4,3,False,0.42147622,0.15240829,0.2609717,0.42147622,0.07727816,0.08786565
17556,2,3,False,0.44570598,0.14622007,0.07802425,0.44570598,0.23962069,0.09042907
15791,5,4,False,0.41022906,0.15099111,0.13677537,0.10396552,0.41022906,0.1980389
55276,3,4,False,0.2757806,0.17501777,0.1557336,0.21014448,0.2757806,0.18332352
80190,4,4,True,0.37404683,0.13773671,0.09488996,0.08041817,0.37404683,0.31290832
152557,3,4,False,0.33467925,0.15598342,0.1757282,0.13609435,0.33467925,0.19751486
46045,3,3,True,0.4364201,0.1019966,0.27218077,0.4364201,0.050687715,0.13871482
372683,5,3,False,0.31768575,0.15819326,0.15788275,0.31768575,0.14236693,0.2238713
19761,4,3,False,0.4645001,0.15208712,0.2984189,0.4645001,0.031367842,0.053626
76651,3,3,True,0.4281873,0.14890364,0.25659502,0.4281873,0.026797839,0.13951622
159585,3,3,True,0.24926448,0.16837858,0.10507732,0.24926448,0.24636656,0.23091313
62457,4,3,False,0.33203998,0.16783524,0.28472134,0.33203998,0.11732397,0.09807948
38368,3,4,False,0.34771404,0.14261664,0.124813825,0.29899725,0.34771404,0.08585826
142762,4,5,False,0.43206975,0.12652047,0.07228609,0.029819736,0.33930403,0.43206975
397673,4,4,True,0.37477943,0.1694781,0.13205746,0.14989102,0.37477943,0.17379397
114332,3,3,True,0.36242664,0.16744155,0.3250278,0.36242664,0.054319512,0.09078447
41678,5,4,False,0.33664322,0.18109226,0.15319647,0.116848975,0.33664322,0.21221903
156712,3,4,False,0.28565353,0.12738404,0.24585564,0.112512894,0.28565353,0.22859392
60593,3,4,False,0.36568257,0.1481037,0.09865152,0.25321975,0.36568257,0.13434245
128050,4,3,False,0.37111798,0.1734936,0.25897837,0.37111798,0.12282131,0.07358879
458036,4,4,True,0.5546206,0.13480906,0.088679224,0.042761754,0.5546206,0.17912926
33654,4,4,True,0.3801563,0.16336386,0.13823956,0.1690235,0.3801563,0.14921683
38623,4,3,False,0.3113737,0.20547712,0.095688276,0.3113737,0.20989294,0.17756793
50495,4,3,False,0.3427858,0.14615992,0.15594554,0.3427858,0.22256392,0.13254483
277125,5,5,True,0.48361272,0.17505197,0.11010594,0.060607176,0.17062213,0.48361272
19067,3,4,False,0.48673663,0.14087194,0.09090697,0.14027362,0.48673663,0.1412109
2717,3,4,False,0.32317996,0.14256606,0.17327887,0.21614583,0.32317996,0.14482932
143298,3,3,True,0.38976645,0.14263037,0.24105084,0.38976645,0.13927433,0.087278046
13481,3,5,False,0.25689253,0.1589587,0.23003453,0.19900113,0.15511312,0.25689253
86681,4,4,True,0.25518787,0.20497534,0.14233877,0.19307874,0.25518787,0.20441926
146642,4,4,True,0.34629717,0.17120689,0.09654695,0.06486448,0.34629717,0.3210845
8797,3,3,True,0.41733256,0.15045787,0.17401998,0.41733256,0.119315416,0.13887416
15880,3,3,True,0.29941502,0.14361969,0.11317377,0.29941502,0.28651336,0.15727815
419112,4,3,False,0.33979008,0.15202367,0.2318032,0.33979008,0.14804557,0.12833749
246103,3,4,False,0.31808499,0.18026754,0.15541908,0.1792667,0.31808499,0.16696168
130514,4,4,True,0.3921819,0.15647273,0.1687527,0.07428764,0.3921819,0.20830499
163419,4,4,True,0.29434377,0.1687006,0.16611391,0.27859184,0.29434377,0.09224987
189376,5,4,False,0.36956474,0.12651469,0.1735753,0.13733396,0.36956474,0.19301125
345399,4,3,False,0.3175351,0.14875695,0.12751013,0.3175351,0.18817031,0.21802752
126535,4,3,False,0.25675678,0.18945026,0.2165043,0.25675678,0.14688084,0.19040778
39086,4,4,True,0.3880814,0.14574209,0.17071667,0.18805054,0.3880814,0.107409306
111796,3,3,True,0.30095604,0.15616444,0.102024265,0.30095604,0.24213302,0.19872229
107713,4,4,True,0.33543196,0.15433444,0.07339545,0.14856735,0.33543196,0.28827077
38582,3,4,False,0.455088,0.13903701,0.10879923,0.18395196,0.455088,0.11312382
109593,3,3,True,0.40592933,0.1673269,0.19280756,0.40592933,0.13867259,0.095263615
10899,4,3,False,0.40080997,0.13647655,0.16356702,0.40080997,0.17588852,0.123257905
356000,4,5,False,0.40846464,0.14737949,0.08717905,0.033094365,0.32388243,0.40846464
19822,4,4,True,0.35878924,0.19248068,0.17305924,0.077026226,0.35878924,0.1986446
102095,4,3,False,0.35407603,0.12933181,0.17310415,0.35407603,0.2380569,0.10543116
38110,4,4,True,0.32067144,0.15522915,0.1431415,0.2788919,0.32067144,0.10206607
235724,4,4,True,0.28413406,0.15079665,0.18424985,0.24655916,0.28413406,0.13426028
59450,5,3,False,0.33468047,0.1570722,0.08500992,0.33468047,0.2830045,0.14023288
340038,3,3,True,0.3832878,0.18682759,0.19144413,0.3832878,0.14111868,0.097321816
85684,4,3,False,0.33354658,0.15996276,0.17719553,0.33354658,0.19628792,0.13300717
116356,5,5,True,0.33137083,0.19985493,0.11442417,0.15578087,0.19856925,0.33137083
121472,4,5,False,0.38774455,0.19286613,0.1398392,0.12136608,0.15818407,0.38774455
337090,4,4,True,0.52838624,0.14007498,0.079428524,0.12795874,0.52838624,0.124151506
209044,3,3,True,0.2841462,0.16146399,0.16795538,0.2841462,0.22321562,0.16321886
8763,4,3,False,0.3472318,0.14624092,0.21538232,0.3472318,0.11242504,0.17871988
168075,3,3,True,0.31687912,0.13417329,0.13759312,0.31687912,0.29951775,0.11183664
86384,4,4,True,0.31369555,0.17611836,0.099287406,0.12787671,0.31369555,0.28302196
460197,3,4,False,0.29088283,0.15571994,0.12418136,0.23688875,0.29088283,0.19232713
52270,4,4,True,0.42930475,0.15830548,0.16308463,0.12738553,0.42930475,0.12191956
402649,4,2,False,0.30594918,0.15062758,0.30594918,0.27423528,0.18318552,0.08600251
13891,2,3,False,0.27263248,0.1779242,0.09777648,0.27263248,0.1908107,0.2608562
328039,3,4,False,0.47278535,0.14451884,0.091167934,0.15690184,0.47278535,0.13462597
3896,3,3,True,0.45436794,0.16295013,0.14036883,0.45436794,0.14382334,0.09848979
13464,2,2,True,0.24067995,0.17651089,0.24067995,0.22388236,0.120178126,0.23874865
133105,5,3,False,0.31773558,0.18251365,0.1609414,0.31773558,0.13243178,0.20637764
10094,2,1,False,0.2637699,0.2637699,0.21536876,0.24794988,0.14255932,0.13035217
222672,3,3,True,0.42149293,0.13310312,0.2387738,0.42149293,0.07140618,0.13522395
371972,4,4,True,0.34984732,0.15773726,0.19185925,0.18965116,0.34984732,0.110905066
106450,4,4,True,0.3742155,0.15361148,0.100606225,0.08814697,0.3742155,0.2834198
404841,4,4,True,0.36060625,0.17265674,0.121865846,0.23283081,0.36060625,0.11204036
125271,3,3,True,0.5168361,0.13111277,0.18259282,0.5168361,0.04802943,0.121428825
236456,5,4,False,0.31872502,0.13705178,0.16046001,0.1476164,0.31872502,0.23614675
148757,4,5,False,0.45730785,0.1604352,0.12502317,0.07653826,0.18069549,0.45730785
16435,3,3,True,0.3399215,0.15672821,0.27639893,0.3399215,0.09246647,0.13448486
25639,5,3,False,0.24462523,0.22892843,0.10516067,0.24462523,0.2244849,0.19680072
42347,3,3,True,0.3858705,0.11930212,0.24685915,0.3858705,0.10195296,0.14601529
146561,5,4,False,0.46351892,0.13613985,0.06296809,0.04739099,0.46351892,0.28998217
29192,4,4,True,0.3813926,0.1972875,0.15400963,0.10900954,0.3813926,0.1583008
18593,4,3,False,0.5263775,0.12479194,0.23133363,0.5263775,0.0548486,0.062648356
60780,4,4,True,0.3004588,0.1866064,0.15383375,0.2416429,0.3004588,0.11745815
21245,3,3,True,0.47325855,0.14666806,0.138886,0.47325855,0.13254075,0.108646706
108770,2,4,False,0.39007732,0.12971991,0.08079054,0.24337678,0.39007732,0.15603547
91416,2,2,True,0.39781943,0.13727234,0.39781943,0.14969298,0.14713348,0.16808179
46748,4,3,False,0.34914917,0.19929872,0.11733009,0.34914917,0.17768529,0.15653668
23498,3,3,True,0.28707612,0.19993949,0.20697832,0.28707612,0.14340553,0.16260056
87633,4,4,True,0.3333363,0.14369224,0.1476605,0.12862222,0.3333363,0.24668874
40060,2,3,False,0.28785294,0.16493858,0.18489423,0.28785294,0.1384892,0.22382504
454617,4,3,False,0.25081906,0.1632552,0.13929346,0.25081906,0.2212153,0.22541699
116706,2,3,False,0.5542512,0.12508337,0.20466612,0.5542512,0.048665218,0.0673341
220582,4,4,True,0.34635204,0.11304837,0.14774705,0.30001014,0.34635204,0.09284242
171973,3,3,True,0.3316541,0.18468687,0.18044317,0.3316541,0.13105595,0.17215993
58625,4,4,True,0.29213384,0.20520605,0.15893553,0.18419394,0.29213384,0.15953058
88915,5,3,False,0.2826442,0.18561475,0.16302854,0.2826442,0.18493257,0.18377994
156718,4,2,False,0.27018932,0.1185096,0.27018932,0.105585665,0.26576895,0.23994648
60770,4,4,True,0.38475192,0.15430397,0.13585807,0.2282248,0.38475192,0.09686125
114445,4,3,False,0.3599447,0.14856315,0.21889602,0.3599447,0.11874076,0.15385535
63892,3,4,False,0.25620362,0.13898443,0.21383297,0.237034,0.25620362,0.15394503
87952,4,3,False,0.44913653,0.17067827,0.09372014,0.44913653,0.16863155,0.11783348
125579,1,3,False,0.45123798,0.17084341,0.20601566,0.45123798,0.07742293,0.09447997
6968,4,3,False,0.2775081,0.19296497,0.15934896,0.2775081,0.24711902,0.12305892
51900,4,3,False,0.33636898,0.1508975,0.17162012,0.33636898,0.23363206,0.10748131
31940,4,4,True,0.3785868,0.15856196,0.105106175,0.15482937,0.3785868,0.20291564
35884,4,3,False,0.25317535,0.21445805,0.1703783,0.25317535,0.1866372,0.17535113
18451,1,3,False,0.58859247,0.121902876,0.22025321,0.58859247,0.015382704,0.053868808
149807,4,4,True,0.3119534,0.17325084,0.1296334,0.17606002,0.3119534,0.20910238
70983,4,3,False,0.34390616,0.14718129,0.12368576,0.34390616,0.26595855,0.11926822
82171,3,3,True,0.36883074,0.15548187,0.20563492,0.36883074,0.17543371,0.09461874
257349,4,4,True,0.2639609,0.16047841,0.17440446,0.25860426,0.2639609,0.14255191
108443,4,4,True,0.32013732,0.16876596,0.14582422,0.2752747,0.32013732,0.08999784
18881,3,3,True,0.5717197,0.13316894,0.17775881,0.5717197,0.036512926,0.0808396
119309,4,5,False,0.34334153,0.14925215,0.13712513,0.14985041,0.22043079,0.34334153
2636,4,3,False,0.35808173,0.1380662,0.17104563,0.35808173,0.18114175,0.15166466
45604,3,3,True,0.34530917,0.13963601,0.164884,0.34530917,0.23203047,0.11814036
441156,2,4,False,0.36333075,0.19915436,0.1530626,0.13825785,0.36333075,0.14619447
3867,3,3,True,0.29895684,0.18954363,0.14264637,0.29895684,0.1802949,0.18855825
152448,3,3,True,0.32960883,0.18852724,0.12253266,0.32960883,0.23596384,0.12336742
105584,4,4,True,0.25232652,0.1359949,0.21602267,0.21983606,0.25232652,0.1758199
400586,4,4,True,0.3144534,0.16837323,0.17143956,0.21581638,0.3144534,0.1299174
366632,4,4,True,0.49924928,0.12775467,0.07101554,0.17015666,0.49924928,0.13182375
34134,4,4,True,0.32020262,0.19662018,0.123216175,0.15577564,0.32020262,0.20418537
50301,2,3,False,0.44480625,0.1663742,0.16510922,0.44480625,0.13412935,0.089580946
203377,4,4,True,0.50977004,0.1299904,0.08080829,0.1150432,0.50977004,0.16438808
7557,2,3,False,0.31125298,0.20031452,0.22215392,0.31125298,0.1513164,0.11496219
50201,3,3,True,0.34319434,0.1302029,0.1822471,0.34319434,0.23105633,0.1132993
357433,4,4,True,0.47328013,0.1270413,0.08552519,0.06959532,0.47328013,0.2445581
247907,4,4,True,0.38032004,0.13506095,0.09180264,0.06524234,0.38032004,0.327574
347648,4,4,True,0.6134079,0.12835398,0.049745683,0.09681159,0.6134079,0.11168077
239746,3,4,False,0.4233932,0.14269333,0.11880852,0.14814828,0.4233932,0.16695668
105873,2,3,False,0.3848514,0.1311178,0.17091466,0.3848514,0.16413906,0.14897709
40109,2,3,False,0.2764977,0.18717213,0.19032483,0.2764977,0.13114037,0.21486495
188066,4,3,False,0.33701435,0.16440152,0.15505347,0.33701435,0.20600435,0.13752627
8434,4,3,False,0.44688466,0.13720943,0.22783183,0.44688466,0.09382668,0.094247386
105902,3,3,True,0.27650812,0.14119163,0.18435195,0.27650812,0.25770026,0.14024806
61399,4,3,False,0.32116097,0.17117703,0.1197391,0.32116097,0.28627568,0.101647176
51397,3,4,False,0.48535657,0.12306675,0.10901004,0.15250356,0.48535657,0.13006309
216001,3,3,True,0.37134612,0.19455437,0.24473853,0.37134612,0.093738854,0.09562217
412191,4,3,False,0.40824062,0.17152248,0.13066004,0.40824062,0.13764505,0.15193175
156602,4,3,False,0.28997496,0.15434694,0.1344649,0.28997496,0.26845083,0.15276238
84563,4,3,False,0.35862538,0.1291311,0.23898341,0.35862538,0.15394662,0.119313456
59039,4,3,False,0.3387765,0.18023582,0.26157224,0.3387765,0.06610477,0.15331069
107722,3,4,False,0.42196158,0.13105443,0.07692276,0.07725906,0.42196158,0.29280218
94759,4,4,True,0.31893516,0.18775195,0.1348531,0.18321595,0.31893516,0.17524385
22967,4,3,False,0.32077473,0.19137499,0.18740512,0.32077473,0.17382754,0.12661766
58052,4,4,True,0.37772936,0.17618214,0.1365058,0.116253324,0.37772936,0.1933294
89664,4,2,False,0.43355215,0.15211096,0.43355215,0.12345715,0.14270394,0.14817587
6233,4,4,True,0.45716298,0.12863968,0.08542063,0.23841627,0.45716298,0.09036044
61763,4,5,False,0.21991125,0.17321545,0.2035919,0.19978142,0.20349997,0.21991125
160314,4,3,False,0.32548437,0.15604827,0.260778,0.32548437,0.13281085,0.124878556
51258,4,4,True,0.5526931,0.13557844,0.09295877,0.09100557,0.5526931,0.12776408
215937,3,3,True,0.35339126,0.14018115,0.20593557,0.35339126,0.16370392,0.13678816
1054,3,4,False,0.46443602,0.12915823,0.08233802,0.155383,0.46443602,0.16868477
278896,4,3,False,0.3019828,0.22023755,0.29433277,0.3019828,0.08716884,0.0962781
256886,4,3,False,0.25409126,0.15672651,0.18041636,0.25409126,0.18605646,0.22270942
84103,4,5,False,0.3838839,0.19883262,0.09761423,0.13194264,0.18772662,0.3838839
97642,4,5,False,0.26089904,0.16542356,0.19361642,0.1288052,0.25125578,0.26089904
117498,3,4,False,0.34295714,0.13897087,0.083573796,0.25730526,0.34295714,0.1771929
36777,5,5,True,0.36229667,0.18919212,0.13236243,0.103379846,0.2127689,0.36229667
395296,3,4,False,0.27703565,0.15997988,0.14736022,0.2418313,0.27703565,0.17379299
102478,4,4,True,0.33274266,0.17610723,0.10961299,0.19483933,0.33274266,0.18669778
126554,4,4,True,0.3388082,0.14826696,0.16849814,0.23252212,0.3388082,0.11190457
88942,4,4,True,0.5185143,0.14327371,0.05946142,0.1345691,0.5185143,0.14418153
94631,3,3,True,0.35418397,0.18607941,0.20020647,0.35418397,0.13084573,0.12868443
5754,3,3,True,0.4333321,0.13317195,0.25742835,0.4333321,0.08132093,0.0947467
373613,5,4,False,0.30225036,0.13988559,0.13120688,0.1596222,0.30225036,0.26703495
150985,4,3,False,0.34743193,0.16559315,0.17329586,0.34743193,0.2297213,0.083957806
146977,4,4,True,0.27276418,0.17925723,0.108857386,0.259987,0.27276418,0.17913419
355218,4,5,False,0.4446262,0.15475422,0.11476183,0.093504295,0.1923534,0.4446262
92345,4,3,False,0.41082308,0.13113065,0.15943933,0.41082308,0.15477642,0.1438305
117215,1,3,False,0.34308854,0.1838782,0.3117354,0.34308854,0.062396865,0.098901056
66155,4,4,True,0.35784844,0.14595841,0.12672693,0.2758267,0.35784844,0.09363952
144334,3,3,True,0.40259808,0.14324407,0.14655285,0.40259808,0.22837898,0.07922602
164179,4,3,False,0.36405343,0.15278836,0.22446845,0.36405343,0.11464179,0.14404795
90278,4,3,False,0.4653319,0.14943227,0.19340536,0.4653319,0.07395107,0.11787945
103614,5,5,True,0.2754119,0.24619846,0.11349427,0.11121403,0.25368133,0.2754119
4540,2,3,False,0.40829578,0.15006642,0.23594251,0.40829578,0.12569071,0.08000457
325585,3,4,False,0.43542922,0.12914722,0.104401544,0.22355889,0.43542922,0.10746308
146946,3,4,False,0.3389355,0.17112954,0.1390747,0.151041,0.3389355,0.19981927
35556,3,3,True,0.34063727,0.1234208,0.17109165,0.34063727,0.27269652,0.09215377
61224,4,3,False,0.31283897,0.21999748,0.17176954,0.31283897,0.15009695,0.14529707
236464,2,4,False,0.2714587,0.17481315,0.1893997,0.19898829,0.2714587,0.16534014
365241,3,3,True,0.31250185,0.15161563,0.14257938,0.31250185,0.2603187,0.13298443
34373,4,4,True,0.611633,0.11633991,0.08665077,0.09373274,0.611633,0.09164363
86427,5,4,False,0.3408426,0.14392127,0.084626496,0.09475341,0.3408426,0.33585617
93363,4,5,False,0.35124904,0.12949023,0.12131208,0.10985819,0.2880904,0.35124904
6517,3,3,True,0.44524023,0.15793712,0.15719482,0.44524023,0.1125689,0.12705898
213032,4,3,False,0.40533787,0.1472492,0.15606365,0.40533787,0.20614178,0.08520746
125244,4,3,False,0.49590346,0.12717117,0.20959273,0.49590346,0.08029333,0.08703936
169093,4,3,False,0.42033222,0.18422364,0.18831687,0.42033222,0.08878171,0.11834556
204179,4,5,False,0.31855637,0.16146521,0.26093233,0.18797983,0.07106626,0.31855637
70025,4,2,False,0.27757025,0.16689824,0.27757025,0.2628878,0.22230849,0.07033517
65934,4,3,False,0.35064915,0.17060407,0.13663864,0.35064915,0.23511575,0.10699241
29441,4,4,True,0.23236357,0.19158304,0.1864164,0.22009267,0.23236357,0.16954432
127366,4,3,False,0.4188604,0.14307679,0.20444143,0.4188604,0.10739668,0.12622476
1375,3,4,False,0.32261166,0.1783222,0.16761173,0.18712695,0.32261166,0.1443274
7985,3,3,True,0.41751224,0.13533111,0.2638898,0.41751224,0.11232002,0.0709469
18562,4,3,False,0.41717583,0.12346871,0.2318042,0.41717583,0.14751045,0.080040865
343165,3,3,True,0.35817334,0.17053497,0.21181703,0.35817334,0.13929275,0.12018187
30133,3,4,False,0.29486015,0.1938964,0.1153674,0.26725948,0.29486015,0.12861657
220605,4,4,True,0.5141034,0.12449591,0.09316531,0.06791976,0.5141034,0.20031558
428321,4,4,True,0.5095956,0.13734975,0.10491891,0.07418197,0.5095956,0.1739538
163591,3,3,True,0.28649852,0.18432114,0.13270338,0.28649852,0.22572803,0.17074892
79148,4,4,True,0.5496927,0.105087414,0.07336868,0.17619823,0.5496927,0.09565296
11630,4,5,False,0.39615726,0.17567609,0.2248787,0.11167617,0.09161173,0.39615726
39992,2,3,False,0.29579195,0.22118303,0.17749673,0.29579195,0.13982113,0.16570713
120027,4,4,True,0.293221,0.16620353,0.1486195,0.22145364,0.293221,0.17050235
136540,4,4,True,0.5265975,0.12804614,0.09215208,0.14751416,0.5265975,0.10569013
127113,4,4,True,0.28219396,0.15965647,0.10783397,0.27430007,0.28219396,0.17601553
31973,4,3,False,0.49923924,0.14742588,0.17022204,0.49923924,0.10577257,0.07734025
16797,4,3,False,0.46602383,0.15246624,0.13220866,0.46602383,0.17655064,0.072750695
11073,4,3,False,0.32093993,0.1876487,0.14141133,0.32093993,0.13902475,0.21097523
190033,3,4,False,0.48921096,0.14223664,0.108819395,0.15866034,0.48921096,0.101072595
335971,4,2,False,0.28995845,0.1670976,0.28995845,0.2845219,0.1372799,0.12114217
11599,3,4,False,0.26546475,0.18044966,0.17907397,0.21590811,0.26546475,0.15910353
75452,2,2,True,0.31521448,0.12807994,0.31521448,0.27735186,0.16683002,0.11252371
153659,4,4,True,0.49408683,0.12345302,0.12643504,0.060994443,0.49408683,0.19503069
144191,4,4,True,0.44947863,0.13087362,0.087752,0.25450385,0.44947863,0.077391915
372408,4,4,True,0.38757685,0.1385381,0.119870834,0.09622237,0.38757685,0.25779176
252469,4,2,False,0.35163105,0.17787977,0.35163105,0.20278578,0.12941177,0.13829164
48154,4,3,False,0.4403554,0.15643072,0.21694517,0.4403554,0.10631922,0.07994949
3202,4,4,True,0.38491434,0.14830862,0.09832969,0.28701413,0.38491434,0.081433274
408708,4,4,True,0.33308935,0.14955366,0.2105234,0.21854186,0.33308935,0.088291705
104707,4,4,True,0.44814932,0.14616011,0.06972779,0.08992677,0.44814932,0.246036
426038,4,4,True,0.44415903,0.14301553,0.10042804,0.08788166,0.44415903,0.22451577
137892,4,3,False,0.3461342,0.13655998,0.1488926,0.3461342,0.27169457,0.09671867
249118,4,4,True,0.38782108,0.12452434,0.08089999,0.058390148,0.38782108,0.34836438
128712,2,4,False,0.4142106,0.17255796,0.11556446,0.1821973,0.4142106,0.115469664
208314,4,4,True,0.36436152,0.18511596,0.13535224,0.1672972,0.36436152,0.14787306
113579,2,3,False,0.4988429,0.12887193,0.107667044,0.4988429,0.16775233,0.09686577
58578,3,4,False,0.2865765,0.16409305,0.23138745,0.17400171,0.2865765,0.14394128
418758,4,4,True,0.27570996,0.20865035,0.11804998,0.15101756,0.27570996,0.24657215
57209,3,4,False,0.3010019,0.14656584,0.20863777,0.23711467,0.3010019,0.1066798
86830,4,4,True,0.46918288,0.15288536,0.18901853,0.093448,0.46918288,0.09546518
159255,3,3,True,0.33113667,0.13906942,0.26485074,0.33113667,0.12345291,0.14149025
47372,4,4,True,0.3429911,0.1892307,0.1342451,0.17131525,0.3429911,0.16221786
27641,3,3,True,0.4683507,0.16031311,0.17392945,0.4683507,0.113337,0.08406967
104609,3,3,True,0.43322042,0.16115612,0.19210906,0.43322042,0.12173485,0.091779575
102244,4,3,False,0.40397438,0.14207308,0.14660144,0.40397438,0.19870749,0.10864359
239336,3,3,True,0.3226719,0.18647866,0.16977692,0.3226719,0.2170507,0.1040218
156501,4,3,False,0.29958,0.15972933,0.112198375,0.29958,0.17562689,0.25286534
3466,4,3,False,0.5349263,0.10610713,0.26117152,0.5349263,0.0346373,0.06315771
132803,3,4,False,0.3164853,0.1795766,0.145958,0.24301644,0.3164853,0.11496368
345465,5,5,True,0.26859874,0.15294474,0.16206588,0.2097585,0.20663214,0.26859874
269557,4,4,True,0.34870297,0.1661373,0.13980502,0.11230994,0.34870297,0.23304477
93396,4,5,False,0.408473,0.12395707,0.11185067,0.12143978,0.23427938,0.408473
374525,4,4,True,0.48480588,0.13477914,0.06930635,0.039412387,0.48480588,0.27169624
276669,3,3,True,0.3657006,0.15559848,0.22360615,0.3657006,0.15978505,0.09530971
373720,3,2,False,0.23391888,0.159693,0.23391888,0.21172479,0.16080463,0.23385875
21057,4,4,True,0.33878362,0.13006888,0.16642669,0.2747003,0.33878362,0.09002052
465780,4,4,True,0.30531323,0.19123884,0.13283792,0.09334162,0.30531323,0.27726835
185561,4,3,False,0.3065704,0.15095823,0.2262441,0.3065704,0.25037378,0.0658535
233208,4,3,False,0.2603687,0.16362067,0.211125,0.2603687,0.23891053,0.1259751
269003,4,4,True,0.39562497,0.12560923,0.14204998,0.19885203,0.39562497,0.13786377
328046,4,4,True,0.3495365,0.17168647,0.07662284,0.28331172,0.3495365,0.11884241
154698,3,3,True,0.31606942,0.17035826,0.17157061,0.31606942,0.20901516,0.13298653
104338,3,3,True,0.316923,0.18689097,0.22994974,0.316923,0.16695374,0.09928254
340165,4,3,False,0.3371555,0.14520063,0.20173024,0.3371555,0.21144414,0.10446953
51035,4,4,True,0.47859192,0.12258351,0.06532735,0.23238109,0.47859192,0.10111606
322603,4,4,True,0.58610356,0.14152601,0.057009377,0.08587049,0.58610356,0.12949051
139097,3,3,True,0.32495645,0.18441825,0.29173133,0.32495645,0.121382974,0.07751101
79145,4,4,True,0.32806572,0.14259854,0.13928232,0.2730531,0.32806572,0.117000274
336891,2,4,False,0.29147255,0.13942565,0.15232697,0.28708196,0.29147255,0.12969287
64959,4,4,True,0.37318474,0.20304307,0.1572864,0.14645709,0.37318474,0.12002864
150404,4,3,False,0.33822072,0.14512166,0.1372587,0.33822072,0.24785393,0.13154499
136279,4,3,False,0.39987972,0.1464584,0.24786249,0.39987972,0.112404734,0.09339459
39162,4,5,False,0.3366678,0.20370008,0.20199168,0.15676986,0.10087061,0.3366678
416286,3,4,False,0.46255004,0.1545234,0.14064386,0.13746604,0.46255004,0.10481666
214866,4,4,True,0.3649819,0.14520626,0.15007766,0.17171742,0.3649819,0.16801682
109903,4,4,True,0.42205924,0.12710513,0.0795191,0.092352204,0.42205924,0.27896428
80791,2,4,False,0.3190034,0.13972265,0.18844984,0.25694492,0.3190034,0.09587926
413833,4,3,False,0.49128333,0.117165625,0.12710328,0.49128333,0.17102389,0.0934239
146553,4,4,True,0.4260629,0.14149293,0.07066583,0.04206232,0.4260629,0.31971592
37346,4,4,True,0.3125479,0.16682757,0.17988996,0.21950865,0.3125479,0.121225886
26546,4,4,True,0.5293765,0.13078868,0.104525074,0.08212648,0.5293765,0.15318318
171119,4,4,True,0.39372152,0.14716727,0.16578412,0.18651867,0.39372152,0.106808394
367052,4,3,False,0.40876862,0.13101582,0.1047731,0.40876862,0.23000959,0.12543292
82700,4,3,False,0.44309992,0.16403787,0.22021295,0.44309992,0.08609098,0.08655833
267569,2,2,True,0.3365554,0.22650714,0.3365554,0.2051039,0.09610669,0.13572684
270655,3,3,True,0.37637734,0.147023,0.3226667,0.37637734,0.061005462,0.092927426
369285,4,3,False,0.24392568,0.12499554,0.23421273,0.24392568,0.20404339,0.1928226
18229,4,4,True,0.23971319,0.20283906,0.1740175,0.22625583,0.23971319,0.15717445
50810,4,3,False,0.38534108,0.12963618,0.19363645,0.38534108,0.21261658,0.07876974
142530,5,5,True,0.44798458,0.1375393,0.06405486,0.050489284,0.29993203,0.44798458
142799,4,5,False,0.42097452,0.113783985,0.05585576,0.03319462,0.37619117,0.42097452
316440,2,3,False,0.30952132,0.14163852,0.20830403,0.30952132,0.1353742,0.2051619
31347,3,3,True,0.44630787,0.17580798,0.22779511,0.44630787,0.057757683,0.09233132
393459,4,4,True,0.49790218,0.12617964,0.07213407,0.21354029,0.49790218,0.09024376
6833,3,3,True,0.41361427,0.14527406,0.16965982,0.41361427,0.17221136,0.09924042
357745,3,4,False,0.45513502,0.13225299,0.10420027,0.0888633,0.45513502,0.21954839
368347,4,4,True,0.6192736,0.111901715,0.05358744,0.08420418,0.6192736,0.13103305
365704,3,3,True,0.2594448,0.2143163,0.10287256,0.2594448,0.253325,0.17004132
356701,5,5,True,0.3827849,0.11174935,0.09980263,0.060280517,0.3453826,0.3827849
51265,3,3,True,0.37956935,0.1638933,0.12060144,0.37956935,0.17936604,0.15656987
156196,3,3,True,0.38278976,0.1693785,0.24284758,0.38278976,0.102422014,0.102562174
146623,5,4,False,0.36895663,0.15983085,0.074383445,0.06325735,0.36895663,0.33357167
14946,4,3,False,0.5059355,0.12660994,0.21293043,0.5059355,0.055922948,0.098601155
84063,5,5,True,0.37766314,0.21204457,0.1100671,0.11268948,0.18753578,0.37766314
86388,4,4,True,0.3373374,0.17380211,0.103632234,0.103957854,0.3373374,0.28127038
241571,4,4,True,0.3127955,0.15295485,0.1228389,0.10786248,0.3127955,0.30354834
153737,4,4,True,0.43755886,0.1377087,0.080833495,0.04779424,0.43755886,0.2961047
35932,5,5,True,0.28696728,0.178823,0.16167116,0.11878807,0.25375053,0.28696728
188973,4,3,False,0.2958259,0.14643587,0.11486993,0.2958259,0.29569787,0.14717047
276113,4,4,True,0.5226466,0.15526633,0.085196376,0.122525625,0.5226466,0.11436505
107823,3,3,True,0.3866574,0.14843886,0.12276116,0.3866574,0.22834334,0.11379928
21573,4,4,True,0.3276098,0.15525003,0.16766185,0.1812593,0.3276098,0.16821903
136957,5,4,False,0.4359289,0.11197984,0.15063505,0.089449696,0.4359289,0.21200654
89963,4,3,False,0.55310804,0.09058022,0.15981308,0.55310804,0.124305464,0.072193235
105659,4,3,False,0.24042754,0.15139458,0.21929209,0.24042754,0.21407963,0.17480618
88579,2,4,False,0.34351608,0.16387747,0.15739913,0.18339346,0.34351608,0.1518138
33983,4,4,True,0.2829926,0.1721896,0.16965143,0.22088288,0.2829926,0.15428357
102091,4,4,True,0.439888,0.14867465,0.11396632,0.1639963,0.439888,0.13347481
425768,3,4,False,0.3827217,0.18071279,0.16029803,0.11276569,0.3827217,0.16350181
10121,4,1,False,0.25996068,0.25996068,0.2524077,0.22060992,0.12633067,0.14069103
202420,1,4,False,0.37142715,0.16312224,0.1533082,0.20125279,0.37142715,0.11088959
348234,4,3,False,0.45958915,0.13705996,0.18487714,0.45958915,0.061429895,0.15704381
414805,4,4,True,0.4424479,0.14566539,0.14008768,0.11217094,0.4424479,0.15962808
3467,3,3,True,0.58776635,0.10754798,0.21492116,0.58776635,0.025181146,0.06458337
13361,5,3,False,0.2830577,0.19692913,0.21440901,0.2830577,0.10711238,0.19849183
363684,5,5,True,0.24146058,0.18920404,0.217671,0.20782551,0.14383888,0.24146058
17690,2,4,False,0.32395262,0.12815033,0.15887254,0.22672908,0.32395262,0.16229539
344899,3,3,True,0.3158649,0.1465451,0.1686397,0.3158649,0.27508503,0.09386529
366335,4,4,True,0.5344355,0.14022174,0.06936454,0.12109063,0.5344355,0.13488753
34329,4,3,False,0.31854087,0.17641641,0.21388523,0.31854087,0.16893229,0.12222523
199867,4,4,True,0.48559016,0.15096931,0.1155699,0.08648424,0.48559016,0.16138634
62311,4,3,False,0.46597165,0.17009836,0.14378618,0.46597165,0.12526642,0.094877444
274009,4,4,True,0.33548337,0.1504089,0.14559452,0.24469991,0.33548337,0.12381331
228752,4,5,False,0.38220188,0.17778337,0.19867416,0.10846222,0.13287833,0.38220188
107078,5,4,False,0.3600874,0.16199282,0.154157,0.13336506,0.3600874,0.19039772
94210,3,3,True,0.38105428,0.16279165,0.1524805,0.38105428,0.19968589,0.10398775
445369,3,3,True,0.27709135,0.18354373,0.238807,0.27709135,0.19532599,0.10523197
26661,5,4,False,0.33568463,0.16422082,0.12522773,0.13466874,0.33568463,0.24019806
318647,4,4,True,0.33774137,0.1287661,0.19927354,0.24964012,0.33774137,0.084578805
4080,4,3,False,0.5193656,0.12249065,0.20895654,0.5193656,0.06393023,0.08525693
415391,3,3,True,0.29052305,0.13752073,0.18113603,0.29052305,0.2806255,0.11019469
109534,4,3,False,0.3075638,0.13709079,0.194134,0.3075638,0.26949224,0.09171915
66319,4,4,True,0.48315853,0.16631968,0.10676086,0.07411571,0.48315853,0.16964523
54329,4,3,False,0.5030385,0.10313068,0.27653998,0.5030385,0.07418434,0.04310645
114081,3,3,True,0.33868915,0.16139294,0.26956898,0.33868915,0.14318517,0.08716372
374920,4,4,True,0.52113974,0.12161267,0.06189621,0.09237486,0.52113974,0.20297655
257609,4,3,False,0.30995733,0.17355672,0.11548115,0.30995733,0.27198604,0.12901877
179905,3,3,True,0.4949165,0.12863189,0.18376589,0.4949165,0.1234528,0.06923297
324381,3,4,False,0.30298287,0.18824914,0.12978795,0.23911534,0.30298287,0.13986467
374105,4,4,True,0.5506897,0.12193692,0.0804638,0.07828846,0.5506897,0.16862117
101459,3,4,False,0.38176632,0.13120632,0.10181177,0.26378727,0.38176632,0.121428296
166958,4,4,True,0.32448915,0.13186288,0.18036154,0.24984857,0.32448915,0.113437906
51032,3,4,False,0.420192,0.14302856,0.09514247,0.2317851,0.420192,0.10985187
356449,4,5,False,0.38329014,0.14495564,0.11006685,0.07815288,0.28353444,0.38329014
248648,4,5,False,0.3409869,0.13315767,0.09890862,0.08779844,0.33914843,0.3409869
189973,3,3,True,0.4969076,0.1446538,0.16214116,0.4969076,0.09414231,0.10215517
137930,4,4,True,0.35611495,0.11861877,0.14397226,0.23023424,0.35611495,0.15105979
127228,3,3,True,0.48637822,0.14792378,0.13565123,0.48637822,0.13021049,0.09983628
9660,4,4,True,0.28811347,0.17730951,0.17132558,0.23906413,0.28811347,0.12418727
59260,4,4,True,0.55058557,0.1224312,0.09156562,0.104884975,0.55058557,0.13053262
86454,4,4,True,0.33268443,0.18044165,0.11315496,0.09463709,0.33268443,0.27908185
91407,2,2,True,0.35872146,0.13565034,0.35872146,0.11895786,0.20727748,0.17939286
373926,4,5,False,0.32692438,0.16749112,0.1038756,0.18680908,0.21489982,0.32692438
16597,3,3,True,0.35309374,0.20753336,0.14602372,0.35309374,0.17308347,0.120265715
249791,4,3,False,0.37661582,0.1546654,0.17518198,0.37661582,0.18232025,0.111216545
148486,4,5,False,0.5760357,0.15370975,0.088328205,0.057358023,0.12456832,0.5760357
133100,4,3,False,0.3984625,0.12502825,0.1688289,0.3984625,0.22118652,0.0864938
33563,4,4,True,0.42662638,0.15703608,0.13440323,0.13851866,0.42662638,0.14341563
166322,4,3,False,0.36959332,0.12880974,0.14656158,0.36959332,0.21017355,0.14486188
83118,5,5,True,0.4445394,0.14611909,0.09309492,0.11072481,0.20552184,0.4445394
146257,4,3,False,0.29026973,0.17742456,0.15900137,0.29026973,0.22655481,0.14674956
92159,2,2,True,0.41252616,0.16722664,0.41252616,0.19353554,0.11485406,0.11185759
41068,2,2,True,0.30278772,0.18666433,0.30278772,0.1786673,0.16464277,0.16723785
92381,4,4,True,0.2841921,0.22514151,0.14124754,0.17793837,0.2841921,0.1714805
1135,2,4,False,0.42164293,0.15029362,0.086401515,0.16421068,0.42164293,0.17745116
355216,4,5,False,0.38054016,0.1503244,0.12522943,0.12622572,0.21768025,0.38054016
143393,5,5,True,0.4531192,0.14718853,0.048880294,0.04402559,0.30678636,0.4531192
104597,4,2,False,0.44982922,0.15868881,0.44982922,0.231509,0.06806083,0.09191209
65518,4,3,False,0.36247247,0.14839278,0.22103427,0.36247247,0.16881748,0.09928297
29722,4,3,False,0.5008443,0.116895795,0.09208379,0.5008443,0.1769749,0.11320123
54523,4,3,False,0.45323992,0.12754834,0.13048272,0.45323992,0.15833162,0.13039738
34369,4,4,True,0.33171827,0.15763885,0.078336015,0.2683437,0.33171827,0.16396323
148598,4,5,False,0.5157263,0.16641198,0.15443742,0.07643224,0.086992,0.5157263
25769,3,3,True,0.49750248,0.12924363,0.17403485,0.49750248,0.118709564,0.08050951
80613,5,5,True,0.32785013,0.13990165,0.12904331,0.1298632,0.27334172,0.32785013
331143,4,4,True,0.46386346,0.11952784,0.0807669,0.06921506,0.46386346,0.26662678
141816,3,3,True,0.3969054,0.1547944,0.25811282,0.3969054,0.10450696,0.08568044
83484,3,5,False,0.3048143,0.19829097,0.14877479,0.19180253,0.15631746,0.3048143
23567,4,4,True,0.4667732,0.1482445,0.100203186,0.06772364,0.4667732,0.21705545
193842,4,3,False,0.38348967,0.17804138,0.1728385,0.38348967,0.1314553,0.13417518
45437,3,3,True,0.403556,0.16026512,0.1747369,0.403556,0.17631835,0.0851236
15919,4,3,False,0.29893345,0.18307546,0.17057131,0.29893345,0.20302792,0.1443918
63709,3,3,True,0.48313466,0.1253402,0.2786104,0.48313466,0.03813992,0.07477482
101421,3,4,False,0.32751226,0.18411164,0.13139936,0.2489392,0.32751226,0.10803754
131350,3,3,True,0.31236044,0.19451822,0.12223562,0.31236044,0.17918839,0.19169739
175415,3,3,True,0.3648771,0.154808,0.25723124,0.3648771,0.15151331,0.07157039
325460,3,3,True,0.33442014,0.15298764,0.21739425,0.33442014,0.21370359,0.08149438
429075,4,4,True,0.34879988,0.20226201,0.11159403,0.15961903,0.34879988,0.1777251
148422,3,3,True,0.57346916,0.12518878,0.20009908,0.57346916,0.044918228,0.056324784
270726,4,4,True,0.34577176,0.16713057,0.17991313,0.11207351,0.34577176,0.19511102
33003,4,3,False,0.3971153,0.17127675,0.2181248,0.3971153,0.11756366,0.095919535
127192,3,3,True,0.4432514,0.1681218,0.18885131,0.4432514,0.08869892,0.1110766
219253,4,4,True,0.4892666,0.13252583,0.11592583,0.11947251,0.4892666,0.14280921
61714,5,4,False,0.2740041,0.17156126,0.15670647,0.17201309,0.2740041,0.22571503
29214,4,4,True,0.3702694,0.1889359,0.12689963,0.17941958,0.3702694,0.13447545
223672,4,4,True,0.31192157,0.20639396,0.15328392,0.21458744,0.31192157,0.113813125
29031,4,4,True,0.2552248,0.20540215,0.19871686,0.20958062,0.2552248,0.1310756
182878,3,3,True,0.38191533,0.14623982,0.1731234,0.38191533,0.18880896,0.109912544
86705,4,4,True,0.39752358,0.12238212,0.17938818,0.1697631,0.39752358,0.13094305
402095,5,4,False,0.2578986,0.17358059,0.2175658,0.2191087,0.2578986,0.13184632
156183,3,4,False,0.50729287,0.15845332,0.09235672,0.12218614,0.50729287,0.11971097
414225,4,4,True,0.38943186,0.14105147,0.16032957,0.19570832,0.38943186,0.11347877
28574,4,5,False,0.24239056,0.18120876,0.19149859,0.17599761,0.20890446,0.24239056
30031,4,3,False,0.30448416,0.15882929,0.23777823,0.30448416,0.1952607,0.103647575
432405,4,4,True,0.32733265,0.14934032,0.12872817,0.23229401,0.32733265,0.1623049
63063,4,3,False,0.38398167,0.13279215,0.2815116,0.38398167,0.14122543,0.06048916
13644,3,3,True,0.4657359,0.15028627,0.18220153,0.4657359,0.093752384,0.10802388
205734,4,4,True,0.26624137,0.18338421,0.21223642,0.16915482,0.26624137,0.16898315
410237,4,3,False,0.43420514,0.12761605,0.14889283,0.43420514,0.18944965,0.09983636
102380,5,4,False,0.28341198,0.16497047,0.13324414,0.22433074,0.28341198,0.1940427
335930,4,4,True,0.32571304,0.17933172,0.1303002,0.21879017,0.32571304,0.14586478
138700,4,4,True,0.46994185,0.14942184,0.07645613,0.07124351,0.46994185,0.2329366
259978,3,4,False,0.39223334,0.13360915,0.08447186,0.27553514,0.39223334,0.11415052
62378,3,3,True,0.37108648,0.17533328,0.24337052,0.37108648,0.09504836,0.115161344
61721,5,4,False,0.24034445,0.16806363,0.15747443,0.20616959,0.24034445,0.22794797
236578,2,4,False,0.27327895,0.16230576,0.18253656,0.24267311,0.27327895,0.13920559
115236,4,3,False,0.49851853,0.13176697,0.23254174,0.49851853,0.08339164,0.053781137
54455,3,3,True,0.28652,0.1541114,0.22947969,0.28652,0.20853493,0.121353984
368376,4,4,True,0.35399726,0.15430519,0.15010516,0.10318822,0.35399726,0.2384042
27256,4,3,False,0.2786645,0.17257972,0.1925762,0.2786645,0.16703056,0.18914907
103352,3,3,True,0.33618307,0.14638908,0.16546938,0.33618307,0.23259576,0.11936268
207523,4,4,True,0.54385835,0.13646856,0.08351285,0.13147146,0.54385835,0.1046888
361551,3,3,True,0.28813803,0.16641884,0.21173766,0.28813803,0.25162524,0.0820802
257777,3,3,True,0.48030612,0.13487186,0.20295885,0.48030612,0.09696379,0.08489944
61321,4,4,True,0.36154845,0.15961418,0.17631845,0.17827371,0.36154845,0.12424524
118946,4,4,True,0.2870664,0.15702026,0.21355389,0.23664874,0.2870664,0.10571071
373901,4,4,True,0.47140503,0.13170417,0.072322145,0.03107162,0.47140503,0.29349703
109622,4,4,True,0.3306754,0.16578893,0.14877136,0.26090008,0.3306754,0.09386427
22906,4,2,False,0.29925656,0.15154609,0.29925656,0.2116393,0.19640838,0.14114965
34328,4,3,False,0.4173078,0.16459328,0.15083289,0.4173078,0.15040274,0.11686335
199227,3,4,False,0.34894097,0.15452476,0.0937218,0.31761724,0.34894097,0.0851952
69813,4,4,True,0.48823637,0.13621964,0.115223855,0.08881878,0.48823637,0.17150143
